ISO-10303-21;
HEADER;
FILE_DESCRIPTION(('Open CASCADE Model'),'2;1');
FILE_NAME('Open CASCADE Shape Model','2026-09-18T21:17:12',('Author'),(
    'Open CASCADE'),'Open CASCADE STEP processor 7.8','Open CASCADE 7.8'
  ,'Unknown');
FILE_SCHEMA(('AUTOMOTIVE_DESIGN { 1 0 10303 214 1 1 1 1 }'));
ENDSEC;
DATA;
#1 = APPLICATION_PROTOCOL_DEFINITION('international standard',
  'automotive_design',2000,#2);
#2 = APPLICATION_CONTEXT(
  'core data for automotive mechanical design processes');
#3 = SHAPE_DEFINITION_REPRESENTATION(#4,#10);
#4 = PRODUCT_DEFINITION_SHAPE('','',#5);
#5 = PRODUCT_DEFINITION('design','',#6,#9);
#6 = PRODUCT_DEFINITION_FORMATION('','',#7);
#7 = PRODUCT('Starfall printable knob','Starfall printable knob','',(#8)
  );
#8 = PRODUCT_CONTEXT('',#2,'mechanical');
#9 = PRODUCT_DEFINITION_CONTEXT('part definition',#2,'design');
#10 = SHAPE_REPRESENTATION('',(#11,#15,#19),#23);
#11 = AXIS2_PLACEMENT_3D('',#12,#13,#14);
#12 = CARTESIAN_POINT('',(0.,0.,0.));
#13 = DIRECTION('',(0.,0.,1.));
#14 = DIRECTION('',(1.,0.,-0.));
#15 = AXIS2_PLACEMENT_3D('',#16,#17,#18);
#16 = CARTESIAN_POINT('',(0.,0.,0.));
#17 = DIRECTION('',(0.,0.,1.));
#18 = DIRECTION('',(1.,0.,-0.));
#19 = AXIS2_PLACEMENT_3D('',#20,#21,#22);
#20 = CARTESIAN_POINT('',(0.,0.,0.));
#21 = DIRECTION('',(0.,0.,1.));
#22 = DIRECTION('',(1.,0.,-0.));
#23 = ( GEOMETRIC_REPRESENTATION_CONTEXT(3) 
GLOBAL_UNCERTAINTY_ASSIGNED_CONTEXT((#27)) GLOBAL_UNIT_ASSIGNED_CONTEXT(
(#24,#25,#26)) REPRESENTATION_CONTEXT('Context #1',
  '3D Context with UNIT and UNCERTAINTY') );
#24 = ( LENGTH_UNIT() NAMED_UNIT(*) SI_UNIT(.MILLI.,.METRE.) );
#25 = ( NAMED_UNIT(*) PLANE_ANGLE_UNIT() SI_UNIT($,.RADIAN.) );
#26 = ( NAMED_UNIT(*) SI_UNIT($,.STERADIAN.) SOLID_ANGLE_UNIT() );
#27 = UNCERTAINTY_MEASURE_WITH_UNIT(LENGTH_MEASURE(1.E-07),#24,
  'distance_accuracy_value','confusion accuracy');
#28 = PRODUCT_RELATED_PRODUCT_CATEGORY('part',$,(#7));
#29 = SHAPE_DEFINITION_REPRESENTATION(#30,#36);
#30 = PRODUCT_DEFINITION_SHAPE('','',#31);
#31 = PRODUCT_DEFINITION('design','',#32,#35);
#32 = PRODUCT_DEFINITION_FORMATION('','',#33);
#33 = PRODUCT('Black_fluted_knob','Black_fluted_knob','',(#34));
#34 = PRODUCT_CONTEXT('',#2,'mechanical');
#35 = PRODUCT_DEFINITION_CONTEXT('part definition',#2,'design');
#36 = ADVANCED_BREP_SHAPE_REPRESENTATION('',(#11,#37),#6471);
#37 = MANIFOLD_SOLID_BREP('',#38);
#38 = CLOSED_SHELL('',(#39,#3423,#3450,#3478,#3484,#3538,#3573,#3622,
    #3627,#3632,#3681,#3686,#3691,#3740,#3745,#3750,#3799,#3804,#3809,
    #3858,#3863,#3868,#3917,#3922,#3927,#3976,#3981,#3986,#4039,#4044,
    #4049,#4102,#4107,#4112,#4165,#4170,#4175,#4228,#4233,#4238,#4291,
    #4296,#4301,#4354,#4359,#4364,#4417,#4422,#4427,#4480,#4485,#4490,
    #4543,#4548,#4553,#4606,#4611,#4616,#4669,#4674,#4679,#4732,#4737,
    #4742,#4795,#4800,#4805,#4854,#4859,#4864,#4913,#4918,#4923,#4972,
    #4977,#4982,#5031,#5036,#5041,#5090,#5095,#5100,#5149,#5154,#5159,
    #5208,#5213,#5218,#5564,#5616,#5692,#5746,#5795,#5844,#5898,#5947,
    #5996,#6050,#6099,#6148,#6202,#6229,#6284,#6299,#6364,#6441,#6466));
#39 = ADVANCED_FACE('',(#40,#318,#433,#548,#663,#778,#893,#1008,#1123,
    #1238,#1353,#1468,#1583,#1698,#1813,#1928,#2043,#2158,#2273,#2388,
    #2503,#2618,#2733,#2848,#2963,#3078,#3193,#3308),#54,.T.);
#40 = FACE_BOUND('',#41,.F.);
#41 = EDGE_LOOP('',(#42,#72,#99,#100,#133,#159,#192,#215,#242,#243,#271,
    #292));
#42 = ORIENTED_EDGE('',*,*,#43,.F.);
#43 = EDGE_CURVE('',#44,#46,#48,.T.);
#44 = VERTEX_POINT('',#45);
#45 = CARTESIAN_POINT('',(8.,0.,0.));
#46 = VERTEX_POINT('',#47);
#47 = CARTESIAN_POINT('',(8.,0.,0.3));
#48 = SEAM_CURVE('',#49,(#53,#65),.PCURVE_S1.);
#49 = LINE('',#50,#51);
#50 = CARTESIAN_POINT('',(8.,0.,0.));
#51 = VECTOR('',#52,1.);
#52 = DIRECTION('',(0.,0.,1.));
#53 = PCURVE('',#54,#59);
#54 = CYLINDRICAL_SURFACE('',#55,8.);
#55 = AXIS2_PLACEMENT_3D('',#56,#57,#58);
#56 = CARTESIAN_POINT('',(0.,0.,0.));
#57 = DIRECTION('',(-0.,-0.,-1.));
#58 = DIRECTION('',(1.,0.,0.));
#59 = DEFINITIONAL_REPRESENTATION('',(#60),#64);
#60 = LINE('',#61,#62);
#61 = CARTESIAN_POINT('',(-6.28318530718,0.));
#62 = VECTOR('',#63,1.);
#63 = DIRECTION('',(-0.,-1.));
#64 = ( GEOMETRIC_REPRESENTATION_CONTEXT(2) 
PARAMETRIC_REPRESENTATION_CONTEXT() REPRESENTATION_CONTEXT('2D SPACE',''
  ) );
#65 = PCURVE('',#54,#66);
#66 = DEFINITIONAL_REPRESENTATION('',(#67),#71);
#67 = LINE('',#68,#69);
#68 = CARTESIAN_POINT('',(-0.,0.));
#69 = VECTOR('',#70,1.);
#70 = DIRECTION('',(-0.,-1.));
#71 = ( GEOMETRIC_REPRESENTATION_CONTEXT(2) 
PARAMETRIC_REPRESENTATION_CONTEXT() REPRESENTATION_CONTEXT('2D SPACE',''
  ) );
#72 = ORIENTED_EDGE('',*,*,#73,.F.);
#73 = EDGE_CURVE('',#44,#44,#74,.T.);
#74 = SURFACE_CURVE('',#75,(#80,#87),.PCURVE_S1.);
#75 = CIRCLE('',#76,8.);
#76 = AXIS2_PLACEMENT_3D('',#77,#78,#79);
#77 = CARTESIAN_POINT('',(0.,0.,0.));
#78 = DIRECTION('',(0.,0.,1.));
#79 = DIRECTION('',(1.,0.,0.));
#80 = PCURVE('',#54,#81);
#81 = DEFINITIONAL_REPRESENTATION('',(#82),#86);
#82 = LINE('',#83,#84);
#83 = CARTESIAN_POINT('',(-0.,0.));
#84 = VECTOR('',#85,1.);
#85 = DIRECTION('',(-1.,0.));
#86 = ( GEOMETRIC_REPRESENTATION_CONTEXT(2) 
PARAMETRIC_REPRESENTATION_CONTEXT() REPRESENTATION_CONTEXT('2D SPACE',''
  ) );
#87 = PCURVE('',#88,#93);
#88 = PLANE('',#89);
#89 = AXIS2_PLACEMENT_3D('',#90,#91,#92);
#90 = CARTESIAN_POINT('',(-5.127900497023E-16,1.528755336223E-17,0.));
#91 = DIRECTION('',(0.,0.,1.));
#92 = DIRECTION('',(1.,0.,-0.));
#93 = DEFINITIONAL_REPRESENTATION('',(#94),#98);
#94 = CIRCLE('',#95,8.);
#95 = AXIS2_PLACEMENT_2D('',#96,#97);
#96 = CARTESIAN_POINT('',(5.127900497023E-16,-1.528755336223E-17));
#97 = DIRECTION('',(1.,0.));
#98 = ( GEOMETRIC_REPRESENTATION_CONTEXT(2) 
PARAMETRIC_REPRESENTATION_CONTEXT() REPRESENTATION_CONTEXT('2D SPACE',''
  ) );
#99 = ORIENTED_EDGE('',*,*,#43,.T.);
#100 = ORIENTED_EDGE('',*,*,#101,.F.);
#101 = EDGE_CURVE('',#102,#46,#104,.T.);
#102 = VERTEX_POINT('',#103);
#103 = CARTESIAN_POINT('',(7.988975,0.419855271939,0.3));
#104 = SURFACE_CURVE('',#105,(#110,#117),.PCURVE_S1.);
#105 = CIRCLE('',#106,8.);
#106 = AXIS2_PLACEMENT_3D('',#107,#108,#109);
#107 = CARTESIAN_POINT('',(0.,0.,0.3));
#108 = DIRECTION('',(0.,0.,-1.));
#109 = DIRECTION('',(1.,0.,0.));
#110 = PCURVE('',#54,#111);
#111 = DEFINITIONAL_REPRESENTATION('',(#112),#116);
#112 = LINE('',#113,#114);
#113 = CARTESIAN_POINT('',(-6.28318530718,-0.3));
#114 = VECTOR('',#115,1.);
#115 = DIRECTION('',(1.,-0.));
#116 = ( GEOMETRIC_REPRESENTATION_CONTEXT(2) 
PARAMETRIC_REPRESENTATION_CONTEXT() REPRESENTATION_CONTEXT('2D SPACE',''
  ) );
#117 = PCURVE('',#118,#123);
#118 = PLANE('',#119);
#119 = AXIS2_PLACEMENT_3D('',#120,#121,#122);
#120 = CARTESIAN_POINT('',(8.,8.29095918209E-18,0.3));
#121 = DIRECTION('',(0.,0.,1.));
#122 = DIRECTION('',(1.,0.,-0.));
#123 = DEFINITIONAL_REPRESENTATION('',(#124),#132);
#124 = ( BOUNDED_CURVE() B_SPLINE_CURVE(2,(#125,#126,#127,#128,#129,#130
,#131),.UNSPECIFIED.,.T.,.F.) B_SPLINE_CURVE_WITH_KNOTS((1,2,2,2,2,1),(
    -2.094395102393,0.,2.094395102393,4.188790204786,6.28318530718,
8.377580409573),.UNSPECIFIED.) CURVE() GEOMETRIC_REPRESENTATION_ITEM() 
RATIONAL_B_SPLINE_CURVE((1.,0.5,1.,0.5,1.,0.5,1.)) REPRESENTATION_ITEM(
  '') );
#125 = CARTESIAN_POINT('',(0.,-8.29095918209E-18));
#126 = CARTESIAN_POINT('',(0.,-13.85640646055));
#127 = CARTESIAN_POINT('',(-12.,-6.928203230276));
#128 = CARTESIAN_POINT('',(-24.,-1.967725837818E-15));
#129 = CARTESIAN_POINT('',(-12.,6.928203230276));
#130 = CARTESIAN_POINT('',(-1.24344978758E-14,13.856406460551));
#131 = CARTESIAN_POINT('',(0.,-8.29095918209E-18));
#132 = ( GEOMETRIC_REPRESENTATION_CONTEXT(2) 
PARAMETRIC_REPRESENTATION_CONTEXT() REPRESENTATION_CONTEXT('2D SPACE',''
  ) );
#133 = ORIENTED_EDGE('',*,*,#134,.F.);
#134 = EDGE_CURVE('',#135,#102,#137,.T.);
#135 = VERTEX_POINT('',#136);
#136 = CARTESIAN_POINT('',(7.988975,0.419855271939,13.1));
#137 = SURFACE_CURVE('',#138,(#142,#148),.PCURVE_S1.);
#138 = LINE('',#139,#140);
#139 = CARTESIAN_POINT('',(7.988975,0.419855271939,0.));
#140 = VECTOR('',#141,1.);
#141 = DIRECTION('',(-0.,-0.,-1.));
#142 = PCURVE('',#54,#143);
#143 = DEFINITIONAL_REPRESENTATION('',(#144),#147);
#144 = B_SPLINE_CURVE_WITH_KNOTS('',1,(#145,#146),.UNSPECIFIED.,.F.,.F.,
  (2,2),(-13.1000006,-0.2999994),.PIECEWISE_BEZIER_KNOTS.);
#145 = CARTESIAN_POINT('',(-5.250603116719E-02,-13.1000006));
#146 = CARTESIAN_POINT('',(-5.250603116719E-02,-0.2999994));
#147 = ( GEOMETRIC_REPRESENTATION_CONTEXT(2) 
PARAMETRIC_REPRESENTATION_CONTEXT() REPRESENTATION_CONTEXT('2D SPACE',''
  ) );
#148 = PCURVE('',#149,#154);
#149 = CYLINDRICAL_SURFACE('',#150,0.42);
#150 = AXIS2_PLACEMENT_3D('',#151,#152,#153);
#151 = CARTESIAN_POINT('',(8.,0.,0.3));
#152 = DIRECTION('',(-0.,-0.,-1.));
#153 = DIRECTION('',(1.,0.,0.));
#154 = DEFINITIONAL_REPRESENTATION('',(#155),#158);
#155 = B_SPLINE_CURVE_WITH_KNOTS('',1,(#156,#157),.UNSPECIFIED.,.F.,.F.,
  (2,2),(-13.1000006,-0.2999994),.PIECEWISE_BEZIER_KNOTS.);
#156 = CARTESIAN_POINT('',(-1.597049342378,-12.8000006));
#157 = CARTESIAN_POINT('',(-1.597049342378,6.000000000173E-07));
#158 = ( GEOMETRIC_REPRESENTATION_CONTEXT(2) 
PARAMETRIC_REPRESENTATION_CONTEXT() REPRESENTATION_CONTEXT('2D SPACE',''
  ) );
#159 = ORIENTED_EDGE('',*,*,#160,.T.);
#160 = EDGE_CURVE('',#135,#161,#163,.T.);
#161 = VERTEX_POINT('',#162);
#162 = CARTESIAN_POINT('',(8.,0.,13.1));
#163 = SURFACE_CURVE('',#164,(#169,#176),.PCURVE_S1.);
#164 = CIRCLE('',#165,8.);
#165 = AXIS2_PLACEMENT_3D('',#166,#167,#168);
#166 = CARTESIAN_POINT('',(0.,0.,13.1));
#167 = DIRECTION('',(0.,0.,-1.));
#168 = DIRECTION('',(1.,0.,0.));
#169 = PCURVE('',#54,#170);
#170 = DEFINITIONAL_REPRESENTATION('',(#171),#175);
#171 = LINE('',#172,#173);
#172 = CARTESIAN_POINT('',(-6.28318530718,-13.1));
#173 = VECTOR('',#174,1.);
#174 = DIRECTION('',(1.,-0.));
#175 = ( GEOMETRIC_REPRESENTATION_CONTEXT(2) 
PARAMETRIC_REPRESENTATION_CONTEXT() REPRESENTATION_CONTEXT('2D SPACE',''
  ) );
#176 = PCURVE('',#177,#182);
#177 = PLANE('',#178);
#178 = AXIS2_PLACEMENT_3D('',#179,#180,#181);
#179 = CARTESIAN_POINT('',(8.,8.29095918209E-18,13.1));
#180 = DIRECTION('',(0.,0.,1.));
#181 = DIRECTION('',(1.,0.,-0.));
#182 = DEFINITIONAL_REPRESENTATION('',(#183),#191);
#183 = ( BOUNDED_CURVE() B_SPLINE_CURVE(2,(#184,#185,#186,#187,#188,#189
,#190),.UNSPECIFIED.,.T.,.F.) B_SPLINE_CURVE_WITH_KNOTS((1,2,2,2,2,1),(
    -2.094395102393,0.,2.094395102393,4.188790204786,6.28318530718,
8.377580409573),.UNSPECIFIED.) CURVE() GEOMETRIC_REPRESENTATION_ITEM() 
RATIONAL_B_SPLINE_CURVE((1.,0.5,1.,0.5,1.,0.5,1.)) REPRESENTATION_ITEM(
  '') );
#184 = CARTESIAN_POINT('',(0.,-8.29095918209E-18));
#185 = CARTESIAN_POINT('',(0.,-13.85640646055));
#186 = CARTESIAN_POINT('',(-12.,-6.928203230276));
#187 = CARTESIAN_POINT('',(-24.,-1.967725837818E-15));
#188 = CARTESIAN_POINT('',(-12.,6.928203230276));
#189 = CARTESIAN_POINT('',(-1.24344978758E-14,13.856406460551));
#190 = CARTESIAN_POINT('',(0.,-8.29095918209E-18));
#191 = ( GEOMETRIC_REPRESENTATION_CONTEXT(2) 
PARAMETRIC_REPRESENTATION_CONTEXT() REPRESENTATION_CONTEXT('2D SPACE',''
  ) );
#192 = ORIENTED_EDGE('',*,*,#193,.T.);
#193 = EDGE_CURVE('',#161,#194,#196,.T.);
#194 = VERTEX_POINT('',#195);
#195 = CARTESIAN_POINT('',(8.,0.,13.55));
#196 = SEAM_CURVE('',#197,(#201,#208),.PCURVE_S1.);
#197 = LINE('',#198,#199);
#198 = CARTESIAN_POINT('',(8.,0.,0.));
#199 = VECTOR('',#200,1.);
#200 = DIRECTION('',(0.,0.,1.));
#201 = PCURVE('',#54,#202);
#202 = DEFINITIONAL_REPRESENTATION('',(#203),#207);
#203 = LINE('',#204,#205);
#204 = CARTESIAN_POINT('',(-6.28318530718,0.));
#205 = VECTOR('',#206,1.);
#206 = DIRECTION('',(-0.,-1.));
#207 = ( GEOMETRIC_REPRESENTATION_CONTEXT(2) 
PARAMETRIC_REPRESENTATION_CONTEXT() REPRESENTATION_CONTEXT('2D SPACE',''
  ) );
#208 = PCURVE('',#54,#209);
#209 = DEFINITIONAL_REPRESENTATION('',(#210),#214);
#210 = LINE('',#211,#212);
#211 = CARTESIAN_POINT('',(-0.,0.));
#212 = VECTOR('',#213,1.);
#213 = DIRECTION('',(-0.,-1.));
#214 = ( GEOMETRIC_REPRESENTATION_CONTEXT(2) 
PARAMETRIC_REPRESENTATION_CONTEXT() REPRESENTATION_CONTEXT('2D SPACE',''
  ) );
#215 = ORIENTED_EDGE('',*,*,#216,.T.);
#216 = EDGE_CURVE('',#194,#194,#217,.T.);
#217 = SURFACE_CURVE('',#218,(#223,#230),.PCURVE_S1.);
#218 = CIRCLE('',#219,8.);
#219 = AXIS2_PLACEMENT_3D('',#220,#221,#222);
#220 = CARTESIAN_POINT('',(0.,0.,13.55));
#221 = DIRECTION('',(0.,0.,1.));
#222 = DIRECTION('',(1.,0.,-0.));
#223 = PCURVE('',#54,#224);
#224 = DEFINITIONAL_REPRESENTATION('',(#225),#229);
#225 = LINE('',#226,#227);
#226 = CARTESIAN_POINT('',(-0.,-13.55));
#227 = VECTOR('',#228,1.);
#228 = DIRECTION('',(-1.,0.));
#229 = ( GEOMETRIC_REPRESENTATION_CONTEXT(2) 
PARAMETRIC_REPRESENTATION_CONTEXT() REPRESENTATION_CONTEXT('2D SPACE',''
  ) );
#230 = PCURVE('',#231,#236);
#231 = TOROIDAL_SURFACE('',#232,7.35,0.65);
#232 = AXIS2_PLACEMENT_3D('',#233,#234,#235);
#233 = CARTESIAN_POINT('',(0.,0.,13.55));
#234 = DIRECTION('',(0.,0.,1.));
#235 = DIRECTION('',(1.,0.,-0.));
#236 = DEFINITIONAL_REPRESENTATION('',(#237),#241);
#237 = LINE('',#238,#239);
#238 = CARTESIAN_POINT('',(0.,0.));
#239 = VECTOR('',#240,1.);
#240 = DIRECTION('',(1.,0.));
#241 = ( GEOMETRIC_REPRESENTATION_CONTEXT(2) 
PARAMETRIC_REPRESENTATION_CONTEXT() REPRESENTATION_CONTEXT('2D SPACE',''
  ) );
#242 = ORIENTED_EDGE('',*,*,#193,.F.);
#243 = ORIENTED_EDGE('',*,*,#244,.T.);
#244 = EDGE_CURVE('',#161,#245,#247,.T.);
#245 = VERTEX_POINT('',#246);
#246 = CARTESIAN_POINT('',(7.988975,-0.419855271939,13.1));
#247 = SURFACE_CURVE('',#248,(#253,#260),.PCURVE_S1.);
#248 = CIRCLE('',#249,8.);
#249 = AXIS2_PLACEMENT_3D('',#250,#251,#252);
#250 = CARTESIAN_POINT('',(0.,0.,13.1));
#251 = DIRECTION('',(0.,0.,-1.));
#252 = DIRECTION('',(1.,0.,0.));
#253 = PCURVE('',#54,#254);
#254 = DEFINITIONAL_REPRESENTATION('',(#255),#259);
#255 = LINE('',#256,#257);
#256 = CARTESIAN_POINT('',(-6.28318530718,-13.1));
#257 = VECTOR('',#258,1.);
#258 = DIRECTION('',(1.,-0.));
#259 = ( GEOMETRIC_REPRESENTATION_CONTEXT(2) 
PARAMETRIC_REPRESENTATION_CONTEXT() REPRESENTATION_CONTEXT('2D SPACE',''
  ) );
#260 = PCURVE('',#177,#261);
#261 = DEFINITIONAL_REPRESENTATION('',(#262),#270);
#262 = ( BOUNDED_CURVE() B_SPLINE_CURVE(2,(#263,#264,#265,#266,#267,#268
,#269),.UNSPECIFIED.,.T.,.F.) B_SPLINE_CURVE_WITH_KNOTS((1,2,2,2,2,1),(
    -2.094395102393,0.,2.094395102393,4.188790204786,6.28318530718,
8.377580409573),.UNSPECIFIED.) CURVE() GEOMETRIC_REPRESENTATION_ITEM() 
RATIONAL_B_SPLINE_CURVE((1.,0.5,1.,0.5,1.,0.5,1.)) REPRESENTATION_ITEM(
  '') );
#263 = CARTESIAN_POINT('',(0.,-8.29095918209E-18));
#264 = CARTESIAN_POINT('',(0.,-13.85640646055));
#265 = CARTESIAN_POINT('',(-12.,-6.928203230276));
#266 = CARTESIAN_POINT('',(-24.,-1.967725837818E-15));
#267 = CARTESIAN_POINT('',(-12.,6.928203230276));
#268 = CARTESIAN_POINT('',(-1.24344978758E-14,13.856406460551));
#269 = CARTESIAN_POINT('',(0.,-8.29095918209E-18));
#270 = ( GEOMETRIC_REPRESENTATION_CONTEXT(2) 
PARAMETRIC_REPRESENTATION_CONTEXT() REPRESENTATION_CONTEXT('2D SPACE',''
  ) );
#271 = ORIENTED_EDGE('',*,*,#272,.T.);
#272 = EDGE_CURVE('',#245,#273,#275,.T.);
#273 = VERTEX_POINT('',#274);
#274 = CARTESIAN_POINT('',(7.988975,-0.419855271939,0.3));
#275 = SURFACE_CURVE('',#276,(#280,#286),.PCURVE_S1.);
#276 = LINE('',#277,#278);
#277 = CARTESIAN_POINT('',(7.988975,-0.419855271939,0.));
#278 = VECTOR('',#279,1.);
#279 = DIRECTION('',(-0.,-0.,-1.));
#280 = PCURVE('',#54,#281);
#281 = DEFINITIONAL_REPRESENTATION('',(#282),#285);
#282 = B_SPLINE_CURVE_WITH_KNOTS('',1,(#283,#284),.UNSPECIFIED.,.F.,.F.,
  (2,2),(-13.1000006,-0.2999994),.PIECEWISE_BEZIER_KNOTS.);
#283 = CARTESIAN_POINT('',(-6.230679276012,-13.1000006));
#284 = CARTESIAN_POINT('',(-6.230679276012,-0.2999994));
#285 = ( GEOMETRIC_REPRESENTATION_CONTEXT(2) 
PARAMETRIC_REPRESENTATION_CONTEXT() REPRESENTATION_CONTEXT('2D SPACE',''
  ) );
#286 = PCURVE('',#149,#287);
#287 = DEFINITIONAL_REPRESENTATION('',(#288),#291);
#288 = B_SPLINE_CURVE_WITH_KNOTS('',1,(#289,#290),.UNSPECIFIED.,.F.,.F.,
  (2,2),(-13.1000006,-0.2999994),.PIECEWISE_BEZIER_KNOTS.);
#289 = CARTESIAN_POINT('',(-4.686135964801,-12.8000006));
#290 = CARTESIAN_POINT('',(-4.686135964801,6.000000000173E-07));
#291 = ( GEOMETRIC_REPRESENTATION_CONTEXT(2) 
PARAMETRIC_REPRESENTATION_CONTEXT() REPRESENTATION_CONTEXT('2D SPACE',''
  ) );
#292 = ORIENTED_EDGE('',*,*,#293,.F.);
#293 = EDGE_CURVE('',#46,#273,#294,.T.);
#294 = SURFACE_CURVE('',#295,(#300,#307),.PCURVE_S1.);
#295 = CIRCLE('',#296,8.);
#296 = AXIS2_PLACEMENT_3D('',#297,#298,#299);
#297 = CARTESIAN_POINT('',(0.,0.,0.3));
#298 = DIRECTION('',(0.,0.,-1.));
#299 = DIRECTION('',(1.,0.,0.));
#300 = PCURVE('',#54,#301);
#301 = DEFINITIONAL_REPRESENTATION('',(#302),#306);
#302 = LINE('',#303,#304);
#303 = CARTESIAN_POINT('',(-6.28318530718,-0.3));
#304 = VECTOR('',#305,1.);
#305 = DIRECTION('',(1.,-0.));
#306 = ( GEOMETRIC_REPRESENTATION_CONTEXT(2) 
PARAMETRIC_REPRESENTATION_CONTEXT() REPRESENTATION_CONTEXT('2D SPACE',''
  ) );
#307 = PCURVE('',#118,#308);
#308 = DEFINITIONAL_REPRESENTATION('',(#309),#317);
#309 = ( BOUNDED_CURVE() B_SPLINE_CURVE(2,(#310,#311,#312,#313,#314,#315
,#316),.UNSPECIFIED.,.T.,.F.) B_SPLINE_CURVE_WITH_KNOTS((1,2,2,2,2,1),(
    -2.094395102393,0.,2.094395102393,4.188790204786,6.28318530718,
8.377580409573),.UNSPECIFIED.) CURVE() GEOMETRIC_REPRESENTATION_ITEM() 
RATIONAL_B_SPLINE_CURVE((1.,0.5,1.,0.5,1.,0.5,1.)) REPRESENTATION_ITEM(
  '') );
#310 = CARTESIAN_POINT('',(0.,-8.29095918209E-18));
#311 = CARTESIAN_POINT('',(0.,-13.85640646055));
#312 = CARTESIAN_POINT('',(-12.,-6.928203230276));
#313 = CARTESIAN_POINT('',(-24.,-1.967725837818E-15));
#314 = CARTESIAN_POINT('',(-12.,6.928203230276));
#315 = CARTESIAN_POINT('',(-1.24344978758E-14,13.856406460551));
#316 = CARTESIAN_POINT('',(0.,-8.29095918209E-18));
#317 = ( GEOMETRIC_REPRESENTATION_CONTEXT(2) 
PARAMETRIC_REPRESENTATION_CONTEXT() REPRESENTATION_CONTEXT('2D SPACE',''
  ) );
#318 = FACE_BOUND('',#319,.F.);
#319 = EDGE_LOOP('',(#320,#348,#381,#402));
#320 = ORIENTED_EDGE('',*,*,#321,.F.);
#321 = EDGE_CURVE('',#322,#324,#326,.T.);
#322 = VERTEX_POINT('',#323);
#323 = CARTESIAN_POINT('',(7.695248129984,2.187042802044,13.1));
#324 = VERTEX_POINT('',#325);
#325 = CARTESIAN_POINT('',(7.695248129984,2.187042802044,0.3));
#326 = SURFACE_CURVE('',#327,(#331,#337),.PCURVE_S1.);
#327 = LINE('',#328,#329);
#328 = CARTESIAN_POINT('',(7.695248129984,2.187042802044,0.));
#329 = VECTOR('',#330,1.);
#330 = DIRECTION('',(-0.,-0.,-1.));
#331 = PCURVE('',#54,#332);
#332 = DEFINITIONAL_REPRESENTATION('',(#333),#336);
#333 = B_SPLINE_CURVE_WITH_KNOTS('',1,(#334,#335),.UNSPECIFIED.,.F.,.F.,
  (2,2),(-13.1000006,-0.2999994),.PIECEWISE_BEZIER_KNOTS.);
#334 = CARTESIAN_POINT('',(-0.276905506424,-13.1000006));
#335 = CARTESIAN_POINT('',(-0.276905506424,-0.2999994));
#336 = ( GEOMETRIC_REPRESENTATION_CONTEXT(2) 
PARAMETRIC_REPRESENTATION_CONTEXT() REPRESENTATION_CONTEXT('2D SPACE',''
  ) );
#337 = PCURVE('',#338,#343);
#338 = CYLINDRICAL_SURFACE('',#339,0.42);
#339 = AXIS2_PLACEMENT_3D('',#340,#341,#342);
#340 = CARTESIAN_POINT('',(7.799423297455,1.780167471651,0.3));
#341 = DIRECTION('',(-0.,-0.,-1.));
#342 = DIRECTION('',(1.,0.,0.));
#343 = DEFINITIONAL_REPRESENTATION('',(#344),#347);
#344 = B_SPLINE_CURVE_WITH_KNOTS('',1,(#345,#346),.UNSPECIFIED.,.F.,.F.,
  (2,2),(-13.1000006,-0.2999994),.PIECEWISE_BEZIER_KNOTS.);
#345 = CARTESIAN_POINT('',(-1.821448817635,-12.8000006));
#346 = CARTESIAN_POINT('',(-1.821448817635,6.000000000173E-07));
#347 = ( GEOMETRIC_REPRESENTATION_CONTEXT(2) 
PARAMETRIC_REPRESENTATION_CONTEXT() REPRESENTATION_CONTEXT('2D SPACE',''
  ) );
#348 = ORIENTED_EDGE('',*,*,#349,.T.);
#349 = EDGE_CURVE('',#322,#350,#352,.T.);
#350 = VERTEX_POINT('',#351);
#351 = CARTESIAN_POINT('',(7.882101304461,1.368385554664,13.1));
#352 = SURFACE_CURVE('',#353,(#358,#365),.PCURVE_S1.);
#353 = CIRCLE('',#354,8.);
#354 = AXIS2_PLACEMENT_3D('',#355,#356,#357);
#355 = CARTESIAN_POINT('',(0.,0.,13.1));
#356 = DIRECTION('',(0.,0.,-1.));
#357 = DIRECTION('',(1.,0.,0.));
#358 = PCURVE('',#54,#359);
#359 = DEFINITIONAL_REPRESENTATION('',(#360),#364);
#360 = LINE('',#361,#362);
#361 = CARTESIAN_POINT('',(-6.28318530718,-13.1));
#362 = VECTOR('',#363,1.);
#363 = DIRECTION('',(1.,-0.));
#364 = ( GEOMETRIC_REPRESENTATION_CONTEXT(2) 
PARAMETRIC_REPRESENTATION_CONTEXT() REPRESENTATION_CONTEXT('2D SPACE',''
  ) );
#365 = PCURVE('',#366,#371);
#366 = PLANE('',#367);
#367 = AXIS2_PLACEMENT_3D('',#368,#369,#370);
#368 = CARTESIAN_POINT('',(7.799423297455,1.780167471651,13.1));
#369 = DIRECTION('',(0.,0.,1.));
#370 = DIRECTION('',(1.,0.,-0.));
#371 = DEFINITIONAL_REPRESENTATION('',(#372),#380);
#372 = ( BOUNDED_CURVE() B_SPLINE_CURVE(2,(#373,#374,#375,#376,#377,#378
,#379),.UNSPECIFIED.,.T.,.F.) B_SPLINE_CURVE_WITH_KNOTS((1,2,2,2,2,1),(
    -2.094395102393,0.,2.094395102393,4.188790204786,6.28318530718,
8.377580409573),.UNSPECIFIED.) CURVE() GEOMETRIC_REPRESENTATION_ITEM() 
RATIONAL_B_SPLINE_CURVE((1.,0.5,1.,0.5,1.,0.5,1.)) REPRESENTATION_ITEM(
  '') );
#373 = CARTESIAN_POINT('',(0.200576702545,-1.780167471651));
#374 = CARTESIAN_POINT('',(0.200576702545,-15.6365739322));
#375 = CARTESIAN_POINT('',(-11.79942329745,-8.708370701926));
#376 = CARTESIAN_POINT('',(-23.79942329745,-1.780167471651));
#377 = CARTESIAN_POINT('',(-11.79942329745,5.148035758625));
#378 = CARTESIAN_POINT('',(0.200576702545,12.076238988901));
#379 = CARTESIAN_POINT('',(0.200576702545,-1.780167471651));
#380 = ( GEOMETRIC_REPRESENTATION_CONTEXT(2) 
PARAMETRIC_REPRESENTATION_CONTEXT() REPRESENTATION_CONTEXT('2D SPACE',''
  ) );
#381 = ORIENTED_EDGE('',*,*,#382,.T.);
#382 = EDGE_CURVE('',#350,#383,#385,.T.);
#383 = VERTEX_POINT('',#384);
#384 = CARTESIAN_POINT('',(7.882101304461,1.368385554664,0.3));
#385 = SURFACE_CURVE('',#386,(#390,#396),.PCURVE_S1.);
#386 = LINE('',#387,#388);
#387 = CARTESIAN_POINT('',(7.882101304461,1.368385554664,0.));
#388 = VECTOR('',#389,1.);
#389 = DIRECTION('',(-0.,-0.,-1.));
#390 = PCURVE('',#54,#391);
#391 = DEFINITIONAL_REPRESENTATION('',(#392),#395);
#392 = B_SPLINE_CURVE_WITH_KNOTS('',1,(#393,#394),.UNSPECIFIED.,.F.,.F.,
  (2,2),(-13.1000006,-0.2999994),.PIECEWISE_BEZIER_KNOTS.);
#393 = CARTESIAN_POINT('',(-0.171893444089,-13.1000006));
#394 = CARTESIAN_POINT('',(-0.171893444089,-0.2999994));
#395 = ( GEOMETRIC_REPRESENTATION_CONTEXT(2) 
PARAMETRIC_REPRESENTATION_CONTEXT() REPRESENTATION_CONTEXT('2D SPACE',''
  ) );
#396 = PCURVE('',#338,#397);
#397 = DEFINITIONAL_REPRESENTATION('',(#398),#401);
#398 = B_SPLINE_CURVE_WITH_KNOTS('',1,(#399,#400),.UNSPECIFIED.,.F.,.F.,
  (2,2),(-13.1000006,-0.2999994),.PIECEWISE_BEZIER_KNOTS.);
#399 = CARTESIAN_POINT('',(-4.910535440058,-12.8000006));
#400 = CARTESIAN_POINT('',(-4.910535440058,6.000000000173E-07));
#401 = ( GEOMETRIC_REPRESENTATION_CONTEXT(2) 
PARAMETRIC_REPRESENTATION_CONTEXT() REPRESENTATION_CONTEXT('2D SPACE',''
  ) );
#402 = ORIENTED_EDGE('',*,*,#403,.F.);
#403 = EDGE_CURVE('',#324,#383,#404,.T.);
#404 = SURFACE_CURVE('',#405,(#410,#417),.PCURVE_S1.);
#405 = CIRCLE('',#406,8.);
#406 = AXIS2_PLACEMENT_3D('',#407,#408,#409);
#407 = CARTESIAN_POINT('',(0.,0.,0.3));
#408 = DIRECTION('',(0.,0.,-1.));
#409 = DIRECTION('',(1.,0.,0.));
#410 = PCURVE('',#54,#411);
#411 = DEFINITIONAL_REPRESENTATION('',(#412),#416);
#412 = LINE('',#413,#414);
#413 = CARTESIAN_POINT('',(-6.28318530718,-0.3));
#414 = VECTOR('',#415,1.);
#415 = DIRECTION('',(1.,-0.));
#416 = ( GEOMETRIC_REPRESENTATION_CONTEXT(2) 
PARAMETRIC_REPRESENTATION_CONTEXT() REPRESENTATION_CONTEXT('2D SPACE',''
  ) );
#417 = PCURVE('',#418,#423);
#418 = PLANE('',#419);
#419 = AXIS2_PLACEMENT_3D('',#420,#421,#422);
#420 = CARTESIAN_POINT('',(7.799423297455,1.780167471651,0.3));
#421 = DIRECTION('',(0.,0.,1.));
#422 = DIRECTION('',(1.,0.,-0.));
#423 = DEFINITIONAL_REPRESENTATION('',(#424),#432);
#424 = ( BOUNDED_CURVE() B_SPLINE_CURVE(2,(#425,#426,#427,#428,#429,#430
,#431),.UNSPECIFIED.,.T.,.F.) B_SPLINE_CURVE_WITH_KNOTS((1,2,2,2,2,1),(
    -2.094395102393,0.,2.094395102393,4.188790204786,6.28318530718,
8.377580409573),.UNSPECIFIED.) CURVE() GEOMETRIC_REPRESENTATION_ITEM() 
RATIONAL_B_SPLINE_CURVE((1.,0.5,1.,0.5,1.,0.5,1.)) REPRESENTATION_ITEM(
  '') );
#425 = CARTESIAN_POINT('',(0.200576702545,-1.780167471651));
#426 = CARTESIAN_POINT('',(0.200576702545,-15.6365739322));
#427 = CARTESIAN_POINT('',(-11.79942329745,-8.708370701926));
#428 = CARTESIAN_POINT('',(-23.79942329745,-1.780167471651));
#429 = CARTESIAN_POINT('',(-11.79942329745,5.148035758625));
#430 = CARTESIAN_POINT('',(0.200576702545,12.076238988901));
#431 = CARTESIAN_POINT('',(0.200576702545,-1.780167471651));
#432 = ( GEOMETRIC_REPRESENTATION_CONTEXT(2) 
PARAMETRIC_REPRESENTATION_CONTEXT() REPRESENTATION_CONTEXT('2D SPACE',''
  ) );
#433 = FACE_BOUND('',#434,.F.);
#434 = EDGE_LOOP('',(#435,#463,#496,#517));
#435 = ORIENTED_EDGE('',*,*,#436,.F.);
#436 = EDGE_CURVE('',#437,#439,#441,.T.);
#437 = VERTEX_POINT('',#438);
#438 = CARTESIAN_POINT('',(7.015649386174,3.844562873758,13.1));
#439 = VERTEX_POINT('',#440);
#440 = CARTESIAN_POINT('',(7.015649386174,3.844562873758,0.3));
#441 = SURFACE_CURVE('',#442,(#446,#452),.PCURVE_S1.);
#442 = LINE('',#443,#444);
#443 = CARTESIAN_POINT('',(7.015649386174,3.844562873758,0.));
#444 = VECTOR('',#445,1.);
#445 = DIRECTION('',(-0.,-0.,-1.));
#446 = PCURVE('',#54,#447);
#447 = DEFINITIONAL_REPRESENTATION('',(#448),#451);
#448 = B_SPLINE_CURVE_WITH_KNOTS('',1,(#449,#450),.UNSPECIFIED.,.F.,.F.,
  (2,2),(-13.1000006,-0.2999994),.PIECEWISE_BEZIER_KNOTS.);
#449 = CARTESIAN_POINT('',(-0.50130498168,-13.1000006));
#450 = CARTESIAN_POINT('',(-0.50130498168,-0.2999994));
#451 = ( GEOMETRIC_REPRESENTATION_CONTEXT(2) 
PARAMETRIC_REPRESENTATION_CONTEXT() REPRESENTATION_CONTEXT('2D SPACE',''
  ) );
#452 = PCURVE('',#453,#458);
#453 = CYLINDRICAL_SURFACE('',#454,0.42);
#454 = AXIS2_PLACEMENT_3D('',#455,#456,#457);
#455 = CARTESIAN_POINT('',(7.207750943219,3.47106991294,0.3));
#456 = DIRECTION('',(-0.,-0.,-1.));
#457 = DIRECTION('',(1.,0.,0.));
#458 = DEFINITIONAL_REPRESENTATION('',(#459),#462);
#459 = B_SPLINE_CURVE_WITH_KNOTS('',1,(#460,#461),.UNSPECIFIED.,.F.,.F.,
  (2,2),(-13.1000006,-0.2999994),.PIECEWISE_BEZIER_KNOTS.);
#460 = CARTESIAN_POINT('',(-2.045848292891,-12.8000006));
#461 = CARTESIAN_POINT('',(-2.045848292891,6.000000000173E-07));
#462 = ( GEOMETRIC_REPRESENTATION_CONTEXT(2) 
PARAMETRIC_REPRESENTATION_CONTEXT() REPRESENTATION_CONTEXT('2D SPACE',''
  ) );
#463 = ORIENTED_EDGE('',*,*,#464,.T.);
#464 = EDGE_CURVE('',#437,#465,#467,.T.);
#465 = VERTEX_POINT('',#466);
#466 = CARTESIAN_POINT('',(7.379986136728,3.088009815675,13.1));
#467 = SURFACE_CURVE('',#468,(#473,#480),.PCURVE_S1.);
#468 = CIRCLE('',#469,8.);
#469 = AXIS2_PLACEMENT_3D('',#470,#471,#472);
#470 = CARTESIAN_POINT('',(0.,0.,13.1));
#471 = DIRECTION('',(0.,0.,-1.));
#472 = DIRECTION('',(1.,0.,0.));
#473 = PCURVE('',#54,#474);
#474 = DEFINITIONAL_REPRESENTATION('',(#475),#479);
#475 = LINE('',#476,#477);
#476 = CARTESIAN_POINT('',(-6.28318530718,-13.1));
#477 = VECTOR('',#478,1.);
#478 = DIRECTION('',(1.,-0.));
#479 = ( GEOMETRIC_REPRESENTATION_CONTEXT(2) 
PARAMETRIC_REPRESENTATION_CONTEXT() REPRESENTATION_CONTEXT('2D SPACE',''
  ) );
#480 = PCURVE('',#481,#486);
#481 = PLANE('',#482);
#482 = AXIS2_PLACEMENT_3D('',#483,#484,#485);
#483 = CARTESIAN_POINT('',(7.207750943219,3.47106991294,13.1));
#484 = DIRECTION('',(0.,0.,1.));
#485 = DIRECTION('',(1.,0.,-0.));
#486 = DEFINITIONAL_REPRESENTATION('',(#487),#495);
#487 = ( BOUNDED_CURVE() B_SPLINE_CURVE(2,(#488,#489,#490,#491,#492,#493
,#494),.UNSPECIFIED.,.T.,.F.) B_SPLINE_CURVE_WITH_KNOTS((1,2,2,2,2,1),(
    -2.094395102393,0.,2.094395102393,4.188790204786,6.28318530718,
8.377580409573),.UNSPECIFIED.) CURVE() GEOMETRIC_REPRESENTATION_ITEM() 
RATIONAL_B_SPLINE_CURVE((1.,0.5,1.,0.5,1.,0.5,1.)) REPRESENTATION_ITEM(
  '') );
#488 = CARTESIAN_POINT('',(0.792249056781,-3.47106991294));
#489 = CARTESIAN_POINT('',(0.792249056781,-17.32747637349));
#490 = CARTESIAN_POINT('',(-11.20775094321,-10.39927314321));
#491 = CARTESIAN_POINT('',(-23.20775094321,-3.47106991294));
#492 = CARTESIAN_POINT('',(-11.20775094321,3.457133317335));
#493 = CARTESIAN_POINT('',(0.792249056781,10.385336547611));
#494 = CARTESIAN_POINT('',(0.792249056781,-3.47106991294));
#495 = ( GEOMETRIC_REPRESENTATION_CONTEXT(2) 
PARAMETRIC_REPRESENTATION_CONTEXT() REPRESENTATION_CONTEXT('2D SPACE',''
  ) );
#496 = ORIENTED_EDGE('',*,*,#497,.T.);
#497 = EDGE_CURVE('',#465,#498,#500,.T.);
#498 = VERTEX_POINT('',#499);
#499 = CARTESIAN_POINT('',(7.379986136728,3.088009815675,0.3));
#500 = SURFACE_CURVE('',#501,(#505,#511),.PCURVE_S1.);
#501 = LINE('',#502,#503);
#502 = CARTESIAN_POINT('',(7.379986136728,3.088009815675,0.));
#503 = VECTOR('',#504,1.);
#504 = DIRECTION('',(-0.,-0.,-1.));
#505 = PCURVE('',#54,#506);
#506 = DEFINITIONAL_REPRESENTATION('',(#507),#510);
#507 = B_SPLINE_CURVE_WITH_KNOTS('',1,(#508,#509),.UNSPECIFIED.,.F.,.F.,
  (2,2),(-13.1000006,-0.2999994),.PIECEWISE_BEZIER_KNOTS.);
#508 = CARTESIAN_POINT('',(-0.396292919346,-13.1000006));
#509 = CARTESIAN_POINT('',(-0.396292919346,-0.2999994));
#510 = ( GEOMETRIC_REPRESENTATION_CONTEXT(2) 
PARAMETRIC_REPRESENTATION_CONTEXT() REPRESENTATION_CONTEXT('2D SPACE',''
  ) );
#511 = PCURVE('',#453,#512);
#512 = DEFINITIONAL_REPRESENTATION('',(#513),#516);
#513 = B_SPLINE_CURVE_WITH_KNOTS('',1,(#514,#515),.UNSPECIFIED.,.F.,.F.,
  (2,2),(-13.1000006,-0.2999994),.PIECEWISE_BEZIER_KNOTS.);
#514 = CARTESIAN_POINT('',(-5.134934915314,-12.8000006));
#515 = CARTESIAN_POINT('',(-5.134934915314,6.000000000173E-07));
#516 = ( GEOMETRIC_REPRESENTATION_CONTEXT(2) 
PARAMETRIC_REPRESENTATION_CONTEXT() REPRESENTATION_CONTEXT('2D SPACE',''
  ) );
#517 = ORIENTED_EDGE('',*,*,#518,.F.);
#518 = EDGE_CURVE('',#439,#498,#519,.T.);
#519 = SURFACE_CURVE('',#520,(#525,#532),.PCURVE_S1.);
#520 = CIRCLE('',#521,8.);
#521 = AXIS2_PLACEMENT_3D('',#522,#523,#524);
#522 = CARTESIAN_POINT('',(0.,0.,0.3));
#523 = DIRECTION('',(0.,0.,-1.));
#524 = DIRECTION('',(1.,0.,0.));
#525 = PCURVE('',#54,#526);
#526 = DEFINITIONAL_REPRESENTATION('',(#527),#531);
#527 = LINE('',#528,#529);
#528 = CARTESIAN_POINT('',(-6.28318530718,-0.3));
#529 = VECTOR('',#530,1.);
#530 = DIRECTION('',(1.,-0.));
#531 = ( GEOMETRIC_REPRESENTATION_CONTEXT(2) 
PARAMETRIC_REPRESENTATION_CONTEXT() REPRESENTATION_CONTEXT('2D SPACE',''
  ) );
#532 = PCURVE('',#533,#538);
#533 = PLANE('',#534);
#534 = AXIS2_PLACEMENT_3D('',#535,#536,#537);
#535 = CARTESIAN_POINT('',(7.207750943219,3.47106991294,0.3));
#536 = DIRECTION('',(0.,0.,1.));
#537 = DIRECTION('',(1.,0.,-0.));
#538 = DEFINITIONAL_REPRESENTATION('',(#539),#547);
#539 = ( BOUNDED_CURVE() B_SPLINE_CURVE(2,(#540,#541,#542,#543,#544,#545
,#546),.UNSPECIFIED.,.T.,.F.) B_SPLINE_CURVE_WITH_KNOTS((1,2,2,2,2,1),(
    -2.094395102393,0.,2.094395102393,4.188790204786,6.28318530718,
8.377580409573),.UNSPECIFIED.) CURVE() GEOMETRIC_REPRESENTATION_ITEM() 
RATIONAL_B_SPLINE_CURVE((1.,0.5,1.,0.5,1.,0.5,1.)) REPRESENTATION_ITEM(
  '') );
#540 = CARTESIAN_POINT('',(0.792249056781,-3.47106991294));
#541 = CARTESIAN_POINT('',(0.792249056781,-17.32747637349));
#542 = CARTESIAN_POINT('',(-11.20775094321,-10.39927314321));
#543 = CARTESIAN_POINT('',(-23.20775094321,-3.47106991294));
#544 = CARTESIAN_POINT('',(-11.20775094321,3.457133317335));
#545 = CARTESIAN_POINT('',(0.792249056781,10.385336547611));
#546 = CARTESIAN_POINT('',(0.792249056781,-3.47106991294));
#547 = ( GEOMETRIC_REPRESENTATION_CONTEXT(2) 
PARAMETRIC_REPRESENTATION_CONTEXT() REPRESENTATION_CONTEXT('2D SPACE',''
  ) );
#548 = FACE_BOUND('',#549,.F.);
#549 = EDGE_LOOP('',(#550,#578,#611,#632));
#550 = ORIENTED_EDGE('',*,*,#551,.F.);
#551 = EDGE_CURVE('',#552,#554,#556,.T.);
#552 = VERTEX_POINT('',#553);
#553 = CARTESIAN_POINT('',(5.984256687339,5.309300509486,13.1));
#554 = VERTEX_POINT('',#555);
#555 = CARTESIAN_POINT('',(5.984256687339,5.309300509486,0.3));
#556 = SURFACE_CURVE('',#557,(#561,#567),.PCURVE_S1.);
#557 = LINE('',#558,#559);
#558 = CARTESIAN_POINT('',(5.984256687339,5.309300509486,0.));
#559 = VECTOR('',#560,1.);
#560 = DIRECTION('',(-0.,-0.,-1.));
#561 = PCURVE('',#54,#562);
#562 = DEFINITIONAL_REPRESENTATION('',(#563),#566);
#563 = B_SPLINE_CURVE_WITH_KNOTS('',1,(#564,#565),.UNSPECIFIED.,.F.,.F.,
  (2,2),(-13.1000006,-0.2999994),.PIECEWISE_BEZIER_KNOTS.);
#564 = CARTESIAN_POINT('',(-0.725704456936,-13.1000006));
#565 = CARTESIAN_POINT('',(-0.725704456936,-0.2999994));
#566 = ( GEOMETRIC_REPRESENTATION_CONTEXT(2) 
PARAMETRIC_REPRESENTATION_CONTEXT() REPRESENTATION_CONTEXT('2D SPACE',''
  ) );
#567 = PCURVE('',#568,#573);
#568 = CYLINDRICAL_SURFACE('',#569,0.42);
#569 = AXIS2_PLACEMENT_3D('',#570,#571,#572);
#570 = CARTESIAN_POINT('',(6.254651859744,4.98791841487,0.3));
#571 = DIRECTION('',(-0.,-0.,-1.));
#572 = DIRECTION('',(1.,0.,0.));
#573 = DEFINITIONAL_REPRESENTATION('',(#574),#577);
#574 = B_SPLINE_CURVE_WITH_KNOTS('',1,(#575,#576),.UNSPECIFIED.,.F.,.F.,
  (2,2),(-13.1000006,-0.2999994),.PIECEWISE_BEZIER_KNOTS.);
#575 = CARTESIAN_POINT('',(-2.270247768148,-12.8000006));
#576 = CARTESIAN_POINT('',(-2.270247768148,6.000000000173E-07));
#577 = ( GEOMETRIC_REPRESENTATION_CONTEXT(2) 
PARAMETRIC_REPRESENTATION_CONTEXT() REPRESENTATION_CONTEXT('2D SPACE',''
  ) );
#578 = ORIENTED_EDGE('',*,*,#579,.T.);
#579 = EDGE_CURVE('',#552,#580,#582,.T.);
#580 = VERTEX_POINT('',#581);
#581 = CARTESIAN_POINT('',(6.507807647961,4.652788370122,13.1));
#582 = SURFACE_CURVE('',#583,(#588,#595),.PCURVE_S1.);
#583 = CIRCLE('',#584,8.);
#584 = AXIS2_PLACEMENT_3D('',#585,#586,#587);
#585 = CARTESIAN_POINT('',(0.,0.,13.1));
#586 = DIRECTION('',(0.,0.,-1.));
#587 = DIRECTION('',(1.,0.,0.));
#588 = PCURVE('',#54,#589);
#589 = DEFINITIONAL_REPRESENTATION('',(#590),#594);
#590 = LINE('',#591,#592);
#591 = CARTESIAN_POINT('',(-6.28318530718,-13.1));
#592 = VECTOR('',#593,1.);
#593 = DIRECTION('',(1.,-0.));
#594 = ( GEOMETRIC_REPRESENTATION_CONTEXT(2) 
PARAMETRIC_REPRESENTATION_CONTEXT() REPRESENTATION_CONTEXT('2D SPACE',''
  ) );
#595 = PCURVE('',#596,#601);
#596 = PLANE('',#597);
#597 = AXIS2_PLACEMENT_3D('',#598,#599,#600);
#598 = CARTESIAN_POINT('',(6.254651859744,4.98791841487,13.1));
#599 = DIRECTION('',(0.,0.,1.));
#600 = DIRECTION('',(1.,0.,-0.));
#601 = DEFINITIONAL_REPRESENTATION('',(#602),#610);
#602 = ( BOUNDED_CURVE() B_SPLINE_CURVE(2,(#603,#604,#605,#606,#607,#608
,#609),.UNSPECIFIED.,.T.,.F.) B_SPLINE_CURVE_WITH_KNOTS((1,2,2,2,2,1),(
    -2.094395102393,0.,2.094395102393,4.188790204786,6.28318530718,
8.377580409573),.UNSPECIFIED.) CURVE() GEOMETRIC_REPRESENTATION_ITEM() 
RATIONAL_B_SPLINE_CURVE((1.,0.5,1.,0.5,1.,0.5,1.)) REPRESENTATION_ITEM(
  '') );
#603 = CARTESIAN_POINT('',(1.745348140256,-4.98791841487));
#604 = CARTESIAN_POINT('',(1.745348140256,-18.84432487542));
#605 = CARTESIAN_POINT('',(-10.25465185974,-11.91612164514));
#606 = CARTESIAN_POINT('',(-22.25465185974,-4.98791841487));
#607 = CARTESIAN_POINT('',(-10.25465185974,1.940284815406));
#608 = CARTESIAN_POINT('',(1.745348140256,8.868488045681));
#609 = CARTESIAN_POINT('',(1.745348140256,-4.98791841487));
#610 = ( GEOMETRIC_REPRESENTATION_CONTEXT(2) 
PARAMETRIC_REPRESENTATION_CONTEXT() REPRESENTATION_CONTEXT('2D SPACE',''
  ) );
#611 = ORIENTED_EDGE('',*,*,#612,.T.);
#612 = EDGE_CURVE('',#580,#613,#615,.T.);
#613 = VERTEX_POINT('',#614);
#614 = CARTESIAN_POINT('',(6.507807647961,4.652788370122,0.3));
#615 = SURFACE_CURVE('',#616,(#620,#626),.PCURVE_S1.);
#616 = LINE('',#617,#618);
#617 = CARTESIAN_POINT('',(6.507807647961,4.652788370122,0.));
#618 = VECTOR('',#619,1.);
#619 = DIRECTION('',(-0.,-0.,-1.));
#620 = PCURVE('',#54,#621);
#621 = DEFINITIONAL_REPRESENTATION('',(#622),#625);
#622 = B_SPLINE_CURVE_WITH_KNOTS('',1,(#623,#624),.UNSPECIFIED.,.F.,.F.,
  (2,2),(-13.1000006,-0.2999994),.PIECEWISE_BEZIER_KNOTS.);
#623 = CARTESIAN_POINT('',(-0.620692394602,-13.1000006));
#624 = CARTESIAN_POINT('',(-0.620692394602,-0.2999994));
#625 = ( GEOMETRIC_REPRESENTATION_CONTEXT(2) 
PARAMETRIC_REPRESENTATION_CONTEXT() REPRESENTATION_CONTEXT('2D SPACE',''
  ) );
#626 = PCURVE('',#568,#627);
#627 = DEFINITIONAL_REPRESENTATION('',(#628),#631);
#628 = B_SPLINE_CURVE_WITH_KNOTS('',1,(#629,#630),.UNSPECIFIED.,.F.,.F.,
  (2,2),(-13.1000006,-0.2999994),.PIECEWISE_BEZIER_KNOTS.);
#629 = CARTESIAN_POINT('',(-5.35933439057,-12.8000006));
#630 = CARTESIAN_POINT('',(-5.35933439057,6.000000000173E-07));
#631 = ( GEOMETRIC_REPRESENTATION_CONTEXT(2) 
PARAMETRIC_REPRESENTATION_CONTEXT() REPRESENTATION_CONTEXT('2D SPACE',''
  ) );
#632 = ORIENTED_EDGE('',*,*,#633,.F.);
#633 = EDGE_CURVE('',#554,#613,#634,.T.);
#634 = SURFACE_CURVE('',#635,(#640,#647),.PCURVE_S1.);
#635 = CIRCLE('',#636,8.);
#636 = AXIS2_PLACEMENT_3D('',#637,#638,#639);
#637 = CARTESIAN_POINT('',(0.,0.,0.3));
#638 = DIRECTION('',(0.,0.,-1.));
#639 = DIRECTION('',(1.,0.,0.));
#640 = PCURVE('',#54,#641);
#641 = DEFINITIONAL_REPRESENTATION('',(#642),#646);
#642 = LINE('',#643,#644);
#643 = CARTESIAN_POINT('',(-6.28318530718,-0.3));
#644 = VECTOR('',#645,1.);
#645 = DIRECTION('',(1.,-0.));
#646 = ( GEOMETRIC_REPRESENTATION_CONTEXT(2) 
PARAMETRIC_REPRESENTATION_CONTEXT() REPRESENTATION_CONTEXT('2D SPACE',''
  ) );
#647 = PCURVE('',#648,#653);
#648 = PLANE('',#649);
#649 = AXIS2_PLACEMENT_3D('',#650,#651,#652);
#650 = CARTESIAN_POINT('',(6.254651859744,4.98791841487,0.3));
#651 = DIRECTION('',(0.,0.,1.));
#652 = DIRECTION('',(1.,0.,-0.));
#653 = DEFINITIONAL_REPRESENTATION('',(#654),#662);
#654 = ( BOUNDED_CURVE() B_SPLINE_CURVE(2,(#655,#656,#657,#658,#659,#660
,#661),.UNSPECIFIED.,.T.,.F.) B_SPLINE_CURVE_WITH_KNOTS((1,2,2,2,2,1),(
    -2.094395102393,0.,2.094395102393,4.188790204786,6.28318530718,
8.377580409573),.UNSPECIFIED.) CURVE() GEOMETRIC_REPRESENTATION_ITEM() 
RATIONAL_B_SPLINE_CURVE((1.,0.5,1.,0.5,1.,0.5,1.)) REPRESENTATION_ITEM(
  '') );
#655 = CARTESIAN_POINT('',(1.745348140256,-4.98791841487));
#656 = CARTESIAN_POINT('',(1.745348140256,-18.84432487542));
#657 = CARTESIAN_POINT('',(-10.25465185974,-11.91612164514));
#658 = CARTESIAN_POINT('',(-22.25465185974,-4.98791841487));
#659 = CARTESIAN_POINT('',(-10.25465185974,1.940284815406));
#660 = CARTESIAN_POINT('',(1.745348140256,8.868488045681));
#661 = CARTESIAN_POINT('',(1.745348140256,-4.98791841487));
#662 = ( GEOMETRIC_REPRESENTATION_CONTEXT(2) 
PARAMETRIC_REPRESENTATION_CONTEXT() REPRESENTATION_CONTEXT('2D SPACE',''
  ) );
#663 = FACE_BOUND('',#664,.F.);
#664 = EDGE_LOOP('',(#665,#693,#726,#747));
#665 = ORIENTED_EDGE('',*,*,#666,.F.);
#666 = EDGE_CURVE('',#667,#669,#671,.T.);
#667 = VERTEX_POINT('',#668);
#668 = CARTESIAN_POINT('',(4.652788370122,6.507807647961,13.1));
#669 = VERTEX_POINT('',#670);
#670 = CARTESIAN_POINT('',(4.652788370122,6.507807647961,0.3));
#671 = SURFACE_CURVE('',#672,(#676,#682),.PCURVE_S1.);
#672 = LINE('',#673,#674);
#673 = CARTESIAN_POINT('',(4.652788370122,6.507807647961,0.));
#674 = VECTOR('',#675,1.);
#675 = DIRECTION('',(-0.,-0.,-1.));
#676 = PCURVE('',#54,#677);
#677 = DEFINITIONAL_REPRESENTATION('',(#678),#681);
#678 = B_SPLINE_CURVE_WITH_KNOTS('',1,(#679,#680),.UNSPECIFIED.,.F.,.F.,
  (2,2),(-13.1000006,-0.2999994),.PIECEWISE_BEZIER_KNOTS.);
#679 = CARTESIAN_POINT('',(-0.950103932193,-13.1000006));
#680 = CARTESIAN_POINT('',(-0.950103932193,-0.2999994));
#681 = ( GEOMETRIC_REPRESENTATION_CONTEXT(2) 
PARAMETRIC_REPRESENTATION_CONTEXT() REPRESENTATION_CONTEXT('2D SPACE',''
  ) );
#682 = PCURVE('',#683,#688);
#683 = CYLINDRICAL_SURFACE('',#684,0.42);
#684 = AXIS2_PLACEMENT_3D('',#685,#686,#687);
#685 = CARTESIAN_POINT('',(4.98791841487,6.254651859744,0.3));
#686 = DIRECTION('',(-0.,-0.,-1.));
#687 = DIRECTION('',(1.,0.,0.));
#688 = DEFINITIONAL_REPRESENTATION('',(#689),#692);
#689 = B_SPLINE_CURVE_WITH_KNOTS('',1,(#690,#691),.UNSPECIFIED.,.F.,.F.,
  (2,2),(-13.1000006,-0.2999994),.PIECEWISE_BEZIER_KNOTS.);
#690 = CARTESIAN_POINT('',(-2.494647243404,-12.8000006));
#691 = CARTESIAN_POINT('',(-2.494647243404,6.000000000173E-07));
#692 = ( GEOMETRIC_REPRESENTATION_CONTEXT(2) 
PARAMETRIC_REPRESENTATION_CONTEXT() REPRESENTATION_CONTEXT('2D SPACE',''
  ) );
#693 = ORIENTED_EDGE('',*,*,#694,.T.);
#694 = EDGE_CURVE('',#667,#695,#697,.T.);
#695 = VERTEX_POINT('',#696);
#696 = CARTESIAN_POINT('',(5.309300509486,5.984256687339,13.1));
#697 = SURFACE_CURVE('',#698,(#703,#710),.PCURVE_S1.);
#698 = CIRCLE('',#699,8.);
#699 = AXIS2_PLACEMENT_3D('',#700,#701,#702);
#700 = CARTESIAN_POINT('',(0.,0.,13.1));
#701 = DIRECTION('',(0.,0.,-1.));
#702 = DIRECTION('',(1.,0.,0.));
#703 = PCURVE('',#54,#704);
#704 = DEFINITIONAL_REPRESENTATION('',(#705),#709);
#705 = LINE('',#706,#707);
#706 = CARTESIAN_POINT('',(-6.28318530718,-13.1));
#707 = VECTOR('',#708,1.);
#708 = DIRECTION('',(1.,-0.));
#709 = ( GEOMETRIC_REPRESENTATION_CONTEXT(2) 
PARAMETRIC_REPRESENTATION_CONTEXT() REPRESENTATION_CONTEXT('2D SPACE',''
  ) );
#710 = PCURVE('',#711,#716);
#711 = PLANE('',#712);
#712 = AXIS2_PLACEMENT_3D('',#713,#714,#715);
#713 = CARTESIAN_POINT('',(4.98791841487,6.254651859744,13.1));
#714 = DIRECTION('',(0.,0.,1.));
#715 = DIRECTION('',(1.,0.,-0.));
#716 = DEFINITIONAL_REPRESENTATION('',(#717),#725);
#717 = ( BOUNDED_CURVE() B_SPLINE_CURVE(2,(#718,#719,#720,#721,#722,#723
,#724),.UNSPECIFIED.,.T.,.F.) B_SPLINE_CURVE_WITH_KNOTS((1,2,2,2,2,1),(
    -2.094395102393,0.,2.094395102393,4.188790204786,6.28318530718,
8.377580409573),.UNSPECIFIED.) CURVE() GEOMETRIC_REPRESENTATION_ITEM() 
RATIONAL_B_SPLINE_CURVE((1.,0.5,1.,0.5,1.,0.5,1.)) REPRESENTATION_ITEM(
  '') );
#718 = CARTESIAN_POINT('',(3.01208158513,-6.254651859744));
#719 = CARTESIAN_POINT('',(3.01208158513,-20.11105832029));
#720 = CARTESIAN_POINT('',(-8.98791841487,-13.18285509002));
#721 = CARTESIAN_POINT('',(-20.98791841487,-6.254651859744));
#722 = CARTESIAN_POINT('',(-8.98791841487,0.673551370531));
#723 = CARTESIAN_POINT('',(3.01208158513,7.601754600807));
#724 = CARTESIAN_POINT('',(3.01208158513,-6.254651859744));
#725 = ( GEOMETRIC_REPRESENTATION_CONTEXT(2) 
PARAMETRIC_REPRESENTATION_CONTEXT() REPRESENTATION_CONTEXT('2D SPACE',''
  ) );
#726 = ORIENTED_EDGE('',*,*,#727,.T.);
#727 = EDGE_CURVE('',#695,#728,#730,.T.);
#728 = VERTEX_POINT('',#729);
#729 = CARTESIAN_POINT('',(5.309300509486,5.984256687339,0.3));
#730 = SURFACE_CURVE('',#731,(#735,#741),.PCURVE_S1.);
#731 = LINE('',#732,#733);
#732 = CARTESIAN_POINT('',(5.309300509486,5.984256687339,0.));
#733 = VECTOR('',#734,1.);
#734 = DIRECTION('',(-0.,-0.,-1.));
#735 = PCURVE('',#54,#736);
#736 = DEFINITIONAL_REPRESENTATION('',(#737),#740);
#737 = B_SPLINE_CURVE_WITH_KNOTS('',1,(#738,#739),.UNSPECIFIED.,.F.,.F.,
  (2,2),(-13.1000006,-0.2999994),.PIECEWISE_BEZIER_KNOTS.);
#738 = CARTESIAN_POINT('',(-0.845091869858,-13.1000006));
#739 = CARTESIAN_POINT('',(-0.845091869858,-0.2999994));
#740 = ( GEOMETRIC_REPRESENTATION_CONTEXT(2) 
PARAMETRIC_REPRESENTATION_CONTEXT() REPRESENTATION_CONTEXT('2D SPACE',''
  ) );
#741 = PCURVE('',#683,#742);
#742 = DEFINITIONAL_REPRESENTATION('',(#743),#746);
#743 = B_SPLINE_CURVE_WITH_KNOTS('',1,(#744,#745),.UNSPECIFIED.,.F.,.F.,
  (2,2),(-13.1000006,-0.2999994),.PIECEWISE_BEZIER_KNOTS.);
#744 = CARTESIAN_POINT('',(-5.583733865827,-12.8000006));
#745 = CARTESIAN_POINT('',(-5.583733865827,6.000000000173E-07));
#746 = ( GEOMETRIC_REPRESENTATION_CONTEXT(2) 
PARAMETRIC_REPRESENTATION_CONTEXT() REPRESENTATION_CONTEXT('2D SPACE',''
  ) );
#747 = ORIENTED_EDGE('',*,*,#748,.F.);
#748 = EDGE_CURVE('',#669,#728,#749,.T.);
#749 = SURFACE_CURVE('',#750,(#755,#762),.PCURVE_S1.);
#750 = CIRCLE('',#751,8.);
#751 = AXIS2_PLACEMENT_3D('',#752,#753,#754);
#752 = CARTESIAN_POINT('',(0.,0.,0.3));
#753 = DIRECTION('',(0.,0.,-1.));
#754 = DIRECTION('',(1.,0.,0.));
#755 = PCURVE('',#54,#756);
#756 = DEFINITIONAL_REPRESENTATION('',(#757),#761);
#757 = LINE('',#758,#759);
#758 = CARTESIAN_POINT('',(-6.28318530718,-0.3));
#759 = VECTOR('',#760,1.);
#760 = DIRECTION('',(1.,-0.));
#761 = ( GEOMETRIC_REPRESENTATION_CONTEXT(2) 
PARAMETRIC_REPRESENTATION_CONTEXT() REPRESENTATION_CONTEXT('2D SPACE',''
  ) );
#762 = PCURVE('',#763,#768);
#763 = PLANE('',#764);
#764 = AXIS2_PLACEMENT_3D('',#765,#766,#767);
#765 = CARTESIAN_POINT('',(4.98791841487,6.254651859744,0.3));
#766 = DIRECTION('',(0.,0.,1.));
#767 = DIRECTION('',(1.,0.,-0.));
#768 = DEFINITIONAL_REPRESENTATION('',(#769),#777);
#769 = ( BOUNDED_CURVE() B_SPLINE_CURVE(2,(#770,#771,#772,#773,#774,#775
,#776),.UNSPECIFIED.,.T.,.F.) B_SPLINE_CURVE_WITH_KNOTS((1,2,2,2,2,1),(
    -2.094395102393,0.,2.094395102393,4.188790204786,6.28318530718,
8.377580409573),.UNSPECIFIED.) CURVE() GEOMETRIC_REPRESENTATION_ITEM() 
RATIONAL_B_SPLINE_CURVE((1.,0.5,1.,0.5,1.,0.5,1.)) REPRESENTATION_ITEM(
  '') );
#770 = CARTESIAN_POINT('',(3.01208158513,-6.254651859744));
#771 = CARTESIAN_POINT('',(3.01208158513,-20.11105832029));
#772 = CARTESIAN_POINT('',(-8.98791841487,-13.18285509002));
#773 = CARTESIAN_POINT('',(-20.98791841487,-6.254651859744));
#774 = CARTESIAN_POINT('',(-8.98791841487,0.673551370531));
#775 = CARTESIAN_POINT('',(3.01208158513,7.601754600807));
#776 = CARTESIAN_POINT('',(3.01208158513,-6.254651859744));
#777 = ( GEOMETRIC_REPRESENTATION_CONTEXT(2) 
PARAMETRIC_REPRESENTATION_CONTEXT() REPRESENTATION_CONTEXT('2D SPACE',''
  ) );
#778 = FACE_BOUND('',#779,.F.);
#779 = EDGE_LOOP('',(#780,#808,#841,#862));
#780 = ORIENTED_EDGE('',*,*,#781,.F.);
#781 = EDGE_CURVE('',#782,#784,#786,.T.);
#782 = VERTEX_POINT('',#783);
#783 = CARTESIAN_POINT('',(3.088009815675,7.379986136728,13.1));
#784 = VERTEX_POINT('',#785);
#785 = CARTESIAN_POINT('',(3.088009815675,7.379986136728,0.3));
#786 = SURFACE_CURVE('',#787,(#791,#797),.PCURVE_S1.);
#787 = LINE('',#788,#789);
#788 = CARTESIAN_POINT('',(3.088009815675,7.379986136728,0.));
#789 = VECTOR('',#790,1.);
#790 = DIRECTION('',(-0.,-0.,-1.));
#791 = PCURVE('',#54,#792);
#792 = DEFINITIONAL_REPRESENTATION('',(#793),#796);
#793 = B_SPLINE_CURVE_WITH_KNOTS('',1,(#794,#795),.UNSPECIFIED.,.F.,.F.,
  (2,2),(-13.1000006,-0.2999994),.PIECEWISE_BEZIER_KNOTS.);
#794 = CARTESIAN_POINT('',(-1.174503407449,-13.1000006));
#795 = CARTESIAN_POINT('',(-1.174503407449,-0.2999994));
#796 = ( GEOMETRIC_REPRESENTATION_CONTEXT(2) 
PARAMETRIC_REPRESENTATION_CONTEXT() REPRESENTATION_CONTEXT('2D SPACE',''
  ) );
#797 = PCURVE('',#798,#803);
#798 = CYLINDRICAL_SURFACE('',#799,0.42);
#799 = AXIS2_PLACEMENT_3D('',#800,#801,#802);
#800 = CARTESIAN_POINT('',(3.47106991294,7.207750943219,0.3));
#801 = DIRECTION('',(-0.,-0.,-1.));
#802 = DIRECTION('',(1.,0.,0.));
#803 = DEFINITIONAL_REPRESENTATION('',(#804),#807);
#804 = B_SPLINE_CURVE_WITH_KNOTS('',1,(#805,#806),.UNSPECIFIED.,.F.,.F.,
  (2,2),(-13.1000006,-0.2999994),.PIECEWISE_BEZIER_KNOTS.);
#805 = CARTESIAN_POINT('',(-2.719046718661,-12.8000006));
#806 = CARTESIAN_POINT('',(-2.719046718661,6.000000000173E-07));
#807 = ( GEOMETRIC_REPRESENTATION_CONTEXT(2) 
PARAMETRIC_REPRESENTATION_CONTEXT() REPRESENTATION_CONTEXT('2D SPACE',''
  ) );
#808 = ORIENTED_EDGE('',*,*,#809,.T.);
#809 = EDGE_CURVE('',#782,#810,#812,.T.);
#810 = VERTEX_POINT('',#811);
#811 = CARTESIAN_POINT('',(3.844562873758,7.015649386174,13.1));
#812 = SURFACE_CURVE('',#813,(#818,#825),.PCURVE_S1.);
#813 = CIRCLE('',#814,8.);
#814 = AXIS2_PLACEMENT_3D('',#815,#816,#817);
#815 = CARTESIAN_POINT('',(0.,0.,13.1));
#816 = DIRECTION('',(0.,0.,-1.));
#817 = DIRECTION('',(1.,0.,0.));
#818 = PCURVE('',#54,#819);
#819 = DEFINITIONAL_REPRESENTATION('',(#820),#824);
#820 = LINE('',#821,#822);
#821 = CARTESIAN_POINT('',(-6.28318530718,-13.1));
#822 = VECTOR('',#823,1.);
#823 = DIRECTION('',(1.,-0.));
#824 = ( GEOMETRIC_REPRESENTATION_CONTEXT(2) 
PARAMETRIC_REPRESENTATION_CONTEXT() REPRESENTATION_CONTEXT('2D SPACE',''
  ) );
#825 = PCURVE('',#826,#831);
#826 = PLANE('',#827);
#827 = AXIS2_PLACEMENT_3D('',#828,#829,#830);
#828 = CARTESIAN_POINT('',(3.47106991294,7.207750943219,13.1));
#829 = DIRECTION('',(0.,0.,1.));
#830 = DIRECTION('',(1.,0.,-0.));
#831 = DEFINITIONAL_REPRESENTATION('',(#832),#840);
#832 = ( BOUNDED_CURVE() B_SPLINE_CURVE(2,(#833,#834,#835,#836,#837,#838
,#839),.UNSPECIFIED.,.T.,.F.) B_SPLINE_CURVE_WITH_KNOTS((1,2,2,2,2,1),(
    -2.094395102393,0.,2.094395102393,4.188790204786,6.28318530718,
8.377580409573),.UNSPECIFIED.) CURVE() GEOMETRIC_REPRESENTATION_ITEM() 
RATIONAL_B_SPLINE_CURVE((1.,0.5,1.,0.5,1.,0.5,1.)) REPRESENTATION_ITEM(
  '') );
#833 = CARTESIAN_POINT('',(4.52893008706,-7.207750943219));
#834 = CARTESIAN_POINT('',(4.52893008706,-21.06415740377));
#835 = CARTESIAN_POINT('',(-7.47106991294,-14.13595417349));
#836 = CARTESIAN_POINT('',(-19.47106991294,-7.207750943219));
#837 = CARTESIAN_POINT('',(-7.47106991294,-0.279547712944));
#838 = CARTESIAN_POINT('',(4.52893008706,6.648655517332));
#839 = CARTESIAN_POINT('',(4.52893008706,-7.207750943219));
#840 = ( GEOMETRIC_REPRESENTATION_CONTEXT(2) 
PARAMETRIC_REPRESENTATION_CONTEXT() REPRESENTATION_CONTEXT('2D SPACE',''
  ) );
#841 = ORIENTED_EDGE('',*,*,#842,.T.);
#842 = EDGE_CURVE('',#810,#843,#845,.T.);
#843 = VERTEX_POINT('',#844);
#844 = CARTESIAN_POINT('',(3.844562873758,7.015649386174,0.3));
#845 = SURFACE_CURVE('',#846,(#850,#856),.PCURVE_S1.);
#846 = LINE('',#847,#848);
#847 = CARTESIAN_POINT('',(3.844562873758,7.015649386174,0.));
#848 = VECTOR('',#849,1.);
#849 = DIRECTION('',(-0.,-0.,-1.));
#850 = PCURVE('',#54,#851);
#851 = DEFINITIONAL_REPRESENTATION('',(#852),#855);
#852 = B_SPLINE_CURVE_WITH_KNOTS('',1,(#853,#854),.UNSPECIFIED.,.F.,.F.,
  (2,2),(-13.1000006,-0.2999994),.PIECEWISE_BEZIER_KNOTS.);
#853 = CARTESIAN_POINT('',(-1.069491345115,-13.1000006));
#854 = CARTESIAN_POINT('',(-1.069491345115,-0.2999994));
#855 = ( GEOMETRIC_REPRESENTATION_CONTEXT(2) 
PARAMETRIC_REPRESENTATION_CONTEXT() REPRESENTATION_CONTEXT('2D SPACE',''
  ) );
#856 = PCURVE('',#798,#857);
#857 = DEFINITIONAL_REPRESENTATION('',(#858),#861);
#858 = B_SPLINE_CURVE_WITH_KNOTS('',1,(#859,#860),.UNSPECIFIED.,.F.,.F.,
  (2,2),(-13.1000006,-0.2999994),.PIECEWISE_BEZIER_KNOTS.);
#859 = CARTESIAN_POINT('',(-5.808133341083,-12.8000006));
#860 = CARTESIAN_POINT('',(-5.808133341083,6.000000000173E-07));
#861 = ( GEOMETRIC_REPRESENTATION_CONTEXT(2) 
PARAMETRIC_REPRESENTATION_CONTEXT() REPRESENTATION_CONTEXT('2D SPACE',''
  ) );
#862 = ORIENTED_EDGE('',*,*,#863,.F.);
#863 = EDGE_CURVE('',#784,#843,#864,.T.);
#864 = SURFACE_CURVE('',#865,(#870,#877),.PCURVE_S1.);
#865 = CIRCLE('',#866,8.);
#866 = AXIS2_PLACEMENT_3D('',#867,#868,#869);
#867 = CARTESIAN_POINT('',(0.,0.,0.3));
#868 = DIRECTION('',(0.,0.,-1.));
#869 = DIRECTION('',(1.,0.,0.));
#870 = PCURVE('',#54,#871);
#871 = DEFINITIONAL_REPRESENTATION('',(#872),#876);
#872 = LINE('',#873,#874);
#873 = CARTESIAN_POINT('',(-6.28318530718,-0.3));
#874 = VECTOR('',#875,1.);
#875 = DIRECTION('',(1.,-0.));
#876 = ( GEOMETRIC_REPRESENTATION_CONTEXT(2) 
PARAMETRIC_REPRESENTATION_CONTEXT() REPRESENTATION_CONTEXT('2D SPACE',''
  ) );
#877 = PCURVE('',#878,#883);
#878 = PLANE('',#879);
#879 = AXIS2_PLACEMENT_3D('',#880,#881,#882);
#880 = CARTESIAN_POINT('',(3.47106991294,7.207750943219,0.3));
#881 = DIRECTION('',(0.,0.,1.));
#882 = DIRECTION('',(1.,0.,-0.));
#883 = DEFINITIONAL_REPRESENTATION('',(#884),#892);
#884 = ( BOUNDED_CURVE() B_SPLINE_CURVE(2,(#885,#886,#887,#888,#889,#890
,#891),.UNSPECIFIED.,.T.,.F.) B_SPLINE_CURVE_WITH_KNOTS((1,2,2,2,2,1),(
    -2.094395102393,0.,2.094395102393,4.188790204786,6.28318530718,
8.377580409573),.UNSPECIFIED.) CURVE() GEOMETRIC_REPRESENTATION_ITEM() 
RATIONAL_B_SPLINE_CURVE((1.,0.5,1.,0.5,1.,0.5,1.)) REPRESENTATION_ITEM(
  '') );
#885 = CARTESIAN_POINT('',(4.52893008706,-7.207750943219));
#886 = CARTESIAN_POINT('',(4.52893008706,-21.06415740377));
#887 = CARTESIAN_POINT('',(-7.47106991294,-14.13595417349));
#888 = CARTESIAN_POINT('',(-19.47106991294,-7.207750943219));
#889 = CARTESIAN_POINT('',(-7.47106991294,-0.279547712944));
#890 = CARTESIAN_POINT('',(4.52893008706,6.648655517332));
#891 = CARTESIAN_POINT('',(4.52893008706,-7.207750943219));
#892 = ( GEOMETRIC_REPRESENTATION_CONTEXT(2) 
PARAMETRIC_REPRESENTATION_CONTEXT() REPRESENTATION_CONTEXT('2D SPACE',''
  ) );
#893 = FACE_BOUND('',#894,.F.);
#894 = EDGE_LOOP('',(#895,#923,#956,#977));
#895 = ORIENTED_EDGE('',*,*,#896,.F.);
#896 = EDGE_CURVE('',#897,#899,#901,.T.);
#897 = VERTEX_POINT('',#898);
#898 = CARTESIAN_POINT('',(1.368385554664,7.882101304461,13.1));
#899 = VERTEX_POINT('',#900);
#900 = CARTESIAN_POINT('',(1.368385554664,7.882101304461,0.3));
#901 = SURFACE_CURVE('',#902,(#906,#912),.PCURVE_S1.);
#902 = LINE('',#903,#904);
#903 = CARTESIAN_POINT('',(1.368385554664,7.882101304461,0.));
#904 = VECTOR('',#905,1.);
#905 = DIRECTION('',(-0.,-0.,-1.));
#906 = PCURVE('',#54,#907);
#907 = DEFINITIONAL_REPRESENTATION('',(#908),#911);
#908 = B_SPLINE_CURVE_WITH_KNOTS('',1,(#909,#910),.UNSPECIFIED.,.F.,.F.,
  (2,2),(-13.1000006,-0.2999994),.PIECEWISE_BEZIER_KNOTS.);
#909 = CARTESIAN_POINT('',(-1.398902882706,-13.1000006));
#910 = CARTESIAN_POINT('',(-1.398902882706,-0.2999994));
#911 = ( GEOMETRIC_REPRESENTATION_CONTEXT(2) 
PARAMETRIC_REPRESENTATION_CONTEXT() REPRESENTATION_CONTEXT('2D SPACE',''
  ) );
#912 = PCURVE('',#913,#918);
#913 = CYLINDRICAL_SURFACE('',#914,0.42);
#914 = AXIS2_PLACEMENT_3D('',#915,#916,#917);
#915 = CARTESIAN_POINT('',(1.780167471651,7.799423297455,0.3));
#916 = DIRECTION('',(-0.,-0.,-1.));
#917 = DIRECTION('',(1.,0.,0.));
#918 = DEFINITIONAL_REPRESENTATION('',(#919),#922);
#919 = B_SPLINE_CURVE_WITH_KNOTS('',1,(#920,#921),.UNSPECIFIED.,.F.,.F.,
  (2,2),(-13.1000006,-0.2999994),.PIECEWISE_BEZIER_KNOTS.);
#920 = CARTESIAN_POINT('',(-2.943446193917,-12.8000006));
#921 = CARTESIAN_POINT('',(-2.943446193917,6.000000000173E-07));
#922 = ( GEOMETRIC_REPRESENTATION_CONTEXT(2) 
PARAMETRIC_REPRESENTATION_CONTEXT() REPRESENTATION_CONTEXT('2D SPACE',''
  ) );
#923 = ORIENTED_EDGE('',*,*,#924,.T.);
#924 = EDGE_CURVE('',#897,#925,#927,.T.);
#925 = VERTEX_POINT('',#926);
#926 = CARTESIAN_POINT('',(2.187042802044,7.695248129984,13.1));
#927 = SURFACE_CURVE('',#928,(#933,#940),.PCURVE_S1.);
#928 = CIRCLE('',#929,8.);
#929 = AXIS2_PLACEMENT_3D('',#930,#931,#932);
#930 = CARTESIAN_POINT('',(0.,0.,13.1));
#931 = DIRECTION('',(0.,0.,-1.));
#932 = DIRECTION('',(1.,0.,0.));
#933 = PCURVE('',#54,#934);
#934 = DEFINITIONAL_REPRESENTATION('',(#935),#939);
#935 = LINE('',#936,#937);
#936 = CARTESIAN_POINT('',(-6.28318530718,-13.1));
#937 = VECTOR('',#938,1.);
#938 = DIRECTION('',(1.,-0.));
#939 = ( GEOMETRIC_REPRESENTATION_CONTEXT(2) 
PARAMETRIC_REPRESENTATION_CONTEXT() REPRESENTATION_CONTEXT('2D SPACE',''
  ) );
#940 = PCURVE('',#941,#946);
#941 = PLANE('',#942);
#942 = AXIS2_PLACEMENT_3D('',#943,#944,#945);
#943 = CARTESIAN_POINT('',(1.780167471651,7.799423297455,13.1));
#944 = DIRECTION('',(0.,0.,1.));
#945 = DIRECTION('',(1.,0.,-0.));
#946 = DEFINITIONAL_REPRESENTATION('',(#947),#955);
#947 = ( BOUNDED_CURVE() B_SPLINE_CURVE(2,(#948,#949,#950,#951,#952,#953
,#954),.UNSPECIFIED.,.T.,.F.) B_SPLINE_CURVE_WITH_KNOTS((1,2,2,2,2,1),(
    -2.094395102393,0.,2.094395102393,4.188790204786,6.28318530718,
8.377580409573),.UNSPECIFIED.) CURVE() GEOMETRIC_REPRESENTATION_ITEM() 
RATIONAL_B_SPLINE_CURVE((1.,0.5,1.,0.5,1.,0.5,1.)) REPRESENTATION_ITEM(
  '') );
#948 = CARTESIAN_POINT('',(6.219832528349,-7.799423297455));
#949 = CARTESIAN_POINT('',(6.219832528349,-21.655829758));
#950 = CARTESIAN_POINT('',(-5.780167471651,-14.72762652773));
#951 = CARTESIAN_POINT('',(-17.78016747165,-7.799423297455));
#952 = CARTESIAN_POINT('',(-5.780167471651,-0.871220067179));
#953 = CARTESIAN_POINT('',(6.219832528349,6.056983163096));
#954 = CARTESIAN_POINT('',(6.219832528349,-7.799423297455));
#955 = ( GEOMETRIC_REPRESENTATION_CONTEXT(2) 
PARAMETRIC_REPRESENTATION_CONTEXT() REPRESENTATION_CONTEXT('2D SPACE',''
  ) );
#956 = ORIENTED_EDGE('',*,*,#957,.T.);
#957 = EDGE_CURVE('',#925,#958,#960,.T.);
#958 = VERTEX_POINT('',#959);
#959 = CARTESIAN_POINT('',(2.187042802044,7.695248129984,0.3));
#960 = SURFACE_CURVE('',#961,(#965,#971),.PCURVE_S1.);
#961 = LINE('',#962,#963);
#962 = CARTESIAN_POINT('',(2.187042802044,7.695248129984,0.));
#963 = VECTOR('',#964,1.);
#964 = DIRECTION('',(-0.,-0.,-1.));
#965 = PCURVE('',#54,#966);
#966 = DEFINITIONAL_REPRESENTATION('',(#967),#970);
#967 = B_SPLINE_CURVE_WITH_KNOTS('',1,(#968,#969),.UNSPECIFIED.,.F.,.F.,
  (2,2),(-13.1000006,-0.2999994),.PIECEWISE_BEZIER_KNOTS.);
#968 = CARTESIAN_POINT('',(-1.293890820371,-13.1000006));
#969 = CARTESIAN_POINT('',(-1.293890820371,-0.2999994));
#970 = ( GEOMETRIC_REPRESENTATION_CONTEXT(2) 
PARAMETRIC_REPRESENTATION_CONTEXT() REPRESENTATION_CONTEXT('2D SPACE',''
  ) );
#971 = PCURVE('',#913,#972);
#972 = DEFINITIONAL_REPRESENTATION('',(#973),#976);
#973 = B_SPLINE_CURVE_WITH_KNOTS('',1,(#974,#975),.UNSPECIFIED.,.F.,.F.,
  (2,2),(-13.1000006,-0.2999994),.PIECEWISE_BEZIER_KNOTS.);
#974 = CARTESIAN_POINT('',(-6.03253281634,-12.8000006));
#975 = CARTESIAN_POINT('',(-6.03253281634,6.000000000173E-07));
#976 = ( GEOMETRIC_REPRESENTATION_CONTEXT(2) 
PARAMETRIC_REPRESENTATION_CONTEXT() REPRESENTATION_CONTEXT('2D SPACE',''
  ) );
#977 = ORIENTED_EDGE('',*,*,#978,.F.);
#978 = EDGE_CURVE('',#899,#958,#979,.T.);
#979 = SURFACE_CURVE('',#980,(#985,#992),.PCURVE_S1.);
#980 = CIRCLE('',#981,8.);
#981 = AXIS2_PLACEMENT_3D('',#982,#983,#984);
#982 = CARTESIAN_POINT('',(0.,0.,0.3));
#983 = DIRECTION('',(0.,0.,-1.));
#984 = DIRECTION('',(1.,0.,0.));
#985 = PCURVE('',#54,#986);
#986 = DEFINITIONAL_REPRESENTATION('',(#987),#991);
#987 = LINE('',#988,#989);
#988 = CARTESIAN_POINT('',(-6.28318530718,-0.3));
#989 = VECTOR('',#990,1.);
#990 = DIRECTION('',(1.,-0.));
#991 = ( GEOMETRIC_REPRESENTATION_CONTEXT(2) 
PARAMETRIC_REPRESENTATION_CONTEXT() REPRESENTATION_CONTEXT('2D SPACE',''
  ) );
#992 = PCURVE('',#993,#998);
#993 = PLANE('',#994);
#994 = AXIS2_PLACEMENT_3D('',#995,#996,#997);
#995 = CARTESIAN_POINT('',(1.780167471651,7.799423297455,0.3));
#996 = DIRECTION('',(0.,0.,1.));
#997 = DIRECTION('',(1.,0.,-0.));
#998 = DEFINITIONAL_REPRESENTATION('',(#999),#1007);
#999 = ( BOUNDED_CURVE() B_SPLINE_CURVE(2,(#1000,#1001,#1002,#1003,#1004
,#1005,#1006),.UNSPECIFIED.,.T.,.F.) B_SPLINE_CURVE_WITH_KNOTS((1,2,2,2,
    2,1),(-2.094395102393,0.,2.094395102393,4.188790204786,6.28318530718
,8.377580409573),.UNSPECIFIED.) CURVE() GEOMETRIC_REPRESENTATION_ITEM() 
RATIONAL_B_SPLINE_CURVE((1.,0.5,1.,0.5,1.,0.5,1.)) REPRESENTATION_ITEM(
  '') );
#1000 = CARTESIAN_POINT('',(6.219832528349,-7.799423297455));
#1001 = CARTESIAN_POINT('',(6.219832528349,-21.655829758));
#1002 = CARTESIAN_POINT('',(-5.780167471651,-14.72762652773));
#1003 = CARTESIAN_POINT('',(-17.78016747165,-7.799423297455));
#1004 = CARTESIAN_POINT('',(-5.780167471651,-0.871220067179));
#1005 = CARTESIAN_POINT('',(6.219832528349,6.056983163096));
#1006 = CARTESIAN_POINT('',(6.219832528349,-7.799423297455));
#1007 = ( GEOMETRIC_REPRESENTATION_CONTEXT(2) 
PARAMETRIC_REPRESENTATION_CONTEXT() REPRESENTATION_CONTEXT('2D SPACE',''
  ) );
#1008 = FACE_BOUND('',#1009,.F.);
#1009 = EDGE_LOOP('',(#1010,#1038,#1071,#1092));
#1010 = ORIENTED_EDGE('',*,*,#1011,.F.);
#1011 = EDGE_CURVE('',#1012,#1014,#1016,.T.);
#1012 = VERTEX_POINT('',#1013);
#1013 = CARTESIAN_POINT('',(-0.419855271939,7.988975,13.1));
#1014 = VERTEX_POINT('',#1015);
#1015 = CARTESIAN_POINT('',(-0.419855271939,7.988975,0.3));
#1016 = SURFACE_CURVE('',#1017,(#1021,#1027),.PCURVE_S1.);
#1017 = LINE('',#1018,#1019);
#1018 = CARTESIAN_POINT('',(-0.419855271939,7.988975,0.));
#1019 = VECTOR('',#1020,1.);
#1020 = DIRECTION('',(-0.,-0.,-1.));
#1021 = PCURVE('',#54,#1022);
#1022 = DEFINITIONAL_REPRESENTATION('',(#1023),#1026);
#1023 = B_SPLINE_CURVE_WITH_KNOTS('',1,(#1024,#1025),.UNSPECIFIED.,.F.,
  .F.,(2,2),(-13.1000006,-0.2999994),.PIECEWISE_BEZIER_KNOTS.);
#1024 = CARTESIAN_POINT('',(-1.623302357962,-13.1000006));
#1025 = CARTESIAN_POINT('',(-1.623302357962,-0.2999994));
#1026 = ( GEOMETRIC_REPRESENTATION_CONTEXT(2) 
PARAMETRIC_REPRESENTATION_CONTEXT() REPRESENTATION_CONTEXT('2D SPACE',''
  ) );
#1027 = PCURVE('',#1028,#1033);
#1028 = CYLINDRICAL_SURFACE('',#1029,0.42);
#1029 = AXIS2_PLACEMENT_3D('',#1030,#1031,#1032);
#1030 = CARTESIAN_POINT('',(4.898587196589E-16,8.,0.3));
#1031 = DIRECTION('',(-0.,-0.,-1.));
#1032 = DIRECTION('',(1.,0.,0.));
#1033 = DEFINITIONAL_REPRESENTATION('',(#1034),#1037);
#1034 = B_SPLINE_CURVE_WITH_KNOTS('',1,(#1035,#1036),.UNSPECIFIED.,.F.,
  .F.,(2,2),(-13.1000006,-0.2999994),.PIECEWISE_BEZIER_KNOTS.);
#1035 = CARTESIAN_POINT('',(-3.167845669173,-12.8000006));
#1036 = CARTESIAN_POINT('',(-3.167845669173,6.000000000173E-07));
#1037 = ( GEOMETRIC_REPRESENTATION_CONTEXT(2) 
PARAMETRIC_REPRESENTATION_CONTEXT() REPRESENTATION_CONTEXT('2D SPACE',''
  ) );
#1038 = ORIENTED_EDGE('',*,*,#1039,.T.);
#1039 = EDGE_CURVE('',#1012,#1040,#1042,.T.);
#1040 = VERTEX_POINT('',#1041);
#1041 = CARTESIAN_POINT('',(0.419855271939,7.988975,13.1));
#1042 = SURFACE_CURVE('',#1043,(#1048,#1055),.PCURVE_S1.);
#1043 = CIRCLE('',#1044,8.);
#1044 = AXIS2_PLACEMENT_3D('',#1045,#1046,#1047);
#1045 = CARTESIAN_POINT('',(0.,0.,13.1));
#1046 = DIRECTION('',(0.,0.,-1.));
#1047 = DIRECTION('',(1.,0.,0.));
#1048 = PCURVE('',#54,#1049);
#1049 = DEFINITIONAL_REPRESENTATION('',(#1050),#1054);
#1050 = LINE('',#1051,#1052);
#1051 = CARTESIAN_POINT('',(-6.28318530718,-13.1));
#1052 = VECTOR('',#1053,1.);
#1053 = DIRECTION('',(1.,-0.));
#1054 = ( GEOMETRIC_REPRESENTATION_CONTEXT(2) 
PARAMETRIC_REPRESENTATION_CONTEXT() REPRESENTATION_CONTEXT('2D SPACE',''
  ) );
#1055 = PCURVE('',#1056,#1061);
#1056 = PLANE('',#1057);
#1057 = AXIS2_PLACEMENT_3D('',#1058,#1059,#1060);
#1058 = CARTESIAN_POINT('',(4.517046981037E-16,8.,13.1));
#1059 = DIRECTION('',(0.,0.,1.));
#1060 = DIRECTION('',(1.,0.,-0.));
#1061 = DEFINITIONAL_REPRESENTATION('',(#1062),#1070);
#1062 = ( BOUNDED_CURVE() B_SPLINE_CURVE(2,(#1063,#1064,#1065,#1066,
#1067,#1068,#1069),.UNSPECIFIED.,.T.,.F.) B_SPLINE_CURVE_WITH_KNOTS((1,2
    ,2,2,2,1),(-2.094395102393,0.,2.094395102393,4.188790204786,
6.28318530718,8.377580409573),.UNSPECIFIED.) CURVE() 
GEOMETRIC_REPRESENTATION_ITEM() RATIONAL_B_SPLINE_CURVE((1.,0.5,1.,0.5,
1.,0.5,1.)) REPRESENTATION_ITEM('') );
#1063 = CARTESIAN_POINT('',(8.,-8.));
#1064 = CARTESIAN_POINT('',(8.,-21.85640646055));
#1065 = CARTESIAN_POINT('',(-4.,-14.92820323027));
#1066 = CARTESIAN_POINT('',(-16.,-8.));
#1067 = CARTESIAN_POINT('',(-4.,-1.071796769724));
#1068 = CARTESIAN_POINT('',(8.,5.856406460551));
#1069 = CARTESIAN_POINT('',(8.,-8.));
#1070 = ( GEOMETRIC_REPRESENTATION_CONTEXT(2) 
PARAMETRIC_REPRESENTATION_CONTEXT() REPRESENTATION_CONTEXT('2D SPACE',''
  ) );
#1071 = ORIENTED_EDGE('',*,*,#1072,.T.);
#1072 = EDGE_CURVE('',#1040,#1073,#1075,.T.);
#1073 = VERTEX_POINT('',#1074);
#1074 = CARTESIAN_POINT('',(0.419855271939,7.988975,0.3));
#1075 = SURFACE_CURVE('',#1076,(#1080,#1086),.PCURVE_S1.);
#1076 = LINE('',#1077,#1078);
#1077 = CARTESIAN_POINT('',(0.419855271939,7.988975,0.));
#1078 = VECTOR('',#1079,1.);
#1079 = DIRECTION('',(-0.,-0.,-1.));
#1080 = PCURVE('',#54,#1081);
#1081 = DEFINITIONAL_REPRESENTATION('',(#1082),#1085);
#1082 = B_SPLINE_CURVE_WITH_KNOTS('',1,(#1083,#1084),.UNSPECIFIED.,.F.,
  .F.,(2,2),(-13.1000006,-0.2999994),.PIECEWISE_BEZIER_KNOTS.);
#1083 = CARTESIAN_POINT('',(-1.518290295628,-13.1000006));
#1084 = CARTESIAN_POINT('',(-1.518290295628,-0.2999994));
#1085 = ( GEOMETRIC_REPRESENTATION_CONTEXT(2) 
PARAMETRIC_REPRESENTATION_CONTEXT() REPRESENTATION_CONTEXT('2D SPACE',''
  ) );
#1086 = PCURVE('',#1028,#1087);
#1087 = DEFINITIONAL_REPRESENTATION('',(#1088),#1091);
#1088 = B_SPLINE_CURVE_WITH_KNOTS('',1,(#1089,#1090),.UNSPECIFIED.,.F.,
  .F.,(2,2),(-13.1000006,-0.2999994),.PIECEWISE_BEZIER_KNOTS.);
#1089 = CARTESIAN_POINT('',(-6.256932291596,-12.8000006));
#1090 = CARTESIAN_POINT('',(-6.256932291596,6.000000000173E-07));
#1091 = ( GEOMETRIC_REPRESENTATION_CONTEXT(2) 
PARAMETRIC_REPRESENTATION_CONTEXT() REPRESENTATION_CONTEXT('2D SPACE',''
  ) );
#1092 = ORIENTED_EDGE('',*,*,#1093,.F.);
#1093 = EDGE_CURVE('',#1014,#1073,#1094,.T.);
#1094 = SURFACE_CURVE('',#1095,(#1100,#1107),.PCURVE_S1.);
#1095 = CIRCLE('',#1096,8.);
#1096 = AXIS2_PLACEMENT_3D('',#1097,#1098,#1099);
#1097 = CARTESIAN_POINT('',(0.,0.,0.3));
#1098 = DIRECTION('',(0.,0.,-1.));
#1099 = DIRECTION('',(1.,0.,0.));
#1100 = PCURVE('',#54,#1101);
#1101 = DEFINITIONAL_REPRESENTATION('',(#1102),#1106);
#1102 = LINE('',#1103,#1104);
#1103 = CARTESIAN_POINT('',(-6.28318530718,-0.3));
#1104 = VECTOR('',#1105,1.);
#1105 = DIRECTION('',(1.,-0.));
#1106 = ( GEOMETRIC_REPRESENTATION_CONTEXT(2) 
PARAMETRIC_REPRESENTATION_CONTEXT() REPRESENTATION_CONTEXT('2D SPACE',''
  ) );
#1107 = PCURVE('',#1108,#1113);
#1108 = PLANE('',#1109);
#1109 = AXIS2_PLACEMENT_3D('',#1110,#1111,#1112);
#1110 = CARTESIAN_POINT('',(4.517046981037E-16,8.,0.3));
#1111 = DIRECTION('',(0.,0.,1.));
#1112 = DIRECTION('',(1.,0.,-0.));
#1113 = DEFINITIONAL_REPRESENTATION('',(#1114),#1122);
#1114 = ( BOUNDED_CURVE() B_SPLINE_CURVE(2,(#1115,#1116,#1117,#1118,
#1119,#1120,#1121),.UNSPECIFIED.,.T.,.F.) B_SPLINE_CURVE_WITH_KNOTS((1,2
    ,2,2,2,1),(-2.094395102393,0.,2.094395102393,4.188790204786,
6.28318530718,8.377580409573),.UNSPECIFIED.) CURVE() 
GEOMETRIC_REPRESENTATION_ITEM() RATIONAL_B_SPLINE_CURVE((1.,0.5,1.,0.5,
1.,0.5,1.)) REPRESENTATION_ITEM('') );
#1115 = CARTESIAN_POINT('',(8.,-8.));
#1116 = CARTESIAN_POINT('',(8.,-21.85640646055));
#1117 = CARTESIAN_POINT('',(-4.,-14.92820323027));
#1118 = CARTESIAN_POINT('',(-16.,-8.));
#1119 = CARTESIAN_POINT('',(-4.,-1.071796769724));
#1120 = CARTESIAN_POINT('',(8.,5.856406460551));
#1121 = CARTESIAN_POINT('',(8.,-8.));
#1122 = ( GEOMETRIC_REPRESENTATION_CONTEXT(2) 
PARAMETRIC_REPRESENTATION_CONTEXT() REPRESENTATION_CONTEXT('2D SPACE',''
  ) );
#1123 = FACE_BOUND('',#1124,.F.);
#1124 = EDGE_LOOP('',(#1125,#1153,#1186,#1207));
#1125 = ORIENTED_EDGE('',*,*,#1126,.F.);
#1126 = EDGE_CURVE('',#1127,#1129,#1131,.T.);
#1127 = VERTEX_POINT('',#1128);
#1128 = CARTESIAN_POINT('',(-2.187042802044,7.695248129984,13.1));
#1129 = VERTEX_POINT('',#1130);
#1130 = CARTESIAN_POINT('',(-2.187042802044,7.695248129984,0.3));
#1131 = SURFACE_CURVE('',#1132,(#1136,#1142),.PCURVE_S1.);
#1132 = LINE('',#1133,#1134);
#1133 = CARTESIAN_POINT('',(-2.187042802044,7.695248129984,0.));
#1134 = VECTOR('',#1135,1.);
#1135 = DIRECTION('',(-0.,-0.,-1.));
#1136 = PCURVE('',#54,#1137);
#1137 = DEFINITIONAL_REPRESENTATION('',(#1138),#1141);
#1138 = B_SPLINE_CURVE_WITH_KNOTS('',1,(#1139,#1140),.UNSPECIFIED.,.F.,
  .F.,(2,2),(-13.1000006,-0.2999994),.PIECEWISE_BEZIER_KNOTS.);
#1139 = CARTESIAN_POINT('',(-1.847701833219,-13.1000006));
#1140 = CARTESIAN_POINT('',(-1.847701833219,-0.2999994));
#1141 = ( GEOMETRIC_REPRESENTATION_CONTEXT(2) 
PARAMETRIC_REPRESENTATION_CONTEXT() REPRESENTATION_CONTEXT('2D SPACE',''
  ) );
#1142 = PCURVE('',#1143,#1148);
#1143 = CYLINDRICAL_SURFACE('',#1144,0.42);
#1144 = AXIS2_PLACEMENT_3D('',#1145,#1146,#1147);
#1145 = CARTESIAN_POINT('',(-1.780167471651,7.799423297455,0.3));
#1146 = DIRECTION('',(-0.,-0.,-1.));
#1147 = DIRECTION('',(1.,0.,0.));
#1148 = DEFINITIONAL_REPRESENTATION('',(#1149),#1152);
#1149 = B_SPLINE_CURVE_WITH_KNOTS('',1,(#1150,#1151),.UNSPECIFIED.,.F.,
  .F.,(2,2),(-13.1,-0.3),.PIECEWISE_BEZIER_KNOTS.);
#1150 = CARTESIAN_POINT('',(-3.39224514443,-12.8));
#1151 = CARTESIAN_POINT('',(-3.39224514443,0.));
#1152 = ( GEOMETRIC_REPRESENTATION_CONTEXT(2) 
PARAMETRIC_REPRESENTATION_CONTEXT() REPRESENTATION_CONTEXT('2D SPACE',''
  ) );
#1153 = ORIENTED_EDGE('',*,*,#1154,.T.);
#1154 = EDGE_CURVE('',#1127,#1155,#1157,.T.);
#1155 = VERTEX_POINT('',#1156);
#1156 = CARTESIAN_POINT('',(-1.368385554664,7.882101304461,13.1));
#1157 = SURFACE_CURVE('',#1158,(#1163,#1170),.PCURVE_S1.);
#1158 = CIRCLE('',#1159,8.);
#1159 = AXIS2_PLACEMENT_3D('',#1160,#1161,#1162);
#1160 = CARTESIAN_POINT('',(0.,0.,13.1));
#1161 = DIRECTION('',(0.,0.,-1.));
#1162 = DIRECTION('',(1.,0.,0.));
#1163 = PCURVE('',#54,#1164);
#1164 = DEFINITIONAL_REPRESENTATION('',(#1165),#1169);
#1165 = LINE('',#1166,#1167);
#1166 = CARTESIAN_POINT('',(-6.28318530718,-13.1));
#1167 = VECTOR('',#1168,1.);
#1168 = DIRECTION('',(1.,-0.));
#1169 = ( GEOMETRIC_REPRESENTATION_CONTEXT(2) 
PARAMETRIC_REPRESENTATION_CONTEXT() REPRESENTATION_CONTEXT('2D SPACE',''
  ) );
#1170 = PCURVE('',#1171,#1176);
#1171 = PLANE('',#1172);
#1172 = AXIS2_PLACEMENT_3D('',#1173,#1174,#1175);
#1173 = CARTESIAN_POINT('',(-1.780167471651,7.799423297455,13.1));
#1174 = DIRECTION('',(0.,0.,1.));
#1175 = DIRECTION('',(1.,0.,-0.));
#1176 = DEFINITIONAL_REPRESENTATION('',(#1177),#1185);
#1177 = ( BOUNDED_CURVE() B_SPLINE_CURVE(2,(#1178,#1179,#1180,#1181,
#1182,#1183,#1184),.UNSPECIFIED.,.T.,.F.) B_SPLINE_CURVE_WITH_KNOTS((1,2
    ,2,2,2,1),(-2.094395102393,0.,2.094395102393,4.188790204786,
6.28318530718,8.377580409573),.UNSPECIFIED.) CURVE() 
GEOMETRIC_REPRESENTATION_ITEM() RATIONAL_B_SPLINE_CURVE((1.,0.5,1.,0.5,
1.,0.5,1.)) REPRESENTATION_ITEM('') );
#1178 = CARTESIAN_POINT('',(9.780167471651,-7.799423297455));
#1179 = CARTESIAN_POINT('',(9.780167471651,-21.655829758));
#1180 = CARTESIAN_POINT('',(-2.219832528349,-14.72762652773));
#1181 = CARTESIAN_POINT('',(-14.21983252834,-7.799423297455));
#1182 = CARTESIAN_POINT('',(-2.219832528349,-0.871220067179));
#1183 = CARTESIAN_POINT('',(9.780167471651,6.056983163096));
#1184 = CARTESIAN_POINT('',(9.780167471651,-7.799423297455));
#1185 = ( GEOMETRIC_REPRESENTATION_CONTEXT(2) 
PARAMETRIC_REPRESENTATION_CONTEXT() REPRESENTATION_CONTEXT('2D SPACE',''
  ) );
#1186 = ORIENTED_EDGE('',*,*,#1187,.T.);
#1187 = EDGE_CURVE('',#1155,#1188,#1190,.T.);
#1188 = VERTEX_POINT('',#1189);
#1189 = CARTESIAN_POINT('',(-1.368385554664,7.882101304461,0.3));
#1190 = SURFACE_CURVE('',#1191,(#1195,#1201),.PCURVE_S1.);
#1191 = LINE('',#1192,#1193);
#1192 = CARTESIAN_POINT('',(-1.368385554664,7.882101304461,0.));
#1193 = VECTOR('',#1194,1.);
#1194 = DIRECTION('',(-0.,-0.,-1.));
#1195 = PCURVE('',#54,#1196);
#1196 = DEFINITIONAL_REPRESENTATION('',(#1197),#1200);
#1197 = B_SPLINE_CURVE_WITH_KNOTS('',1,(#1198,#1199),.UNSPECIFIED.,.F.,
  .F.,(2,2),(-13.1000006,-0.2999994),.PIECEWISE_BEZIER_KNOTS.);
#1198 = CARTESIAN_POINT('',(-1.742689770884,-13.1000006));
#1199 = CARTESIAN_POINT('',(-1.742689770884,-0.2999994));
#1200 = ( GEOMETRIC_REPRESENTATION_CONTEXT(2) 
PARAMETRIC_REPRESENTATION_CONTEXT() REPRESENTATION_CONTEXT('2D SPACE',''
  ) );
#1201 = PCURVE('',#1143,#1202);
#1202 = DEFINITIONAL_REPRESENTATION('',(#1203),#1206);
#1203 = B_SPLINE_CURVE_WITH_KNOTS('',1,(#1204,#1205),.UNSPECIFIED.,.F.,
  .F.,(2,2),(-13.1,-0.3),.PIECEWISE_BEZIER_KNOTS.);
#1204 = CARTESIAN_POINT('',(-6.481331766852,-12.8));
#1205 = CARTESIAN_POINT('',(-6.481331766852,0.));
#1206 = ( GEOMETRIC_REPRESENTATION_CONTEXT(2) 
PARAMETRIC_REPRESENTATION_CONTEXT() REPRESENTATION_CONTEXT('2D SPACE',''
  ) );
#1207 = ORIENTED_EDGE('',*,*,#1208,.F.);
#1208 = EDGE_CURVE('',#1129,#1188,#1209,.T.);
#1209 = SURFACE_CURVE('',#1210,(#1215,#1222),.PCURVE_S1.);
#1210 = CIRCLE('',#1211,8.);
#1211 = AXIS2_PLACEMENT_3D('',#1212,#1213,#1214);
#1212 = CARTESIAN_POINT('',(0.,0.,0.3));
#1213 = DIRECTION('',(0.,0.,-1.));
#1214 = DIRECTION('',(1.,0.,0.));
#1215 = PCURVE('',#54,#1216);
#1216 = DEFINITIONAL_REPRESENTATION('',(#1217),#1221);
#1217 = LINE('',#1218,#1219);
#1218 = CARTESIAN_POINT('',(-6.28318530718,-0.3));
#1219 = VECTOR('',#1220,1.);
#1220 = DIRECTION('',(1.,-0.));
#1221 = ( GEOMETRIC_REPRESENTATION_CONTEXT(2) 
PARAMETRIC_REPRESENTATION_CONTEXT() REPRESENTATION_CONTEXT('2D SPACE',''
  ) );
#1222 = PCURVE('',#1223,#1228);
#1223 = PLANE('',#1224);
#1224 = AXIS2_PLACEMENT_3D('',#1225,#1226,#1227);
#1225 = CARTESIAN_POINT('',(-1.780167471651,7.799423297455,0.3));
#1226 = DIRECTION('',(0.,0.,1.));
#1227 = DIRECTION('',(1.,0.,-0.));
#1228 = DEFINITIONAL_REPRESENTATION('',(#1229),#1237);
#1229 = ( BOUNDED_CURVE() B_SPLINE_CURVE(2,(#1230,#1231,#1232,#1233,
#1234,#1235,#1236),.UNSPECIFIED.,.T.,.F.) B_SPLINE_CURVE_WITH_KNOTS((1,2
    ,2,2,2,1),(-2.094395102393,0.,2.094395102393,4.188790204786,
6.28318530718,8.377580409573),.UNSPECIFIED.) CURVE() 
GEOMETRIC_REPRESENTATION_ITEM() RATIONAL_B_SPLINE_CURVE((1.,0.5,1.,0.5,
1.,0.5,1.)) REPRESENTATION_ITEM('') );
#1230 = CARTESIAN_POINT('',(9.780167471651,-7.799423297455));
#1231 = CARTESIAN_POINT('',(9.780167471651,-21.655829758));
#1232 = CARTESIAN_POINT('',(-2.219832528349,-14.72762652773));
#1233 = CARTESIAN_POINT('',(-14.21983252834,-7.799423297455));
#1234 = CARTESIAN_POINT('',(-2.219832528349,-0.871220067179));
#1235 = CARTESIAN_POINT('',(9.780167471651,6.056983163096));
#1236 = CARTESIAN_POINT('',(9.780167471651,-7.799423297455));
#1237 = ( GEOMETRIC_REPRESENTATION_CONTEXT(2) 
PARAMETRIC_REPRESENTATION_CONTEXT() REPRESENTATION_CONTEXT('2D SPACE',''
  ) );
#1238 = FACE_BOUND('',#1239,.F.);
#1239 = EDGE_LOOP('',(#1240,#1268,#1301,#1322));
#1240 = ORIENTED_EDGE('',*,*,#1241,.F.);
#1241 = EDGE_CURVE('',#1242,#1244,#1246,.T.);
#1242 = VERTEX_POINT('',#1243);
#1243 = CARTESIAN_POINT('',(-3.844562873758,7.015649386174,13.1));
#1244 = VERTEX_POINT('',#1245);
#1245 = CARTESIAN_POINT('',(-3.844562873758,7.015649386174,0.3));
#1246 = SURFACE_CURVE('',#1247,(#1251,#1257),.PCURVE_S1.);
#1247 = LINE('',#1248,#1249);
#1248 = CARTESIAN_POINT('',(-3.844562873758,7.015649386174,0.));
#1249 = VECTOR('',#1250,1.);
#1250 = DIRECTION('',(-0.,-0.,-1.));
#1251 = PCURVE('',#54,#1252);
#1252 = DEFINITIONAL_REPRESENTATION('',(#1253),#1256);
#1253 = B_SPLINE_CURVE_WITH_KNOTS('',1,(#1254,#1255),.UNSPECIFIED.,.F.,
  .F.,(2,2),(-13.1000006,-0.2999994),.PIECEWISE_BEZIER_KNOTS.);
#1254 = CARTESIAN_POINT('',(-2.072101308475,-13.1000006));
#1255 = CARTESIAN_POINT('',(-2.072101308475,-0.2999994));
#1256 = ( GEOMETRIC_REPRESENTATION_CONTEXT(2) 
PARAMETRIC_REPRESENTATION_CONTEXT() REPRESENTATION_CONTEXT('2D SPACE',''
  ) );
#1257 = PCURVE('',#1258,#1263);
#1258 = CYLINDRICAL_SURFACE('',#1259,0.42);
#1259 = AXIS2_PLACEMENT_3D('',#1260,#1261,#1262);
#1260 = CARTESIAN_POINT('',(-3.47106991294,7.207750943219,0.3));
#1261 = DIRECTION('',(-0.,-0.,-1.));
#1262 = DIRECTION('',(1.,0.,0.));
#1263 = DEFINITIONAL_REPRESENTATION('',(#1264),#1267);
#1264 = B_SPLINE_CURVE_WITH_KNOTS('',1,(#1265,#1266),.UNSPECIFIED.,.F.,
  .F.,(2,2),(-13.1,-0.3),.PIECEWISE_BEZIER_KNOTS.);
#1265 = CARTESIAN_POINT('',(-3.616644619686,-12.8));
#1266 = CARTESIAN_POINT('',(-3.616644619686,0.));
#1267 = ( GEOMETRIC_REPRESENTATION_CONTEXT(2) 
PARAMETRIC_REPRESENTATION_CONTEXT() REPRESENTATION_CONTEXT('2D SPACE',''
  ) );
#1268 = ORIENTED_EDGE('',*,*,#1269,.T.);
#1269 = EDGE_CURVE('',#1242,#1270,#1272,.T.);
#1270 = VERTEX_POINT('',#1271);
#1271 = CARTESIAN_POINT('',(-3.088009815675,7.379986136728,13.1));
#1272 = SURFACE_CURVE('',#1273,(#1278,#1285),.PCURVE_S1.);
#1273 = CIRCLE('',#1274,8.);
#1274 = AXIS2_PLACEMENT_3D('',#1275,#1276,#1277);
#1275 = CARTESIAN_POINT('',(0.,0.,13.1));
#1276 = DIRECTION('',(0.,0.,-1.));
#1277 = DIRECTION('',(1.,0.,0.));
#1278 = PCURVE('',#54,#1279);
#1279 = DEFINITIONAL_REPRESENTATION('',(#1280),#1284);
#1280 = LINE('',#1281,#1282);
#1281 = CARTESIAN_POINT('',(-6.28318530718,-13.1));
#1282 = VECTOR('',#1283,1.);
#1283 = DIRECTION('',(1.,-0.));
#1284 = ( GEOMETRIC_REPRESENTATION_CONTEXT(2) 
PARAMETRIC_REPRESENTATION_CONTEXT() REPRESENTATION_CONTEXT('2D SPACE',''
  ) );
#1285 = PCURVE('',#1286,#1291);
#1286 = PLANE('',#1287);
#1287 = AXIS2_PLACEMENT_3D('',#1288,#1289,#1290);
#1288 = CARTESIAN_POINT('',(-3.47106991294,7.207750943219,13.1));
#1289 = DIRECTION('',(0.,0.,1.));
#1290 = DIRECTION('',(1.,0.,-0.));
#1291 = DEFINITIONAL_REPRESENTATION('',(#1292),#1300);
#1292 = ( BOUNDED_CURVE() B_SPLINE_CURVE(2,(#1293,#1294,#1295,#1296,
#1297,#1298,#1299),.UNSPECIFIED.,.T.,.F.) B_SPLINE_CURVE_WITH_KNOTS((1,2
    ,2,2,2,1),(-2.094395102393,0.,2.094395102393,4.188790204786,
6.28318530718,8.377580409573),.UNSPECIFIED.) CURVE() 
GEOMETRIC_REPRESENTATION_ITEM() RATIONAL_B_SPLINE_CURVE((1.,0.5,1.,0.5,
1.,0.5,1.)) REPRESENTATION_ITEM('') );
#1293 = CARTESIAN_POINT('',(11.47106991294,-7.207750943219));
#1294 = CARTESIAN_POINT('',(11.47106991294,-21.06415740377));
#1295 = CARTESIAN_POINT('',(-0.52893008706,-14.13595417349));
#1296 = CARTESIAN_POINT('',(-12.52893008706,-7.207750943219));
#1297 = CARTESIAN_POINT('',(-0.52893008706,-0.279547712944));
#1298 = CARTESIAN_POINT('',(11.47106991294,6.648655517332));
#1299 = CARTESIAN_POINT('',(11.47106991294,-7.207750943219));
#1300 = ( GEOMETRIC_REPRESENTATION_CONTEXT(2) 
PARAMETRIC_REPRESENTATION_CONTEXT() REPRESENTATION_CONTEXT('2D SPACE',''
  ) );
#1301 = ORIENTED_EDGE('',*,*,#1302,.T.);
#1302 = EDGE_CURVE('',#1270,#1303,#1305,.T.);
#1303 = VERTEX_POINT('',#1304);
#1304 = CARTESIAN_POINT('',(-3.088009815675,7.379986136728,0.3));
#1305 = SURFACE_CURVE('',#1306,(#1310,#1316),.PCURVE_S1.);
#1306 = LINE('',#1307,#1308);
#1307 = CARTESIAN_POINT('',(-3.088009815675,7.379986136728,0.));
#1308 = VECTOR('',#1309,1.);
#1309 = DIRECTION('',(-0.,-0.,-1.));
#1310 = PCURVE('',#54,#1311);
#1311 = DEFINITIONAL_REPRESENTATION('',(#1312),#1315);
#1312 = B_SPLINE_CURVE_WITH_KNOTS('',1,(#1313,#1314),.UNSPECIFIED.,.F.,
  .F.,(2,2),(-13.1000006,-0.2999994),.PIECEWISE_BEZIER_KNOTS.);
#1313 = CARTESIAN_POINT('',(-1.967089246141,-13.1000006));
#1314 = CARTESIAN_POINT('',(-1.967089246141,-0.2999994));
#1315 = ( GEOMETRIC_REPRESENTATION_CONTEXT(2) 
PARAMETRIC_REPRESENTATION_CONTEXT() REPRESENTATION_CONTEXT('2D SPACE',''
  ) );
#1316 = PCURVE('',#1258,#1317);
#1317 = DEFINITIONAL_REPRESENTATION('',(#1318),#1321);
#1318 = B_SPLINE_CURVE_WITH_KNOTS('',1,(#1319,#1320),.UNSPECIFIED.,.F.,
  .F.,(2,2),(-13.1,-0.3),.PIECEWISE_BEZIER_KNOTS.);
#1319 = CARTESIAN_POINT('',(-6.705731242109,-12.8));
#1320 = CARTESIAN_POINT('',(-6.705731242109,0.));
#1321 = ( GEOMETRIC_REPRESENTATION_CONTEXT(2) 
PARAMETRIC_REPRESENTATION_CONTEXT() REPRESENTATION_CONTEXT('2D SPACE',''
  ) );
#1322 = ORIENTED_EDGE('',*,*,#1323,.F.);
#1323 = EDGE_CURVE('',#1244,#1303,#1324,.T.);
#1324 = SURFACE_CURVE('',#1325,(#1330,#1337),.PCURVE_S1.);
#1325 = CIRCLE('',#1326,8.);
#1326 = AXIS2_PLACEMENT_3D('',#1327,#1328,#1329);
#1327 = CARTESIAN_POINT('',(0.,0.,0.3));
#1328 = DIRECTION('',(0.,0.,-1.));
#1329 = DIRECTION('',(1.,0.,0.));
#1330 = PCURVE('',#54,#1331);
#1331 = DEFINITIONAL_REPRESENTATION('',(#1332),#1336);
#1332 = LINE('',#1333,#1334);
#1333 = CARTESIAN_POINT('',(-6.28318530718,-0.3));
#1334 = VECTOR('',#1335,1.);
#1335 = DIRECTION('',(1.,-0.));
#1336 = ( GEOMETRIC_REPRESENTATION_CONTEXT(2) 
PARAMETRIC_REPRESENTATION_CONTEXT() REPRESENTATION_CONTEXT('2D SPACE',''
  ) );
#1337 = PCURVE('',#1338,#1343);
#1338 = PLANE('',#1339);
#1339 = AXIS2_PLACEMENT_3D('',#1340,#1341,#1342);
#1340 = CARTESIAN_POINT('',(-3.47106991294,7.207750943219,0.3));
#1341 = DIRECTION('',(0.,0.,1.));
#1342 = DIRECTION('',(1.,0.,-0.));
#1343 = DEFINITIONAL_REPRESENTATION('',(#1344),#1352);
#1344 = ( BOUNDED_CURVE() B_SPLINE_CURVE(2,(#1345,#1346,#1347,#1348,
#1349,#1350,#1351),.UNSPECIFIED.,.T.,.F.) B_SPLINE_CURVE_WITH_KNOTS((1,2
    ,2,2,2,1),(-2.094395102393,0.,2.094395102393,4.188790204786,
6.28318530718,8.377580409573),.UNSPECIFIED.) CURVE() 
GEOMETRIC_REPRESENTATION_ITEM() RATIONAL_B_SPLINE_CURVE((1.,0.5,1.,0.5,
1.,0.5,1.)) REPRESENTATION_ITEM('') );
#1345 = CARTESIAN_POINT('',(11.47106991294,-7.207750943219));
#1346 = CARTESIAN_POINT('',(11.47106991294,-21.06415740377));
#1347 = CARTESIAN_POINT('',(-0.52893008706,-14.13595417349));
#1348 = CARTESIAN_POINT('',(-12.52893008706,-7.207750943219));
#1349 = CARTESIAN_POINT('',(-0.52893008706,-0.279547712944));
#1350 = CARTESIAN_POINT('',(11.47106991294,6.648655517332));
#1351 = CARTESIAN_POINT('',(11.47106991294,-7.207750943219));
#1352 = ( GEOMETRIC_REPRESENTATION_CONTEXT(2) 
PARAMETRIC_REPRESENTATION_CONTEXT() REPRESENTATION_CONTEXT('2D SPACE',''
  ) );
#1353 = FACE_BOUND('',#1354,.F.);
#1354 = EDGE_LOOP('',(#1355,#1383,#1416,#1437));
#1355 = ORIENTED_EDGE('',*,*,#1356,.F.);
#1356 = EDGE_CURVE('',#1357,#1359,#1361,.T.);
#1357 = VERTEX_POINT('',#1358);
#1358 = CARTESIAN_POINT('',(-5.309300509486,5.984256687339,13.1));
#1359 = VERTEX_POINT('',#1360);
#1360 = CARTESIAN_POINT('',(-5.309300509486,5.984256687339,0.3));
#1361 = SURFACE_CURVE('',#1362,(#1366,#1372),.PCURVE_S1.);
#1362 = LINE('',#1363,#1364);
#1363 = CARTESIAN_POINT('',(-5.309300509486,5.984256687339,0.));
#1364 = VECTOR('',#1365,1.);
#1365 = DIRECTION('',(-0.,-0.,-1.));
#1366 = PCURVE('',#54,#1367);
#1367 = DEFINITIONAL_REPRESENTATION('',(#1368),#1371);
#1368 = B_SPLINE_CURVE_WITH_KNOTS('',1,(#1369,#1370),.UNSPECIFIED.,.F.,
  .F.,(2,2),(-13.1000006,-0.2999994),.PIECEWISE_BEZIER_KNOTS.);
#1369 = CARTESIAN_POINT('',(-2.296500783731,-13.1000006));
#1370 = CARTESIAN_POINT('',(-2.296500783731,-0.2999994));
#1371 = ( GEOMETRIC_REPRESENTATION_CONTEXT(2) 
PARAMETRIC_REPRESENTATION_CONTEXT() REPRESENTATION_CONTEXT('2D SPACE',''
  ) );
#1372 = PCURVE('',#1373,#1378);
#1373 = CYLINDRICAL_SURFACE('',#1374,0.42);
#1374 = AXIS2_PLACEMENT_3D('',#1375,#1376,#1377);
#1375 = CARTESIAN_POINT('',(-4.98791841487,6.254651859744,0.3));
#1376 = DIRECTION('',(-0.,-0.,-1.));
#1377 = DIRECTION('',(1.,0.,0.));
#1378 = DEFINITIONAL_REPRESENTATION('',(#1379),#1382);
#1379 = B_SPLINE_CURVE_WITH_KNOTS('',1,(#1380,#1381),.UNSPECIFIED.,.F.,
  .F.,(2,2),(-13.1,-0.3),.PIECEWISE_BEZIER_KNOTS.);
#1380 = CARTESIAN_POINT('',(-3.841044094943,-12.8));
#1381 = CARTESIAN_POINT('',(-3.841044094943,0.));
#1382 = ( GEOMETRIC_REPRESENTATION_CONTEXT(2) 
PARAMETRIC_REPRESENTATION_CONTEXT() REPRESENTATION_CONTEXT('2D SPACE',''
  ) );
#1383 = ORIENTED_EDGE('',*,*,#1384,.T.);
#1384 = EDGE_CURVE('',#1357,#1385,#1387,.T.);
#1385 = VERTEX_POINT('',#1386);
#1386 = CARTESIAN_POINT('',(-4.652788370122,6.507807647961,13.1));
#1387 = SURFACE_CURVE('',#1388,(#1393,#1400),.PCURVE_S1.);
#1388 = CIRCLE('',#1389,8.);
#1389 = AXIS2_PLACEMENT_3D('',#1390,#1391,#1392);
#1390 = CARTESIAN_POINT('',(0.,0.,13.1));
#1391 = DIRECTION('',(0.,0.,-1.));
#1392 = DIRECTION('',(1.,0.,0.));
#1393 = PCURVE('',#54,#1394);
#1394 = DEFINITIONAL_REPRESENTATION('',(#1395),#1399);
#1395 = LINE('',#1396,#1397);
#1396 = CARTESIAN_POINT('',(-6.28318530718,-13.1));
#1397 = VECTOR('',#1398,1.);
#1398 = DIRECTION('',(1.,-0.));
#1399 = ( GEOMETRIC_REPRESENTATION_CONTEXT(2) 
PARAMETRIC_REPRESENTATION_CONTEXT() REPRESENTATION_CONTEXT('2D SPACE',''
  ) );
#1400 = PCURVE('',#1401,#1406);
#1401 = PLANE('',#1402);
#1402 = AXIS2_PLACEMENT_3D('',#1403,#1404,#1405);
#1403 = CARTESIAN_POINT('',(-4.98791841487,6.254651859744,13.1));
#1404 = DIRECTION('',(0.,0.,1.));
#1405 = DIRECTION('',(1.,0.,-0.));
#1406 = DEFINITIONAL_REPRESENTATION('',(#1407),#1415);
#1407 = ( BOUNDED_CURVE() B_SPLINE_CURVE(2,(#1408,#1409,#1410,#1411,
#1412,#1413,#1414),.UNSPECIFIED.,.T.,.F.) B_SPLINE_CURVE_WITH_KNOTS((1,2
    ,2,2,2,1),(-2.094395102393,0.,2.094395102393,4.188790204786,
6.28318530718,8.377580409573),.UNSPECIFIED.) CURVE() 
GEOMETRIC_REPRESENTATION_ITEM() RATIONAL_B_SPLINE_CURVE((1.,0.5,1.,0.5,
1.,0.5,1.)) REPRESENTATION_ITEM('') );
#1408 = CARTESIAN_POINT('',(12.98791841487,-6.254651859744));
#1409 = CARTESIAN_POINT('',(12.98791841487,-20.11105832029));
#1410 = CARTESIAN_POINT('',(0.98791841487,-13.18285509002));
#1411 = CARTESIAN_POINT('',(-11.01208158513,-6.254651859744));
#1412 = CARTESIAN_POINT('',(0.98791841487,0.673551370531));
#1413 = CARTESIAN_POINT('',(12.98791841487,7.601754600807));
#1414 = CARTESIAN_POINT('',(12.98791841487,-6.254651859744));
#1415 = ( GEOMETRIC_REPRESENTATION_CONTEXT(2) 
PARAMETRIC_REPRESENTATION_CONTEXT() REPRESENTATION_CONTEXT('2D SPACE',''
  ) );
#1416 = ORIENTED_EDGE('',*,*,#1417,.T.);
#1417 = EDGE_CURVE('',#1385,#1418,#1420,.T.);
#1418 = VERTEX_POINT('',#1419);
#1419 = CARTESIAN_POINT('',(-4.652788370122,6.507807647961,0.3));
#1420 = SURFACE_CURVE('',#1421,(#1425,#1431),.PCURVE_S1.);
#1421 = LINE('',#1422,#1423);
#1422 = CARTESIAN_POINT('',(-4.652788370122,6.507807647961,0.));
#1423 = VECTOR('',#1424,1.);
#1424 = DIRECTION('',(-0.,-0.,-1.));
#1425 = PCURVE('',#54,#1426);
#1426 = DEFINITIONAL_REPRESENTATION('',(#1427),#1430);
#1427 = B_SPLINE_CURVE_WITH_KNOTS('',1,(#1428,#1429),.UNSPECIFIED.,.F.,
  .F.,(2,2),(-13.1000006,-0.2999994),.PIECEWISE_BEZIER_KNOTS.);
#1428 = CARTESIAN_POINT('',(-2.191488721397,-13.1000006));
#1429 = CARTESIAN_POINT('',(-2.191488721397,-0.2999994));
#1430 = ( GEOMETRIC_REPRESENTATION_CONTEXT(2) 
PARAMETRIC_REPRESENTATION_CONTEXT() REPRESENTATION_CONTEXT('2D SPACE',''
  ) );
#1431 = PCURVE('',#1373,#1432);
#1432 = DEFINITIONAL_REPRESENTATION('',(#1433),#1436);
#1433 = B_SPLINE_CURVE_WITH_KNOTS('',1,(#1434,#1435),.UNSPECIFIED.,.F.,
  .F.,(2,2),(-13.1,-0.3),.PIECEWISE_BEZIER_KNOTS.);
#1434 = CARTESIAN_POINT('',(-6.930130717365,-12.8));
#1435 = CARTESIAN_POINT('',(-6.930130717365,0.));
#1436 = ( GEOMETRIC_REPRESENTATION_CONTEXT(2) 
PARAMETRIC_REPRESENTATION_CONTEXT() REPRESENTATION_CONTEXT('2D SPACE',''
  ) );
#1437 = ORIENTED_EDGE('',*,*,#1438,.F.);
#1438 = EDGE_CURVE('',#1359,#1418,#1439,.T.);
#1439 = SURFACE_CURVE('',#1440,(#1445,#1452),.PCURVE_S1.);
#1440 = CIRCLE('',#1441,8.);
#1441 = AXIS2_PLACEMENT_3D('',#1442,#1443,#1444);
#1442 = CARTESIAN_POINT('',(0.,0.,0.3));
#1443 = DIRECTION('',(0.,0.,-1.));
#1444 = DIRECTION('',(1.,0.,0.));
#1445 = PCURVE('',#54,#1446);
#1446 = DEFINITIONAL_REPRESENTATION('',(#1447),#1451);
#1447 = LINE('',#1448,#1449);
#1448 = CARTESIAN_POINT('',(-6.28318530718,-0.3));
#1449 = VECTOR('',#1450,1.);
#1450 = DIRECTION('',(1.,-0.));
#1451 = ( GEOMETRIC_REPRESENTATION_CONTEXT(2) 
PARAMETRIC_REPRESENTATION_CONTEXT() REPRESENTATION_CONTEXT('2D SPACE',''
  ) );
#1452 = PCURVE('',#1453,#1458);
#1453 = PLANE('',#1454);
#1454 = AXIS2_PLACEMENT_3D('',#1455,#1456,#1457);
#1455 = CARTESIAN_POINT('',(-4.98791841487,6.254651859744,0.3));
#1456 = DIRECTION('',(0.,0.,1.));
#1457 = DIRECTION('',(1.,0.,-0.));
#1458 = DEFINITIONAL_REPRESENTATION('',(#1459),#1467);
#1459 = ( BOUNDED_CURVE() B_SPLINE_CURVE(2,(#1460,#1461,#1462,#1463,
#1464,#1465,#1466),.UNSPECIFIED.,.T.,.F.) B_SPLINE_CURVE_WITH_KNOTS((1,2
    ,2,2,2,1),(-2.094395102393,0.,2.094395102393,4.188790204786,
6.28318530718,8.377580409573),.UNSPECIFIED.) CURVE() 
GEOMETRIC_REPRESENTATION_ITEM() RATIONAL_B_SPLINE_CURVE((1.,0.5,1.,0.5,
1.,0.5,1.)) REPRESENTATION_ITEM('') );
#1460 = CARTESIAN_POINT('',(12.98791841487,-6.254651859744));
#1461 = CARTESIAN_POINT('',(12.98791841487,-20.11105832029));
#1462 = CARTESIAN_POINT('',(0.98791841487,-13.18285509002));
#1463 = CARTESIAN_POINT('',(-11.01208158513,-6.254651859744));
#1464 = CARTESIAN_POINT('',(0.98791841487,0.673551370531));
#1465 = CARTESIAN_POINT('',(12.98791841487,7.601754600807));
#1466 = CARTESIAN_POINT('',(12.98791841487,-6.254651859744));
#1467 = ( GEOMETRIC_REPRESENTATION_CONTEXT(2) 
PARAMETRIC_REPRESENTATION_CONTEXT() REPRESENTATION_CONTEXT('2D SPACE',''
  ) );
#1468 = FACE_BOUND('',#1469,.F.);
#1469 = EDGE_LOOP('',(#1470,#1498,#1531,#1552));
#1470 = ORIENTED_EDGE('',*,*,#1471,.F.);
#1471 = EDGE_CURVE('',#1472,#1474,#1476,.T.);
#1472 = VERTEX_POINT('',#1473);
#1473 = CARTESIAN_POINT('',(-6.507807647961,4.652788370122,13.1));
#1474 = VERTEX_POINT('',#1475);
#1475 = CARTESIAN_POINT('',(-6.507807647961,4.652788370122,0.3));
#1476 = SURFACE_CURVE('',#1477,(#1481,#1487),.PCURVE_S1.);
#1477 = LINE('',#1478,#1479);
#1478 = CARTESIAN_POINT('',(-6.507807647961,4.652788370122,0.));
#1479 = VECTOR('',#1480,1.);
#1480 = DIRECTION('',(-0.,-0.,-1.));
#1481 = PCURVE('',#54,#1482);
#1482 = DEFINITIONAL_REPRESENTATION('',(#1483),#1486);
#1483 = B_SPLINE_CURVE_WITH_KNOTS('',1,(#1484,#1485),.UNSPECIFIED.,.F.,
  .F.,(2,2),(-13.1000006,-0.2999994),.PIECEWISE_BEZIER_KNOTS.);
#1484 = CARTESIAN_POINT('',(-2.520900258988,-13.1000006));
#1485 = CARTESIAN_POINT('',(-2.520900258988,-0.2999994));
#1486 = ( GEOMETRIC_REPRESENTATION_CONTEXT(2) 
PARAMETRIC_REPRESENTATION_CONTEXT() REPRESENTATION_CONTEXT('2D SPACE',''
  ) );
#1487 = PCURVE('',#1488,#1493);
#1488 = CYLINDRICAL_SURFACE('',#1489,0.42);
#1489 = AXIS2_PLACEMENT_3D('',#1490,#1491,#1492);
#1490 = CARTESIAN_POINT('',(-6.254651859744,4.98791841487,0.3));
#1491 = DIRECTION('',(-0.,-0.,-1.));
#1492 = DIRECTION('',(1.,0.,0.));
#1493 = DEFINITIONAL_REPRESENTATION('',(#1494),#1497);
#1494 = B_SPLINE_CURVE_WITH_KNOTS('',1,(#1495,#1496),.UNSPECIFIED.,.F.,
  .F.,(2,2),(-13.1,-0.3),.PIECEWISE_BEZIER_KNOTS.);
#1495 = CARTESIAN_POINT('',(-4.065443570199,-12.8));
#1496 = CARTESIAN_POINT('',(-4.065443570199,0.));
#1497 = ( GEOMETRIC_REPRESENTATION_CONTEXT(2) 
PARAMETRIC_REPRESENTATION_CONTEXT() REPRESENTATION_CONTEXT('2D SPACE',''
  ) );
#1498 = ORIENTED_EDGE('',*,*,#1499,.T.);
#1499 = EDGE_CURVE('',#1472,#1500,#1502,.T.);
#1500 = VERTEX_POINT('',#1501);
#1501 = CARTESIAN_POINT('',(-5.984256687339,5.309300509486,13.1));
#1502 = SURFACE_CURVE('',#1503,(#1508,#1515),.PCURVE_S1.);
#1503 = CIRCLE('',#1504,8.);
#1504 = AXIS2_PLACEMENT_3D('',#1505,#1506,#1507);
#1505 = CARTESIAN_POINT('',(0.,0.,13.1));
#1506 = DIRECTION('',(0.,0.,-1.));
#1507 = DIRECTION('',(1.,0.,0.));
#1508 = PCURVE('',#54,#1509);
#1509 = DEFINITIONAL_REPRESENTATION('',(#1510),#1514);
#1510 = LINE('',#1511,#1512);
#1511 = CARTESIAN_POINT('',(-6.28318530718,-13.1));
#1512 = VECTOR('',#1513,1.);
#1513 = DIRECTION('',(1.,-0.));
#1514 = ( GEOMETRIC_REPRESENTATION_CONTEXT(2) 
PARAMETRIC_REPRESENTATION_CONTEXT() REPRESENTATION_CONTEXT('2D SPACE',''
  ) );
#1515 = PCURVE('',#1516,#1521);
#1516 = PLANE('',#1517);
#1517 = AXIS2_PLACEMENT_3D('',#1518,#1519,#1520);
#1518 = CARTESIAN_POINT('',(-6.254651859744,4.98791841487,13.1));
#1519 = DIRECTION('',(0.,0.,1.));
#1520 = DIRECTION('',(1.,0.,-0.));
#1521 = DEFINITIONAL_REPRESENTATION('',(#1522),#1530);
#1522 = ( BOUNDED_CURVE() B_SPLINE_CURVE(2,(#1523,#1524,#1525,#1526,
#1527,#1528,#1529),.UNSPECIFIED.,.T.,.F.) B_SPLINE_CURVE_WITH_KNOTS((1,2
    ,2,2,2,1),(-2.094395102393,0.,2.094395102393,4.188790204786,
6.28318530718,8.377580409573),.UNSPECIFIED.) CURVE() 
GEOMETRIC_REPRESENTATION_ITEM() RATIONAL_B_SPLINE_CURVE((1.,0.5,1.,0.5,
1.,0.5,1.)) REPRESENTATION_ITEM('') );
#1523 = CARTESIAN_POINT('',(14.254651859744,-4.98791841487));
#1524 = CARTESIAN_POINT('',(14.254651859744,-18.84432487542));
#1525 = CARTESIAN_POINT('',(2.254651859744,-11.91612164514));
#1526 = CARTESIAN_POINT('',(-9.745348140256,-4.98791841487));
#1527 = CARTESIAN_POINT('',(2.254651859744,1.940284815406));
#1528 = CARTESIAN_POINT('',(14.254651859744,8.868488045681));
#1529 = CARTESIAN_POINT('',(14.254651859744,-4.98791841487));
#1530 = ( GEOMETRIC_REPRESENTATION_CONTEXT(2) 
PARAMETRIC_REPRESENTATION_CONTEXT() REPRESENTATION_CONTEXT('2D SPACE',''
  ) );
#1531 = ORIENTED_EDGE('',*,*,#1532,.T.);
#1532 = EDGE_CURVE('',#1500,#1533,#1535,.T.);
#1533 = VERTEX_POINT('',#1534);
#1534 = CARTESIAN_POINT('',(-5.984256687339,5.309300509486,0.3));
#1535 = SURFACE_CURVE('',#1536,(#1540,#1546),.PCURVE_S1.);
#1536 = LINE('',#1537,#1538);
#1537 = CARTESIAN_POINT('',(-5.984256687339,5.309300509486,0.));
#1538 = VECTOR('',#1539,1.);
#1539 = DIRECTION('',(-0.,-0.,-1.));
#1540 = PCURVE('',#54,#1541);
#1541 = DEFINITIONAL_REPRESENTATION('',(#1542),#1545);
#1542 = B_SPLINE_CURVE_WITH_KNOTS('',1,(#1543,#1544),.UNSPECIFIED.,.F.,
  .F.,(2,2),(-13.1000006,-0.2999994),.PIECEWISE_BEZIER_KNOTS.);
#1543 = CARTESIAN_POINT('',(-2.415888196653,-13.1000006));
#1544 = CARTESIAN_POINT('',(-2.415888196653,-0.2999994));
#1545 = ( GEOMETRIC_REPRESENTATION_CONTEXT(2) 
PARAMETRIC_REPRESENTATION_CONTEXT() REPRESENTATION_CONTEXT('2D SPACE',''
  ) );
#1546 = PCURVE('',#1488,#1547);
#1547 = DEFINITIONAL_REPRESENTATION('',(#1548),#1551);
#1548 = B_SPLINE_CURVE_WITH_KNOTS('',1,(#1549,#1550),.UNSPECIFIED.,.F.,
  .F.,(2,2),(-13.1,-0.3),.PIECEWISE_BEZIER_KNOTS.);
#1549 = CARTESIAN_POINT('',(-7.154530192622,-12.8));
#1550 = CARTESIAN_POINT('',(-7.154530192622,0.));
#1551 = ( GEOMETRIC_REPRESENTATION_CONTEXT(2) 
PARAMETRIC_REPRESENTATION_CONTEXT() REPRESENTATION_CONTEXT('2D SPACE',''
  ) );
#1552 = ORIENTED_EDGE('',*,*,#1553,.F.);
#1553 = EDGE_CURVE('',#1474,#1533,#1554,.T.);
#1554 = SURFACE_CURVE('',#1555,(#1560,#1567),.PCURVE_S1.);
#1555 = CIRCLE('',#1556,8.);
#1556 = AXIS2_PLACEMENT_3D('',#1557,#1558,#1559);
#1557 = CARTESIAN_POINT('',(0.,0.,0.3));
#1558 = DIRECTION('',(0.,0.,-1.));
#1559 = DIRECTION('',(1.,0.,0.));
#1560 = PCURVE('',#54,#1561);
#1561 = DEFINITIONAL_REPRESENTATION('',(#1562),#1566);
#1562 = LINE('',#1563,#1564);
#1563 = CARTESIAN_POINT('',(-6.28318530718,-0.3));
#1564 = VECTOR('',#1565,1.);
#1565 = DIRECTION('',(1.,-0.));
#1566 = ( GEOMETRIC_REPRESENTATION_CONTEXT(2) 
PARAMETRIC_REPRESENTATION_CONTEXT() REPRESENTATION_CONTEXT('2D SPACE',''
  ) );
#1567 = PCURVE('',#1568,#1573);
#1568 = PLANE('',#1569);
#1569 = AXIS2_PLACEMENT_3D('',#1570,#1571,#1572);
#1570 = CARTESIAN_POINT('',(-6.254651859744,4.98791841487,0.3));
#1571 = DIRECTION('',(0.,0.,1.));
#1572 = DIRECTION('',(1.,0.,-0.));
#1573 = DEFINITIONAL_REPRESENTATION('',(#1574),#1582);
#1574 = ( BOUNDED_CURVE() B_SPLINE_CURVE(2,(#1575,#1576,#1577,#1578,
#1579,#1580,#1581),.UNSPECIFIED.,.T.,.F.) B_SPLINE_CURVE_WITH_KNOTS((1,2
    ,2,2,2,1),(-2.094395102393,0.,2.094395102393,4.188790204786,
6.28318530718,8.377580409573),.UNSPECIFIED.) CURVE() 
GEOMETRIC_REPRESENTATION_ITEM() RATIONAL_B_SPLINE_CURVE((1.,0.5,1.,0.5,
1.,0.5,1.)) REPRESENTATION_ITEM('') );
#1575 = CARTESIAN_POINT('',(14.254651859744,-4.98791841487));
#1576 = CARTESIAN_POINT('',(14.254651859744,-18.84432487542));
#1577 = CARTESIAN_POINT('',(2.254651859744,-11.91612164514));
#1578 = CARTESIAN_POINT('',(-9.745348140256,-4.98791841487));
#1579 = CARTESIAN_POINT('',(2.254651859744,1.940284815406));
#1580 = CARTESIAN_POINT('',(14.254651859744,8.868488045681));
#1581 = CARTESIAN_POINT('',(14.254651859744,-4.98791841487));
#1582 = ( GEOMETRIC_REPRESENTATION_CONTEXT(2) 
PARAMETRIC_REPRESENTATION_CONTEXT() REPRESENTATION_CONTEXT('2D SPACE',''
  ) );
#1583 = FACE_BOUND('',#1584,.F.);
#1584 = EDGE_LOOP('',(#1585,#1613,#1646,#1667));
#1585 = ORIENTED_EDGE('',*,*,#1586,.F.);
#1586 = EDGE_CURVE('',#1587,#1589,#1591,.T.);
#1587 = VERTEX_POINT('',#1588);
#1588 = CARTESIAN_POINT('',(-7.379986136728,3.088009815675,13.1));
#1589 = VERTEX_POINT('',#1590);
#1590 = CARTESIAN_POINT('',(-7.379986136728,3.088009815675,0.3));
#1591 = SURFACE_CURVE('',#1592,(#1596,#1602),.PCURVE_S1.);
#1592 = LINE('',#1593,#1594);
#1593 = CARTESIAN_POINT('',(-7.379986136728,3.088009815675,0.));
#1594 = VECTOR('',#1595,1.);
#1595 = DIRECTION('',(-0.,-0.,-1.));
#1596 = PCURVE('',#54,#1597);
#1597 = DEFINITIONAL_REPRESENTATION('',(#1598),#1601);
#1598 = B_SPLINE_CURVE_WITH_KNOTS('',1,(#1599,#1600),.UNSPECIFIED.,.F.,
  .F.,(2,2),(-13.1000006,-0.2999994),.PIECEWISE_BEZIER_KNOTS.);
#1599 = CARTESIAN_POINT('',(-2.745299734244,-13.1000006));
#1600 = CARTESIAN_POINT('',(-2.745299734244,-0.2999994));
#1601 = ( GEOMETRIC_REPRESENTATION_CONTEXT(2) 
PARAMETRIC_REPRESENTATION_CONTEXT() REPRESENTATION_CONTEXT('2D SPACE',''
  ) );
#1602 = PCURVE('',#1603,#1608);
#1603 = CYLINDRICAL_SURFACE('',#1604,0.42);
#1604 = AXIS2_PLACEMENT_3D('',#1605,#1606,#1607);
#1605 = CARTESIAN_POINT('',(-7.207750943219,3.47106991294,0.3));
#1606 = DIRECTION('',(-0.,-0.,-1.));
#1607 = DIRECTION('',(1.,0.,0.));
#1608 = DEFINITIONAL_REPRESENTATION('',(#1609),#1612);
#1609 = B_SPLINE_CURVE_WITH_KNOTS('',1,(#1610,#1611),.UNSPECIFIED.,.F.,
  .F.,(2,2),(-13.1,-0.3),.PIECEWISE_BEZIER_KNOTS.);
#1610 = CARTESIAN_POINT('',(-4.289843045455,-12.8));
#1611 = CARTESIAN_POINT('',(-4.289843045455,0.));
#1612 = ( GEOMETRIC_REPRESENTATION_CONTEXT(2) 
PARAMETRIC_REPRESENTATION_CONTEXT() REPRESENTATION_CONTEXT('2D SPACE',''
  ) );
#1613 = ORIENTED_EDGE('',*,*,#1614,.T.);
#1614 = EDGE_CURVE('',#1587,#1615,#1617,.T.);
#1615 = VERTEX_POINT('',#1616);
#1616 = CARTESIAN_POINT('',(-7.015649386174,3.844562873758,13.1));
#1617 = SURFACE_CURVE('',#1618,(#1623,#1630),.PCURVE_S1.);
#1618 = CIRCLE('',#1619,8.);
#1619 = AXIS2_PLACEMENT_3D('',#1620,#1621,#1622);
#1620 = CARTESIAN_POINT('',(0.,0.,13.1));
#1621 = DIRECTION('',(0.,0.,-1.));
#1622 = DIRECTION('',(1.,0.,0.));
#1623 = PCURVE('',#54,#1624);
#1624 = DEFINITIONAL_REPRESENTATION('',(#1625),#1629);
#1625 = LINE('',#1626,#1627);
#1626 = CARTESIAN_POINT('',(-6.28318530718,-13.1));
#1627 = VECTOR('',#1628,1.);
#1628 = DIRECTION('',(1.,-0.));
#1629 = ( GEOMETRIC_REPRESENTATION_CONTEXT(2) 
PARAMETRIC_REPRESENTATION_CONTEXT() REPRESENTATION_CONTEXT('2D SPACE',''
  ) );
#1630 = PCURVE('',#1631,#1636);
#1631 = PLANE('',#1632);
#1632 = AXIS2_PLACEMENT_3D('',#1633,#1634,#1635);
#1633 = CARTESIAN_POINT('',(-7.207750943219,3.47106991294,13.1));
#1634 = DIRECTION('',(0.,0.,1.));
#1635 = DIRECTION('',(1.,0.,-0.));
#1636 = DEFINITIONAL_REPRESENTATION('',(#1637),#1645);
#1637 = ( BOUNDED_CURVE() B_SPLINE_CURVE(2,(#1638,#1639,#1640,#1641,
#1642,#1643,#1644),.UNSPECIFIED.,.T.,.F.) B_SPLINE_CURVE_WITH_KNOTS((1,2
    ,2,2,2,1),(-2.094395102393,0.,2.094395102393,4.188790204786,
6.28318530718,8.377580409573),.UNSPECIFIED.) CURVE() 
GEOMETRIC_REPRESENTATION_ITEM() RATIONAL_B_SPLINE_CURVE((1.,0.5,1.,0.5,
1.,0.5,1.)) REPRESENTATION_ITEM('') );
#1638 = CARTESIAN_POINT('',(15.207750943219,-3.47106991294));
#1639 = CARTESIAN_POINT('',(15.207750943219,-17.32747637349));
#1640 = CARTESIAN_POINT('',(3.207750943219,-10.39927314321));
#1641 = CARTESIAN_POINT('',(-8.792249056781,-3.47106991294));
#1642 = CARTESIAN_POINT('',(3.207750943219,3.457133317335));
#1643 = CARTESIAN_POINT('',(15.207750943219,10.385336547611));
#1644 = CARTESIAN_POINT('',(15.207750943219,-3.47106991294));
#1645 = ( GEOMETRIC_REPRESENTATION_CONTEXT(2) 
PARAMETRIC_REPRESENTATION_CONTEXT() REPRESENTATION_CONTEXT('2D SPACE',''
  ) );
#1646 = ORIENTED_EDGE('',*,*,#1647,.T.);
#1647 = EDGE_CURVE('',#1615,#1648,#1650,.T.);
#1648 = VERTEX_POINT('',#1649);
#1649 = CARTESIAN_POINT('',(-7.015649386174,3.844562873758,0.3));
#1650 = SURFACE_CURVE('',#1651,(#1655,#1661),.PCURVE_S1.);
#1651 = LINE('',#1652,#1653);
#1652 = CARTESIAN_POINT('',(-7.015649386174,3.844562873758,0.));
#1653 = VECTOR('',#1654,1.);
#1654 = DIRECTION('',(-0.,-0.,-1.));
#1655 = PCURVE('',#54,#1656);
#1656 = DEFINITIONAL_REPRESENTATION('',(#1657),#1660);
#1657 = B_SPLINE_CURVE_WITH_KNOTS('',1,(#1658,#1659),.UNSPECIFIED.,.F.,
  .F.,(2,2),(-13.1000006,-0.2999994),.PIECEWISE_BEZIER_KNOTS.);
#1658 = CARTESIAN_POINT('',(-2.64028767191,-13.1000006));
#1659 = CARTESIAN_POINT('',(-2.64028767191,-0.2999994));
#1660 = ( GEOMETRIC_REPRESENTATION_CONTEXT(2) 
PARAMETRIC_REPRESENTATION_CONTEXT() REPRESENTATION_CONTEXT('2D SPACE',''
  ) );
#1661 = PCURVE('',#1603,#1662);
#1662 = DEFINITIONAL_REPRESENTATION('',(#1663),#1666);
#1663 = B_SPLINE_CURVE_WITH_KNOTS('',1,(#1664,#1665),.UNSPECIFIED.,.F.,
  .F.,(2,2),(-13.1,-0.3),.PIECEWISE_BEZIER_KNOTS.);
#1664 = CARTESIAN_POINT('',(-7.378929667878,-12.8));
#1665 = CARTESIAN_POINT('',(-7.378929667878,0.));
#1666 = ( GEOMETRIC_REPRESENTATION_CONTEXT(2) 
PARAMETRIC_REPRESENTATION_CONTEXT() REPRESENTATION_CONTEXT('2D SPACE',''
  ) );
#1667 = ORIENTED_EDGE('',*,*,#1668,.F.);
#1668 = EDGE_CURVE('',#1589,#1648,#1669,.T.);
#1669 = SURFACE_CURVE('',#1670,(#1675,#1682),.PCURVE_S1.);
#1670 = CIRCLE('',#1671,8.);
#1671 = AXIS2_PLACEMENT_3D('',#1672,#1673,#1674);
#1672 = CARTESIAN_POINT('',(0.,0.,0.3));
#1673 = DIRECTION('',(0.,0.,-1.));
#1674 = DIRECTION('',(1.,0.,0.));
#1675 = PCURVE('',#54,#1676);
#1676 = DEFINITIONAL_REPRESENTATION('',(#1677),#1681);
#1677 = LINE('',#1678,#1679);
#1678 = CARTESIAN_POINT('',(-6.28318530718,-0.3));
#1679 = VECTOR('',#1680,1.);
#1680 = DIRECTION('',(1.,-0.));
#1681 = ( GEOMETRIC_REPRESENTATION_CONTEXT(2) 
PARAMETRIC_REPRESENTATION_CONTEXT() REPRESENTATION_CONTEXT('2D SPACE',''
  ) );
#1682 = PCURVE('',#1683,#1688);
#1683 = PLANE('',#1684);
#1684 = AXIS2_PLACEMENT_3D('',#1685,#1686,#1687);
#1685 = CARTESIAN_POINT('',(-7.207750943219,3.47106991294,0.3));
#1686 = DIRECTION('',(0.,0.,1.));
#1687 = DIRECTION('',(1.,0.,-0.));
#1688 = DEFINITIONAL_REPRESENTATION('',(#1689),#1697);
#1689 = ( BOUNDED_CURVE() B_SPLINE_CURVE(2,(#1690,#1691,#1692,#1693,
#1694,#1695,#1696),.UNSPECIFIED.,.T.,.F.) B_SPLINE_CURVE_WITH_KNOTS((1,2
    ,2,2,2,1),(-2.094395102393,0.,2.094395102393,4.188790204786,
6.28318530718,8.377580409573),.UNSPECIFIED.) CURVE() 
GEOMETRIC_REPRESENTATION_ITEM() RATIONAL_B_SPLINE_CURVE((1.,0.5,1.,0.5,
1.,0.5,1.)) REPRESENTATION_ITEM('') );
#1690 = CARTESIAN_POINT('',(15.207750943219,-3.47106991294));
#1691 = CARTESIAN_POINT('',(15.207750943219,-17.32747637349));
#1692 = CARTESIAN_POINT('',(3.207750943219,-10.39927314321));
#1693 = CARTESIAN_POINT('',(-8.792249056781,-3.47106991294));
#1694 = CARTESIAN_POINT('',(3.207750943219,3.457133317335));
#1695 = CARTESIAN_POINT('',(15.207750943219,10.385336547611));
#1696 = CARTESIAN_POINT('',(15.207750943219,-3.47106991294));
#1697 = ( GEOMETRIC_REPRESENTATION_CONTEXT(2) 
PARAMETRIC_REPRESENTATION_CONTEXT() REPRESENTATION_CONTEXT('2D SPACE',''
  ) );
#1698 = FACE_BOUND('',#1699,.F.);
#1699 = EDGE_LOOP('',(#1700,#1728,#1761,#1782));
#1700 = ORIENTED_EDGE('',*,*,#1701,.F.);
#1701 = EDGE_CURVE('',#1702,#1704,#1706,.T.);
#1702 = VERTEX_POINT('',#1703);
#1703 = CARTESIAN_POINT('',(-7.882101304461,1.368385554664,13.1));
#1704 = VERTEX_POINT('',#1705);
#1705 = CARTESIAN_POINT('',(-7.882101304461,1.368385554664,0.3));
#1706 = SURFACE_CURVE('',#1707,(#1711,#1717),.PCURVE_S1.);
#1707 = LINE('',#1708,#1709);
#1708 = CARTESIAN_POINT('',(-7.882101304461,1.368385554664,0.));
#1709 = VECTOR('',#1710,1.);
#1710 = DIRECTION('',(-0.,-0.,-1.));
#1711 = PCURVE('',#54,#1712);
#1712 = DEFINITIONAL_REPRESENTATION('',(#1713),#1716);
#1713 = B_SPLINE_CURVE_WITH_KNOTS('',1,(#1714,#1715),.UNSPECIFIED.,.F.,
  .F.,(2,2),(-13.1000006,-0.2999994),.PIECEWISE_BEZIER_KNOTS.);
#1714 = CARTESIAN_POINT('',(-2.969699209501,-13.1000006));
#1715 = CARTESIAN_POINT('',(-2.969699209501,-0.2999994));
#1716 = ( GEOMETRIC_REPRESENTATION_CONTEXT(2) 
PARAMETRIC_REPRESENTATION_CONTEXT() REPRESENTATION_CONTEXT('2D SPACE',''
  ) );
#1717 = PCURVE('',#1718,#1723);
#1718 = CYLINDRICAL_SURFACE('',#1719,0.42);
#1719 = AXIS2_PLACEMENT_3D('',#1720,#1721,#1722);
#1720 = CARTESIAN_POINT('',(-7.799423297455,1.780167471651,0.3));
#1721 = DIRECTION('',(-0.,-0.,-1.));
#1722 = DIRECTION('',(1.,0.,0.));
#1723 = DEFINITIONAL_REPRESENTATION('',(#1724),#1727);
#1724 = B_SPLINE_CURVE_WITH_KNOTS('',1,(#1725,#1726),.UNSPECIFIED.,.F.,
  .F.,(2,2),(-13.1,-0.3),.PIECEWISE_BEZIER_KNOTS.);
#1725 = CARTESIAN_POINT('',(-4.514242520712,-12.8));
#1726 = CARTESIAN_POINT('',(-4.514242520712,0.));
#1727 = ( GEOMETRIC_REPRESENTATION_CONTEXT(2) 
PARAMETRIC_REPRESENTATION_CONTEXT() REPRESENTATION_CONTEXT('2D SPACE',''
  ) );
#1728 = ORIENTED_EDGE('',*,*,#1729,.T.);
#1729 = EDGE_CURVE('',#1702,#1730,#1732,.T.);
#1730 = VERTEX_POINT('',#1731);
#1731 = CARTESIAN_POINT('',(-7.695248129984,2.187042802044,13.1));
#1732 = SURFACE_CURVE('',#1733,(#1738,#1745),.PCURVE_S1.);
#1733 = CIRCLE('',#1734,8.);
#1734 = AXIS2_PLACEMENT_3D('',#1735,#1736,#1737);
#1735 = CARTESIAN_POINT('',(0.,0.,13.1));
#1736 = DIRECTION('',(0.,0.,-1.));
#1737 = DIRECTION('',(1.,0.,0.));
#1738 = PCURVE('',#54,#1739);
#1739 = DEFINITIONAL_REPRESENTATION('',(#1740),#1744);
#1740 = LINE('',#1741,#1742);
#1741 = CARTESIAN_POINT('',(-6.28318530718,-13.1));
#1742 = VECTOR('',#1743,1.);
#1743 = DIRECTION('',(1.,-0.));
#1744 = ( GEOMETRIC_REPRESENTATION_CONTEXT(2) 
PARAMETRIC_REPRESENTATION_CONTEXT() REPRESENTATION_CONTEXT('2D SPACE',''
  ) );
#1745 = PCURVE('',#1746,#1751);
#1746 = PLANE('',#1747);
#1747 = AXIS2_PLACEMENT_3D('',#1748,#1749,#1750);
#1748 = CARTESIAN_POINT('',(-7.799423297455,1.780167471651,13.1));
#1749 = DIRECTION('',(0.,0.,1.));
#1750 = DIRECTION('',(1.,0.,-0.));
#1751 = DEFINITIONAL_REPRESENTATION('',(#1752),#1760);
#1752 = ( BOUNDED_CURVE() B_SPLINE_CURVE(2,(#1753,#1754,#1755,#1756,
#1757,#1758,#1759),.UNSPECIFIED.,.T.,.F.) B_SPLINE_CURVE_WITH_KNOTS((1,2
    ,2,2,2,1),(-2.094395102393,0.,2.094395102393,4.188790204786,
6.28318530718,8.377580409573),.UNSPECIFIED.) CURVE() 
GEOMETRIC_REPRESENTATION_ITEM() RATIONAL_B_SPLINE_CURVE((1.,0.5,1.,0.5,
1.,0.5,1.)) REPRESENTATION_ITEM('') );
#1753 = CARTESIAN_POINT('',(15.799423297455,-1.780167471651));
#1754 = CARTESIAN_POINT('',(15.799423297455,-15.6365739322));
#1755 = CARTESIAN_POINT('',(3.799423297455,-8.708370701926));
#1756 = CARTESIAN_POINT('',(-8.200576702545,-1.780167471651));
#1757 = CARTESIAN_POINT('',(3.799423297455,5.148035758625));
#1758 = CARTESIAN_POINT('',(15.799423297455,12.076238988901));
#1759 = CARTESIAN_POINT('',(15.799423297455,-1.780167471651));
#1760 = ( GEOMETRIC_REPRESENTATION_CONTEXT(2) 
PARAMETRIC_REPRESENTATION_CONTEXT() REPRESENTATION_CONTEXT('2D SPACE',''
  ) );
#1761 = ORIENTED_EDGE('',*,*,#1762,.T.);
#1762 = EDGE_CURVE('',#1730,#1763,#1765,.T.);
#1763 = VERTEX_POINT('',#1764);
#1764 = CARTESIAN_POINT('',(-7.695248129984,2.187042802044,0.3));
#1765 = SURFACE_CURVE('',#1766,(#1770,#1776),.PCURVE_S1.);
#1766 = LINE('',#1767,#1768);
#1767 = CARTESIAN_POINT('',(-7.695248129984,2.187042802044,0.));
#1768 = VECTOR('',#1769,1.);
#1769 = DIRECTION('',(-0.,-0.,-1.));
#1770 = PCURVE('',#54,#1771);
#1771 = DEFINITIONAL_REPRESENTATION('',(#1772),#1775);
#1772 = B_SPLINE_CURVE_WITH_KNOTS('',1,(#1773,#1774),.UNSPECIFIED.,.F.,
  .F.,(2,2),(-13.1000006,-0.2999994),.PIECEWISE_BEZIER_KNOTS.);
#1773 = CARTESIAN_POINT('',(-2.864687147166,-13.1000006));
#1774 = CARTESIAN_POINT('',(-2.864687147166,-0.2999994));
#1775 = ( GEOMETRIC_REPRESENTATION_CONTEXT(2) 
PARAMETRIC_REPRESENTATION_CONTEXT() REPRESENTATION_CONTEXT('2D SPACE',''
  ) );
#1776 = PCURVE('',#1718,#1777);
#1777 = DEFINITIONAL_REPRESENTATION('',(#1778),#1781);
#1778 = B_SPLINE_CURVE_WITH_KNOTS('',1,(#1779,#1780),.UNSPECIFIED.,.F.,
  .F.,(2,2),(-13.1,-0.3),.PIECEWISE_BEZIER_KNOTS.);
#1779 = CARTESIAN_POINT('',(-7.603329143134,-12.8));
#1780 = CARTESIAN_POINT('',(-7.603329143134,0.));
#1781 = ( GEOMETRIC_REPRESENTATION_CONTEXT(2) 
PARAMETRIC_REPRESENTATION_CONTEXT() REPRESENTATION_CONTEXT('2D SPACE',''
  ) );
#1782 = ORIENTED_EDGE('',*,*,#1783,.F.);
#1783 = EDGE_CURVE('',#1704,#1763,#1784,.T.);
#1784 = SURFACE_CURVE('',#1785,(#1790,#1797),.PCURVE_S1.);
#1785 = CIRCLE('',#1786,8.);
#1786 = AXIS2_PLACEMENT_3D('',#1787,#1788,#1789);
#1787 = CARTESIAN_POINT('',(0.,0.,0.3));
#1788 = DIRECTION('',(0.,0.,-1.));
#1789 = DIRECTION('',(1.,0.,0.));
#1790 = PCURVE('',#54,#1791);
#1791 = DEFINITIONAL_REPRESENTATION('',(#1792),#1796);
#1792 = LINE('',#1793,#1794);
#1793 = CARTESIAN_POINT('',(-6.28318530718,-0.3));
#1794 = VECTOR('',#1795,1.);
#1795 = DIRECTION('',(1.,-0.));
#1796 = ( GEOMETRIC_REPRESENTATION_CONTEXT(2) 
PARAMETRIC_REPRESENTATION_CONTEXT() REPRESENTATION_CONTEXT('2D SPACE',''
  ) );
#1797 = PCURVE('',#1798,#1803);
#1798 = PLANE('',#1799);
#1799 = AXIS2_PLACEMENT_3D('',#1800,#1801,#1802);
#1800 = CARTESIAN_POINT('',(-7.799423297455,1.780167471651,0.3));
#1801 = DIRECTION('',(0.,0.,1.));
#1802 = DIRECTION('',(1.,0.,-0.));
#1803 = DEFINITIONAL_REPRESENTATION('',(#1804),#1812);
#1804 = ( BOUNDED_CURVE() B_SPLINE_CURVE(2,(#1805,#1806,#1807,#1808,
#1809,#1810,#1811),.UNSPECIFIED.,.T.,.F.) B_SPLINE_CURVE_WITH_KNOTS((1,2
    ,2,2,2,1),(-2.094395102393,0.,2.094395102393,4.188790204786,
6.28318530718,8.377580409573),.UNSPECIFIED.) CURVE() 
GEOMETRIC_REPRESENTATION_ITEM() RATIONAL_B_SPLINE_CURVE((1.,0.5,1.,0.5,
1.,0.5,1.)) REPRESENTATION_ITEM('') );
#1805 = CARTESIAN_POINT('',(15.799423297455,-1.780167471651));
#1806 = CARTESIAN_POINT('',(15.799423297455,-15.6365739322));
#1807 = CARTESIAN_POINT('',(3.799423297455,-8.708370701926));
#1808 = CARTESIAN_POINT('',(-8.200576702545,-1.780167471651));
#1809 = CARTESIAN_POINT('',(3.799423297455,5.148035758625));
#1810 = CARTESIAN_POINT('',(15.799423297455,12.076238988901));
#1811 = CARTESIAN_POINT('',(15.799423297455,-1.780167471651));
#1812 = ( GEOMETRIC_REPRESENTATION_CONTEXT(2) 
PARAMETRIC_REPRESENTATION_CONTEXT() REPRESENTATION_CONTEXT('2D SPACE',''
  ) );
#1813 = FACE_BOUND('',#1814,.F.);
#1814 = EDGE_LOOP('',(#1815,#1843,#1876,#1897));
#1815 = ORIENTED_EDGE('',*,*,#1816,.F.);
#1816 = EDGE_CURVE('',#1817,#1819,#1821,.T.);
#1817 = VERTEX_POINT('',#1818);
#1818 = CARTESIAN_POINT('',(-7.988975,-0.419855271939,13.1));
#1819 = VERTEX_POINT('',#1820);
#1820 = CARTESIAN_POINT('',(-7.988975,-0.419855271939,0.3));
#1821 = SURFACE_CURVE('',#1822,(#1826,#1832),.PCURVE_S1.);
#1822 = LINE('',#1823,#1824);
#1823 = CARTESIAN_POINT('',(-7.988975,-0.419855271939,0.));
#1824 = VECTOR('',#1825,1.);
#1825 = DIRECTION('',(-0.,-0.,-1.));
#1826 = PCURVE('',#54,#1827);
#1827 = DEFINITIONAL_REPRESENTATION('',(#1828),#1831);
#1828 = B_SPLINE_CURVE_WITH_KNOTS('',1,(#1829,#1830),.UNSPECIFIED.,.F.,
  .F.,(2,2),(-13.1000006,-0.2999994),.PIECEWISE_BEZIER_KNOTS.);
#1829 = CARTESIAN_POINT('',(-3.194098684757,-13.1000006));
#1830 = CARTESIAN_POINT('',(-3.194098684757,-0.2999994));
#1831 = ( GEOMETRIC_REPRESENTATION_CONTEXT(2) 
PARAMETRIC_REPRESENTATION_CONTEXT() REPRESENTATION_CONTEXT('2D SPACE',''
  ) );
#1832 = PCURVE('',#1833,#1838);
#1833 = CYLINDRICAL_SURFACE('',#1834,0.42);
#1834 = AXIS2_PLACEMENT_3D('',#1835,#1836,#1837);
#1835 = CARTESIAN_POINT('',(-8.,9.797174393179E-16,0.3));
#1836 = DIRECTION('',(-0.,-0.,-1.));
#1837 = DIRECTION('',(1.,0.,0.));
#1838 = DEFINITIONAL_REPRESENTATION('',(#1839),#1842);
#1839 = B_SPLINE_CURVE_WITH_KNOTS('',1,(#1840,#1841),.UNSPECIFIED.,.F.,
  .F.,(2,2),(-13.1,-0.3),.PIECEWISE_BEZIER_KNOTS.);
#1840 = CARTESIAN_POINT('',(-4.738641995968,-12.8));
#1841 = CARTESIAN_POINT('',(-4.738641995968,0.));
#1842 = ( GEOMETRIC_REPRESENTATION_CONTEXT(2) 
PARAMETRIC_REPRESENTATION_CONTEXT() REPRESENTATION_CONTEXT('2D SPACE',''
  ) );
#1843 = ORIENTED_EDGE('',*,*,#1844,.T.);
#1844 = EDGE_CURVE('',#1817,#1845,#1847,.T.);
#1845 = VERTEX_POINT('',#1846);
#1846 = CARTESIAN_POINT('',(-7.988975,0.419855271939,13.1));
#1847 = SURFACE_CURVE('',#1848,(#1853,#1860),.PCURVE_S1.);
#1848 = CIRCLE('',#1849,8.);
#1849 = AXIS2_PLACEMENT_3D('',#1850,#1851,#1852);
#1850 = CARTESIAN_POINT('',(0.,0.,13.1));
#1851 = DIRECTION('',(0.,0.,-1.));
#1852 = DIRECTION('',(1.,0.,0.));
#1853 = PCURVE('',#54,#1854);
#1854 = DEFINITIONAL_REPRESENTATION('',(#1855),#1859);
#1855 = LINE('',#1856,#1857);
#1856 = CARTESIAN_POINT('',(-6.28318530718,-13.1));
#1857 = VECTOR('',#1858,1.);
#1858 = DIRECTION('',(1.,-0.));
#1859 = ( GEOMETRIC_REPRESENTATION_CONTEXT(2) 
PARAMETRIC_REPRESENTATION_CONTEXT() REPRESENTATION_CONTEXT('2D SPACE',''
  ) );
#1860 = PCURVE('',#1861,#1866);
#1861 = PLANE('',#1862);
#1862 = AXIS2_PLACEMENT_3D('',#1863,#1864,#1865);
#1863 = CARTESIAN_POINT('',(-8.,9.880083985E-16,13.1));
#1864 = DIRECTION('',(0.,0.,1.));
#1865 = DIRECTION('',(1.,0.,-0.));
#1866 = DEFINITIONAL_REPRESENTATION('',(#1867),#1875);
#1867 = ( BOUNDED_CURVE() B_SPLINE_CURVE(2,(#1868,#1869,#1870,#1871,
#1872,#1873,#1874),.UNSPECIFIED.,.T.,.F.) B_SPLINE_CURVE_WITH_KNOTS((1,2
    ,2,2,2,1),(-2.094395102393,0.,2.094395102393,4.188790204786,
6.28318530718,8.377580409573),.UNSPECIFIED.) CURVE() 
GEOMETRIC_REPRESENTATION_ITEM() RATIONAL_B_SPLINE_CURVE((1.,0.5,1.,0.5,
1.,0.5,1.)) REPRESENTATION_ITEM('') );
#1868 = CARTESIAN_POINT('',(16.,-9.880083985E-16));
#1869 = CARTESIAN_POINT('',(16.,-13.85640646055));
#1870 = CARTESIAN_POINT('',(4.,-6.928203230276));
#1871 = CARTESIAN_POINT('',(-8.,-2.947443277136E-15));
#1872 = CARTESIAN_POINT('',(4.,6.928203230276));
#1873 = CARTESIAN_POINT('',(16.,13.856406460551));
#1874 = CARTESIAN_POINT('',(16.,-9.880083985E-16));
#1875 = ( GEOMETRIC_REPRESENTATION_CONTEXT(2) 
PARAMETRIC_REPRESENTATION_CONTEXT() REPRESENTATION_CONTEXT('2D SPACE',''
  ) );
#1876 = ORIENTED_EDGE('',*,*,#1877,.T.);
#1877 = EDGE_CURVE('',#1845,#1878,#1880,.T.);
#1878 = VERTEX_POINT('',#1879);
#1879 = CARTESIAN_POINT('',(-7.988975,0.419855271939,0.3));
#1880 = SURFACE_CURVE('',#1881,(#1885,#1891),.PCURVE_S1.);
#1881 = LINE('',#1882,#1883);
#1882 = CARTESIAN_POINT('',(-7.988975,0.419855271939,0.));
#1883 = VECTOR('',#1884,1.);
#1884 = DIRECTION('',(-0.,-0.,-1.));
#1885 = PCURVE('',#54,#1886);
#1886 = DEFINITIONAL_REPRESENTATION('',(#1887),#1890);
#1887 = B_SPLINE_CURVE_WITH_KNOTS('',1,(#1888,#1889),.UNSPECIFIED.,.F.,
  .F.,(2,2),(-13.1000006,-0.2999994),.PIECEWISE_BEZIER_KNOTS.);
#1888 = CARTESIAN_POINT('',(-3.089086622423,-13.1000006));
#1889 = CARTESIAN_POINT('',(-3.089086622423,-0.2999994));
#1890 = ( GEOMETRIC_REPRESENTATION_CONTEXT(2) 
PARAMETRIC_REPRESENTATION_CONTEXT() REPRESENTATION_CONTEXT('2D SPACE',''
  ) );
#1891 = PCURVE('',#1833,#1892);
#1892 = DEFINITIONAL_REPRESENTATION('',(#1893),#1896);
#1893 = B_SPLINE_CURVE_WITH_KNOTS('',1,(#1894,#1895),.UNSPECIFIED.,.F.,
  .F.,(2,2),(-13.1,-0.3),.PIECEWISE_BEZIER_KNOTS.);
#1894 = CARTESIAN_POINT('',(-7.827728618391,-12.8));
#1895 = CARTESIAN_POINT('',(-7.827728618391,0.));
#1896 = ( GEOMETRIC_REPRESENTATION_CONTEXT(2) 
PARAMETRIC_REPRESENTATION_CONTEXT() REPRESENTATION_CONTEXT('2D SPACE',''
  ) );
#1897 = ORIENTED_EDGE('',*,*,#1898,.F.);
#1898 = EDGE_CURVE('',#1819,#1878,#1899,.T.);
#1899 = SURFACE_CURVE('',#1900,(#1905,#1912),.PCURVE_S1.);
#1900 = CIRCLE('',#1901,8.);
#1901 = AXIS2_PLACEMENT_3D('',#1902,#1903,#1904);
#1902 = CARTESIAN_POINT('',(0.,0.,0.3));
#1903 = DIRECTION('',(0.,0.,-1.));
#1904 = DIRECTION('',(1.,0.,0.));
#1905 = PCURVE('',#54,#1906);
#1906 = DEFINITIONAL_REPRESENTATION('',(#1907),#1911);
#1907 = LINE('',#1908,#1909);
#1908 = CARTESIAN_POINT('',(-6.28318530718,-0.3));
#1909 = VECTOR('',#1910,1.);
#1910 = DIRECTION('',(1.,-0.));
#1911 = ( GEOMETRIC_REPRESENTATION_CONTEXT(2) 
PARAMETRIC_REPRESENTATION_CONTEXT() REPRESENTATION_CONTEXT('2D SPACE',''
  ) );
#1912 = PCURVE('',#1913,#1918);
#1913 = PLANE('',#1914);
#1914 = AXIS2_PLACEMENT_3D('',#1915,#1916,#1917);
#1915 = CARTESIAN_POINT('',(-8.,9.880083985E-16,0.3));
#1916 = DIRECTION('',(0.,0.,1.));
#1917 = DIRECTION('',(1.,0.,-0.));
#1918 = DEFINITIONAL_REPRESENTATION('',(#1919),#1927);
#1919 = ( BOUNDED_CURVE() B_SPLINE_CURVE(2,(#1920,#1921,#1922,#1923,
#1924,#1925,#1926),.UNSPECIFIED.,.T.,.F.) B_SPLINE_CURVE_WITH_KNOTS((1,2
    ,2,2,2,1),(-2.094395102393,0.,2.094395102393,4.188790204786,
6.28318530718,8.377580409573),.UNSPECIFIED.) CURVE() 
GEOMETRIC_REPRESENTATION_ITEM() RATIONAL_B_SPLINE_CURVE((1.,0.5,1.,0.5,
1.,0.5,1.)) REPRESENTATION_ITEM('') );
#1920 = CARTESIAN_POINT('',(16.,-9.880083985E-16));
#1921 = CARTESIAN_POINT('',(16.,-13.85640646055));
#1922 = CARTESIAN_POINT('',(4.,-6.928203230276));
#1923 = CARTESIAN_POINT('',(-8.,-2.947443277136E-15));
#1924 = CARTESIAN_POINT('',(4.,6.928203230276));
#1925 = CARTESIAN_POINT('',(16.,13.856406460551));
#1926 = CARTESIAN_POINT('',(16.,-9.880083985E-16));
#1927 = ( GEOMETRIC_REPRESENTATION_CONTEXT(2) 
PARAMETRIC_REPRESENTATION_CONTEXT() REPRESENTATION_CONTEXT('2D SPACE',''
  ) );
#1928 = FACE_BOUND('',#1929,.F.);
#1929 = EDGE_LOOP('',(#1930,#1958,#1991,#2012));
#1930 = ORIENTED_EDGE('',*,*,#1931,.F.);
#1931 = EDGE_CURVE('',#1932,#1934,#1936,.T.);
#1932 = VERTEX_POINT('',#1933);
#1933 = CARTESIAN_POINT('',(-7.695248129984,-2.187042802044,13.1));
#1934 = VERTEX_POINT('',#1935);
#1935 = CARTESIAN_POINT('',(-7.695248129984,-2.187042802044,0.3));
#1936 = SURFACE_CURVE('',#1937,(#1941,#1947),.PCURVE_S1.);
#1937 = LINE('',#1938,#1939);
#1938 = CARTESIAN_POINT('',(-7.695248129984,-2.187042802044,0.));
#1939 = VECTOR('',#1940,1.);
#1940 = DIRECTION('',(-0.,-0.,-1.));
#1941 = PCURVE('',#54,#1942);
#1942 = DEFINITIONAL_REPRESENTATION('',(#1943),#1946);
#1943 = B_SPLINE_CURVE_WITH_KNOTS('',1,(#1944,#1945),.UNSPECIFIED.,.F.,
  .F.,(2,2),(-13.1000006,-0.2999994),.PIECEWISE_BEZIER_KNOTS.);
#1944 = CARTESIAN_POINT('',(-3.418498160013,-13.1000006));
#1945 = CARTESIAN_POINT('',(-3.418498160013,-0.2999994));
#1946 = ( GEOMETRIC_REPRESENTATION_CONTEXT(2) 
PARAMETRIC_REPRESENTATION_CONTEXT() REPRESENTATION_CONTEXT('2D SPACE',''
  ) );
#1947 = PCURVE('',#1948,#1953);
#1948 = CYLINDRICAL_SURFACE('',#1949,0.42);
#1949 = AXIS2_PLACEMENT_3D('',#1950,#1951,#1952);
#1950 = CARTESIAN_POINT('',(-7.799423297455,-1.780167471651,0.3));
#1951 = DIRECTION('',(-0.,-0.,-1.));
#1952 = DIRECTION('',(1.,0.,0.));
#1953 = DEFINITIONAL_REPRESENTATION('',(#1954),#1957);
#1954 = B_SPLINE_CURVE_WITH_KNOTS('',1,(#1955,#1956),.UNSPECIFIED.,.F.,
  .F.,(2,2),(-13.1,-0.3),.PIECEWISE_BEZIER_KNOTS.);
#1955 = CARTESIAN_POINT('',(-4.963041471225,-12.8));
#1956 = CARTESIAN_POINT('',(-4.963041471225,0.));
#1957 = ( GEOMETRIC_REPRESENTATION_CONTEXT(2) 
PARAMETRIC_REPRESENTATION_CONTEXT() REPRESENTATION_CONTEXT('2D SPACE',''
  ) );
#1958 = ORIENTED_EDGE('',*,*,#1959,.T.);
#1959 = EDGE_CURVE('',#1932,#1960,#1962,.T.);
#1960 = VERTEX_POINT('',#1961);
#1961 = CARTESIAN_POINT('',(-7.882101304461,-1.368385554664,13.1));
#1962 = SURFACE_CURVE('',#1963,(#1968,#1975),.PCURVE_S1.);
#1963 = CIRCLE('',#1964,8.);
#1964 = AXIS2_PLACEMENT_3D('',#1965,#1966,#1967);
#1965 = CARTESIAN_POINT('',(0.,0.,13.1));
#1966 = DIRECTION('',(0.,0.,-1.));
#1967 = DIRECTION('',(1.,0.,0.));
#1968 = PCURVE('',#54,#1969);
#1969 = DEFINITIONAL_REPRESENTATION('',(#1970),#1974);
#1970 = LINE('',#1971,#1972);
#1971 = CARTESIAN_POINT('',(-6.28318530718,-13.1));
#1972 = VECTOR('',#1973,1.);
#1973 = DIRECTION('',(1.,-0.));
#1974 = ( GEOMETRIC_REPRESENTATION_CONTEXT(2) 
PARAMETRIC_REPRESENTATION_CONTEXT() REPRESENTATION_CONTEXT('2D SPACE',''
  ) );
#1975 = PCURVE('',#1976,#1981);
#1976 = PLANE('',#1977);
#1977 = AXIS2_PLACEMENT_3D('',#1978,#1979,#1980);
#1978 = CARTESIAN_POINT('',(-7.799423297455,-1.780167471651,13.1));
#1979 = DIRECTION('',(0.,0.,1.));
#1980 = DIRECTION('',(1.,0.,-0.));
#1981 = DEFINITIONAL_REPRESENTATION('',(#1982),#1990);
#1982 = ( BOUNDED_CURVE() B_SPLINE_CURVE(2,(#1983,#1984,#1985,#1986,
#1987,#1988,#1989),.UNSPECIFIED.,.T.,.F.) B_SPLINE_CURVE_WITH_KNOTS((1,2
    ,2,2,2,1),(-2.094395102393,0.,2.094395102393,4.188790204786,
6.28318530718,8.377580409573),.UNSPECIFIED.) CURVE() 
GEOMETRIC_REPRESENTATION_ITEM() RATIONAL_B_SPLINE_CURVE((1.,0.5,1.,0.5,
1.,0.5,1.)) REPRESENTATION_ITEM('') );
#1983 = CARTESIAN_POINT('',(15.799423297455,1.780167471651));
#1984 = CARTESIAN_POINT('',(15.799423297455,-12.0762389889));
#1985 = CARTESIAN_POINT('',(3.799423297455,-5.148035758625));
#1986 = CARTESIAN_POINT('',(-8.200576702545,1.780167471651));
#1987 = CARTESIAN_POINT('',(3.799423297455,8.708370701926));
#1988 = CARTESIAN_POINT('',(15.799423297455,15.636573932202));
#1989 = CARTESIAN_POINT('',(15.799423297455,1.780167471651));
#1990 = ( GEOMETRIC_REPRESENTATION_CONTEXT(2) 
PARAMETRIC_REPRESENTATION_CONTEXT() REPRESENTATION_CONTEXT('2D SPACE',''
  ) );
#1991 = ORIENTED_EDGE('',*,*,#1992,.T.);
#1992 = EDGE_CURVE('',#1960,#1993,#1995,.T.);
#1993 = VERTEX_POINT('',#1994);
#1994 = CARTESIAN_POINT('',(-7.882101304461,-1.368385554664,0.3));
#1995 = SURFACE_CURVE('',#1996,(#2000,#2006),.PCURVE_S1.);
#1996 = LINE('',#1997,#1998);
#1997 = CARTESIAN_POINT('',(-7.882101304461,-1.368385554664,0.));
#1998 = VECTOR('',#1999,1.);
#1999 = DIRECTION('',(-0.,-0.,-1.));
#2000 = PCURVE('',#54,#2001);
#2001 = DEFINITIONAL_REPRESENTATION('',(#2002),#2005);
#2002 = B_SPLINE_CURVE_WITH_KNOTS('',1,(#2003,#2004),.UNSPECIFIED.,.F.,
  .F.,(2,2),(-13.1000006,-0.2999994),.PIECEWISE_BEZIER_KNOTS.);
#2003 = CARTESIAN_POINT('',(-3.313486097679,-13.1000006));
#2004 = CARTESIAN_POINT('',(-3.313486097679,-0.2999994));
#2005 = ( GEOMETRIC_REPRESENTATION_CONTEXT(2) 
PARAMETRIC_REPRESENTATION_CONTEXT() REPRESENTATION_CONTEXT('2D SPACE',''
  ) );
#2006 = PCURVE('',#1948,#2007);
#2007 = DEFINITIONAL_REPRESENTATION('',(#2008),#2011);
#2008 = B_SPLINE_CURVE_WITH_KNOTS('',1,(#2009,#2010),.UNSPECIFIED.,.F.,
  .F.,(2,2),(-13.1,-0.3),.PIECEWISE_BEZIER_KNOTS.);
#2009 = CARTESIAN_POINT('',(-8.052128093647,-12.8));
#2010 = CARTESIAN_POINT('',(-8.052128093647,0.));
#2011 = ( GEOMETRIC_REPRESENTATION_CONTEXT(2) 
PARAMETRIC_REPRESENTATION_CONTEXT() REPRESENTATION_CONTEXT('2D SPACE',''
  ) );
#2012 = ORIENTED_EDGE('',*,*,#2013,.F.);
#2013 = EDGE_CURVE('',#1934,#1993,#2014,.T.);
#2014 = SURFACE_CURVE('',#2015,(#2020,#2027),.PCURVE_S1.);
#2015 = CIRCLE('',#2016,8.);
#2016 = AXIS2_PLACEMENT_3D('',#2017,#2018,#2019);
#2017 = CARTESIAN_POINT('',(0.,0.,0.3));
#2018 = DIRECTION('',(0.,0.,-1.));
#2019 = DIRECTION('',(1.,0.,0.));
#2020 = PCURVE('',#54,#2021);
#2021 = DEFINITIONAL_REPRESENTATION('',(#2022),#2026);
#2022 = LINE('',#2023,#2024);
#2023 = CARTESIAN_POINT('',(-6.28318530718,-0.3));
#2024 = VECTOR('',#2025,1.);
#2025 = DIRECTION('',(1.,-0.));
#2026 = ( GEOMETRIC_REPRESENTATION_CONTEXT(2) 
PARAMETRIC_REPRESENTATION_CONTEXT() REPRESENTATION_CONTEXT('2D SPACE',''
  ) );
#2027 = PCURVE('',#2028,#2033);
#2028 = PLANE('',#2029);
#2029 = AXIS2_PLACEMENT_3D('',#2030,#2031,#2032);
#2030 = CARTESIAN_POINT('',(-7.799423297455,-1.780167471651,0.3));
#2031 = DIRECTION('',(0.,0.,1.));
#2032 = DIRECTION('',(1.,0.,-0.));
#2033 = DEFINITIONAL_REPRESENTATION('',(#2034),#2042);
#2034 = ( BOUNDED_CURVE() B_SPLINE_CURVE(2,(#2035,#2036,#2037,#2038,
#2039,#2040,#2041),.UNSPECIFIED.,.T.,.F.) B_SPLINE_CURVE_WITH_KNOTS((1,2
    ,2,2,2,1),(-2.094395102393,0.,2.094395102393,4.188790204786,
6.28318530718,8.377580409573),.UNSPECIFIED.) CURVE() 
GEOMETRIC_REPRESENTATION_ITEM() RATIONAL_B_SPLINE_CURVE((1.,0.5,1.,0.5,
1.,0.5,1.)) REPRESENTATION_ITEM('') );
#2035 = CARTESIAN_POINT('',(15.799423297455,1.780167471651));
#2036 = CARTESIAN_POINT('',(15.799423297455,-12.0762389889));
#2037 = CARTESIAN_POINT('',(3.799423297455,-5.148035758625));
#2038 = CARTESIAN_POINT('',(-8.200576702545,1.780167471651));
#2039 = CARTESIAN_POINT('',(3.799423297455,8.708370701926));
#2040 = CARTESIAN_POINT('',(15.799423297455,15.636573932202));
#2041 = CARTESIAN_POINT('',(15.799423297455,1.780167471651));
#2042 = ( GEOMETRIC_REPRESENTATION_CONTEXT(2) 
PARAMETRIC_REPRESENTATION_CONTEXT() REPRESENTATION_CONTEXT('2D SPACE',''
  ) );
#2043 = FACE_BOUND('',#2044,.F.);
#2044 = EDGE_LOOP('',(#2045,#2073,#2106,#2127));
#2045 = ORIENTED_EDGE('',*,*,#2046,.F.);
#2046 = EDGE_CURVE('',#2047,#2049,#2051,.T.);
#2047 = VERTEX_POINT('',#2048);
#2048 = CARTESIAN_POINT('',(-7.015649386174,-3.844562873758,13.1));
#2049 = VERTEX_POINT('',#2050);
#2050 = CARTESIAN_POINT('',(-7.015649386174,-3.844562873758,0.3));
#2051 = SURFACE_CURVE('',#2052,(#2056,#2062),.PCURVE_S1.);
#2052 = LINE('',#2053,#2054);
#2053 = CARTESIAN_POINT('',(-7.015649386174,-3.844562873758,0.));
#2054 = VECTOR('',#2055,1.);
#2055 = DIRECTION('',(-0.,-0.,-1.));
#2056 = PCURVE('',#54,#2057);
#2057 = DEFINITIONAL_REPRESENTATION('',(#2058),#2061);
#2058 = B_SPLINE_CURVE_WITH_KNOTS('',1,(#2059,#2060),.UNSPECIFIED.,.F.,
  .F.,(2,2),(-13.1000006,-0.2999994),.PIECEWISE_BEZIER_KNOTS.);
#2059 = CARTESIAN_POINT('',(-3.64289763527,-13.1000006));
#2060 = CARTESIAN_POINT('',(-3.64289763527,-0.2999994));
#2061 = ( GEOMETRIC_REPRESENTATION_CONTEXT(2) 
PARAMETRIC_REPRESENTATION_CONTEXT() REPRESENTATION_CONTEXT('2D SPACE',''
  ) );
#2062 = PCURVE('',#2063,#2068);
#2063 = CYLINDRICAL_SURFACE('',#2064,0.42);
#2064 = AXIS2_PLACEMENT_3D('',#2065,#2066,#2067);
#2065 = CARTESIAN_POINT('',(-7.207750943219,-3.47106991294,0.3));
#2066 = DIRECTION('',(-0.,-0.,-1.));
#2067 = DIRECTION('',(1.,0.,0.));
#2068 = DEFINITIONAL_REPRESENTATION('',(#2069),#2072);
#2069 = B_SPLINE_CURVE_WITH_KNOTS('',1,(#2070,#2071),.UNSPECIFIED.,.F.,
  .F.,(2,2),(-13.1,-0.3),.PIECEWISE_BEZIER_KNOTS.);
#2070 = CARTESIAN_POINT('',(-5.187440946481,-12.8));
#2071 = CARTESIAN_POINT('',(-5.187440946481,0.));
#2072 = ( GEOMETRIC_REPRESENTATION_CONTEXT(2) 
PARAMETRIC_REPRESENTATION_CONTEXT() REPRESENTATION_CONTEXT('2D SPACE',''
  ) );
#2073 = ORIENTED_EDGE('',*,*,#2074,.T.);
#2074 = EDGE_CURVE('',#2047,#2075,#2077,.T.);
#2075 = VERTEX_POINT('',#2076);
#2076 = CARTESIAN_POINT('',(-7.379986136728,-3.088009815675,13.1));
#2077 = SURFACE_CURVE('',#2078,(#2083,#2090),.PCURVE_S1.);
#2078 = CIRCLE('',#2079,8.);
#2079 = AXIS2_PLACEMENT_3D('',#2080,#2081,#2082);
#2080 = CARTESIAN_POINT('',(0.,0.,13.1));
#2081 = DIRECTION('',(0.,0.,-1.));
#2082 = DIRECTION('',(1.,0.,0.));
#2083 = PCURVE('',#54,#2084);
#2084 = DEFINITIONAL_REPRESENTATION('',(#2085),#2089);
#2085 = LINE('',#2086,#2087);
#2086 = CARTESIAN_POINT('',(-6.28318530718,-13.1));
#2087 = VECTOR('',#2088,1.);
#2088 = DIRECTION('',(1.,-0.));
#2089 = ( GEOMETRIC_REPRESENTATION_CONTEXT(2) 
PARAMETRIC_REPRESENTATION_CONTEXT() REPRESENTATION_CONTEXT('2D SPACE',''
  ) );
#2090 = PCURVE('',#2091,#2096);
#2091 = PLANE('',#2092);
#2092 = AXIS2_PLACEMENT_3D('',#2093,#2094,#2095);
#2093 = CARTESIAN_POINT('',(-7.207750943219,-3.47106991294,13.1));
#2094 = DIRECTION('',(0.,0.,1.));
#2095 = DIRECTION('',(1.,0.,-0.));
#2096 = DEFINITIONAL_REPRESENTATION('',(#2097),#2105);
#2097 = ( BOUNDED_CURVE() B_SPLINE_CURVE(2,(#2098,#2099,#2100,#2101,
#2102,#2103,#2104),.UNSPECIFIED.,.T.,.F.) B_SPLINE_CURVE_WITH_KNOTS((1,2
    ,2,2,2,1),(-2.094395102393,0.,2.094395102393,4.188790204786,
6.28318530718,8.377580409573),.UNSPECIFIED.) CURVE() 
GEOMETRIC_REPRESENTATION_ITEM() RATIONAL_B_SPLINE_CURVE((1.,0.5,1.,0.5,
1.,0.5,1.)) REPRESENTATION_ITEM('') );
#2098 = CARTESIAN_POINT('',(15.207750943219,3.47106991294));
#2099 = CARTESIAN_POINT('',(15.207750943219,-10.38533654761));
#2100 = CARTESIAN_POINT('',(3.207750943219,-3.457133317335));
#2101 = CARTESIAN_POINT('',(-8.792249056781,3.47106991294));
#2102 = CARTESIAN_POINT('',(3.207750943219,10.399273143216));
#2103 = CARTESIAN_POINT('',(15.207750943219,17.327476373491));
#2104 = CARTESIAN_POINT('',(15.207750943219,3.47106991294));
#2105 = ( GEOMETRIC_REPRESENTATION_CONTEXT(2) 
PARAMETRIC_REPRESENTATION_CONTEXT() REPRESENTATION_CONTEXT('2D SPACE',''
  ) );
#2106 = ORIENTED_EDGE('',*,*,#2107,.T.);
#2107 = EDGE_CURVE('',#2075,#2108,#2110,.T.);
#2108 = VERTEX_POINT('',#2109);
#2109 = CARTESIAN_POINT('',(-7.379986136728,-3.088009815675,0.3));
#2110 = SURFACE_CURVE('',#2111,(#2115,#2121),.PCURVE_S1.);
#2111 = LINE('',#2112,#2113);
#2112 = CARTESIAN_POINT('',(-7.379986136728,-3.088009815675,0.));
#2113 = VECTOR('',#2114,1.);
#2114 = DIRECTION('',(-0.,-0.,-1.));
#2115 = PCURVE('',#54,#2116);
#2116 = DEFINITIONAL_REPRESENTATION('',(#2117),#2120);
#2117 = B_SPLINE_CURVE_WITH_KNOTS('',1,(#2118,#2119),.UNSPECIFIED.,.F.,
  .F.,(2,2),(-13.1000006,-0.2999994),.PIECEWISE_BEZIER_KNOTS.);
#2118 = CARTESIAN_POINT('',(-3.537885572935,-13.1000006));
#2119 = CARTESIAN_POINT('',(-3.537885572935,-0.2999994));
#2120 = ( GEOMETRIC_REPRESENTATION_CONTEXT(2) 
PARAMETRIC_REPRESENTATION_CONTEXT() REPRESENTATION_CONTEXT('2D SPACE',''
  ) );
#2121 = PCURVE('',#2063,#2122);
#2122 = DEFINITIONAL_REPRESENTATION('',(#2123),#2126);
#2123 = B_SPLINE_CURVE_WITH_KNOTS('',1,(#2124,#2125),.UNSPECIFIED.,.F.,
  .F.,(2,2),(-13.1,-0.3),.PIECEWISE_BEZIER_KNOTS.);
#2124 = CARTESIAN_POINT('',(-8.276527568904,-12.8));
#2125 = CARTESIAN_POINT('',(-8.276527568904,0.));
#2126 = ( GEOMETRIC_REPRESENTATION_CONTEXT(2) 
PARAMETRIC_REPRESENTATION_CONTEXT() REPRESENTATION_CONTEXT('2D SPACE',''
  ) );
#2127 = ORIENTED_EDGE('',*,*,#2128,.F.);
#2128 = EDGE_CURVE('',#2049,#2108,#2129,.T.);
#2129 = SURFACE_CURVE('',#2130,(#2135,#2142),.PCURVE_S1.);
#2130 = CIRCLE('',#2131,8.);
#2131 = AXIS2_PLACEMENT_3D('',#2132,#2133,#2134);
#2132 = CARTESIAN_POINT('',(0.,0.,0.3));
#2133 = DIRECTION('',(0.,0.,-1.));
#2134 = DIRECTION('',(1.,0.,0.));
#2135 = PCURVE('',#54,#2136);
#2136 = DEFINITIONAL_REPRESENTATION('',(#2137),#2141);
#2137 = LINE('',#2138,#2139);
#2138 = CARTESIAN_POINT('',(-6.28318530718,-0.3));
#2139 = VECTOR('',#2140,1.);
#2140 = DIRECTION('',(1.,-0.));
#2141 = ( GEOMETRIC_REPRESENTATION_CONTEXT(2) 
PARAMETRIC_REPRESENTATION_CONTEXT() REPRESENTATION_CONTEXT('2D SPACE',''
  ) );
#2142 = PCURVE('',#2143,#2148);
#2143 = PLANE('',#2144);
#2144 = AXIS2_PLACEMENT_3D('',#2145,#2146,#2147);
#2145 = CARTESIAN_POINT('',(-7.207750943219,-3.47106991294,0.3));
#2146 = DIRECTION('',(0.,0.,1.));
#2147 = DIRECTION('',(1.,0.,-0.));
#2148 = DEFINITIONAL_REPRESENTATION('',(#2149),#2157);
#2149 = ( BOUNDED_CURVE() B_SPLINE_CURVE(2,(#2150,#2151,#2152,#2153,
#2154,#2155,#2156),.UNSPECIFIED.,.T.,.F.) B_SPLINE_CURVE_WITH_KNOTS((1,2
    ,2,2,2,1),(-2.094395102393,0.,2.094395102393,4.188790204786,
6.28318530718,8.377580409573),.UNSPECIFIED.) CURVE() 
GEOMETRIC_REPRESENTATION_ITEM() RATIONAL_B_SPLINE_CURVE((1.,0.5,1.,0.5,
1.,0.5,1.)) REPRESENTATION_ITEM('') );
#2150 = CARTESIAN_POINT('',(15.207750943219,3.47106991294));
#2151 = CARTESIAN_POINT('',(15.207750943219,-10.38533654761));
#2152 = CARTESIAN_POINT('',(3.207750943219,-3.457133317335));
#2153 = CARTESIAN_POINT('',(-8.792249056781,3.47106991294));
#2154 = CARTESIAN_POINT('',(3.207750943219,10.399273143216));
#2155 = CARTESIAN_POINT('',(15.207750943219,17.327476373491));
#2156 = CARTESIAN_POINT('',(15.207750943219,3.47106991294));
#2157 = ( GEOMETRIC_REPRESENTATION_CONTEXT(2) 
PARAMETRIC_REPRESENTATION_CONTEXT() REPRESENTATION_CONTEXT('2D SPACE',''
  ) );
#2158 = FACE_BOUND('',#2159,.F.);
#2159 = EDGE_LOOP('',(#2160,#2188,#2221,#2242));
#2160 = ORIENTED_EDGE('',*,*,#2161,.F.);
#2161 = EDGE_CURVE('',#2162,#2164,#2166,.T.);
#2162 = VERTEX_POINT('',#2163);
#2163 = CARTESIAN_POINT('',(-5.984256687339,-5.309300509486,13.1));
#2164 = VERTEX_POINT('',#2165);
#2165 = CARTESIAN_POINT('',(-5.984256687339,-5.309300509486,0.3));
#2166 = SURFACE_CURVE('',#2167,(#2171,#2177),.PCURVE_S1.);
#2167 = LINE('',#2168,#2169);
#2168 = CARTESIAN_POINT('',(-5.984256687339,-5.309300509486,0.));
#2169 = VECTOR('',#2170,1.);
#2170 = DIRECTION('',(-0.,-0.,-1.));
#2171 = PCURVE('',#54,#2172);
#2172 = DEFINITIONAL_REPRESENTATION('',(#2173),#2176);
#2173 = B_SPLINE_CURVE_WITH_KNOTS('',1,(#2174,#2175),.UNSPECIFIED.,.F.,
  .F.,(2,2),(-13.1000006,-0.2999994),.PIECEWISE_BEZIER_KNOTS.);
#2174 = CARTESIAN_POINT('',(-3.867297110526,-13.1000006));
#2175 = CARTESIAN_POINT('',(-3.867297110526,-0.2999994));
#2176 = ( GEOMETRIC_REPRESENTATION_CONTEXT(2) 
PARAMETRIC_REPRESENTATION_CONTEXT() REPRESENTATION_CONTEXT('2D SPACE',''
  ) );
#2177 = PCURVE('',#2178,#2183);
#2178 = CYLINDRICAL_SURFACE('',#2179,0.42);
#2179 = AXIS2_PLACEMENT_3D('',#2180,#2181,#2182);
#2180 = CARTESIAN_POINT('',(-6.254651859744,-4.98791841487,0.3));
#2181 = DIRECTION('',(-0.,-0.,-1.));
#2182 = DIRECTION('',(1.,0.,0.));
#2183 = DEFINITIONAL_REPRESENTATION('',(#2184),#2187);
#2184 = B_SPLINE_CURVE_WITH_KNOTS('',1,(#2185,#2186),.UNSPECIFIED.,.F.,
  .F.,(2,2),(-13.1,-0.3),.PIECEWISE_BEZIER_KNOTS.);
#2185 = CARTESIAN_POINT('',(-5.411840421738,-12.8));
#2186 = CARTESIAN_POINT('',(-5.411840421738,0.));
#2187 = ( GEOMETRIC_REPRESENTATION_CONTEXT(2) 
PARAMETRIC_REPRESENTATION_CONTEXT() REPRESENTATION_CONTEXT('2D SPACE',''
  ) );
#2188 = ORIENTED_EDGE('',*,*,#2189,.T.);
#2189 = EDGE_CURVE('',#2162,#2190,#2192,.T.);
#2190 = VERTEX_POINT('',#2191);
#2191 = CARTESIAN_POINT('',(-6.507807647961,-4.652788370122,13.1));
#2192 = SURFACE_CURVE('',#2193,(#2198,#2205),.PCURVE_S1.);
#2193 = CIRCLE('',#2194,8.);
#2194 = AXIS2_PLACEMENT_3D('',#2195,#2196,#2197);
#2195 = CARTESIAN_POINT('',(0.,0.,13.1));
#2196 = DIRECTION('',(0.,0.,-1.));
#2197 = DIRECTION('',(1.,0.,0.));
#2198 = PCURVE('',#54,#2199);
#2199 = DEFINITIONAL_REPRESENTATION('',(#2200),#2204);
#2200 = LINE('',#2201,#2202);
#2201 = CARTESIAN_POINT('',(-6.28318530718,-13.1));
#2202 = VECTOR('',#2203,1.);
#2203 = DIRECTION('',(1.,-0.));
#2204 = ( GEOMETRIC_REPRESENTATION_CONTEXT(2) 
PARAMETRIC_REPRESENTATION_CONTEXT() REPRESENTATION_CONTEXT('2D SPACE',''
  ) );
#2205 = PCURVE('',#2206,#2211);
#2206 = PLANE('',#2207);
#2207 = AXIS2_PLACEMENT_3D('',#2208,#2209,#2210);
#2208 = CARTESIAN_POINT('',(-6.254651859744,-4.98791841487,13.1));
#2209 = DIRECTION('',(0.,0.,1.));
#2210 = DIRECTION('',(1.,0.,-0.));
#2211 = DEFINITIONAL_REPRESENTATION('',(#2212),#2220);
#2212 = ( BOUNDED_CURVE() B_SPLINE_CURVE(2,(#2213,#2214,#2215,#2216,
#2217,#2218,#2219),.UNSPECIFIED.,.T.,.F.) B_SPLINE_CURVE_WITH_KNOTS((1,2
    ,2,2,2,1),(-2.094395102393,0.,2.094395102393,4.188790204786,
6.28318530718,8.377580409573),.UNSPECIFIED.) CURVE() 
GEOMETRIC_REPRESENTATION_ITEM() RATIONAL_B_SPLINE_CURVE((1.,0.5,1.,0.5,
1.,0.5,1.)) REPRESENTATION_ITEM('') );
#2213 = CARTESIAN_POINT('',(14.254651859744,4.98791841487));
#2214 = CARTESIAN_POINT('',(14.254651859744,-8.868488045681));
#2215 = CARTESIAN_POINT('',(2.254651859744,-1.940284815406));
#2216 = CARTESIAN_POINT('',(-9.745348140256,4.98791841487));
#2217 = CARTESIAN_POINT('',(2.254651859744,11.916121645145));
#2218 = CARTESIAN_POINT('',(14.254651859744,18.844324875421));
#2219 = CARTESIAN_POINT('',(14.254651859744,4.98791841487));
#2220 = ( GEOMETRIC_REPRESENTATION_CONTEXT(2) 
PARAMETRIC_REPRESENTATION_CONTEXT() REPRESENTATION_CONTEXT('2D SPACE',''
  ) );
#2221 = ORIENTED_EDGE('',*,*,#2222,.T.);
#2222 = EDGE_CURVE('',#2190,#2223,#2225,.T.);
#2223 = VERTEX_POINT('',#2224);
#2224 = CARTESIAN_POINT('',(-6.507807647961,-4.652788370122,0.3));
#2225 = SURFACE_CURVE('',#2226,(#2230,#2236),.PCURVE_S1.);
#2226 = LINE('',#2227,#2228);
#2227 = CARTESIAN_POINT('',(-6.507807647961,-4.652788370122,0.));
#2228 = VECTOR('',#2229,1.);
#2229 = DIRECTION('',(-0.,-0.,-1.));
#2230 = PCURVE('',#54,#2231);
#2231 = DEFINITIONAL_REPRESENTATION('',(#2232),#2235);
#2232 = B_SPLINE_CURVE_WITH_KNOTS('',1,(#2233,#2234),.UNSPECIFIED.,.F.,
  .F.,(2,2),(-13.1000006,-0.2999994),.PIECEWISE_BEZIER_KNOTS.);
#2233 = CARTESIAN_POINT('',(-3.762285048192,-13.1000006));
#2234 = CARTESIAN_POINT('',(-3.762285048192,-0.2999994));
#2235 = ( GEOMETRIC_REPRESENTATION_CONTEXT(2) 
PARAMETRIC_REPRESENTATION_CONTEXT() REPRESENTATION_CONTEXT('2D SPACE',''
  ) );
#2236 = PCURVE('',#2178,#2237);
#2237 = DEFINITIONAL_REPRESENTATION('',(#2238),#2241);
#2238 = B_SPLINE_CURVE_WITH_KNOTS('',1,(#2239,#2240),.UNSPECIFIED.,.F.,
  .F.,(2,2),(-13.1,-0.3),.PIECEWISE_BEZIER_KNOTS.);
#2239 = CARTESIAN_POINT('',(-8.50092704416,-12.8));
#2240 = CARTESIAN_POINT('',(-8.50092704416,0.));
#2241 = ( GEOMETRIC_REPRESENTATION_CONTEXT(2) 
PARAMETRIC_REPRESENTATION_CONTEXT() REPRESENTATION_CONTEXT('2D SPACE',''
  ) );
#2242 = ORIENTED_EDGE('',*,*,#2243,.F.);
#2243 = EDGE_CURVE('',#2164,#2223,#2244,.T.);
#2244 = SURFACE_CURVE('',#2245,(#2250,#2257),.PCURVE_S1.);
#2245 = CIRCLE('',#2246,8.);
#2246 = AXIS2_PLACEMENT_3D('',#2247,#2248,#2249);
#2247 = CARTESIAN_POINT('',(0.,0.,0.3));
#2248 = DIRECTION('',(0.,0.,-1.));
#2249 = DIRECTION('',(1.,0.,0.));
#2250 = PCURVE('',#54,#2251);
#2251 = DEFINITIONAL_REPRESENTATION('',(#2252),#2256);
#2252 = LINE('',#2253,#2254);
#2253 = CARTESIAN_POINT('',(-6.28318530718,-0.3));
#2254 = VECTOR('',#2255,1.);
#2255 = DIRECTION('',(1.,-0.));
#2256 = ( GEOMETRIC_REPRESENTATION_CONTEXT(2) 
PARAMETRIC_REPRESENTATION_CONTEXT() REPRESENTATION_CONTEXT('2D SPACE',''
  ) );
#2257 = PCURVE('',#2258,#2263);
#2258 = PLANE('',#2259);
#2259 = AXIS2_PLACEMENT_3D('',#2260,#2261,#2262);
#2260 = CARTESIAN_POINT('',(-6.254651859744,-4.98791841487,0.3));
#2261 = DIRECTION('',(0.,0.,1.));
#2262 = DIRECTION('',(1.,0.,-0.));
#2263 = DEFINITIONAL_REPRESENTATION('',(#2264),#2272);
#2264 = ( BOUNDED_CURVE() B_SPLINE_CURVE(2,(#2265,#2266,#2267,#2268,
#2269,#2270,#2271),.UNSPECIFIED.,.T.,.F.) B_SPLINE_CURVE_WITH_KNOTS((1,2
    ,2,2,2,1),(-2.094395102393,0.,2.094395102393,4.188790204786,
6.28318530718,8.377580409573),.UNSPECIFIED.) CURVE() 
GEOMETRIC_REPRESENTATION_ITEM() RATIONAL_B_SPLINE_CURVE((1.,0.5,1.,0.5,
1.,0.5,1.)) REPRESENTATION_ITEM('') );
#2265 = CARTESIAN_POINT('',(14.254651859744,4.98791841487));
#2266 = CARTESIAN_POINT('',(14.254651859744,-8.868488045681));
#2267 = CARTESIAN_POINT('',(2.254651859744,-1.940284815406));
#2268 = CARTESIAN_POINT('',(-9.745348140256,4.98791841487));
#2269 = CARTESIAN_POINT('',(2.254651859744,11.916121645145));
#2270 = CARTESIAN_POINT('',(14.254651859744,18.844324875421));
#2271 = CARTESIAN_POINT('',(14.254651859744,4.98791841487));
#2272 = ( GEOMETRIC_REPRESENTATION_CONTEXT(2) 
PARAMETRIC_REPRESENTATION_CONTEXT() REPRESENTATION_CONTEXT('2D SPACE',''
  ) );
#2273 = FACE_BOUND('',#2274,.F.);
#2274 = EDGE_LOOP('',(#2275,#2303,#2336,#2357));
#2275 = ORIENTED_EDGE('',*,*,#2276,.F.);
#2276 = EDGE_CURVE('',#2277,#2279,#2281,.T.);
#2277 = VERTEX_POINT('',#2278);
#2278 = CARTESIAN_POINT('',(-4.652788370122,-6.507807647961,13.1));
#2279 = VERTEX_POINT('',#2280);
#2280 = CARTESIAN_POINT('',(-4.652788370122,-6.507807647961,0.3));
#2281 = SURFACE_CURVE('',#2282,(#2286,#2292),.PCURVE_S1.);
#2282 = LINE('',#2283,#2284);
#2283 = CARTESIAN_POINT('',(-4.652788370122,-6.507807647961,0.));
#2284 = VECTOR('',#2285,1.);
#2285 = DIRECTION('',(-0.,-0.,-1.));
#2286 = PCURVE('',#54,#2287);
#2287 = DEFINITIONAL_REPRESENTATION('',(#2288),#2291);
#2288 = B_SPLINE_CURVE_WITH_KNOTS('',1,(#2289,#2290),.UNSPECIFIED.,.F.,
  .F.,(2,2),(-13.1000006,-0.2999994),.PIECEWISE_BEZIER_KNOTS.);
#2289 = CARTESIAN_POINT('',(-4.091696585783,-13.1000006));
#2290 = CARTESIAN_POINT('',(-4.091696585783,-0.2999994));
#2291 = ( GEOMETRIC_REPRESENTATION_CONTEXT(2) 
PARAMETRIC_REPRESENTATION_CONTEXT() REPRESENTATION_CONTEXT('2D SPACE',''
  ) );
#2292 = PCURVE('',#2293,#2298);
#2293 = CYLINDRICAL_SURFACE('',#2294,0.42);
#2294 = AXIS2_PLACEMENT_3D('',#2295,#2296,#2297);
#2295 = CARTESIAN_POINT('',(-4.98791841487,-6.254651859744,0.3));
#2296 = DIRECTION('',(-0.,-0.,-1.));
#2297 = DIRECTION('',(1.,0.,0.));
#2298 = DEFINITIONAL_REPRESENTATION('',(#2299),#2302);
#2299 = B_SPLINE_CURVE_WITH_KNOTS('',1,(#2300,#2301),.UNSPECIFIED.,.F.,
  .F.,(2,2),(-13.1,-0.3),.PIECEWISE_BEZIER_KNOTS.);
#2300 = CARTESIAN_POINT('',(-5.636239896994,-12.8));
#2301 = CARTESIAN_POINT('',(-5.636239896994,0.));
#2302 = ( GEOMETRIC_REPRESENTATION_CONTEXT(2) 
PARAMETRIC_REPRESENTATION_CONTEXT() REPRESENTATION_CONTEXT('2D SPACE',''
  ) );
#2303 = ORIENTED_EDGE('',*,*,#2304,.T.);
#2304 = EDGE_CURVE('',#2277,#2305,#2307,.T.);
#2305 = VERTEX_POINT('',#2306);
#2306 = CARTESIAN_POINT('',(-5.309300509486,-5.984256687339,13.1));
#2307 = SURFACE_CURVE('',#2308,(#2313,#2320),.PCURVE_S1.);
#2308 = CIRCLE('',#2309,8.);
#2309 = AXIS2_PLACEMENT_3D('',#2310,#2311,#2312);
#2310 = CARTESIAN_POINT('',(0.,0.,13.1));
#2311 = DIRECTION('',(0.,0.,-1.));
#2312 = DIRECTION('',(1.,0.,0.));
#2313 = PCURVE('',#54,#2314);
#2314 = DEFINITIONAL_REPRESENTATION('',(#2315),#2319);
#2315 = LINE('',#2316,#2317);
#2316 = CARTESIAN_POINT('',(-6.28318530718,-13.1));
#2317 = VECTOR('',#2318,1.);
#2318 = DIRECTION('',(1.,-0.));
#2319 = ( GEOMETRIC_REPRESENTATION_CONTEXT(2) 
PARAMETRIC_REPRESENTATION_CONTEXT() REPRESENTATION_CONTEXT('2D SPACE',''
  ) );
#2320 = PCURVE('',#2321,#2326);
#2321 = PLANE('',#2322);
#2322 = AXIS2_PLACEMENT_3D('',#2323,#2324,#2325);
#2323 = CARTESIAN_POINT('',(-4.98791841487,-6.254651859744,13.1));
#2324 = DIRECTION('',(0.,0.,1.));
#2325 = DIRECTION('',(1.,0.,-0.));
#2326 = DEFINITIONAL_REPRESENTATION('',(#2327),#2335);
#2327 = ( BOUNDED_CURVE() B_SPLINE_CURVE(2,(#2328,#2329,#2330,#2331,
#2332,#2333,#2334),.UNSPECIFIED.,.T.,.F.) B_SPLINE_CURVE_WITH_KNOTS((1,2
    ,2,2,2,1),(-2.094395102393,0.,2.094395102393,4.188790204786,
6.28318530718,8.377580409573),.UNSPECIFIED.) CURVE() 
GEOMETRIC_REPRESENTATION_ITEM() RATIONAL_B_SPLINE_CURVE((1.,0.5,1.,0.5,
1.,0.5,1.)) REPRESENTATION_ITEM('') );
#2328 = CARTESIAN_POINT('',(12.98791841487,6.254651859744));
#2329 = CARTESIAN_POINT('',(12.98791841487,-7.601754600807));
#2330 = CARTESIAN_POINT('',(0.98791841487,-0.673551370531));
#2331 = CARTESIAN_POINT('',(-11.01208158513,6.254651859744));
#2332 = CARTESIAN_POINT('',(0.98791841487,13.18285509002));
#2333 = CARTESIAN_POINT('',(12.98791841487,20.111058320295));
#2334 = CARTESIAN_POINT('',(12.98791841487,6.254651859744));
#2335 = ( GEOMETRIC_REPRESENTATION_CONTEXT(2) 
PARAMETRIC_REPRESENTATION_CONTEXT() REPRESENTATION_CONTEXT('2D SPACE',''
  ) );
#2336 = ORIENTED_EDGE('',*,*,#2337,.T.);
#2337 = EDGE_CURVE('',#2305,#2338,#2340,.T.);
#2338 = VERTEX_POINT('',#2339);
#2339 = CARTESIAN_POINT('',(-5.309300509486,-5.984256687339,0.3));
#2340 = SURFACE_CURVE('',#2341,(#2345,#2351),.PCURVE_S1.);
#2341 = LINE('',#2342,#2343);
#2342 = CARTESIAN_POINT('',(-5.309300509486,-5.984256687339,0.));
#2343 = VECTOR('',#2344,1.);
#2344 = DIRECTION('',(-0.,-0.,-1.));
#2345 = PCURVE('',#54,#2346);
#2346 = DEFINITIONAL_REPRESENTATION('',(#2347),#2350);
#2347 = B_SPLINE_CURVE_WITH_KNOTS('',1,(#2348,#2349),.UNSPECIFIED.,.F.,
  .F.,(2,2),(-13.1000006,-0.2999994),.PIECEWISE_BEZIER_KNOTS.);
#2348 = CARTESIAN_POINT('',(-3.986684523448,-13.1000006));
#2349 = CARTESIAN_POINT('',(-3.986684523448,-0.2999994));
#2350 = ( GEOMETRIC_REPRESENTATION_CONTEXT(2) 
PARAMETRIC_REPRESENTATION_CONTEXT() REPRESENTATION_CONTEXT('2D SPACE',''
  ) );
#2351 = PCURVE('',#2293,#2352);
#2352 = DEFINITIONAL_REPRESENTATION('',(#2353),#2356);
#2353 = B_SPLINE_CURVE_WITH_KNOTS('',1,(#2354,#2355),.UNSPECIFIED.,.F.,
  .F.,(2,2),(-13.1,-0.3),.PIECEWISE_BEZIER_KNOTS.);
#2354 = CARTESIAN_POINT('',(-8.725326519417,-12.8));
#2355 = CARTESIAN_POINT('',(-8.725326519417,0.));
#2356 = ( GEOMETRIC_REPRESENTATION_CONTEXT(2) 
PARAMETRIC_REPRESENTATION_CONTEXT() REPRESENTATION_CONTEXT('2D SPACE',''
  ) );
#2357 = ORIENTED_EDGE('',*,*,#2358,.F.);
#2358 = EDGE_CURVE('',#2279,#2338,#2359,.T.);
#2359 = SURFACE_CURVE('',#2360,(#2365,#2372),.PCURVE_S1.);
#2360 = CIRCLE('',#2361,8.);
#2361 = AXIS2_PLACEMENT_3D('',#2362,#2363,#2364);
#2362 = CARTESIAN_POINT('',(0.,0.,0.3));
#2363 = DIRECTION('',(0.,0.,-1.));
#2364 = DIRECTION('',(1.,0.,0.));
#2365 = PCURVE('',#54,#2366);
#2366 = DEFINITIONAL_REPRESENTATION('',(#2367),#2371);
#2367 = LINE('',#2368,#2369);
#2368 = CARTESIAN_POINT('',(-6.28318530718,-0.3));
#2369 = VECTOR('',#2370,1.);
#2370 = DIRECTION('',(1.,-0.));
#2371 = ( GEOMETRIC_REPRESENTATION_CONTEXT(2) 
PARAMETRIC_REPRESENTATION_CONTEXT() REPRESENTATION_CONTEXT('2D SPACE',''
  ) );
#2372 = PCURVE('',#2373,#2378);
#2373 = PLANE('',#2374);
#2374 = AXIS2_PLACEMENT_3D('',#2375,#2376,#2377);
#2375 = CARTESIAN_POINT('',(-4.98791841487,-6.254651859744,0.3));
#2376 = DIRECTION('',(0.,0.,1.));
#2377 = DIRECTION('',(1.,0.,-0.));
#2378 = DEFINITIONAL_REPRESENTATION('',(#2379),#2387);
#2379 = ( BOUNDED_CURVE() B_SPLINE_CURVE(2,(#2380,#2381,#2382,#2383,
#2384,#2385,#2386),.UNSPECIFIED.,.T.,.F.) B_SPLINE_CURVE_WITH_KNOTS((1,2
    ,2,2,2,1),(-2.094395102393,0.,2.094395102393,4.188790204786,
6.28318530718,8.377580409573),.UNSPECIFIED.) CURVE() 
GEOMETRIC_REPRESENTATION_ITEM() RATIONAL_B_SPLINE_CURVE((1.,0.5,1.,0.5,
1.,0.5,1.)) REPRESENTATION_ITEM('') );
#2380 = CARTESIAN_POINT('',(12.98791841487,6.254651859744));
#2381 = CARTESIAN_POINT('',(12.98791841487,-7.601754600807));
#2382 = CARTESIAN_POINT('',(0.98791841487,-0.673551370531));
#2383 = CARTESIAN_POINT('',(-11.01208158513,6.254651859744));
#2384 = CARTESIAN_POINT('',(0.98791841487,13.18285509002));
#2385 = CARTESIAN_POINT('',(12.98791841487,20.111058320295));
#2386 = CARTESIAN_POINT('',(12.98791841487,6.254651859744));
#2387 = ( GEOMETRIC_REPRESENTATION_CONTEXT(2) 
PARAMETRIC_REPRESENTATION_CONTEXT() REPRESENTATION_CONTEXT('2D SPACE',''
  ) );
#2388 = FACE_BOUND('',#2389,.F.);
#2389 = EDGE_LOOP('',(#2390,#2418,#2451,#2472));
#2390 = ORIENTED_EDGE('',*,*,#2391,.F.);
#2391 = EDGE_CURVE('',#2392,#2394,#2396,.T.);
#2392 = VERTEX_POINT('',#2393);
#2393 = CARTESIAN_POINT('',(-3.088009815675,-7.379986136728,13.1));
#2394 = VERTEX_POINT('',#2395);
#2395 = CARTESIAN_POINT('',(-3.088009815675,-7.379986136728,0.3));
#2396 = SURFACE_CURVE('',#2397,(#2401,#2407),.PCURVE_S1.);
#2397 = LINE('',#2398,#2399);
#2398 = CARTESIAN_POINT('',(-3.088009815675,-7.379986136728,0.));
#2399 = VECTOR('',#2400,1.);
#2400 = DIRECTION('',(-0.,-0.,-1.));
#2401 = PCURVE('',#54,#2402);
#2402 = DEFINITIONAL_REPRESENTATION('',(#2403),#2406);
#2403 = B_SPLINE_CURVE_WITH_KNOTS('',1,(#2404,#2405),.UNSPECIFIED.,.F.,
  .F.,(2,2),(-13.1000006,-0.2999994),.PIECEWISE_BEZIER_KNOTS.);
#2404 = CARTESIAN_POINT('',(-4.316096061039,-13.1000006));
#2405 = CARTESIAN_POINT('',(-4.316096061039,-0.2999994));
#2406 = ( GEOMETRIC_REPRESENTATION_CONTEXT(2) 
PARAMETRIC_REPRESENTATION_CONTEXT() REPRESENTATION_CONTEXT('2D SPACE',''
  ) );
#2407 = PCURVE('',#2408,#2413);
#2408 = CYLINDRICAL_SURFACE('',#2409,0.42);
#2409 = AXIS2_PLACEMENT_3D('',#2410,#2411,#2412);
#2410 = CARTESIAN_POINT('',(-3.47106991294,-7.207750943219,0.3));
#2411 = DIRECTION('',(-0.,-0.,-1.));
#2412 = DIRECTION('',(1.,0.,0.));
#2413 = DEFINITIONAL_REPRESENTATION('',(#2414),#2417);
#2414 = B_SPLINE_CURVE_WITH_KNOTS('',1,(#2415,#2416),.UNSPECIFIED.,.F.,
  .F.,(2,2),(-13.1,-0.3),.PIECEWISE_BEZIER_KNOTS.);
#2415 = CARTESIAN_POINT('',(-5.86063937225,-12.8));
#2416 = CARTESIAN_POINT('',(-5.86063937225,0.));
#2417 = ( GEOMETRIC_REPRESENTATION_CONTEXT(2) 
PARAMETRIC_REPRESENTATION_CONTEXT() REPRESENTATION_CONTEXT('2D SPACE',''
  ) );
#2418 = ORIENTED_EDGE('',*,*,#2419,.T.);
#2419 = EDGE_CURVE('',#2392,#2420,#2422,.T.);
#2420 = VERTEX_POINT('',#2421);
#2421 = CARTESIAN_POINT('',(-3.844562873758,-7.015649386174,13.1));
#2422 = SURFACE_CURVE('',#2423,(#2428,#2435),.PCURVE_S1.);
#2423 = CIRCLE('',#2424,8.);
#2424 = AXIS2_PLACEMENT_3D('',#2425,#2426,#2427);
#2425 = CARTESIAN_POINT('',(0.,0.,13.1));
#2426 = DIRECTION('',(0.,0.,-1.));
#2427 = DIRECTION('',(1.,0.,0.));
#2428 = PCURVE('',#54,#2429);
#2429 = DEFINITIONAL_REPRESENTATION('',(#2430),#2434);
#2430 = LINE('',#2431,#2432);
#2431 = CARTESIAN_POINT('',(-6.28318530718,-13.1));
#2432 = VECTOR('',#2433,1.);
#2433 = DIRECTION('',(1.,-0.));
#2434 = ( GEOMETRIC_REPRESENTATION_CONTEXT(2) 
PARAMETRIC_REPRESENTATION_CONTEXT() REPRESENTATION_CONTEXT('2D SPACE',''
  ) );
#2435 = PCURVE('',#2436,#2441);
#2436 = PLANE('',#2437);
#2437 = AXIS2_PLACEMENT_3D('',#2438,#2439,#2440);
#2438 = CARTESIAN_POINT('',(-3.47106991294,-7.207750943219,13.1));
#2439 = DIRECTION('',(0.,0.,1.));
#2440 = DIRECTION('',(1.,0.,-0.));
#2441 = DEFINITIONAL_REPRESENTATION('',(#2442),#2450);
#2442 = ( BOUNDED_CURVE() B_SPLINE_CURVE(2,(#2443,#2444,#2445,#2446,
#2447,#2448,#2449),.UNSPECIFIED.,.T.,.F.) B_SPLINE_CURVE_WITH_KNOTS((1,2
    ,2,2,2,1),(-2.094395102393,0.,2.094395102393,4.188790204786,
6.28318530718,8.377580409573),.UNSPECIFIED.) CURVE() 
GEOMETRIC_REPRESENTATION_ITEM() RATIONAL_B_SPLINE_CURVE((1.,0.5,1.,0.5,
1.,0.5,1.)) REPRESENTATION_ITEM('') );
#2443 = CARTESIAN_POINT('',(11.47106991294,7.207750943219));
#2444 = CARTESIAN_POINT('',(11.47106991294,-6.648655517332));
#2445 = CARTESIAN_POINT('',(-0.52893008706,0.279547712944));
#2446 = CARTESIAN_POINT('',(-12.52893008706,7.207750943219));
#2447 = CARTESIAN_POINT('',(-0.52893008706,14.135954173495));
#2448 = CARTESIAN_POINT('',(11.47106991294,21.06415740377));
#2449 = CARTESIAN_POINT('',(11.47106991294,7.207750943219));
#2450 = ( GEOMETRIC_REPRESENTATION_CONTEXT(2) 
PARAMETRIC_REPRESENTATION_CONTEXT() REPRESENTATION_CONTEXT('2D SPACE',''
  ) );
#2451 = ORIENTED_EDGE('',*,*,#2452,.T.);
#2452 = EDGE_CURVE('',#2420,#2453,#2455,.T.);
#2453 = VERTEX_POINT('',#2454);
#2454 = CARTESIAN_POINT('',(-3.844562873758,-7.015649386174,0.3));
#2455 = SURFACE_CURVE('',#2456,(#2460,#2466),.PCURVE_S1.);
#2456 = LINE('',#2457,#2458);
#2457 = CARTESIAN_POINT('',(-3.844562873758,-7.015649386174,0.));
#2458 = VECTOR('',#2459,1.);
#2459 = DIRECTION('',(-0.,-0.,-1.));
#2460 = PCURVE('',#54,#2461);
#2461 = DEFINITIONAL_REPRESENTATION('',(#2462),#2465);
#2462 = B_SPLINE_CURVE_WITH_KNOTS('',1,(#2463,#2464),.UNSPECIFIED.,.F.,
  .F.,(2,2),(-13.1000006,-0.2999994),.PIECEWISE_BEZIER_KNOTS.);
#2463 = CARTESIAN_POINT('',(-4.211083998705,-13.1000006));
#2464 = CARTESIAN_POINT('',(-4.211083998705,-0.2999994));
#2465 = ( GEOMETRIC_REPRESENTATION_CONTEXT(2) 
PARAMETRIC_REPRESENTATION_CONTEXT() REPRESENTATION_CONTEXT('2D SPACE',''
  ) );
#2466 = PCURVE('',#2408,#2467);
#2467 = DEFINITIONAL_REPRESENTATION('',(#2468),#2471);
#2468 = B_SPLINE_CURVE_WITH_KNOTS('',1,(#2469,#2470),.UNSPECIFIED.,.F.,
  .F.,(2,2),(-13.1,-0.3),.PIECEWISE_BEZIER_KNOTS.);
#2469 = CARTESIAN_POINT('',(-8.949725994673,-12.8));
#2470 = CARTESIAN_POINT('',(-8.949725994673,0.));
#2471 = ( GEOMETRIC_REPRESENTATION_CONTEXT(2) 
PARAMETRIC_REPRESENTATION_CONTEXT() REPRESENTATION_CONTEXT('2D SPACE',''
  ) );
#2472 = ORIENTED_EDGE('',*,*,#2473,.F.);
#2473 = EDGE_CURVE('',#2394,#2453,#2474,.T.);
#2474 = SURFACE_CURVE('',#2475,(#2480,#2487),.PCURVE_S1.);
#2475 = CIRCLE('',#2476,8.);
#2476 = AXIS2_PLACEMENT_3D('',#2477,#2478,#2479);
#2477 = CARTESIAN_POINT('',(0.,0.,0.3));
#2478 = DIRECTION('',(0.,0.,-1.));
#2479 = DIRECTION('',(1.,0.,0.));
#2480 = PCURVE('',#54,#2481);
#2481 = DEFINITIONAL_REPRESENTATION('',(#2482),#2486);
#2482 = LINE('',#2483,#2484);
#2483 = CARTESIAN_POINT('',(-6.28318530718,-0.3));
#2484 = VECTOR('',#2485,1.);
#2485 = DIRECTION('',(1.,-0.));
#2486 = ( GEOMETRIC_REPRESENTATION_CONTEXT(2) 
PARAMETRIC_REPRESENTATION_CONTEXT() REPRESENTATION_CONTEXT('2D SPACE',''
  ) );
#2487 = PCURVE('',#2488,#2493);
#2488 = PLANE('',#2489);
#2489 = AXIS2_PLACEMENT_3D('',#2490,#2491,#2492);
#2490 = CARTESIAN_POINT('',(-3.47106991294,-7.207750943219,0.3));
#2491 = DIRECTION('',(0.,0.,1.));
#2492 = DIRECTION('',(1.,0.,-0.));
#2493 = DEFINITIONAL_REPRESENTATION('',(#2494),#2502);
#2494 = ( BOUNDED_CURVE() B_SPLINE_CURVE(2,(#2495,#2496,#2497,#2498,
#2499,#2500,#2501),.UNSPECIFIED.,.T.,.F.) B_SPLINE_CURVE_WITH_KNOTS((1,2
    ,2,2,2,1),(-2.094395102393,0.,2.094395102393,4.188790204786,
6.28318530718,8.377580409573),.UNSPECIFIED.) CURVE() 
GEOMETRIC_REPRESENTATION_ITEM() RATIONAL_B_SPLINE_CURVE((1.,0.5,1.,0.5,
1.,0.5,1.)) REPRESENTATION_ITEM('') );
#2495 = CARTESIAN_POINT('',(11.47106991294,7.207750943219));
#2496 = CARTESIAN_POINT('',(11.47106991294,-6.648655517332));
#2497 = CARTESIAN_POINT('',(-0.52893008706,0.279547712944));
#2498 = CARTESIAN_POINT('',(-12.52893008706,7.207750943219));
#2499 = CARTESIAN_POINT('',(-0.52893008706,14.135954173495));
#2500 = CARTESIAN_POINT('',(11.47106991294,21.06415740377));
#2501 = CARTESIAN_POINT('',(11.47106991294,7.207750943219));
#2502 = ( GEOMETRIC_REPRESENTATION_CONTEXT(2) 
PARAMETRIC_REPRESENTATION_CONTEXT() REPRESENTATION_CONTEXT('2D SPACE',''
  ) );
#2503 = FACE_BOUND('',#2504,.F.);
#2504 = EDGE_LOOP('',(#2505,#2533,#2566,#2587));
#2505 = ORIENTED_EDGE('',*,*,#2506,.F.);
#2506 = EDGE_CURVE('',#2507,#2509,#2511,.T.);
#2507 = VERTEX_POINT('',#2508);
#2508 = CARTESIAN_POINT('',(-1.368385554664,-7.882101304461,13.1));
#2509 = VERTEX_POINT('',#2510);
#2510 = CARTESIAN_POINT('',(-1.368385554664,-7.882101304461,0.3));
#2511 = SURFACE_CURVE('',#2512,(#2516,#2522),.PCURVE_S1.);
#2512 = LINE('',#2513,#2514);
#2513 = CARTESIAN_POINT('',(-1.368385554664,-7.882101304461,0.));
#2514 = VECTOR('',#2515,1.);
#2515 = DIRECTION('',(-0.,-0.,-1.));
#2516 = PCURVE('',#54,#2517);
#2517 = DEFINITIONAL_REPRESENTATION('',(#2518),#2521);
#2518 = B_SPLINE_CURVE_WITH_KNOTS('',1,(#2519,#2520),.UNSPECIFIED.,.F.,
  .F.,(2,2),(-13.1000006,-0.2999994),.PIECEWISE_BEZIER_KNOTS.);
#2519 = CARTESIAN_POINT('',(-4.540495536295,-13.1000006));
#2520 = CARTESIAN_POINT('',(-4.540495536295,-0.2999994));
#2521 = ( GEOMETRIC_REPRESENTATION_CONTEXT(2) 
PARAMETRIC_REPRESENTATION_CONTEXT() REPRESENTATION_CONTEXT('2D SPACE',''
  ) );
#2522 = PCURVE('',#2523,#2528);
#2523 = CYLINDRICAL_SURFACE('',#2524,0.42);
#2524 = AXIS2_PLACEMENT_3D('',#2525,#2526,#2527);
#2525 = CARTESIAN_POINT('',(-1.780167471651,-7.799423297455,0.3));
#2526 = DIRECTION('',(-0.,-0.,-1.));
#2527 = DIRECTION('',(1.,0.,0.));
#2528 = DEFINITIONAL_REPRESENTATION('',(#2529),#2532);
#2529 = B_SPLINE_CURVE_WITH_KNOTS('',1,(#2530,#2531),.UNSPECIFIED.,.F.,
  .F.,(2,2),(-13.1,-0.3),.PIECEWISE_BEZIER_KNOTS.);
#2530 = CARTESIAN_POINT('',(-6.085038847507,-12.8));
#2531 = CARTESIAN_POINT('',(-6.085038847507,0.));
#2532 = ( GEOMETRIC_REPRESENTATION_CONTEXT(2) 
PARAMETRIC_REPRESENTATION_CONTEXT() REPRESENTATION_CONTEXT('2D SPACE',''
  ) );
#2533 = ORIENTED_EDGE('',*,*,#2534,.T.);
#2534 = EDGE_CURVE('',#2507,#2535,#2537,.T.);
#2535 = VERTEX_POINT('',#2536);
#2536 = CARTESIAN_POINT('',(-2.187042802044,-7.695248129984,13.1));
#2537 = SURFACE_CURVE('',#2538,(#2543,#2550),.PCURVE_S1.);
#2538 = CIRCLE('',#2539,8.);
#2539 = AXIS2_PLACEMENT_3D('',#2540,#2541,#2542);
#2540 = CARTESIAN_POINT('',(0.,0.,13.1));
#2541 = DIRECTION('',(0.,0.,-1.));
#2542 = DIRECTION('',(1.,0.,0.));
#2543 = PCURVE('',#54,#2544);
#2544 = DEFINITIONAL_REPRESENTATION('',(#2545),#2549);
#2545 = LINE('',#2546,#2547);
#2546 = CARTESIAN_POINT('',(-6.28318530718,-13.1));
#2547 = VECTOR('',#2548,1.);
#2548 = DIRECTION('',(1.,-0.));
#2549 = ( GEOMETRIC_REPRESENTATION_CONTEXT(2) 
PARAMETRIC_REPRESENTATION_CONTEXT() REPRESENTATION_CONTEXT('2D SPACE',''
  ) );
#2550 = PCURVE('',#2551,#2556);
#2551 = PLANE('',#2552);
#2552 = AXIS2_PLACEMENT_3D('',#2553,#2554,#2555);
#2553 = CARTESIAN_POINT('',(-1.780167471651,-7.799423297455,13.1));
#2554 = DIRECTION('',(0.,0.,1.));
#2555 = DIRECTION('',(1.,0.,-0.));
#2556 = DEFINITIONAL_REPRESENTATION('',(#2557),#2565);
#2557 = ( BOUNDED_CURVE() B_SPLINE_CURVE(2,(#2558,#2559,#2560,#2561,
#2562,#2563,#2564),.UNSPECIFIED.,.T.,.F.) B_SPLINE_CURVE_WITH_KNOTS((1,2
    ,2,2,2,1),(-2.094395102393,0.,2.094395102393,4.188790204786,
6.28318530718,8.377580409573),.UNSPECIFIED.) CURVE() 
GEOMETRIC_REPRESENTATION_ITEM() RATIONAL_B_SPLINE_CURVE((1.,0.5,1.,0.5,
1.,0.5,1.)) REPRESENTATION_ITEM('') );
#2558 = CARTESIAN_POINT('',(9.780167471651,7.799423297455));
#2559 = CARTESIAN_POINT('',(9.780167471651,-6.056983163096));
#2560 = CARTESIAN_POINT('',(-2.219832528349,0.871220067179));
#2561 = CARTESIAN_POINT('',(-14.21983252834,7.799423297455));
#2562 = CARTESIAN_POINT('',(-2.219832528349,14.72762652773));
#2563 = CARTESIAN_POINT('',(9.780167471651,21.655829758006));
#2564 = CARTESIAN_POINT('',(9.780167471651,7.799423297455));
#2565 = ( GEOMETRIC_REPRESENTATION_CONTEXT(2) 
PARAMETRIC_REPRESENTATION_CONTEXT() REPRESENTATION_CONTEXT('2D SPACE',''
  ) );
#2566 = ORIENTED_EDGE('',*,*,#2567,.T.);
#2567 = EDGE_CURVE('',#2535,#2568,#2570,.T.);
#2568 = VERTEX_POINT('',#2569);
#2569 = CARTESIAN_POINT('',(-2.187042802044,-7.695248129984,0.3));
#2570 = SURFACE_CURVE('',#2571,(#2575,#2581),.PCURVE_S1.);
#2571 = LINE('',#2572,#2573);
#2572 = CARTESIAN_POINT('',(-2.187042802044,-7.695248129984,0.));
#2573 = VECTOR('',#2574,1.);
#2574 = DIRECTION('',(-0.,-0.,-1.));
#2575 = PCURVE('',#54,#2576);
#2576 = DEFINITIONAL_REPRESENTATION('',(#2577),#2580);
#2577 = B_SPLINE_CURVE_WITH_KNOTS('',1,(#2578,#2579),.UNSPECIFIED.,.F.,
  .F.,(2,2),(-13.1000006,-0.2999994),.PIECEWISE_BEZIER_KNOTS.);
#2578 = CARTESIAN_POINT('',(-4.435483473961,-13.1000006));
#2579 = CARTESIAN_POINT('',(-4.435483473961,-0.2999994));
#2580 = ( GEOMETRIC_REPRESENTATION_CONTEXT(2) 
PARAMETRIC_REPRESENTATION_CONTEXT() REPRESENTATION_CONTEXT('2D SPACE',''
  ) );
#2581 = PCURVE('',#2523,#2582);
#2582 = DEFINITIONAL_REPRESENTATION('',(#2583),#2586);
#2583 = B_SPLINE_CURVE_WITH_KNOTS('',1,(#2584,#2585),.UNSPECIFIED.,.F.,
  .F.,(2,2),(-13.1,-0.3),.PIECEWISE_BEZIER_KNOTS.);
#2584 = CARTESIAN_POINT('',(-9.174125469929,-12.8));
#2585 = CARTESIAN_POINT('',(-9.174125469929,0.));
#2586 = ( GEOMETRIC_REPRESENTATION_CONTEXT(2) 
PARAMETRIC_REPRESENTATION_CONTEXT() REPRESENTATION_CONTEXT('2D SPACE',''
  ) );
#2587 = ORIENTED_EDGE('',*,*,#2588,.F.);
#2588 = EDGE_CURVE('',#2509,#2568,#2589,.T.);
#2589 = SURFACE_CURVE('',#2590,(#2595,#2602),.PCURVE_S1.);
#2590 = CIRCLE('',#2591,8.);
#2591 = AXIS2_PLACEMENT_3D('',#2592,#2593,#2594);
#2592 = CARTESIAN_POINT('',(0.,0.,0.3));
#2593 = DIRECTION('',(0.,0.,-1.));
#2594 = DIRECTION('',(1.,0.,0.));
#2595 = PCURVE('',#54,#2596);
#2596 = DEFINITIONAL_REPRESENTATION('',(#2597),#2601);
#2597 = LINE('',#2598,#2599);
#2598 = CARTESIAN_POINT('',(-6.28318530718,-0.3));
#2599 = VECTOR('',#2600,1.);
#2600 = DIRECTION('',(1.,-0.));
#2601 = ( GEOMETRIC_REPRESENTATION_CONTEXT(2) 
PARAMETRIC_REPRESENTATION_CONTEXT() REPRESENTATION_CONTEXT('2D SPACE',''
  ) );
#2602 = PCURVE('',#2603,#2608);
#2603 = PLANE('',#2604);
#2604 = AXIS2_PLACEMENT_3D('',#2605,#2606,#2607);
#2605 = CARTESIAN_POINT('',(-1.780167471651,-7.799423297455,0.3));
#2606 = DIRECTION('',(0.,0.,1.));
#2607 = DIRECTION('',(1.,0.,-0.));
#2608 = DEFINITIONAL_REPRESENTATION('',(#2609),#2617);
#2609 = ( BOUNDED_CURVE() B_SPLINE_CURVE(2,(#2610,#2611,#2612,#2613,
#2614,#2615,#2616),.UNSPECIFIED.,.T.,.F.) B_SPLINE_CURVE_WITH_KNOTS((1,2
    ,2,2,2,1),(-2.094395102393,0.,2.094395102393,4.188790204786,
6.28318530718,8.377580409573),.UNSPECIFIED.) CURVE() 
GEOMETRIC_REPRESENTATION_ITEM() RATIONAL_B_SPLINE_CURVE((1.,0.5,1.,0.5,
1.,0.5,1.)) REPRESENTATION_ITEM('') );
#2610 = CARTESIAN_POINT('',(9.780167471651,7.799423297455));
#2611 = CARTESIAN_POINT('',(9.780167471651,-6.056983163096));
#2612 = CARTESIAN_POINT('',(-2.219832528349,0.871220067179));
#2613 = CARTESIAN_POINT('',(-14.21983252834,7.799423297455));
#2614 = CARTESIAN_POINT('',(-2.219832528349,14.72762652773));
#2615 = CARTESIAN_POINT('',(9.780167471651,21.655829758006));
#2616 = CARTESIAN_POINT('',(9.780167471651,7.799423297455));
#2617 = ( GEOMETRIC_REPRESENTATION_CONTEXT(2) 
PARAMETRIC_REPRESENTATION_CONTEXT() REPRESENTATION_CONTEXT('2D SPACE',''
  ) );
#2618 = FACE_BOUND('',#2619,.F.);
#2619 = EDGE_LOOP('',(#2620,#2648,#2681,#2702));
#2620 = ORIENTED_EDGE('',*,*,#2621,.F.);
#2621 = EDGE_CURVE('',#2622,#2624,#2626,.T.);
#2622 = VERTEX_POINT('',#2623);
#2623 = CARTESIAN_POINT('',(0.419855271939,-7.988975,13.1));
#2624 = VERTEX_POINT('',#2625);
#2625 = CARTESIAN_POINT('',(0.419855271939,-7.988975,0.3));
#2626 = SURFACE_CURVE('',#2627,(#2631,#2637),.PCURVE_S1.);
#2627 = LINE('',#2628,#2629);
#2628 = CARTESIAN_POINT('',(0.419855271939,-7.988975,0.));
#2629 = VECTOR('',#2630,1.);
#2630 = DIRECTION('',(-0.,-0.,-1.));
#2631 = PCURVE('',#54,#2632);
#2632 = DEFINITIONAL_REPRESENTATION('',(#2633),#2636);
#2633 = B_SPLINE_CURVE_WITH_KNOTS('',1,(#2634,#2635),.UNSPECIFIED.,.F.,
  .F.,(2,2),(-13.1000006,-0.2999994),.PIECEWISE_BEZIER_KNOTS.);
#2634 = CARTESIAN_POINT('',(-4.764895011552,-13.1000006));
#2635 = CARTESIAN_POINT('',(-4.764895011552,-0.2999994));
#2636 = ( GEOMETRIC_REPRESENTATION_CONTEXT(2) 
PARAMETRIC_REPRESENTATION_CONTEXT() REPRESENTATION_CONTEXT('2D SPACE',''
  ) );
#2637 = PCURVE('',#2638,#2643);
#2638 = CYLINDRICAL_SURFACE('',#2639,0.42);
#2639 = AXIS2_PLACEMENT_3D('',#2640,#2641,#2642);
#2640 = CARTESIAN_POINT('',(-1.469576158977E-15,-8.,0.3));
#2641 = DIRECTION('',(-0.,-0.,-1.));
#2642 = DIRECTION('',(1.,0.,0.));
#2643 = DEFINITIONAL_REPRESENTATION('',(#2644),#2647);
#2644 = B_SPLINE_CURVE_WITH_KNOTS('',1,(#2645,#2646),.UNSPECIFIED.,.F.,
  .F.,(2,2),(-13.1000006,-0.2999994),.PIECEWISE_BEZIER_KNOTS.);
#2645 = CARTESIAN_POINT('',(-2.62530155836E-02,-12.8000006));
#2646 = CARTESIAN_POINT('',(-2.62530155836E-02,6.000000000173E-07));
#2647 = ( GEOMETRIC_REPRESENTATION_CONTEXT(2) 
PARAMETRIC_REPRESENTATION_CONTEXT() REPRESENTATION_CONTEXT('2D SPACE',''
  ) );
#2648 = ORIENTED_EDGE('',*,*,#2649,.T.);
#2649 = EDGE_CURVE('',#2622,#2650,#2652,.T.);
#2650 = VERTEX_POINT('',#2651);
#2651 = CARTESIAN_POINT('',(-0.419855271939,-7.988975,13.1));
#2652 = SURFACE_CURVE('',#2653,(#2658,#2665),.PCURVE_S1.);
#2653 = CIRCLE('',#2654,8.);
#2654 = AXIS2_PLACEMENT_3D('',#2655,#2656,#2657);
#2655 = CARTESIAN_POINT('',(0.,0.,13.1));
#2656 = DIRECTION('',(0.,0.,-1.));
#2657 = DIRECTION('',(1.,0.,0.));
#2658 = PCURVE('',#54,#2659);
#2659 = DEFINITIONAL_REPRESENTATION('',(#2660),#2664);
#2660 = LINE('',#2661,#2662);
#2661 = CARTESIAN_POINT('',(-6.28318530718,-13.1));
#2662 = VECTOR('',#2663,1.);
#2663 = DIRECTION('',(1.,-0.));
#2664 = ( GEOMETRIC_REPRESENTATION_CONTEXT(2) 
PARAMETRIC_REPRESENTATION_CONTEXT() REPRESENTATION_CONTEXT('2D SPACE',''
  ) );
#2665 = PCURVE('',#2666,#2671);
#2666 = PLANE('',#2667);
#2667 = AXIS2_PLACEMENT_3D('',#2668,#2669,#2670);
#2668 = CARTESIAN_POINT('',(-1.507730180532E-15,-8.,13.1));
#2669 = DIRECTION('',(0.,0.,1.));
#2670 = DIRECTION('',(1.,0.,-0.));
#2671 = DEFINITIONAL_REPRESENTATION('',(#2672),#2680);
#2672 = ( BOUNDED_CURVE() B_SPLINE_CURVE(2,(#2673,#2674,#2675,#2676,
#2677,#2678,#2679),.UNSPECIFIED.,.T.,.F.) B_SPLINE_CURVE_WITH_KNOTS((1,2
    ,2,2,2,1),(-2.094395102393,0.,2.094395102393,4.188790204786,
6.28318530718,8.377580409573),.UNSPECIFIED.) CURVE() 
GEOMETRIC_REPRESENTATION_ITEM() RATIONAL_B_SPLINE_CURVE((1.,0.5,1.,0.5,
1.,0.5,1.)) REPRESENTATION_ITEM('') );
#2673 = CARTESIAN_POINT('',(8.,8.));
#2674 = CARTESIAN_POINT('',(8.,-5.856406460551));
#2675 = CARTESIAN_POINT('',(-4.,1.071796769724));
#2676 = CARTESIAN_POINT('',(-16.,8.));
#2677 = CARTESIAN_POINT('',(-4.,14.928203230276));
#2678 = CARTESIAN_POINT('',(8.,21.856406460551));
#2679 = CARTESIAN_POINT('',(8.,8.));
#2680 = ( GEOMETRIC_REPRESENTATION_CONTEXT(2) 
PARAMETRIC_REPRESENTATION_CONTEXT() REPRESENTATION_CONTEXT('2D SPACE',''
  ) );
#2681 = ORIENTED_EDGE('',*,*,#2682,.T.);
#2682 = EDGE_CURVE('',#2650,#2683,#2685,.T.);
#2683 = VERTEX_POINT('',#2684);
#2684 = CARTESIAN_POINT('',(-0.419855271939,-7.988975,0.3));
#2685 = SURFACE_CURVE('',#2686,(#2690,#2696),.PCURVE_S1.);
#2686 = LINE('',#2687,#2688);
#2687 = CARTESIAN_POINT('',(-0.419855271939,-7.988975,0.));
#2688 = VECTOR('',#2689,1.);
#2689 = DIRECTION('',(-0.,-0.,-1.));
#2690 = PCURVE('',#54,#2691);
#2691 = DEFINITIONAL_REPRESENTATION('',(#2692),#2695);
#2692 = B_SPLINE_CURVE_WITH_KNOTS('',1,(#2693,#2694),.UNSPECIFIED.,.F.,
  .F.,(2,2),(-13.1000006,-0.2999994),.PIECEWISE_BEZIER_KNOTS.);
#2693 = CARTESIAN_POINT('',(-4.659882949217,-13.1000006));
#2694 = CARTESIAN_POINT('',(-4.659882949217,-0.2999994));
#2695 = ( GEOMETRIC_REPRESENTATION_CONTEXT(2) 
PARAMETRIC_REPRESENTATION_CONTEXT() REPRESENTATION_CONTEXT('2D SPACE',''
  ) );
#2696 = PCURVE('',#2638,#2697);
#2697 = DEFINITIONAL_REPRESENTATION('',(#2698),#2701);
#2698 = B_SPLINE_CURVE_WITH_KNOTS('',1,(#2699,#2700),.UNSPECIFIED.,.F.,
  .F.,(2,2),(-13.1000006,-0.2999994),.PIECEWISE_BEZIER_KNOTS.);
#2699 = CARTESIAN_POINT('',(-3.115339638006,-12.8000006));
#2700 = CARTESIAN_POINT('',(-3.115339638006,6.000000000173E-07));
#2701 = ( GEOMETRIC_REPRESENTATION_CONTEXT(2) 
PARAMETRIC_REPRESENTATION_CONTEXT() REPRESENTATION_CONTEXT('2D SPACE',''
  ) );
#2702 = ORIENTED_EDGE('',*,*,#2703,.F.);
#2703 = EDGE_CURVE('',#2624,#2683,#2704,.T.);
#2704 = SURFACE_CURVE('',#2705,(#2710,#2717),.PCURVE_S1.);
#2705 = CIRCLE('',#2706,8.);
#2706 = AXIS2_PLACEMENT_3D('',#2707,#2708,#2709);
#2707 = CARTESIAN_POINT('',(0.,0.,0.3));
#2708 = DIRECTION('',(0.,0.,-1.));
#2709 = DIRECTION('',(1.,0.,0.));
#2710 = PCURVE('',#54,#2711);
#2711 = DEFINITIONAL_REPRESENTATION('',(#2712),#2716);
#2712 = LINE('',#2713,#2714);
#2713 = CARTESIAN_POINT('',(-6.28318530718,-0.3));
#2714 = VECTOR('',#2715,1.);
#2715 = DIRECTION('',(1.,-0.));
#2716 = ( GEOMETRIC_REPRESENTATION_CONTEXT(2) 
PARAMETRIC_REPRESENTATION_CONTEXT() REPRESENTATION_CONTEXT('2D SPACE',''
  ) );
#2717 = PCURVE('',#2718,#2723);
#2718 = PLANE('',#2719);
#2719 = AXIS2_PLACEMENT_3D('',#2720,#2721,#2722);
#2720 = CARTESIAN_POINT('',(-1.507730180532E-15,-8.,0.3));
#2721 = DIRECTION('',(0.,0.,1.));
#2722 = DIRECTION('',(1.,0.,-0.));
#2723 = DEFINITIONAL_REPRESENTATION('',(#2724),#2732);
#2724 = ( BOUNDED_CURVE() B_SPLINE_CURVE(2,(#2725,#2726,#2727,#2728,
#2729,#2730,#2731),.UNSPECIFIED.,.T.,.F.) B_SPLINE_CURVE_WITH_KNOTS((1,2
    ,2,2,2,1),(-2.094395102393,0.,2.094395102393,4.188790204786,
6.28318530718,8.377580409573),.UNSPECIFIED.) CURVE() 
GEOMETRIC_REPRESENTATION_ITEM() RATIONAL_B_SPLINE_CURVE((1.,0.5,1.,0.5,
1.,0.5,1.)) REPRESENTATION_ITEM('') );
#2725 = CARTESIAN_POINT('',(8.,8.));
#2726 = CARTESIAN_POINT('',(8.,-5.856406460551));
#2727 = CARTESIAN_POINT('',(-4.,1.071796769724));
#2728 = CARTESIAN_POINT('',(-16.,8.));
#2729 = CARTESIAN_POINT('',(-4.,14.928203230276));
#2730 = CARTESIAN_POINT('',(8.,21.856406460551));
#2731 = CARTESIAN_POINT('',(8.,8.));
#2732 = ( GEOMETRIC_REPRESENTATION_CONTEXT(2) 
PARAMETRIC_REPRESENTATION_CONTEXT() REPRESENTATION_CONTEXT('2D SPACE',''
  ) );
#2733 = FACE_BOUND('',#2734,.F.);
#2734 = EDGE_LOOP('',(#2735,#2763,#2796,#2817));
#2735 = ORIENTED_EDGE('',*,*,#2736,.F.);
#2736 = EDGE_CURVE('',#2737,#2739,#2741,.T.);
#2737 = VERTEX_POINT('',#2738);
#2738 = CARTESIAN_POINT('',(2.187042802044,-7.695248129984,13.1));
#2739 = VERTEX_POINT('',#2740);
#2740 = CARTESIAN_POINT('',(2.187042802044,-7.695248129984,0.3));
#2741 = SURFACE_CURVE('',#2742,(#2746,#2752),.PCURVE_S1.);
#2742 = LINE('',#2743,#2744);
#2743 = CARTESIAN_POINT('',(2.187042802044,-7.695248129984,0.));
#2744 = VECTOR('',#2745,1.);
#2745 = DIRECTION('',(-0.,-0.,-1.));
#2746 = PCURVE('',#54,#2747);
#2747 = DEFINITIONAL_REPRESENTATION('',(#2748),#2751);
#2748 = B_SPLINE_CURVE_WITH_KNOTS('',1,(#2749,#2750),.UNSPECIFIED.,.F.,
  .F.,(2,2),(-13.1000006,-0.2999994),.PIECEWISE_BEZIER_KNOTS.);
#2749 = CARTESIAN_POINT('',(-4.989294486808,-13.1000006));
#2750 = CARTESIAN_POINT('',(-4.989294486808,-0.2999994));
#2751 = ( GEOMETRIC_REPRESENTATION_CONTEXT(2) 
PARAMETRIC_REPRESENTATION_CONTEXT() REPRESENTATION_CONTEXT('2D SPACE',''
  ) );
#2752 = PCURVE('',#2753,#2758);
#2753 = CYLINDRICAL_SURFACE('',#2754,0.42);
#2754 = AXIS2_PLACEMENT_3D('',#2755,#2756,#2757);
#2755 = CARTESIAN_POINT('',(1.780167471651,-7.799423297455,0.3));
#2756 = DIRECTION('',(-0.,-0.,-1.));
#2757 = DIRECTION('',(1.,0.,0.));
#2758 = DEFINITIONAL_REPRESENTATION('',(#2759),#2762);
#2759 = B_SPLINE_CURVE_WITH_KNOTS('',1,(#2760,#2761),.UNSPECIFIED.,.F.,
  .F.,(2,2),(-13.1000006,-0.2999994),.PIECEWISE_BEZIER_KNOTS.);
#2760 = CARTESIAN_POINT('',(-0.25065249084,-12.8000006));
#2761 = CARTESIAN_POINT('',(-0.25065249084,6.000000000173E-07));
#2762 = ( GEOMETRIC_REPRESENTATION_CONTEXT(2) 
PARAMETRIC_REPRESENTATION_CONTEXT() REPRESENTATION_CONTEXT('2D SPACE',''
  ) );
#2763 = ORIENTED_EDGE('',*,*,#2764,.T.);
#2764 = EDGE_CURVE('',#2737,#2765,#2767,.T.);
#2765 = VERTEX_POINT('',#2766);
#2766 = CARTESIAN_POINT('',(1.368385554664,-7.882101304461,13.1));
#2767 = SURFACE_CURVE('',#2768,(#2773,#2780),.PCURVE_S1.);
#2768 = CIRCLE('',#2769,8.);
#2769 = AXIS2_PLACEMENT_3D('',#2770,#2771,#2772);
#2770 = CARTESIAN_POINT('',(0.,0.,13.1));
#2771 = DIRECTION('',(0.,0.,-1.));
#2772 = DIRECTION('',(1.,0.,0.));
#2773 = PCURVE('',#54,#2774);
#2774 = DEFINITIONAL_REPRESENTATION('',(#2775),#2779);
#2775 = LINE('',#2776,#2777);
#2776 = CARTESIAN_POINT('',(-6.28318530718,-13.1));
#2777 = VECTOR('',#2778,1.);
#2778 = DIRECTION('',(1.,-0.));
#2779 = ( GEOMETRIC_REPRESENTATION_CONTEXT(2) 
PARAMETRIC_REPRESENTATION_CONTEXT() REPRESENTATION_CONTEXT('2D SPACE',''
  ) );
#2780 = PCURVE('',#2781,#2786);
#2781 = PLANE('',#2782);
#2782 = AXIS2_PLACEMENT_3D('',#2783,#2784,#2785);
#2783 = CARTESIAN_POINT('',(1.780167471651,-7.799423297455,13.1));
#2784 = DIRECTION('',(0.,0.,1.));
#2785 = DIRECTION('',(1.,0.,-0.));
#2786 = DEFINITIONAL_REPRESENTATION('',(#2787),#2795);
#2787 = ( BOUNDED_CURVE() B_SPLINE_CURVE(2,(#2788,#2789,#2790,#2791,
#2792,#2793,#2794),.UNSPECIFIED.,.T.,.F.) B_SPLINE_CURVE_WITH_KNOTS((1,2
    ,2,2,2,1),(-2.094395102393,0.,2.094395102393,4.188790204786,
6.28318530718,8.377580409573),.UNSPECIFIED.) CURVE() 
GEOMETRIC_REPRESENTATION_ITEM() RATIONAL_B_SPLINE_CURVE((1.,0.5,1.,0.5,
1.,0.5,1.)) REPRESENTATION_ITEM('') );
#2788 = CARTESIAN_POINT('',(6.219832528349,7.799423297455));
#2789 = CARTESIAN_POINT('',(6.219832528349,-6.056983163096));
#2790 = CARTESIAN_POINT('',(-5.780167471651,0.871220067179));
#2791 = CARTESIAN_POINT('',(-17.78016747165,7.799423297455));
#2792 = CARTESIAN_POINT('',(-5.780167471651,14.72762652773));
#2793 = CARTESIAN_POINT('',(6.219832528349,21.655829758006));
#2794 = CARTESIAN_POINT('',(6.219832528349,7.799423297455));
#2795 = ( GEOMETRIC_REPRESENTATION_CONTEXT(2) 
PARAMETRIC_REPRESENTATION_CONTEXT() REPRESENTATION_CONTEXT('2D SPACE',''
  ) );
#2796 = ORIENTED_EDGE('',*,*,#2797,.T.);
#2797 = EDGE_CURVE('',#2765,#2798,#2800,.T.);
#2798 = VERTEX_POINT('',#2799);
#2799 = CARTESIAN_POINT('',(1.368385554664,-7.882101304461,0.3));
#2800 = SURFACE_CURVE('',#2801,(#2805,#2811),.PCURVE_S1.);
#2801 = LINE('',#2802,#2803);
#2802 = CARTESIAN_POINT('',(1.368385554664,-7.882101304461,0.));
#2803 = VECTOR('',#2804,1.);
#2804 = DIRECTION('',(-0.,-0.,-1.));
#2805 = PCURVE('',#54,#2806);
#2806 = DEFINITIONAL_REPRESENTATION('',(#2807),#2810);
#2807 = B_SPLINE_CURVE_WITH_KNOTS('',1,(#2808,#2809),.UNSPECIFIED.,.F.,
  .F.,(2,2),(-13.1000006,-0.2999994),.PIECEWISE_BEZIER_KNOTS.);
#2808 = CARTESIAN_POINT('',(-4.884282424474,-13.1000006));
#2809 = CARTESIAN_POINT('',(-4.884282424474,-0.2999994));
#2810 = ( GEOMETRIC_REPRESENTATION_CONTEXT(2) 
PARAMETRIC_REPRESENTATION_CONTEXT() REPRESENTATION_CONTEXT('2D SPACE',''
  ) );
#2811 = PCURVE('',#2753,#2812);
#2812 = DEFINITIONAL_REPRESENTATION('',(#2813),#2816);
#2813 = B_SPLINE_CURVE_WITH_KNOTS('',1,(#2814,#2815),.UNSPECIFIED.,.F.,
  .F.,(2,2),(-13.1000006,-0.2999994),.PIECEWISE_BEZIER_KNOTS.);
#2814 = CARTESIAN_POINT('',(-3.339739113263,-12.8000006));
#2815 = CARTESIAN_POINT('',(-3.339739113263,6.000000000173E-07));
#2816 = ( GEOMETRIC_REPRESENTATION_CONTEXT(2) 
PARAMETRIC_REPRESENTATION_CONTEXT() REPRESENTATION_CONTEXT('2D SPACE',''
  ) );
#2817 = ORIENTED_EDGE('',*,*,#2818,.F.);
#2818 = EDGE_CURVE('',#2739,#2798,#2819,.T.);
#2819 = SURFACE_CURVE('',#2820,(#2825,#2832),.PCURVE_S1.);
#2820 = CIRCLE('',#2821,8.);
#2821 = AXIS2_PLACEMENT_3D('',#2822,#2823,#2824);
#2822 = CARTESIAN_POINT('',(0.,0.,0.3));
#2823 = DIRECTION('',(0.,0.,-1.));
#2824 = DIRECTION('',(1.,0.,0.));
#2825 = PCURVE('',#54,#2826);
#2826 = DEFINITIONAL_REPRESENTATION('',(#2827),#2831);
#2827 = LINE('',#2828,#2829);
#2828 = CARTESIAN_POINT('',(-6.28318530718,-0.3));
#2829 = VECTOR('',#2830,1.);
#2830 = DIRECTION('',(1.,-0.));
#2831 = ( GEOMETRIC_REPRESENTATION_CONTEXT(2) 
PARAMETRIC_REPRESENTATION_CONTEXT() REPRESENTATION_CONTEXT('2D SPACE',''
  ) );
#2832 = PCURVE('',#2833,#2838);
#2833 = PLANE('',#2834);
#2834 = AXIS2_PLACEMENT_3D('',#2835,#2836,#2837);
#2835 = CARTESIAN_POINT('',(1.780167471651,-7.799423297455,0.3));
#2836 = DIRECTION('',(0.,0.,1.));
#2837 = DIRECTION('',(1.,0.,-0.));
#2838 = DEFINITIONAL_REPRESENTATION('',(#2839),#2847);
#2839 = ( BOUNDED_CURVE() B_SPLINE_CURVE(2,(#2840,#2841,#2842,#2843,
#2844,#2845,#2846),.UNSPECIFIED.,.T.,.F.) B_SPLINE_CURVE_WITH_KNOTS((1,2
    ,2,2,2,1),(-2.094395102393,0.,2.094395102393,4.188790204786,
6.28318530718,8.377580409573),.UNSPECIFIED.) CURVE() 
GEOMETRIC_REPRESENTATION_ITEM() RATIONAL_B_SPLINE_CURVE((1.,0.5,1.,0.5,
1.,0.5,1.)) REPRESENTATION_ITEM('') );
#2840 = CARTESIAN_POINT('',(6.219832528349,7.799423297455));
#2841 = CARTESIAN_POINT('',(6.219832528349,-6.056983163096));
#2842 = CARTESIAN_POINT('',(-5.780167471651,0.871220067179));
#2843 = CARTESIAN_POINT('',(-17.78016747165,7.799423297455));
#2844 = CARTESIAN_POINT('',(-5.780167471651,14.72762652773));
#2845 = CARTESIAN_POINT('',(6.219832528349,21.655829758006));
#2846 = CARTESIAN_POINT('',(6.219832528349,7.799423297455));
#2847 = ( GEOMETRIC_REPRESENTATION_CONTEXT(2) 
PARAMETRIC_REPRESENTATION_CONTEXT() REPRESENTATION_CONTEXT('2D SPACE',''
  ) );
#2848 = FACE_BOUND('',#2849,.F.);
#2849 = EDGE_LOOP('',(#2850,#2878,#2911,#2932));
#2850 = ORIENTED_EDGE('',*,*,#2851,.F.);
#2851 = EDGE_CURVE('',#2852,#2854,#2856,.T.);
#2852 = VERTEX_POINT('',#2853);
#2853 = CARTESIAN_POINT('',(3.844562873758,-7.015649386174,13.1));
#2854 = VERTEX_POINT('',#2855);
#2855 = CARTESIAN_POINT('',(3.844562873758,-7.015649386174,0.3));
#2856 = SURFACE_CURVE('',#2857,(#2861,#2867),.PCURVE_S1.);
#2857 = LINE('',#2858,#2859);
#2858 = CARTESIAN_POINT('',(3.844562873758,-7.015649386174,0.));
#2859 = VECTOR('',#2860,1.);
#2860 = DIRECTION('',(-0.,-0.,-1.));
#2861 = PCURVE('',#54,#2862);
#2862 = DEFINITIONAL_REPRESENTATION('',(#2863),#2866);
#2863 = B_SPLINE_CURVE_WITH_KNOTS('',1,(#2864,#2865),.UNSPECIFIED.,.F.,
  .F.,(2,2),(-13.1000006,-0.2999994),.PIECEWISE_BEZIER_KNOTS.);
#2864 = CARTESIAN_POINT('',(-5.213693962065,-13.1000006));
#2865 = CARTESIAN_POINT('',(-5.213693962065,-0.2999994));
#2866 = ( GEOMETRIC_REPRESENTATION_CONTEXT(2) 
PARAMETRIC_REPRESENTATION_CONTEXT() REPRESENTATION_CONTEXT('2D SPACE',''
  ) );
#2867 = PCURVE('',#2868,#2873);
#2868 = CYLINDRICAL_SURFACE('',#2869,0.42);
#2869 = AXIS2_PLACEMENT_3D('',#2870,#2871,#2872);
#2870 = CARTESIAN_POINT('',(3.47106991294,-7.207750943219,0.3));
#2871 = DIRECTION('',(-0.,-0.,-1.));
#2872 = DIRECTION('',(1.,0.,0.));
#2873 = DEFINITIONAL_REPRESENTATION('',(#2874),#2877);
#2874 = B_SPLINE_CURVE_WITH_KNOTS('',1,(#2875,#2876),.UNSPECIFIED.,.F.,
  .F.,(2,2),(-13.1000006,-0.2999994),.PIECEWISE_BEZIER_KNOTS.);
#2875 = CARTESIAN_POINT('',(-0.475051966096,-12.8000006));
#2876 = CARTESIAN_POINT('',(-0.475051966096,6.000000000173E-07));
#2877 = ( GEOMETRIC_REPRESENTATION_CONTEXT(2) 
PARAMETRIC_REPRESENTATION_CONTEXT() REPRESENTATION_CONTEXT('2D SPACE',''
  ) );
#2878 = ORIENTED_EDGE('',*,*,#2879,.T.);
#2879 = EDGE_CURVE('',#2852,#2880,#2882,.T.);
#2880 = VERTEX_POINT('',#2881);
#2881 = CARTESIAN_POINT('',(3.088009815675,-7.379986136728,13.1));
#2882 = SURFACE_CURVE('',#2883,(#2888,#2895),.PCURVE_S1.);
#2883 = CIRCLE('',#2884,8.);
#2884 = AXIS2_PLACEMENT_3D('',#2885,#2886,#2887);
#2885 = CARTESIAN_POINT('',(0.,0.,13.1));
#2886 = DIRECTION('',(0.,0.,-1.));
#2887 = DIRECTION('',(1.,0.,0.));
#2888 = PCURVE('',#54,#2889);
#2889 = DEFINITIONAL_REPRESENTATION('',(#2890),#2894);
#2890 = LINE('',#2891,#2892);
#2891 = CARTESIAN_POINT('',(-6.28318530718,-13.1));
#2892 = VECTOR('',#2893,1.);
#2893 = DIRECTION('',(1.,-0.));
#2894 = ( GEOMETRIC_REPRESENTATION_CONTEXT(2) 
PARAMETRIC_REPRESENTATION_CONTEXT() REPRESENTATION_CONTEXT('2D SPACE',''
  ) );
#2895 = PCURVE('',#2896,#2901);
#2896 = PLANE('',#2897);
#2897 = AXIS2_PLACEMENT_3D('',#2898,#2899,#2900);
#2898 = CARTESIAN_POINT('',(3.47106991294,-7.207750943219,13.1));
#2899 = DIRECTION('',(0.,0.,1.));
#2900 = DIRECTION('',(1.,0.,-0.));
#2901 = DEFINITIONAL_REPRESENTATION('',(#2902),#2910);
#2902 = ( BOUNDED_CURVE() B_SPLINE_CURVE(2,(#2903,#2904,#2905,#2906,
#2907,#2908,#2909),.UNSPECIFIED.,.T.,.F.) B_SPLINE_CURVE_WITH_KNOTS((1,2
    ,2,2,2,1),(-2.094395102393,0.,2.094395102393,4.188790204786,
6.28318530718,8.377580409573),.UNSPECIFIED.) CURVE() 
GEOMETRIC_REPRESENTATION_ITEM() RATIONAL_B_SPLINE_CURVE((1.,0.5,1.,0.5,
1.,0.5,1.)) REPRESENTATION_ITEM('') );
#2903 = CARTESIAN_POINT('',(4.52893008706,7.207750943219));
#2904 = CARTESIAN_POINT('',(4.52893008706,-6.648655517332));
#2905 = CARTESIAN_POINT('',(-7.47106991294,0.279547712944));
#2906 = CARTESIAN_POINT('',(-19.47106991294,7.207750943219));
#2907 = CARTESIAN_POINT('',(-7.47106991294,14.135954173495));
#2908 = CARTESIAN_POINT('',(4.52893008706,21.06415740377));
#2909 = CARTESIAN_POINT('',(4.52893008706,7.207750943219));
#2910 = ( GEOMETRIC_REPRESENTATION_CONTEXT(2) 
PARAMETRIC_REPRESENTATION_CONTEXT() REPRESENTATION_CONTEXT('2D SPACE',''
  ) );
#2911 = ORIENTED_EDGE('',*,*,#2912,.T.);
#2912 = EDGE_CURVE('',#2880,#2913,#2915,.T.);
#2913 = VERTEX_POINT('',#2914);
#2914 = CARTESIAN_POINT('',(3.088009815675,-7.379986136728,0.3));
#2915 = SURFACE_CURVE('',#2916,(#2920,#2926),.PCURVE_S1.);
#2916 = LINE('',#2917,#2918);
#2917 = CARTESIAN_POINT('',(3.088009815675,-7.379986136728,0.));
#2918 = VECTOR('',#2919,1.);
#2919 = DIRECTION('',(-0.,-0.,-1.));
#2920 = PCURVE('',#54,#2921);
#2921 = DEFINITIONAL_REPRESENTATION('',(#2922),#2925);
#2922 = B_SPLINE_CURVE_WITH_KNOTS('',1,(#2923,#2924),.UNSPECIFIED.,.F.,
  .F.,(2,2),(-13.1000006,-0.2999994),.PIECEWISE_BEZIER_KNOTS.);
#2923 = CARTESIAN_POINT('',(-5.10868189973,-13.1000006));
#2924 = CARTESIAN_POINT('',(-5.10868189973,-0.2999994));
#2925 = ( GEOMETRIC_REPRESENTATION_CONTEXT(2) 
PARAMETRIC_REPRESENTATION_CONTEXT() REPRESENTATION_CONTEXT('2D SPACE',''
  ) );
#2926 = PCURVE('',#2868,#2927);
#2927 = DEFINITIONAL_REPRESENTATION('',(#2928),#2931);
#2928 = B_SPLINE_CURVE_WITH_KNOTS('',1,(#2929,#2930),.UNSPECIFIED.,.F.,
  .F.,(2,2),(-13.1000006,-0.2999994),.PIECEWISE_BEZIER_KNOTS.);
#2929 = CARTESIAN_POINT('',(-3.564138588519,-12.8000006));
#2930 = CARTESIAN_POINT('',(-3.564138588519,6.000000000173E-07));
#2931 = ( GEOMETRIC_REPRESENTATION_CONTEXT(2) 
PARAMETRIC_REPRESENTATION_CONTEXT() REPRESENTATION_CONTEXT('2D SPACE',''
  ) );
#2932 = ORIENTED_EDGE('',*,*,#2933,.F.);
#2933 = EDGE_CURVE('',#2854,#2913,#2934,.T.);
#2934 = SURFACE_CURVE('',#2935,(#2940,#2947),.PCURVE_S1.);
#2935 = CIRCLE('',#2936,8.);
#2936 = AXIS2_PLACEMENT_3D('',#2937,#2938,#2939);
#2937 = CARTESIAN_POINT('',(0.,0.,0.3));
#2938 = DIRECTION('',(0.,0.,-1.));
#2939 = DIRECTION('',(1.,0.,0.));
#2940 = PCURVE('',#54,#2941);
#2941 = DEFINITIONAL_REPRESENTATION('',(#2942),#2946);
#2942 = LINE('',#2943,#2944);
#2943 = CARTESIAN_POINT('',(-6.28318530718,-0.3));
#2944 = VECTOR('',#2945,1.);
#2945 = DIRECTION('',(1.,-0.));
#2946 = ( GEOMETRIC_REPRESENTATION_CONTEXT(2) 
PARAMETRIC_REPRESENTATION_CONTEXT() REPRESENTATION_CONTEXT('2D SPACE',''
  ) );
#2947 = PCURVE('',#2948,#2953);
#2948 = PLANE('',#2949);
#2949 = AXIS2_PLACEMENT_3D('',#2950,#2951,#2952);
#2950 = CARTESIAN_POINT('',(3.47106991294,-7.207750943219,0.3));
#2951 = DIRECTION('',(0.,0.,1.));
#2952 = DIRECTION('',(1.,0.,-0.));
#2953 = DEFINITIONAL_REPRESENTATION('',(#2954),#2962);
#2954 = ( BOUNDED_CURVE() B_SPLINE_CURVE(2,(#2955,#2956,#2957,#2958,
#2959,#2960,#2961),.UNSPECIFIED.,.T.,.F.) B_SPLINE_CURVE_WITH_KNOTS((1,2
    ,2,2,2,1),(-2.094395102393,0.,2.094395102393,4.188790204786,
6.28318530718,8.377580409573),.UNSPECIFIED.) CURVE() 
GEOMETRIC_REPRESENTATION_ITEM() RATIONAL_B_SPLINE_CURVE((1.,0.5,1.,0.5,
1.,0.5,1.)) REPRESENTATION_ITEM('') );
#2955 = CARTESIAN_POINT('',(4.52893008706,7.207750943219));
#2956 = CARTESIAN_POINT('',(4.52893008706,-6.648655517332));
#2957 = CARTESIAN_POINT('',(-7.47106991294,0.279547712944));
#2958 = CARTESIAN_POINT('',(-19.47106991294,7.207750943219));
#2959 = CARTESIAN_POINT('',(-7.47106991294,14.135954173495));
#2960 = CARTESIAN_POINT('',(4.52893008706,21.06415740377));
#2961 = CARTESIAN_POINT('',(4.52893008706,7.207750943219));
#2962 = ( GEOMETRIC_REPRESENTATION_CONTEXT(2) 
PARAMETRIC_REPRESENTATION_CONTEXT() REPRESENTATION_CONTEXT('2D SPACE',''
  ) );
#2963 = FACE_BOUND('',#2964,.F.);
#2964 = EDGE_LOOP('',(#2965,#2993,#3026,#3047));
#2965 = ORIENTED_EDGE('',*,*,#2966,.F.);
#2966 = EDGE_CURVE('',#2967,#2969,#2971,.T.);
#2967 = VERTEX_POINT('',#2968);
#2968 = CARTESIAN_POINT('',(5.309300509486,-5.984256687339,13.1));
#2969 = VERTEX_POINT('',#2970);
#2970 = CARTESIAN_POINT('',(5.309300509486,-5.984256687339,0.3));
#2971 = SURFACE_CURVE('',#2972,(#2976,#2982),.PCURVE_S1.);
#2972 = LINE('',#2973,#2974);
#2973 = CARTESIAN_POINT('',(5.309300509486,-5.984256687339,0.));
#2974 = VECTOR('',#2975,1.);
#2975 = DIRECTION('',(-0.,-0.,-1.));
#2976 = PCURVE('',#54,#2977);
#2977 = DEFINITIONAL_REPRESENTATION('',(#2978),#2981);
#2978 = B_SPLINE_CURVE_WITH_KNOTS('',1,(#2979,#2980),.UNSPECIFIED.,.F.,
  .F.,(2,2),(-13.1000006,-0.2999994),.PIECEWISE_BEZIER_KNOTS.);
#2979 = CARTESIAN_POINT('',(-5.438093437321,-13.1000006));
#2980 = CARTESIAN_POINT('',(-5.438093437321,-0.2999994));
#2981 = ( GEOMETRIC_REPRESENTATION_CONTEXT(2) 
PARAMETRIC_REPRESENTATION_CONTEXT() REPRESENTATION_CONTEXT('2D SPACE',''
  ) );
#2982 = PCURVE('',#2983,#2988);
#2983 = CYLINDRICAL_SURFACE('',#2984,0.42);
#2984 = AXIS2_PLACEMENT_3D('',#2985,#2986,#2987);
#2985 = CARTESIAN_POINT('',(4.98791841487,-6.254651859744,0.3));
#2986 = DIRECTION('',(-0.,-0.,-1.));
#2987 = DIRECTION('',(1.,0.,0.));
#2988 = DEFINITIONAL_REPRESENTATION('',(#2989),#2992);
#2989 = B_SPLINE_CURVE_WITH_KNOTS('',1,(#2990,#2991),.UNSPECIFIED.,.F.,
  .F.,(2,2),(-13.1000006,-0.2999994),.PIECEWISE_BEZIER_KNOTS.);
#2990 = CARTESIAN_POINT('',(-0.699451441353,-12.8000006));
#2991 = CARTESIAN_POINT('',(-0.699451441353,6.000000000173E-07));
#2992 = ( GEOMETRIC_REPRESENTATION_CONTEXT(2) 
PARAMETRIC_REPRESENTATION_CONTEXT() REPRESENTATION_CONTEXT('2D SPACE',''
  ) );
#2993 = ORIENTED_EDGE('',*,*,#2994,.T.);
#2994 = EDGE_CURVE('',#2967,#2995,#2997,.T.);
#2995 = VERTEX_POINT('',#2996);
#2996 = CARTESIAN_POINT('',(4.652788370122,-6.507807647961,13.1));
#2997 = SURFACE_CURVE('',#2998,(#3003,#3010),.PCURVE_S1.);
#2998 = CIRCLE('',#2999,8.);
#2999 = AXIS2_PLACEMENT_3D('',#3000,#3001,#3002);
#3000 = CARTESIAN_POINT('',(0.,0.,13.1));
#3001 = DIRECTION('',(0.,0.,-1.));
#3002 = DIRECTION('',(1.,0.,0.));
#3003 = PCURVE('',#54,#3004);
#3004 = DEFINITIONAL_REPRESENTATION('',(#3005),#3009);
#3005 = LINE('',#3006,#3007);
#3006 = CARTESIAN_POINT('',(-6.28318530718,-13.1));
#3007 = VECTOR('',#3008,1.);
#3008 = DIRECTION('',(1.,-0.));
#3009 = ( GEOMETRIC_REPRESENTATION_CONTEXT(2) 
PARAMETRIC_REPRESENTATION_CONTEXT() REPRESENTATION_CONTEXT('2D SPACE',''
  ) );
#3010 = PCURVE('',#3011,#3016);
#3011 = PLANE('',#3012);
#3012 = AXIS2_PLACEMENT_3D('',#3013,#3014,#3015);
#3013 = CARTESIAN_POINT('',(4.98791841487,-6.254651859744,13.1));
#3014 = DIRECTION('',(0.,0.,1.));
#3015 = DIRECTION('',(1.,0.,-0.));
#3016 = DEFINITIONAL_REPRESENTATION('',(#3017),#3025);
#3017 = ( BOUNDED_CURVE() B_SPLINE_CURVE(2,(#3018,#3019,#3020,#3021,
#3022,#3023,#3024),.UNSPECIFIED.,.T.,.F.) B_SPLINE_CURVE_WITH_KNOTS((1,2
    ,2,2,2,1),(-2.094395102393,0.,2.094395102393,4.188790204786,
6.28318530718,8.377580409573),.UNSPECIFIED.) CURVE() 
GEOMETRIC_REPRESENTATION_ITEM() RATIONAL_B_SPLINE_CURVE((1.,0.5,1.,0.5,
1.,0.5,1.)) REPRESENTATION_ITEM('') );
#3018 = CARTESIAN_POINT('',(3.01208158513,6.254651859744));
#3019 = CARTESIAN_POINT('',(3.01208158513,-7.601754600807));
#3020 = CARTESIAN_POINT('',(-8.98791841487,-0.673551370531));
#3021 = CARTESIAN_POINT('',(-20.98791841487,6.254651859744));
#3022 = CARTESIAN_POINT('',(-8.98791841487,13.18285509002));
#3023 = CARTESIAN_POINT('',(3.01208158513,20.111058320295));
#3024 = CARTESIAN_POINT('',(3.01208158513,6.254651859744));
#3025 = ( GEOMETRIC_REPRESENTATION_CONTEXT(2) 
PARAMETRIC_REPRESENTATION_CONTEXT() REPRESENTATION_CONTEXT('2D SPACE',''
  ) );
#3026 = ORIENTED_EDGE('',*,*,#3027,.T.);
#3027 = EDGE_CURVE('',#2995,#3028,#3030,.T.);
#3028 = VERTEX_POINT('',#3029);
#3029 = CARTESIAN_POINT('',(4.652788370122,-6.507807647961,0.3));
#3030 = SURFACE_CURVE('',#3031,(#3035,#3041),.PCURVE_S1.);
#3031 = LINE('',#3032,#3033);
#3032 = CARTESIAN_POINT('',(4.652788370122,-6.507807647961,0.));
#3033 = VECTOR('',#3034,1.);
#3034 = DIRECTION('',(-0.,-0.,-1.));
#3035 = PCURVE('',#54,#3036);
#3036 = DEFINITIONAL_REPRESENTATION('',(#3037),#3040);
#3037 = B_SPLINE_CURVE_WITH_KNOTS('',1,(#3038,#3039),.UNSPECIFIED.,.F.,
  .F.,(2,2),(-13.1000006,-0.2999994),.PIECEWISE_BEZIER_KNOTS.);
#3038 = CARTESIAN_POINT('',(-5.333081374987,-13.1000006));
#3039 = CARTESIAN_POINT('',(-5.333081374987,-0.2999994));
#3040 = ( GEOMETRIC_REPRESENTATION_CONTEXT(2) 
PARAMETRIC_REPRESENTATION_CONTEXT() REPRESENTATION_CONTEXT('2D SPACE',''
  ) );
#3041 = PCURVE('',#2983,#3042);
#3042 = DEFINITIONAL_REPRESENTATION('',(#3043),#3046);
#3043 = B_SPLINE_CURVE_WITH_KNOTS('',1,(#3044,#3045),.UNSPECIFIED.,.F.,
  .F.,(2,2),(-13.1000006,-0.2999994),.PIECEWISE_BEZIER_KNOTS.);
#3044 = CARTESIAN_POINT('',(-3.788538063775,-12.8000006));
#3045 = CARTESIAN_POINT('',(-3.788538063775,6.000000000173E-07));
#3046 = ( GEOMETRIC_REPRESENTATION_CONTEXT(2) 
PARAMETRIC_REPRESENTATION_CONTEXT() REPRESENTATION_CONTEXT('2D SPACE',''
  ) );
#3047 = ORIENTED_EDGE('',*,*,#3048,.F.);
#3048 = EDGE_CURVE('',#2969,#3028,#3049,.T.);
#3049 = SURFACE_CURVE('',#3050,(#3055,#3062),.PCURVE_S1.);
#3050 = CIRCLE('',#3051,8.);
#3051 = AXIS2_PLACEMENT_3D('',#3052,#3053,#3054);
#3052 = CARTESIAN_POINT('',(0.,0.,0.3));
#3053 = DIRECTION('',(0.,0.,-1.));
#3054 = DIRECTION('',(1.,0.,0.));
#3055 = PCURVE('',#54,#3056);
#3056 = DEFINITIONAL_REPRESENTATION('',(#3057),#3061);
#3057 = LINE('',#3058,#3059);
#3058 = CARTESIAN_POINT('',(-6.28318530718,-0.3));
#3059 = VECTOR('',#3060,1.);
#3060 = DIRECTION('',(1.,-0.));
#3061 = ( GEOMETRIC_REPRESENTATION_CONTEXT(2) 
PARAMETRIC_REPRESENTATION_CONTEXT() REPRESENTATION_CONTEXT('2D SPACE',''
  ) );
#3062 = PCURVE('',#3063,#3068);
#3063 = PLANE('',#3064);
#3064 = AXIS2_PLACEMENT_3D('',#3065,#3066,#3067);
#3065 = CARTESIAN_POINT('',(4.98791841487,-6.254651859744,0.3));
#3066 = DIRECTION('',(0.,0.,1.));
#3067 = DIRECTION('',(1.,0.,-0.));
#3068 = DEFINITIONAL_REPRESENTATION('',(#3069),#3077);
#3069 = ( BOUNDED_CURVE() B_SPLINE_CURVE(2,(#3070,#3071,#3072,#3073,
#3074,#3075,#3076),.UNSPECIFIED.,.T.,.F.) B_SPLINE_CURVE_WITH_KNOTS((1,2
    ,2,2,2,1),(-2.094395102393,0.,2.094395102393,4.188790204786,
6.28318530718,8.377580409573),.UNSPECIFIED.) CURVE() 
GEOMETRIC_REPRESENTATION_ITEM() RATIONAL_B_SPLINE_CURVE((1.,0.5,1.,0.5,
1.,0.5,1.)) REPRESENTATION_ITEM('') );
#3070 = CARTESIAN_POINT('',(3.01208158513,6.254651859744));
#3071 = CARTESIAN_POINT('',(3.01208158513,-7.601754600807));
#3072 = CARTESIAN_POINT('',(-8.98791841487,-0.673551370531));
#3073 = CARTESIAN_POINT('',(-20.98791841487,6.254651859744));
#3074 = CARTESIAN_POINT('',(-8.98791841487,13.18285509002));
#3075 = CARTESIAN_POINT('',(3.01208158513,20.111058320295));
#3076 = CARTESIAN_POINT('',(3.01208158513,6.254651859744));
#3077 = ( GEOMETRIC_REPRESENTATION_CONTEXT(2) 
PARAMETRIC_REPRESENTATION_CONTEXT() REPRESENTATION_CONTEXT('2D SPACE',''
  ) );
#3078 = FACE_BOUND('',#3079,.F.);
#3079 = EDGE_LOOP('',(#3080,#3108,#3141,#3162));
#3080 = ORIENTED_EDGE('',*,*,#3081,.F.);
#3081 = EDGE_CURVE('',#3082,#3084,#3086,.T.);
#3082 = VERTEX_POINT('',#3083);
#3083 = CARTESIAN_POINT('',(6.507807647961,-4.652788370122,13.1));
#3084 = VERTEX_POINT('',#3085);
#3085 = CARTESIAN_POINT('',(6.507807647961,-4.652788370122,0.3));
#3086 = SURFACE_CURVE('',#3087,(#3091,#3097),.PCURVE_S1.);
#3087 = LINE('',#3088,#3089);
#3088 = CARTESIAN_POINT('',(6.507807647961,-4.652788370122,0.));
#3089 = VECTOR('',#3090,1.);
#3090 = DIRECTION('',(-0.,-0.,-1.));
#3091 = PCURVE('',#54,#3092);
#3092 = DEFINITIONAL_REPRESENTATION('',(#3093),#3096);
#3093 = B_SPLINE_CURVE_WITH_KNOTS('',1,(#3094,#3095),.UNSPECIFIED.,.F.,
  .F.,(2,2),(-13.1000006,-0.2999994),.PIECEWISE_BEZIER_KNOTS.);
#3094 = CARTESIAN_POINT('',(-5.662492912578,-13.1000006));
#3095 = CARTESIAN_POINT('',(-5.662492912578,-0.2999994));
#3096 = ( GEOMETRIC_REPRESENTATION_CONTEXT(2) 
PARAMETRIC_REPRESENTATION_CONTEXT() REPRESENTATION_CONTEXT('2D SPACE',''
  ) );
#3097 = PCURVE('',#3098,#3103);
#3098 = CYLINDRICAL_SURFACE('',#3099,0.42);
#3099 = AXIS2_PLACEMENT_3D('',#3100,#3101,#3102);
#3100 = CARTESIAN_POINT('',(6.254651859744,-4.98791841487,0.3));
#3101 = DIRECTION('',(-0.,-0.,-1.));
#3102 = DIRECTION('',(1.,0.,0.));
#3103 = DEFINITIONAL_REPRESENTATION('',(#3104),#3107);
#3104 = B_SPLINE_CURVE_WITH_KNOTS('',1,(#3105,#3106),.UNSPECIFIED.,.F.,
  .F.,(2,2),(-13.1000006,-0.2999994),.PIECEWISE_BEZIER_KNOTS.);
#3105 = CARTESIAN_POINT('',(-0.923850916609,-12.8000006));
#3106 = CARTESIAN_POINT('',(-0.923850916609,6.000000000173E-07));
#3107 = ( GEOMETRIC_REPRESENTATION_CONTEXT(2) 
PARAMETRIC_REPRESENTATION_CONTEXT() REPRESENTATION_CONTEXT('2D SPACE',''
  ) );
#3108 = ORIENTED_EDGE('',*,*,#3109,.T.);
#3109 = EDGE_CURVE('',#3082,#3110,#3112,.T.);
#3110 = VERTEX_POINT('',#3111);
#3111 = CARTESIAN_POINT('',(5.984256687339,-5.309300509486,13.1));
#3112 = SURFACE_CURVE('',#3113,(#3118,#3125),.PCURVE_S1.);
#3113 = CIRCLE('',#3114,8.);
#3114 = AXIS2_PLACEMENT_3D('',#3115,#3116,#3117);
#3115 = CARTESIAN_POINT('',(0.,0.,13.1));
#3116 = DIRECTION('',(0.,0.,-1.));
#3117 = DIRECTION('',(1.,0.,0.));
#3118 = PCURVE('',#54,#3119);
#3119 = DEFINITIONAL_REPRESENTATION('',(#3120),#3124);
#3120 = LINE('',#3121,#3122);
#3121 = CARTESIAN_POINT('',(-6.28318530718,-13.1));
#3122 = VECTOR('',#3123,1.);
#3123 = DIRECTION('',(1.,-0.));
#3124 = ( GEOMETRIC_REPRESENTATION_CONTEXT(2) 
PARAMETRIC_REPRESENTATION_CONTEXT() REPRESENTATION_CONTEXT('2D SPACE',''
  ) );
#3125 = PCURVE('',#3126,#3131);
#3126 = PLANE('',#3127);
#3127 = AXIS2_PLACEMENT_3D('',#3128,#3129,#3130);
#3128 = CARTESIAN_POINT('',(6.254651859744,-4.98791841487,13.1));
#3129 = DIRECTION('',(0.,0.,1.));
#3130 = DIRECTION('',(1.,0.,-0.));
#3131 = DEFINITIONAL_REPRESENTATION('',(#3132),#3140);
#3132 = ( BOUNDED_CURVE() B_SPLINE_CURVE(2,(#3133,#3134,#3135,#3136,
#3137,#3138,#3139),.UNSPECIFIED.,.T.,.F.) B_SPLINE_CURVE_WITH_KNOTS((1,2
    ,2,2,2,1),(-2.094395102393,0.,2.094395102393,4.188790204786,
6.28318530718,8.377580409573),.UNSPECIFIED.) CURVE() 
GEOMETRIC_REPRESENTATION_ITEM() RATIONAL_B_SPLINE_CURVE((1.,0.5,1.,0.5,
1.,0.5,1.)) REPRESENTATION_ITEM('') );
#3133 = CARTESIAN_POINT('',(1.745348140256,4.98791841487));
#3134 = CARTESIAN_POINT('',(1.745348140256,-8.868488045681));
#3135 = CARTESIAN_POINT('',(-10.25465185974,-1.940284815406));
#3136 = CARTESIAN_POINT('',(-22.25465185974,4.98791841487));
#3137 = CARTESIAN_POINT('',(-10.25465185974,11.916121645145));
#3138 = CARTESIAN_POINT('',(1.745348140256,18.844324875421));
#3139 = CARTESIAN_POINT('',(1.745348140256,4.98791841487));
#3140 = ( GEOMETRIC_REPRESENTATION_CONTEXT(2) 
PARAMETRIC_REPRESENTATION_CONTEXT() REPRESENTATION_CONTEXT('2D SPACE',''
  ) );
#3141 = ORIENTED_EDGE('',*,*,#3142,.T.);
#3142 = EDGE_CURVE('',#3110,#3143,#3145,.T.);
#3143 = VERTEX_POINT('',#3144);
#3144 = CARTESIAN_POINT('',(5.984256687339,-5.309300509486,0.3));
#3145 = SURFACE_CURVE('',#3146,(#3150,#3156),.PCURVE_S1.);
#3146 = LINE('',#3147,#3148);
#3147 = CARTESIAN_POINT('',(5.984256687339,-5.309300509486,0.));
#3148 = VECTOR('',#3149,1.);
#3149 = DIRECTION('',(-0.,-0.,-1.));
#3150 = PCURVE('',#54,#3151);
#3151 = DEFINITIONAL_REPRESENTATION('',(#3152),#3155);
#3152 = B_SPLINE_CURVE_WITH_KNOTS('',1,(#3153,#3154),.UNSPECIFIED.,.F.,
  .F.,(2,2),(-13.1000006,-0.2999994),.PIECEWISE_BEZIER_KNOTS.);
#3153 = CARTESIAN_POINT('',(-5.557480850243,-13.1000006));
#3154 = CARTESIAN_POINT('',(-5.557480850243,-0.2999994));
#3155 = ( GEOMETRIC_REPRESENTATION_CONTEXT(2) 
PARAMETRIC_REPRESENTATION_CONTEXT() REPRESENTATION_CONTEXT('2D SPACE',''
  ) );
#3156 = PCURVE('',#3098,#3157);
#3157 = DEFINITIONAL_REPRESENTATION('',(#3158),#3161);
#3158 = B_SPLINE_CURVE_WITH_KNOTS('',1,(#3159,#3160),.UNSPECIFIED.,.F.,
  .F.,(2,2),(-13.1000006,-0.2999994),.PIECEWISE_BEZIER_KNOTS.);
#3159 = CARTESIAN_POINT('',(-4.012937539032,-12.8000006));
#3160 = CARTESIAN_POINT('',(-4.012937539032,6.000000000173E-07));
#3161 = ( GEOMETRIC_REPRESENTATION_CONTEXT(2) 
PARAMETRIC_REPRESENTATION_CONTEXT() REPRESENTATION_CONTEXT('2D SPACE',''
  ) );
#3162 = ORIENTED_EDGE('',*,*,#3163,.F.);
#3163 = EDGE_CURVE('',#3084,#3143,#3164,.T.);
#3164 = SURFACE_CURVE('',#3165,(#3170,#3177),.PCURVE_S1.);
#3165 = CIRCLE('',#3166,8.);
#3166 = AXIS2_PLACEMENT_3D('',#3167,#3168,#3169);
#3167 = CARTESIAN_POINT('',(0.,0.,0.3));
#3168 = DIRECTION('',(0.,0.,-1.));
#3169 = DIRECTION('',(1.,0.,0.));
#3170 = PCURVE('',#54,#3171);
#3171 = DEFINITIONAL_REPRESENTATION('',(#3172),#3176);
#3172 = LINE('',#3173,#3174);
#3173 = CARTESIAN_POINT('',(-6.28318530718,-0.3));
#3174 = VECTOR('',#3175,1.);
#3175 = DIRECTION('',(1.,-0.));
#3176 = ( GEOMETRIC_REPRESENTATION_CONTEXT(2) 
PARAMETRIC_REPRESENTATION_CONTEXT() REPRESENTATION_CONTEXT('2D SPACE',''
  ) );
#3177 = PCURVE('',#3178,#3183);
#3178 = PLANE('',#3179);
#3179 = AXIS2_PLACEMENT_3D('',#3180,#3181,#3182);
#3180 = CARTESIAN_POINT('',(6.254651859744,-4.98791841487,0.3));
#3181 = DIRECTION('',(0.,0.,1.));
#3182 = DIRECTION('',(1.,0.,-0.));
#3183 = DEFINITIONAL_REPRESENTATION('',(#3184),#3192);
#3184 = ( BOUNDED_CURVE() B_SPLINE_CURVE(2,(#3185,#3186,#3187,#3188,
#3189,#3190,#3191),.UNSPECIFIED.,.T.,.F.) B_SPLINE_CURVE_WITH_KNOTS((1,2
    ,2,2,2,1),(-2.094395102393,0.,2.094395102393,4.188790204786,
6.28318530718,8.377580409573),.UNSPECIFIED.) CURVE() 
GEOMETRIC_REPRESENTATION_ITEM() RATIONAL_B_SPLINE_CURVE((1.,0.5,1.,0.5,
1.,0.5,1.)) REPRESENTATION_ITEM('') );
#3185 = CARTESIAN_POINT('',(1.745348140256,4.98791841487));
#3186 = CARTESIAN_POINT('',(1.745348140256,-8.868488045681));
#3187 = CARTESIAN_POINT('',(-10.25465185974,-1.940284815406));
#3188 = CARTESIAN_POINT('',(-22.25465185974,4.98791841487));
#3189 = CARTESIAN_POINT('',(-10.25465185974,11.916121645145));
#3190 = CARTESIAN_POINT('',(1.745348140256,18.844324875421));
#3191 = CARTESIAN_POINT('',(1.745348140256,4.98791841487));
#3192 = ( GEOMETRIC_REPRESENTATION_CONTEXT(2) 
PARAMETRIC_REPRESENTATION_CONTEXT() REPRESENTATION_CONTEXT('2D SPACE',''
  ) );
#3193 = FACE_BOUND('',#3194,.F.);
#3194 = EDGE_LOOP('',(#3195,#3223,#3256,#3277));
#3195 = ORIENTED_EDGE('',*,*,#3196,.F.);
#3196 = EDGE_CURVE('',#3197,#3199,#3201,.T.);
#3197 = VERTEX_POINT('',#3198);
#3198 = CARTESIAN_POINT('',(7.379986136728,-3.088009815675,13.1));
#3199 = VERTEX_POINT('',#3200);
#3200 = CARTESIAN_POINT('',(7.379986136728,-3.088009815675,0.3));
#3201 = SURFACE_CURVE('',#3202,(#3206,#3212),.PCURVE_S1.);
#3202 = LINE('',#3203,#3204);
#3203 = CARTESIAN_POINT('',(7.379986136728,-3.088009815675,0.));
#3204 = VECTOR('',#3205,1.);
#3205 = DIRECTION('',(-0.,-0.,-1.));
#3206 = PCURVE('',#54,#3207);
#3207 = DEFINITIONAL_REPRESENTATION('',(#3208),#3211);
#3208 = B_SPLINE_CURVE_WITH_KNOTS('',1,(#3209,#3210),.UNSPECIFIED.,.F.,
  .F.,(2,2),(-13.1000006,-0.2999994),.PIECEWISE_BEZIER_KNOTS.);
#3209 = CARTESIAN_POINT('',(-5.886892387834,-13.1000006));
#3210 = CARTESIAN_POINT('',(-5.886892387834,-0.2999994));
#3211 = ( GEOMETRIC_REPRESENTATION_CONTEXT(2) 
PARAMETRIC_REPRESENTATION_CONTEXT() REPRESENTATION_CONTEXT('2D SPACE',''
  ) );
#3212 = PCURVE('',#3213,#3218);
#3213 = CYLINDRICAL_SURFACE('',#3214,0.42);
#3214 = AXIS2_PLACEMENT_3D('',#3215,#3216,#3217);
#3215 = CARTESIAN_POINT('',(7.207750943219,-3.47106991294,0.3));
#3216 = DIRECTION('',(-0.,-0.,-1.));
#3217 = DIRECTION('',(1.,0.,0.));
#3218 = DEFINITIONAL_REPRESENTATION('',(#3219),#3222);
#3219 = B_SPLINE_CURVE_WITH_KNOTS('',1,(#3220,#3221),.UNSPECIFIED.,.F.,
  .F.,(2,2),(-13.1000006,-0.2999994),.PIECEWISE_BEZIER_KNOTS.);
#3220 = CARTESIAN_POINT('',(-1.148250391866,-12.8000006));
#3221 = CARTESIAN_POINT('',(-1.148250391866,6.000000000173E-07));
#3222 = ( GEOMETRIC_REPRESENTATION_CONTEXT(2) 
PARAMETRIC_REPRESENTATION_CONTEXT() REPRESENTATION_CONTEXT('2D SPACE',''
  ) );
#3223 = ORIENTED_EDGE('',*,*,#3224,.T.);
#3224 = EDGE_CURVE('',#3197,#3225,#3227,.T.);
#3225 = VERTEX_POINT('',#3226);
#3226 = CARTESIAN_POINT('',(7.015649386174,-3.844562873758,13.1));
#3227 = SURFACE_CURVE('',#3228,(#3233,#3240),.PCURVE_S1.);
#3228 = CIRCLE('',#3229,8.);
#3229 = AXIS2_PLACEMENT_3D('',#3230,#3231,#3232);
#3230 = CARTESIAN_POINT('',(0.,0.,13.1));
#3231 = DIRECTION('',(0.,0.,-1.));
#3232 = DIRECTION('',(1.,0.,0.));
#3233 = PCURVE('',#54,#3234);
#3234 = DEFINITIONAL_REPRESENTATION('',(#3235),#3239);
#3235 = LINE('',#3236,#3237);
#3236 = CARTESIAN_POINT('',(-6.28318530718,-13.1));
#3237 = VECTOR('',#3238,1.);
#3238 = DIRECTION('',(1.,-0.));
#3239 = ( GEOMETRIC_REPRESENTATION_CONTEXT(2) 
PARAMETRIC_REPRESENTATION_CONTEXT() REPRESENTATION_CONTEXT('2D SPACE',''
  ) );
#3240 = PCURVE('',#3241,#3246);
#3241 = PLANE('',#3242);
#3242 = AXIS2_PLACEMENT_3D('',#3243,#3244,#3245);
#3243 = CARTESIAN_POINT('',(7.207750943219,-3.47106991294,13.1));
#3244 = DIRECTION('',(0.,0.,1.));
#3245 = DIRECTION('',(1.,0.,-0.));
#3246 = DEFINITIONAL_REPRESENTATION('',(#3247),#3255);
#3247 = ( BOUNDED_CURVE() B_SPLINE_CURVE(2,(#3248,#3249,#3250,#3251,
#3252,#3253,#3254),.UNSPECIFIED.,.T.,.F.) B_SPLINE_CURVE_WITH_KNOTS((1,2
    ,2,2,2,1),(-2.094395102393,0.,2.094395102393,4.188790204786,
6.28318530718,8.377580409573),.UNSPECIFIED.) CURVE() 
GEOMETRIC_REPRESENTATION_ITEM() RATIONAL_B_SPLINE_CURVE((1.,0.5,1.,0.5,
1.,0.5,1.)) REPRESENTATION_ITEM('') );
#3248 = CARTESIAN_POINT('',(0.792249056781,3.47106991294));
#3249 = CARTESIAN_POINT('',(0.792249056781,-10.38533654761));
#3250 = CARTESIAN_POINT('',(-11.20775094321,-3.457133317335));
#3251 = CARTESIAN_POINT('',(-23.20775094321,3.47106991294));
#3252 = CARTESIAN_POINT('',(-11.20775094321,10.399273143216));
#3253 = CARTESIAN_POINT('',(0.792249056781,17.327476373491));
#3254 = CARTESIAN_POINT('',(0.792249056781,3.47106991294));
#3255 = ( GEOMETRIC_REPRESENTATION_CONTEXT(2) 
PARAMETRIC_REPRESENTATION_CONTEXT() REPRESENTATION_CONTEXT('2D SPACE',''
  ) );
#3256 = ORIENTED_EDGE('',*,*,#3257,.T.);
#3257 = EDGE_CURVE('',#3225,#3258,#3260,.T.);
#3258 = VERTEX_POINT('',#3259);
#3259 = CARTESIAN_POINT('',(7.015649386174,-3.844562873758,0.3));
#3260 = SURFACE_CURVE('',#3261,(#3265,#3271),.PCURVE_S1.);
#3261 = LINE('',#3262,#3263);
#3262 = CARTESIAN_POINT('',(7.015649386174,-3.844562873758,0.));
#3263 = VECTOR('',#3264,1.);
#3264 = DIRECTION('',(-0.,-0.,-1.));
#3265 = PCURVE('',#54,#3266);
#3266 = DEFINITIONAL_REPRESENTATION('',(#3267),#3270);
#3267 = B_SPLINE_CURVE_WITH_KNOTS('',1,(#3268,#3269),.UNSPECIFIED.,.F.,
  .F.,(2,2),(-13.1000006,-0.2999994),.PIECEWISE_BEZIER_KNOTS.);
#3268 = CARTESIAN_POINT('',(-5.7818803255,-13.1000006));
#3269 = CARTESIAN_POINT('',(-5.7818803255,-0.2999994));
#3270 = ( GEOMETRIC_REPRESENTATION_CONTEXT(2) 
PARAMETRIC_REPRESENTATION_CONTEXT() REPRESENTATION_CONTEXT('2D SPACE',''
  ) );
#3271 = PCURVE('',#3213,#3272);
#3272 = DEFINITIONAL_REPRESENTATION('',(#3273),#3276);
#3273 = B_SPLINE_CURVE_WITH_KNOTS('',1,(#3274,#3275),.UNSPECIFIED.,.F.,
  .F.,(2,2),(-13.1000006,-0.2999994),.PIECEWISE_BEZIER_KNOTS.);
#3274 = CARTESIAN_POINT('',(-4.237337014288,-12.8000006));
#3275 = CARTESIAN_POINT('',(-4.237337014288,6.000000000173E-07));
#3276 = ( GEOMETRIC_REPRESENTATION_CONTEXT(2) 
PARAMETRIC_REPRESENTATION_CONTEXT() REPRESENTATION_CONTEXT('2D SPACE',''
  ) );
#3277 = ORIENTED_EDGE('',*,*,#3278,.F.);
#3278 = EDGE_CURVE('',#3199,#3258,#3279,.T.);
#3279 = SURFACE_CURVE('',#3280,(#3285,#3292),.PCURVE_S1.);
#3280 = CIRCLE('',#3281,8.);
#3281 = AXIS2_PLACEMENT_3D('',#3282,#3283,#3284);
#3282 = CARTESIAN_POINT('',(0.,0.,0.3));
#3283 = DIRECTION('',(0.,0.,-1.));
#3284 = DIRECTION('',(1.,0.,0.));
#3285 = PCURVE('',#54,#3286);
#3286 = DEFINITIONAL_REPRESENTATION('',(#3287),#3291);
#3287 = LINE('',#3288,#3289);
#3288 = CARTESIAN_POINT('',(-6.28318530718,-0.3));
#3289 = VECTOR('',#3290,1.);
#3290 = DIRECTION('',(1.,-0.));
#3291 = ( GEOMETRIC_REPRESENTATION_CONTEXT(2) 
PARAMETRIC_REPRESENTATION_CONTEXT() REPRESENTATION_CONTEXT('2D SPACE',''
  ) );
#3292 = PCURVE('',#3293,#3298);
#3293 = PLANE('',#3294);
#3294 = AXIS2_PLACEMENT_3D('',#3295,#3296,#3297);
#3295 = CARTESIAN_POINT('',(7.207750943219,-3.47106991294,0.3));
#3296 = DIRECTION('',(0.,0.,1.));
#3297 = DIRECTION('',(1.,0.,-0.));
#3298 = DEFINITIONAL_REPRESENTATION('',(#3299),#3307);
#3299 = ( BOUNDED_CURVE() B_SPLINE_CURVE(2,(#3300,#3301,#3302,#3303,
#3304,#3305,#3306),.UNSPECIFIED.,.T.,.F.) B_SPLINE_CURVE_WITH_KNOTS((1,2
    ,2,2,2,1),(-2.094395102393,0.,2.094395102393,4.188790204786,
6.28318530718,8.377580409573),.UNSPECIFIED.) CURVE() 
GEOMETRIC_REPRESENTATION_ITEM() RATIONAL_B_SPLINE_CURVE((1.,0.5,1.,0.5,
1.,0.5,1.)) REPRESENTATION_ITEM('') );
#3300 = CARTESIAN_POINT('',(0.792249056781,3.47106991294));
#3301 = CARTESIAN_POINT('',(0.792249056781,-10.38533654761));
#3302 = CARTESIAN_POINT('',(-11.20775094321,-3.457133317335));
#3303 = CARTESIAN_POINT('',(-23.20775094321,3.47106991294));
#3304 = CARTESIAN_POINT('',(-11.20775094321,10.399273143216));
#3305 = CARTESIAN_POINT('',(0.792249056781,17.327476373491));
#3306 = CARTESIAN_POINT('',(0.792249056781,3.47106991294));
#3307 = ( GEOMETRIC_REPRESENTATION_CONTEXT(2) 
PARAMETRIC_REPRESENTATION_CONTEXT() REPRESENTATION_CONTEXT('2D SPACE',''
  ) );
#3308 = FACE_BOUND('',#3309,.F.);
#3309 = EDGE_LOOP('',(#3310,#3338,#3371,#3392));
#3310 = ORIENTED_EDGE('',*,*,#3311,.F.);
#3311 = EDGE_CURVE('',#3312,#3314,#3316,.T.);
#3312 = VERTEX_POINT('',#3313);
#3313 = CARTESIAN_POINT('',(7.882101304461,-1.368385554664,13.1));
#3314 = VERTEX_POINT('',#3315);
#3315 = CARTESIAN_POINT('',(7.882101304461,-1.368385554664,0.3));
#3316 = SURFACE_CURVE('',#3317,(#3321,#3327),.PCURVE_S1.);
#3317 = LINE('',#3318,#3319);
#3318 = CARTESIAN_POINT('',(7.882101304461,-1.368385554664,0.));
#3319 = VECTOR('',#3320,1.);
#3320 = DIRECTION('',(-0.,-0.,-1.));
#3321 = PCURVE('',#54,#3322);
#3322 = DEFINITIONAL_REPRESENTATION('',(#3323),#3326);
#3323 = B_SPLINE_CURVE_WITH_KNOTS('',1,(#3324,#3325),.UNSPECIFIED.,.F.,
  .F.,(2,2),(-13.1000006,-0.2999994),.PIECEWISE_BEZIER_KNOTS.);
#3324 = CARTESIAN_POINT('',(-6.11129186309,-13.1000006));
#3325 = CARTESIAN_POINT('',(-6.11129186309,-0.2999994));
#3326 = ( GEOMETRIC_REPRESENTATION_CONTEXT(2) 
PARAMETRIC_REPRESENTATION_CONTEXT() REPRESENTATION_CONTEXT('2D SPACE',''
  ) );
#3327 = PCURVE('',#3328,#3333);
#3328 = CYLINDRICAL_SURFACE('',#3329,0.42);
#3329 = AXIS2_PLACEMENT_3D('',#3330,#3331,#3332);
#3330 = CARTESIAN_POINT('',(7.799423297455,-1.780167471651,0.3));
#3331 = DIRECTION('',(-0.,-0.,-1.));
#3332 = DIRECTION('',(1.,0.,0.));
#3333 = DEFINITIONAL_REPRESENTATION('',(#3334),#3337);
#3334 = B_SPLINE_CURVE_WITH_KNOTS('',1,(#3335,#3336),.UNSPECIFIED.,.F.,
  .F.,(2,2),(-13.1000006,-0.2999994),.PIECEWISE_BEZIER_KNOTS.);
#3335 = CARTESIAN_POINT('',(-1.372649867122,-12.8000006));
#3336 = CARTESIAN_POINT('',(-1.372649867122,6.000000000173E-07));
#3337 = ( GEOMETRIC_REPRESENTATION_CONTEXT(2) 
PARAMETRIC_REPRESENTATION_CONTEXT() REPRESENTATION_CONTEXT('2D SPACE',''
  ) );
#3338 = ORIENTED_EDGE('',*,*,#3339,.T.);
#3339 = EDGE_CURVE('',#3312,#3340,#3342,.T.);
#3340 = VERTEX_POINT('',#3341);
#3341 = CARTESIAN_POINT('',(7.695248129984,-2.187042802044,13.1));
#3342 = SURFACE_CURVE('',#3343,(#3348,#3355),.PCURVE_S1.);
#3343 = CIRCLE('',#3344,8.);
#3344 = AXIS2_PLACEMENT_3D('',#3345,#3346,#3347);
#3345 = CARTESIAN_POINT('',(0.,0.,13.1));
#3346 = DIRECTION('',(0.,0.,-1.));
#3347 = DIRECTION('',(1.,0.,0.));
#3348 = PCURVE('',#54,#3349);
#3349 = DEFINITIONAL_REPRESENTATION('',(#3350),#3354);
#3350 = LINE('',#3351,#3352);
#3351 = CARTESIAN_POINT('',(-6.28318530718,-13.1));
#3352 = VECTOR('',#3353,1.);
#3353 = DIRECTION('',(1.,-0.));
#3354 = ( GEOMETRIC_REPRESENTATION_CONTEXT(2) 
PARAMETRIC_REPRESENTATION_CONTEXT() REPRESENTATION_CONTEXT('2D SPACE',''
  ) );
#3355 = PCURVE('',#3356,#3361);
#3356 = PLANE('',#3357);
#3357 = AXIS2_PLACEMENT_3D('',#3358,#3359,#3360);
#3358 = CARTESIAN_POINT('',(7.799423297455,-1.780167471651,13.1));
#3359 = DIRECTION('',(0.,0.,1.));
#3360 = DIRECTION('',(1.,0.,-0.));
#3361 = DEFINITIONAL_REPRESENTATION('',(#3362),#3370);
#3362 = ( BOUNDED_CURVE() B_SPLINE_CURVE(2,(#3363,#3364,#3365,#3366,
#3367,#3368,#3369),.UNSPECIFIED.,.T.,.F.) B_SPLINE_CURVE_WITH_KNOTS((1,2
    ,2,2,2,1),(-2.094395102393,0.,2.094395102393,4.188790204786,
6.28318530718,8.377580409573),.UNSPECIFIED.) CURVE() 
GEOMETRIC_REPRESENTATION_ITEM() RATIONAL_B_SPLINE_CURVE((1.,0.5,1.,0.5,
1.,0.5,1.)) REPRESENTATION_ITEM('') );
#3363 = CARTESIAN_POINT('',(0.200576702545,1.780167471651));
#3364 = CARTESIAN_POINT('',(0.200576702545,-12.0762389889));
#3365 = CARTESIAN_POINT('',(-11.79942329745,-5.148035758625));
#3366 = CARTESIAN_POINT('',(-23.79942329745,1.780167471651));
#3367 = CARTESIAN_POINT('',(-11.79942329745,8.708370701926));
#3368 = CARTESIAN_POINT('',(0.200576702545,15.636573932202));
#3369 = CARTESIAN_POINT('',(0.200576702545,1.780167471651));
#3370 = ( GEOMETRIC_REPRESENTATION_CONTEXT(2) 
PARAMETRIC_REPRESENTATION_CONTEXT() REPRESENTATION_CONTEXT('2D SPACE',''
  ) );
#3371 = ORIENTED_EDGE('',*,*,#3372,.T.);
#3372 = EDGE_CURVE('',#3340,#3373,#3375,.T.);
#3373 = VERTEX_POINT('',#3374);
#3374 = CARTESIAN_POINT('',(7.695248129984,-2.187042802044,0.3));
#3375 = SURFACE_CURVE('',#3376,(#3380,#3386),.PCURVE_S1.);
#3376 = LINE('',#3377,#3378);
#3377 = CARTESIAN_POINT('',(7.695248129984,-2.187042802044,0.));
#3378 = VECTOR('',#3379,1.);
#3379 = DIRECTION('',(-0.,-0.,-1.));
#3380 = PCURVE('',#54,#3381);
#3381 = DEFINITIONAL_REPRESENTATION('',(#3382),#3385);
#3382 = B_SPLINE_CURVE_WITH_KNOTS('',1,(#3383,#3384),.UNSPECIFIED.,.F.,
  .F.,(2,2),(-13.1000006,-0.2999994),.PIECEWISE_BEZIER_KNOTS.);
#3383 = CARTESIAN_POINT('',(-6.006279800756,-13.1000006));
#3384 = CARTESIAN_POINT('',(-6.006279800756,-0.2999994));
#3385 = ( GEOMETRIC_REPRESENTATION_CONTEXT(2) 
PARAMETRIC_REPRESENTATION_CONTEXT() REPRESENTATION_CONTEXT('2D SPACE',''
  ) );
#3386 = PCURVE('',#3328,#3387);
#3387 = DEFINITIONAL_REPRESENTATION('',(#3388),#3391);
#3388 = B_SPLINE_CURVE_WITH_KNOTS('',1,(#3389,#3390),.UNSPECIFIED.,.F.,
  .F.,(2,2),(-13.1000006,-0.2999994),.PIECEWISE_BEZIER_KNOTS.);
#3389 = CARTESIAN_POINT('',(-4.461736489545,-12.8000006));
#3390 = CARTESIAN_POINT('',(-4.461736489545,6.000000000173E-07));
#3391 = ( GEOMETRIC_REPRESENTATION_CONTEXT(2) 
PARAMETRIC_REPRESENTATION_CONTEXT() REPRESENTATION_CONTEXT('2D SPACE',''
  ) );
#3392 = ORIENTED_EDGE('',*,*,#3393,.F.);
#3393 = EDGE_CURVE('',#3314,#3373,#3394,.T.);
#3394 = SURFACE_CURVE('',#3395,(#3400,#3407),.PCURVE_S1.);
#3395 = CIRCLE('',#3396,8.);
#3396 = AXIS2_PLACEMENT_3D('',#3397,#3398,#3399);
#3397 = CARTESIAN_POINT('',(0.,0.,0.3));
#3398 = DIRECTION('',(0.,0.,-1.));
#3399 = DIRECTION('',(1.,0.,0.));
#3400 = PCURVE('',#54,#3401);
#3401 = DEFINITIONAL_REPRESENTATION('',(#3402),#3406);
#3402 = LINE('',#3403,#3404);
#3403 = CARTESIAN_POINT('',(-6.28318530718,-0.3));
#3404 = VECTOR('',#3405,1.);
#3405 = DIRECTION('',(1.,-0.));
#3406 = ( GEOMETRIC_REPRESENTATION_CONTEXT(2) 
PARAMETRIC_REPRESENTATION_CONTEXT() REPRESENTATION_CONTEXT('2D SPACE',''
  ) );
#3407 = PCURVE('',#3408,#3413);
#3408 = PLANE('',#3409);
#3409 = AXIS2_PLACEMENT_3D('',#3410,#3411,#3412);
#3410 = CARTESIAN_POINT('',(7.799423297455,-1.780167471651,0.3));
#3411 = DIRECTION('',(0.,0.,1.));
#3412 = DIRECTION('',(1.,0.,-0.));
#3413 = DEFINITIONAL_REPRESENTATION('',(#3414),#3422);
#3414 = ( BOUNDED_CURVE() B_SPLINE_CURVE(2,(#3415,#3416,#3417,#3418,
#3419,#3420,#3421),.UNSPECIFIED.,.T.,.F.) B_SPLINE_CURVE_WITH_KNOTS((1,2
    ,2,2,2,1),(-2.094395102393,0.,2.094395102393,4.188790204786,
6.28318530718,8.377580409573),.UNSPECIFIED.) CURVE() 
GEOMETRIC_REPRESENTATION_ITEM() RATIONAL_B_SPLINE_CURVE((1.,0.5,1.,0.5,
1.,0.5,1.)) REPRESENTATION_ITEM('') );
#3415 = CARTESIAN_POINT('',(0.200576702545,1.780167471651));
#3416 = CARTESIAN_POINT('',(0.200576702545,-12.0762389889));
#3417 = CARTESIAN_POINT('',(-11.79942329745,-5.148035758625));
#3418 = CARTESIAN_POINT('',(-23.79942329745,1.780167471651));
#3419 = CARTESIAN_POINT('',(-11.79942329745,8.708370701926));
#3420 = CARTESIAN_POINT('',(0.200576702545,15.636573932202));
#3421 = CARTESIAN_POINT('',(0.200576702545,1.780167471651));
#3422 = ( GEOMETRIC_REPRESENTATION_CONTEXT(2) 
PARAMETRIC_REPRESENTATION_CONTEXT() REPRESENTATION_CONTEXT('2D SPACE',''
  ) );
#3423 = ADVANCED_FACE('',(#3424),#118,.T.);
#3424 = FACE_BOUND('',#3425,.T.);
#3425 = EDGE_LOOP('',(#3426,#3427,#3449));
#3426 = ORIENTED_EDGE('',*,*,#101,.F.);
#3427 = ORIENTED_EDGE('',*,*,#3428,.T.);
#3428 = EDGE_CURVE('',#102,#273,#3429,.T.);
#3429 = SURFACE_CURVE('',#3430,(#3435,#3442),.PCURVE_S1.);
#3430 = CIRCLE('',#3431,0.42);
#3431 = AXIS2_PLACEMENT_3D('',#3432,#3433,#3434);
#3432 = CARTESIAN_POINT('',(8.,0.,0.3));
#3433 = DIRECTION('',(0.,0.,1.));
#3434 = DIRECTION('',(1.,0.,0.));
#3435 = PCURVE('',#118,#3436);
#3436 = DEFINITIONAL_REPRESENTATION('',(#3437),#3441);
#3437 = CIRCLE('',#3438,0.42);
#3438 = AXIS2_PLACEMENT_2D('',#3439,#3440);
#3439 = CARTESIAN_POINT('',(0.,-8.29095918209E-18));
#3440 = DIRECTION('',(1.,0.));
#3441 = ( GEOMETRIC_REPRESENTATION_CONTEXT(2) 
PARAMETRIC_REPRESENTATION_CONTEXT() REPRESENTATION_CONTEXT('2D SPACE',''
  ) );
#3442 = PCURVE('',#149,#3443);
#3443 = DEFINITIONAL_REPRESENTATION('',(#3444),#3448);
#3444 = LINE('',#3445,#3446);
#3445 = CARTESIAN_POINT('',(-0.,0.));
#3446 = VECTOR('',#3447,1.);
#3447 = DIRECTION('',(-1.,0.));
#3448 = ( GEOMETRIC_REPRESENTATION_CONTEXT(2) 
PARAMETRIC_REPRESENTATION_CONTEXT() REPRESENTATION_CONTEXT('2D SPACE',''
  ) );
#3449 = ORIENTED_EDGE('',*,*,#293,.F.);
#3450 = ADVANCED_FACE('',(#3451),#149,.F.);
#3451 = FACE_BOUND('',#3452,.T.);
#3452 = EDGE_LOOP('',(#3453,#3454,#3455,#3477));
#3453 = ORIENTED_EDGE('',*,*,#3428,.F.);
#3454 = ORIENTED_EDGE('',*,*,#134,.F.);
#3455 = ORIENTED_EDGE('',*,*,#3456,.T.);
#3456 = EDGE_CURVE('',#135,#245,#3457,.T.);
#3457 = SURFACE_CURVE('',#3458,(#3463,#3470),.PCURVE_S1.);
#3458 = CIRCLE('',#3459,0.42);
#3459 = AXIS2_PLACEMENT_3D('',#3460,#3461,#3462);
#3460 = CARTESIAN_POINT('',(8.,0.,13.1));
#3461 = DIRECTION('',(0.,0.,1.));
#3462 = DIRECTION('',(1.,0.,0.));
#3463 = PCURVE('',#149,#3464);
#3464 = DEFINITIONAL_REPRESENTATION('',(#3465),#3469);
#3465 = LINE('',#3466,#3467);
#3466 = CARTESIAN_POINT('',(-0.,-12.8));
#3467 = VECTOR('',#3468,1.);
#3468 = DIRECTION('',(-1.,0.));
#3469 = ( GEOMETRIC_REPRESENTATION_CONTEXT(2) 
PARAMETRIC_REPRESENTATION_CONTEXT() REPRESENTATION_CONTEXT('2D SPACE',''
  ) );
#3470 = PCURVE('',#177,#3471);
#3471 = DEFINITIONAL_REPRESENTATION('',(#3472),#3476);
#3472 = CIRCLE('',#3473,0.42);
#3473 = AXIS2_PLACEMENT_2D('',#3474,#3475);
#3474 = CARTESIAN_POINT('',(0.,-8.29095918209E-18));
#3475 = DIRECTION('',(1.,0.));
#3476 = ( GEOMETRIC_REPRESENTATION_CONTEXT(2) 
PARAMETRIC_REPRESENTATION_CONTEXT() REPRESENTATION_CONTEXT('2D SPACE',''
  ) );
#3477 = ORIENTED_EDGE('',*,*,#272,.T.);
#3478 = ADVANCED_FACE('',(#3479),#177,.F.);
#3479 = FACE_BOUND('',#3480,.F.);
#3480 = EDGE_LOOP('',(#3481,#3482,#3483));
#3481 = ORIENTED_EDGE('',*,*,#160,.F.);
#3482 = ORIENTED_EDGE('',*,*,#3456,.T.);
#3483 = ORIENTED_EDGE('',*,*,#244,.F.);
#3484 = ADVANCED_FACE('',(#3485),#231,.T.);
#3485 = FACE_BOUND('',#3486,.T.);
#3486 = EDGE_LOOP('',(#3487,#3509,#3510,#3511));
#3487 = ORIENTED_EDGE('',*,*,#3488,.F.);
#3488 = EDGE_CURVE('',#194,#3489,#3491,.T.);
#3489 = VERTEX_POINT('',#3490);
#3490 = CARTESIAN_POINT('',(7.35,0.,14.2));
#3491 = SEAM_CURVE('',#3492,(#3497,#3503),.PCURVE_S1.);
#3492 = CIRCLE('',#3493,0.65);
#3493 = AXIS2_PLACEMENT_3D('',#3494,#3495,#3496);
#3494 = CARTESIAN_POINT('',(7.35,0.,13.55));
#3495 = DIRECTION('',(0.,-1.,0.));
#3496 = DIRECTION('',(1.,0.,0.));
#3497 = PCURVE('',#231,#3498);
#3498 = DEFINITIONAL_REPRESENTATION('',(#3499),#3502);
#3499 = B_SPLINE_CURVE_WITH_KNOTS('',1,(#3500,#3501),.UNSPECIFIED.,.F.,
  .F.,(2,2),(0.,1.570796326795),.PIECEWISE_BEZIER_KNOTS.);
#3500 = CARTESIAN_POINT('',(0.,0.));
#3501 = CARTESIAN_POINT('',(0.,1.570796326795));
#3502 = ( GEOMETRIC_REPRESENTATION_CONTEXT(2) 
PARAMETRIC_REPRESENTATION_CONTEXT() REPRESENTATION_CONTEXT('2D SPACE',''
  ) );
#3503 = PCURVE('',#231,#3504);
#3504 = DEFINITIONAL_REPRESENTATION('',(#3505),#3508);
#3505 = B_SPLINE_CURVE_WITH_KNOTS('',1,(#3506,#3507),.UNSPECIFIED.,.F.,
  .F.,(2,2),(0.,1.570796326795),.PIECEWISE_BEZIER_KNOTS.);
#3506 = CARTESIAN_POINT('',(6.28318530718,0.));
#3507 = CARTESIAN_POINT('',(6.28318530718,1.570796326795));
#3508 = ( GEOMETRIC_REPRESENTATION_CONTEXT(2) 
PARAMETRIC_REPRESENTATION_CONTEXT() REPRESENTATION_CONTEXT('2D SPACE',''
  ) );
#3509 = ORIENTED_EDGE('',*,*,#216,.T.);
#3510 = ORIENTED_EDGE('',*,*,#3488,.T.);
#3511 = ORIENTED_EDGE('',*,*,#3512,.F.);
#3512 = EDGE_CURVE('',#3489,#3489,#3513,.T.);
#3513 = SURFACE_CURVE('',#3514,(#3519,#3526),.PCURVE_S1.);
#3514 = CIRCLE('',#3515,7.35);
#3515 = AXIS2_PLACEMENT_3D('',#3516,#3517,#3518);
#3516 = CARTESIAN_POINT('',(0.,0.,14.2));
#3517 = DIRECTION('',(0.,0.,1.));
#3518 = DIRECTION('',(1.,0.,-0.));
#3519 = PCURVE('',#231,#3520);
#3520 = DEFINITIONAL_REPRESENTATION('',(#3521),#3525);
#3521 = LINE('',#3522,#3523);
#3522 = CARTESIAN_POINT('',(0.,1.570796326795));
#3523 = VECTOR('',#3524,1.);
#3524 = DIRECTION('',(1.,0.));
#3525 = ( GEOMETRIC_REPRESENTATION_CONTEXT(2) 
PARAMETRIC_REPRESENTATION_CONTEXT() REPRESENTATION_CONTEXT('2D SPACE',''
  ) );
#3526 = PCURVE('',#3527,#3532);
#3527 = PLANE('',#3528);
#3528 = AXIS2_PLACEMENT_3D('',#3529,#3530,#3531);
#3529 = CARTESIAN_POINT('',(-5.127900497023E-16,1.528755336223E-17,14.2)
  );
#3530 = DIRECTION('',(0.,0.,1.));
#3531 = DIRECTION('',(1.,0.,-0.));
#3532 = DEFINITIONAL_REPRESENTATION('',(#3533),#3537);
#3533 = CIRCLE('',#3534,7.35);
#3534 = AXIS2_PLACEMENT_2D('',#3535,#3536);
#3535 = CARTESIAN_POINT('',(5.127900497023E-16,-1.528755336223E-17));
#3536 = DIRECTION('',(1.,0.));
#3537 = ( GEOMETRIC_REPRESENTATION_CONTEXT(2) 
PARAMETRIC_REPRESENTATION_CONTEXT() REPRESENTATION_CONTEXT('2D SPACE',''
  ) );
#3538 = ADVANCED_FACE('',(#3539,#3542),#88,.F.);
#3539 = FACE_BOUND('',#3540,.F.);
#3540 = EDGE_LOOP('',(#3541));
#3541 = ORIENTED_EDGE('',*,*,#73,.T.);
#3542 = FACE_BOUND('',#3543,.F.);
#3543 = EDGE_LOOP('',(#3544));
#3544 = ORIENTED_EDGE('',*,*,#3545,.F.);
#3545 = EDGE_CURVE('',#3546,#3546,#3548,.T.);
#3546 = VERTEX_POINT('',#3547);
#3547 = CARTESIAN_POINT('',(4.9,0.,0.));
#3548 = SURFACE_CURVE('',#3549,(#3554,#3561),.PCURVE_S1.);
#3549 = CIRCLE('',#3550,4.9);
#3550 = AXIS2_PLACEMENT_3D('',#3551,#3552,#3553);
#3551 = CARTESIAN_POINT('',(0.,0.,0.));
#3552 = DIRECTION('',(0.,0.,1.));
#3553 = DIRECTION('',(1.,0.,0.));
#3554 = PCURVE('',#88,#3555);
#3555 = DEFINITIONAL_REPRESENTATION('',(#3556),#3560);
#3556 = CIRCLE('',#3557,4.9);
#3557 = AXIS2_PLACEMENT_2D('',#3558,#3559);
#3558 = CARTESIAN_POINT('',(5.127900497023E-16,-1.528755336223E-17));
#3559 = DIRECTION('',(1.,0.));
#3560 = ( GEOMETRIC_REPRESENTATION_CONTEXT(2) 
PARAMETRIC_REPRESENTATION_CONTEXT() REPRESENTATION_CONTEXT('2D SPACE',''
  ) );
#3561 = PCURVE('',#3562,#3567);
#3562 = CONICAL_SURFACE('',#3563,4.9,0.785398163397);
#3563 = AXIS2_PLACEMENT_3D('',#3564,#3565,#3566);
#3564 = CARTESIAN_POINT('',(0.,0.,0.));
#3565 = DIRECTION('',(-0.,-0.,-1.));
#3566 = DIRECTION('',(1.,0.,0.));
#3567 = DEFINITIONAL_REPRESENTATION('',(#3568),#3572);
#3568 = LINE('',#3569,#3570);
#3569 = CARTESIAN_POINT('',(-0.,-0.));
#3570 = VECTOR('',#3571,1.);
#3571 = DIRECTION('',(-1.,-0.));
#3572 = ( GEOMETRIC_REPRESENTATION_CONTEXT(2) 
PARAMETRIC_REPRESENTATION_CONTEXT() REPRESENTATION_CONTEXT('2D SPACE',''
  ) );
#3573 = ADVANCED_FACE('',(#3574),#338,.F.);
#3574 = FACE_BOUND('',#3575,.T.);
#3575 = EDGE_LOOP('',(#3576,#3598,#3599,#3621));
#3576 = ORIENTED_EDGE('',*,*,#3577,.F.);
#3577 = EDGE_CURVE('',#324,#383,#3578,.T.);
#3578 = SURFACE_CURVE('',#3579,(#3584,#3591),.PCURVE_S1.);
#3579 = CIRCLE('',#3580,0.42);
#3580 = AXIS2_PLACEMENT_3D('',#3581,#3582,#3583);
#3581 = CARTESIAN_POINT('',(7.799423297455,1.780167471651,0.3));
#3582 = DIRECTION('',(0.,0.,1.));
#3583 = DIRECTION('',(1.,0.,0.));
#3584 = PCURVE('',#338,#3585);
#3585 = DEFINITIONAL_REPRESENTATION('',(#3586),#3590);
#3586 = LINE('',#3587,#3588);
#3587 = CARTESIAN_POINT('',(-0.,0.));
#3588 = VECTOR('',#3589,1.);
#3589 = DIRECTION('',(-1.,0.));
#3590 = ( GEOMETRIC_REPRESENTATION_CONTEXT(2) 
PARAMETRIC_REPRESENTATION_CONTEXT() REPRESENTATION_CONTEXT('2D SPACE',''
  ) );
#3591 = PCURVE('',#418,#3592);
#3592 = DEFINITIONAL_REPRESENTATION('',(#3593),#3597);
#3593 = CIRCLE('',#3594,0.42);
#3594 = AXIS2_PLACEMENT_2D('',#3595,#3596);
#3595 = CARTESIAN_POINT('',(0.,0.));
#3596 = DIRECTION('',(1.,0.));
#3597 = ( GEOMETRIC_REPRESENTATION_CONTEXT(2) 
PARAMETRIC_REPRESENTATION_CONTEXT() REPRESENTATION_CONTEXT('2D SPACE',''
  ) );
#3598 = ORIENTED_EDGE('',*,*,#321,.F.);
#3599 = ORIENTED_EDGE('',*,*,#3600,.T.);
#3600 = EDGE_CURVE('',#322,#350,#3601,.T.);
#3601 = SURFACE_CURVE('',#3602,(#3607,#3614),.PCURVE_S1.);
#3602 = CIRCLE('',#3603,0.42);
#3603 = AXIS2_PLACEMENT_3D('',#3604,#3605,#3606);
#3604 = CARTESIAN_POINT('',(7.799423297455,1.780167471651,13.1));
#3605 = DIRECTION('',(0.,0.,1.));
#3606 = DIRECTION('',(1.,0.,0.));
#3607 = PCURVE('',#338,#3608);
#3608 = DEFINITIONAL_REPRESENTATION('',(#3609),#3613);
#3609 = LINE('',#3610,#3611);
#3610 = CARTESIAN_POINT('',(-0.,-12.8));
#3611 = VECTOR('',#3612,1.);
#3612 = DIRECTION('',(-1.,0.));
#3613 = ( GEOMETRIC_REPRESENTATION_CONTEXT(2) 
PARAMETRIC_REPRESENTATION_CONTEXT() REPRESENTATION_CONTEXT('2D SPACE',''
  ) );
#3614 = PCURVE('',#366,#3615);
#3615 = DEFINITIONAL_REPRESENTATION('',(#3616),#3620);
#3616 = CIRCLE('',#3617,0.42);
#3617 = AXIS2_PLACEMENT_2D('',#3618,#3619);
#3618 = CARTESIAN_POINT('',(0.,0.));
#3619 = DIRECTION('',(1.,0.));
#3620 = ( GEOMETRIC_REPRESENTATION_CONTEXT(2) 
PARAMETRIC_REPRESENTATION_CONTEXT() REPRESENTATION_CONTEXT('2D SPACE',''
  ) );
#3621 = ORIENTED_EDGE('',*,*,#382,.T.);
#3622 = ADVANCED_FACE('',(#3623),#366,.F.);
#3623 = FACE_BOUND('',#3624,.F.);
#3624 = EDGE_LOOP('',(#3625,#3626));
#3625 = ORIENTED_EDGE('',*,*,#349,.F.);
#3626 = ORIENTED_EDGE('',*,*,#3600,.T.);
#3627 = ADVANCED_FACE('',(#3628),#418,.T.);
#3628 = FACE_BOUND('',#3629,.T.);
#3629 = EDGE_LOOP('',(#3630,#3631));
#3630 = ORIENTED_EDGE('',*,*,#403,.F.);
#3631 = ORIENTED_EDGE('',*,*,#3577,.T.);
#3632 = ADVANCED_FACE('',(#3633),#453,.F.);
#3633 = FACE_BOUND('',#3634,.T.);
#3634 = EDGE_LOOP('',(#3635,#3657,#3658,#3680));
#3635 = ORIENTED_EDGE('',*,*,#3636,.F.);
#3636 = EDGE_CURVE('',#439,#498,#3637,.T.);
#3637 = SURFACE_CURVE('',#3638,(#3643,#3650),.PCURVE_S1.);
#3638 = CIRCLE('',#3639,0.42);
#3639 = AXIS2_PLACEMENT_3D('',#3640,#3641,#3642);
#3640 = CARTESIAN_POINT('',(7.207750943219,3.47106991294,0.3));
#3641 = DIRECTION('',(0.,0.,1.));
#3642 = DIRECTION('',(1.,0.,0.));
#3643 = PCURVE('',#453,#3644);
#3644 = DEFINITIONAL_REPRESENTATION('',(#3645),#3649);
#3645 = LINE('',#3646,#3647);
#3646 = CARTESIAN_POINT('',(-0.,0.));
#3647 = VECTOR('',#3648,1.);
#3648 = DIRECTION('',(-1.,0.));
#3649 = ( GEOMETRIC_REPRESENTATION_CONTEXT(2) 
PARAMETRIC_REPRESENTATION_CONTEXT() REPRESENTATION_CONTEXT('2D SPACE',''
  ) );
#3650 = PCURVE('',#533,#3651);
#3651 = DEFINITIONAL_REPRESENTATION('',(#3652),#3656);
#3652 = CIRCLE('',#3653,0.42);
#3653 = AXIS2_PLACEMENT_2D('',#3654,#3655);
#3654 = CARTESIAN_POINT('',(0.,0.));
#3655 = DIRECTION('',(1.,0.));
#3656 = ( GEOMETRIC_REPRESENTATION_CONTEXT(2) 
PARAMETRIC_REPRESENTATION_CONTEXT() REPRESENTATION_CONTEXT('2D SPACE',''
  ) );
#3657 = ORIENTED_EDGE('',*,*,#436,.F.);
#3658 = ORIENTED_EDGE('',*,*,#3659,.T.);
#3659 = EDGE_CURVE('',#437,#465,#3660,.T.);
#3660 = SURFACE_CURVE('',#3661,(#3666,#3673),.PCURVE_S1.);
#3661 = CIRCLE('',#3662,0.42);
#3662 = AXIS2_PLACEMENT_3D('',#3663,#3664,#3665);
#3663 = CARTESIAN_POINT('',(7.207750943219,3.47106991294,13.1));
#3664 = DIRECTION('',(0.,0.,1.));
#3665 = DIRECTION('',(1.,0.,0.));
#3666 = PCURVE('',#453,#3667);
#3667 = DEFINITIONAL_REPRESENTATION('',(#3668),#3672);
#3668 = LINE('',#3669,#3670);
#3669 = CARTESIAN_POINT('',(-0.,-12.8));
#3670 = VECTOR('',#3671,1.);
#3671 = DIRECTION('',(-1.,0.));
#3672 = ( GEOMETRIC_REPRESENTATION_CONTEXT(2) 
PARAMETRIC_REPRESENTATION_CONTEXT() REPRESENTATION_CONTEXT('2D SPACE',''
  ) );
#3673 = PCURVE('',#481,#3674);
#3674 = DEFINITIONAL_REPRESENTATION('',(#3675),#3679);
#3675 = CIRCLE('',#3676,0.42);
#3676 = AXIS2_PLACEMENT_2D('',#3677,#3678);
#3677 = CARTESIAN_POINT('',(0.,0.));
#3678 = DIRECTION('',(1.,0.));
#3679 = ( GEOMETRIC_REPRESENTATION_CONTEXT(2) 
PARAMETRIC_REPRESENTATION_CONTEXT() REPRESENTATION_CONTEXT('2D SPACE',''
  ) );
#3680 = ORIENTED_EDGE('',*,*,#497,.T.);
#3681 = ADVANCED_FACE('',(#3682),#481,.F.);
#3682 = FACE_BOUND('',#3683,.F.);
#3683 = EDGE_LOOP('',(#3684,#3685));
#3684 = ORIENTED_EDGE('',*,*,#464,.F.);
#3685 = ORIENTED_EDGE('',*,*,#3659,.T.);
#3686 = ADVANCED_FACE('',(#3687),#533,.T.);
#3687 = FACE_BOUND('',#3688,.T.);
#3688 = EDGE_LOOP('',(#3689,#3690));
#3689 = ORIENTED_EDGE('',*,*,#518,.F.);
#3690 = ORIENTED_EDGE('',*,*,#3636,.T.);
#3691 = ADVANCED_FACE('',(#3692),#568,.F.);
#3692 = FACE_BOUND('',#3693,.T.);
#3693 = EDGE_LOOP('',(#3694,#3716,#3717,#3739));
#3694 = ORIENTED_EDGE('',*,*,#3695,.F.);
#3695 = EDGE_CURVE('',#554,#613,#3696,.T.);
#3696 = SURFACE_CURVE('',#3697,(#3702,#3709),.PCURVE_S1.);
#3697 = CIRCLE('',#3698,0.42);
#3698 = AXIS2_PLACEMENT_3D('',#3699,#3700,#3701);
#3699 = CARTESIAN_POINT('',(6.254651859744,4.98791841487,0.3));
#3700 = DIRECTION('',(0.,0.,1.));
#3701 = DIRECTION('',(1.,0.,0.));
#3702 = PCURVE('',#568,#3703);
#3703 = DEFINITIONAL_REPRESENTATION('',(#3704),#3708);
#3704 = LINE('',#3705,#3706);
#3705 = CARTESIAN_POINT('',(-0.,0.));
#3706 = VECTOR('',#3707,1.);
#3707 = DIRECTION('',(-1.,0.));
#3708 = ( GEOMETRIC_REPRESENTATION_CONTEXT(2) 
PARAMETRIC_REPRESENTATION_CONTEXT() REPRESENTATION_CONTEXT('2D SPACE',''
  ) );
#3709 = PCURVE('',#648,#3710);
#3710 = DEFINITIONAL_REPRESENTATION('',(#3711),#3715);
#3711 = CIRCLE('',#3712,0.42);
#3712 = AXIS2_PLACEMENT_2D('',#3713,#3714);
#3713 = CARTESIAN_POINT('',(0.,0.));
#3714 = DIRECTION('',(1.,0.));
#3715 = ( GEOMETRIC_REPRESENTATION_CONTEXT(2) 
PARAMETRIC_REPRESENTATION_CONTEXT() REPRESENTATION_CONTEXT('2D SPACE',''
  ) );
#3716 = ORIENTED_EDGE('',*,*,#551,.F.);
#3717 = ORIENTED_EDGE('',*,*,#3718,.T.);
#3718 = EDGE_CURVE('',#552,#580,#3719,.T.);
#3719 = SURFACE_CURVE('',#3720,(#3725,#3732),.PCURVE_S1.);
#3720 = CIRCLE('',#3721,0.42);
#3721 = AXIS2_PLACEMENT_3D('',#3722,#3723,#3724);
#3722 = CARTESIAN_POINT('',(6.254651859744,4.98791841487,13.1));
#3723 = DIRECTION('',(0.,0.,1.));
#3724 = DIRECTION('',(1.,0.,0.));
#3725 = PCURVE('',#568,#3726);
#3726 = DEFINITIONAL_REPRESENTATION('',(#3727),#3731);
#3727 = LINE('',#3728,#3729);
#3728 = CARTESIAN_POINT('',(-0.,-12.8));
#3729 = VECTOR('',#3730,1.);
#3730 = DIRECTION('',(-1.,0.));
#3731 = ( GEOMETRIC_REPRESENTATION_CONTEXT(2) 
PARAMETRIC_REPRESENTATION_CONTEXT() REPRESENTATION_CONTEXT('2D SPACE',''
  ) );
#3732 = PCURVE('',#596,#3733);
#3733 = DEFINITIONAL_REPRESENTATION('',(#3734),#3738);
#3734 = CIRCLE('',#3735,0.42);
#3735 = AXIS2_PLACEMENT_2D('',#3736,#3737);
#3736 = CARTESIAN_POINT('',(0.,0.));
#3737 = DIRECTION('',(1.,0.));
#3738 = ( GEOMETRIC_REPRESENTATION_CONTEXT(2) 
PARAMETRIC_REPRESENTATION_CONTEXT() REPRESENTATION_CONTEXT('2D SPACE',''
  ) );
#3739 = ORIENTED_EDGE('',*,*,#612,.T.);
#3740 = ADVANCED_FACE('',(#3741),#596,.F.);
#3741 = FACE_BOUND('',#3742,.F.);
#3742 = EDGE_LOOP('',(#3743,#3744));
#3743 = ORIENTED_EDGE('',*,*,#579,.F.);
#3744 = ORIENTED_EDGE('',*,*,#3718,.T.);
#3745 = ADVANCED_FACE('',(#3746),#648,.T.);
#3746 = FACE_BOUND('',#3747,.T.);
#3747 = EDGE_LOOP('',(#3748,#3749));
#3748 = ORIENTED_EDGE('',*,*,#633,.F.);
#3749 = ORIENTED_EDGE('',*,*,#3695,.T.);
#3750 = ADVANCED_FACE('',(#3751),#683,.F.);
#3751 = FACE_BOUND('',#3752,.T.);
#3752 = EDGE_LOOP('',(#3753,#3775,#3776,#3798));
#3753 = ORIENTED_EDGE('',*,*,#3754,.F.);
#3754 = EDGE_CURVE('',#669,#728,#3755,.T.);
#3755 = SURFACE_CURVE('',#3756,(#3761,#3768),.PCURVE_S1.);
#3756 = CIRCLE('',#3757,0.42);
#3757 = AXIS2_PLACEMENT_3D('',#3758,#3759,#3760);
#3758 = CARTESIAN_POINT('',(4.98791841487,6.254651859744,0.3));
#3759 = DIRECTION('',(0.,0.,1.));
#3760 = DIRECTION('',(1.,0.,0.));
#3761 = PCURVE('',#683,#3762);
#3762 = DEFINITIONAL_REPRESENTATION('',(#3763),#3767);
#3763 = LINE('',#3764,#3765);
#3764 = CARTESIAN_POINT('',(-0.,0.));
#3765 = VECTOR('',#3766,1.);
#3766 = DIRECTION('',(-1.,0.));
#3767 = ( GEOMETRIC_REPRESENTATION_CONTEXT(2) 
PARAMETRIC_REPRESENTATION_CONTEXT() REPRESENTATION_CONTEXT('2D SPACE',''
  ) );
#3768 = PCURVE('',#763,#3769);
#3769 = DEFINITIONAL_REPRESENTATION('',(#3770),#3774);
#3770 = CIRCLE('',#3771,0.42);
#3771 = AXIS2_PLACEMENT_2D('',#3772,#3773);
#3772 = CARTESIAN_POINT('',(0.,0.));
#3773 = DIRECTION('',(1.,0.));
#3774 = ( GEOMETRIC_REPRESENTATION_CONTEXT(2) 
PARAMETRIC_REPRESENTATION_CONTEXT() REPRESENTATION_CONTEXT('2D SPACE',''
  ) );
#3775 = ORIENTED_EDGE('',*,*,#666,.F.);
#3776 = ORIENTED_EDGE('',*,*,#3777,.T.);
#3777 = EDGE_CURVE('',#667,#695,#3778,.T.);
#3778 = SURFACE_CURVE('',#3779,(#3784,#3791),.PCURVE_S1.);
#3779 = CIRCLE('',#3780,0.42);
#3780 = AXIS2_PLACEMENT_3D('',#3781,#3782,#3783);
#3781 = CARTESIAN_POINT('',(4.98791841487,6.254651859744,13.1));
#3782 = DIRECTION('',(0.,0.,1.));
#3783 = DIRECTION('',(1.,0.,0.));
#3784 = PCURVE('',#683,#3785);
#3785 = DEFINITIONAL_REPRESENTATION('',(#3786),#3790);
#3786 = LINE('',#3787,#3788);
#3787 = CARTESIAN_POINT('',(-0.,-12.8));
#3788 = VECTOR('',#3789,1.);
#3789 = DIRECTION('',(-1.,0.));
#3790 = ( GEOMETRIC_REPRESENTATION_CONTEXT(2) 
PARAMETRIC_REPRESENTATION_CONTEXT() REPRESENTATION_CONTEXT('2D SPACE',''
  ) );
#3791 = PCURVE('',#711,#3792);
#3792 = DEFINITIONAL_REPRESENTATION('',(#3793),#3797);
#3793 = CIRCLE('',#3794,0.42);
#3794 = AXIS2_PLACEMENT_2D('',#3795,#3796);
#3795 = CARTESIAN_POINT('',(0.,0.));
#3796 = DIRECTION('',(1.,0.));
#3797 = ( GEOMETRIC_REPRESENTATION_CONTEXT(2) 
PARAMETRIC_REPRESENTATION_CONTEXT() REPRESENTATION_CONTEXT('2D SPACE',''
  ) );
#3798 = ORIENTED_EDGE('',*,*,#727,.T.);
#3799 = ADVANCED_FACE('',(#3800),#711,.F.);
#3800 = FACE_BOUND('',#3801,.F.);
#3801 = EDGE_LOOP('',(#3802,#3803));
#3802 = ORIENTED_EDGE('',*,*,#694,.F.);
#3803 = ORIENTED_EDGE('',*,*,#3777,.T.);
#3804 = ADVANCED_FACE('',(#3805),#763,.T.);
#3805 = FACE_BOUND('',#3806,.T.);
#3806 = EDGE_LOOP('',(#3807,#3808));
#3807 = ORIENTED_EDGE('',*,*,#748,.F.);
#3808 = ORIENTED_EDGE('',*,*,#3754,.T.);
#3809 = ADVANCED_FACE('',(#3810),#798,.F.);
#3810 = FACE_BOUND('',#3811,.T.);
#3811 = EDGE_LOOP('',(#3812,#3834,#3835,#3857));
#3812 = ORIENTED_EDGE('',*,*,#3813,.F.);
#3813 = EDGE_CURVE('',#784,#843,#3814,.T.);
#3814 = SURFACE_CURVE('',#3815,(#3820,#3827),.PCURVE_S1.);
#3815 = CIRCLE('',#3816,0.42);
#3816 = AXIS2_PLACEMENT_3D('',#3817,#3818,#3819);
#3817 = CARTESIAN_POINT('',(3.47106991294,7.207750943219,0.3));
#3818 = DIRECTION('',(0.,0.,1.));
#3819 = DIRECTION('',(1.,0.,0.));
#3820 = PCURVE('',#798,#3821);
#3821 = DEFINITIONAL_REPRESENTATION('',(#3822),#3826);
#3822 = LINE('',#3823,#3824);
#3823 = CARTESIAN_POINT('',(-0.,0.));
#3824 = VECTOR('',#3825,1.);
#3825 = DIRECTION('',(-1.,0.));
#3826 = ( GEOMETRIC_REPRESENTATION_CONTEXT(2) 
PARAMETRIC_REPRESENTATION_CONTEXT() REPRESENTATION_CONTEXT('2D SPACE',''
  ) );
#3827 = PCURVE('',#878,#3828);
#3828 = DEFINITIONAL_REPRESENTATION('',(#3829),#3833);
#3829 = CIRCLE('',#3830,0.42);
#3830 = AXIS2_PLACEMENT_2D('',#3831,#3832);
#3831 = CARTESIAN_POINT('',(0.,0.));
#3832 = DIRECTION('',(1.,0.));
#3833 = ( GEOMETRIC_REPRESENTATION_CONTEXT(2) 
PARAMETRIC_REPRESENTATION_CONTEXT() REPRESENTATION_CONTEXT('2D SPACE',''
  ) );
#3834 = ORIENTED_EDGE('',*,*,#781,.F.);
#3835 = ORIENTED_EDGE('',*,*,#3836,.T.);
#3836 = EDGE_CURVE('',#782,#810,#3837,.T.);
#3837 = SURFACE_CURVE('',#3838,(#3843,#3850),.PCURVE_S1.);
#3838 = CIRCLE('',#3839,0.42);
#3839 = AXIS2_PLACEMENT_3D('',#3840,#3841,#3842);
#3840 = CARTESIAN_POINT('',(3.47106991294,7.207750943219,13.1));
#3841 = DIRECTION('',(0.,0.,1.));
#3842 = DIRECTION('',(1.,0.,0.));
#3843 = PCURVE('',#798,#3844);
#3844 = DEFINITIONAL_REPRESENTATION('',(#3845),#3849);
#3845 = LINE('',#3846,#3847);
#3846 = CARTESIAN_POINT('',(-0.,-12.8));
#3847 = VECTOR('',#3848,1.);
#3848 = DIRECTION('',(-1.,0.));
#3849 = ( GEOMETRIC_REPRESENTATION_CONTEXT(2) 
PARAMETRIC_REPRESENTATION_CONTEXT() REPRESENTATION_CONTEXT('2D SPACE',''
  ) );
#3850 = PCURVE('',#826,#3851);
#3851 = DEFINITIONAL_REPRESENTATION('',(#3852),#3856);
#3852 = CIRCLE('',#3853,0.42);
#3853 = AXIS2_PLACEMENT_2D('',#3854,#3855);
#3854 = CARTESIAN_POINT('',(0.,0.));
#3855 = DIRECTION('',(1.,0.));
#3856 = ( GEOMETRIC_REPRESENTATION_CONTEXT(2) 
PARAMETRIC_REPRESENTATION_CONTEXT() REPRESENTATION_CONTEXT('2D SPACE',''
  ) );
#3857 = ORIENTED_EDGE('',*,*,#842,.T.);
#3858 = ADVANCED_FACE('',(#3859),#826,.F.);
#3859 = FACE_BOUND('',#3860,.F.);
#3860 = EDGE_LOOP('',(#3861,#3862));
#3861 = ORIENTED_EDGE('',*,*,#809,.F.);
#3862 = ORIENTED_EDGE('',*,*,#3836,.T.);
#3863 = ADVANCED_FACE('',(#3864),#878,.T.);
#3864 = FACE_BOUND('',#3865,.T.);
#3865 = EDGE_LOOP('',(#3866,#3867));
#3866 = ORIENTED_EDGE('',*,*,#863,.F.);
#3867 = ORIENTED_EDGE('',*,*,#3813,.T.);
#3868 = ADVANCED_FACE('',(#3869),#913,.F.);
#3869 = FACE_BOUND('',#3870,.T.);
#3870 = EDGE_LOOP('',(#3871,#3893,#3894,#3916));
#3871 = ORIENTED_EDGE('',*,*,#3872,.F.);
#3872 = EDGE_CURVE('',#899,#958,#3873,.T.);
#3873 = SURFACE_CURVE('',#3874,(#3879,#3886),.PCURVE_S1.);
#3874 = CIRCLE('',#3875,0.42);
#3875 = AXIS2_PLACEMENT_3D('',#3876,#3877,#3878);
#3876 = CARTESIAN_POINT('',(1.780167471651,7.799423297455,0.3));
#3877 = DIRECTION('',(0.,0.,1.));
#3878 = DIRECTION('',(1.,0.,0.));
#3879 = PCURVE('',#913,#3880);
#3880 = DEFINITIONAL_REPRESENTATION('',(#3881),#3885);
#3881 = LINE('',#3882,#3883);
#3882 = CARTESIAN_POINT('',(-0.,0.));
#3883 = VECTOR('',#3884,1.);
#3884 = DIRECTION('',(-1.,0.));
#3885 = ( GEOMETRIC_REPRESENTATION_CONTEXT(2) 
PARAMETRIC_REPRESENTATION_CONTEXT() REPRESENTATION_CONTEXT('2D SPACE',''
  ) );
#3886 = PCURVE('',#993,#3887);
#3887 = DEFINITIONAL_REPRESENTATION('',(#3888),#3892);
#3888 = CIRCLE('',#3889,0.42);
#3889 = AXIS2_PLACEMENT_2D('',#3890,#3891);
#3890 = CARTESIAN_POINT('',(0.,0.));
#3891 = DIRECTION('',(1.,0.));
#3892 = ( GEOMETRIC_REPRESENTATION_CONTEXT(2) 
PARAMETRIC_REPRESENTATION_CONTEXT() REPRESENTATION_CONTEXT('2D SPACE',''
  ) );
#3893 = ORIENTED_EDGE('',*,*,#896,.F.);
#3894 = ORIENTED_EDGE('',*,*,#3895,.T.);
#3895 = EDGE_CURVE('',#897,#925,#3896,.T.);
#3896 = SURFACE_CURVE('',#3897,(#3902,#3909),.PCURVE_S1.);
#3897 = CIRCLE('',#3898,0.42);
#3898 = AXIS2_PLACEMENT_3D('',#3899,#3900,#3901);
#3899 = CARTESIAN_POINT('',(1.780167471651,7.799423297455,13.1));
#3900 = DIRECTION('',(0.,0.,1.));
#3901 = DIRECTION('',(1.,0.,0.));
#3902 = PCURVE('',#913,#3903);
#3903 = DEFINITIONAL_REPRESENTATION('',(#3904),#3908);
#3904 = LINE('',#3905,#3906);
#3905 = CARTESIAN_POINT('',(-0.,-12.8));
#3906 = VECTOR('',#3907,1.);
#3907 = DIRECTION('',(-1.,0.));
#3908 = ( GEOMETRIC_REPRESENTATION_CONTEXT(2) 
PARAMETRIC_REPRESENTATION_CONTEXT() REPRESENTATION_CONTEXT('2D SPACE',''
  ) );
#3909 = PCURVE('',#941,#3910);
#3910 = DEFINITIONAL_REPRESENTATION('',(#3911),#3915);
#3911 = CIRCLE('',#3912,0.42);
#3912 = AXIS2_PLACEMENT_2D('',#3913,#3914);
#3913 = CARTESIAN_POINT('',(0.,0.));
#3914 = DIRECTION('',(1.,0.));
#3915 = ( GEOMETRIC_REPRESENTATION_CONTEXT(2) 
PARAMETRIC_REPRESENTATION_CONTEXT() REPRESENTATION_CONTEXT('2D SPACE',''
  ) );
#3916 = ORIENTED_EDGE('',*,*,#957,.T.);
#3917 = ADVANCED_FACE('',(#3918),#941,.F.);
#3918 = FACE_BOUND('',#3919,.F.);
#3919 = EDGE_LOOP('',(#3920,#3921));
#3920 = ORIENTED_EDGE('',*,*,#924,.F.);
#3921 = ORIENTED_EDGE('',*,*,#3895,.T.);
#3922 = ADVANCED_FACE('',(#3923),#993,.T.);
#3923 = FACE_BOUND('',#3924,.T.);
#3924 = EDGE_LOOP('',(#3925,#3926));
#3925 = ORIENTED_EDGE('',*,*,#978,.F.);
#3926 = ORIENTED_EDGE('',*,*,#3872,.T.);
#3927 = ADVANCED_FACE('',(#3928),#1028,.F.);
#3928 = FACE_BOUND('',#3929,.T.);
#3929 = EDGE_LOOP('',(#3930,#3952,#3953,#3975));
#3930 = ORIENTED_EDGE('',*,*,#3931,.F.);
#3931 = EDGE_CURVE('',#1014,#1073,#3932,.T.);
#3932 = SURFACE_CURVE('',#3933,(#3938,#3945),.PCURVE_S1.);
#3933 = CIRCLE('',#3934,0.42);
#3934 = AXIS2_PLACEMENT_3D('',#3935,#3936,#3937);
#3935 = CARTESIAN_POINT('',(4.898587196589E-16,8.,0.3));
#3936 = DIRECTION('',(0.,0.,1.));
#3937 = DIRECTION('',(1.,0.,0.));
#3938 = PCURVE('',#1028,#3939);
#3939 = DEFINITIONAL_REPRESENTATION('',(#3940),#3944);
#3940 = LINE('',#3941,#3942);
#3941 = CARTESIAN_POINT('',(-0.,0.));
#3942 = VECTOR('',#3943,1.);
#3943 = DIRECTION('',(-1.,0.));
#3944 = ( GEOMETRIC_REPRESENTATION_CONTEXT(2) 
PARAMETRIC_REPRESENTATION_CONTEXT() REPRESENTATION_CONTEXT('2D SPACE',''
  ) );
#3945 = PCURVE('',#1108,#3946);
#3946 = DEFINITIONAL_REPRESENTATION('',(#3947),#3951);
#3947 = CIRCLE('',#3948,0.42);
#3948 = AXIS2_PLACEMENT_2D('',#3949,#3950);
#3949 = CARTESIAN_POINT('',(3.815402155523E-17,0.));
#3950 = DIRECTION('',(1.,0.));
#3951 = ( GEOMETRIC_REPRESENTATION_CONTEXT(2) 
PARAMETRIC_REPRESENTATION_CONTEXT() REPRESENTATION_CONTEXT('2D SPACE',''
  ) );
#3952 = ORIENTED_EDGE('',*,*,#1011,.F.);
#3953 = ORIENTED_EDGE('',*,*,#3954,.T.);
#3954 = EDGE_CURVE('',#1012,#1040,#3955,.T.);
#3955 = SURFACE_CURVE('',#3956,(#3961,#3968),.PCURVE_S1.);
#3956 = CIRCLE('',#3957,0.42);
#3957 = AXIS2_PLACEMENT_3D('',#3958,#3959,#3960);
#3958 = CARTESIAN_POINT('',(4.898587196589E-16,8.,13.1));
#3959 = DIRECTION('',(0.,0.,1.));
#3960 = DIRECTION('',(1.,0.,0.));
#3961 = PCURVE('',#1028,#3962);
#3962 = DEFINITIONAL_REPRESENTATION('',(#3963),#3967);
#3963 = LINE('',#3964,#3965);
#3964 = CARTESIAN_POINT('',(-0.,-12.8));
#3965 = VECTOR('',#3966,1.);
#3966 = DIRECTION('',(-1.,0.));
#3967 = ( GEOMETRIC_REPRESENTATION_CONTEXT(2) 
PARAMETRIC_REPRESENTATION_CONTEXT() REPRESENTATION_CONTEXT('2D SPACE',''
  ) );
#3968 = PCURVE('',#1056,#3969);
#3969 = DEFINITIONAL_REPRESENTATION('',(#3970),#3974);
#3970 = CIRCLE('',#3971,0.42);
#3971 = AXIS2_PLACEMENT_2D('',#3972,#3973);
#3972 = CARTESIAN_POINT('',(3.815402155523E-17,0.));
#3973 = DIRECTION('',(1.,0.));
#3974 = ( GEOMETRIC_REPRESENTATION_CONTEXT(2) 
PARAMETRIC_REPRESENTATION_CONTEXT() REPRESENTATION_CONTEXT('2D SPACE',''
  ) );
#3975 = ORIENTED_EDGE('',*,*,#1072,.T.);
#3976 = ADVANCED_FACE('',(#3977),#1056,.F.);
#3977 = FACE_BOUND('',#3978,.F.);
#3978 = EDGE_LOOP('',(#3979,#3980));
#3979 = ORIENTED_EDGE('',*,*,#1039,.F.);
#3980 = ORIENTED_EDGE('',*,*,#3954,.T.);
#3981 = ADVANCED_FACE('',(#3982),#1108,.T.);
#3982 = FACE_BOUND('',#3983,.T.);
#3983 = EDGE_LOOP('',(#3984,#3985));
#3984 = ORIENTED_EDGE('',*,*,#1093,.F.);
#3985 = ORIENTED_EDGE('',*,*,#3931,.T.);
#3986 = ADVANCED_FACE('',(#3987),#1143,.F.);
#3987 = FACE_BOUND('',#3988,.T.);
#3988 = EDGE_LOOP('',(#3989,#4011,#4012,#4038));
#3989 = ORIENTED_EDGE('',*,*,#3990,.T.);
#3990 = EDGE_CURVE('',#1127,#1155,#3991,.T.);
#3991 = SURFACE_CURVE('',#3992,(#3997,#4004),.PCURVE_S1.);
#3992 = CIRCLE('',#3993,0.42);
#3993 = AXIS2_PLACEMENT_3D('',#3994,#3995,#3996);
#3994 = CARTESIAN_POINT('',(-1.780167471651,7.799423297455,13.1));
#3995 = DIRECTION('',(0.,0.,1.));
#3996 = DIRECTION('',(-0.96875078665,-0.248036113024,0.));
#3997 = PCURVE('',#1143,#3998);
#3998 = DEFINITIONAL_REPRESENTATION('',(#3999),#4003);
#3999 = LINE('',#4000,#4001);
#4000 = CARTESIAN_POINT('',(-3.39224514443,-12.8));
#4001 = VECTOR('',#4002,1.);
#4002 = DIRECTION('',(-1.,0.));
#4003 = ( GEOMETRIC_REPRESENTATION_CONTEXT(2) 
PARAMETRIC_REPRESENTATION_CONTEXT() REPRESENTATION_CONTEXT('2D SPACE',''
  ) );
#4004 = PCURVE('',#1171,#4005);
#4005 = DEFINITIONAL_REPRESENTATION('',(#4006),#4010);
#4006 = CIRCLE('',#4007,0.42);
#4007 = AXIS2_PLACEMENT_2D('',#4008,#4009);
#4008 = CARTESIAN_POINT('',(0.,0.));
#4009 = DIRECTION('',(-0.96875078665,-0.248036113024));
#4010 = ( GEOMETRIC_REPRESENTATION_CONTEXT(2) 
PARAMETRIC_REPRESENTATION_CONTEXT() REPRESENTATION_CONTEXT('2D SPACE',''
  ) );
#4011 = ORIENTED_EDGE('',*,*,#1187,.T.);
#4012 = ORIENTED_EDGE('',*,*,#4013,.T.);
#4013 = EDGE_CURVE('',#1188,#1129,#4014,.T.);
#4014 = SURFACE_CURVE('',#4015,(#4020,#4027),.PCURVE_S1.);
#4015 = CIRCLE('',#4016,0.42);
#4016 = AXIS2_PLACEMENT_3D('',#4017,#4018,#4019);
#4017 = CARTESIAN_POINT('',(-1.780167471651,7.799423297455,0.3));
#4018 = DIRECTION('',(0.,0.,-1.));
#4019 = DIRECTION('',(0.980433135683,0.196852397635,0.));
#4020 = PCURVE('',#1143,#4021);
#4021 = DEFINITIONAL_REPRESENTATION('',(#4022),#4026);
#4022 = LINE('',#4023,#4024);
#4023 = CARTESIAN_POINT('',(-6.481331766852,0.));
#4024 = VECTOR('',#4025,1.);
#4025 = DIRECTION('',(1.,-0.));
#4026 = ( GEOMETRIC_REPRESENTATION_CONTEXT(2) 
PARAMETRIC_REPRESENTATION_CONTEXT() REPRESENTATION_CONTEXT('2D SPACE',''
  ) );
#4027 = PCURVE('',#1223,#4028);
#4028 = DEFINITIONAL_REPRESENTATION('',(#4029),#4037);
#4029 = ( BOUNDED_CURVE() B_SPLINE_CURVE(2,(#4030,#4031,#4032,#4033,
#4034,#4035,#4036),.UNSPECIFIED.,.T.,.F.) B_SPLINE_CURVE_WITH_KNOTS((1,2
    ,2,2,2,1),(-2.094395102393,0.,2.094395102393,4.188790204786,
6.28318530718,8.377580409573),.UNSPECIFIED.) CURVE() 
GEOMETRIC_REPRESENTATION_ITEM() RATIONAL_B_SPLINE_CURVE((1.,0.5,1.,0.5,
1.,0.5,1.)) REPRESENTATION_ITEM('') );
#4030 = CARTESIAN_POINT('',(0.411781916987,8.267800700655E-02));
#4031 = CARTESIAN_POINT('',(0.554984425791,-0.630549194853));
#4032 = CARTESIAN_POINT('',(-0.134289704092,-0.397952604433));
#4033 = CARTESIAN_POINT('',(-0.823563833974,-0.165356014013));
#4034 = CARTESIAN_POINT('',(-0.277492212895,0.315274597426));
#4035 = CARTESIAN_POINT('',(0.268579408183,0.795905208866));
#4036 = CARTESIAN_POINT('',(0.411781916987,8.267800700655E-02));
#4037 = ( GEOMETRIC_REPRESENTATION_CONTEXT(2) 
PARAMETRIC_REPRESENTATION_CONTEXT() REPRESENTATION_CONTEXT('2D SPACE',''
  ) );
#4038 = ORIENTED_EDGE('',*,*,#1126,.F.);
#4039 = ADVANCED_FACE('',(#4040),#1171,.F.);
#4040 = FACE_BOUND('',#4041,.F.);
#4041 = EDGE_LOOP('',(#4042,#4043));
#4042 = ORIENTED_EDGE('',*,*,#3990,.T.);
#4043 = ORIENTED_EDGE('',*,*,#1154,.F.);
#4044 = ADVANCED_FACE('',(#4045),#1223,.T.);
#4045 = FACE_BOUND('',#4046,.T.);
#4046 = EDGE_LOOP('',(#4047,#4048));
#4047 = ORIENTED_EDGE('',*,*,#1208,.F.);
#4048 = ORIENTED_EDGE('',*,*,#4013,.F.);
#4049 = ADVANCED_FACE('',(#4050),#1258,.F.);
#4050 = FACE_BOUND('',#4051,.T.);
#4051 = EDGE_LOOP('',(#4052,#4074,#4075,#4101));
#4052 = ORIENTED_EDGE('',*,*,#4053,.T.);
#4053 = EDGE_CURVE('',#1242,#1270,#4054,.T.);
#4054 = SURFACE_CURVE('',#4055,(#4060,#4067),.PCURVE_S1.);
#4055 = CIRCLE('',#4056,0.42);
#4056 = AXIS2_PLACEMENT_3D('',#4057,#4058,#4059);
#4057 = CARTESIAN_POINT('',(-3.47106991294,7.207750943219,13.1));
#4058 = DIRECTION('',(0.,0.,1.));
#4059 = DIRECTION('',(-0.889268954329,-0.457384659633,0.));
#4060 = PCURVE('',#1258,#4061);
#4061 = DEFINITIONAL_REPRESENTATION('',(#4062),#4066);
#4062 = LINE('',#4063,#4064);
#4063 = CARTESIAN_POINT('',(-3.616644619686,-12.8));
#4064 = VECTOR('',#4065,1.);
#4065 = DIRECTION('',(-1.,0.));
#4066 = ( GEOMETRIC_REPRESENTATION_CONTEXT(2) 
PARAMETRIC_REPRESENTATION_CONTEXT() REPRESENTATION_CONTEXT('2D SPACE',''
  ) );
#4067 = PCURVE('',#1286,#4068);
#4068 = DEFINITIONAL_REPRESENTATION('',(#4069),#4073);
#4069 = CIRCLE('',#4070,0.42);
#4070 = AXIS2_PLACEMENT_2D('',#4071,#4072);
#4071 = CARTESIAN_POINT('',(0.,0.));
#4072 = DIRECTION('',(-0.889268954329,-0.457384659633));
#4073 = ( GEOMETRIC_REPRESENTATION_CONTEXT(2) 
PARAMETRIC_REPRESENTATION_CONTEXT() REPRESENTATION_CONTEXT('2D SPACE',''
  ) );
#4074 = ORIENTED_EDGE('',*,*,#1302,.T.);
#4075 = ORIENTED_EDGE('',*,*,#4076,.T.);
#4076 = EDGE_CURVE('',#1303,#1244,#4077,.T.);
#4077 = SURFACE_CURVE('',#4078,(#4083,#4090),.PCURVE_S1.);
#4078 = CIRCLE('',#4079,0.42);
#4079 = AXIS2_PLACEMENT_3D('',#4080,#4081,#4082);
#4080 = CARTESIAN_POINT('',(-3.47106991294,7.207750943219,0.3));
#4081 = DIRECTION('',(0.,0.,-1.));
#4082 = DIRECTION('',(0.912047850632,0.410083794068,0.));
#4083 = PCURVE('',#1258,#4084);
#4084 = DEFINITIONAL_REPRESENTATION('',(#4085),#4089);
#4085 = LINE('',#4086,#4087);
#4086 = CARTESIAN_POINT('',(-6.705731242109,0.));
#4087 = VECTOR('',#4088,1.);
#4088 = DIRECTION('',(1.,-0.));
#4089 = ( GEOMETRIC_REPRESENTATION_CONTEXT(2) 
PARAMETRIC_REPRESENTATION_CONTEXT() REPRESENTATION_CONTEXT('2D SPACE',''
  ) );
#4090 = PCURVE('',#1338,#4091);
#4091 = DEFINITIONAL_REPRESENTATION('',(#4092),#4100);
#4092 = ( BOUNDED_CURVE() B_SPLINE_CURVE(2,(#4093,#4094,#4095,#4096,
#4097,#4098,#4099),.UNSPECIFIED.,.T.,.F.) B_SPLINE_CURVE_WITH_KNOTS((1,2
    ,2,2,2,1),(-2.094395102393,0.,2.094395102393,4.188790204786,
6.28318530718,8.377580409573),.UNSPECIFIED.) CURVE() 
GEOMETRIC_REPRESENTATION_ITEM() RATIONAL_B_SPLINE_CURVE((1.,0.5,1.,0.5,
1.,0.5,1.)) REPRESENTATION_ITEM('') );
#4093 = CARTESIAN_POINT('',(0.383060097266,0.172235193509));
#4094 = CARTESIAN_POINT('',(0.681380203274,-0.491244357308));
#4095 = CARTESIAN_POINT('',(-4.236999562868E-02,-0.417857372162));
#4096 = CARTESIAN_POINT('',(-0.766120194531,-0.344470387017));
#4097 = CARTESIAN_POINT('',(-0.340690101637,0.245622178654));
#4098 = CARTESIAN_POINT('',(8.473999125736E-02,0.835714744325));
#4099 = CARTESIAN_POINT('',(0.383060097266,0.172235193509));
#4100 = ( GEOMETRIC_REPRESENTATION_CONTEXT(2) 
PARAMETRIC_REPRESENTATION_CONTEXT() REPRESENTATION_CONTEXT('2D SPACE',''
  ) );
#4101 = ORIENTED_EDGE('',*,*,#1241,.F.);
#4102 = ADVANCED_FACE('',(#4103),#1286,.F.);
#4103 = FACE_BOUND('',#4104,.F.);
#4104 = EDGE_LOOP('',(#4105,#4106));
#4105 = ORIENTED_EDGE('',*,*,#4053,.T.);
#4106 = ORIENTED_EDGE('',*,*,#1269,.F.);
#4107 = ADVANCED_FACE('',(#4108),#1338,.T.);
#4108 = FACE_BOUND('',#4109,.T.);
#4109 = EDGE_LOOP('',(#4110,#4111));
#4110 = ORIENTED_EDGE('',*,*,#1323,.F.);
#4111 = ORIENTED_EDGE('',*,*,#4076,.F.);
#4112 = ADVANCED_FACE('',(#4113),#1373,.F.);
#4113 = FACE_BOUND('',#4114,.T.);
#4114 = EDGE_LOOP('',(#4115,#4137,#4138,#4164));
#4115 = ORIENTED_EDGE('',*,*,#4116,.T.);
#4116 = EDGE_CURVE('',#1357,#1385,#4117,.T.);
#4117 = SURFACE_CURVE('',#4118,(#4123,#4130),.PCURVE_S1.);
#4118 = CIRCLE('',#4119,0.42);
#4119 = AXIS2_PLACEMENT_3D('',#4120,#4121,#4122);
#4120 = CARTESIAN_POINT('',(-4.98791841487,6.254651859744,13.1));
#4121 = DIRECTION('',(0.,0.,1.));
#4122 = DIRECTION('',(-0.765195463373,-0.643798029535,0.));
#4123 = PCURVE('',#1373,#4124);
#4124 = DEFINITIONAL_REPRESENTATION('',(#4125),#4129);
#4125 = LINE('',#4126,#4127);
#4126 = CARTESIAN_POINT('',(-3.841044094943,-12.8));
#4127 = VECTOR('',#4128,1.);
#4128 = DIRECTION('',(-1.,0.));
#4129 = ( GEOMETRIC_REPRESENTATION_CONTEXT(2) 
PARAMETRIC_REPRESENTATION_CONTEXT() REPRESENTATION_CONTEXT('2D SPACE',''
  ) );
#4130 = PCURVE('',#1401,#4131);
#4131 = DEFINITIONAL_REPRESENTATION('',(#4132),#4136);
#4132 = CIRCLE('',#4133,0.42);
#4133 = AXIS2_PLACEMENT_2D('',#4134,#4135);
#4134 = CARTESIAN_POINT('',(0.,0.));
#4135 = DIRECTION('',(-0.765195463373,-0.643798029535));
#4136 = ( GEOMETRIC_REPRESENTATION_CONTEXT(2) 
PARAMETRIC_REPRESENTATION_CONTEXT() REPRESENTATION_CONTEXT('2D SPACE',''
  ) );
#4137 = ORIENTED_EDGE('',*,*,#1417,.T.);
#4138 = ORIENTED_EDGE('',*,*,#4139,.T.);
#4139 = EDGE_CURVE('',#1418,#1359,#4140,.T.);
#4140 = SURFACE_CURVE('',#4141,(#4146,#4153),.PCURVE_S1.);
#4141 = CIRCLE('',#4142,0.42);
#4142 = AXIS2_PLACEMENT_3D('',#4143,#4144,#4145);
#4143 = CARTESIAN_POINT('',(-4.98791841487,6.254651859744,0.3));
#4144 = DIRECTION('',(0.,0.,-1.));
#4145 = DIRECTION('',(0.79792867797,0.602751876706,0.));
#4146 = PCURVE('',#1373,#4147);
#4147 = DEFINITIONAL_REPRESENTATION('',(#4148),#4152);
#4148 = LINE('',#4149,#4150);
#4149 = CARTESIAN_POINT('',(-6.930130717365,0.));
#4150 = VECTOR('',#4151,1.);
#4151 = DIRECTION('',(1.,-0.));
#4152 = ( GEOMETRIC_REPRESENTATION_CONTEXT(2) 
PARAMETRIC_REPRESENTATION_CONTEXT() REPRESENTATION_CONTEXT('2D SPACE',''
  ) );
#4153 = PCURVE('',#1453,#4154);
#4154 = DEFINITIONAL_REPRESENTATION('',(#4155),#4163);
#4155 = ( BOUNDED_CURVE() B_SPLINE_CURVE(2,(#4156,#4157,#4158,#4159,
#4160,#4161,#4162),.UNSPECIFIED.,.T.,.F.) B_SPLINE_CURVE_WITH_KNOTS((1,2
    ,2,2,2,1),(-2.094395102393,0.,2.094395102393,4.188790204786,
6.28318530718,8.377580409573),.UNSPECIFIED.) CURVE() 
GEOMETRIC_REPRESENTATION_ITEM() RATIONAL_B_SPLINE_CURVE((1.,0.5,1.,0.5,
1.,0.5,1.)) REPRESENTATION_ITEM('') );
#4156 = CARTESIAN_POINT('',(0.335130044748,0.253155788216));
#4157 = CARTESIAN_POINT('',(0.773608732169,-0.327306476429));
#4158 = CARTESIAN_POINT('',(5.167432133667E-02,-0.416809026431));
#4159 = CARTESIAN_POINT('',(-0.670260089495,-0.506311576433));
#4160 = CARTESIAN_POINT('',(-0.386804366084,0.163653238215));
#4161 = CARTESIAN_POINT('',(-0.103348642673,0.833618052862));
#4162 = CARTESIAN_POINT('',(0.335130044748,0.253155788216));
#4163 = ( GEOMETRIC_REPRESENTATION_CONTEXT(2) 
PARAMETRIC_REPRESENTATION_CONTEXT() REPRESENTATION_CONTEXT('2D SPACE',''
  ) );
#4164 = ORIENTED_EDGE('',*,*,#1356,.F.);
#4165 = ADVANCED_FACE('',(#4166),#1401,.F.);
#4166 = FACE_BOUND('',#4167,.F.);
#4167 = EDGE_LOOP('',(#4168,#4169));
#4168 = ORIENTED_EDGE('',*,*,#4116,.T.);
#4169 = ORIENTED_EDGE('',*,*,#1384,.F.);
#4170 = ADVANCED_FACE('',(#4171),#1453,.T.);
#4171 = FACE_BOUND('',#4172,.T.);
#4172 = EDGE_LOOP('',(#4173,#4174));
#4173 = ORIENTED_EDGE('',*,*,#1438,.F.);
#4174 = ORIENTED_EDGE('',*,*,#4139,.F.);
#4175 = ADVANCED_FACE('',(#4176),#1488,.F.);
#4176 = FACE_BOUND('',#4177,.T.);
#4177 = EDGE_LOOP('',(#4178,#4200,#4201,#4227));
#4178 = ORIENTED_EDGE('',*,*,#4179,.T.);
#4179 = EDGE_CURVE('',#1472,#1500,#4180,.T.);
#4180 = SURFACE_CURVE('',#4181,(#4186,#4193),.PCURVE_S1.);
#4181 = CIRCLE('',#4182,0.42);
#4182 = AXIS2_PLACEMENT_3D('',#4183,#4184,#4185);
#4183 = CARTESIAN_POINT('',(-6.254651859744,4.98791841487,13.1));
#4184 = DIRECTION('',(0.,0.,1.));
#4185 = DIRECTION('',(-0.602751876706,-0.79792867797,0.));
#4186 = PCURVE('',#1488,#4187);
#4187 = DEFINITIONAL_REPRESENTATION('',(#4188),#4192);
#4188 = LINE('',#4189,#4190);
#4189 = CARTESIAN_POINT('',(-4.065443570199,-12.8));
#4190 = VECTOR('',#4191,1.);
#4191 = DIRECTION('',(-1.,0.));
#4192 = ( GEOMETRIC_REPRESENTATION_CONTEXT(2) 
PARAMETRIC_REPRESENTATION_CONTEXT() REPRESENTATION_CONTEXT('2D SPACE',''
  ) );
#4193 = PCURVE('',#1516,#4194);
#4194 = DEFINITIONAL_REPRESENTATION('',(#4195),#4199);
#4195 = CIRCLE('',#4196,0.42);
#4196 = AXIS2_PLACEMENT_2D('',#4197,#4198);
#4197 = CARTESIAN_POINT('',(0.,0.));
#4198 = DIRECTION('',(-0.602751876706,-0.79792867797));
#4199 = ( GEOMETRIC_REPRESENTATION_CONTEXT(2) 
PARAMETRIC_REPRESENTATION_CONTEXT() REPRESENTATION_CONTEXT('2D SPACE',''
  ) );
#4200 = ORIENTED_EDGE('',*,*,#1532,.T.);
#4201 = ORIENTED_EDGE('',*,*,#4202,.T.);
#4202 = EDGE_CURVE('',#1533,#1474,#4203,.T.);
#4203 = SURFACE_CURVE('',#4204,(#4209,#4216),.PCURVE_S1.);
#4204 = CIRCLE('',#4205,0.42);
#4205 = AXIS2_PLACEMENT_3D('',#4206,#4207,#4208);
#4206 = CARTESIAN_POINT('',(-6.254651859744,4.98791841487,0.3));
#4207 = DIRECTION('',(0.,0.,-1.));
#4208 = DIRECTION('',(0.643798029535,0.765195463373,0.));
#4209 = PCURVE('',#1488,#4210);
#4210 = DEFINITIONAL_REPRESENTATION('',(#4211),#4215);
#4211 = LINE('',#4212,#4213);
#4212 = CARTESIAN_POINT('',(-7.154530192622,0.));
#4213 = VECTOR('',#4214,1.);
#4214 = DIRECTION('',(1.,-0.));
#4215 = ( GEOMETRIC_REPRESENTATION_CONTEXT(2) 
PARAMETRIC_REPRESENTATION_CONTEXT() REPRESENTATION_CONTEXT('2D SPACE',''
  ) );
#4216 = PCURVE('',#1568,#4217);
#4217 = DEFINITIONAL_REPRESENTATION('',(#4218),#4226);
#4218 = ( BOUNDED_CURVE() B_SPLINE_CURVE(2,(#4219,#4220,#4221,#4222,
#4223,#4224,#4225),.UNSPECIFIED.,.T.,.F.) B_SPLINE_CURVE_WITH_KNOTS((1,2
    ,2,2,2,1),(-2.094395102393,0.,2.094395102393,4.188790204786,
6.28318530718,8.377580409573),.UNSPECIFIED.) CURVE() 
GEOMETRIC_REPRESENTATION_ITEM() RATIONAL_B_SPLINE_CURVE((1.,0.5,1.,0.5,
1.,0.5,1.)) REPRESENTATION_ITEM('') );
#4219 = CARTESIAN_POINT('',(0.270395172405,0.321382094617));
#4220 = CARTESIAN_POINT('',(0.827045288924,-0.14695608211));
#4221 = CARTESIAN_POINT('',(0.143127472057,-0.394860135672));
#4222 = CARTESIAN_POINT('',(-0.54079034481,-0.642764189233));
#4223 = CARTESIAN_POINT('',(-0.413522644462,7.347804105494E-02));
#4224 = CARTESIAN_POINT('',(-0.286254944114,0.789720271343));
#4225 = CARTESIAN_POINT('',(0.270395172405,0.321382094617));
#4226 = ( GEOMETRIC_REPRESENTATION_CONTEXT(2) 
PARAMETRIC_REPRESENTATION_CONTEXT() REPRESENTATION_CONTEXT('2D SPACE',''
  ) );
#4227 = ORIENTED_EDGE('',*,*,#1471,.F.);
#4228 = ADVANCED_FACE('',(#4229),#1516,.F.);
#4229 = FACE_BOUND('',#4230,.F.);
#4230 = EDGE_LOOP('',(#4231,#4232));
#4231 = ORIENTED_EDGE('',*,*,#4179,.T.);
#4232 = ORIENTED_EDGE('',*,*,#1499,.F.);
#4233 = ADVANCED_FACE('',(#4234),#1568,.T.);
#4234 = FACE_BOUND('',#4235,.T.);
#4235 = EDGE_LOOP('',(#4236,#4237));
#4236 = ORIENTED_EDGE('',*,*,#1553,.F.);
#4237 = ORIENTED_EDGE('',*,*,#4202,.F.);
#4238 = ADVANCED_FACE('',(#4239),#1603,.F.);
#4239 = FACE_BOUND('',#4240,.T.);
#4240 = EDGE_LOOP('',(#4241,#4263,#4264,#4290));
#4241 = ORIENTED_EDGE('',*,*,#4242,.T.);
#4242 = EDGE_CURVE('',#1587,#1615,#4243,.T.);
#4243 = SURFACE_CURVE('',#4244,(#4249,#4256),.PCURVE_S1.);
#4244 = CIRCLE('',#4245,0.42);
#4245 = AXIS2_PLACEMENT_3D('',#4246,#4247,#4248);
#4246 = CARTESIAN_POINT('',(-7.207750943219,3.47106991294,13.1));
#4247 = DIRECTION('',(0.,0.,1.));
#4248 = DIRECTION('',(-0.410083794068,-0.912047850632,0.));
#4249 = PCURVE('',#1603,#4250);
#4250 = DEFINITIONAL_REPRESENTATION('',(#4251),#4255);
#4251 = LINE('',#4252,#4253);
#4252 = CARTESIAN_POINT('',(-4.289843045455,-12.8));
#4253 = VECTOR('',#4254,1.);
#4254 = DIRECTION('',(-1.,0.));
#4255 = ( GEOMETRIC_REPRESENTATION_CONTEXT(2) 
PARAMETRIC_REPRESENTATION_CONTEXT() REPRESENTATION_CONTEXT('2D SPACE',''
  ) );
#4256 = PCURVE('',#1631,#4257);
#4257 = DEFINITIONAL_REPRESENTATION('',(#4258),#4262);
#4258 = CIRCLE('',#4259,0.42);
#4259 = AXIS2_PLACEMENT_2D('',#4260,#4261);
#4260 = CARTESIAN_POINT('',(0.,0.));
#4261 = DIRECTION('',(-0.410083794068,-0.912047850632));
#4262 = ( GEOMETRIC_REPRESENTATION_CONTEXT(2) 
PARAMETRIC_REPRESENTATION_CONTEXT() REPRESENTATION_CONTEXT('2D SPACE',''
  ) );
#4263 = ORIENTED_EDGE('',*,*,#1647,.T.);
#4264 = ORIENTED_EDGE('',*,*,#4265,.T.);
#4265 = EDGE_CURVE('',#1648,#1589,#4266,.T.);
#4266 = SURFACE_CURVE('',#4267,(#4272,#4279),.PCURVE_S1.);
#4267 = CIRCLE('',#4268,0.42);
#4268 = AXIS2_PLACEMENT_3D('',#4269,#4270,#4271);
#4269 = CARTESIAN_POINT('',(-7.207750943219,3.47106991294,0.3));
#4270 = DIRECTION('',(0.,0.,-1.));
#4271 = DIRECTION('',(0.457384659633,0.889268954329,0.));
#4272 = PCURVE('',#1603,#4273);
#4273 = DEFINITIONAL_REPRESENTATION('',(#4274),#4278);
#4274 = LINE('',#4275,#4276);
#4275 = CARTESIAN_POINT('',(-7.378929667878,0.));
#4276 = VECTOR('',#4277,1.);
#4277 = DIRECTION('',(1.,-0.));
#4278 = ( GEOMETRIC_REPRESENTATION_CONTEXT(2) 
PARAMETRIC_REPRESENTATION_CONTEXT() REPRESENTATION_CONTEXT('2D SPACE',''
  ) );
#4279 = PCURVE('',#1683,#4280);
#4280 = DEFINITIONAL_REPRESENTATION('',(#4281),#4289);
#4281 = ( BOUNDED_CURVE() B_SPLINE_CURVE(2,(#4282,#4283,#4284,#4285,
#4286,#4287,#4288),.UNSPECIFIED.,.T.,.F.) B_SPLINE_CURVE_WITH_KNOTS((1,2
    ,2,2,2,1),(-2.094395102393,0.,2.094395102393,4.188790204786,
6.28318530718,8.377580409573),.UNSPECIFIED.) CURVE() 
GEOMETRIC_REPRESENTATION_ITEM() RATIONAL_B_SPLINE_CURVE((1.,0.5,1.,0.5,
1.,0.5,1.)) REPRESENTATION_ITEM('') );
#4282 = CARTESIAN_POINT('',(0.192101557046,0.373492960818));
#4283 = CARTESIAN_POINT('',(0.839010341452,4.076330380167E-02));
#4284 = CARTESIAN_POINT('',(0.22740361368,-0.353111308917));
#4285 = CARTESIAN_POINT('',(-0.384203114092,-0.746985921636));
#4286 = CARTESIAN_POINT('',(-0.419505170726,-2.038165190084E-02));
#4287 = CARTESIAN_POINT('',(-0.45480722736,0.706222617834));
#4288 = CARTESIAN_POINT('',(0.192101557046,0.373492960818));
#4289 = ( GEOMETRIC_REPRESENTATION_CONTEXT(2) 
PARAMETRIC_REPRESENTATION_CONTEXT() REPRESENTATION_CONTEXT('2D SPACE',''
  ) );
#4290 = ORIENTED_EDGE('',*,*,#1586,.F.);
#4291 = ADVANCED_FACE('',(#4292),#1631,.F.);
#4292 = FACE_BOUND('',#4293,.F.);
#4293 = EDGE_LOOP('',(#4294,#4295));
#4294 = ORIENTED_EDGE('',*,*,#4242,.T.);
#4295 = ORIENTED_EDGE('',*,*,#1614,.F.);
#4296 = ADVANCED_FACE('',(#4297),#1683,.T.);
#4297 = FACE_BOUND('',#4298,.T.);
#4298 = EDGE_LOOP('',(#4299,#4300));
#4299 = ORIENTED_EDGE('',*,*,#1668,.F.);
#4300 = ORIENTED_EDGE('',*,*,#4265,.F.);
#4301 = ADVANCED_FACE('',(#4302),#1718,.F.);
#4302 = FACE_BOUND('',#4303,.T.);
#4303 = EDGE_LOOP('',(#4304,#4326,#4327,#4353));
#4304 = ORIENTED_EDGE('',*,*,#4305,.T.);
#4305 = EDGE_CURVE('',#1702,#1730,#4306,.T.);
#4306 = SURFACE_CURVE('',#4307,(#4312,#4319),.PCURVE_S1.);
#4307 = CIRCLE('',#4308,0.42);
#4308 = AXIS2_PLACEMENT_3D('',#4309,#4310,#4311);
#4309 = CARTESIAN_POINT('',(-7.799423297455,1.780167471651,13.1));
#4310 = DIRECTION('',(0.,0.,1.));
#4311 = DIRECTION('',(-0.196852397635,-0.980433135683,0.));
#4312 = PCURVE('',#1718,#4313);
#4313 = DEFINITIONAL_REPRESENTATION('',(#4314),#4318);
#4314 = LINE('',#4315,#4316);
#4315 = CARTESIAN_POINT('',(-4.514242520712,-12.8));
#4316 = VECTOR('',#4317,1.);
#4317 = DIRECTION('',(-1.,0.));
#4318 = ( GEOMETRIC_REPRESENTATION_CONTEXT(2) 
PARAMETRIC_REPRESENTATION_CONTEXT() REPRESENTATION_CONTEXT('2D SPACE',''
  ) );
#4319 = PCURVE('',#1746,#4320);
#4320 = DEFINITIONAL_REPRESENTATION('',(#4321),#4325);
#4321 = CIRCLE('',#4322,0.42);
#4322 = AXIS2_PLACEMENT_2D('',#4323,#4324);
#4323 = CARTESIAN_POINT('',(0.,0.));
#4324 = DIRECTION('',(-0.196852397635,-0.980433135683));
#4325 = ( GEOMETRIC_REPRESENTATION_CONTEXT(2) 
PARAMETRIC_REPRESENTATION_CONTEXT() REPRESENTATION_CONTEXT('2D SPACE',''
  ) );
#4326 = ORIENTED_EDGE('',*,*,#1762,.T.);
#4327 = ORIENTED_EDGE('',*,*,#4328,.T.);
#4328 = EDGE_CURVE('',#1763,#1704,#4329,.T.);
#4329 = SURFACE_CURVE('',#4330,(#4335,#4342),.PCURVE_S1.);
#4330 = CIRCLE('',#4331,0.42);
#4331 = AXIS2_PLACEMENT_3D('',#4332,#4333,#4334);
#4332 = CARTESIAN_POINT('',(-7.799423297455,1.780167471651,0.3));
#4333 = DIRECTION('',(0.,0.,-1.));
#4334 = DIRECTION('',(0.248036113024,0.96875078665,0.));
#4335 = PCURVE('',#1718,#4336);
#4336 = DEFINITIONAL_REPRESENTATION('',(#4337),#4341);
#4337 = LINE('',#4338,#4339);
#4338 = CARTESIAN_POINT('',(-7.603329143134,0.));
#4339 = VECTOR('',#4340,1.);
#4340 = DIRECTION('',(1.,-0.));
#4341 = ( GEOMETRIC_REPRESENTATION_CONTEXT(2) 
PARAMETRIC_REPRESENTATION_CONTEXT() REPRESENTATION_CONTEXT('2D SPACE',''
  ) );
#4342 = PCURVE('',#1798,#4343);
#4343 = DEFINITIONAL_REPRESENTATION('',(#4344),#4352);
#4344 = ( BOUNDED_CURVE() B_SPLINE_CURVE(2,(#4345,#4346,#4347,#4348,
#4349,#4350,#4351),.UNSPECIFIED.,.T.,.F.) B_SPLINE_CURVE_WITH_KNOTS((1,2
    ,2,2,2,1),(-2.094395102393,0.,2.094395102393,4.188790204786,
6.28318530718,8.377580409573),.UNSPECIFIED.) CURVE() 
GEOMETRIC_REPRESENTATION_ITEM() RATIONAL_B_SPLINE_CURVE((1.,0.5,1.,0.5,
1.,0.5,1.)) REPRESENTATION_ITEM('') );
#4345 = CARTESIAN_POINT('',(0.10417516747,0.406875330393));
#4346 = CARTESIAN_POINT('',(0.808903912058,0.226438647448));
#4347 = CARTESIAN_POINT('',(0.300276788559,-0.293656006669));
#4348 = CARTESIAN_POINT('',(-0.20835033494,-0.813750660786));
#4349 = CARTESIAN_POINT('',(-0.404451956029,-0.113219323724));
#4350 = CARTESIAN_POINT('',(-0.600553577117,0.587312013339));
#4351 = CARTESIAN_POINT('',(0.10417516747,0.406875330393));
#4352 = ( GEOMETRIC_REPRESENTATION_CONTEXT(2) 
PARAMETRIC_REPRESENTATION_CONTEXT() REPRESENTATION_CONTEXT('2D SPACE',''
  ) );
#4353 = ORIENTED_EDGE('',*,*,#1701,.F.);
#4354 = ADVANCED_FACE('',(#4355),#1746,.F.);
#4355 = FACE_BOUND('',#4356,.F.);
#4356 = EDGE_LOOP('',(#4357,#4358));
#4357 = ORIENTED_EDGE('',*,*,#4305,.T.);
#4358 = ORIENTED_EDGE('',*,*,#1729,.F.);
#4359 = ADVANCED_FACE('',(#4360),#1798,.T.);
#4360 = FACE_BOUND('',#4361,.T.);
#4361 = EDGE_LOOP('',(#4362,#4363));
#4362 = ORIENTED_EDGE('',*,*,#1783,.F.);
#4363 = ORIENTED_EDGE('',*,*,#4328,.F.);
#4364 = ADVANCED_FACE('',(#4365),#1833,.F.);
#4365 = FACE_BOUND('',#4366,.T.);
#4366 = EDGE_LOOP('',(#4367,#4389,#4390,#4416));
#4367 = ORIENTED_EDGE('',*,*,#4368,.T.);
#4368 = EDGE_CURVE('',#1817,#1845,#4369,.T.);
#4369 = SURFACE_CURVE('',#4370,(#4375,#4382),.PCURVE_S1.);
#4370 = CIRCLE('',#4371,0.42);
#4371 = AXIS2_PLACEMENT_3D('',#4372,#4373,#4374);
#4372 = CARTESIAN_POINT('',(-8.,9.797174393179E-16,13.1));
#4373 = DIRECTION('',(0.,0.,1.));
#4374 = DIRECTION('',(2.625E-02,-0.999655409379,0.));
#4375 = PCURVE('',#1833,#4376);
#4376 = DEFINITIONAL_REPRESENTATION('',(#4377),#4381);
#4377 = LINE('',#4378,#4379);
#4378 = CARTESIAN_POINT('',(-4.738641995968,-12.8));
#4379 = VECTOR('',#4380,1.);
#4380 = DIRECTION('',(-1.,0.));
#4381 = ( GEOMETRIC_REPRESENTATION_CONTEXT(2) 
PARAMETRIC_REPRESENTATION_CONTEXT() REPRESENTATION_CONTEXT('2D SPACE',''
  ) );
#4382 = PCURVE('',#1861,#4383);
#4383 = DEFINITIONAL_REPRESENTATION('',(#4384),#4388);
#4384 = CIRCLE('',#4385,0.42);
#4385 = AXIS2_PLACEMENT_2D('',#4386,#4387);
#4386 = CARTESIAN_POINT('',(0.,-8.29095918209E-18));
#4387 = DIRECTION('',(2.625E-02,-0.999655409379));
#4388 = ( GEOMETRIC_REPRESENTATION_CONTEXT(2) 
PARAMETRIC_REPRESENTATION_CONTEXT() REPRESENTATION_CONTEXT('2D SPACE',''
  ) );
#4389 = ORIENTED_EDGE('',*,*,#1877,.T.);
#4390 = ORIENTED_EDGE('',*,*,#4391,.T.);
#4391 = EDGE_CURVE('',#1878,#1819,#4392,.T.);
#4392 = SURFACE_CURVE('',#4393,(#4398,#4405),.PCURVE_S1.);
#4393 = CIRCLE('',#4394,0.42);
#4394 = AXIS2_PLACEMENT_3D('',#4395,#4396,#4397);
#4395 = CARTESIAN_POINT('',(-8.,9.797174393179E-16,0.3));
#4396 = DIRECTION('',(0.,0.,-1.));
#4397 = DIRECTION('',(2.625E-02,0.999655409379,0.));
#4398 = PCURVE('',#1833,#4399);
#4399 = DEFINITIONAL_REPRESENTATION('',(#4400),#4404);
#4400 = LINE('',#4401,#4402);
#4401 = CARTESIAN_POINT('',(-7.827728618391,0.));
#4402 = VECTOR('',#4403,1.);
#4403 = DIRECTION('',(1.,-0.));
#4404 = ( GEOMETRIC_REPRESENTATION_CONTEXT(2) 
PARAMETRIC_REPRESENTATION_CONTEXT() REPRESENTATION_CONTEXT('2D SPACE',''
  ) );
#4405 = PCURVE('',#1913,#4406);
#4406 = DEFINITIONAL_REPRESENTATION('',(#4407),#4415);
#4407 = ( BOUNDED_CURVE() B_SPLINE_CURVE(2,(#4408,#4409,#4410,#4411,
#4412,#4413,#4414),.UNSPECIFIED.,.T.,.F.) B_SPLINE_CURVE_WITH_KNOTS((1,2
    ,2,2,2,1),(-2.094395102393,0.,2.094395102393,4.188790204786,
6.28318530718,8.377580409573),.UNSPECIFIED.) CURVE() 
GEOMETRIC_REPRESENTATION_ITEM() RATIONAL_B_SPLINE_CURVE((1.,0.5,1.,0.5,
1.,0.5,1.)) REPRESENTATION_ITEM('') );
#4408 = CARTESIAN_POINT('',(1.1025E-02,0.419855271939));
#4409 = CARTESIAN_POINT('',(0.738235662824,0.400759411786));
#4410 = CARTESIAN_POINT('',(0.358092831412,-0.219475566046));
#4411 = CARTESIAN_POINT('',(-2.205E-02,-0.839710543878));
#4412 = CARTESIAN_POINT('',(-0.369117831412,-0.200379705893));
#4413 = CARTESIAN_POINT('',(-0.716185662824,0.438951132092));
#4414 = CARTESIAN_POINT('',(1.1025E-02,0.419855271939));
#4415 = ( GEOMETRIC_REPRESENTATION_CONTEXT(2) 
PARAMETRIC_REPRESENTATION_CONTEXT() REPRESENTATION_CONTEXT('2D SPACE',''
  ) );
#4416 = ORIENTED_EDGE('',*,*,#1816,.F.);
#4417 = ADVANCED_FACE('',(#4418),#1861,.F.);
#4418 = FACE_BOUND('',#4419,.F.);
#4419 = EDGE_LOOP('',(#4420,#4421));
#4420 = ORIENTED_EDGE('',*,*,#4368,.T.);
#4421 = ORIENTED_EDGE('',*,*,#1844,.F.);
#4422 = ADVANCED_FACE('',(#4423),#1913,.T.);
#4423 = FACE_BOUND('',#4424,.T.);
#4424 = EDGE_LOOP('',(#4425,#4426));
#4425 = ORIENTED_EDGE('',*,*,#1898,.F.);
#4426 = ORIENTED_EDGE('',*,*,#4391,.F.);
#4427 = ADVANCED_FACE('',(#4428),#1948,.F.);
#4428 = FACE_BOUND('',#4429,.T.);
#4429 = EDGE_LOOP('',(#4430,#4452,#4453,#4479));
#4430 = ORIENTED_EDGE('',*,*,#4431,.T.);
#4431 = EDGE_CURVE('',#1932,#1960,#4432,.T.);
#4432 = SURFACE_CURVE('',#4433,(#4438,#4445),.PCURVE_S1.);
#4433 = CIRCLE('',#4434,0.42);
#4434 = AXIS2_PLACEMENT_3D('',#4435,#4436,#4437);
#4435 = CARTESIAN_POINT('',(-7.799423297455,-1.780167471651,13.1));
#4436 = DIRECTION('',(-0.,0.,1.));
#4437 = DIRECTION('',(0.248036113024,-0.96875078665,0.));
#4438 = PCURVE('',#1948,#4439);
#4439 = DEFINITIONAL_REPRESENTATION('',(#4440),#4444);
#4440 = LINE('',#4441,#4442);
#4441 = CARTESIAN_POINT('',(-4.963041471225,-12.8));
#4442 = VECTOR('',#4443,1.);
#4443 = DIRECTION('',(-1.,0.));
#4444 = ( GEOMETRIC_REPRESENTATION_CONTEXT(2) 
PARAMETRIC_REPRESENTATION_CONTEXT() REPRESENTATION_CONTEXT('2D SPACE',''
  ) );
#4445 = PCURVE('',#1976,#4446);
#4446 = DEFINITIONAL_REPRESENTATION('',(#4447),#4451);
#4447 = CIRCLE('',#4448,0.42);
#4448 = AXIS2_PLACEMENT_2D('',#4449,#4450);
#4449 = CARTESIAN_POINT('',(0.,0.));
#4450 = DIRECTION('',(0.248036113024,-0.96875078665));
#4451 = ( GEOMETRIC_REPRESENTATION_CONTEXT(2) 
PARAMETRIC_REPRESENTATION_CONTEXT() REPRESENTATION_CONTEXT('2D SPACE',''
  ) );
#4452 = ORIENTED_EDGE('',*,*,#1992,.T.);
#4453 = ORIENTED_EDGE('',*,*,#4454,.T.);
#4454 = EDGE_CURVE('',#1993,#1934,#4455,.T.);
#4455 = SURFACE_CURVE('',#4456,(#4461,#4468),.PCURVE_S1.);
#4456 = CIRCLE('',#4457,0.42);
#4457 = AXIS2_PLACEMENT_3D('',#4458,#4459,#4460);
#4458 = CARTESIAN_POINT('',(-7.799423297455,-1.780167471651,0.3));
#4459 = DIRECTION('',(0.,0.,-1.));
#4460 = DIRECTION('',(-0.196852397635,0.980433135683,0.));
#4461 = PCURVE('',#1948,#4462);
#4462 = DEFINITIONAL_REPRESENTATION('',(#4463),#4467);
#4463 = LINE('',#4464,#4465);
#4464 = CARTESIAN_POINT('',(-8.052128093647,0.));
#4465 = VECTOR('',#4466,1.);
#4466 = DIRECTION('',(1.,-0.));
#4467 = ( GEOMETRIC_REPRESENTATION_CONTEXT(2) 
PARAMETRIC_REPRESENTATION_CONTEXT() REPRESENTATION_CONTEXT('2D SPACE',''
  ) );
#4468 = PCURVE('',#2028,#4469);
#4469 = DEFINITIONAL_REPRESENTATION('',(#4470),#4478);
#4470 = ( BOUNDED_CURVE() B_SPLINE_CURVE(2,(#4471,#4472,#4473,#4474,
#4475,#4476,#4477),.UNSPECIFIED.,.T.,.F.) B_SPLINE_CURVE_WITH_KNOTS((1,2
    ,2,2,2,1),(-2.094395102393,0.,2.094395102393,4.188790204786,
6.28318530718,8.377580409573),.UNSPECIFIED.) CURVE() 
GEOMETRIC_REPRESENTATION_ITEM() RATIONAL_B_SPLINE_CURVE((1.,0.5,1.,0.5,
1.,0.5,1.)) REPRESENTATION_ITEM('') );
#4471 = CARTESIAN_POINT('',(-8.267800700655E-02,0.411781916987));
#4472 = CARTESIAN_POINT('',(0.630549194853,0.554984425791));
#4473 = CARTESIAN_POINT('',(0.397952604433,-0.134289704092));
#4474 = CARTESIAN_POINT('',(0.165356014013,-0.823563833974));
#4475 = CARTESIAN_POINT('',(-0.315274597426,-0.277492212895));
#4476 = CARTESIAN_POINT('',(-0.795905208866,0.268579408183));
#4477 = CARTESIAN_POINT('',(-8.267800700655E-02,0.411781916987));
#4478 = ( GEOMETRIC_REPRESENTATION_CONTEXT(2) 
PARAMETRIC_REPRESENTATION_CONTEXT() REPRESENTATION_CONTEXT('2D SPACE',''
  ) );
#4479 = ORIENTED_EDGE('',*,*,#1931,.F.);
#4480 = ADVANCED_FACE('',(#4481),#1976,.F.);
#4481 = FACE_BOUND('',#4482,.F.);
#4482 = EDGE_LOOP('',(#4483,#4484));
#4483 = ORIENTED_EDGE('',*,*,#4431,.T.);
#4484 = ORIENTED_EDGE('',*,*,#1959,.F.);
#4485 = ADVANCED_FACE('',(#4486),#2028,.T.);
#4486 = FACE_BOUND('',#4487,.T.);
#4487 = EDGE_LOOP('',(#4488,#4489));
#4488 = ORIENTED_EDGE('',*,*,#2013,.F.);
#4489 = ORIENTED_EDGE('',*,*,#4454,.F.);
#4490 = ADVANCED_FACE('',(#4491),#2063,.F.);
#4491 = FACE_BOUND('',#4492,.T.);
#4492 = EDGE_LOOP('',(#4493,#4515,#4516,#4542));
#4493 = ORIENTED_EDGE('',*,*,#4494,.T.);
#4494 = EDGE_CURVE('',#2047,#2075,#4495,.T.);
#4495 = SURFACE_CURVE('',#4496,(#4501,#4508),.PCURVE_S1.);
#4496 = CIRCLE('',#4497,0.42);
#4497 = AXIS2_PLACEMENT_3D('',#4498,#4499,#4500);
#4498 = CARTESIAN_POINT('',(-7.207750943219,-3.47106991294,13.1));
#4499 = DIRECTION('',(-0.,0.,1.));
#4500 = DIRECTION('',(0.457384659633,-0.889268954329,0.));
#4501 = PCURVE('',#2063,#4502);
#4502 = DEFINITIONAL_REPRESENTATION('',(#4503),#4507);
#4503 = LINE('',#4504,#4505);
#4504 = CARTESIAN_POINT('',(-5.187440946481,-12.8));
#4505 = VECTOR('',#4506,1.);
#4506 = DIRECTION('',(-1.,0.));
#4507 = ( GEOMETRIC_REPRESENTATION_CONTEXT(2) 
PARAMETRIC_REPRESENTATION_CONTEXT() REPRESENTATION_CONTEXT('2D SPACE',''
  ) );
#4508 = PCURVE('',#2091,#4509);
#4509 = DEFINITIONAL_REPRESENTATION('',(#4510),#4514);
#4510 = CIRCLE('',#4511,0.42);
#4511 = AXIS2_PLACEMENT_2D('',#4512,#4513);
#4512 = CARTESIAN_POINT('',(0.,0.));
#4513 = DIRECTION('',(0.457384659633,-0.889268954329));
#4514 = ( GEOMETRIC_REPRESENTATION_CONTEXT(2) 
PARAMETRIC_REPRESENTATION_CONTEXT() REPRESENTATION_CONTEXT('2D SPACE',''
  ) );
#4515 = ORIENTED_EDGE('',*,*,#2107,.T.);
#4516 = ORIENTED_EDGE('',*,*,#4517,.T.);
#4517 = EDGE_CURVE('',#2108,#2049,#4518,.T.);
#4518 = SURFACE_CURVE('',#4519,(#4524,#4531),.PCURVE_S1.);
#4519 = CIRCLE('',#4520,0.42);
#4520 = AXIS2_PLACEMENT_3D('',#4521,#4522,#4523);
#4521 = CARTESIAN_POINT('',(-7.207750943219,-3.47106991294,0.3));
#4522 = DIRECTION('',(0.,0.,-1.));
#4523 = DIRECTION('',(-0.410083794068,0.912047850632,0.));
#4524 = PCURVE('',#2063,#4525);
#4525 = DEFINITIONAL_REPRESENTATION('',(#4526),#4530);
#4526 = LINE('',#4527,#4528);
#4527 = CARTESIAN_POINT('',(-8.276527568904,0.));
#4528 = VECTOR('',#4529,1.);
#4529 = DIRECTION('',(1.,-0.));
#4530 = ( GEOMETRIC_REPRESENTATION_CONTEXT(2) 
PARAMETRIC_REPRESENTATION_CONTEXT() REPRESENTATION_CONTEXT('2D SPACE',''
  ) );
#4531 = PCURVE('',#2143,#4532);
#4532 = DEFINITIONAL_REPRESENTATION('',(#4533),#4541);
#4533 = ( BOUNDED_CURVE() B_SPLINE_CURVE(2,(#4534,#4535,#4536,#4537,
#4538,#4539,#4540),.UNSPECIFIED.,.T.,.F.) B_SPLINE_CURVE_WITH_KNOTS((1,2
    ,2,2,2,1),(-2.094395102393,0.,2.094395102393,4.188790204786,
6.28318530718,8.377580409573),.UNSPECIFIED.) CURVE() 
GEOMETRIC_REPRESENTATION_ITEM() RATIONAL_B_SPLINE_CURVE((1.,0.5,1.,0.5,
1.,0.5,1.)) REPRESENTATION_ITEM('') );
#4534 = CARTESIAN_POINT('',(-0.172235193509,0.383060097266));
#4535 = CARTESIAN_POINT('',(0.491244357308,0.681380203274));
#4536 = CARTESIAN_POINT('',(0.417857372162,-4.236999562868E-02));
#4537 = CARTESIAN_POINT('',(0.344470387017,-0.766120194531));
#4538 = CARTESIAN_POINT('',(-0.245622178654,-0.340690101637));
#4539 = CARTESIAN_POINT('',(-0.835714744325,8.473999125736E-02));
#4540 = CARTESIAN_POINT('',(-0.172235193509,0.383060097266));
#4541 = ( GEOMETRIC_REPRESENTATION_CONTEXT(2) 
PARAMETRIC_REPRESENTATION_CONTEXT() REPRESENTATION_CONTEXT('2D SPACE',''
  ) );
#4542 = ORIENTED_EDGE('',*,*,#2046,.F.);
#4543 = ADVANCED_FACE('',(#4544),#2091,.F.);
#4544 = FACE_BOUND('',#4545,.F.);
#4545 = EDGE_LOOP('',(#4546,#4547));
#4546 = ORIENTED_EDGE('',*,*,#4494,.T.);
#4547 = ORIENTED_EDGE('',*,*,#2074,.F.);
#4548 = ADVANCED_FACE('',(#4549),#2143,.T.);
#4549 = FACE_BOUND('',#4550,.T.);
#4550 = EDGE_LOOP('',(#4551,#4552));
#4551 = ORIENTED_EDGE('',*,*,#2128,.F.);
#4552 = ORIENTED_EDGE('',*,*,#4517,.F.);
#4553 = ADVANCED_FACE('',(#4554),#2178,.F.);
#4554 = FACE_BOUND('',#4555,.T.);
#4555 = EDGE_LOOP('',(#4556,#4578,#4579,#4605));
#4556 = ORIENTED_EDGE('',*,*,#4557,.T.);
#4557 = EDGE_CURVE('',#2162,#2190,#4558,.T.);
#4558 = SURFACE_CURVE('',#4559,(#4564,#4571),.PCURVE_S1.);
#4559 = CIRCLE('',#4560,0.42);
#4560 = AXIS2_PLACEMENT_3D('',#4561,#4562,#4563);
#4561 = CARTESIAN_POINT('',(-6.254651859744,-4.98791841487,13.1));
#4562 = DIRECTION('',(-0.,0.,1.));
#4563 = DIRECTION('',(0.643798029535,-0.765195463373,0.));
#4564 = PCURVE('',#2178,#4565);
#4565 = DEFINITIONAL_REPRESENTATION('',(#4566),#4570);
#4566 = LINE('',#4567,#4568);
#4567 = CARTESIAN_POINT('',(-5.411840421738,-12.8));
#4568 = VECTOR('',#4569,1.);
#4569 = DIRECTION('',(-1.,0.));
#4570 = ( GEOMETRIC_REPRESENTATION_CONTEXT(2) 
PARAMETRIC_REPRESENTATION_CONTEXT() REPRESENTATION_CONTEXT('2D SPACE',''
  ) );
#4571 = PCURVE('',#2206,#4572);
#4572 = DEFINITIONAL_REPRESENTATION('',(#4573),#4577);
#4573 = CIRCLE('',#4574,0.42);
#4574 = AXIS2_PLACEMENT_2D('',#4575,#4576);
#4575 = CARTESIAN_POINT('',(0.,0.));
#4576 = DIRECTION('',(0.643798029535,-0.765195463373));
#4577 = ( GEOMETRIC_REPRESENTATION_CONTEXT(2) 
PARAMETRIC_REPRESENTATION_CONTEXT() REPRESENTATION_CONTEXT('2D SPACE',''
  ) );
#4578 = ORIENTED_EDGE('',*,*,#2222,.T.);
#4579 = ORIENTED_EDGE('',*,*,#4580,.T.);
#4580 = EDGE_CURVE('',#2223,#2164,#4581,.T.);
#4581 = SURFACE_CURVE('',#4582,(#4587,#4594),.PCURVE_S1.);
#4582 = CIRCLE('',#4583,0.42);
#4583 = AXIS2_PLACEMENT_3D('',#4584,#4585,#4586);
#4584 = CARTESIAN_POINT('',(-6.254651859744,-4.98791841487,0.3));
#4585 = DIRECTION('',(0.,0.,-1.));
#4586 = DIRECTION('',(-0.602751876706,0.79792867797,0.));
#4587 = PCURVE('',#2178,#4588);
#4588 = DEFINITIONAL_REPRESENTATION('',(#4589),#4593);
#4589 = LINE('',#4590,#4591);
#4590 = CARTESIAN_POINT('',(-8.50092704416,0.));
#4591 = VECTOR('',#4592,1.);
#4592 = DIRECTION('',(1.,-0.));
#4593 = ( GEOMETRIC_REPRESENTATION_CONTEXT(2) 
PARAMETRIC_REPRESENTATION_CONTEXT() REPRESENTATION_CONTEXT('2D SPACE',''
  ) );
#4594 = PCURVE('',#2258,#4595);
#4595 = DEFINITIONAL_REPRESENTATION('',(#4596),#4604);
#4596 = ( BOUNDED_CURVE() B_SPLINE_CURVE(2,(#4597,#4598,#4599,#4600,
#4601,#4602,#4603),.UNSPECIFIED.,.T.,.F.) B_SPLINE_CURVE_WITH_KNOTS((1,2
    ,2,2,2,1),(-2.094395102393,0.,2.094395102393,4.188790204786,
6.28318530718,8.377580409573),.UNSPECIFIED.) CURVE() 
GEOMETRIC_REPRESENTATION_ITEM() RATIONAL_B_SPLINE_CURVE((1.,0.5,1.,0.5,
1.,0.5,1.)) REPRESENTATION_ITEM('') );
#4597 = CARTESIAN_POINT('',(-0.253155788216,0.335130044748));
#4598 = CARTESIAN_POINT('',(0.327306476429,0.773608732169));
#4599 = CARTESIAN_POINT('',(0.416809026431,5.167432133668E-02));
#4600 = CARTESIAN_POINT('',(0.506311576433,-0.670260089495));
#4601 = CARTESIAN_POINT('',(-0.163653238215,-0.386804366084));
#4602 = CARTESIAN_POINT('',(-0.833618052862,-0.103348642673));
#4603 = CARTESIAN_POINT('',(-0.253155788216,0.335130044748));
#4604 = ( GEOMETRIC_REPRESENTATION_CONTEXT(2) 
PARAMETRIC_REPRESENTATION_CONTEXT() REPRESENTATION_CONTEXT('2D SPACE',''
  ) );
#4605 = ORIENTED_EDGE('',*,*,#2161,.F.);
#4606 = ADVANCED_FACE('',(#4607),#2206,.F.);
#4607 = FACE_BOUND('',#4608,.F.);
#4608 = EDGE_LOOP('',(#4609,#4610));
#4609 = ORIENTED_EDGE('',*,*,#4557,.T.);
#4610 = ORIENTED_EDGE('',*,*,#2189,.F.);
#4611 = ADVANCED_FACE('',(#4612),#2258,.T.);
#4612 = FACE_BOUND('',#4613,.T.);
#4613 = EDGE_LOOP('',(#4614,#4615));
#4614 = ORIENTED_EDGE('',*,*,#2243,.F.);
#4615 = ORIENTED_EDGE('',*,*,#4580,.F.);
#4616 = ADVANCED_FACE('',(#4617),#2293,.F.);
#4617 = FACE_BOUND('',#4618,.T.);
#4618 = EDGE_LOOP('',(#4619,#4641,#4642,#4668));
#4619 = ORIENTED_EDGE('',*,*,#4620,.T.);
#4620 = EDGE_CURVE('',#2277,#2305,#4621,.T.);
#4621 = SURFACE_CURVE('',#4622,(#4627,#4634),.PCURVE_S1.);
#4622 = CIRCLE('',#4623,0.42);
#4623 = AXIS2_PLACEMENT_3D('',#4624,#4625,#4626);
#4624 = CARTESIAN_POINT('',(-4.98791841487,-6.254651859744,13.1));
#4625 = DIRECTION('',(-0.,0.,1.));
#4626 = DIRECTION('',(0.79792867797,-0.602751876706,0.));
#4627 = PCURVE('',#2293,#4628);
#4628 = DEFINITIONAL_REPRESENTATION('',(#4629),#4633);
#4629 = LINE('',#4630,#4631);
#4630 = CARTESIAN_POINT('',(-5.636239896994,-12.8));
#4631 = VECTOR('',#4632,1.);
#4632 = DIRECTION('',(-1.,0.));
#4633 = ( GEOMETRIC_REPRESENTATION_CONTEXT(2) 
PARAMETRIC_REPRESENTATION_CONTEXT() REPRESENTATION_CONTEXT('2D SPACE',''
  ) );
#4634 = PCURVE('',#2321,#4635);
#4635 = DEFINITIONAL_REPRESENTATION('',(#4636),#4640);
#4636 = CIRCLE('',#4637,0.42);
#4637 = AXIS2_PLACEMENT_2D('',#4638,#4639);
#4638 = CARTESIAN_POINT('',(0.,0.));
#4639 = DIRECTION('',(0.79792867797,-0.602751876706));
#4640 = ( GEOMETRIC_REPRESENTATION_CONTEXT(2) 
PARAMETRIC_REPRESENTATION_CONTEXT() REPRESENTATION_CONTEXT('2D SPACE',''
  ) );
#4641 = ORIENTED_EDGE('',*,*,#2337,.T.);
#4642 = ORIENTED_EDGE('',*,*,#4643,.T.);
#4643 = EDGE_CURVE('',#2338,#2279,#4644,.T.);
#4644 = SURFACE_CURVE('',#4645,(#4650,#4657),.PCURVE_S1.);
#4645 = CIRCLE('',#4646,0.42);
#4646 = AXIS2_PLACEMENT_3D('',#4647,#4648,#4649);
#4647 = CARTESIAN_POINT('',(-4.98791841487,-6.254651859744,0.3));
#4648 = DIRECTION('',(0.,0.,-1.));
#4649 = DIRECTION('',(-0.765195463373,0.643798029535,0.));
#4650 = PCURVE('',#2293,#4651);
#4651 = DEFINITIONAL_REPRESENTATION('',(#4652),#4656);
#4652 = LINE('',#4653,#4654);
#4653 = CARTESIAN_POINT('',(-8.725326519417,0.));
#4654 = VECTOR('',#4655,1.);
#4655 = DIRECTION('',(1.,-0.));
#4656 = ( GEOMETRIC_REPRESENTATION_CONTEXT(2) 
PARAMETRIC_REPRESENTATION_CONTEXT() REPRESENTATION_CONTEXT('2D SPACE',''
  ) );
#4657 = PCURVE('',#2373,#4658);
#4658 = DEFINITIONAL_REPRESENTATION('',(#4659),#4667);
#4659 = ( BOUNDED_CURVE() B_SPLINE_CURVE(2,(#4660,#4661,#4662,#4663,
#4664,#4665,#4666),.UNSPECIFIED.,.T.,.F.) B_SPLINE_CURVE_WITH_KNOTS((1,2
    ,2,2,2,1),(-2.094395102393,0.,2.094395102393,4.188790204786,
6.28318530718,8.377580409573),.UNSPECIFIED.) CURVE() 
GEOMETRIC_REPRESENTATION_ITEM() RATIONAL_B_SPLINE_CURVE((1.,0.5,1.,0.5,
1.,0.5,1.)) REPRESENTATION_ITEM('') );
#4660 = CARTESIAN_POINT('',(-0.321382094617,0.270395172405));
#4661 = CARTESIAN_POINT('',(0.14695608211,0.827045288924));
#4662 = CARTESIAN_POINT('',(0.394860135672,0.143127472057));
#4663 = CARTESIAN_POINT('',(0.642764189233,-0.54079034481));
#4664 = CARTESIAN_POINT('',(-7.347804105494E-02,-0.413522644462));
#4665 = CARTESIAN_POINT('',(-0.789720271343,-0.286254944114));
#4666 = CARTESIAN_POINT('',(-0.321382094617,0.270395172405));
#4667 = ( GEOMETRIC_REPRESENTATION_CONTEXT(2) 
PARAMETRIC_REPRESENTATION_CONTEXT() REPRESENTATION_CONTEXT('2D SPACE',''
  ) );
#4668 = ORIENTED_EDGE('',*,*,#2276,.F.);
#4669 = ADVANCED_FACE('',(#4670),#2321,.F.);
#4670 = FACE_BOUND('',#4671,.F.);
#4671 = EDGE_LOOP('',(#4672,#4673));
#4672 = ORIENTED_EDGE('',*,*,#4620,.T.);
#4673 = ORIENTED_EDGE('',*,*,#2304,.F.);
#4674 = ADVANCED_FACE('',(#4675),#2373,.T.);
#4675 = FACE_BOUND('',#4676,.T.);
#4676 = EDGE_LOOP('',(#4677,#4678));
#4677 = ORIENTED_EDGE('',*,*,#2358,.F.);
#4678 = ORIENTED_EDGE('',*,*,#4643,.F.);
#4679 = ADVANCED_FACE('',(#4680),#2408,.F.);
#4680 = FACE_BOUND('',#4681,.T.);
#4681 = EDGE_LOOP('',(#4682,#4704,#4705,#4731));
#4682 = ORIENTED_EDGE('',*,*,#4683,.T.);
#4683 = EDGE_CURVE('',#2392,#2420,#4684,.T.);
#4684 = SURFACE_CURVE('',#4685,(#4690,#4697),.PCURVE_S1.);
#4685 = CIRCLE('',#4686,0.42);
#4686 = AXIS2_PLACEMENT_3D('',#4687,#4688,#4689);
#4687 = CARTESIAN_POINT('',(-3.47106991294,-7.207750943219,13.1));
#4688 = DIRECTION('',(-0.,0.,1.));
#4689 = DIRECTION('',(0.912047850632,-0.410083794068,0.));
#4690 = PCURVE('',#2408,#4691);
#4691 = DEFINITIONAL_REPRESENTATION('',(#4692),#4696);
#4692 = LINE('',#4693,#4694);
#4693 = CARTESIAN_POINT('',(-5.86063937225,-12.8));
#4694 = VECTOR('',#4695,1.);
#4695 = DIRECTION('',(-1.,0.));
#4696 = ( GEOMETRIC_REPRESENTATION_CONTEXT(2) 
PARAMETRIC_REPRESENTATION_CONTEXT() REPRESENTATION_CONTEXT('2D SPACE',''
  ) );
#4697 = PCURVE('',#2436,#4698);
#4698 = DEFINITIONAL_REPRESENTATION('',(#4699),#4703);
#4699 = CIRCLE('',#4700,0.42);
#4700 = AXIS2_PLACEMENT_2D('',#4701,#4702);
#4701 = CARTESIAN_POINT('',(0.,0.));
#4702 = DIRECTION('',(0.912047850632,-0.410083794068));
#4703 = ( GEOMETRIC_REPRESENTATION_CONTEXT(2) 
PARAMETRIC_REPRESENTATION_CONTEXT() REPRESENTATION_CONTEXT('2D SPACE',''
  ) );
#4704 = ORIENTED_EDGE('',*,*,#2452,.T.);
#4705 = ORIENTED_EDGE('',*,*,#4706,.T.);
#4706 = EDGE_CURVE('',#2453,#2394,#4707,.T.);
#4707 = SURFACE_CURVE('',#4708,(#4713,#4720),.PCURVE_S1.);
#4708 = CIRCLE('',#4709,0.42);
#4709 = AXIS2_PLACEMENT_3D('',#4710,#4711,#4712);
#4710 = CARTESIAN_POINT('',(-3.47106991294,-7.207750943219,0.3));
#4711 = DIRECTION('',(0.,0.,-1.));
#4712 = DIRECTION('',(-0.889268954329,0.457384659633,0.));
#4713 = PCURVE('',#2408,#4714);
#4714 = DEFINITIONAL_REPRESENTATION('',(#4715),#4719);
#4715 = LINE('',#4716,#4717);
#4716 = CARTESIAN_POINT('',(-8.949725994673,0.));
#4717 = VECTOR('',#4718,1.);
#4718 = DIRECTION('',(1.,-0.));
#4719 = ( GEOMETRIC_REPRESENTATION_CONTEXT(2) 
PARAMETRIC_REPRESENTATION_CONTEXT() REPRESENTATION_CONTEXT('2D SPACE',''
  ) );
#4720 = PCURVE('',#2488,#4721);
#4721 = DEFINITIONAL_REPRESENTATION('',(#4722),#4730);
#4722 = ( BOUNDED_CURVE() B_SPLINE_CURVE(2,(#4723,#4724,#4725,#4726,
#4727,#4728,#4729),.UNSPECIFIED.,.T.,.F.) B_SPLINE_CURVE_WITH_KNOTS((1,2
    ,2,2,2,1),(-2.094395102393,0.,2.094395102393,4.188790204786,
6.28318530718,8.377580409573),.UNSPECIFIED.) CURVE() 
GEOMETRIC_REPRESENTATION_ITEM() RATIONAL_B_SPLINE_CURVE((1.,0.5,1.,0.5,
1.,0.5,1.)) REPRESENTATION_ITEM('') );
#4723 = CARTESIAN_POINT('',(-0.373492960818,0.192101557046));
#4724 = CARTESIAN_POINT('',(-4.076330380167E-02,0.839010341452));
#4725 = CARTESIAN_POINT('',(0.353111308917,0.22740361368));
#4726 = CARTESIAN_POINT('',(0.746985921636,-0.384203114092));
#4727 = CARTESIAN_POINT('',(2.038165190084E-02,-0.419505170726));
#4728 = CARTESIAN_POINT('',(-0.706222617834,-0.45480722736));
#4729 = CARTESIAN_POINT('',(-0.373492960818,0.192101557046));
#4730 = ( GEOMETRIC_REPRESENTATION_CONTEXT(2) 
PARAMETRIC_REPRESENTATION_CONTEXT() REPRESENTATION_CONTEXT('2D SPACE',''
  ) );
#4731 = ORIENTED_EDGE('',*,*,#2391,.F.);
#4732 = ADVANCED_FACE('',(#4733),#2436,.F.);
#4733 = FACE_BOUND('',#4734,.F.);
#4734 = EDGE_LOOP('',(#4735,#4736));
#4735 = ORIENTED_EDGE('',*,*,#4683,.T.);
#4736 = ORIENTED_EDGE('',*,*,#2419,.F.);
#4737 = ADVANCED_FACE('',(#4738),#2488,.T.);
#4738 = FACE_BOUND('',#4739,.T.);
#4739 = EDGE_LOOP('',(#4740,#4741));
#4740 = ORIENTED_EDGE('',*,*,#2473,.F.);
#4741 = ORIENTED_EDGE('',*,*,#4706,.F.);
#4742 = ADVANCED_FACE('',(#4743),#2523,.F.);
#4743 = FACE_BOUND('',#4744,.T.);
#4744 = EDGE_LOOP('',(#4745,#4767,#4768,#4794));
#4745 = ORIENTED_EDGE('',*,*,#4746,.T.);
#4746 = EDGE_CURVE('',#2507,#2535,#4747,.T.);
#4747 = SURFACE_CURVE('',#4748,(#4753,#4760),.PCURVE_S1.);
#4748 = CIRCLE('',#4749,0.42);
#4749 = AXIS2_PLACEMENT_3D('',#4750,#4751,#4752);
#4750 = CARTESIAN_POINT('',(-1.780167471651,-7.799423297455,13.1));
#4751 = DIRECTION('',(-0.,0.,1.));
#4752 = DIRECTION('',(0.980433135683,-0.196852397635,0.));
#4753 = PCURVE('',#2523,#4754);
#4754 = DEFINITIONAL_REPRESENTATION('',(#4755),#4759);
#4755 = LINE('',#4756,#4757);
#4756 = CARTESIAN_POINT('',(-6.085038847507,-12.8));
#4757 = VECTOR('',#4758,1.);
#4758 = DIRECTION('',(-1.,0.));
#4759 = ( GEOMETRIC_REPRESENTATION_CONTEXT(2) 
PARAMETRIC_REPRESENTATION_CONTEXT() REPRESENTATION_CONTEXT('2D SPACE',''
  ) );
#4760 = PCURVE('',#2551,#4761);
#4761 = DEFINITIONAL_REPRESENTATION('',(#4762),#4766);
#4762 = CIRCLE('',#4763,0.42);
#4763 = AXIS2_PLACEMENT_2D('',#4764,#4765);
#4764 = CARTESIAN_POINT('',(0.,0.));
#4765 = DIRECTION('',(0.980433135683,-0.196852397635));
#4766 = ( GEOMETRIC_REPRESENTATION_CONTEXT(2) 
PARAMETRIC_REPRESENTATION_CONTEXT() REPRESENTATION_CONTEXT('2D SPACE',''
  ) );
#4767 = ORIENTED_EDGE('',*,*,#2567,.T.);
#4768 = ORIENTED_EDGE('',*,*,#4769,.T.);
#4769 = EDGE_CURVE('',#2568,#2509,#4770,.T.);
#4770 = SURFACE_CURVE('',#4771,(#4776,#4783),.PCURVE_S1.);
#4771 = CIRCLE('',#4772,0.42);
#4772 = AXIS2_PLACEMENT_3D('',#4773,#4774,#4775);
#4773 = CARTESIAN_POINT('',(-1.780167471651,-7.799423297455,0.3));
#4774 = DIRECTION('',(0.,0.,-1.));
#4775 = DIRECTION('',(-0.96875078665,0.248036113024,0.));
#4776 = PCURVE('',#2523,#4777);
#4777 = DEFINITIONAL_REPRESENTATION('',(#4778),#4782);
#4778 = LINE('',#4779,#4780);
#4779 = CARTESIAN_POINT('',(-9.174125469929,0.));
#4780 = VECTOR('',#4781,1.);
#4781 = DIRECTION('',(1.,-0.));
#4782 = ( GEOMETRIC_REPRESENTATION_CONTEXT(2) 
PARAMETRIC_REPRESENTATION_CONTEXT() REPRESENTATION_CONTEXT('2D SPACE',''
  ) );
#4783 = PCURVE('',#2603,#4784);
#4784 = DEFINITIONAL_REPRESENTATION('',(#4785),#4793);
#4785 = ( BOUNDED_CURVE() B_SPLINE_CURVE(2,(#4786,#4787,#4788,#4789,
#4790,#4791,#4792),.UNSPECIFIED.,.T.,.F.) B_SPLINE_CURVE_WITH_KNOTS((1,2
    ,2,2,2,1),(-2.094395102393,0.,2.094395102393,4.188790204786,
6.28318530718,8.377580409573),.UNSPECIFIED.) CURVE() 
GEOMETRIC_REPRESENTATION_ITEM() RATIONAL_B_SPLINE_CURVE((1.,0.5,1.,0.5,
1.,0.5,1.)) REPRESENTATION_ITEM('') );
#4786 = CARTESIAN_POINT('',(-0.406875330393,0.10417516747));
#4787 = CARTESIAN_POINT('',(-0.226438647448,0.808903912058));
#4788 = CARTESIAN_POINT('',(0.293656006669,0.300276788559));
#4789 = CARTESIAN_POINT('',(0.813750660786,-0.20835033494));
#4790 = CARTESIAN_POINT('',(0.113219323724,-0.404451956029));
#4791 = CARTESIAN_POINT('',(-0.587312013339,-0.600553577117));
#4792 = CARTESIAN_POINT('',(-0.406875330393,0.10417516747));
#4793 = ( GEOMETRIC_REPRESENTATION_CONTEXT(2) 
PARAMETRIC_REPRESENTATION_CONTEXT() REPRESENTATION_CONTEXT('2D SPACE',''
  ) );
#4794 = ORIENTED_EDGE('',*,*,#2506,.F.);
#4795 = ADVANCED_FACE('',(#4796),#2551,.F.);
#4796 = FACE_BOUND('',#4797,.F.);
#4797 = EDGE_LOOP('',(#4798,#4799));
#4798 = ORIENTED_EDGE('',*,*,#4746,.T.);
#4799 = ORIENTED_EDGE('',*,*,#2534,.F.);
#4800 = ADVANCED_FACE('',(#4801),#2603,.T.);
#4801 = FACE_BOUND('',#4802,.T.);
#4802 = EDGE_LOOP('',(#4803,#4804));
#4803 = ORIENTED_EDGE('',*,*,#2588,.F.);
#4804 = ORIENTED_EDGE('',*,*,#4769,.F.);
#4805 = ADVANCED_FACE('',(#4806),#2638,.F.);
#4806 = FACE_BOUND('',#4807,.T.);
#4807 = EDGE_LOOP('',(#4808,#4830,#4831,#4853));
#4808 = ORIENTED_EDGE('',*,*,#4809,.F.);
#4809 = EDGE_CURVE('',#2624,#2683,#4810,.T.);
#4810 = SURFACE_CURVE('',#4811,(#4816,#4823),.PCURVE_S1.);
#4811 = CIRCLE('',#4812,0.42);
#4812 = AXIS2_PLACEMENT_3D('',#4813,#4814,#4815);
#4813 = CARTESIAN_POINT('',(-1.469576158977E-15,-8.,0.3));
#4814 = DIRECTION('',(0.,0.,1.));
#4815 = DIRECTION('',(1.,0.,0.));
#4816 = PCURVE('',#2638,#4817);
#4817 = DEFINITIONAL_REPRESENTATION('',(#4818),#4822);
#4818 = LINE('',#4819,#4820);
#4819 = CARTESIAN_POINT('',(-0.,0.));
#4820 = VECTOR('',#4821,1.);
#4821 = DIRECTION('',(-1.,0.));
#4822 = ( GEOMETRIC_REPRESENTATION_CONTEXT(2) 
PARAMETRIC_REPRESENTATION_CONTEXT() REPRESENTATION_CONTEXT('2D SPACE',''
  ) );
#4823 = PCURVE('',#2718,#4824);
#4824 = DEFINITIONAL_REPRESENTATION('',(#4825),#4829);
#4825 = CIRCLE('',#4826,0.42);
#4826 = AXIS2_PLACEMENT_2D('',#4827,#4828);
#4827 = CARTESIAN_POINT('',(3.815402155523E-17,0.));
#4828 = DIRECTION('',(1.,0.));
#4829 = ( GEOMETRIC_REPRESENTATION_CONTEXT(2) 
PARAMETRIC_REPRESENTATION_CONTEXT() REPRESENTATION_CONTEXT('2D SPACE',''
  ) );
#4830 = ORIENTED_EDGE('',*,*,#2621,.F.);
#4831 = ORIENTED_EDGE('',*,*,#4832,.T.);
#4832 = EDGE_CURVE('',#2622,#2650,#4833,.T.);
#4833 = SURFACE_CURVE('',#4834,(#4839,#4846),.PCURVE_S1.);
#4834 = CIRCLE('',#4835,0.42);
#4835 = AXIS2_PLACEMENT_3D('',#4836,#4837,#4838);
#4836 = CARTESIAN_POINT('',(-1.469576158977E-15,-8.,13.1));
#4837 = DIRECTION('',(0.,0.,1.));
#4838 = DIRECTION('',(1.,0.,0.));
#4839 = PCURVE('',#2638,#4840);
#4840 = DEFINITIONAL_REPRESENTATION('',(#4841),#4845);
#4841 = LINE('',#4842,#4843);
#4842 = CARTESIAN_POINT('',(-0.,-12.8));
#4843 = VECTOR('',#4844,1.);
#4844 = DIRECTION('',(-1.,0.));
#4845 = ( GEOMETRIC_REPRESENTATION_CONTEXT(2) 
PARAMETRIC_REPRESENTATION_CONTEXT() REPRESENTATION_CONTEXT('2D SPACE',''
  ) );
#4846 = PCURVE('',#2666,#4847);
#4847 = DEFINITIONAL_REPRESENTATION('',(#4848),#4852);
#4848 = CIRCLE('',#4849,0.42);
#4849 = AXIS2_PLACEMENT_2D('',#4850,#4851);
#4850 = CARTESIAN_POINT('',(3.815402155523E-17,0.));
#4851 = DIRECTION('',(1.,0.));
#4852 = ( GEOMETRIC_REPRESENTATION_CONTEXT(2) 
PARAMETRIC_REPRESENTATION_CONTEXT() REPRESENTATION_CONTEXT('2D SPACE',''
  ) );
#4853 = ORIENTED_EDGE('',*,*,#2682,.T.);
#4854 = ADVANCED_FACE('',(#4855),#2666,.F.);
#4855 = FACE_BOUND('',#4856,.F.);
#4856 = EDGE_LOOP('',(#4857,#4858));
#4857 = ORIENTED_EDGE('',*,*,#2649,.F.);
#4858 = ORIENTED_EDGE('',*,*,#4832,.T.);
#4859 = ADVANCED_FACE('',(#4860),#2718,.T.);
#4860 = FACE_BOUND('',#4861,.T.);
#4861 = EDGE_LOOP('',(#4862,#4863));
#4862 = ORIENTED_EDGE('',*,*,#2703,.F.);
#4863 = ORIENTED_EDGE('',*,*,#4809,.T.);
#4864 = ADVANCED_FACE('',(#4865),#2753,.F.);
#4865 = FACE_BOUND('',#4866,.T.);
#4866 = EDGE_LOOP('',(#4867,#4889,#4890,#4912));
#4867 = ORIENTED_EDGE('',*,*,#4868,.F.);
#4868 = EDGE_CURVE('',#2739,#2798,#4869,.T.);
#4869 = SURFACE_CURVE('',#4870,(#4875,#4882),.PCURVE_S1.);
#4870 = CIRCLE('',#4871,0.42);
#4871 = AXIS2_PLACEMENT_3D('',#4872,#4873,#4874);
#4872 = CARTESIAN_POINT('',(1.780167471651,-7.799423297455,0.3));
#4873 = DIRECTION('',(0.,0.,1.));
#4874 = DIRECTION('',(1.,0.,0.));
#4875 = PCURVE('',#2753,#4876);
#4876 = DEFINITIONAL_REPRESENTATION('',(#4877),#4881);
#4877 = LINE('',#4878,#4879);
#4878 = CARTESIAN_POINT('',(-0.,0.));
#4879 = VECTOR('',#4880,1.);
#4880 = DIRECTION('',(-1.,0.));
#4881 = ( GEOMETRIC_REPRESENTATION_CONTEXT(2) 
PARAMETRIC_REPRESENTATION_CONTEXT() REPRESENTATION_CONTEXT('2D SPACE',''
  ) );
#4882 = PCURVE('',#2833,#4883);
#4883 = DEFINITIONAL_REPRESENTATION('',(#4884),#4888);
#4884 = CIRCLE('',#4885,0.42);
#4885 = AXIS2_PLACEMENT_2D('',#4886,#4887);
#4886 = CARTESIAN_POINT('',(0.,0.));
#4887 = DIRECTION('',(1.,0.));
#4888 = ( GEOMETRIC_REPRESENTATION_CONTEXT(2) 
PARAMETRIC_REPRESENTATION_CONTEXT() REPRESENTATION_CONTEXT('2D SPACE',''
  ) );
#4889 = ORIENTED_EDGE('',*,*,#2736,.F.);
#4890 = ORIENTED_EDGE('',*,*,#4891,.T.);
#4891 = EDGE_CURVE('',#2737,#2765,#4892,.T.);
#4892 = SURFACE_CURVE('',#4893,(#4898,#4905),.PCURVE_S1.);
#4893 = CIRCLE('',#4894,0.42);
#4894 = AXIS2_PLACEMENT_3D('',#4895,#4896,#4897);
#4895 = CARTESIAN_POINT('',(1.780167471651,-7.799423297455,13.1));
#4896 = DIRECTION('',(0.,0.,1.));
#4897 = DIRECTION('',(1.,0.,0.));
#4898 = PCURVE('',#2753,#4899);
#4899 = DEFINITIONAL_REPRESENTATION('',(#4900),#4904);
#4900 = LINE('',#4901,#4902);
#4901 = CARTESIAN_POINT('',(-0.,-12.8));
#4902 = VECTOR('',#4903,1.);
#4903 = DIRECTION('',(-1.,0.));
#4904 = ( GEOMETRIC_REPRESENTATION_CONTEXT(2) 
PARAMETRIC_REPRESENTATION_CONTEXT() REPRESENTATION_CONTEXT('2D SPACE',''
  ) );
#4905 = PCURVE('',#2781,#4906);
#4906 = DEFINITIONAL_REPRESENTATION('',(#4907),#4911);
#4907 = CIRCLE('',#4908,0.42);
#4908 = AXIS2_PLACEMENT_2D('',#4909,#4910);
#4909 = CARTESIAN_POINT('',(0.,0.));
#4910 = DIRECTION('',(1.,0.));
#4911 = ( GEOMETRIC_REPRESENTATION_CONTEXT(2) 
PARAMETRIC_REPRESENTATION_CONTEXT() REPRESENTATION_CONTEXT('2D SPACE',''
  ) );
#4912 = ORIENTED_EDGE('',*,*,#2797,.T.);
#4913 = ADVANCED_FACE('',(#4914),#2781,.F.);
#4914 = FACE_BOUND('',#4915,.F.);
#4915 = EDGE_LOOP('',(#4916,#4917));
#4916 = ORIENTED_EDGE('',*,*,#2764,.F.);
#4917 = ORIENTED_EDGE('',*,*,#4891,.T.);
#4918 = ADVANCED_FACE('',(#4919),#2833,.T.);
#4919 = FACE_BOUND('',#4920,.T.);
#4920 = EDGE_LOOP('',(#4921,#4922));
#4921 = ORIENTED_EDGE('',*,*,#2818,.F.);
#4922 = ORIENTED_EDGE('',*,*,#4868,.T.);
#4923 = ADVANCED_FACE('',(#4924),#2868,.F.);
#4924 = FACE_BOUND('',#4925,.T.);
#4925 = EDGE_LOOP('',(#4926,#4948,#4949,#4971));
#4926 = ORIENTED_EDGE('',*,*,#4927,.F.);
#4927 = EDGE_CURVE('',#2854,#2913,#4928,.T.);
#4928 = SURFACE_CURVE('',#4929,(#4934,#4941),.PCURVE_S1.);
#4929 = CIRCLE('',#4930,0.42);
#4930 = AXIS2_PLACEMENT_3D('',#4931,#4932,#4933);
#4931 = CARTESIAN_POINT('',(3.47106991294,-7.207750943219,0.3));
#4932 = DIRECTION('',(0.,0.,1.));
#4933 = DIRECTION('',(1.,0.,0.));
#4934 = PCURVE('',#2868,#4935);
#4935 = DEFINITIONAL_REPRESENTATION('',(#4936),#4940);
#4936 = LINE('',#4937,#4938);
#4937 = CARTESIAN_POINT('',(-0.,0.));
#4938 = VECTOR('',#4939,1.);
#4939 = DIRECTION('',(-1.,0.));
#4940 = ( GEOMETRIC_REPRESENTATION_CONTEXT(2) 
PARAMETRIC_REPRESENTATION_CONTEXT() REPRESENTATION_CONTEXT('2D SPACE',''
  ) );
#4941 = PCURVE('',#2948,#4942);
#4942 = DEFINITIONAL_REPRESENTATION('',(#4943),#4947);
#4943 = CIRCLE('',#4944,0.42);
#4944 = AXIS2_PLACEMENT_2D('',#4945,#4946);
#4945 = CARTESIAN_POINT('',(0.,0.));
#4946 = DIRECTION('',(1.,0.));
#4947 = ( GEOMETRIC_REPRESENTATION_CONTEXT(2) 
PARAMETRIC_REPRESENTATION_CONTEXT() REPRESENTATION_CONTEXT('2D SPACE',''
  ) );
#4948 = ORIENTED_EDGE('',*,*,#2851,.F.);
#4949 = ORIENTED_EDGE('',*,*,#4950,.T.);
#4950 = EDGE_CURVE('',#2852,#2880,#4951,.T.);
#4951 = SURFACE_CURVE('',#4952,(#4957,#4964),.PCURVE_S1.);
#4952 = CIRCLE('',#4953,0.42);
#4953 = AXIS2_PLACEMENT_3D('',#4954,#4955,#4956);
#4954 = CARTESIAN_POINT('',(3.47106991294,-7.207750943219,13.1));
#4955 = DIRECTION('',(0.,0.,1.));
#4956 = DIRECTION('',(1.,0.,0.));
#4957 = PCURVE('',#2868,#4958);
#4958 = DEFINITIONAL_REPRESENTATION('',(#4959),#4963);
#4959 = LINE('',#4960,#4961);
#4960 = CARTESIAN_POINT('',(-0.,-12.8));
#4961 = VECTOR('',#4962,1.);
#4962 = DIRECTION('',(-1.,0.));
#4963 = ( GEOMETRIC_REPRESENTATION_CONTEXT(2) 
PARAMETRIC_REPRESENTATION_CONTEXT() REPRESENTATION_CONTEXT('2D SPACE',''
  ) );
#4964 = PCURVE('',#2896,#4965);
#4965 = DEFINITIONAL_REPRESENTATION('',(#4966),#4970);
#4966 = CIRCLE('',#4967,0.42);
#4967 = AXIS2_PLACEMENT_2D('',#4968,#4969);
#4968 = CARTESIAN_POINT('',(0.,0.));
#4969 = DIRECTION('',(1.,0.));
#4970 = ( GEOMETRIC_REPRESENTATION_CONTEXT(2) 
PARAMETRIC_REPRESENTATION_CONTEXT() REPRESENTATION_CONTEXT('2D SPACE',''
  ) );
#4971 = ORIENTED_EDGE('',*,*,#2912,.T.);
#4972 = ADVANCED_FACE('',(#4973),#2896,.F.);
#4973 = FACE_BOUND('',#4974,.F.);
#4974 = EDGE_LOOP('',(#4975,#4976));
#4975 = ORIENTED_EDGE('',*,*,#2879,.F.);
#4976 = ORIENTED_EDGE('',*,*,#4950,.T.);
#4977 = ADVANCED_FACE('',(#4978),#2948,.T.);
#4978 = FACE_BOUND('',#4979,.T.);
#4979 = EDGE_LOOP('',(#4980,#4981));
#4980 = ORIENTED_EDGE('',*,*,#2933,.F.);
#4981 = ORIENTED_EDGE('',*,*,#4927,.T.);
#4982 = ADVANCED_FACE('',(#4983),#2983,.F.);
#4983 = FACE_BOUND('',#4984,.T.);
#4984 = EDGE_LOOP('',(#4985,#5007,#5008,#5030));
#4985 = ORIENTED_EDGE('',*,*,#4986,.F.);
#4986 = EDGE_CURVE('',#2969,#3028,#4987,.T.);
#4987 = SURFACE_CURVE('',#4988,(#4993,#5000),.PCURVE_S1.);
#4988 = CIRCLE('',#4989,0.42);
#4989 = AXIS2_PLACEMENT_3D('',#4990,#4991,#4992);
#4990 = CARTESIAN_POINT('',(4.98791841487,-6.254651859744,0.3));
#4991 = DIRECTION('',(0.,0.,1.));
#4992 = DIRECTION('',(1.,0.,0.));
#4993 = PCURVE('',#2983,#4994);
#4994 = DEFINITIONAL_REPRESENTATION('',(#4995),#4999);
#4995 = LINE('',#4996,#4997);
#4996 = CARTESIAN_POINT('',(-0.,0.));
#4997 = VECTOR('',#4998,1.);
#4998 = DIRECTION('',(-1.,0.));
#4999 = ( GEOMETRIC_REPRESENTATION_CONTEXT(2) 
PARAMETRIC_REPRESENTATION_CONTEXT() REPRESENTATION_CONTEXT('2D SPACE',''
  ) );
#5000 = PCURVE('',#3063,#5001);
#5001 = DEFINITIONAL_REPRESENTATION('',(#5002),#5006);
#5002 = CIRCLE('',#5003,0.42);
#5003 = AXIS2_PLACEMENT_2D('',#5004,#5005);
#5004 = CARTESIAN_POINT('',(0.,0.));
#5005 = DIRECTION('',(1.,0.));
#5006 = ( GEOMETRIC_REPRESENTATION_CONTEXT(2) 
PARAMETRIC_REPRESENTATION_CONTEXT() REPRESENTATION_CONTEXT('2D SPACE',''
  ) );
#5007 = ORIENTED_EDGE('',*,*,#2966,.F.);
#5008 = ORIENTED_EDGE('',*,*,#5009,.T.);
#5009 = EDGE_CURVE('',#2967,#2995,#5010,.T.);
#5010 = SURFACE_CURVE('',#5011,(#5016,#5023),.PCURVE_S1.);
#5011 = CIRCLE('',#5012,0.42);
#5012 = AXIS2_PLACEMENT_3D('',#5013,#5014,#5015);
#5013 = CARTESIAN_POINT('',(4.98791841487,-6.254651859744,13.1));
#5014 = DIRECTION('',(0.,0.,1.));
#5015 = DIRECTION('',(1.,0.,0.));
#5016 = PCURVE('',#2983,#5017);
#5017 = DEFINITIONAL_REPRESENTATION('',(#5018),#5022);
#5018 = LINE('',#5019,#5020);
#5019 = CARTESIAN_POINT('',(-0.,-12.8));
#5020 = VECTOR('',#5021,1.);
#5021 = DIRECTION('',(-1.,0.));
#5022 = ( GEOMETRIC_REPRESENTATION_CONTEXT(2) 
PARAMETRIC_REPRESENTATION_CONTEXT() REPRESENTATION_CONTEXT('2D SPACE',''
  ) );
#5023 = PCURVE('',#3011,#5024);
#5024 = DEFINITIONAL_REPRESENTATION('',(#5025),#5029);
#5025 = CIRCLE('',#5026,0.42);
#5026 = AXIS2_PLACEMENT_2D('',#5027,#5028);
#5027 = CARTESIAN_POINT('',(0.,0.));
#5028 = DIRECTION('',(1.,0.));
#5029 = ( GEOMETRIC_REPRESENTATION_CONTEXT(2) 
PARAMETRIC_REPRESENTATION_CONTEXT() REPRESENTATION_CONTEXT('2D SPACE',''
  ) );
#5030 = ORIENTED_EDGE('',*,*,#3027,.T.);
#5031 = ADVANCED_FACE('',(#5032),#3011,.F.);
#5032 = FACE_BOUND('',#5033,.F.);
#5033 = EDGE_LOOP('',(#5034,#5035));
#5034 = ORIENTED_EDGE('',*,*,#2994,.F.);
#5035 = ORIENTED_EDGE('',*,*,#5009,.T.);
#5036 = ADVANCED_FACE('',(#5037),#3063,.T.);
#5037 = FACE_BOUND('',#5038,.T.);
#5038 = EDGE_LOOP('',(#5039,#5040));
#5039 = ORIENTED_EDGE('',*,*,#3048,.F.);
#5040 = ORIENTED_EDGE('',*,*,#4986,.T.);
#5041 = ADVANCED_FACE('',(#5042),#3098,.F.);
#5042 = FACE_BOUND('',#5043,.T.);
#5043 = EDGE_LOOP('',(#5044,#5066,#5067,#5089));
#5044 = ORIENTED_EDGE('',*,*,#5045,.F.);
#5045 = EDGE_CURVE('',#3084,#3143,#5046,.T.);
#5046 = SURFACE_CURVE('',#5047,(#5052,#5059),.PCURVE_S1.);
#5047 = CIRCLE('',#5048,0.42);
#5048 = AXIS2_PLACEMENT_3D('',#5049,#5050,#5051);
#5049 = CARTESIAN_POINT('',(6.254651859744,-4.98791841487,0.3));
#5050 = DIRECTION('',(0.,0.,1.));
#5051 = DIRECTION('',(1.,0.,0.));
#5052 = PCURVE('',#3098,#5053);
#5053 = DEFINITIONAL_REPRESENTATION('',(#5054),#5058);
#5054 = LINE('',#5055,#5056);
#5055 = CARTESIAN_POINT('',(-0.,0.));
#5056 = VECTOR('',#5057,1.);
#5057 = DIRECTION('',(-1.,0.));
#5058 = ( GEOMETRIC_REPRESENTATION_CONTEXT(2) 
PARAMETRIC_REPRESENTATION_CONTEXT() REPRESENTATION_CONTEXT('2D SPACE',''
  ) );
#5059 = PCURVE('',#3178,#5060);
#5060 = DEFINITIONAL_REPRESENTATION('',(#5061),#5065);
#5061 = CIRCLE('',#5062,0.42);
#5062 = AXIS2_PLACEMENT_2D('',#5063,#5064);
#5063 = CARTESIAN_POINT('',(0.,0.));
#5064 = DIRECTION('',(1.,0.));
#5065 = ( GEOMETRIC_REPRESENTATION_CONTEXT(2) 
PARAMETRIC_REPRESENTATION_CONTEXT() REPRESENTATION_CONTEXT('2D SPACE',''
  ) );
#5066 = ORIENTED_EDGE('',*,*,#3081,.F.);
#5067 = ORIENTED_EDGE('',*,*,#5068,.T.);
#5068 = EDGE_CURVE('',#3082,#3110,#5069,.T.);
#5069 = SURFACE_CURVE('',#5070,(#5075,#5082),.PCURVE_S1.);
#5070 = CIRCLE('',#5071,0.42);
#5071 = AXIS2_PLACEMENT_3D('',#5072,#5073,#5074);
#5072 = CARTESIAN_POINT('',(6.254651859744,-4.98791841487,13.1));
#5073 = DIRECTION('',(0.,0.,1.));
#5074 = DIRECTION('',(1.,0.,0.));
#5075 = PCURVE('',#3098,#5076);
#5076 = DEFINITIONAL_REPRESENTATION('',(#5077),#5081);
#5077 = LINE('',#5078,#5079);
#5078 = CARTESIAN_POINT('',(-0.,-12.8));
#5079 = VECTOR('',#5080,1.);
#5080 = DIRECTION('',(-1.,0.));
#5081 = ( GEOMETRIC_REPRESENTATION_CONTEXT(2) 
PARAMETRIC_REPRESENTATION_CONTEXT() REPRESENTATION_CONTEXT('2D SPACE',''
  ) );
#5082 = PCURVE('',#3126,#5083);
#5083 = DEFINITIONAL_REPRESENTATION('',(#5084),#5088);
#5084 = CIRCLE('',#5085,0.42);
#5085 = AXIS2_PLACEMENT_2D('',#5086,#5087);
#5086 = CARTESIAN_POINT('',(0.,0.));
#5087 = DIRECTION('',(1.,0.));
#5088 = ( GEOMETRIC_REPRESENTATION_CONTEXT(2) 
PARAMETRIC_REPRESENTATION_CONTEXT() REPRESENTATION_CONTEXT('2D SPACE',''
  ) );
#5089 = ORIENTED_EDGE('',*,*,#3142,.T.);
#5090 = ADVANCED_FACE('',(#5091),#3126,.F.);
#5091 = FACE_BOUND('',#5092,.F.);
#5092 = EDGE_LOOP('',(#5093,#5094));
#5093 = ORIENTED_EDGE('',*,*,#3109,.F.);
#5094 = ORIENTED_EDGE('',*,*,#5068,.T.);
#5095 = ADVANCED_FACE('',(#5096),#3178,.T.);
#5096 = FACE_BOUND('',#5097,.T.);
#5097 = EDGE_LOOP('',(#5098,#5099));
#5098 = ORIENTED_EDGE('',*,*,#3163,.F.);
#5099 = ORIENTED_EDGE('',*,*,#5045,.T.);
#5100 = ADVANCED_FACE('',(#5101),#3213,.F.);
#5101 = FACE_BOUND('',#5102,.T.);
#5102 = EDGE_LOOP('',(#5103,#5125,#5126,#5148));
#5103 = ORIENTED_EDGE('',*,*,#5104,.F.);
#5104 = EDGE_CURVE('',#3199,#3258,#5105,.T.);
#5105 = SURFACE_CURVE('',#5106,(#5111,#5118),.PCURVE_S1.);
#5106 = CIRCLE('',#5107,0.42);
#5107 = AXIS2_PLACEMENT_3D('',#5108,#5109,#5110);
#5108 = CARTESIAN_POINT('',(7.207750943219,-3.47106991294,0.3));
#5109 = DIRECTION('',(0.,0.,1.));
#5110 = DIRECTION('',(1.,0.,0.));
#5111 = PCURVE('',#3213,#5112);
#5112 = DEFINITIONAL_REPRESENTATION('',(#5113),#5117);
#5113 = LINE('',#5114,#5115);
#5114 = CARTESIAN_POINT('',(-0.,0.));
#5115 = VECTOR('',#5116,1.);
#5116 = DIRECTION('',(-1.,0.));
#5117 = ( GEOMETRIC_REPRESENTATION_CONTEXT(2) 
PARAMETRIC_REPRESENTATION_CONTEXT() REPRESENTATION_CONTEXT('2D SPACE',''
  ) );
#5118 = PCURVE('',#3293,#5119);
#5119 = DEFINITIONAL_REPRESENTATION('',(#5120),#5124);
#5120 = CIRCLE('',#5121,0.42);
#5121 = AXIS2_PLACEMENT_2D('',#5122,#5123);
#5122 = CARTESIAN_POINT('',(0.,0.));
#5123 = DIRECTION('',(1.,0.));
#5124 = ( GEOMETRIC_REPRESENTATION_CONTEXT(2) 
PARAMETRIC_REPRESENTATION_CONTEXT() REPRESENTATION_CONTEXT('2D SPACE',''
  ) );
#5125 = ORIENTED_EDGE('',*,*,#3196,.F.);
#5126 = ORIENTED_EDGE('',*,*,#5127,.T.);
#5127 = EDGE_CURVE('',#3197,#3225,#5128,.T.);
#5128 = SURFACE_CURVE('',#5129,(#5134,#5141),.PCURVE_S1.);
#5129 = CIRCLE('',#5130,0.42);
#5130 = AXIS2_PLACEMENT_3D('',#5131,#5132,#5133);
#5131 = CARTESIAN_POINT('',(7.207750943219,-3.47106991294,13.1));
#5132 = DIRECTION('',(0.,0.,1.));
#5133 = DIRECTION('',(1.,0.,0.));
#5134 = PCURVE('',#3213,#5135);
#5135 = DEFINITIONAL_REPRESENTATION('',(#5136),#5140);
#5136 = LINE('',#5137,#5138);
#5137 = CARTESIAN_POINT('',(-0.,-12.8));
#5138 = VECTOR('',#5139,1.);
#5139 = DIRECTION('',(-1.,0.));
#5140 = ( GEOMETRIC_REPRESENTATION_CONTEXT(2) 
PARAMETRIC_REPRESENTATION_CONTEXT() REPRESENTATION_CONTEXT('2D SPACE',''
  ) );
#5141 = PCURVE('',#3241,#5142);
#5142 = DEFINITIONAL_REPRESENTATION('',(#5143),#5147);
#5143 = CIRCLE('',#5144,0.42);
#5144 = AXIS2_PLACEMENT_2D('',#5145,#5146);
#5145 = CARTESIAN_POINT('',(0.,0.));
#5146 = DIRECTION('',(1.,0.));
#5147 = ( GEOMETRIC_REPRESENTATION_CONTEXT(2) 
PARAMETRIC_REPRESENTATION_CONTEXT() REPRESENTATION_CONTEXT('2D SPACE',''
  ) );
#5148 = ORIENTED_EDGE('',*,*,#3257,.T.);
#5149 = ADVANCED_FACE('',(#5150),#3241,.F.);
#5150 = FACE_BOUND('',#5151,.F.);
#5151 = EDGE_LOOP('',(#5152,#5153));
#5152 = ORIENTED_EDGE('',*,*,#3224,.F.);
#5153 = ORIENTED_EDGE('',*,*,#5127,.T.);
#5154 = ADVANCED_FACE('',(#5155),#3293,.T.);
#5155 = FACE_BOUND('',#5156,.T.);
#5156 = EDGE_LOOP('',(#5157,#5158));
#5157 = ORIENTED_EDGE('',*,*,#3278,.F.);
#5158 = ORIENTED_EDGE('',*,*,#5104,.T.);
#5159 = ADVANCED_FACE('',(#5160),#3328,.F.);
#5160 = FACE_BOUND('',#5161,.T.);
#5161 = EDGE_LOOP('',(#5162,#5184,#5185,#5207));
#5162 = ORIENTED_EDGE('',*,*,#5163,.F.);
#5163 = EDGE_CURVE('',#3314,#3373,#5164,.T.);
#5164 = SURFACE_CURVE('',#5165,(#5170,#5177),.PCURVE_S1.);
#5165 = CIRCLE('',#5166,0.42);
#5166 = AXIS2_PLACEMENT_3D('',#5167,#5168,#5169);
#5167 = CARTESIAN_POINT('',(7.799423297455,-1.780167471651,0.3));
#5168 = DIRECTION('',(0.,0.,1.));
#5169 = DIRECTION('',(1.,0.,0.));
#5170 = PCURVE('',#3328,#5171);
#5171 = DEFINITIONAL_REPRESENTATION('',(#5172),#5176);
#5172 = LINE('',#5173,#5174);
#5173 = CARTESIAN_POINT('',(-0.,0.));
#5174 = VECTOR('',#5175,1.);
#5175 = DIRECTION('',(-1.,0.));
#5176 = ( GEOMETRIC_REPRESENTATION_CONTEXT(2) 
PARAMETRIC_REPRESENTATION_CONTEXT() REPRESENTATION_CONTEXT('2D SPACE',''
  ) );
#5177 = PCURVE('',#3408,#5178);
#5178 = DEFINITIONAL_REPRESENTATION('',(#5179),#5183);
#5179 = CIRCLE('',#5180,0.42);
#5180 = AXIS2_PLACEMENT_2D('',#5181,#5182);
#5181 = CARTESIAN_POINT('',(0.,0.));
#5182 = DIRECTION('',(1.,0.));
#5183 = ( GEOMETRIC_REPRESENTATION_CONTEXT(2) 
PARAMETRIC_REPRESENTATION_CONTEXT() REPRESENTATION_CONTEXT('2D SPACE',''
  ) );
#5184 = ORIENTED_EDGE('',*,*,#3311,.F.);
#5185 = ORIENTED_EDGE('',*,*,#5186,.T.);
#5186 = EDGE_CURVE('',#3312,#3340,#5187,.T.);
#5187 = SURFACE_CURVE('',#5188,(#5193,#5200),.PCURVE_S1.);
#5188 = CIRCLE('',#5189,0.42);
#5189 = AXIS2_PLACEMENT_3D('',#5190,#5191,#5192);
#5190 = CARTESIAN_POINT('',(7.799423297455,-1.780167471651,13.1));
#5191 = DIRECTION('',(0.,0.,1.));
#5192 = DIRECTION('',(1.,0.,0.));
#5193 = PCURVE('',#3328,#5194);
#5194 = DEFINITIONAL_REPRESENTATION('',(#5195),#5199);
#5195 = LINE('',#5196,#5197);
#5196 = CARTESIAN_POINT('',(-0.,-12.8));
#5197 = VECTOR('',#5198,1.);
#5198 = DIRECTION('',(-1.,0.));
#5199 = ( GEOMETRIC_REPRESENTATION_CONTEXT(2) 
PARAMETRIC_REPRESENTATION_CONTEXT() REPRESENTATION_CONTEXT('2D SPACE',''
  ) );
#5200 = PCURVE('',#3356,#5201);
#5201 = DEFINITIONAL_REPRESENTATION('',(#5202),#5206);
#5202 = CIRCLE('',#5203,0.42);
#5203 = AXIS2_PLACEMENT_2D('',#5204,#5205);
#5204 = CARTESIAN_POINT('',(0.,0.));
#5205 = DIRECTION('',(1.,0.));
#5206 = ( GEOMETRIC_REPRESENTATION_CONTEXT(2) 
PARAMETRIC_REPRESENTATION_CONTEXT() REPRESENTATION_CONTEXT('2D SPACE',''
  ) );
#5207 = ORIENTED_EDGE('',*,*,#3372,.T.);
#5208 = ADVANCED_FACE('',(#5209),#3408,.T.);
#5209 = FACE_BOUND('',#5210,.T.);
#5210 = EDGE_LOOP('',(#5211,#5212));
#5211 = ORIENTED_EDGE('',*,*,#3393,.F.);
#5212 = ORIENTED_EDGE('',*,*,#5163,.T.);
#5213 = ADVANCED_FACE('',(#5214),#3356,.F.);
#5214 = FACE_BOUND('',#5215,.F.);
#5215 = EDGE_LOOP('',(#5216,#5217));
#5216 = ORIENTED_EDGE('',*,*,#3339,.F.);
#5217 = ORIENTED_EDGE('',*,*,#5186,.T.);
#5218 = ADVANCED_FACE('',(#5219,#5222),#3527,.T.);
#5219 = FACE_BOUND('',#5220,.T.);
#5220 = EDGE_LOOP('',(#5221));
#5221 = ORIENTED_EDGE('',*,*,#3512,.T.);
#5222 = FACE_BOUND('',#5223,.T.);
#5223 = EDGE_LOOP('',(#5224,#5252,#5278,#5311,#5337,#5363,#5396,#5422,
    #5448,#5481,#5507,#5533));
#5224 = ORIENTED_EDGE('',*,*,#5225,.F.);
#5225 = EDGE_CURVE('',#5226,#5228,#5230,.T.);
#5226 = VERTEX_POINT('',#5227);
#5227 = CARTESIAN_POINT('',(0.779747151595,0.779747151595,14.2));
#5228 = VERTEX_POINT('',#5229);
#5229 = CARTESIAN_POINT('',(0.14779620306,4.42561800853,14.2));
#5230 = SURFACE_CURVE('',#5231,(#5235,#5241),.PCURVE_S1.);
#5231 = LINE('',#5232,#5233);
#5232 = CARTESIAN_POINT('',(0.518006765711,2.28978783939,14.2));
#5233 = VECTOR('',#5234,1.);
#5234 = DIRECTION('',(-0.170786723536,0.9853080204,0.));
#5235 = PCURVE('',#3527,#5236);
#5236 = DEFINITIONAL_REPRESENTATION('',(#5237),#5240);
#5237 = B_SPLINE_CURVE_WITH_KNOTS('',1,(#5238,#5239),.UNSPECIFIED.,.F.,
  .F.,(2,2),(-1.532556983736,2.167677644879),.PIECEWISE_BEZIER_KNOTS.);
#5238 = CARTESIAN_POINT('',(0.779747151595,0.779747151595));
#5239 = CARTESIAN_POINT('',(0.14779620306,4.42561800853));
#5240 = ( GEOMETRIC_REPRESENTATION_CONTEXT(2) 
PARAMETRIC_REPRESENTATION_CONTEXT() REPRESENTATION_CONTEXT('2D SPACE',''
  ) );
#5241 = PCURVE('',#5242,#5247);
#5242 = PLANE('',#5243);
#5243 = AXIS2_PLACEMENT_3D('',#5244,#5245,#5246);
#5244 = CARTESIAN_POINT('',(0.14779620306,4.42561800853,13.6));
#5245 = DIRECTION('',(0.9853080204,0.170786723536,-0.));
#5246 = DIRECTION('',(0.170786723536,-0.9853080204,0.));
#5247 = DEFINITIONAL_REPRESENTATION('',(#5248),#5251);
#5248 = B_SPLINE_CURVE_WITH_KNOTS('',1,(#5249,#5250),.UNSPECIFIED.,.F.,
  .F.,(2,2),(-1.532556983736,2.167677644879),.PIECEWISE_BEZIER_KNOTS.);
#5249 = CARTESIAN_POINT('',(3.700234628615,-0.6));
#5250 = CARTESIAN_POINT('',(-4.440892098501E-16,-0.6));
#5251 = ( GEOMETRIC_REPRESENTATION_CONTEXT(2) 
PARAMETRIC_REPRESENTATION_CONTEXT() REPRESENTATION_CONTEXT('2D SPACE',''
  ) );
#5252 = ORIENTED_EDGE('',*,*,#5253,.F.);
#5253 = EDGE_CURVE('',#5254,#5226,#5256,.T.);
#5254 = VERTEX_POINT('',#5255);
#5255 = CARTESIAN_POINT('',(4.42561800853,0.14779620306,14.2));
#5256 = SURFACE_CURVE('',#5257,(#5261,#5267),.PCURVE_S1.);
#5257 = LINE('',#5258,#5259);
#5258 = CARTESIAN_POINT('',(0.466852410922,0.833982239979,14.2));
#5259 = VECTOR('',#5260,1.);
#5260 = DIRECTION('',(-0.9853080204,0.170786723536,0.));
#5261 = PCURVE('',#3527,#5262);
#5262 = DEFINITIONAL_REPRESENTATION('',(#5263),#5266);
#5263 = B_SPLINE_CURVE_WITH_KNOTS('',1,(#5264,#5265),.UNSPECIFIED.,.F.,
  .F.,(2,2),(-4.017794959187,-0.317560330572),.PIECEWISE_BEZIER_KNOTS.);
#5264 = CARTESIAN_POINT('',(4.42561800853,0.14779620306));
#5265 = CARTESIAN_POINT('',(0.779747151595,0.779747151595));
#5266 = ( GEOMETRIC_REPRESENTATION_CONTEXT(2) 
PARAMETRIC_REPRESENTATION_CONTEXT() REPRESENTATION_CONTEXT('2D SPACE',''
  ) );
#5267 = PCURVE('',#5268,#5273);
#5268 = PLANE('',#5269);
#5269 = AXIS2_PLACEMENT_3D('',#5270,#5271,#5272);
#5270 = CARTESIAN_POINT('',(0.779747151595,0.779747151595,13.6));
#5271 = DIRECTION('',(0.170786723536,0.9853080204,-0.));
#5272 = DIRECTION('',(0.9853080204,-0.170786723536,0.));
#5273 = DEFINITIONAL_REPRESENTATION('',(#5274),#5277);
#5274 = B_SPLINE_CURVE_WITH_KNOTS('',1,(#5275,#5276),.UNSPECIFIED.,.F.,
  .F.,(2,2),(-4.017794959187,-0.317560330572),.PIECEWISE_BEZIER_KNOTS.);
#5275 = CARTESIAN_POINT('',(3.700234628615,-0.6));
#5276 = CARTESIAN_POINT('',(0.,-0.6));
#5277 = ( GEOMETRIC_REPRESENTATION_CONTEXT(2) 
PARAMETRIC_REPRESENTATION_CONTEXT() REPRESENTATION_CONTEXT('2D SPACE',''
  ) );
#5278 = ORIENTED_EDGE('',*,*,#5279,.T.);
#5279 = EDGE_CURVE('',#5254,#5280,#5282,.T.);
#5280 = VERTEX_POINT('',#5281);
#5281 = CARTESIAN_POINT('',(4.42561800853,-0.14779620306,14.2));
#5282 = SURFACE_CURVE('',#5283,(#5288,#5299),.PCURVE_S1.);
#5283 = CIRCLE('',#5284,0.15);
#5284 = AXIS2_PLACEMENT_3D('',#5285,#5286,#5287);
#5285 = CARTESIAN_POINT('',(4.4,-1.110223024625E-16,14.2));
#5286 = DIRECTION('',(0.,0.,-1.));
#5287 = DIRECTION('',(-0.9853080204,0.170786723536,0.));
#5288 = PCURVE('',#3527,#5289);
#5289 = DEFINITIONAL_REPRESENTATION('',(#5290),#5298);
#5290 = ( BOUNDED_CURVE() B_SPLINE_CURVE(2,(#5291,#5292,#5293,#5294,
#5295,#5296,#5297),.UNSPECIFIED.,.T.,.F.) B_SPLINE_CURVE_WITH_KNOTS((1,2
    ,2,2,2,1),(-2.094395102393,0.,2.094395102393,4.188790204786,
6.28318530718,8.377580409573),.UNSPECIFIED.) CURVE() 
GEOMETRIC_REPRESENTATION_ITEM() RATIONAL_B_SPLINE_CURVE((1.,0.5,1.,0.5,
1.,0.5,1.)) REPRESENTATION_ITEM('') );
#5291 = CARTESIAN_POINT('',(4.25220379694,2.561800853039E-02));
#5292 = CARTESIAN_POINT('',(4.296575489303,0.281608541396));
#5293 = CARTESIAN_POINT('',(4.496083947712,0.115186262168));
#5294 = CARTESIAN_POINT('',(4.69559240612,-5.123601706078E-02));
#5295 = CARTESIAN_POINT('',(4.451712255348,-0.140804270698));
#5296 = CARTESIAN_POINT('',(4.207832104577,-0.230372524335));
#5297 = CARTESIAN_POINT('',(4.25220379694,2.561800853039E-02));
#5298 = ( GEOMETRIC_REPRESENTATION_CONTEXT(2) 
PARAMETRIC_REPRESENTATION_CONTEXT() REPRESENTATION_CONTEXT('2D SPACE',''
  ) );
#5299 = PCURVE('',#5300,#5305);
#5300 = CYLINDRICAL_SURFACE('',#5301,0.15);
#5301 = AXIS2_PLACEMENT_3D('',#5302,#5303,#5304);
#5302 = CARTESIAN_POINT('',(4.4,-1.110223024625E-16,13.6));
#5303 = DIRECTION('',(0.,0.,-1.));
#5304 = DIRECTION('',(-0.9853080204,0.170786723536,0.));
#5305 = DEFINITIONAL_REPRESENTATION('',(#5306),#5310);
#5306 = LINE('',#5307,#5308);
#5307 = CARTESIAN_POINT('',(0.,-0.6));
#5308 = VECTOR('',#5309,1.);
#5309 = DIRECTION('',(1.,0.));
#5310 = ( GEOMETRIC_REPRESENTATION_CONTEXT(2) 
PARAMETRIC_REPRESENTATION_CONTEXT() REPRESENTATION_CONTEXT('2D SPACE',''
  ) );
#5311 = ORIENTED_EDGE('',*,*,#5312,.F.);
#5312 = EDGE_CURVE('',#5313,#5280,#5315,.T.);
#5313 = VERTEX_POINT('',#5314);
#5314 = CARTESIAN_POINT('',(0.779747151595,-0.779747151595,14.2));
#5315 = SURFACE_CURVE('',#5316,(#5320,#5326),.PCURVE_S1.);
#5316 = LINE('',#5317,#5318);
#5317 = CARTESIAN_POINT('',(2.28978783939,-0.518006765711,14.2));
#5318 = VECTOR('',#5319,1.);
#5319 = DIRECTION('',(0.9853080204,0.170786723536,-0.));
#5320 = PCURVE('',#3527,#5321);
#5321 = DEFINITIONAL_REPRESENTATION('',(#5322),#5325);
#5322 = B_SPLINE_CURVE_WITH_KNOTS('',1,(#5323,#5324),.UNSPECIFIED.,.F.,
  .F.,(2,2),(-1.532556983736,2.167677644879),.PIECEWISE_BEZIER_KNOTS.);
#5323 = CARTESIAN_POINT('',(0.779747151595,-0.779747151595));
#5324 = CARTESIAN_POINT('',(4.42561800853,-0.14779620306));
#5325 = ( GEOMETRIC_REPRESENTATION_CONTEXT(2) 
PARAMETRIC_REPRESENTATION_CONTEXT() REPRESENTATION_CONTEXT('2D SPACE',''
  ) );
#5326 = PCURVE('',#5327,#5332);
#5327 = PLANE('',#5328);
#5328 = AXIS2_PLACEMENT_3D('',#5329,#5330,#5331);
#5329 = CARTESIAN_POINT('',(4.42561800853,-0.14779620306,13.6));
#5330 = DIRECTION('',(0.170786723536,-0.9853080204,0.));
#5331 = DIRECTION('',(-0.9853080204,-0.170786723536,0.));
#5332 = DEFINITIONAL_REPRESENTATION('',(#5333),#5336);
#5333 = B_SPLINE_CURVE_WITH_KNOTS('',1,(#5334,#5335),.UNSPECIFIED.,.F.,
  .F.,(2,2),(-1.532556983736,2.167677644879),.PIECEWISE_BEZIER_KNOTS.);
#5334 = CARTESIAN_POINT('',(3.700234628615,-0.6));
#5335 = CARTESIAN_POINT('',(-4.440892098501E-16,-0.6));
#5336 = ( GEOMETRIC_REPRESENTATION_CONTEXT(2) 
PARAMETRIC_REPRESENTATION_CONTEXT() REPRESENTATION_CONTEXT('2D SPACE',''
  ) );
#5337 = ORIENTED_EDGE('',*,*,#5338,.F.);
#5338 = EDGE_CURVE('',#5339,#5313,#5341,.T.);
#5339 = VERTEX_POINT('',#5340);
#5340 = CARTESIAN_POINT('',(0.14779620306,-4.42561800853,14.2));
#5341 = SURFACE_CURVE('',#5342,(#5346,#5352),.PCURVE_S1.);
#5342 = LINE('',#5343,#5344);
#5343 = CARTESIAN_POINT('',(0.833982239979,-0.466852410922,14.2));
#5344 = VECTOR('',#5345,1.);
#5345 = DIRECTION('',(0.170786723536,0.9853080204,-0.));
#5346 = PCURVE('',#3527,#5347);
#5347 = DEFINITIONAL_REPRESENTATION('',(#5348),#5351);
#5348 = B_SPLINE_CURVE_WITH_KNOTS('',1,(#5349,#5350),.UNSPECIFIED.,.F.,
  .F.,(2,2),(-4.017794959187,-0.317560330572),.PIECEWISE_BEZIER_KNOTS.);
#5349 = CARTESIAN_POINT('',(0.14779620306,-4.42561800853));
#5350 = CARTESIAN_POINT('',(0.779747151595,-0.779747151595));
#5351 = ( GEOMETRIC_REPRESENTATION_CONTEXT(2) 
PARAMETRIC_REPRESENTATION_CONTEXT() REPRESENTATION_CONTEXT('2D SPACE',''
  ) );
#5352 = PCURVE('',#5353,#5358);
#5353 = PLANE('',#5354);
#5354 = AXIS2_PLACEMENT_3D('',#5355,#5356,#5357);
#5355 = CARTESIAN_POINT('',(0.779747151595,-0.779747151595,13.6));
#5356 = DIRECTION('',(0.9853080204,-0.170786723536,0.));
#5357 = DIRECTION('',(-0.170786723536,-0.9853080204,0.));
#5358 = DEFINITIONAL_REPRESENTATION('',(#5359),#5362);
#5359 = B_SPLINE_CURVE_WITH_KNOTS('',1,(#5360,#5361),.UNSPECIFIED.,.F.,
  .F.,(2,2),(-4.017794959187,-0.317560330572),.PIECEWISE_BEZIER_KNOTS.);
#5360 = CARTESIAN_POINT('',(3.700234628615,-0.6));
#5361 = CARTESIAN_POINT('',(0.,-0.6));
#5362 = ( GEOMETRIC_REPRESENTATION_CONTEXT(2) 
PARAMETRIC_REPRESENTATION_CONTEXT() REPRESENTATION_CONTEXT('2D SPACE',''
  ) );
#5363 = ORIENTED_EDGE('',*,*,#5364,.T.);
#5364 = EDGE_CURVE('',#5339,#5365,#5367,.T.);
#5365 = VERTEX_POINT('',#5366);
#5366 = CARTESIAN_POINT('',(-0.14779620306,-4.42561800853,14.2));
#5367 = SURFACE_CURVE('',#5368,(#5373,#5384),.PCURVE_S1.);
#5368 = CIRCLE('',#5369,0.15);
#5369 = AXIS2_PLACEMENT_3D('',#5370,#5371,#5372);
#5370 = CARTESIAN_POINT('',(-8.18513251133E-17,-4.4,14.2));
#5371 = DIRECTION('',(0.,0.,-1.));
#5372 = DIRECTION('',(0.170786723536,0.9853080204,0.));
#5373 = PCURVE('',#3527,#5374);
#5374 = DEFINITIONAL_REPRESENTATION('',(#5375),#5383);
#5375 = ( BOUNDED_CURVE() B_SPLINE_CURVE(2,(#5376,#5377,#5378,#5379,
#5380,#5381,#5382),.UNSPECIFIED.,.T.,.F.) B_SPLINE_CURVE_WITH_KNOTS((1,2
    ,2,2,2,1),(-2.094395102393,0.,2.094395102393,4.188790204786,
6.28318530718,8.377580409573),.UNSPECIFIED.) CURVE() 
GEOMETRIC_REPRESENTATION_ITEM() RATIONAL_B_SPLINE_CURVE((1.,0.5,1.,0.5,
1.,0.5,1.)) REPRESENTATION_ITEM('') );
#5376 = CARTESIAN_POINT('',(2.561800853039E-02,-4.25220379694));
#5377 = CARTESIAN_POINT('',(0.281608541396,-4.296575489303));
#5378 = CARTESIAN_POINT('',(0.115186262168,-4.496083947712));
#5379 = CARTESIAN_POINT('',(-5.123601706078E-02,-4.69559240612));
#5380 = CARTESIAN_POINT('',(-0.140804270698,-4.451712255348));
#5381 = CARTESIAN_POINT('',(-0.230372524335,-4.207832104577));
#5382 = CARTESIAN_POINT('',(2.561800853039E-02,-4.25220379694));
#5383 = ( GEOMETRIC_REPRESENTATION_CONTEXT(2) 
PARAMETRIC_REPRESENTATION_CONTEXT() REPRESENTATION_CONTEXT('2D SPACE',''
  ) );
#5384 = PCURVE('',#5385,#5390);
#5385 = CYLINDRICAL_SURFACE('',#5386,0.15);
#5386 = AXIS2_PLACEMENT_3D('',#5387,#5388,#5389);
#5387 = CARTESIAN_POINT('',(-8.18513251133E-17,-4.4,13.6));
#5388 = DIRECTION('',(0.,0.,-1.));
#5389 = DIRECTION('',(0.170786723536,0.9853080204,0.));
#5390 = DEFINITIONAL_REPRESENTATION('',(#5391),#5395);
#5391 = LINE('',#5392,#5393);
#5392 = CARTESIAN_POINT('',(0.,-0.6));
#5393 = VECTOR('',#5394,1.);
#5394 = DIRECTION('',(1.,0.));
#5395 = ( GEOMETRIC_REPRESENTATION_CONTEXT(2) 
PARAMETRIC_REPRESENTATION_CONTEXT() REPRESENTATION_CONTEXT('2D SPACE',''
  ) );
#5396 = ORIENTED_EDGE('',*,*,#5397,.F.);
#5397 = EDGE_CURVE('',#5398,#5365,#5400,.T.);
#5398 = VERTEX_POINT('',#5399);
#5399 = CARTESIAN_POINT('',(-0.779747151595,-0.779747151595,14.2));
#5400 = SURFACE_CURVE('',#5401,(#5405,#5411),.PCURVE_S1.);
#5401 = LINE('',#5402,#5403);
#5402 = CARTESIAN_POINT('',(-0.518006765711,-2.28978783939,14.2));
#5403 = VECTOR('',#5404,1.);
#5404 = DIRECTION('',(0.170786723536,-0.9853080204,0.));
#5405 = PCURVE('',#3527,#5406);
#5406 = DEFINITIONAL_REPRESENTATION('',(#5407),#5410);
#5407 = B_SPLINE_CURVE_WITH_KNOTS('',1,(#5408,#5409),.UNSPECIFIED.,.F.,
  .F.,(2,2),(-1.532556983736,2.167677644879),.PIECEWISE_BEZIER_KNOTS.);
#5408 = CARTESIAN_POINT('',(-0.779747151595,-0.779747151595));
#5409 = CARTESIAN_POINT('',(-0.14779620306,-4.42561800853));
#5410 = ( GEOMETRIC_REPRESENTATION_CONTEXT(2) 
PARAMETRIC_REPRESENTATION_CONTEXT() REPRESENTATION_CONTEXT('2D SPACE',''
  ) );
#5411 = PCURVE('',#5412,#5417);
#5412 = PLANE('',#5413);
#5413 = AXIS2_PLACEMENT_3D('',#5414,#5415,#5416);
#5414 = CARTESIAN_POINT('',(-0.14779620306,-4.42561800853,13.6));
#5415 = DIRECTION('',(-0.9853080204,-0.170786723536,0.));
#5416 = DIRECTION('',(-0.170786723536,0.9853080204,0.));
#5417 = DEFINITIONAL_REPRESENTATION('',(#5418),#5421);
#5418 = B_SPLINE_CURVE_WITH_KNOTS('',1,(#5419,#5420),.UNSPECIFIED.,.F.,
  .F.,(2,2),(-1.532556983736,2.167677644879),.PIECEWISE_BEZIER_KNOTS.);
#5419 = CARTESIAN_POINT('',(3.700234628615,-0.6));
#5420 = CARTESIAN_POINT('',(-4.440892098501E-16,-0.6));
#5421 = ( GEOMETRIC_REPRESENTATION_CONTEXT(2) 
PARAMETRIC_REPRESENTATION_CONTEXT() REPRESENTATION_CONTEXT('2D SPACE',''
  ) );
#5422 = ORIENTED_EDGE('',*,*,#5423,.F.);
#5423 = EDGE_CURVE('',#5424,#5398,#5426,.T.);
#5424 = VERTEX_POINT('',#5425);
#5425 = CARTESIAN_POINT('',(-4.42561800853,-0.14779620306,14.2));
#5426 = SURFACE_CURVE('',#5427,(#5431,#5437),.PCURVE_S1.);
#5427 = LINE('',#5428,#5429);
#5428 = CARTESIAN_POINT('',(-0.466852410922,-0.833982239979,14.2));
#5429 = VECTOR('',#5430,1.);
#5430 = DIRECTION('',(0.9853080204,-0.170786723536,0.));
#5431 = PCURVE('',#3527,#5432);
#5432 = DEFINITIONAL_REPRESENTATION('',(#5433),#5436);
#5433 = B_SPLINE_CURVE_WITH_KNOTS('',1,(#5434,#5435),.UNSPECIFIED.,.F.,
  .F.,(2,2),(-4.017794959187,-0.317560330572),.PIECEWISE_BEZIER_KNOTS.);
#5434 = CARTESIAN_POINT('',(-4.42561800853,-0.14779620306));
#5435 = CARTESIAN_POINT('',(-0.779747151595,-0.779747151595));
#5436 = ( GEOMETRIC_REPRESENTATION_CONTEXT(2) 
PARAMETRIC_REPRESENTATION_CONTEXT() REPRESENTATION_CONTEXT('2D SPACE',''
  ) );
#5437 = PCURVE('',#5438,#5443);
#5438 = PLANE('',#5439);
#5439 = AXIS2_PLACEMENT_3D('',#5440,#5441,#5442);
#5440 = CARTESIAN_POINT('',(-0.779747151595,-0.779747151595,13.6));
#5441 = DIRECTION('',(-0.170786723536,-0.9853080204,0.));
#5442 = DIRECTION('',(-0.9853080204,0.170786723536,0.));
#5443 = DEFINITIONAL_REPRESENTATION('',(#5444),#5447);
#5444 = B_SPLINE_CURVE_WITH_KNOTS('',1,(#5445,#5446),.UNSPECIFIED.,.F.,
  .F.,(2,2),(-4.017794959187,-0.317560330572),.PIECEWISE_BEZIER_KNOTS.);
#5445 = CARTESIAN_POINT('',(3.700234628615,-0.6));
#5446 = CARTESIAN_POINT('',(0.,-0.6));
#5447 = ( GEOMETRIC_REPRESENTATION_CONTEXT(2) 
PARAMETRIC_REPRESENTATION_CONTEXT() REPRESENTATION_CONTEXT('2D SPACE',''
  ) );
#5448 = ORIENTED_EDGE('',*,*,#5449,.T.);
#5449 = EDGE_CURVE('',#5424,#5450,#5452,.T.);
#5450 = VERTEX_POINT('',#5451);
#5451 = CARTESIAN_POINT('',(-4.42561800853,0.14779620306,14.2));
#5452 = SURFACE_CURVE('',#5453,(#5458,#5469),.PCURVE_S1.);
#5453 = CIRCLE('',#5454,0.15);
#5454 = AXIS2_PLACEMENT_3D('',#5455,#5456,#5457);
#5455 = CARTESIAN_POINT('',(-4.4,1.110223024625E-16,14.2));
#5456 = DIRECTION('',(-0.,0.,-1.));
#5457 = DIRECTION('',(0.9853080204,-0.170786723536,-0.));
#5458 = PCURVE('',#3527,#5459);
#5459 = DEFINITIONAL_REPRESENTATION('',(#5460),#5468);
#5460 = ( BOUNDED_CURVE() B_SPLINE_CURVE(2,(#5461,#5462,#5463,#5464,
#5465,#5466,#5467),.UNSPECIFIED.,.T.,.F.) B_SPLINE_CURVE_WITH_KNOTS((1,2
    ,2,2,2,1),(-2.094395102393,0.,2.094395102393,4.188790204786,
6.28318530718,8.377580409573),.UNSPECIFIED.) CURVE() 
GEOMETRIC_REPRESENTATION_ITEM() RATIONAL_B_SPLINE_CURVE((1.,0.5,1.,0.5,
1.,0.5,1.)) REPRESENTATION_ITEM('') );
#5461 = CARTESIAN_POINT('',(-4.25220379694,-2.561800853039E-02));
#5462 = CARTESIAN_POINT('',(-4.296575489303,-0.281608541396));
#5463 = CARTESIAN_POINT('',(-4.496083947712,-0.115186262168));
#5464 = CARTESIAN_POINT('',(-4.69559240612,5.123601706078E-02));
#5465 = CARTESIAN_POINT('',(-4.451712255348,0.140804270698));
#5466 = CARTESIAN_POINT('',(-4.207832104577,0.230372524335));
#5467 = CARTESIAN_POINT('',(-4.25220379694,-2.561800853039E-02));
#5468 = ( GEOMETRIC_REPRESENTATION_CONTEXT(2) 
PARAMETRIC_REPRESENTATION_CONTEXT() REPRESENTATION_CONTEXT('2D SPACE',''
  ) );
#5469 = PCURVE('',#5470,#5475);
#5470 = CYLINDRICAL_SURFACE('',#5471,0.15);
#5471 = AXIS2_PLACEMENT_3D('',#5472,#5473,#5474);
#5472 = CARTESIAN_POINT('',(-4.4,1.110223024625E-16,13.6));
#5473 = DIRECTION('',(-0.,0.,-1.));
#5474 = DIRECTION('',(0.9853080204,-0.170786723536,-0.));
#5475 = DEFINITIONAL_REPRESENTATION('',(#5476),#5480);
#5476 = LINE('',#5477,#5478);
#5477 = CARTESIAN_POINT('',(0.,-0.6));
#5478 = VECTOR('',#5479,1.);
#5479 = DIRECTION('',(1.,0.));
#5480 = ( GEOMETRIC_REPRESENTATION_CONTEXT(2) 
PARAMETRIC_REPRESENTATION_CONTEXT() REPRESENTATION_CONTEXT('2D SPACE',''
  ) );
#5481 = ORIENTED_EDGE('',*,*,#5482,.F.);
#5482 = EDGE_CURVE('',#5483,#5450,#5485,.T.);
#5483 = VERTEX_POINT('',#5484);
#5484 = CARTESIAN_POINT('',(-0.779747151595,0.779747151595,14.2));
#5485 = SURFACE_CURVE('',#5486,(#5490,#5496),.PCURVE_S1.);
#5486 = LINE('',#5487,#5488);
#5487 = CARTESIAN_POINT('',(-2.28978783939,0.518006765711,14.2));
#5488 = VECTOR('',#5489,1.);
#5489 = DIRECTION('',(-0.9853080204,-0.170786723536,0.));
#5490 = PCURVE('',#3527,#5491);
#5491 = DEFINITIONAL_REPRESENTATION('',(#5492),#5495);
#5492 = B_SPLINE_CURVE_WITH_KNOTS('',1,(#5493,#5494),.UNSPECIFIED.,.F.,
  .F.,(2,2),(-1.532556983736,2.167677644879),.PIECEWISE_BEZIER_KNOTS.);
#5493 = CARTESIAN_POINT('',(-0.779747151595,0.779747151595));
#5494 = CARTESIAN_POINT('',(-4.42561800853,0.14779620306));
#5495 = ( GEOMETRIC_REPRESENTATION_CONTEXT(2) 
PARAMETRIC_REPRESENTATION_CONTEXT() REPRESENTATION_CONTEXT('2D SPACE',''
  ) );
#5496 = PCURVE('',#5497,#5502);
#5497 = PLANE('',#5498);
#5498 = AXIS2_PLACEMENT_3D('',#5499,#5500,#5501);
#5499 = CARTESIAN_POINT('',(-4.42561800853,0.14779620306,13.6));
#5500 = DIRECTION('',(-0.170786723536,0.9853080204,0.));
#5501 = DIRECTION('',(0.9853080204,0.170786723536,0.));
#5502 = DEFINITIONAL_REPRESENTATION('',(#5503),#5506);
#5503 = B_SPLINE_CURVE_WITH_KNOTS('',1,(#5504,#5505),.UNSPECIFIED.,.F.,
  .F.,(2,2),(-1.532556983736,2.167677644879),.PIECEWISE_BEZIER_KNOTS.);
#5504 = CARTESIAN_POINT('',(3.700234628615,-0.6));
#5505 = CARTESIAN_POINT('',(-4.440892098501E-16,-0.6));
#5506 = ( GEOMETRIC_REPRESENTATION_CONTEXT(2) 
PARAMETRIC_REPRESENTATION_CONTEXT() REPRESENTATION_CONTEXT('2D SPACE',''
  ) );
#5507 = ORIENTED_EDGE('',*,*,#5508,.F.);
#5508 = EDGE_CURVE('',#5509,#5483,#5511,.T.);
#5509 = VERTEX_POINT('',#5510);
#5510 = CARTESIAN_POINT('',(-0.14779620306,4.42561800853,14.2));
#5511 = SURFACE_CURVE('',#5512,(#5516,#5522),.PCURVE_S1.);
#5512 = LINE('',#5513,#5514);
#5513 = CARTESIAN_POINT('',(-0.833982239979,0.466852410922,14.2));
#5514 = VECTOR('',#5515,1.);
#5515 = DIRECTION('',(-0.170786723536,-0.9853080204,0.));
#5516 = PCURVE('',#3527,#5517);
#5517 = DEFINITIONAL_REPRESENTATION('',(#5518),#5521);
#5518 = B_SPLINE_CURVE_WITH_KNOTS('',1,(#5519,#5520),.UNSPECIFIED.,.F.,
  .F.,(2,2),(-4.017794959187,-0.317560330572),.PIECEWISE_BEZIER_KNOTS.);
#5519 = CARTESIAN_POINT('',(-0.14779620306,4.42561800853));
#5520 = CARTESIAN_POINT('',(-0.779747151595,0.779747151595));
#5521 = ( GEOMETRIC_REPRESENTATION_CONTEXT(2) 
PARAMETRIC_REPRESENTATION_CONTEXT() REPRESENTATION_CONTEXT('2D SPACE',''
  ) );
#5522 = PCURVE('',#5523,#5528);
#5523 = PLANE('',#5524);
#5524 = AXIS2_PLACEMENT_3D('',#5525,#5526,#5527);
#5525 = CARTESIAN_POINT('',(-0.779747151595,0.779747151595,13.6));
#5526 = DIRECTION('',(-0.9853080204,0.170786723536,0.));
#5527 = DIRECTION('',(0.170786723536,0.9853080204,0.));
#5528 = DEFINITIONAL_REPRESENTATION('',(#5529),#5532);
#5529 = B_SPLINE_CURVE_WITH_KNOTS('',1,(#5530,#5531),.UNSPECIFIED.,.F.,
  .F.,(2,2),(-4.017794959187,-0.317560330572),.PIECEWISE_BEZIER_KNOTS.);
#5530 = CARTESIAN_POINT('',(3.700234628615,-0.6));
#5531 = CARTESIAN_POINT('',(0.,-0.6));
#5532 = ( GEOMETRIC_REPRESENTATION_CONTEXT(2) 
PARAMETRIC_REPRESENTATION_CONTEXT() REPRESENTATION_CONTEXT('2D SPACE',''
  ) );
#5533 = ORIENTED_EDGE('',*,*,#5534,.T.);
#5534 = EDGE_CURVE('',#5509,#5228,#5535,.T.);
#5535 = SURFACE_CURVE('',#5536,(#5541,#5552),.PCURVE_S1.);
#5536 = CIRCLE('',#5537,0.15);
#5537 = AXIS2_PLACEMENT_3D('',#5538,#5539,#5540);
#5538 = CARTESIAN_POINT('',(1.401932798117E-16,4.4,14.2));
#5539 = DIRECTION('',(-0.,0.,-1.));
#5540 = DIRECTION('',(-0.170786723536,-0.9853080204,0.));
#5541 = PCURVE('',#3527,#5542);
#5542 = DEFINITIONAL_REPRESENTATION('',(#5543),#5551);
#5543 = ( BOUNDED_CURVE() B_SPLINE_CURVE(2,(#5544,#5545,#5546,#5547,
#5548,#5549,#5550),.UNSPECIFIED.,.T.,.F.) B_SPLINE_CURVE_WITH_KNOTS((1,2
    ,2,2,2,1),(-2.094395102393,0.,2.094395102393,4.188790204786,
6.28318530718,8.377580409573),.UNSPECIFIED.) CURVE() 
GEOMETRIC_REPRESENTATION_ITEM() RATIONAL_B_SPLINE_CURVE((1.,0.5,1.,0.5,
1.,0.5,1.)) REPRESENTATION_ITEM('') );
#5544 = CARTESIAN_POINT('',(-2.561800853039E-02,4.25220379694));
#5545 = CARTESIAN_POINT('',(-0.281608541396,4.296575489303));
#5546 = CARTESIAN_POINT('',(-0.115186262168,4.496083947712));
#5547 = CARTESIAN_POINT('',(5.123601706078E-02,4.69559240612));
#5548 = CARTESIAN_POINT('',(0.140804270698,4.451712255348));
#5549 = CARTESIAN_POINT('',(0.230372524335,4.207832104577));
#5550 = CARTESIAN_POINT('',(-2.561800853039E-02,4.25220379694));
#5551 = ( GEOMETRIC_REPRESENTATION_CONTEXT(2) 
PARAMETRIC_REPRESENTATION_CONTEXT() REPRESENTATION_CONTEXT('2D SPACE',''
  ) );
#5552 = PCURVE('',#5553,#5558);
#5553 = CYLINDRICAL_SURFACE('',#5554,0.15);
#5554 = AXIS2_PLACEMENT_3D('',#5555,#5556,#5557);
#5555 = CARTESIAN_POINT('',(1.401932798117E-16,4.4,13.6));
#5556 = DIRECTION('',(-0.,0.,-1.));
#5557 = DIRECTION('',(-0.170786723536,-0.9853080204,0.));
#5558 = DEFINITIONAL_REPRESENTATION('',(#5559),#5563);
#5559 = LINE('',#5560,#5561);
#5560 = CARTESIAN_POINT('',(0.,-0.6));
#5561 = VECTOR('',#5562,1.);
#5562 = DIRECTION('',(1.,0.));
#5563 = ( GEOMETRIC_REPRESENTATION_CONTEXT(2) 
PARAMETRIC_REPRESENTATION_CONTEXT() REPRESENTATION_CONTEXT('2D SPACE',''
  ) );
#5564 = ADVANCED_FACE('',(#5565),#3562,.F.);
#5565 = FACE_BOUND('',#5566,.F.);
#5566 = EDGE_LOOP('',(#5567,#5568,#5588,#5615));
#5567 = ORIENTED_EDGE('',*,*,#3545,.T.);
#5568 = ORIENTED_EDGE('',*,*,#5569,.T.);
#5569 = EDGE_CURVE('',#3546,#5570,#5572,.T.);
#5570 = VERTEX_POINT('',#5571);
#5571 = CARTESIAN_POINT('',(4.5,0.,0.4));
#5572 = SEAM_CURVE('',#5573,(#5576,#5582),.PCURVE_S1.);
#5573 = B_SPLINE_CURVE_WITH_KNOTS('',1,(#5574,#5575),.UNSPECIFIED.,.F.,
  .F.,(2,2),(0.,1.),.PIECEWISE_BEZIER_KNOTS.);
#5574 = CARTESIAN_POINT('',(4.9,0.,0.));
#5575 = CARTESIAN_POINT('',(4.5,0.,0.4));
#5576 = PCURVE('',#3562,#5577);
#5577 = DEFINITIONAL_REPRESENTATION('',(#5578),#5581);
#5578 = B_SPLINE_CURVE_WITH_KNOTS('',1,(#5579,#5580),.UNSPECIFIED.,.F.,
  .F.,(2,2),(0.,1.),.PIECEWISE_BEZIER_KNOTS.);
#5579 = CARTESIAN_POINT('',(-6.28318530718,0.));
#5580 = CARTESIAN_POINT('',(-6.28318530718,-0.4));
#5581 = ( GEOMETRIC_REPRESENTATION_CONTEXT(2) 
PARAMETRIC_REPRESENTATION_CONTEXT() REPRESENTATION_CONTEXT('2D SPACE',''
  ) );
#5582 = PCURVE('',#3562,#5583);
#5583 = DEFINITIONAL_REPRESENTATION('',(#5584),#5587);
#5584 = B_SPLINE_CURVE_WITH_KNOTS('',1,(#5585,#5586),.UNSPECIFIED.,.F.,
  .F.,(2,2),(0.,1.),.PIECEWISE_BEZIER_KNOTS.);
#5585 = CARTESIAN_POINT('',(0.,0.));
#5586 = CARTESIAN_POINT('',(0.,-0.4));
#5587 = ( GEOMETRIC_REPRESENTATION_CONTEXT(2) 
PARAMETRIC_REPRESENTATION_CONTEXT() REPRESENTATION_CONTEXT('2D SPACE',''
  ) );
#5588 = ORIENTED_EDGE('',*,*,#5589,.F.);
#5589 = EDGE_CURVE('',#5570,#5570,#5590,.T.);
#5590 = SURFACE_CURVE('',#5591,(#5596,#5603),.PCURVE_S1.);
#5591 = CIRCLE('',#5592,4.5);
#5592 = AXIS2_PLACEMENT_3D('',#5593,#5594,#5595);
#5593 = CARTESIAN_POINT('',(0.,0.,0.4));
#5594 = DIRECTION('',(0.,0.,1.));
#5595 = DIRECTION('',(1.,0.,0.));
#5596 = PCURVE('',#3562,#5597);
#5597 = DEFINITIONAL_REPRESENTATION('',(#5598),#5602);
#5598 = LINE('',#5599,#5600);
#5599 = CARTESIAN_POINT('',(-0.,-0.4));
#5600 = VECTOR('',#5601,1.);
#5601 = DIRECTION('',(-1.,-0.));
#5602 = ( GEOMETRIC_REPRESENTATION_CONTEXT(2) 
PARAMETRIC_REPRESENTATION_CONTEXT() REPRESENTATION_CONTEXT('2D SPACE',''
  ) );
#5603 = PCURVE('',#5604,#5609);
#5604 = CYLINDRICAL_SURFACE('',#5605,4.5);
#5605 = AXIS2_PLACEMENT_3D('',#5606,#5607,#5608);
#5606 = CARTESIAN_POINT('',(0.,0.,-0.1));
#5607 = DIRECTION('',(-0.,-0.,-1.));
#5608 = DIRECTION('',(1.,0.,0.));
#5609 = DEFINITIONAL_REPRESENTATION('',(#5610),#5614);
#5610 = LINE('',#5611,#5612);
#5611 = CARTESIAN_POINT('',(-0.,-0.5));
#5612 = VECTOR('',#5613,1.);
#5613 = DIRECTION('',(-1.,0.));
#5614 = ( GEOMETRIC_REPRESENTATION_CONTEXT(2) 
PARAMETRIC_REPRESENTATION_CONTEXT() REPRESENTATION_CONTEXT('2D SPACE',''
  ) );
#5615 = ORIENTED_EDGE('',*,*,#5569,.F.);
#5616 = ADVANCED_FACE('',(#5617),#5242,.F.);
#5617 = FACE_BOUND('',#5618,.F.);
#5618 = EDGE_LOOP('',(#5619,#5649,#5670,#5671));
#5619 = ORIENTED_EDGE('',*,*,#5620,.F.);
#5620 = EDGE_CURVE('',#5621,#5623,#5625,.T.);
#5621 = VERTEX_POINT('',#5622);
#5622 = CARTESIAN_POINT('',(0.14779620306,4.42561800853,13.6));
#5623 = VERTEX_POINT('',#5624);
#5624 = CARTESIAN_POINT('',(0.779747151595,0.779747151595,13.6));
#5625 = SURFACE_CURVE('',#5626,(#5630,#5637),.PCURVE_S1.);
#5626 = LINE('',#5627,#5628);
#5627 = CARTESIAN_POINT('',(0.14779620306,4.42561800853,13.6));
#5628 = VECTOR('',#5629,1.);
#5629 = DIRECTION('',(0.170786723536,-0.9853080204,-0.));
#5630 = PCURVE('',#5242,#5631);
#5631 = DEFINITIONAL_REPRESENTATION('',(#5632),#5636);
#5632 = LINE('',#5633,#5634);
#5633 = CARTESIAN_POINT('',(0.,0.));
#5634 = VECTOR('',#5635,1.);
#5635 = DIRECTION('',(1.,0.));
#5636 = ( GEOMETRIC_REPRESENTATION_CONTEXT(2) 
PARAMETRIC_REPRESENTATION_CONTEXT() REPRESENTATION_CONTEXT('2D SPACE',''
  ) );
#5637 = PCURVE('',#5638,#5643);
#5638 = PLANE('',#5639);
#5639 = AXIS2_PLACEMENT_3D('',#5640,#5641,#5642);
#5640 = CARTESIAN_POINT('',(2.917097734921E-17,0.,13.6));
#5641 = DIRECTION('',(0.,0.,1.));
#5642 = DIRECTION('',(1.,0.,-0.));
#5643 = DEFINITIONAL_REPRESENTATION('',(#5644),#5648);
#5644 = LINE('',#5645,#5646);
#5645 = CARTESIAN_POINT('',(0.14779620306,4.42561800853));
#5646 = VECTOR('',#5647,1.);
#5647 = DIRECTION('',(0.170786723536,-0.9853080204));
#5648 = ( GEOMETRIC_REPRESENTATION_CONTEXT(2) 
PARAMETRIC_REPRESENTATION_CONTEXT() REPRESENTATION_CONTEXT('2D SPACE',''
  ) );
#5649 = ORIENTED_EDGE('',*,*,#5650,.T.);
#5650 = EDGE_CURVE('',#5621,#5228,#5651,.T.);
#5651 = SURFACE_CURVE('',#5652,(#5656,#5663),.PCURVE_S1.);
#5652 = LINE('',#5653,#5654);
#5653 = CARTESIAN_POINT('',(0.14779620306,4.42561800853,13.6));
#5654 = VECTOR('',#5655,1.);
#5655 = DIRECTION('',(0.,0.,1.));
#5656 = PCURVE('',#5242,#5657);
#5657 = DEFINITIONAL_REPRESENTATION('',(#5658),#5662);
#5658 = LINE('',#5659,#5660);
#5659 = CARTESIAN_POINT('',(0.,0.));
#5660 = VECTOR('',#5661,1.);
#5661 = DIRECTION('',(0.,-1.));
#5662 = ( GEOMETRIC_REPRESENTATION_CONTEXT(2) 
PARAMETRIC_REPRESENTATION_CONTEXT() REPRESENTATION_CONTEXT('2D SPACE',''
  ) );
#5663 = PCURVE('',#5553,#5664);
#5664 = DEFINITIONAL_REPRESENTATION('',(#5665),#5669);
#5665 = LINE('',#5666,#5667);
#5666 = CARTESIAN_POINT('',(4.369132843623,0.));
#5667 = VECTOR('',#5668,1.);
#5668 = DIRECTION('',(0.,-1.));
#5669 = ( GEOMETRIC_REPRESENTATION_CONTEXT(2) 
PARAMETRIC_REPRESENTATION_CONTEXT() REPRESENTATION_CONTEXT('2D SPACE',''
  ) );
#5670 = ORIENTED_EDGE('',*,*,#5225,.F.);
#5671 = ORIENTED_EDGE('',*,*,#5672,.F.);
#5672 = EDGE_CURVE('',#5623,#5226,#5673,.T.);
#5673 = SURFACE_CURVE('',#5674,(#5678,#5685),.PCURVE_S1.);
#5674 = LINE('',#5675,#5676);
#5675 = CARTESIAN_POINT('',(0.779747151595,0.779747151595,13.6));
#5676 = VECTOR('',#5677,1.);
#5677 = DIRECTION('',(0.,0.,1.));
#5678 = PCURVE('',#5242,#5679);
#5679 = DEFINITIONAL_REPRESENTATION('',(#5680),#5684);
#5680 = LINE('',#5681,#5682);
#5681 = CARTESIAN_POINT('',(3.700234628615,0.));
#5682 = VECTOR('',#5683,1.);
#5683 = DIRECTION('',(0.,-1.));
#5684 = ( GEOMETRIC_REPRESENTATION_CONTEXT(2) 
PARAMETRIC_REPRESENTATION_CONTEXT() REPRESENTATION_CONTEXT('2D SPACE',''
  ) );
#5685 = PCURVE('',#5268,#5686);
#5686 = DEFINITIONAL_REPRESENTATION('',(#5687),#5691);
#5687 = LINE('',#5688,#5689);
#5688 = CARTESIAN_POINT('',(0.,0.));
#5689 = VECTOR('',#5690,1.);
#5690 = DIRECTION('',(0.,-1.));
#5691 = ( GEOMETRIC_REPRESENTATION_CONTEXT(2) 
PARAMETRIC_REPRESENTATION_CONTEXT() REPRESENTATION_CONTEXT('2D SPACE',''
  ) );
#5692 = ADVANCED_FACE('',(#5693),#5553,.F.);
#5693 = FACE_BOUND('',#5694,.F.);
#5694 = EDGE_LOOP('',(#5695,#5723,#5744,#5745));
#5695 = ORIENTED_EDGE('',*,*,#5696,.F.);
#5696 = EDGE_CURVE('',#5697,#5621,#5699,.T.);
#5697 = VERTEX_POINT('',#5698);
#5698 = CARTESIAN_POINT('',(-0.14779620306,4.42561800853,13.6));
#5699 = SURFACE_CURVE('',#5700,(#5705,#5712),.PCURVE_S1.);
#5700 = CIRCLE('',#5701,0.15);
#5701 = AXIS2_PLACEMENT_3D('',#5702,#5703,#5704);
#5702 = CARTESIAN_POINT('',(1.401932798117E-16,4.4,13.6));
#5703 = DIRECTION('',(-0.,0.,-1.));
#5704 = DIRECTION('',(-0.170786723536,-0.9853080204,0.));
#5705 = PCURVE('',#5553,#5706);
#5706 = DEFINITIONAL_REPRESENTATION('',(#5707),#5711);
#5707 = LINE('',#5708,#5709);
#5708 = CARTESIAN_POINT('',(0.,0.));
#5709 = VECTOR('',#5710,1.);
#5710 = DIRECTION('',(1.,0.));
#5711 = ( GEOMETRIC_REPRESENTATION_CONTEXT(2) 
PARAMETRIC_REPRESENTATION_CONTEXT() REPRESENTATION_CONTEXT('2D SPACE',''
  ) );
#5712 = PCURVE('',#5638,#5713);
#5713 = DEFINITIONAL_REPRESENTATION('',(#5714),#5722);
#5714 = ( BOUNDED_CURVE() B_SPLINE_CURVE(2,(#5715,#5716,#5717,#5718,
#5719,#5720,#5721),.UNSPECIFIED.,.T.,.F.) B_SPLINE_CURVE_WITH_KNOTS((1,2
    ,2,2,2,1),(-2.094395102393,0.,2.094395102393,4.188790204786,
6.28318530718,8.377580409573),.UNSPECIFIED.) CURVE() 
GEOMETRIC_REPRESENTATION_ITEM() RATIONAL_B_SPLINE_CURVE((1.,0.5,1.,0.5,
1.,0.5,1.)) REPRESENTATION_ITEM('') );
#5715 = CARTESIAN_POINT('',(-2.561800853039E-02,4.25220379694));
#5716 = CARTESIAN_POINT('',(-0.281608541396,4.296575489303));
#5717 = CARTESIAN_POINT('',(-0.115186262168,4.496083947712));
#5718 = CARTESIAN_POINT('',(5.123601706078E-02,4.69559240612));
#5719 = CARTESIAN_POINT('',(0.140804270698,4.451712255348));
#5720 = CARTESIAN_POINT('',(0.230372524335,4.207832104577));
#5721 = CARTESIAN_POINT('',(-2.561800853039E-02,4.25220379694));
#5722 = ( GEOMETRIC_REPRESENTATION_CONTEXT(2) 
PARAMETRIC_REPRESENTATION_CONTEXT() REPRESENTATION_CONTEXT('2D SPACE',''
  ) );
#5723 = ORIENTED_EDGE('',*,*,#5724,.T.);
#5724 = EDGE_CURVE('',#5697,#5509,#5725,.T.);
#5725 = SURFACE_CURVE('',#5726,(#5730,#5737),.PCURVE_S1.);
#5726 = LINE('',#5727,#5728);
#5727 = CARTESIAN_POINT('',(-0.14779620306,4.42561800853,13.6));
#5728 = VECTOR('',#5729,1.);
#5729 = DIRECTION('',(0.,0.,1.));
#5730 = PCURVE('',#5553,#5731);
#5731 = DEFINITIONAL_REPRESENTATION('',(#5732),#5736);
#5732 = LINE('',#5733,#5734);
#5733 = CARTESIAN_POINT('',(1.570796326795,0.));
#5734 = VECTOR('',#5735,1.);
#5735 = DIRECTION('',(0.,-1.));
#5736 = ( GEOMETRIC_REPRESENTATION_CONTEXT(2) 
PARAMETRIC_REPRESENTATION_CONTEXT() REPRESENTATION_CONTEXT('2D SPACE',''
  ) );
#5737 = PCURVE('',#5523,#5738);
#5738 = DEFINITIONAL_REPRESENTATION('',(#5739),#5743);
#5739 = LINE('',#5740,#5741);
#5740 = CARTESIAN_POINT('',(3.700234628615,0.));
#5741 = VECTOR('',#5742,1.);
#5742 = DIRECTION('',(0.,-1.));
#5743 = ( GEOMETRIC_REPRESENTATION_CONTEXT(2) 
PARAMETRIC_REPRESENTATION_CONTEXT() REPRESENTATION_CONTEXT('2D SPACE',''
  ) );
#5744 = ORIENTED_EDGE('',*,*,#5534,.T.);
#5745 = ORIENTED_EDGE('',*,*,#5650,.F.);
#5746 = ADVANCED_FACE('',(#5747),#5523,.F.);
#5747 = FACE_BOUND('',#5748,.F.);
#5748 = EDGE_LOOP('',(#5749,#5772,#5793,#5794));
#5749 = ORIENTED_EDGE('',*,*,#5750,.F.);
#5750 = EDGE_CURVE('',#5751,#5697,#5753,.T.);
#5751 = VERTEX_POINT('',#5752);
#5752 = CARTESIAN_POINT('',(-0.779747151595,0.779747151595,13.6));
#5753 = SURFACE_CURVE('',#5754,(#5758,#5765),.PCURVE_S1.);
#5754 = LINE('',#5755,#5756);
#5755 = CARTESIAN_POINT('',(-0.79779620306,0.67561800853,13.6));
#5756 = VECTOR('',#5757,1.);
#5757 = DIRECTION('',(0.170786723536,0.9853080204,0.));
#5758 = PCURVE('',#5523,#5759);
#5759 = DEFINITIONAL_REPRESENTATION('',(#5760),#5764);
#5760 = LINE('',#5761,#5762);
#5761 = CARTESIAN_POINT('',(-0.105681818182,-0.));
#5762 = VECTOR('',#5763,1.);
#5763 = DIRECTION('',(1.,0.));
#5764 = ( GEOMETRIC_REPRESENTATION_CONTEXT(2) 
PARAMETRIC_REPRESENTATION_CONTEXT() REPRESENTATION_CONTEXT('2D SPACE',''
  ) );
#5765 = PCURVE('',#5638,#5766);
#5766 = DEFINITIONAL_REPRESENTATION('',(#5767),#5771);
#5767 = LINE('',#5768,#5769);
#5768 = CARTESIAN_POINT('',(-0.79779620306,0.67561800853));
#5769 = VECTOR('',#5770,1.);
#5770 = DIRECTION('',(0.170786723536,0.9853080204));
#5771 = ( GEOMETRIC_REPRESENTATION_CONTEXT(2) 
PARAMETRIC_REPRESENTATION_CONTEXT() REPRESENTATION_CONTEXT('2D SPACE',''
  ) );
#5772 = ORIENTED_EDGE('',*,*,#5773,.T.);
#5773 = EDGE_CURVE('',#5751,#5483,#5774,.T.);
#5774 = SURFACE_CURVE('',#5775,(#5779,#5786),.PCURVE_S1.);
#5775 = LINE('',#5776,#5777);
#5776 = CARTESIAN_POINT('',(-0.779747151595,0.779747151595,13.6));
#5777 = VECTOR('',#5778,1.);
#5778 = DIRECTION('',(0.,0.,1.));
#5779 = PCURVE('',#5523,#5780);
#5780 = DEFINITIONAL_REPRESENTATION('',(#5781),#5785);
#5781 = LINE('',#5782,#5783);
#5782 = CARTESIAN_POINT('',(0.,0.));
#5783 = VECTOR('',#5784,1.);
#5784 = DIRECTION('',(0.,-1.));
#5785 = ( GEOMETRIC_REPRESENTATION_CONTEXT(2) 
PARAMETRIC_REPRESENTATION_CONTEXT() REPRESENTATION_CONTEXT('2D SPACE',''
  ) );
#5786 = PCURVE('',#5497,#5787);
#5787 = DEFINITIONAL_REPRESENTATION('',(#5788),#5792);
#5788 = LINE('',#5789,#5790);
#5789 = CARTESIAN_POINT('',(3.700234628615,0.));
#5790 = VECTOR('',#5791,1.);
#5791 = DIRECTION('',(0.,-1.));
#5792 = ( GEOMETRIC_REPRESENTATION_CONTEXT(2) 
PARAMETRIC_REPRESENTATION_CONTEXT() REPRESENTATION_CONTEXT('2D SPACE',''
  ) );
#5793 = ORIENTED_EDGE('',*,*,#5508,.F.);
#5794 = ORIENTED_EDGE('',*,*,#5724,.F.);
#5795 = ADVANCED_FACE('',(#5796),#5497,.F.);
#5796 = FACE_BOUND('',#5797,.F.);
#5797 = EDGE_LOOP('',(#5798,#5821,#5842,#5843));
#5798 = ORIENTED_EDGE('',*,*,#5799,.F.);
#5799 = EDGE_CURVE('',#5800,#5751,#5802,.T.);
#5800 = VERTEX_POINT('',#5801);
#5801 = CARTESIAN_POINT('',(-4.42561800853,0.14779620306,13.6));
#5802 = SURFACE_CURVE('',#5803,(#5807,#5814),.PCURVE_S1.);
#5803 = LINE('',#5804,#5805);
#5804 = CARTESIAN_POINT('',(-4.42561800853,0.14779620306,13.6));
#5805 = VECTOR('',#5806,1.);
#5806 = DIRECTION('',(0.9853080204,0.170786723536,0.));
#5807 = PCURVE('',#5497,#5808);
#5808 = DEFINITIONAL_REPRESENTATION('',(#5809),#5813);
#5809 = LINE('',#5810,#5811);
#5810 = CARTESIAN_POINT('',(0.,0.));
#5811 = VECTOR('',#5812,1.);
#5812 = DIRECTION('',(1.,0.));
#5813 = ( GEOMETRIC_REPRESENTATION_CONTEXT(2) 
PARAMETRIC_REPRESENTATION_CONTEXT() REPRESENTATION_CONTEXT('2D SPACE',''
  ) );
#5814 = PCURVE('',#5638,#5815);
#5815 = DEFINITIONAL_REPRESENTATION('',(#5816),#5820);
#5816 = LINE('',#5817,#5818);
#5817 = CARTESIAN_POINT('',(-4.42561800853,0.14779620306));
#5818 = VECTOR('',#5819,1.);
#5819 = DIRECTION('',(0.9853080204,0.170786723536));
#5820 = ( GEOMETRIC_REPRESENTATION_CONTEXT(2) 
PARAMETRIC_REPRESENTATION_CONTEXT() REPRESENTATION_CONTEXT('2D SPACE',''
  ) );
#5821 = ORIENTED_EDGE('',*,*,#5822,.T.);
#5822 = EDGE_CURVE('',#5800,#5450,#5823,.T.);
#5823 = SURFACE_CURVE('',#5824,(#5828,#5835),.PCURVE_S1.);
#5824 = LINE('',#5825,#5826);
#5825 = CARTESIAN_POINT('',(-4.42561800853,0.14779620306,13.6));
#5826 = VECTOR('',#5827,1.);
#5827 = DIRECTION('',(0.,0.,1.));
#5828 = PCURVE('',#5497,#5829);
#5829 = DEFINITIONAL_REPRESENTATION('',(#5830),#5834);
#5830 = LINE('',#5831,#5832);
#5831 = CARTESIAN_POINT('',(0.,0.));
#5832 = VECTOR('',#5833,1.);
#5833 = DIRECTION('',(0.,-1.));
#5834 = ( GEOMETRIC_REPRESENTATION_CONTEXT(2) 
PARAMETRIC_REPRESENTATION_CONTEXT() REPRESENTATION_CONTEXT('2D SPACE',''
  ) );
#5835 = PCURVE('',#5470,#5836);
#5836 = DEFINITIONAL_REPRESENTATION('',(#5837),#5841);
#5837 = LINE('',#5838,#5839);
#5838 = CARTESIAN_POINT('',(4.369132843623,0.));
#5839 = VECTOR('',#5840,1.);
#5840 = DIRECTION('',(0.,-1.));
#5841 = ( GEOMETRIC_REPRESENTATION_CONTEXT(2) 
PARAMETRIC_REPRESENTATION_CONTEXT() REPRESENTATION_CONTEXT('2D SPACE',''
  ) );
#5842 = ORIENTED_EDGE('',*,*,#5482,.F.);
#5843 = ORIENTED_EDGE('',*,*,#5773,.F.);
#5844 = ADVANCED_FACE('',(#5845),#5470,.F.);
#5845 = FACE_BOUND('',#5846,.F.);
#5846 = EDGE_LOOP('',(#5847,#5875,#5896,#5897));
#5847 = ORIENTED_EDGE('',*,*,#5848,.F.);
#5848 = EDGE_CURVE('',#5849,#5800,#5851,.T.);
#5849 = VERTEX_POINT('',#5850);
#5850 = CARTESIAN_POINT('',(-4.42561800853,-0.14779620306,13.6));
#5851 = SURFACE_CURVE('',#5852,(#5857,#5864),.PCURVE_S1.);
#5852 = CIRCLE('',#5853,0.15);
#5853 = AXIS2_PLACEMENT_3D('',#5854,#5855,#5856);
#5854 = CARTESIAN_POINT('',(-4.4,1.110223024625E-16,13.6));
#5855 = DIRECTION('',(-0.,0.,-1.));
#5856 = DIRECTION('',(0.9853080204,-0.170786723536,-0.));
#5857 = PCURVE('',#5470,#5858);
#5858 = DEFINITIONAL_REPRESENTATION('',(#5859),#5863);
#5859 = LINE('',#5860,#5861);
#5860 = CARTESIAN_POINT('',(0.,0.));
#5861 = VECTOR('',#5862,1.);
#5862 = DIRECTION('',(1.,0.));
#5863 = ( GEOMETRIC_REPRESENTATION_CONTEXT(2) 
PARAMETRIC_REPRESENTATION_CONTEXT() REPRESENTATION_CONTEXT('2D SPACE',''
  ) );
#5864 = PCURVE('',#5638,#5865);
#5865 = DEFINITIONAL_REPRESENTATION('',(#5866),#5874);
#5866 = ( BOUNDED_CURVE() B_SPLINE_CURVE(2,(#5867,#5868,#5869,#5870,
#5871,#5872,#5873),.UNSPECIFIED.,.T.,.F.) B_SPLINE_CURVE_WITH_KNOTS((1,2
    ,2,2,2,1),(-2.094395102393,0.,2.094395102393,4.188790204786,
6.28318530718,8.377580409573),.UNSPECIFIED.) CURVE() 
GEOMETRIC_REPRESENTATION_ITEM() RATIONAL_B_SPLINE_CURVE((1.,0.5,1.,0.5,
1.,0.5,1.)) REPRESENTATION_ITEM('') );
#5867 = CARTESIAN_POINT('',(-4.25220379694,-2.561800853039E-02));
#5868 = CARTESIAN_POINT('',(-4.296575489303,-0.281608541396));
#5869 = CARTESIAN_POINT('',(-4.496083947712,-0.115186262168));
#5870 = CARTESIAN_POINT('',(-4.69559240612,5.123601706078E-02));
#5871 = CARTESIAN_POINT('',(-4.451712255348,0.140804270698));
#5872 = CARTESIAN_POINT('',(-4.207832104577,0.230372524335));
#5873 = CARTESIAN_POINT('',(-4.25220379694,-2.561800853039E-02));
#5874 = ( GEOMETRIC_REPRESENTATION_CONTEXT(2) 
PARAMETRIC_REPRESENTATION_CONTEXT() REPRESENTATION_CONTEXT('2D SPACE',''
  ) );
#5875 = ORIENTED_EDGE('',*,*,#5876,.T.);
#5876 = EDGE_CURVE('',#5849,#5424,#5877,.T.);
#5877 = SURFACE_CURVE('',#5878,(#5882,#5889),.PCURVE_S1.);
#5878 = LINE('',#5879,#5880);
#5879 = CARTESIAN_POINT('',(-4.42561800853,-0.14779620306,13.6));
#5880 = VECTOR('',#5881,1.);
#5881 = DIRECTION('',(0.,0.,1.));
#5882 = PCURVE('',#5470,#5883);
#5883 = DEFINITIONAL_REPRESENTATION('',(#5884),#5888);
#5884 = LINE('',#5885,#5886);
#5885 = CARTESIAN_POINT('',(1.570796326795,0.));
#5886 = VECTOR('',#5887,1.);
#5887 = DIRECTION('',(0.,-1.));
#5888 = ( GEOMETRIC_REPRESENTATION_CONTEXT(2) 
PARAMETRIC_REPRESENTATION_CONTEXT() REPRESENTATION_CONTEXT('2D SPACE',''
  ) );
#5889 = PCURVE('',#5438,#5890);
#5890 = DEFINITIONAL_REPRESENTATION('',(#5891),#5895);
#5891 = LINE('',#5892,#5893);
#5892 = CARTESIAN_POINT('',(3.700234628615,0.));
#5893 = VECTOR('',#5894,1.);
#5894 = DIRECTION('',(0.,-1.));
#5895 = ( GEOMETRIC_REPRESENTATION_CONTEXT(2) 
PARAMETRIC_REPRESENTATION_CONTEXT() REPRESENTATION_CONTEXT('2D SPACE',''
  ) );
#5896 = ORIENTED_EDGE('',*,*,#5449,.T.);
#5897 = ORIENTED_EDGE('',*,*,#5822,.F.);
#5898 = ADVANCED_FACE('',(#5899),#5438,.F.);
#5899 = FACE_BOUND('',#5900,.F.);
#5900 = EDGE_LOOP('',(#5901,#5924,#5945,#5946));
#5901 = ORIENTED_EDGE('',*,*,#5902,.F.);
#5902 = EDGE_CURVE('',#5903,#5849,#5905,.T.);
#5903 = VERTEX_POINT('',#5904);
#5904 = CARTESIAN_POINT('',(-0.779747151595,-0.779747151595,13.6));
#5905 = SURFACE_CURVE('',#5906,(#5910,#5917),.PCURVE_S1.);
#5906 = LINE('',#5907,#5908);
#5907 = CARTESIAN_POINT('',(-0.67561800853,-0.79779620306,13.6));
#5908 = VECTOR('',#5909,1.);
#5909 = DIRECTION('',(-0.9853080204,0.170786723536,0.));
#5910 = PCURVE('',#5438,#5911);
#5911 = DEFINITIONAL_REPRESENTATION('',(#5912),#5916);
#5912 = LINE('',#5913,#5914);
#5913 = CARTESIAN_POINT('',(-0.105681818182,-0.));
#5914 = VECTOR('',#5915,1.);
#5915 = DIRECTION('',(1.,0.));
#5916 = ( GEOMETRIC_REPRESENTATION_CONTEXT(2) 
PARAMETRIC_REPRESENTATION_CONTEXT() REPRESENTATION_CONTEXT('2D SPACE',''
  ) );
#5917 = PCURVE('',#5638,#5918);
#5918 = DEFINITIONAL_REPRESENTATION('',(#5919),#5923);
#5919 = LINE('',#5920,#5921);
#5920 = CARTESIAN_POINT('',(-0.67561800853,-0.79779620306));
#5921 = VECTOR('',#5922,1.);
#5922 = DIRECTION('',(-0.9853080204,0.170786723536));
#5923 = ( GEOMETRIC_REPRESENTATION_CONTEXT(2) 
PARAMETRIC_REPRESENTATION_CONTEXT() REPRESENTATION_CONTEXT('2D SPACE',''
  ) );
#5924 = ORIENTED_EDGE('',*,*,#5925,.T.);
#5925 = EDGE_CURVE('',#5903,#5398,#5926,.T.);
#5926 = SURFACE_CURVE('',#5927,(#5931,#5938),.PCURVE_S1.);
#5927 = LINE('',#5928,#5929);
#5928 = CARTESIAN_POINT('',(-0.779747151595,-0.779747151595,13.6));
#5929 = VECTOR('',#5930,1.);
#5930 = DIRECTION('',(0.,0.,1.));
#5931 = PCURVE('',#5438,#5932);
#5932 = DEFINITIONAL_REPRESENTATION('',(#5933),#5937);
#5933 = LINE('',#5934,#5935);
#5934 = CARTESIAN_POINT('',(0.,0.));
#5935 = VECTOR('',#5936,1.);
#5936 = DIRECTION('',(0.,-1.));
#5937 = ( GEOMETRIC_REPRESENTATION_CONTEXT(2) 
PARAMETRIC_REPRESENTATION_CONTEXT() REPRESENTATION_CONTEXT('2D SPACE',''
  ) );
#5938 = PCURVE('',#5412,#5939);
#5939 = DEFINITIONAL_REPRESENTATION('',(#5940),#5944);
#5940 = LINE('',#5941,#5942);
#5941 = CARTESIAN_POINT('',(3.700234628615,0.));
#5942 = VECTOR('',#5943,1.);
#5943 = DIRECTION('',(0.,-1.));
#5944 = ( GEOMETRIC_REPRESENTATION_CONTEXT(2) 
PARAMETRIC_REPRESENTATION_CONTEXT() REPRESENTATION_CONTEXT('2D SPACE',''
  ) );
#5945 = ORIENTED_EDGE('',*,*,#5423,.F.);
#5946 = ORIENTED_EDGE('',*,*,#5876,.F.);
#5947 = ADVANCED_FACE('',(#5948),#5412,.F.);
#5948 = FACE_BOUND('',#5949,.F.);
#5949 = EDGE_LOOP('',(#5950,#5973,#5994,#5995));
#5950 = ORIENTED_EDGE('',*,*,#5951,.F.);
#5951 = EDGE_CURVE('',#5952,#5903,#5954,.T.);
#5952 = VERTEX_POINT('',#5953);
#5953 = CARTESIAN_POINT('',(-0.14779620306,-4.42561800853,13.6));
#5954 = SURFACE_CURVE('',#5955,(#5959,#5966),.PCURVE_S1.);
#5955 = LINE('',#5956,#5957);
#5956 = CARTESIAN_POINT('',(-0.14779620306,-4.42561800853,13.6));
#5957 = VECTOR('',#5958,1.);
#5958 = DIRECTION('',(-0.170786723536,0.9853080204,0.));
#5959 = PCURVE('',#5412,#5960);
#5960 = DEFINITIONAL_REPRESENTATION('',(#5961),#5965);
#5961 = LINE('',#5962,#5963);
#5962 = CARTESIAN_POINT('',(0.,0.));
#5963 = VECTOR('',#5964,1.);
#5964 = DIRECTION('',(1.,0.));
#5965 = ( GEOMETRIC_REPRESENTATION_CONTEXT(2) 
PARAMETRIC_REPRESENTATION_CONTEXT() REPRESENTATION_CONTEXT('2D SPACE',''
  ) );
#5966 = PCURVE('',#5638,#5967);
#5967 = DEFINITIONAL_REPRESENTATION('',(#5968),#5972);
#5968 = LINE('',#5969,#5970);
#5969 = CARTESIAN_POINT('',(-0.14779620306,-4.42561800853));
#5970 = VECTOR('',#5971,1.);
#5971 = DIRECTION('',(-0.170786723536,0.9853080204));
#5972 = ( GEOMETRIC_REPRESENTATION_CONTEXT(2) 
PARAMETRIC_REPRESENTATION_CONTEXT() REPRESENTATION_CONTEXT('2D SPACE',''
  ) );
#5973 = ORIENTED_EDGE('',*,*,#5974,.T.);
#5974 = EDGE_CURVE('',#5952,#5365,#5975,.T.);
#5975 = SURFACE_CURVE('',#5976,(#5980,#5987),.PCURVE_S1.);
#5976 = LINE('',#5977,#5978);
#5977 = CARTESIAN_POINT('',(-0.14779620306,-4.42561800853,13.6));
#5978 = VECTOR('',#5979,1.);
#5979 = DIRECTION('',(0.,0.,1.));
#5980 = PCURVE('',#5412,#5981);
#5981 = DEFINITIONAL_REPRESENTATION('',(#5982),#5986);
#5982 = LINE('',#5983,#5984);
#5983 = CARTESIAN_POINT('',(0.,0.));
#5984 = VECTOR('',#5985,1.);
#5985 = DIRECTION('',(0.,-1.));
#5986 = ( GEOMETRIC_REPRESENTATION_CONTEXT(2) 
PARAMETRIC_REPRESENTATION_CONTEXT() REPRESENTATION_CONTEXT('2D SPACE',''
  ) );
#5987 = PCURVE('',#5385,#5988);
#5988 = DEFINITIONAL_REPRESENTATION('',(#5989),#5993);
#5989 = LINE('',#5990,#5991);
#5990 = CARTESIAN_POINT('',(4.369132843623,0.));
#5991 = VECTOR('',#5992,1.);
#5992 = DIRECTION('',(0.,-1.));
#5993 = ( GEOMETRIC_REPRESENTATION_CONTEXT(2) 
PARAMETRIC_REPRESENTATION_CONTEXT() REPRESENTATION_CONTEXT('2D SPACE',''
  ) );
#5994 = ORIENTED_EDGE('',*,*,#5397,.F.);
#5995 = ORIENTED_EDGE('',*,*,#5925,.F.);
#5996 = ADVANCED_FACE('',(#5997),#5385,.F.);
#5997 = FACE_BOUND('',#5998,.F.);
#5998 = EDGE_LOOP('',(#5999,#6027,#6048,#6049));
#5999 = ORIENTED_EDGE('',*,*,#6000,.F.);
#6000 = EDGE_CURVE('',#6001,#5952,#6003,.T.);
#6001 = VERTEX_POINT('',#6002);
#6002 = CARTESIAN_POINT('',(0.14779620306,-4.42561800853,13.6));
#6003 = SURFACE_CURVE('',#6004,(#6009,#6016),.PCURVE_S1.);
#6004 = CIRCLE('',#6005,0.15);
#6005 = AXIS2_PLACEMENT_3D('',#6006,#6007,#6008);
#6006 = CARTESIAN_POINT('',(-8.18513251133E-17,-4.4,13.6));
#6007 = DIRECTION('',(0.,0.,-1.));
#6008 = DIRECTION('',(0.170786723536,0.9853080204,0.));
#6009 = PCURVE('',#5385,#6010);
#6010 = DEFINITIONAL_REPRESENTATION('',(#6011),#6015);
#6011 = LINE('',#6012,#6013);
#6012 = CARTESIAN_POINT('',(0.,0.));
#6013 = VECTOR('',#6014,1.);
#6014 = DIRECTION('',(1.,0.));
#6015 = ( GEOMETRIC_REPRESENTATION_CONTEXT(2) 
PARAMETRIC_REPRESENTATION_CONTEXT() REPRESENTATION_CONTEXT('2D SPACE',''
  ) );
#6016 = PCURVE('',#5638,#6017);
#6017 = DEFINITIONAL_REPRESENTATION('',(#6018),#6026);
#6018 = ( BOUNDED_CURVE() B_SPLINE_CURVE(2,(#6019,#6020,#6021,#6022,
#6023,#6024,#6025),.UNSPECIFIED.,.T.,.F.) B_SPLINE_CURVE_WITH_KNOTS((1,2
    ,2,2,2,1),(-2.094395102393,0.,2.094395102393,4.188790204786,
6.28318530718,8.377580409573),.UNSPECIFIED.) CURVE() 
GEOMETRIC_REPRESENTATION_ITEM() RATIONAL_B_SPLINE_CURVE((1.,0.5,1.,0.5,
1.,0.5,1.)) REPRESENTATION_ITEM('') );
#6019 = CARTESIAN_POINT('',(2.561800853039E-02,-4.25220379694));
#6020 = CARTESIAN_POINT('',(0.281608541396,-4.296575489303));
#6021 = CARTESIAN_POINT('',(0.115186262168,-4.496083947712));
#6022 = CARTESIAN_POINT('',(-5.123601706078E-02,-4.69559240612));
#6023 = CARTESIAN_POINT('',(-0.140804270698,-4.451712255348));
#6024 = CARTESIAN_POINT('',(-0.230372524335,-4.207832104577));
#6025 = CARTESIAN_POINT('',(2.561800853039E-02,-4.25220379694));
#6026 = ( GEOMETRIC_REPRESENTATION_CONTEXT(2) 
PARAMETRIC_REPRESENTATION_CONTEXT() REPRESENTATION_CONTEXT('2D SPACE',''
  ) );
#6027 = ORIENTED_EDGE('',*,*,#6028,.T.);
#6028 = EDGE_CURVE('',#6001,#5339,#6029,.T.);
#6029 = SURFACE_CURVE('',#6030,(#6034,#6041),.PCURVE_S1.);
#6030 = LINE('',#6031,#6032);
#6031 = CARTESIAN_POINT('',(0.14779620306,-4.42561800853,13.6));
#6032 = VECTOR('',#6033,1.);
#6033 = DIRECTION('',(0.,0.,1.));
#6034 = PCURVE('',#5385,#6035);
#6035 = DEFINITIONAL_REPRESENTATION('',(#6036),#6040);
#6036 = LINE('',#6037,#6038);
#6037 = CARTESIAN_POINT('',(1.570796326795,0.));
#6038 = VECTOR('',#6039,1.);
#6039 = DIRECTION('',(0.,-1.));
#6040 = ( GEOMETRIC_REPRESENTATION_CONTEXT(2) 
PARAMETRIC_REPRESENTATION_CONTEXT() REPRESENTATION_CONTEXT('2D SPACE',''
  ) );
#6041 = PCURVE('',#5353,#6042);
#6042 = DEFINITIONAL_REPRESENTATION('',(#6043),#6047);
#6043 = LINE('',#6044,#6045);
#6044 = CARTESIAN_POINT('',(3.700234628615,0.));
#6045 = VECTOR('',#6046,1.);
#6046 = DIRECTION('',(0.,-1.));
#6047 = ( GEOMETRIC_REPRESENTATION_CONTEXT(2) 
PARAMETRIC_REPRESENTATION_CONTEXT() REPRESENTATION_CONTEXT('2D SPACE',''
  ) );
#6048 = ORIENTED_EDGE('',*,*,#5364,.T.);
#6049 = ORIENTED_EDGE('',*,*,#5974,.F.);
#6050 = ADVANCED_FACE('',(#6051),#5353,.F.);
#6051 = FACE_BOUND('',#6052,.F.);
#6052 = EDGE_LOOP('',(#6053,#6076,#6097,#6098));
#6053 = ORIENTED_EDGE('',*,*,#6054,.F.);
#6054 = EDGE_CURVE('',#6055,#6001,#6057,.T.);
#6055 = VERTEX_POINT('',#6056);
#6056 = CARTESIAN_POINT('',(0.779747151595,-0.779747151595,13.6));
#6057 = SURFACE_CURVE('',#6058,(#6062,#6069),.PCURVE_S1.);
#6058 = LINE('',#6059,#6060);
#6059 = CARTESIAN_POINT('',(0.79779620306,-0.67561800853,13.6));
#6060 = VECTOR('',#6061,1.);
#6061 = DIRECTION('',(-0.170786723536,-0.9853080204,0.));
#6062 = PCURVE('',#5353,#6063);
#6063 = DEFINITIONAL_REPRESENTATION('',(#6064),#6068);
#6064 = LINE('',#6065,#6066);
#6065 = CARTESIAN_POINT('',(-0.105681818182,0.));
#6066 = VECTOR('',#6067,1.);
#6067 = DIRECTION('',(1.,0.));
#6068 = ( GEOMETRIC_REPRESENTATION_CONTEXT(2) 
PARAMETRIC_REPRESENTATION_CONTEXT() REPRESENTATION_CONTEXT('2D SPACE',''
  ) );
#6069 = PCURVE('',#5638,#6070);
#6070 = DEFINITIONAL_REPRESENTATION('',(#6071),#6075);
#6071 = LINE('',#6072,#6073);
#6072 = CARTESIAN_POINT('',(0.79779620306,-0.67561800853));
#6073 = VECTOR('',#6074,1.);
#6074 = DIRECTION('',(-0.170786723536,-0.9853080204));
#6075 = ( GEOMETRIC_REPRESENTATION_CONTEXT(2) 
PARAMETRIC_REPRESENTATION_CONTEXT() REPRESENTATION_CONTEXT('2D SPACE',''
  ) );
#6076 = ORIENTED_EDGE('',*,*,#6077,.T.);
#6077 = EDGE_CURVE('',#6055,#5313,#6078,.T.);
#6078 = SURFACE_CURVE('',#6079,(#6083,#6090),.PCURVE_S1.);
#6079 = LINE('',#6080,#6081);
#6080 = CARTESIAN_POINT('',(0.779747151595,-0.779747151595,13.6));
#6081 = VECTOR('',#6082,1.);
#6082 = DIRECTION('',(0.,0.,1.));
#6083 = PCURVE('',#5353,#6084);
#6084 = DEFINITIONAL_REPRESENTATION('',(#6085),#6089);
#6085 = LINE('',#6086,#6087);
#6086 = CARTESIAN_POINT('',(0.,0.));
#6087 = VECTOR('',#6088,1.);
#6088 = DIRECTION('',(0.,-1.));
#6089 = ( GEOMETRIC_REPRESENTATION_CONTEXT(2) 
PARAMETRIC_REPRESENTATION_CONTEXT() REPRESENTATION_CONTEXT('2D SPACE',''
  ) );
#6090 = PCURVE('',#5327,#6091);
#6091 = DEFINITIONAL_REPRESENTATION('',(#6092),#6096);
#6092 = LINE('',#6093,#6094);
#6093 = CARTESIAN_POINT('',(3.700234628615,0.));
#6094 = VECTOR('',#6095,1.);
#6095 = DIRECTION('',(0.,-1.));
#6096 = ( GEOMETRIC_REPRESENTATION_CONTEXT(2) 
PARAMETRIC_REPRESENTATION_CONTEXT() REPRESENTATION_CONTEXT('2D SPACE',''
  ) );
#6097 = ORIENTED_EDGE('',*,*,#5338,.F.);
#6098 = ORIENTED_EDGE('',*,*,#6028,.F.);
#6099 = ADVANCED_FACE('',(#6100),#5327,.F.);
#6100 = FACE_BOUND('',#6101,.F.);
#6101 = EDGE_LOOP('',(#6102,#6125,#6146,#6147));
#6102 = ORIENTED_EDGE('',*,*,#6103,.F.);
#6103 = EDGE_CURVE('',#6104,#6055,#6106,.T.);
#6104 = VERTEX_POINT('',#6105);
#6105 = CARTESIAN_POINT('',(4.42561800853,-0.14779620306,13.6));
#6106 = SURFACE_CURVE('',#6107,(#6111,#6118),.PCURVE_S1.);
#6107 = LINE('',#6108,#6109);
#6108 = CARTESIAN_POINT('',(4.42561800853,-0.14779620306,13.6));
#6109 = VECTOR('',#6110,1.);
#6110 = DIRECTION('',(-0.9853080204,-0.170786723536,0.));
#6111 = PCURVE('',#5327,#6112);
#6112 = DEFINITIONAL_REPRESENTATION('',(#6113),#6117);
#6113 = LINE('',#6114,#6115);
#6114 = CARTESIAN_POINT('',(0.,0.));
#6115 = VECTOR('',#6116,1.);
#6116 = DIRECTION('',(1.,0.));
#6117 = ( GEOMETRIC_REPRESENTATION_CONTEXT(2) 
PARAMETRIC_REPRESENTATION_CONTEXT() REPRESENTATION_CONTEXT('2D SPACE',''
  ) );
#6118 = PCURVE('',#5638,#6119);
#6119 = DEFINITIONAL_REPRESENTATION('',(#6120),#6124);
#6120 = LINE('',#6121,#6122);
#6121 = CARTESIAN_POINT('',(4.42561800853,-0.14779620306));
#6122 = VECTOR('',#6123,1.);
#6123 = DIRECTION('',(-0.9853080204,-0.170786723536));
#6124 = ( GEOMETRIC_REPRESENTATION_CONTEXT(2) 
PARAMETRIC_REPRESENTATION_CONTEXT() REPRESENTATION_CONTEXT('2D SPACE',''
  ) );
#6125 = ORIENTED_EDGE('',*,*,#6126,.T.);
#6126 = EDGE_CURVE('',#6104,#5280,#6127,.T.);
#6127 = SURFACE_CURVE('',#6128,(#6132,#6139),.PCURVE_S1.);
#6128 = LINE('',#6129,#6130);
#6129 = CARTESIAN_POINT('',(4.42561800853,-0.14779620306,13.6));
#6130 = VECTOR('',#6131,1.);
#6131 = DIRECTION('',(0.,0.,1.));
#6132 = PCURVE('',#5327,#6133);
#6133 = DEFINITIONAL_REPRESENTATION('',(#6134),#6138);
#6134 = LINE('',#6135,#6136);
#6135 = CARTESIAN_POINT('',(0.,0.));
#6136 = VECTOR('',#6137,1.);
#6137 = DIRECTION('',(0.,-1.));
#6138 = ( GEOMETRIC_REPRESENTATION_CONTEXT(2) 
PARAMETRIC_REPRESENTATION_CONTEXT() REPRESENTATION_CONTEXT('2D SPACE',''
  ) );
#6139 = PCURVE('',#5300,#6140);
#6140 = DEFINITIONAL_REPRESENTATION('',(#6141),#6145);
#6141 = LINE('',#6142,#6143);
#6142 = CARTESIAN_POINT('',(4.369132843623,0.));
#6143 = VECTOR('',#6144,1.);
#6144 = DIRECTION('',(0.,-1.));
#6145 = ( GEOMETRIC_REPRESENTATION_CONTEXT(2) 
PARAMETRIC_REPRESENTATION_CONTEXT() REPRESENTATION_CONTEXT('2D SPACE',''
  ) );
#6146 = ORIENTED_EDGE('',*,*,#5312,.F.);
#6147 = ORIENTED_EDGE('',*,*,#6077,.F.);
#6148 = ADVANCED_FACE('',(#6149),#5300,.F.);
#6149 = FACE_BOUND('',#6150,.F.);
#6150 = EDGE_LOOP('',(#6151,#6179,#6200,#6201));
#6151 = ORIENTED_EDGE('',*,*,#6152,.F.);
#6152 = EDGE_CURVE('',#6153,#6104,#6155,.T.);
#6153 = VERTEX_POINT('',#6154);
#6154 = CARTESIAN_POINT('',(4.42561800853,0.14779620306,13.6));
#6155 = SURFACE_CURVE('',#6156,(#6161,#6168),.PCURVE_S1.);
#6156 = CIRCLE('',#6157,0.15);
#6157 = AXIS2_PLACEMENT_3D('',#6158,#6159,#6160);
#6158 = CARTESIAN_POINT('',(4.4,-1.110223024625E-16,13.6));
#6159 = DIRECTION('',(0.,0.,-1.));
#6160 = DIRECTION('',(-0.9853080204,0.170786723536,0.));
#6161 = PCURVE('',#5300,#6162);
#6162 = DEFINITIONAL_REPRESENTATION('',(#6163),#6167);
#6163 = LINE('',#6164,#6165);
#6164 = CARTESIAN_POINT('',(0.,0.));
#6165 = VECTOR('',#6166,1.);
#6166 = DIRECTION('',(1.,0.));
#6167 = ( GEOMETRIC_REPRESENTATION_CONTEXT(2) 
PARAMETRIC_REPRESENTATION_CONTEXT() REPRESENTATION_CONTEXT('2D SPACE',''
  ) );
#6168 = PCURVE('',#5638,#6169);
#6169 = DEFINITIONAL_REPRESENTATION('',(#6170),#6178);
#6170 = ( BOUNDED_CURVE() B_SPLINE_CURVE(2,(#6171,#6172,#6173,#6174,
#6175,#6176,#6177),.UNSPECIFIED.,.T.,.F.) B_SPLINE_CURVE_WITH_KNOTS((1,2
    ,2,2,2,1),(-2.094395102393,0.,2.094395102393,4.188790204786,
6.28318530718,8.377580409573),.UNSPECIFIED.) CURVE() 
GEOMETRIC_REPRESENTATION_ITEM() RATIONAL_B_SPLINE_CURVE((1.,0.5,1.,0.5,
1.,0.5,1.)) REPRESENTATION_ITEM('') );
#6171 = CARTESIAN_POINT('',(4.25220379694,2.561800853039E-02));
#6172 = CARTESIAN_POINT('',(4.296575489303,0.281608541396));
#6173 = CARTESIAN_POINT('',(4.496083947712,0.115186262168));
#6174 = CARTESIAN_POINT('',(4.69559240612,-5.123601706078E-02));
#6175 = CARTESIAN_POINT('',(4.451712255348,-0.140804270698));
#6176 = CARTESIAN_POINT('',(4.207832104577,-0.230372524335));
#6177 = CARTESIAN_POINT('',(4.25220379694,2.561800853039E-02));
#6178 = ( GEOMETRIC_REPRESENTATION_CONTEXT(2) 
PARAMETRIC_REPRESENTATION_CONTEXT() REPRESENTATION_CONTEXT('2D SPACE',''
  ) );
#6179 = ORIENTED_EDGE('',*,*,#6180,.T.);
#6180 = EDGE_CURVE('',#6153,#5254,#6181,.T.);
#6181 = SURFACE_CURVE('',#6182,(#6186,#6193),.PCURVE_S1.);
#6182 = LINE('',#6183,#6184);
#6183 = CARTESIAN_POINT('',(4.42561800853,0.14779620306,13.6));
#6184 = VECTOR('',#6185,1.);
#6185 = DIRECTION('',(0.,0.,1.));
#6186 = PCURVE('',#5300,#6187);
#6187 = DEFINITIONAL_REPRESENTATION('',(#6188),#6192);
#6188 = LINE('',#6189,#6190);
#6189 = CARTESIAN_POINT('',(1.570796326795,0.));
#6190 = VECTOR('',#6191,1.);
#6191 = DIRECTION('',(0.,-1.));
#6192 = ( GEOMETRIC_REPRESENTATION_CONTEXT(2) 
PARAMETRIC_REPRESENTATION_CONTEXT() REPRESENTATION_CONTEXT('2D SPACE',''
  ) );
#6193 = PCURVE('',#5268,#6194);
#6194 = DEFINITIONAL_REPRESENTATION('',(#6195),#6199);
#6195 = LINE('',#6196,#6197);
#6196 = CARTESIAN_POINT('',(3.700234628615,0.));
#6197 = VECTOR('',#6198,1.);
#6198 = DIRECTION('',(0.,-1.));
#6199 = ( GEOMETRIC_REPRESENTATION_CONTEXT(2) 
PARAMETRIC_REPRESENTATION_CONTEXT() REPRESENTATION_CONTEXT('2D SPACE',''
  ) );
#6200 = ORIENTED_EDGE('',*,*,#5279,.T.);
#6201 = ORIENTED_EDGE('',*,*,#6126,.F.);
#6202 = ADVANCED_FACE('',(#6203),#5268,.F.);
#6203 = FACE_BOUND('',#6204,.F.);
#6204 = EDGE_LOOP('',(#6205,#6226,#6227,#6228));
#6205 = ORIENTED_EDGE('',*,*,#6206,.F.);
#6206 = EDGE_CURVE('',#5623,#6153,#6207,.T.);
#6207 = SURFACE_CURVE('',#6208,(#6212,#6219),.PCURVE_S1.);
#6208 = LINE('',#6209,#6210);
#6209 = CARTESIAN_POINT('',(0.67561800853,0.79779620306,13.6));
#6210 = VECTOR('',#6211,1.);
#6211 = DIRECTION('',(0.9853080204,-0.170786723536,-0.));
#6212 = PCURVE('',#5268,#6213);
#6213 = DEFINITIONAL_REPRESENTATION('',(#6214),#6218);
#6214 = LINE('',#6215,#6216);
#6215 = CARTESIAN_POINT('',(-0.105681818182,-0.));
#6216 = VECTOR('',#6217,1.);
#6217 = DIRECTION('',(1.,0.));
#6218 = ( GEOMETRIC_REPRESENTATION_CONTEXT(2) 
PARAMETRIC_REPRESENTATION_CONTEXT() REPRESENTATION_CONTEXT('2D SPACE',''
  ) );
#6219 = PCURVE('',#5638,#6220);
#6220 = DEFINITIONAL_REPRESENTATION('',(#6221),#6225);
#6221 = LINE('',#6222,#6223);
#6222 = CARTESIAN_POINT('',(0.67561800853,0.79779620306));
#6223 = VECTOR('',#6224,1.);
#6224 = DIRECTION('',(0.9853080204,-0.170786723536));
#6225 = ( GEOMETRIC_REPRESENTATION_CONTEXT(2) 
PARAMETRIC_REPRESENTATION_CONTEXT() REPRESENTATION_CONTEXT('2D SPACE',''
  ) );
#6226 = ORIENTED_EDGE('',*,*,#5672,.T.);
#6227 = ORIENTED_EDGE('',*,*,#5253,.F.);
#6228 = ORIENTED_EDGE('',*,*,#6180,.F.);
#6229 = ADVANCED_FACE('',(#6230),#5604,.F.);
#6230 = FACE_BOUND('',#6231,.T.);
#6231 = EDGE_LOOP('',(#6232,#6233,#6256,#6283));
#6232 = ORIENTED_EDGE('',*,*,#5589,.F.);
#6233 = ORIENTED_EDGE('',*,*,#6234,.T.);
#6234 = EDGE_CURVE('',#5570,#6235,#6237,.T.);
#6235 = VERTEX_POINT('',#6236);
#6236 = CARTESIAN_POINT('',(4.5,0.,3.8));
#6237 = SEAM_CURVE('',#6238,(#6242,#6249),.PCURVE_S1.);
#6238 = LINE('',#6239,#6240);
#6239 = CARTESIAN_POINT('',(4.5,0.,-0.1));
#6240 = VECTOR('',#6241,1.);
#6241 = DIRECTION('',(0.,0.,1.));
#6242 = PCURVE('',#5604,#6243);
#6243 = DEFINITIONAL_REPRESENTATION('',(#6244),#6248);
#6244 = LINE('',#6245,#6246);
#6245 = CARTESIAN_POINT('',(-6.28318530718,0.));
#6246 = VECTOR('',#6247,1.);
#6247 = DIRECTION('',(-0.,-1.));
#6248 = ( GEOMETRIC_REPRESENTATION_CONTEXT(2) 
PARAMETRIC_REPRESENTATION_CONTEXT() REPRESENTATION_CONTEXT('2D SPACE',''
  ) );
#6249 = PCURVE('',#5604,#6250);
#6250 = DEFINITIONAL_REPRESENTATION('',(#6251),#6255);
#6251 = LINE('',#6252,#6253);
#6252 = CARTESIAN_POINT('',(-0.,0.));
#6253 = VECTOR('',#6254,1.);
#6254 = DIRECTION('',(-0.,-1.));
#6255 = ( GEOMETRIC_REPRESENTATION_CONTEXT(2) 
PARAMETRIC_REPRESENTATION_CONTEXT() REPRESENTATION_CONTEXT('2D SPACE',''
  ) );
#6256 = ORIENTED_EDGE('',*,*,#6257,.T.);
#6257 = EDGE_CURVE('',#6235,#6235,#6258,.T.);
#6258 = SURFACE_CURVE('',#6259,(#6264,#6271),.PCURVE_S1.);
#6259 = CIRCLE('',#6260,4.5);
#6260 = AXIS2_PLACEMENT_3D('',#6261,#6262,#6263);
#6261 = CARTESIAN_POINT('',(0.,0.,3.8));
#6262 = DIRECTION('',(0.,0.,1.));
#6263 = DIRECTION('',(1.,0.,0.));
#6264 = PCURVE('',#5604,#6265);
#6265 = DEFINITIONAL_REPRESENTATION('',(#6266),#6270);
#6266 = LINE('',#6267,#6268);
#6267 = CARTESIAN_POINT('',(-0.,-3.9));
#6268 = VECTOR('',#6269,1.);
#6269 = DIRECTION('',(-1.,0.));
#6270 = ( GEOMETRIC_REPRESENTATION_CONTEXT(2) 
PARAMETRIC_REPRESENTATION_CONTEXT() REPRESENTATION_CONTEXT('2D SPACE',''
  ) );
#6271 = PCURVE('',#6272,#6277);
#6272 = PLANE('',#6273);
#6273 = AXIS2_PLACEMENT_3D('',#6274,#6275,#6276);
#6274 = CARTESIAN_POINT('',(-3.038755850088E-16,-1.836970198721E-16,3.8)
  );
#6275 = DIRECTION('',(0.,0.,1.));
#6276 = DIRECTION('',(1.,0.,-0.));
#6277 = DEFINITIONAL_REPRESENTATION('',(#6278),#6282);
#6278 = CIRCLE('',#6279,4.5);
#6279 = AXIS2_PLACEMENT_2D('',#6280,#6281);
#6280 = CARTESIAN_POINT('',(3.038755850088E-16,1.836970198721E-16));
#6281 = DIRECTION('',(1.,0.));
#6282 = ( GEOMETRIC_REPRESENTATION_CONTEXT(2) 
PARAMETRIC_REPRESENTATION_CONTEXT() REPRESENTATION_CONTEXT('2D SPACE',''
  ) );
#6283 = ORIENTED_EDGE('',*,*,#6234,.F.);
#6284 = ADVANCED_FACE('',(#6285),#5638,.T.);
#6285 = FACE_BOUND('',#6286,.F.);
#6286 = EDGE_LOOP('',(#6287,#6288,#6289,#6290,#6291,#6292,#6293,#6294,
    #6295,#6296,#6297,#6298));
#6287 = ORIENTED_EDGE('',*,*,#5620,.T.);
#6288 = ORIENTED_EDGE('',*,*,#6206,.T.);
#6289 = ORIENTED_EDGE('',*,*,#6152,.T.);
#6290 = ORIENTED_EDGE('',*,*,#6103,.T.);
#6291 = ORIENTED_EDGE('',*,*,#6054,.T.);
#6292 = ORIENTED_EDGE('',*,*,#6000,.T.);
#6293 = ORIENTED_EDGE('',*,*,#5951,.T.);
#6294 = ORIENTED_EDGE('',*,*,#5902,.T.);
#6295 = ORIENTED_EDGE('',*,*,#5848,.T.);
#6296 = ORIENTED_EDGE('',*,*,#5799,.T.);
#6297 = ORIENTED_EDGE('',*,*,#5750,.T.);
#6298 = ORIENTED_EDGE('',*,*,#5696,.T.);
#6299 = ADVANCED_FACE('',(#6300,#6303),#6272,.F.);
#6300 = FACE_BOUND('',#6301,.F.);
#6301 = EDGE_LOOP('',(#6302));
#6302 = ORIENTED_EDGE('',*,*,#6257,.T.);
#6303 = FACE_BOUND('',#6304,.F.);
#6304 = EDGE_LOOP('',(#6305,#6340));
#6305 = ORIENTED_EDGE('',*,*,#6306,.T.);
#6306 = EDGE_CURVE('',#6307,#6309,#6311,.T.);
#6307 = VERTEX_POINT('',#6308);
#6308 = CARTESIAN_POINT('',(1.833030277982,2.5,3.8));
#6309 = VERTEX_POINT('',#6310);
#6310 = CARTESIAN_POINT('',(-1.833030277982,2.5,3.8));
#6311 = SURFACE_CURVE('',#6312,(#6317,#6328),.PCURVE_S1.);
#6312 = CIRCLE('',#6313,3.1);
#6313 = AXIS2_PLACEMENT_3D('',#6314,#6315,#6316);
#6314 = CARTESIAN_POINT('',(0.,0.,3.8));
#6315 = DIRECTION('',(0.,0.,-1.));
#6316 = DIRECTION('',(1.,0.,0.));
#6317 = PCURVE('',#6272,#6318);
#6318 = DEFINITIONAL_REPRESENTATION('',(#6319),#6327);
#6319 = ( BOUNDED_CURVE() B_SPLINE_CURVE(2,(#6320,#6321,#6322,#6323,
#6324,#6325,#6326),.UNSPECIFIED.,.T.,.F.) B_SPLINE_CURVE_WITH_KNOTS((1,2
    ,2,2,2,1),(-2.094395102393,0.,2.094395102393,4.188790204786,
6.28318530718,8.377580409573),.UNSPECIFIED.) CURVE() 
GEOMETRIC_REPRESENTATION_ITEM() RATIONAL_B_SPLINE_CURVE((1.,0.5,1.,0.5,
1.,0.5,1.)) REPRESENTATION_ITEM('') );
#6320 = CARTESIAN_POINT('',(3.1,1.836970198721E-16));
#6321 = CARTESIAN_POINT('',(3.1,-5.369357503464));
#6322 = CARTESIAN_POINT('',(-1.55,-2.684678751732));
#6323 = CARTESIAN_POINT('',(-6.2,-5.755839955993E-16));
#6324 = CARTESIAN_POINT('',(-1.55,2.684678751732));
#6325 = CARTESIAN_POINT('',(3.1,5.369357503464));
#6326 = CARTESIAN_POINT('',(3.1,1.836970198721E-16));
#6327 = ( GEOMETRIC_REPRESENTATION_CONTEXT(2) 
PARAMETRIC_REPRESENTATION_CONTEXT() REPRESENTATION_CONTEXT('2D SPACE',''
  ) );
#6328 = PCURVE('',#6329,#6334);
#6329 = CYLINDRICAL_SURFACE('',#6330,3.1);
#6330 = AXIS2_PLACEMENT_3D('',#6331,#6332,#6333);
#6331 = CARTESIAN_POINT('',(0.,0.,-0.1));
#6332 = DIRECTION('',(-0.,-0.,-1.));
#6333 = DIRECTION('',(1.,0.,0.));
#6334 = DEFINITIONAL_REPRESENTATION('',(#6335),#6339);
#6335 = LINE('',#6336,#6337);
#6336 = CARTESIAN_POINT('',(-12.56637061435,-3.9));
#6337 = VECTOR('',#6338,1.);
#6338 = DIRECTION('',(1.,-0.));
#6339 = ( GEOMETRIC_REPRESENTATION_CONTEXT(2) 
PARAMETRIC_REPRESENTATION_CONTEXT() REPRESENTATION_CONTEXT('2D SPACE',''
  ) );
#6340 = ORIENTED_EDGE('',*,*,#6341,.T.);
#6341 = EDGE_CURVE('',#6309,#6307,#6342,.T.);
#6342 = SURFACE_CURVE('',#6343,(#6347,#6353),.PCURVE_S1.);
#6343 = LINE('',#6344,#6345);
#6344 = CARTESIAN_POINT('',(-5.,2.5,3.8));
#6345 = VECTOR('',#6346,1.);
#6346 = DIRECTION('',(1.,0.,0.));
#6347 = PCURVE('',#6272,#6348);
#6348 = DEFINITIONAL_REPRESENTATION('',(#6349),#6352);
#6349 = B_SPLINE_CURVE_WITH_KNOTS('',1,(#6350,#6351),.UNSPECIFIED.,.F.,
  .F.,(2,2),(3.166969722018,6.833030277982),.PIECEWISE_BEZIER_KNOTS.);
#6350 = CARTESIAN_POINT('',(-1.833030277982,2.5));
#6351 = CARTESIAN_POINT('',(1.833030277982,2.5));
#6352 = ( GEOMETRIC_REPRESENTATION_CONTEXT(2) 
PARAMETRIC_REPRESENTATION_CONTEXT() REPRESENTATION_CONTEXT('2D SPACE',''
  ) );
#6353 = PCURVE('',#6354,#6359);
#6354 = PLANE('',#6355);
#6355 = AXIS2_PLACEMENT_3D('',#6356,#6357,#6358);
#6356 = CARTESIAN_POINT('',(-10.,2.5,-1.1));
#6357 = DIRECTION('',(0.,1.,0.));
#6358 = DIRECTION('',(0.,0.,1.));
#6359 = DEFINITIONAL_REPRESENTATION('',(#6360),#6363);
#6360 = B_SPLINE_CURVE_WITH_KNOTS('',1,(#6361,#6362),.UNSPECIFIED.,.F.,
  .F.,(2,2),(3.166969722018,6.833030277982),.PIECEWISE_BEZIER_KNOTS.);
#6361 = CARTESIAN_POINT('',(4.9,8.166969722018));
#6362 = CARTESIAN_POINT('',(4.9,11.833030277982));
#6363 = ( GEOMETRIC_REPRESENTATION_CONTEXT(2) 
PARAMETRIC_REPRESENTATION_CONTEXT() REPRESENTATION_CONTEXT('2D SPACE',''
  ) );
#6364 = ADVANCED_FACE('',(#6365),#6329,.F.);
#6365 = FACE_BOUND('',#6366,.T.);
#6366 = EDGE_LOOP('',(#6367,#6388,#6389,#6410));
#6367 = ORIENTED_EDGE('',*,*,#6368,.T.);
#6368 = EDGE_CURVE('',#6369,#6307,#6371,.T.);
#6369 = VERTEX_POINT('',#6370);
#6370 = CARTESIAN_POINT('',(1.833030277982,2.5,12.4));
#6371 = SURFACE_CURVE('',#6372,(#6376,#6382),.PCURVE_S1.);
#6372 = LINE('',#6373,#6374);
#6373 = CARTESIAN_POINT('',(1.833030277982,2.5,-0.1));
#6374 = VECTOR('',#6375,1.);
#6375 = DIRECTION('',(-0.,-0.,-1.));
#6376 = PCURVE('',#6329,#6377);
#6377 = DEFINITIONAL_REPRESENTATION('',(#6378),#6381);
#6378 = B_SPLINE_CURVE_WITH_KNOTS('',1,(#6379,#6380),.UNSPECIFIED.,.F.,
  .F.,(2,2),(-12.5,-0.),.PIECEWISE_BEZIER_KNOTS.);
#6379 = CARTESIAN_POINT('',(-7.221311632956,-12.5));
#6380 = CARTESIAN_POINT('',(-7.221311632956,0.));
#6381 = ( GEOMETRIC_REPRESENTATION_CONTEXT(2) 
PARAMETRIC_REPRESENTATION_CONTEXT() REPRESENTATION_CONTEXT('2D SPACE',''
  ) );
#6382 = PCURVE('',#6354,#6383);
#6383 = DEFINITIONAL_REPRESENTATION('',(#6384),#6387);
#6384 = B_SPLINE_CURVE_WITH_KNOTS('',1,(#6385,#6386),.UNSPECIFIED.,.F.,
  .F.,(2,2),(-12.5000006,6.000000000034E-07),.PIECEWISE_BEZIER_KNOTS.);
#6385 = CARTESIAN_POINT('',(13.5000006,11.833030277982));
#6386 = CARTESIAN_POINT('',(0.9999994,11.833030277982));
#6387 = ( GEOMETRIC_REPRESENTATION_CONTEXT(2) 
PARAMETRIC_REPRESENTATION_CONTEXT() REPRESENTATION_CONTEXT('2D SPACE',''
  ) );
#6388 = ORIENTED_EDGE('',*,*,#6306,.T.);
#6389 = ORIENTED_EDGE('',*,*,#6390,.F.);
#6390 = EDGE_CURVE('',#6391,#6309,#6393,.T.);
#6391 = VERTEX_POINT('',#6392);
#6392 = CARTESIAN_POINT('',(-1.833030277982,2.5,12.4));
#6393 = SURFACE_CURVE('',#6394,(#6398,#6404),.PCURVE_S1.);
#6394 = LINE('',#6395,#6396);
#6395 = CARTESIAN_POINT('',(-1.833030277982,2.5,-0.1));
#6396 = VECTOR('',#6397,1.);
#6397 = DIRECTION('',(-0.,-0.,-1.));
#6398 = PCURVE('',#6329,#6399);
#6399 = DEFINITIONAL_REPRESENTATION('',(#6400),#6403);
#6400 = B_SPLINE_CURVE_WITH_KNOTS('',1,(#6401,#6402),.UNSPECIFIED.,.F.,
  .F.,(2,2),(-12.5,0.),.PIECEWISE_BEZIER_KNOTS.);
#6401 = CARTESIAN_POINT('',(-2.203466327813,-12.5));
#6402 = CARTESIAN_POINT('',(-2.203466327813,0.));
#6403 = ( GEOMETRIC_REPRESENTATION_CONTEXT(2) 
PARAMETRIC_REPRESENTATION_CONTEXT() REPRESENTATION_CONTEXT('2D SPACE',''
  ) );
#6404 = PCURVE('',#6354,#6405);
#6405 = DEFINITIONAL_REPRESENTATION('',(#6406),#6409);
#6406 = B_SPLINE_CURVE_WITH_KNOTS('',1,(#6407,#6408),.UNSPECIFIED.,.F.,
  .F.,(2,2),(-12.5000006,6.000000000034E-07),.PIECEWISE_BEZIER_KNOTS.);
#6407 = CARTESIAN_POINT('',(13.5000006,8.166969722018));
#6408 = CARTESIAN_POINT('',(0.9999994,8.166969722018));
#6409 = ( GEOMETRIC_REPRESENTATION_CONTEXT(2) 
PARAMETRIC_REPRESENTATION_CONTEXT() REPRESENTATION_CONTEXT('2D SPACE',''
  ) );
#6410 = ORIENTED_EDGE('',*,*,#6411,.F.);
#6411 = EDGE_CURVE('',#6369,#6391,#6412,.T.);
#6412 = SURFACE_CURVE('',#6413,(#6418,#6425),.PCURVE_S1.);
#6413 = CIRCLE('',#6414,3.1);
#6414 = AXIS2_PLACEMENT_3D('',#6415,#6416,#6417);
#6415 = CARTESIAN_POINT('',(0.,0.,12.4));
#6416 = DIRECTION('',(0.,0.,-1.));
#6417 = DIRECTION('',(0.591300089672,0.806451612903,0.));
#6418 = PCURVE('',#6329,#6419);
#6419 = DEFINITIONAL_REPRESENTATION('',(#6420),#6424);
#6420 = LINE('',#6421,#6422);
#6421 = CARTESIAN_POINT('',(-7.221311632956,-12.5));
#6422 = VECTOR('',#6423,1.);
#6423 = DIRECTION('',(1.,-0.));
#6424 = ( GEOMETRIC_REPRESENTATION_CONTEXT(2) 
PARAMETRIC_REPRESENTATION_CONTEXT() REPRESENTATION_CONTEXT('2D SPACE',''
  ) );
#6425 = PCURVE('',#6426,#6431);
#6426 = PLANE('',#6427);
#6427 = AXIS2_PLACEMENT_3D('',#6428,#6429,#6430);
#6428 = CARTESIAN_POINT('',(-1.102774300435E-16,-1.626940586839E-17,12.4
    ));
#6429 = DIRECTION('',(0.,0.,1.));
#6430 = DIRECTION('',(1.,0.,-0.));
#6431 = DEFINITIONAL_REPRESENTATION('',(#6432),#6440);
#6432 = ( BOUNDED_CURVE() B_SPLINE_CURVE(2,(#6433,#6434,#6435,#6436,
#6437,#6438,#6439),.UNSPECIFIED.,.T.,.F.) B_SPLINE_CURVE_WITH_KNOTS((1,2
    ,2,2,2,1),(-2.094395102393,0.,2.094395102393,4.188790204786,
6.28318530718,8.377580409573),.UNSPECIFIED.) CURVE() 
GEOMETRIC_REPRESENTATION_ITEM() RATIONAL_B_SPLINE_CURVE((1.,0.5,1.,0.5,
1.,0.5,1.)) REPRESENTATION_ITEM('') );
#6433 = CARTESIAN_POINT('',(1.833030277982,2.5));
#6434 = CARTESIAN_POINT('',(6.163157296905,-0.674901573278));
#6435 = CARTESIAN_POINT('',(1.24854837047,-2.837450786639));
#6436 = CARTESIAN_POINT('',(-3.666060555965,-5.));
#6437 = CARTESIAN_POINT('',(-3.081578648452,0.337450786639));
#6438 = CARTESIAN_POINT('',(-2.49709674094,5.674901573278));
#6439 = CARTESIAN_POINT('',(1.833030277982,2.5));
#6440 = ( GEOMETRIC_REPRESENTATION_CONTEXT(2) 
PARAMETRIC_REPRESENTATION_CONTEXT() REPRESENTATION_CONTEXT('2D SPACE',''
  ) );
#6441 = ADVANCED_FACE('',(#6442),#6354,.F.);
#6442 = FACE_BOUND('',#6443,.F.);
#6443 = EDGE_LOOP('',(#6444,#6445,#6464,#6465));
#6444 = ORIENTED_EDGE('',*,*,#6390,.F.);
#6445 = ORIENTED_EDGE('',*,*,#6446,.F.);
#6446 = EDGE_CURVE('',#6369,#6391,#6447,.T.);
#6447 = SURFACE_CURVE('',#6448,(#6452,#6458),.PCURVE_S1.);
#6448 = LINE('',#6449,#6450);
#6449 = CARTESIAN_POINT('',(-5.,2.5,12.4));
#6450 = VECTOR('',#6451,1.);
#6451 = DIRECTION('',(-1.,0.,0.));
#6452 = PCURVE('',#6354,#6453);
#6453 = DEFINITIONAL_REPRESENTATION('',(#6454),#6457);
#6454 = B_SPLINE_CURVE_WITH_KNOTS('',1,(#6455,#6456),.UNSPECIFIED.,.F.,
  .F.,(2,2),(-8.1,-1.9),.PIECEWISE_BEZIER_KNOTS.);
#6455 = CARTESIAN_POINT('',(13.5,13.1));
#6456 = CARTESIAN_POINT('',(13.5,6.9));
#6457 = ( GEOMETRIC_REPRESENTATION_CONTEXT(2) 
PARAMETRIC_REPRESENTATION_CONTEXT() REPRESENTATION_CONTEXT('2D SPACE',''
  ) );
#6458 = PCURVE('',#6426,#6459);
#6459 = DEFINITIONAL_REPRESENTATION('',(#6460),#6463);
#6460 = B_SPLINE_CURVE_WITH_KNOTS('',1,(#6461,#6462),.UNSPECIFIED.,.F.,
  .F.,(2,2),(-8.1,-1.9),.PIECEWISE_BEZIER_KNOTS.);
#6461 = CARTESIAN_POINT('',(3.1,2.5));
#6462 = CARTESIAN_POINT('',(-3.1,2.5));
#6463 = ( GEOMETRIC_REPRESENTATION_CONTEXT(2) 
PARAMETRIC_REPRESENTATION_CONTEXT() REPRESENTATION_CONTEXT('2D SPACE',''
  ) );
#6464 = ORIENTED_EDGE('',*,*,#6368,.T.);
#6465 = ORIENTED_EDGE('',*,*,#6341,.F.);
#6466 = ADVANCED_FACE('',(#6467),#6426,.F.);
#6467 = FACE_BOUND('',#6468,.F.);
#6468 = EDGE_LOOP('',(#6469,#6470));
#6469 = ORIENTED_EDGE('',*,*,#6446,.T.);
#6470 = ORIENTED_EDGE('',*,*,#6411,.F.);
#6471 = ( GEOMETRIC_REPRESENTATION_CONTEXT(3) 
GLOBAL_UNCERTAINTY_ASSIGNED_CONTEXT((#6475)) 
GLOBAL_UNIT_ASSIGNED_CONTEXT((#6472,#6473,#6474)) REPRESENTATION_CONTEXT
('Context #1','3D Context with UNIT and UNCERTAINTY') );
#6472 = ( LENGTH_UNIT() NAMED_UNIT(*) SI_UNIT(.MILLI.,.METRE.) );
#6473 = ( NAMED_UNIT(*) PLANE_ANGLE_UNIT() SI_UNIT($,.RADIAN.) );
#6474 = ( NAMED_UNIT(*) SI_UNIT($,.STERADIAN.) SOLID_ANGLE_UNIT() );
#6475 = UNCERTAINTY_MEASURE_WITH_UNIT(LENGTH_MEASURE(1.E-07),#6472,
  'distance_accuracy_value','confusion accuracy');
#6476 = CONTEXT_DEPENDENT_SHAPE_REPRESENTATION(#6477,#6479);
#6477 = ( REPRESENTATION_RELATIONSHIP('','',#36,#10) 
REPRESENTATION_RELATIONSHIP_WITH_TRANSFORMATION(#6478) 
SHAPE_REPRESENTATION_RELATIONSHIP() );
#6478 = ITEM_DEFINED_TRANSFORMATION('','',#11,#15);
#6479 = PRODUCT_DEFINITION_SHAPE('Placement','Placement of an item',
  #6480);
#6480 = NEXT_ASSEMBLY_USAGE_OCCURRENCE('1','Black_fluted_knob','',#5,#31
  ,$);
#6481 = PRODUCT_RELATED_PRODUCT_CATEGORY('part',$,(#33));
#6482 = SHAPE_DEFINITION_REPRESENTATION(#6483,#6489);
#6483 = PRODUCT_DEFINITION_SHAPE('','',#6484);
#6484 = PRODUCT_DEFINITION('design','',#6485,#6488);
#6485 = PRODUCT_DEFINITION_FORMATION('','',#6486);
#6486 = PRODUCT('Purple_star','Purple_star','',(#6487));
#6487 = PRODUCT_CONTEXT('',#2,'mechanical');
#6488 = PRODUCT_DEFINITION_CONTEXT('part definition',#2,'design');
#6489 = ADVANCED_BREP_SHAPE_REPRESENTATION('',(#11,#6490),#7132);
#6490 = MANIFOLD_SOLID_BREP('',#6491);
#6491 = CLOSED_SHELL('',(#6492,#6612,#6688,#6764,#6840,#6916,#6992,#7063
    ,#7110,#7121));
#6492 = ADVANCED_FACE('',(#6493),#6507,.T.);
#6493 = FACE_BOUND('',#6494,.T.);
#6494 = EDGE_LOOP('',(#6495,#6530,#6558,#6586));
#6495 = ORIENTED_EDGE('',*,*,#6496,.T.);
#6496 = EDGE_CURVE('',#6497,#6499,#6501,.T.);
#6497 = VERTEX_POINT('',#6498);
#6498 = CARTESIAN_POINT('',(0.,4.4,13.66));
#6499 = VERTEX_POINT('',#6500);
#6500 = CARTESIAN_POINT('',(0.,4.4,14.1));
#6501 = SURFACE_CURVE('',#6502,(#6506,#6518),.PCURVE_S1.);
#6502 = LINE('',#6503,#6504);
#6503 = CARTESIAN_POINT('',(0.,4.4,13.66));
#6504 = VECTOR('',#6505,1.);
#6505 = DIRECTION('',(0.,0.,1.));
#6506 = PCURVE('',#6507,#6512);
#6507 = PLANE('',#6508);
#6508 = AXIS2_PLACEMENT_3D('',#6509,#6510,#6511);
#6509 = CARTESIAN_POINT('',(0.,4.4,13.66));
#6510 = DIRECTION('',(0.9853080204,0.170786723536,-0.));
#6511 = DIRECTION('',(0.170786723536,-0.9853080204,0.));
#6512 = DEFINITIONAL_REPRESENTATION('',(#6513),#6517);
#6513 = LINE('',#6514,#6515);
#6514 = CARTESIAN_POINT('',(0.,0.));
#6515 = VECTOR('',#6516,1.);
#6516 = DIRECTION('',(0.,-1.));
#6517 = ( GEOMETRIC_REPRESENTATION_CONTEXT(2) 
PARAMETRIC_REPRESENTATION_CONTEXT() REPRESENTATION_CONTEXT('2D SPACE',''
  ) );
#6518 = PCURVE('',#6519,#6524);
#6519 = PLANE('',#6520);
#6520 = AXIS2_PLACEMENT_3D('',#6521,#6522,#6523);
#6521 = CARTESIAN_POINT('',(-0.65,0.65,13.66));
#6522 = DIRECTION('',(-0.9853080204,0.170786723536,0.));
#6523 = DIRECTION('',(0.170786723536,0.9853080204,0.));
#6524 = DEFINITIONAL_REPRESENTATION('',(#6525),#6529);
#6525 = LINE('',#6526,#6527);
#6526 = CARTESIAN_POINT('',(3.805916446797,0.));
#6527 = VECTOR('',#6528,1.);
#6528 = DIRECTION('',(0.,-1.));
#6529 = ( GEOMETRIC_REPRESENTATION_CONTEXT(2) 
PARAMETRIC_REPRESENTATION_CONTEXT() REPRESENTATION_CONTEXT('2D SPACE',''
  ) );
#6530 = ORIENTED_EDGE('',*,*,#6531,.T.);
#6531 = EDGE_CURVE('',#6499,#6532,#6534,.T.);
#6532 = VERTEX_POINT('',#6533);
#6533 = CARTESIAN_POINT('',(0.65,0.65,14.1));
#6534 = SURFACE_CURVE('',#6535,(#6539,#6546),.PCURVE_S1.);
#6535 = LINE('',#6536,#6537);
#6536 = CARTESIAN_POINT('',(0.,4.4,14.1));
#6537 = VECTOR('',#6538,1.);
#6538 = DIRECTION('',(0.170786723536,-0.9853080204,0.));
#6539 = PCURVE('',#6507,#6540);
#6540 = DEFINITIONAL_REPRESENTATION('',(#6541),#6545);
#6541 = LINE('',#6542,#6543);
#6542 = CARTESIAN_POINT('',(0.,-0.44));
#6543 = VECTOR('',#6544,1.);
#6544 = DIRECTION('',(1.,0.));
#6545 = ( GEOMETRIC_REPRESENTATION_CONTEXT(2) 
PARAMETRIC_REPRESENTATION_CONTEXT() REPRESENTATION_CONTEXT('2D SPACE',''
  ) );
#6546 = PCURVE('',#6547,#6552);
#6547 = PLANE('',#6548);
#6548 = AXIS2_PLACEMENT_3D('',#6549,#6550,#6551);
#6549 = CARTESIAN_POINT('',(2.917097734921E-17,0.,14.1));
#6550 = DIRECTION('',(-0.,-0.,-1.));
#6551 = DIRECTION('',(-1.,0.,0.));
#6552 = DEFINITIONAL_REPRESENTATION('',(#6553),#6557);
#6553 = LINE('',#6554,#6555);
#6554 = CARTESIAN_POINT('',(2.917097734921E-17,4.4));
#6555 = VECTOR('',#6556,1.);
#6556 = DIRECTION('',(-0.170786723536,-0.9853080204));
#6557 = ( GEOMETRIC_REPRESENTATION_CONTEXT(2) 
PARAMETRIC_REPRESENTATION_CONTEXT() REPRESENTATION_CONTEXT('2D SPACE',''
  ) );
#6558 = ORIENTED_EDGE('',*,*,#6559,.F.);
#6559 = EDGE_CURVE('',#6560,#6532,#6562,.T.);
#6560 = VERTEX_POINT('',#6561);
#6561 = CARTESIAN_POINT('',(0.65,0.65,13.66));
#6562 = SURFACE_CURVE('',#6563,(#6567,#6574),.PCURVE_S1.);
#6563 = LINE('',#6564,#6565);
#6564 = CARTESIAN_POINT('',(0.65,0.65,13.66));
#6565 = VECTOR('',#6566,1.);
#6566 = DIRECTION('',(0.,0.,1.));
#6567 = PCURVE('',#6507,#6568);
#6568 = DEFINITIONAL_REPRESENTATION('',(#6569),#6573);
#6569 = LINE('',#6570,#6571);
#6570 = CARTESIAN_POINT('',(3.805916446797,0.));
#6571 = VECTOR('',#6572,1.);
#6572 = DIRECTION('',(0.,-1.));
#6573 = ( GEOMETRIC_REPRESENTATION_CONTEXT(2) 
PARAMETRIC_REPRESENTATION_CONTEXT() REPRESENTATION_CONTEXT('2D SPACE',''
  ) );
#6574 = PCURVE('',#6575,#6580);
#6575 = PLANE('',#6576);
#6576 = AXIS2_PLACEMENT_3D('',#6577,#6578,#6579);
#6577 = CARTESIAN_POINT('',(0.65,0.65,13.66));
#6578 = DIRECTION('',(0.170786723536,0.9853080204,-0.));
#6579 = DIRECTION('',(0.9853080204,-0.170786723536,0.));
#6580 = DEFINITIONAL_REPRESENTATION('',(#6581),#6585);
#6581 = LINE('',#6582,#6583);
#6582 = CARTESIAN_POINT('',(0.,0.));
#6583 = VECTOR('',#6584,1.);
#6584 = DIRECTION('',(0.,-1.));
#6585 = ( GEOMETRIC_REPRESENTATION_CONTEXT(2) 
PARAMETRIC_REPRESENTATION_CONTEXT() REPRESENTATION_CONTEXT('2D SPACE',''
  ) );
#6586 = ORIENTED_EDGE('',*,*,#6587,.F.);
#6587 = EDGE_CURVE('',#6497,#6560,#6588,.T.);
#6588 = SURFACE_CURVE('',#6589,(#6593,#6600),.PCURVE_S1.);
#6589 = LINE('',#6590,#6591);
#6590 = CARTESIAN_POINT('',(0.,4.4,13.66));
#6591 = VECTOR('',#6592,1.);
#6592 = DIRECTION('',(0.170786723536,-0.9853080204,0.));
#6593 = PCURVE('',#6507,#6594);
#6594 = DEFINITIONAL_REPRESENTATION('',(#6595),#6599);
#6595 = LINE('',#6596,#6597);
#6596 = CARTESIAN_POINT('',(0.,0.));
#6597 = VECTOR('',#6598,1.);
#6598 = DIRECTION('',(1.,0.));
#6599 = ( GEOMETRIC_REPRESENTATION_CONTEXT(2) 
PARAMETRIC_REPRESENTATION_CONTEXT() REPRESENTATION_CONTEXT('2D SPACE',''
  ) );
#6600 = PCURVE('',#6601,#6606);
#6601 = PLANE('',#6602);
#6602 = AXIS2_PLACEMENT_3D('',#6603,#6604,#6605);
#6603 = CARTESIAN_POINT('',(2.917097734921E-17,0.,13.66));
#6604 = DIRECTION('',(-0.,-0.,-1.));
#6605 = DIRECTION('',(-1.,0.,0.));
#6606 = DEFINITIONAL_REPRESENTATION('',(#6607),#6611);
#6607 = LINE('',#6608,#6609);
#6608 = CARTESIAN_POINT('',(2.917097734921E-17,4.4));
#6609 = VECTOR('',#6610,1.);
#6610 = DIRECTION('',(-0.170786723536,-0.9853080204));
#6611 = ( GEOMETRIC_REPRESENTATION_CONTEXT(2) 
PARAMETRIC_REPRESENTATION_CONTEXT() REPRESENTATION_CONTEXT('2D SPACE',''
  ) );
#6612 = ADVANCED_FACE('',(#6613),#6575,.T.);
#6613 = FACE_BOUND('',#6614,.T.);
#6614 = EDGE_LOOP('',(#6615,#6616,#6639,#6667));
#6615 = ORIENTED_EDGE('',*,*,#6559,.T.);
#6616 = ORIENTED_EDGE('',*,*,#6617,.T.);
#6617 = EDGE_CURVE('',#6532,#6618,#6620,.T.);
#6618 = VERTEX_POINT('',#6619);
#6619 = CARTESIAN_POINT('',(4.4,0.,14.1));
#6620 = SURFACE_CURVE('',#6621,(#6625,#6632),.PCURVE_S1.);
#6621 = LINE('',#6622,#6623);
#6622 = CARTESIAN_POINT('',(0.65,0.65,14.1));
#6623 = VECTOR('',#6624,1.);
#6624 = DIRECTION('',(0.9853080204,-0.170786723536,0.));
#6625 = PCURVE('',#6575,#6626);
#6626 = DEFINITIONAL_REPRESENTATION('',(#6627),#6631);
#6627 = LINE('',#6628,#6629);
#6628 = CARTESIAN_POINT('',(0.,-0.44));
#6629 = VECTOR('',#6630,1.);
#6630 = DIRECTION('',(1.,0.));
#6631 = ( GEOMETRIC_REPRESENTATION_CONTEXT(2) 
PARAMETRIC_REPRESENTATION_CONTEXT() REPRESENTATION_CONTEXT('2D SPACE',''
  ) );
#6632 = PCURVE('',#6547,#6633);
#6633 = DEFINITIONAL_REPRESENTATION('',(#6634),#6638);
#6634 = LINE('',#6635,#6636);
#6635 = CARTESIAN_POINT('',(-0.65,0.65));
#6636 = VECTOR('',#6637,1.);
#6637 = DIRECTION('',(-0.9853080204,-0.170786723536));
#6638 = ( GEOMETRIC_REPRESENTATION_CONTEXT(2) 
PARAMETRIC_REPRESENTATION_CONTEXT() REPRESENTATION_CONTEXT('2D SPACE',''
  ) );
#6639 = ORIENTED_EDGE('',*,*,#6640,.F.);
#6640 = EDGE_CURVE('',#6641,#6618,#6643,.T.);
#6641 = VERTEX_POINT('',#6642);
#6642 = CARTESIAN_POINT('',(4.4,0.,13.66));
#6643 = SURFACE_CURVE('',#6644,(#6648,#6655),.PCURVE_S1.);
#6644 = LINE('',#6645,#6646);
#6645 = CARTESIAN_POINT('',(4.4,0.,13.66));
#6646 = VECTOR('',#6647,1.);
#6647 = DIRECTION('',(0.,0.,1.));
#6648 = PCURVE('',#6575,#6649);
#6649 = DEFINITIONAL_REPRESENTATION('',(#6650),#6654);
#6650 = LINE('',#6651,#6652);
#6651 = CARTESIAN_POINT('',(3.805916446797,0.));
#6652 = VECTOR('',#6653,1.);
#6653 = DIRECTION('',(0.,-1.));
#6654 = ( GEOMETRIC_REPRESENTATION_CONTEXT(2) 
PARAMETRIC_REPRESENTATION_CONTEXT() REPRESENTATION_CONTEXT('2D SPACE',''
  ) );
#6655 = PCURVE('',#6656,#6661);
#6656 = PLANE('',#6657);
#6657 = AXIS2_PLACEMENT_3D('',#6658,#6659,#6660);
#6658 = CARTESIAN_POINT('',(4.4,0.,13.66));
#6659 = DIRECTION('',(0.170786723536,-0.9853080204,0.));
#6660 = DIRECTION('',(-0.9853080204,-0.170786723536,0.));
#6661 = DEFINITIONAL_REPRESENTATION('',(#6662),#6666);
#6662 = LINE('',#6663,#6664);
#6663 = CARTESIAN_POINT('',(0.,0.));
#6664 = VECTOR('',#6665,1.);
#6665 = DIRECTION('',(0.,-1.));
#6666 = ( GEOMETRIC_REPRESENTATION_CONTEXT(2) 
PARAMETRIC_REPRESENTATION_CONTEXT() REPRESENTATION_CONTEXT('2D SPACE',''
  ) );
#6667 = ORIENTED_EDGE('',*,*,#6668,.F.);
#6668 = EDGE_CURVE('',#6560,#6641,#6669,.T.);
#6669 = SURFACE_CURVE('',#6670,(#6674,#6681),.PCURVE_S1.);
#6670 = LINE('',#6671,#6672);
#6671 = CARTESIAN_POINT('',(0.65,0.65,13.66));
#6672 = VECTOR('',#6673,1.);
#6673 = DIRECTION('',(0.9853080204,-0.170786723536,0.));
#6674 = PCURVE('',#6575,#6675);
#6675 = DEFINITIONAL_REPRESENTATION('',(#6676),#6680);
#6676 = LINE('',#6677,#6678);
#6677 = CARTESIAN_POINT('',(0.,0.));
#6678 = VECTOR('',#6679,1.);
#6679 = DIRECTION('',(1.,0.));
#6680 = ( GEOMETRIC_REPRESENTATION_CONTEXT(2) 
PARAMETRIC_REPRESENTATION_CONTEXT() REPRESENTATION_CONTEXT('2D SPACE',''
  ) );
#6681 = PCURVE('',#6601,#6682);
#6682 = DEFINITIONAL_REPRESENTATION('',(#6683),#6687);
#6683 = LINE('',#6684,#6685);
#6684 = CARTESIAN_POINT('',(-0.65,0.65));
#6685 = VECTOR('',#6686,1.);
#6686 = DIRECTION('',(-0.9853080204,-0.170786723536));
#6687 = ( GEOMETRIC_REPRESENTATION_CONTEXT(2) 
PARAMETRIC_REPRESENTATION_CONTEXT() REPRESENTATION_CONTEXT('2D SPACE',''
  ) );
#6688 = ADVANCED_FACE('',(#6689),#6656,.T.);
#6689 = FACE_BOUND('',#6690,.T.);
#6690 = EDGE_LOOP('',(#6691,#6692,#6715,#6743));
#6691 = ORIENTED_EDGE('',*,*,#6640,.T.);
#6692 = ORIENTED_EDGE('',*,*,#6693,.T.);
#6693 = EDGE_CURVE('',#6618,#6694,#6696,.T.);
#6694 = VERTEX_POINT('',#6695);
#6695 = CARTESIAN_POINT('',(0.65,-0.65,14.1));
#6696 = SURFACE_CURVE('',#6697,(#6701,#6708),.PCURVE_S1.);
#6697 = LINE('',#6698,#6699);
#6698 = CARTESIAN_POINT('',(4.4,0.,14.1));
#6699 = VECTOR('',#6700,1.);
#6700 = DIRECTION('',(-0.9853080204,-0.170786723536,0.));
#6701 = PCURVE('',#6656,#6702);
#6702 = DEFINITIONAL_REPRESENTATION('',(#6703),#6707);
#6703 = LINE('',#6704,#6705);
#6704 = CARTESIAN_POINT('',(0.,-0.44));
#6705 = VECTOR('',#6706,1.);
#6706 = DIRECTION('',(1.,0.));
#6707 = ( GEOMETRIC_REPRESENTATION_CONTEXT(2) 
PARAMETRIC_REPRESENTATION_CONTEXT() REPRESENTATION_CONTEXT('2D SPACE',''
  ) );
#6708 = PCURVE('',#6547,#6709);
#6709 = DEFINITIONAL_REPRESENTATION('',(#6710),#6714);
#6710 = LINE('',#6711,#6712);
#6711 = CARTESIAN_POINT('',(-4.4,0.));
#6712 = VECTOR('',#6713,1.);
#6713 = DIRECTION('',(0.9853080204,-0.170786723536));
#6714 = ( GEOMETRIC_REPRESENTATION_CONTEXT(2) 
PARAMETRIC_REPRESENTATION_CONTEXT() REPRESENTATION_CONTEXT('2D SPACE',''
  ) );
#6715 = ORIENTED_EDGE('',*,*,#6716,.F.);
#6716 = EDGE_CURVE('',#6717,#6694,#6719,.T.);
#6717 = VERTEX_POINT('',#6718);
#6718 = CARTESIAN_POINT('',(0.65,-0.65,13.66));
#6719 = SURFACE_CURVE('',#6720,(#6724,#6731),.PCURVE_S1.);
#6720 = LINE('',#6721,#6722);
#6721 = CARTESIAN_POINT('',(0.65,-0.65,13.66));
#6722 = VECTOR('',#6723,1.);
#6723 = DIRECTION('',(0.,0.,1.));
#6724 = PCURVE('',#6656,#6725);
#6725 = DEFINITIONAL_REPRESENTATION('',(#6726),#6730);
#6726 = LINE('',#6727,#6728);
#6727 = CARTESIAN_POINT('',(3.805916446797,0.));
#6728 = VECTOR('',#6729,1.);
#6729 = DIRECTION('',(0.,-1.));
#6730 = ( GEOMETRIC_REPRESENTATION_CONTEXT(2) 
PARAMETRIC_REPRESENTATION_CONTEXT() REPRESENTATION_CONTEXT('2D SPACE',''
  ) );
#6731 = PCURVE('',#6732,#6737);
#6732 = PLANE('',#6733);
#6733 = AXIS2_PLACEMENT_3D('',#6734,#6735,#6736);
#6734 = CARTESIAN_POINT('',(0.65,-0.65,13.66));
#6735 = DIRECTION('',(0.9853080204,-0.170786723536,0.));
#6736 = DIRECTION('',(-0.170786723536,-0.9853080204,0.));
#6737 = DEFINITIONAL_REPRESENTATION('',(#6738),#6742);
#6738 = LINE('',#6739,#6740);
#6739 = CARTESIAN_POINT('',(0.,0.));
#6740 = VECTOR('',#6741,1.);
#6741 = DIRECTION('',(0.,-1.));
#6742 = ( GEOMETRIC_REPRESENTATION_CONTEXT(2) 
PARAMETRIC_REPRESENTATION_CONTEXT() REPRESENTATION_CONTEXT('2D SPACE',''
  ) );
#6743 = ORIENTED_EDGE('',*,*,#6744,.F.);
#6744 = EDGE_CURVE('',#6641,#6717,#6745,.T.);
#6745 = SURFACE_CURVE('',#6746,(#6750,#6757),.PCURVE_S1.);
#6746 = LINE('',#6747,#6748);
#6747 = CARTESIAN_POINT('',(4.4,0.,13.66));
#6748 = VECTOR('',#6749,1.);
#6749 = DIRECTION('',(-0.9853080204,-0.170786723536,0.));
#6750 = PCURVE('',#6656,#6751);
#6751 = DEFINITIONAL_REPRESENTATION('',(#6752),#6756);
#6752 = LINE('',#6753,#6754);
#6753 = CARTESIAN_POINT('',(0.,0.));
#6754 = VECTOR('',#6755,1.);
#6755 = DIRECTION('',(1.,0.));
#6756 = ( GEOMETRIC_REPRESENTATION_CONTEXT(2) 
PARAMETRIC_REPRESENTATION_CONTEXT() REPRESENTATION_CONTEXT('2D SPACE',''
  ) );
#6757 = PCURVE('',#6601,#6758);
#6758 = DEFINITIONAL_REPRESENTATION('',(#6759),#6763);
#6759 = LINE('',#6760,#6761);
#6760 = CARTESIAN_POINT('',(-4.4,0.));
#6761 = VECTOR('',#6762,1.);
#6762 = DIRECTION('',(0.9853080204,-0.170786723536));
#6763 = ( GEOMETRIC_REPRESENTATION_CONTEXT(2) 
PARAMETRIC_REPRESENTATION_CONTEXT() REPRESENTATION_CONTEXT('2D SPACE',''
  ) );
#6764 = ADVANCED_FACE('',(#6765),#6732,.T.);
#6765 = FACE_BOUND('',#6766,.T.);
#6766 = EDGE_LOOP('',(#6767,#6768,#6791,#6819));
#6767 = ORIENTED_EDGE('',*,*,#6716,.T.);
#6768 = ORIENTED_EDGE('',*,*,#6769,.T.);
#6769 = EDGE_CURVE('',#6694,#6770,#6772,.T.);
#6770 = VERTEX_POINT('',#6771);
#6771 = CARTESIAN_POINT('',(0.,-4.4,14.1));
#6772 = SURFACE_CURVE('',#6773,(#6777,#6784),.PCURVE_S1.);
#6773 = LINE('',#6774,#6775);
#6774 = CARTESIAN_POINT('',(0.65,-0.65,14.1));
#6775 = VECTOR('',#6776,1.);
#6776 = DIRECTION('',(-0.170786723536,-0.9853080204,0.));
#6777 = PCURVE('',#6732,#6778);
#6778 = DEFINITIONAL_REPRESENTATION('',(#6779),#6783);
#6779 = LINE('',#6780,#6781);
#6780 = CARTESIAN_POINT('',(0.,-0.44));
#6781 = VECTOR('',#6782,1.);
#6782 = DIRECTION('',(1.,0.));
#6783 = ( GEOMETRIC_REPRESENTATION_CONTEXT(2) 
PARAMETRIC_REPRESENTATION_CONTEXT() REPRESENTATION_CONTEXT('2D SPACE',''
  ) );
#6784 = PCURVE('',#6547,#6785);
#6785 = DEFINITIONAL_REPRESENTATION('',(#6786),#6790);
#6786 = LINE('',#6787,#6788);
#6787 = CARTESIAN_POINT('',(-0.65,-0.65));
#6788 = VECTOR('',#6789,1.);
#6789 = DIRECTION('',(0.170786723536,-0.9853080204));
#6790 = ( GEOMETRIC_REPRESENTATION_CONTEXT(2) 
PARAMETRIC_REPRESENTATION_CONTEXT() REPRESENTATION_CONTEXT('2D SPACE',''
  ) );
#6791 = ORIENTED_EDGE('',*,*,#6792,.F.);
#6792 = EDGE_CURVE('',#6793,#6770,#6795,.T.);
#6793 = VERTEX_POINT('',#6794);
#6794 = CARTESIAN_POINT('',(0.,-4.4,13.66));
#6795 = SURFACE_CURVE('',#6796,(#6800,#6807),.PCURVE_S1.);
#6796 = LINE('',#6797,#6798);
#6797 = CARTESIAN_POINT('',(0.,-4.4,13.66));
#6798 = VECTOR('',#6799,1.);
#6799 = DIRECTION('',(0.,0.,1.));
#6800 = PCURVE('',#6732,#6801);
#6801 = DEFINITIONAL_REPRESENTATION('',(#6802),#6806);
#6802 = LINE('',#6803,#6804);
#6803 = CARTESIAN_POINT('',(3.805916446797,0.));
#6804 = VECTOR('',#6805,1.);
#6805 = DIRECTION('',(0.,-1.));
#6806 = ( GEOMETRIC_REPRESENTATION_CONTEXT(2) 
PARAMETRIC_REPRESENTATION_CONTEXT() REPRESENTATION_CONTEXT('2D SPACE',''
  ) );
#6807 = PCURVE('',#6808,#6813);
#6808 = PLANE('',#6809);
#6809 = AXIS2_PLACEMENT_3D('',#6810,#6811,#6812);
#6810 = CARTESIAN_POINT('',(0.,-4.4,13.66));
#6811 = DIRECTION('',(-0.9853080204,-0.170786723536,0.));
#6812 = DIRECTION('',(-0.170786723536,0.9853080204,0.));
#6813 = DEFINITIONAL_REPRESENTATION('',(#6814),#6818);
#6814 = LINE('',#6815,#6816);
#6815 = CARTESIAN_POINT('',(0.,0.));
#6816 = VECTOR('',#6817,1.);
#6817 = DIRECTION('',(0.,-1.));
#6818 = ( GEOMETRIC_REPRESENTATION_CONTEXT(2) 
PARAMETRIC_REPRESENTATION_CONTEXT() REPRESENTATION_CONTEXT('2D SPACE',''
  ) );
#6819 = ORIENTED_EDGE('',*,*,#6820,.F.);
#6820 = EDGE_CURVE('',#6717,#6793,#6821,.T.);
#6821 = SURFACE_CURVE('',#6822,(#6826,#6833),.PCURVE_S1.);
#6822 = LINE('',#6823,#6824);
#6823 = CARTESIAN_POINT('',(0.65,-0.65,13.66));
#6824 = VECTOR('',#6825,1.);
#6825 = DIRECTION('',(-0.170786723536,-0.9853080204,0.));
#6826 = PCURVE('',#6732,#6827);
#6827 = DEFINITIONAL_REPRESENTATION('',(#6828),#6832);
#6828 = LINE('',#6829,#6830);
#6829 = CARTESIAN_POINT('',(0.,0.));
#6830 = VECTOR('',#6831,1.);
#6831 = DIRECTION('',(1.,0.));
#6832 = ( GEOMETRIC_REPRESENTATION_CONTEXT(2) 
PARAMETRIC_REPRESENTATION_CONTEXT() REPRESENTATION_CONTEXT('2D SPACE',''
  ) );
#6833 = PCURVE('',#6601,#6834);
#6834 = DEFINITIONAL_REPRESENTATION('',(#6835),#6839);
#6835 = LINE('',#6836,#6837);
#6836 = CARTESIAN_POINT('',(-0.65,-0.65));
#6837 = VECTOR('',#6838,1.);
#6838 = DIRECTION('',(0.170786723536,-0.9853080204));
#6839 = ( GEOMETRIC_REPRESENTATION_CONTEXT(2) 
PARAMETRIC_REPRESENTATION_CONTEXT() REPRESENTATION_CONTEXT('2D SPACE',''
  ) );
#6840 = ADVANCED_FACE('',(#6841),#6808,.T.);
#6841 = FACE_BOUND('',#6842,.T.);
#6842 = EDGE_LOOP('',(#6843,#6844,#6867,#6895));
#6843 = ORIENTED_EDGE('',*,*,#6792,.T.);
#6844 = ORIENTED_EDGE('',*,*,#6845,.T.);
#6845 = EDGE_CURVE('',#6770,#6846,#6848,.T.);
#6846 = VERTEX_POINT('',#6847);
#6847 = CARTESIAN_POINT('',(-0.65,-0.65,14.1));
#6848 = SURFACE_CURVE('',#6849,(#6853,#6860),.PCURVE_S1.);
#6849 = LINE('',#6850,#6851);
#6850 = CARTESIAN_POINT('',(0.,-4.4,14.1));
#6851 = VECTOR('',#6852,1.);
#6852 = DIRECTION('',(-0.170786723536,0.9853080204,0.));
#6853 = PCURVE('',#6808,#6854);
#6854 = DEFINITIONAL_REPRESENTATION('',(#6855),#6859);
#6855 = LINE('',#6856,#6857);
#6856 = CARTESIAN_POINT('',(0.,-0.44));
#6857 = VECTOR('',#6858,1.);
#6858 = DIRECTION('',(1.,0.));
#6859 = ( GEOMETRIC_REPRESENTATION_CONTEXT(2) 
PARAMETRIC_REPRESENTATION_CONTEXT() REPRESENTATION_CONTEXT('2D SPACE',''
  ) );
#6860 = PCURVE('',#6547,#6861);
#6861 = DEFINITIONAL_REPRESENTATION('',(#6862),#6866);
#6862 = LINE('',#6863,#6864);
#6863 = CARTESIAN_POINT('',(2.917097734921E-17,-4.4));
#6864 = VECTOR('',#6865,1.);
#6865 = DIRECTION('',(0.170786723536,0.9853080204));
#6866 = ( GEOMETRIC_REPRESENTATION_CONTEXT(2) 
PARAMETRIC_REPRESENTATION_CONTEXT() REPRESENTATION_CONTEXT('2D SPACE',''
  ) );
#6867 = ORIENTED_EDGE('',*,*,#6868,.F.);
#6868 = EDGE_CURVE('',#6869,#6846,#6871,.T.);
#6869 = VERTEX_POINT('',#6870);
#6870 = CARTESIAN_POINT('',(-0.65,-0.65,13.66));
#6871 = SURFACE_CURVE('',#6872,(#6876,#6883),.PCURVE_S1.);
#6872 = LINE('',#6873,#6874);
#6873 = CARTESIAN_POINT('',(-0.65,-0.65,13.66));
#6874 = VECTOR('',#6875,1.);
#6875 = DIRECTION('',(0.,0.,1.));
#6876 = PCURVE('',#6808,#6877);
#6877 = DEFINITIONAL_REPRESENTATION('',(#6878),#6882);
#6878 = LINE('',#6879,#6880);
#6879 = CARTESIAN_POINT('',(3.805916446797,0.));
#6880 = VECTOR('',#6881,1.);
#6881 = DIRECTION('',(0.,-1.));
#6882 = ( GEOMETRIC_REPRESENTATION_CONTEXT(2) 
PARAMETRIC_REPRESENTATION_CONTEXT() REPRESENTATION_CONTEXT('2D SPACE',''
  ) );
#6883 = PCURVE('',#6884,#6889);
#6884 = PLANE('',#6885);
#6885 = AXIS2_PLACEMENT_3D('',#6886,#6887,#6888);
#6886 = CARTESIAN_POINT('',(-0.65,-0.65,13.66));
#6887 = DIRECTION('',(-0.170786723536,-0.9853080204,0.));
#6888 = DIRECTION('',(-0.9853080204,0.170786723536,0.));
#6889 = DEFINITIONAL_REPRESENTATION('',(#6890),#6894);
#6890 = LINE('',#6891,#6892);
#6891 = CARTESIAN_POINT('',(0.,0.));
#6892 = VECTOR('',#6893,1.);
#6893 = DIRECTION('',(0.,-1.));
#6894 = ( GEOMETRIC_REPRESENTATION_CONTEXT(2) 
PARAMETRIC_REPRESENTATION_CONTEXT() REPRESENTATION_CONTEXT('2D SPACE',''
  ) );
#6895 = ORIENTED_EDGE('',*,*,#6896,.F.);
#6896 = EDGE_CURVE('',#6793,#6869,#6897,.T.);
#6897 = SURFACE_CURVE('',#6898,(#6902,#6909),.PCURVE_S1.);
#6898 = LINE('',#6899,#6900);
#6899 = CARTESIAN_POINT('',(0.,-4.4,13.66));
#6900 = VECTOR('',#6901,1.);
#6901 = DIRECTION('',(-0.170786723536,0.9853080204,0.));
#6902 = PCURVE('',#6808,#6903);
#6903 = DEFINITIONAL_REPRESENTATION('',(#6904),#6908);
#6904 = LINE('',#6905,#6906);
#6905 = CARTESIAN_POINT('',(0.,0.));
#6906 = VECTOR('',#6907,1.);
#6907 = DIRECTION('',(1.,0.));
#6908 = ( GEOMETRIC_REPRESENTATION_CONTEXT(2) 
PARAMETRIC_REPRESENTATION_CONTEXT() REPRESENTATION_CONTEXT('2D SPACE',''
  ) );
#6909 = PCURVE('',#6601,#6910);
#6910 = DEFINITIONAL_REPRESENTATION('',(#6911),#6915);
#6911 = LINE('',#6912,#6913);
#6912 = CARTESIAN_POINT('',(2.917097734921E-17,-4.4));
#6913 = VECTOR('',#6914,1.);
#6914 = DIRECTION('',(0.170786723536,0.9853080204));
#6915 = ( GEOMETRIC_REPRESENTATION_CONTEXT(2) 
PARAMETRIC_REPRESENTATION_CONTEXT() REPRESENTATION_CONTEXT('2D SPACE',''
  ) );
#6916 = ADVANCED_FACE('',(#6917),#6884,.T.);
#6917 = FACE_BOUND('',#6918,.T.);
#6918 = EDGE_LOOP('',(#6919,#6920,#6943,#6971));
#6919 = ORIENTED_EDGE('',*,*,#6868,.T.);
#6920 = ORIENTED_EDGE('',*,*,#6921,.T.);
#6921 = EDGE_CURVE('',#6846,#6922,#6924,.T.);
#6922 = VERTEX_POINT('',#6923);
#6923 = CARTESIAN_POINT('',(-4.4,0.,14.1));
#6924 = SURFACE_CURVE('',#6925,(#6929,#6936),.PCURVE_S1.);
#6925 = LINE('',#6926,#6927);
#6926 = CARTESIAN_POINT('',(-0.65,-0.65,14.1));
#6927 = VECTOR('',#6928,1.);
#6928 = DIRECTION('',(-0.9853080204,0.170786723536,0.));
#6929 = PCURVE('',#6884,#6930);
#6930 = DEFINITIONAL_REPRESENTATION('',(#6931),#6935);
#6931 = LINE('',#6932,#6933);
#6932 = CARTESIAN_POINT('',(0.,-0.44));
#6933 = VECTOR('',#6934,1.);
#6934 = DIRECTION('',(1.,0.));
#6935 = ( GEOMETRIC_REPRESENTATION_CONTEXT(2) 
PARAMETRIC_REPRESENTATION_CONTEXT() REPRESENTATION_CONTEXT('2D SPACE',''
  ) );
#6936 = PCURVE('',#6547,#6937);
#6937 = DEFINITIONAL_REPRESENTATION('',(#6938),#6942);
#6938 = LINE('',#6939,#6940);
#6939 = CARTESIAN_POINT('',(0.65,-0.65));
#6940 = VECTOR('',#6941,1.);
#6941 = DIRECTION('',(0.9853080204,0.170786723536));
#6942 = ( GEOMETRIC_REPRESENTATION_CONTEXT(2) 
PARAMETRIC_REPRESENTATION_CONTEXT() REPRESENTATION_CONTEXT('2D SPACE',''
  ) );
#6943 = ORIENTED_EDGE('',*,*,#6944,.F.);
#6944 = EDGE_CURVE('',#6945,#6922,#6947,.T.);
#6945 = VERTEX_POINT('',#6946);
#6946 = CARTESIAN_POINT('',(-4.4,0.,13.66));
#6947 = SURFACE_CURVE('',#6948,(#6952,#6959),.PCURVE_S1.);
#6948 = LINE('',#6949,#6950);
#6949 = CARTESIAN_POINT('',(-4.4,0.,13.66));
#6950 = VECTOR('',#6951,1.);
#6951 = DIRECTION('',(0.,0.,1.));
#6952 = PCURVE('',#6884,#6953);
#6953 = DEFINITIONAL_REPRESENTATION('',(#6954),#6958);
#6954 = LINE('',#6955,#6956);
#6955 = CARTESIAN_POINT('',(3.805916446797,0.));
#6956 = VECTOR('',#6957,1.);
#6957 = DIRECTION('',(0.,-1.));
#6958 = ( GEOMETRIC_REPRESENTATION_CONTEXT(2) 
PARAMETRIC_REPRESENTATION_CONTEXT() REPRESENTATION_CONTEXT('2D SPACE',''
  ) );
#6959 = PCURVE('',#6960,#6965);
#6960 = PLANE('',#6961);
#6961 = AXIS2_PLACEMENT_3D('',#6962,#6963,#6964);
#6962 = CARTESIAN_POINT('',(-4.4,0.,13.66));
#6963 = DIRECTION('',(-0.170786723536,0.9853080204,0.));
#6964 = DIRECTION('',(0.9853080204,0.170786723536,0.));
#6965 = DEFINITIONAL_REPRESENTATION('',(#6966),#6970);
#6966 = LINE('',#6967,#6968);
#6967 = CARTESIAN_POINT('',(0.,0.));
#6968 = VECTOR('',#6969,1.);
#6969 = DIRECTION('',(0.,-1.));
#6970 = ( GEOMETRIC_REPRESENTATION_CONTEXT(2) 
PARAMETRIC_REPRESENTATION_CONTEXT() REPRESENTATION_CONTEXT('2D SPACE',''
  ) );
#6971 = ORIENTED_EDGE('',*,*,#6972,.F.);
#6972 = EDGE_CURVE('',#6869,#6945,#6973,.T.);
#6973 = SURFACE_CURVE('',#6974,(#6978,#6985),.PCURVE_S1.);
#6974 = LINE('',#6975,#6976);
#6975 = CARTESIAN_POINT('',(-0.65,-0.65,13.66));
#6976 = VECTOR('',#6977,1.);
#6977 = DIRECTION('',(-0.9853080204,0.170786723536,0.));
#6978 = PCURVE('',#6884,#6979);
#6979 = DEFINITIONAL_REPRESENTATION('',(#6980),#6984);
#6980 = LINE('',#6981,#6982);
#6981 = CARTESIAN_POINT('',(0.,0.));
#6982 = VECTOR('',#6983,1.);
#6983 = DIRECTION('',(1.,0.));
#6984 = ( GEOMETRIC_REPRESENTATION_CONTEXT(2) 
PARAMETRIC_REPRESENTATION_CONTEXT() REPRESENTATION_CONTEXT('2D SPACE',''
  ) );
#6985 = PCURVE('',#6601,#6986);
#6986 = DEFINITIONAL_REPRESENTATION('',(#6987),#6991);
#6987 = LINE('',#6988,#6989);
#6988 = CARTESIAN_POINT('',(0.65,-0.65));
#6989 = VECTOR('',#6990,1.);
#6990 = DIRECTION('',(0.9853080204,0.170786723536));
#6991 = ( GEOMETRIC_REPRESENTATION_CONTEXT(2) 
PARAMETRIC_REPRESENTATION_CONTEXT() REPRESENTATION_CONTEXT('2D SPACE',''
  ) );
#6992 = ADVANCED_FACE('',(#6993),#6960,.T.);
#6993 = FACE_BOUND('',#6994,.T.);
#6994 = EDGE_LOOP('',(#6995,#6996,#7019,#7042));
#6995 = ORIENTED_EDGE('',*,*,#6944,.T.);
#6996 = ORIENTED_EDGE('',*,*,#6997,.T.);
#6997 = EDGE_CURVE('',#6922,#6998,#7000,.T.);
#6998 = VERTEX_POINT('',#6999);
#6999 = CARTESIAN_POINT('',(-0.65,0.65,14.1));
#7000 = SURFACE_CURVE('',#7001,(#7005,#7012),.PCURVE_S1.);
#7001 = LINE('',#7002,#7003);
#7002 = CARTESIAN_POINT('',(-4.4,0.,14.1));
#7003 = VECTOR('',#7004,1.);
#7004 = DIRECTION('',(0.9853080204,0.170786723536,0.));
#7005 = PCURVE('',#6960,#7006);
#7006 = DEFINITIONAL_REPRESENTATION('',(#7007),#7011);
#7007 = LINE('',#7008,#7009);
#7008 = CARTESIAN_POINT('',(0.,-0.44));
#7009 = VECTOR('',#7010,1.);
#7010 = DIRECTION('',(1.,0.));
#7011 = ( GEOMETRIC_REPRESENTATION_CONTEXT(2) 
PARAMETRIC_REPRESENTATION_CONTEXT() REPRESENTATION_CONTEXT('2D SPACE',''
  ) );
#7012 = PCURVE('',#6547,#7013);
#7013 = DEFINITIONAL_REPRESENTATION('',(#7014),#7018);
#7014 = LINE('',#7015,#7016);
#7015 = CARTESIAN_POINT('',(4.4,0.));
#7016 = VECTOR('',#7017,1.);
#7017 = DIRECTION('',(-0.9853080204,0.170786723536));
#7018 = ( GEOMETRIC_REPRESENTATION_CONTEXT(2) 
PARAMETRIC_REPRESENTATION_CONTEXT() REPRESENTATION_CONTEXT('2D SPACE',''
  ) );
#7019 = ORIENTED_EDGE('',*,*,#7020,.F.);
#7020 = EDGE_CURVE('',#7021,#6998,#7023,.T.);
#7021 = VERTEX_POINT('',#7022);
#7022 = CARTESIAN_POINT('',(-0.65,0.65,13.66));
#7023 = SURFACE_CURVE('',#7024,(#7028,#7035),.PCURVE_S1.);
#7024 = LINE('',#7025,#7026);
#7025 = CARTESIAN_POINT('',(-0.65,0.65,13.66));
#7026 = VECTOR('',#7027,1.);
#7027 = DIRECTION('',(0.,0.,1.));
#7028 = PCURVE('',#6960,#7029);
#7029 = DEFINITIONAL_REPRESENTATION('',(#7030),#7034);
#7030 = LINE('',#7031,#7032);
#7031 = CARTESIAN_POINT('',(3.805916446797,0.));
#7032 = VECTOR('',#7033,1.);
#7033 = DIRECTION('',(0.,-1.));
#7034 = ( GEOMETRIC_REPRESENTATION_CONTEXT(2) 
PARAMETRIC_REPRESENTATION_CONTEXT() REPRESENTATION_CONTEXT('2D SPACE',''
  ) );
#7035 = PCURVE('',#6519,#7036);
#7036 = DEFINITIONAL_REPRESENTATION('',(#7037),#7041);
#7037 = LINE('',#7038,#7039);
#7038 = CARTESIAN_POINT('',(0.,0.));
#7039 = VECTOR('',#7040,1.);
#7040 = DIRECTION('',(0.,-1.));
#7041 = ( GEOMETRIC_REPRESENTATION_CONTEXT(2) 
PARAMETRIC_REPRESENTATION_CONTEXT() REPRESENTATION_CONTEXT('2D SPACE',''
  ) );
#7042 = ORIENTED_EDGE('',*,*,#7043,.F.);
#7043 = EDGE_CURVE('',#6945,#7021,#7044,.T.);
#7044 = SURFACE_CURVE('',#7045,(#7049,#7056),.PCURVE_S1.);
#7045 = LINE('',#7046,#7047);
#7046 = CARTESIAN_POINT('',(-4.4,0.,13.66));
#7047 = VECTOR('',#7048,1.);
#7048 = DIRECTION('',(0.9853080204,0.170786723536,0.));
#7049 = PCURVE('',#6960,#7050);
#7050 = DEFINITIONAL_REPRESENTATION('',(#7051),#7055);
#7051 = LINE('',#7052,#7053);
#7052 = CARTESIAN_POINT('',(0.,0.));
#7053 = VECTOR('',#7054,1.);
#7054 = DIRECTION('',(1.,0.));
#7055 = ( GEOMETRIC_REPRESENTATION_CONTEXT(2) 
PARAMETRIC_REPRESENTATION_CONTEXT() REPRESENTATION_CONTEXT('2D SPACE',''
  ) );
#7056 = PCURVE('',#6601,#7057);
#7057 = DEFINITIONAL_REPRESENTATION('',(#7058),#7062);
#7058 = LINE('',#7059,#7060);
#7059 = CARTESIAN_POINT('',(4.4,0.));
#7060 = VECTOR('',#7061,1.);
#7061 = DIRECTION('',(-0.9853080204,0.170786723536));
#7062 = ( GEOMETRIC_REPRESENTATION_CONTEXT(2) 
PARAMETRIC_REPRESENTATION_CONTEXT() REPRESENTATION_CONTEXT('2D SPACE',''
  ) );
#7063 = ADVANCED_FACE('',(#7064),#6519,.T.);
#7064 = FACE_BOUND('',#7065,.T.);
#7065 = EDGE_LOOP('',(#7066,#7067,#7088,#7089));
#7066 = ORIENTED_EDGE('',*,*,#7020,.T.);
#7067 = ORIENTED_EDGE('',*,*,#7068,.T.);
#7068 = EDGE_CURVE('',#6998,#6499,#7069,.T.);
#7069 = SURFACE_CURVE('',#7070,(#7074,#7081),.PCURVE_S1.);
#7070 = LINE('',#7071,#7072);
#7071 = CARTESIAN_POINT('',(-0.65,0.65,14.1));
#7072 = VECTOR('',#7073,1.);
#7073 = DIRECTION('',(0.170786723536,0.9853080204,0.));
#7074 = PCURVE('',#6519,#7075);
#7075 = DEFINITIONAL_REPRESENTATION('',(#7076),#7080);
#7076 = LINE('',#7077,#7078);
#7077 = CARTESIAN_POINT('',(0.,-0.44));
#7078 = VECTOR('',#7079,1.);
#7079 = DIRECTION('',(1.,0.));
#7080 = ( GEOMETRIC_REPRESENTATION_CONTEXT(2) 
PARAMETRIC_REPRESENTATION_CONTEXT() REPRESENTATION_CONTEXT('2D SPACE',''
  ) );
#7081 = PCURVE('',#6547,#7082);
#7082 = DEFINITIONAL_REPRESENTATION('',(#7083),#7087);
#7083 = LINE('',#7084,#7085);
#7084 = CARTESIAN_POINT('',(0.65,0.65));
#7085 = VECTOR('',#7086,1.);
#7086 = DIRECTION('',(-0.170786723536,0.9853080204));
#7087 = ( GEOMETRIC_REPRESENTATION_CONTEXT(2) 
PARAMETRIC_REPRESENTATION_CONTEXT() REPRESENTATION_CONTEXT('2D SPACE',''
  ) );
#7088 = ORIENTED_EDGE('',*,*,#6496,.F.);
#7089 = ORIENTED_EDGE('',*,*,#7090,.F.);
#7090 = EDGE_CURVE('',#7021,#6497,#7091,.T.);
#7091 = SURFACE_CURVE('',#7092,(#7096,#7103),.PCURVE_S1.);
#7092 = LINE('',#7093,#7094);
#7093 = CARTESIAN_POINT('',(-0.65,0.65,13.66));
#7094 = VECTOR('',#7095,1.);
#7095 = DIRECTION('',(0.170786723536,0.9853080204,0.));
#7096 = PCURVE('',#6519,#7097);
#7097 = DEFINITIONAL_REPRESENTATION('',(#7098),#7102);
#7098 = LINE('',#7099,#7100);
#7099 = CARTESIAN_POINT('',(0.,0.));
#7100 = VECTOR('',#7101,1.);
#7101 = DIRECTION('',(1.,0.));
#7102 = ( GEOMETRIC_REPRESENTATION_CONTEXT(2) 
PARAMETRIC_REPRESENTATION_CONTEXT() REPRESENTATION_CONTEXT('2D SPACE',''
  ) );
#7103 = PCURVE('',#6601,#7104);
#7104 = DEFINITIONAL_REPRESENTATION('',(#7105),#7109);
#7105 = LINE('',#7106,#7107);
#7106 = CARTESIAN_POINT('',(0.65,0.65));
#7107 = VECTOR('',#7108,1.);
#7108 = DIRECTION('',(-0.170786723536,0.9853080204));
#7109 = ( GEOMETRIC_REPRESENTATION_CONTEXT(2) 
PARAMETRIC_REPRESENTATION_CONTEXT() REPRESENTATION_CONTEXT('2D SPACE',''
  ) );
#7110 = ADVANCED_FACE('',(#7111),#6601,.T.);
#7111 = FACE_BOUND('',#7112,.T.);
#7112 = EDGE_LOOP('',(#7113,#7114,#7115,#7116,#7117,#7118,#7119,#7120));
#7113 = ORIENTED_EDGE('',*,*,#6587,.T.);
#7114 = ORIENTED_EDGE('',*,*,#6668,.T.);
#7115 = ORIENTED_EDGE('',*,*,#6744,.T.);
#7116 = ORIENTED_EDGE('',*,*,#6820,.T.);
#7117 = ORIENTED_EDGE('',*,*,#6896,.T.);
#7118 = ORIENTED_EDGE('',*,*,#6972,.T.);
#7119 = ORIENTED_EDGE('',*,*,#7043,.T.);
#7120 = ORIENTED_EDGE('',*,*,#7090,.T.);
#7121 = ADVANCED_FACE('',(#7122),#6547,.F.);
#7122 = FACE_BOUND('',#7123,.F.);
#7123 = EDGE_LOOP('',(#7124,#7125,#7126,#7127,#7128,#7129,#7130,#7131));
#7124 = ORIENTED_EDGE('',*,*,#6531,.T.);
#7125 = ORIENTED_EDGE('',*,*,#6617,.T.);
#7126 = ORIENTED_EDGE('',*,*,#6693,.T.);
#7127 = ORIENTED_EDGE('',*,*,#6769,.T.);
#7128 = ORIENTED_EDGE('',*,*,#6845,.T.);
#7129 = ORIENTED_EDGE('',*,*,#6921,.T.);
#7130 = ORIENTED_EDGE('',*,*,#6997,.T.);
#7131 = ORIENTED_EDGE('',*,*,#7068,.T.);
#7132 = ( GEOMETRIC_REPRESENTATION_CONTEXT(3) 
GLOBAL_UNCERTAINTY_ASSIGNED_CONTEXT((#7136)) 
GLOBAL_UNIT_ASSIGNED_CONTEXT((#7133,#7134,#7135)) REPRESENTATION_CONTEXT
('Context #1','3D Context with UNIT and UNCERTAINTY') );
#7133 = ( LENGTH_UNIT() NAMED_UNIT(*) SI_UNIT(.MILLI.,.METRE.) );
#7134 = ( NAMED_UNIT(*) PLANE_ANGLE_UNIT() SI_UNIT($,.RADIAN.) );
#7135 = ( NAMED_UNIT(*) SI_UNIT($,.STERADIAN.) SOLID_ANGLE_UNIT() );
#7136 = UNCERTAINTY_MEASURE_WITH_UNIT(LENGTH_MEASURE(1.E-07),#7133,
  'distance_accuracy_value','confusion accuracy');
#7137 = CONTEXT_DEPENDENT_SHAPE_REPRESENTATION(#7138,#7140);
#7138 = ( REPRESENTATION_RELATIONSHIP('','',#6489,#10) 
REPRESENTATION_RELATIONSHIP_WITH_TRANSFORMATION(#7139) 
SHAPE_REPRESENTATION_RELATIONSHIP() );
#7139 = ITEM_DEFINED_TRANSFORMATION('','',#11,#19);
#7140 = PRODUCT_DEFINITION_SHAPE('Placement','Placement of an item',
  #7141);
#7141 = NEXT_ASSEMBLY_USAGE_OCCURRENCE('2','Purple_star','',#5,#6484,$);
#7142 = PRODUCT_RELATED_PRODUCT_CATEGORY('part',$,(#6486));
#7143 = MECHANICAL_DESIGN_GEOMETRIC_PRESENTATION_REPRESENTATION('',(
    #7144),#6471);
#7144 = STYLED_ITEM('color',(#7145),#37);
#7145 = PRESENTATION_STYLE_ASSIGNMENT((#7146));
#7146 = SURFACE_STYLE_USAGE(.BOTH.,#7147);
#7147 = SURFACE_SIDE_STYLE('',(#7148));
#7148 = SURFACE_STYLE_FILL_AREA(#7149);
#7149 = FILL_AREA_STYLE('',(#7150));
#7150 = FILL_AREA_STYLE_COLOUR('',#7151);
#7151 = COLOUR_RGB('',6.000000074816E-02,5.000000142576E-02,
  7.999999887273E-02);
#7152 = MECHANICAL_DESIGN_GEOMETRIC_PRESENTATION_REPRESENTATION('',(
    #7153),#7132);
#7153 = STYLED_ITEM('color',(#7154),#6490);
#7154 = PRESENTATION_STYLE_ASSIGNMENT((#7155));
#7155 = SURFACE_STYLE_USAGE(.BOTH.,#7156);
#7156 = SURFACE_SIDE_STYLE('',(#7157));
#7157 = SURFACE_STYLE_FILL_AREA(#7158);
#7158 = FILL_AREA_STYLE('',(#7159));
#7159 = FILL_AREA_STYLE_COLOUR('',#7160);
#7160 = COLOUR_RGB('',0.700000005816,0.250000000672,1.);
ENDSEC;
END-ISO-10303-21;
