ISO-10303-21;
HEADER;
FILE_DESCRIPTION(('Open CASCADE Model'),'2;1');
FILE_NAME('Open CASCADE Shape Model','2026-09-18T04:59:59',('Author'),(
    'Open CASCADE'),'Open CASCADE STEP processor 7.8','Open CASCADE 7.8'
  ,'Unknown');
FILE_SCHEMA(('AUTOMOTIVE_DESIGN { 1 0 10303 214 1 1 1 1 }'));
ENDSEC;
DATA;
#1 = APPLICATION_PROTOCOL_DEFINITION('international standard',
  'automotive_design',2000,#2);
#2 = APPLICATION_CONTEXT(
  'core data for automotive mechanical design processes');
#3 = SHAPE_DEFINITION_REPRESENTATION(#4,#10);
#4 = PRODUCT_DEFINITION_SHAPE('','',#5);
#5 = PRODUCT_DEFINITION('design','',#6,#9);
#6 = PRODUCT_DEFINITION_FORMATION('','',#7);
#7 = PRODUCT('Open CASCADE STEP translator 7.8 2',
  'Open CASCADE STEP translator 7.8 2','',(#8));
#8 = PRODUCT_CONTEXT('',#2,'mechanical');
#9 = PRODUCT_DEFINITION_CONTEXT('part definition',#2,'design');
#10 = SHAPE_REPRESENTATION('',(#11,#15,#19,#23,#27,#31,#35,#39,#43,#47,
    #51,#55,#59,#63,#67,#71,#75,#79,#83,#87,#91,#95,#99,#103,#107,#111,
    #115,#119,#123,#127),#131);
#11 = AXIS2_PLACEMENT_3D('',#12,#13,#14);
#12 = CARTESIAN_POINT('',(0.,0.,0.));
#13 = DIRECTION('',(0.,0.,1.));
#14 = DIRECTION('',(1.,0.,-0.));
#15 = AXIS2_PLACEMENT_3D('',#16,#17,#18);
#16 = CARTESIAN_POINT('',(0.,0.,0.));
#17 = DIRECTION('',(0.,0.,1.));
#18 = DIRECTION('',(1.,0.,-0.));
#19 = AXIS2_PLACEMENT_3D('',#20,#21,#22);
#20 = CARTESIAN_POINT('',(0.,0.,0.));
#21 = DIRECTION('',(0.,0.,1.));
#22 = DIRECTION('',(1.,0.,-0.));
#23 = AXIS2_PLACEMENT_3D('',#24,#25,#26);
#24 = CARTESIAN_POINT('',(0.,0.,0.));
#25 = DIRECTION('',(0.,0.,1.));
#26 = DIRECTION('',(1.,0.,-0.));
#27 = AXIS2_PLACEMENT_3D('',#28,#29,#30);
#28 = CARTESIAN_POINT('',(0.,0.,0.));
#29 = DIRECTION('',(0.,0.,1.));
#30 = DIRECTION('',(1.,0.,-0.));
#31 = AXIS2_PLACEMENT_3D('',#32,#33,#34);
#32 = CARTESIAN_POINT('',(0.,0.,0.));
#33 = DIRECTION('',(0.,0.,1.));
#34 = DIRECTION('',(1.,0.,-0.));
#35 = AXIS2_PLACEMENT_3D('',#36,#37,#38);
#36 = CARTESIAN_POINT('',(0.,0.,0.));
#37 = DIRECTION('',(0.,0.,1.));
#38 = DIRECTION('',(1.,0.,-0.));
#39 = AXIS2_PLACEMENT_3D('',#40,#41,#42);
#40 = CARTESIAN_POINT('',(0.,0.,0.));
#41 = DIRECTION('',(0.,0.,1.));
#42 = DIRECTION('',(1.,0.,-0.));
#43 = AXIS2_PLACEMENT_3D('',#44,#45,#46);
#44 = CARTESIAN_POINT('',(0.,0.,0.));
#45 = DIRECTION('',(0.,0.,1.));
#46 = DIRECTION('',(1.,0.,-0.));
#47 = AXIS2_PLACEMENT_3D('',#48,#49,#50);
#48 = CARTESIAN_POINT('',(0.,0.,0.));
#49 = DIRECTION('',(0.,0.,1.));
#50 = DIRECTION('',(1.,0.,-0.));
#51 = AXIS2_PLACEMENT_3D('',#52,#53,#54);
#52 = CARTESIAN_POINT('',(0.,0.,0.));
#53 = DIRECTION('',(0.,0.,1.));
#54 = DIRECTION('',(1.,0.,-0.));
#55 = AXIS2_PLACEMENT_3D('',#56,#57,#58);
#56 = CARTESIAN_POINT('',(0.,0.,0.));
#57 = DIRECTION('',(0.,0.,1.));
#58 = DIRECTION('',(1.,0.,-0.));
#59 = AXIS2_PLACEMENT_3D('',#60,#61,#62);
#60 = CARTESIAN_POINT('',(0.,0.,0.));
#61 = DIRECTION('',(0.,0.,1.));
#62 = DIRECTION('',(1.,0.,-0.));
#63 = AXIS2_PLACEMENT_3D('',#64,#65,#66);
#64 = CARTESIAN_POINT('',(0.,0.,0.));
#65 = DIRECTION('',(0.,0.,1.));
#66 = DIRECTION('',(1.,0.,-0.));
#67 = AXIS2_PLACEMENT_3D('',#68,#69,#70);
#68 = CARTESIAN_POINT('',(0.,0.,0.));
#69 = DIRECTION('',(0.,0.,1.));
#70 = DIRECTION('',(1.,0.,-0.));
#71 = AXIS2_PLACEMENT_3D('',#72,#73,#74);
#72 = CARTESIAN_POINT('',(0.,0.,0.));
#73 = DIRECTION('',(0.,0.,1.));
#74 = DIRECTION('',(1.,0.,-0.));
#75 = AXIS2_PLACEMENT_3D('',#76,#77,#78);
#76 = CARTESIAN_POINT('',(0.,0.,0.));
#77 = DIRECTION('',(0.,0.,1.));
#78 = DIRECTION('',(1.,0.,-0.));
#79 = AXIS2_PLACEMENT_3D('',#80,#81,#82);
#80 = CARTESIAN_POINT('',(0.,0.,0.));
#81 = DIRECTION('',(0.,0.,1.));
#82 = DIRECTION('',(1.,0.,-0.));
#83 = AXIS2_PLACEMENT_3D('',#84,#85,#86);
#84 = CARTESIAN_POINT('',(0.,0.,0.));
#85 = DIRECTION('',(0.,0.,1.));
#86 = DIRECTION('',(1.,0.,-0.));
#87 = AXIS2_PLACEMENT_3D('',#88,#89,#90);
#88 = CARTESIAN_POINT('',(0.,0.,0.));
#89 = DIRECTION('',(0.,0.,1.));
#90 = DIRECTION('',(1.,0.,-0.));
#91 = AXIS2_PLACEMENT_3D('',#92,#93,#94);
#92 = CARTESIAN_POINT('',(0.,0.,0.));
#93 = DIRECTION('',(0.,0.,1.));
#94 = DIRECTION('',(1.,0.,-0.));
#95 = AXIS2_PLACEMENT_3D('',#96,#97,#98);
#96 = CARTESIAN_POINT('',(0.,0.,0.));
#97 = DIRECTION('',(0.,0.,1.));
#98 = DIRECTION('',(1.,0.,-0.));
#99 = AXIS2_PLACEMENT_3D('',#100,#101,#102);
#100 = CARTESIAN_POINT('',(0.,0.,0.));
#101 = DIRECTION('',(0.,0.,1.));
#102 = DIRECTION('',(1.,0.,-0.));
#103 = AXIS2_PLACEMENT_3D('',#104,#105,#106);
#104 = CARTESIAN_POINT('',(0.,0.,0.));
#105 = DIRECTION('',(0.,0.,1.));
#106 = DIRECTION('',(1.,0.,-0.));
#107 = AXIS2_PLACEMENT_3D('',#108,#109,#110);
#108 = CARTESIAN_POINT('',(0.,0.,0.));
#109 = DIRECTION('',(0.,0.,1.));
#110 = DIRECTION('',(1.,0.,-0.));
#111 = AXIS2_PLACEMENT_3D('',#112,#113,#114);
#112 = CARTESIAN_POINT('',(0.,0.,0.));
#113 = DIRECTION('',(0.,0.,1.));
#114 = DIRECTION('',(1.,0.,-0.));
#115 = AXIS2_PLACEMENT_3D('',#116,#117,#118);
#116 = CARTESIAN_POINT('',(0.,0.,0.));
#117 = DIRECTION('',(0.,0.,1.));
#118 = DIRECTION('',(1.,0.,-0.));
#119 = AXIS2_PLACEMENT_3D('',#120,#121,#122);
#120 = CARTESIAN_POINT('',(0.,0.,0.));
#121 = DIRECTION('',(0.,0.,1.));
#122 = DIRECTION('',(1.,0.,-0.));
#123 = AXIS2_PLACEMENT_3D('',#124,#125,#126);
#124 = CARTESIAN_POINT('',(0.,0.,0.));
#125 = DIRECTION('',(0.,0.,1.));
#126 = DIRECTION('',(1.,0.,-0.));
#127 = AXIS2_PLACEMENT_3D('',#128,#129,#130);
#128 = CARTESIAN_POINT('',(0.,0.,0.));
#129 = DIRECTION('',(0.,0.,1.));
#130 = DIRECTION('',(1.,0.,-0.));
#131 = ( GEOMETRIC_REPRESENTATION_CONTEXT(3) 
GLOBAL_UNCERTAINTY_ASSIGNED_CONTEXT((#135)) GLOBAL_UNIT_ASSIGNED_CONTEXT
((#132,#133,#134)) REPRESENTATION_CONTEXT('Context #1',
  '3D Context with UNIT and UNCERTAINTY') );
#132 = ( LENGTH_UNIT() NAMED_UNIT(*) SI_UNIT(.MILLI.,.METRE.) );
#133 = ( NAMED_UNIT(*) PLANE_ANGLE_UNIT() SI_UNIT($,.RADIAN.) );
#134 = ( NAMED_UNIT(*) SI_UNIT($,.STERADIAN.) SOLID_ANGLE_UNIT() );
#135 = UNCERTAINTY_MEASURE_WITH_UNIT(LENGTH_MEASURE(1.E-07),#132,
  'distance_accuracy_value','confusion accuracy');
#136 = PRODUCT_RELATED_PRODUCT_CATEGORY('part',$,(#7));
#137 = SHAPE_DEFINITION_REPRESENTATION(#138,#144);
#138 = PRODUCT_DEFINITION_SHAPE('','',#139);
#139 = PRODUCT_DEFINITION('design','',#140,#143);
#140 = PRODUCT_DEFINITION_FORMATION('','',#141);
#141 = PRODUCT('Open CASCADE STEP translator 7.8 2.1',
  'Open CASCADE STEP translator 7.8 2.1','',(#142));
#142 = PRODUCT_CONTEXT('',#2,'mechanical');
#143 = PRODUCT_DEFINITION_CONTEXT('part definition',#2,'design');
#144 = ADVANCED_BREP_SHAPE_REPRESENTATION('',(#11,#145),#1943);
#145 = MANIFOLD_SOLID_BREP('',#146);
#146 = CLOSED_SHELL('',(#147,#273,#878,#928,#1423,#1450,#1457,#1504,
    #1511,#1558,#1585,#1612,#1639,#1666,#1693,#1720,#1747,#1774,#1801,
    #1828,#1855,#1882,#1909,#1936));
#147 = ADVANCED_FACE('',(#148),#163,.T.);
#148 = FACE_BOUND('',#149,.F.);
#149 = EDGE_LOOP('',(#150,#186,#214,#247));
#150 = ORIENTED_EDGE('',*,*,#151,.F.);
#151 = EDGE_CURVE('',#152,#154,#156,.T.);
#152 = VERTEX_POINT('',#153);
#153 = CARTESIAN_POINT('',(12.534080977415,7.307047367121,
    2.921598624114E-03));
#154 = VERTEX_POINT('',#155);
#155 = CARTESIAN_POINT('',(12.813579816248,7.406029493158,
    2.921598624114E-03));
#156 = SURFACE_CURVE('',#157,(#162,#174),.PCURVE_S1.);
#157 = CIRCLE('',#158,9.5);
#158 = AXIS2_PLACEMENT_3D('',#159,#160,#161);
#159 = CARTESIAN_POINT('',(9.502869332477,16.310477600292,
    2.921598624114E-03));
#160 = DIRECTION('',(-0.,0.,1.));
#161 = DIRECTION('',(0.319074909993,-0.947729498229,0.));
#162 = PCURVE('',#163,#168);
#163 = CYLINDRICAL_SURFACE('',#164,9.5);
#164 = AXIS2_PLACEMENT_3D('',#165,#166,#167);
#165 = CARTESIAN_POINT('',(9.502869332477,16.310477600292,
    2.921598624114E-03));
#166 = DIRECTION('',(-0.,-0.,-1.));
#167 = DIRECTION('',(1.,0.,0.));
#168 = DEFINITIONAL_REPRESENTATION('',(#169),#173);
#169 = LINE('',#170,#171);
#170 = CARTESIAN_POINT('',(-5.037142195218,0.));
#171 = VECTOR('',#172,1.);
#172 = DIRECTION('',(-1.,0.));
#173 = ( GEOMETRIC_REPRESENTATION_CONTEXT(2) 
PARAMETRIC_REPRESENTATION_CONTEXT() REPRESENTATION_CONTEXT('2D SPACE',''
  ) );
#174 = PCURVE('',#175,#180);
#175 = PLANE('',#176);
#176 = AXIS2_PLACEMENT_3D('',#177,#178,#179);
#177 = CARTESIAN_POINT('',(9.502869332477,16.310477600292,
    2.921598624114E-03));
#178 = DIRECTION('',(0.,0.,1.));
#179 = DIRECTION('',(1.,0.,-0.));
#180 = DEFINITIONAL_REPRESENTATION('',(#181),#185);
#181 = CIRCLE('',#182,9.5);
#182 = AXIS2_PLACEMENT_2D('',#183,#184);
#183 = CARTESIAN_POINT('',(0.,0.));
#184 = DIRECTION('',(0.319074909993,-0.947729498229));
#185 = ( GEOMETRIC_REPRESENTATION_CONTEXT(2) 
PARAMETRIC_REPRESENTATION_CONTEXT() REPRESENTATION_CONTEXT('2D SPACE',''
  ) );
#186 = ORIENTED_EDGE('',*,*,#187,.F.);
#187 = EDGE_CURVE('',#188,#152,#190,.T.);
#188 = VERTEX_POINT('',#189);
#189 = CARTESIAN_POINT('',(12.534080977415,7.307047367121,0.482921598624
    ));
#190 = SURFACE_CURVE('',#191,(#195,#202),.PCURVE_S1.);
#191 = LINE('',#192,#193);
#192 = CARTESIAN_POINT('',(12.534080977415,7.307047367121,
    2.921598624114E-03));
#193 = VECTOR('',#194,1.);
#194 = DIRECTION('',(-0.,-0.,-1.));
#195 = PCURVE('',#163,#196);
#196 = DEFINITIONAL_REPRESENTATION('',(#197),#201);
#197 = LINE('',#198,#199);
#198 = CARTESIAN_POINT('',(-5.037142195218,0.));
#199 = VECTOR('',#200,1.);
#200 = DIRECTION('',(-0.,1.));
#201 = ( GEOMETRIC_REPRESENTATION_CONTEXT(2) 
PARAMETRIC_REPRESENTATION_CONTEXT() REPRESENTATION_CONTEXT('2D SPACE',''
  ) );
#202 = PCURVE('',#203,#208);
#203 = CYLINDRICAL_SURFACE('',#204,3.5);
#204 = AXIS2_PLACEMENT_3D('',#205,#206,#207);
#205 = CARTESIAN_POINT('',(10.442869332477,4.500477600292,
    -9.707840137589E-02));
#206 = DIRECTION('',(-0.,-0.,-1.));
#207 = DIRECTION('',(1.,0.,0.));
#208 = DEFINITIONAL_REPRESENTATION('',(#209),#213);
#209 = LINE('',#210,#211);
#210 = CARTESIAN_POINT('',(-0.93043023575,-1.E-01));
#211 = VECTOR('',#212,1.);
#212 = DIRECTION('',(-0.,1.));
#213 = ( GEOMETRIC_REPRESENTATION_CONTEXT(2) 
PARAMETRIC_REPRESENTATION_CONTEXT() REPRESENTATION_CONTEXT('2D SPACE',''
  ) );
#214 = ORIENTED_EDGE('',*,*,#215,.F.);
#215 = EDGE_CURVE('',#216,#188,#218,.T.);
#216 = VERTEX_POINT('',#217);
#217 = CARTESIAN_POINT('',(12.813579816248,7.406029493158,0.482921598624
    ));
#218 = SURFACE_CURVE('',#219,(#224,#231),.PCURVE_S1.);
#219 = CIRCLE('',#220,9.5);
#220 = AXIS2_PLACEMENT_3D('',#221,#222,#223);
#221 = CARTESIAN_POINT('',(9.502869332477,16.310477600292,0.482921598624
    ));
#222 = DIRECTION('',(-0.,0.,-1.));
#223 = DIRECTION('',(-0.165140998164,-0.98626996848,0.));
#224 = PCURVE('',#163,#225);
#225 = DEFINITIONAL_REPRESENTATION('',(#226),#230);
#226 = LINE('',#227,#228);
#227 = CARTESIAN_POINT('',(-10.82967331694,-0.48));
#228 = VECTOR('',#229,1.);
#229 = DIRECTION('',(1.,-0.));
#230 = ( GEOMETRIC_REPRESENTATION_CONTEXT(2) 
PARAMETRIC_REPRESENTATION_CONTEXT() REPRESENTATION_CONTEXT('2D SPACE',''
  ) );
#231 = PCURVE('',#232,#237);
#232 = PLANE('',#233);
#233 = AXIS2_PLACEMENT_3D('',#234,#235,#236);
#234 = CARTESIAN_POINT('',(9.502869332477,16.310477600292,0.482921598624
    ));
#235 = DIRECTION('',(0.,0.,1.));
#236 = DIRECTION('',(1.,0.,-0.));
#237 = DEFINITIONAL_REPRESENTATION('',(#238),#246);
#238 = ( BOUNDED_CURVE() B_SPLINE_CURVE(2,(#239,#240,#241,#242,#243,#244
,#245),.UNSPECIFIED.,.T.,.F.) B_SPLINE_CURVE_WITH_KNOTS((1,2,2,2,2,1),(
    -2.094395102393,0.,2.094395102393,4.188790204786,6.28318530718,
8.377580409573),.UNSPECIFIED.) CURVE() GEOMETRIC_REPRESENTATION_ITEM() 
RATIONAL_B_SPLINE_CURVE((1.,0.5,1.,0.5,1.,0.5,1.)) REPRESENTATION_ITEM(
  '') );
#239 = CARTESIAN_POINT('',(-1.568839482558,-9.369564700559));
#240 = CARTESIAN_POINT('',(-17.79740158873,-6.652255007848));
#241 = CARTESIAN_POINT('',(-7.329861311807,6.043437196635));
#242 = CARTESIAN_POINT('',(3.137678965117,18.739129401119));
#243 = CARTESIAN_POINT('',(8.898700794365,3.326127503924));
#244 = CARTESIAN_POINT('',(14.659722623614,-12.08687439327));
#245 = CARTESIAN_POINT('',(-1.568839482558,-9.369564700559));
#246 = ( GEOMETRIC_REPRESENTATION_CONTEXT(2) 
PARAMETRIC_REPRESENTATION_CONTEXT() REPRESENTATION_CONTEXT('2D SPACE',''
  ) );
#247 = ORIENTED_EDGE('',*,*,#248,.T.);
#248 = EDGE_CURVE('',#216,#154,#249,.T.);
#249 = SURFACE_CURVE('',#250,(#254,#261),.PCURVE_S1.);
#250 = LINE('',#251,#252);
#251 = CARTESIAN_POINT('',(12.813579816248,7.406029493158,
    2.921598624114E-03));
#252 = VECTOR('',#253,1.);
#253 = DIRECTION('',(-0.,-0.,-1.));
#254 = PCURVE('',#163,#255);
#255 = DEFINITIONAL_REPRESENTATION('',(#256),#260);
#256 = LINE('',#257,#258);
#257 = CARTESIAN_POINT('',(-5.068354842727,0.));
#258 = VECTOR('',#259,1.);
#259 = DIRECTION('',(-0.,1.));
#260 = ( GEOMETRIC_REPRESENTATION_CONTEXT(2) 
PARAMETRIC_REPRESENTATION_CONTEXT() REPRESENTATION_CONTEXT('2D SPACE',''
  ) );
#261 = PCURVE('',#262,#267);
#262 = CYLINDRICAL_SURFACE('',#263,3.75);
#263 = AXIS2_PLACEMENT_3D('',#264,#265,#266);
#264 = CARTESIAN_POINT('',(10.442869332477,4.500477600292,
    2.921598624114E-03));
#265 = DIRECTION('',(-0.,-0.,-1.));
#266 = DIRECTION('',(1.,0.,0.));
#267 = DEFINITIONAL_REPRESENTATION('',(#268),#272);
#268 = LINE('',#269,#270);
#269 = CARTESIAN_POINT('',(-7.169605877323,0.));
#270 = VECTOR('',#271,1.);
#271 = DIRECTION('',(-0.,1.));
#272 = ( GEOMETRIC_REPRESENTATION_CONTEXT(2) 
PARAMETRIC_REPRESENTATION_CONTEXT() REPRESENTATION_CONTEXT('2D SPACE',''
  ) );
#273 = ADVANCED_FACE('',(#274,#356,#420),#175,.F.);
#274 = FACE_BOUND('',#275,.F.);
#275 = EDGE_LOOP('',(#276,#304,#305,#329));
#276 = ORIENTED_EDGE('',*,*,#277,.T.);
#277 = EDGE_CURVE('',#278,#152,#280,.T.);
#278 = VERTEX_POINT('',#279);
#279 = CARTESIAN_POINT('',(7.934029849918,6.940912899733,
    2.921598624114E-03));
#280 = SURFACE_CURVE('',#281,(#286,#297),.PCURVE_S1.);
#281 = CIRCLE('',#282,3.5);
#282 = AXIS2_PLACEMENT_3D('',#283,#284,#285);
#283 = CARTESIAN_POINT('',(10.442869332477,4.500477600292,
    2.921598624114E-03));
#284 = DIRECTION('',(0.,0.,-1.));
#285 = DIRECTION('',(1.,0.,0.));
#286 = PCURVE('',#175,#287);
#287 = DEFINITIONAL_REPRESENTATION('',(#288),#296);
#288 = ( BOUNDED_CURVE() B_SPLINE_CURVE(2,(#289,#290,#291,#292,#293,#294
,#295),.UNSPECIFIED.,.T.,.F.) B_SPLINE_CURVE_WITH_KNOTS((1,2,2,2,2,1),(
    -2.094395102393,0.,2.094395102393,4.188790204786,6.28318530718,
8.377580409573),.UNSPECIFIED.) CURVE() GEOMETRIC_REPRESENTATION_ITEM() 
RATIONAL_B_SPLINE_CURVE((1.,0.5,1.,0.5,1.,0.5,1.)) REPRESENTATION_ITEM(
  '') );
#289 = CARTESIAN_POINT('',(4.44,-11.81));
#290 = CARTESIAN_POINT('',(4.44,-17.87217782649));
#291 = CARTESIAN_POINT('',(-0.81,-14.84108891324));
#292 = CARTESIAN_POINT('',(-6.06,-11.81));
#293 = CARTESIAN_POINT('',(-0.81,-8.778911086754));
#294 = CARTESIAN_POINT('',(4.44,-5.747822173509));
#295 = CARTESIAN_POINT('',(4.44,-11.81));
#296 = ( GEOMETRIC_REPRESENTATION_CONTEXT(2) 
PARAMETRIC_REPRESENTATION_CONTEXT() REPRESENTATION_CONTEXT('2D SPACE',''
  ) );
#297 = PCURVE('',#203,#298);
#298 = DEFINITIONAL_REPRESENTATION('',(#299),#303);
#299 = LINE('',#300,#301);
#300 = CARTESIAN_POINT('',(-6.28318530718,-1.E-01));
#301 = VECTOR('',#302,1.);
#302 = DIRECTION('',(1.,-0.));
#303 = ( GEOMETRIC_REPRESENTATION_CONTEXT(2) 
PARAMETRIC_REPRESENTATION_CONTEXT() REPRESENTATION_CONTEXT('2D SPACE',''
  ) );
#304 = ORIENTED_EDGE('',*,*,#151,.T.);
#305 = ORIENTED_EDGE('',*,*,#306,.F.);
#306 = EDGE_CURVE('',#307,#154,#309,.T.);
#307 = VERTEX_POINT('',#308);
#308 = CARTESIAN_POINT('',(7.642392555389,6.994436264944,
    2.921598624114E-03));
#309 = SURFACE_CURVE('',#310,(#315,#322),.PCURVE_S1.);
#310 = CIRCLE('',#311,3.75);
#311 = AXIS2_PLACEMENT_3D('',#312,#313,#314);
#312 = CARTESIAN_POINT('',(10.442869332477,4.500477600292,
    2.921598624114E-03));
#313 = DIRECTION('',(0.,0.,1.));
#314 = DIRECTION('',(-0.746793807223,0.665055643907,0.));
#315 = PCURVE('',#175,#316);
#316 = DEFINITIONAL_REPRESENTATION('',(#317),#321);
#317 = CIRCLE('',#318,3.75);
#318 = AXIS2_PLACEMENT_2D('',#319,#320);
#319 = CARTESIAN_POINT('',(0.94,-11.81));
#320 = DIRECTION('',(-0.746793807223,0.665055643907));
#321 = ( GEOMETRIC_REPRESENTATION_CONTEXT(2) 
PARAMETRIC_REPRESENTATION_CONTEXT() REPRESENTATION_CONTEXT('2D SPACE',''
  ) );
#322 = PCURVE('',#262,#323);
#323 = DEFINITIONAL_REPRESENTATION('',(#324),#328);
#324 = LINE('',#325,#326);
#325 = CARTESIAN_POINT('',(-2.414024327658,0.));
#326 = VECTOR('',#327,1.);
#327 = DIRECTION('',(-1.,0.));
#328 = ( GEOMETRIC_REPRESENTATION_CONTEXT(2) 
PARAMETRIC_REPRESENTATION_CONTEXT() REPRESENTATION_CONTEXT('2D SPACE',''
  ) );
#329 = ORIENTED_EDGE('',*,*,#330,.T.);
#330 = EDGE_CURVE('',#307,#278,#331,.T.);
#331 = SURFACE_CURVE('',#332,(#337,#344),.PCURVE_S1.);
#332 = CIRCLE('',#333,9.5);
#333 = AXIS2_PLACEMENT_3D('',#334,#335,#336);
#334 = CARTESIAN_POINT('',(9.502869332477,16.310477600292,
    2.921598624114E-03));
#335 = DIRECTION('',(-0.,0.,1.));
#336 = DIRECTION('',(0.319074909993,-0.947729498229,0.));
#337 = PCURVE('',#175,#338);
#338 = DEFINITIONAL_REPRESENTATION('',(#339),#343);
#339 = CIRCLE('',#340,9.5);
#340 = AXIS2_PLACEMENT_2D('',#341,#342);
#341 = CARTESIAN_POINT('',(0.,0.));
#342 = DIRECTION('',(0.319074909993,-0.947729498229));
#343 = ( GEOMETRIC_REPRESENTATION_CONTEXT(2) 
PARAMETRIC_REPRESENTATION_CONTEXT() REPRESENTATION_CONTEXT('2D SPACE',''
  ) );
#344 = PCURVE('',#345,#350);
#345 = CYLINDRICAL_SURFACE('',#346,9.5);
#346 = AXIS2_PLACEMENT_3D('',#347,#348,#349);
#347 = CARTESIAN_POINT('',(9.502869332477,16.310477600292,
    2.921598624114E-03));
#348 = DIRECTION('',(-0.,-0.,-1.));
#349 = DIRECTION('',(1.,0.,0.));
#350 = DEFINITIONAL_REPRESENTATION('',(#351),#355);
#351 = LINE('',#352,#353);
#352 = CARTESIAN_POINT('',(-5.037142195218,0.));
#353 = VECTOR('',#354,1.);
#354 = DIRECTION('',(-1.,0.));
#355 = ( GEOMETRIC_REPRESENTATION_CONTEXT(2) 
PARAMETRIC_REPRESENTATION_CONTEXT() REPRESENTATION_CONTEXT('2D SPACE',''
  ) );
#356 = FACE_BOUND('',#357,.F.);
#357 = EDGE_LOOP('',(#358,#393));
#358 = ORIENTED_EDGE('',*,*,#359,.F.);
#359 = EDGE_CURVE('',#360,#362,#364,.T.);
#360 = VERTEX_POINT('',#361);
#361 = CARTESIAN_POINT('',(13.577805356066,7.728817131383,
    2.921598624114E-03));
#362 = VERTEX_POINT('',#363);
#363 = CARTESIAN_POINT('',(6.836728839228,7.192270820982,
    2.921598624114E-03));
#364 = SURFACE_CURVE('',#365,(#370,#381),.PCURVE_S1.);
#365 = CIRCLE('',#366,4.5);
#366 = AXIS2_PLACEMENT_3D('',#367,#368,#369);
#367 = CARTESIAN_POINT('',(10.442869332477,4.500477600292,
    2.921598624114E-03));
#368 = DIRECTION('',(0.,0.,-1.));
#369 = DIRECTION('',(0.696652449687,0.717408784687,0.));
#370 = PCURVE('',#175,#371);
#371 = DEFINITIONAL_REPRESENTATION('',(#372),#380);
#372 = ( BOUNDED_CURVE() B_SPLINE_CURVE(2,(#373,#374,#375,#376,#377,#378
,#379),.UNSPECIFIED.,.T.,.F.) B_SPLINE_CURVE_WITH_KNOTS((1,2,2,2,2,1),(
    -2.094395102393,0.,2.094395102393,4.188790204786,6.28318530718,
8.377580409573),.UNSPECIFIED.) CURVE() GEOMETRIC_REPRESENTATION_ITEM() 
RATIONAL_B_SPLINE_CURVE((1.,0.5,1.,0.5,1.,0.5,1.)) REPRESENTATION_ITEM(
  '') );
#373 = CARTESIAN_POINT('',(4.07493602359,-8.58166046891));
#374 = CARTESIAN_POINT('',(9.666584115521,-14.01152894024));
#375 = CARTESIAN_POINT('',(2.168356034171,-16.13910400121));
#376 = CARTESIAN_POINT('',(-5.329872047179,-18.26667906218));
#377 = CARTESIAN_POINT('',(-3.42329205776,-10.70923552987));
#378 = CARTESIAN_POINT('',(-1.516712068341,-3.151791997574));
#379 = CARTESIAN_POINT('',(4.07493602359,-8.58166046891));
#380 = ( GEOMETRIC_REPRESENTATION_CONTEXT(2) 
PARAMETRIC_REPRESENTATION_CONTEXT() REPRESENTATION_CONTEXT('2D SPACE',''
  ) );
#381 = PCURVE('',#382,#387);
#382 = CYLINDRICAL_SURFACE('',#383,4.5);
#383 = AXIS2_PLACEMENT_3D('',#384,#385,#386);
#384 = CARTESIAN_POINT('',(10.442869332477,4.500477600292,
    2.921598624114E-03));
#385 = DIRECTION('',(-0.,-0.,-1.));
#386 = DIRECTION('',(1.,0.,0.));
#387 = DEFINITIONAL_REPRESENTATION('',(#388),#392);
#388 = LINE('',#389,#390);
#389 = CARTESIAN_POINT('',(-7.083260942793,0.));
#390 = VECTOR('',#391,1.);
#391 = DIRECTION('',(1.,-0.));
#392 = ( GEOMETRIC_REPRESENTATION_CONTEXT(2) 
PARAMETRIC_REPRESENTATION_CONTEXT() REPRESENTATION_CONTEXT('2D SPACE',''
  ) );
#393 = ORIENTED_EDGE('',*,*,#394,.T.);
#394 = EDGE_CURVE('',#360,#362,#395,.T.);
#395 = SURFACE_CURVE('',#396,(#401,#408),.PCURVE_S1.);
#396 = CIRCLE('',#397,9.5);
#397 = AXIS2_PLACEMENT_3D('',#398,#399,#400);
#398 = CARTESIAN_POINT('',(9.502869332477,16.310477600292,
    2.921598624114E-03));
#399 = DIRECTION('',(-0.,0.,1.));
#400 = DIRECTION('',(0.319074909993,-0.947729498229,0.));
#401 = PCURVE('',#175,#402);
#402 = DEFINITIONAL_REPRESENTATION('',(#403),#407);
#403 = CIRCLE('',#404,9.5);
#404 = AXIS2_PLACEMENT_2D('',#405,#406);
#405 = CARTESIAN_POINT('',(0.,0.));
#406 = DIRECTION('',(0.319074909993,-0.947729498229));
#407 = ( GEOMETRIC_REPRESENTATION_CONTEXT(2) 
PARAMETRIC_REPRESENTATION_CONTEXT() REPRESENTATION_CONTEXT('2D SPACE',''
  ) );
#408 = PCURVE('',#409,#414);
#409 = CYLINDRICAL_SURFACE('',#410,9.5);
#410 = AXIS2_PLACEMENT_3D('',#411,#412,#413);
#411 = CARTESIAN_POINT('',(9.502869332477,16.310477600292,
    2.921598624114E-03));
#412 = DIRECTION('',(-0.,-0.,-1.));
#413 = DIRECTION('',(1.,0.,0.));
#414 = DEFINITIONAL_REPRESENTATION('',(#415),#419);
#415 = LINE('',#416,#417);
#416 = CARTESIAN_POINT('',(-5.037142195218,0.));
#417 = VECTOR('',#418,1.);
#418 = DIRECTION('',(-1.,0.));
#419 = ( GEOMETRIC_REPRESENTATION_CONTEXT(2) 
PARAMETRIC_REPRESENTATION_CONTEXT() REPRESENTATION_CONTEXT('2D SPACE',''
  ) );
#420 = FACE_BOUND('',#421,.F.);
#421 = EDGE_LOOP('',(#422,#453,#481,#510,#538,#567,#595,#624,#652,#681,
    #709,#738,#766,#795,#823,#852));
#422 = ORIENTED_EDGE('',*,*,#423,.F.);
#423 = EDGE_CURVE('',#424,#426,#428,.T.);
#424 = VERTEX_POINT('',#425);
#425 = CARTESIAN_POINT('',(2.802869332477,19.145195399298,
    2.921598624114E-03));
#426 = VERTEX_POINT('',#427);
#427 = CARTESIAN_POINT('',(2.802869332477,13.475759801287,
    2.921598624114E-03));
#428 = SURFACE_CURVE('',#429,(#434,#441),.PCURVE_S1.);
#429 = CIRCLE('',#430,7.275);
#430 = AXIS2_PLACEMENT_3D('',#431,#432,#433);
#431 = CARTESIAN_POINT('',(9.502869332477,16.310477600292,
    2.921598624114E-03));
#432 = DIRECTION('',(0.,0.,1.));
#433 = DIRECTION('',(1.,0.,0.));
#434 = PCURVE('',#175,#435);
#435 = DEFINITIONAL_REPRESENTATION('',(#436),#440);
#436 = CIRCLE('',#437,7.275);
#437 = AXIS2_PLACEMENT_2D('',#438,#439);
#438 = CARTESIAN_POINT('',(4.618527782441E-14,0.));
#439 = DIRECTION('',(1.,0.));
#440 = ( GEOMETRIC_REPRESENTATION_CONTEXT(2) 
PARAMETRIC_REPRESENTATION_CONTEXT() REPRESENTATION_CONTEXT('2D SPACE',''
  ) );
#441 = PCURVE('',#442,#447);
#442 = CYLINDRICAL_SURFACE('',#443,7.275);
#443 = AXIS2_PLACEMENT_3D('',#444,#445,#446);
#444 = CARTESIAN_POINT('',(9.502869332477,16.310477600292,
    2.921598624114E-03));
#445 = DIRECTION('',(-0.,-0.,-1.));
#446 = DIRECTION('',(1.,0.,0.));
#447 = DEFINITIONAL_REPRESENTATION('',(#448),#452);
#448 = LINE('',#449,#450);
#449 = CARTESIAN_POINT('',(-0.,0.));
#450 = VECTOR('',#451,1.);
#451 = DIRECTION('',(-1.,0.));
#452 = ( GEOMETRIC_REPRESENTATION_CONTEXT(2) 
PARAMETRIC_REPRESENTATION_CONTEXT() REPRESENTATION_CONTEXT('2D SPACE',''
  ) );
#453 = ORIENTED_EDGE('',*,*,#454,.T.);
#454 = EDGE_CURVE('',#424,#455,#457,.T.);
#455 = VERTEX_POINT('',#456);
#456 = CARTESIAN_POINT('',(2.802869332477,22.360477600292,
    2.921598624114E-03));
#457 = SURFACE_CURVE('',#458,(#462,#469),.PCURVE_S1.);
#458 = LINE('',#459,#460);
#459 = CARTESIAN_POINT('',(2.802869332477,13.060477600292,
    2.921598624114E-03));
#460 = VECTOR('',#461,1.);
#461 = DIRECTION('',(0.,1.,0.));
#462 = PCURVE('',#175,#463);
#463 = DEFINITIONAL_REPRESENTATION('',(#464),#468);
#464 = LINE('',#465,#466);
#465 = CARTESIAN_POINT('',(-6.7,-3.25));
#466 = VECTOR('',#467,1.);
#467 = DIRECTION('',(0.,1.));
#468 = ( GEOMETRIC_REPRESENTATION_CONTEXT(2) 
PARAMETRIC_REPRESENTATION_CONTEXT() REPRESENTATION_CONTEXT('2D SPACE',''
  ) );
#469 = PCURVE('',#470,#475);
#470 = PLANE('',#471);
#471 = AXIS2_PLACEMENT_3D('',#472,#473,#474);
#472 = CARTESIAN_POINT('',(2.802869332477,9.810477600292,-0.277078401376
    ));
#473 = DIRECTION('',(1.,0.,0.));
#474 = DIRECTION('',(0.,0.,1.));
#475 = DEFINITIONAL_REPRESENTATION('',(#476),#480);
#476 = LINE('',#477,#478);
#477 = CARTESIAN_POINT('',(0.28,-3.25));
#478 = VECTOR('',#479,1.);
#479 = DIRECTION('',(0.,-1.));
#480 = ( GEOMETRIC_REPRESENTATION_CONTEXT(2) 
PARAMETRIC_REPRESENTATION_CONTEXT() REPRESENTATION_CONTEXT('2D SPACE',''
  ) );
#481 = ORIENTED_EDGE('',*,*,#482,.F.);
#482 = EDGE_CURVE('',#483,#455,#485,.T.);
#483 = VERTEX_POINT('',#484);
#484 = CARTESIAN_POINT('',(3.252869332477,22.810477600292,
    2.921598624114E-03));
#485 = SURFACE_CURVE('',#486,(#491,#498),.PCURVE_S1.);
#486 = CIRCLE('',#487,0.45);
#487 = AXIS2_PLACEMENT_3D('',#488,#489,#490);
#488 = CARTESIAN_POINT('',(3.252869332477,22.360477600292,
    2.921598624114E-03));
#489 = DIRECTION('',(0.,0.,1.));
#490 = DIRECTION('',(-1.,-0.,0.));
#491 = PCURVE('',#175,#492);
#492 = DEFINITIONAL_REPRESENTATION('',(#493),#497);
#493 = CIRCLE('',#494,0.45);
#494 = AXIS2_PLACEMENT_2D('',#495,#496);
#495 = CARTESIAN_POINT('',(-6.25,6.05));
#496 = DIRECTION('',(-1.,0.));
#497 = ( GEOMETRIC_REPRESENTATION_CONTEXT(2) 
PARAMETRIC_REPRESENTATION_CONTEXT() REPRESENTATION_CONTEXT('2D SPACE',''
  ) );
#498 = PCURVE('',#499,#504);
#499 = CYLINDRICAL_SURFACE('',#500,0.45);
#500 = AXIS2_PLACEMENT_3D('',#501,#502,#503);
#501 = CARTESIAN_POINT('',(3.252869332477,22.360477600292,
    -0.277078401376));
#502 = DIRECTION('',(0.,0.,1.));
#503 = DIRECTION('',(-1.,-0.,0.));
#504 = DEFINITIONAL_REPRESENTATION('',(#505),#509);
#505 = LINE('',#506,#507);
#506 = CARTESIAN_POINT('',(-6.28318530718,0.28));
#507 = VECTOR('',#508,1.);
#508 = DIRECTION('',(1.,-0.));
#509 = ( GEOMETRIC_REPRESENTATION_CONTEXT(2) 
PARAMETRIC_REPRESENTATION_CONTEXT() REPRESENTATION_CONTEXT('2D SPACE',''
  ) );
#510 = ORIENTED_EDGE('',*,*,#511,.F.);
#511 = EDGE_CURVE('',#512,#483,#514,.T.);
#512 = VERTEX_POINT('',#513);
#513 = CARTESIAN_POINT('',(6.235511837497,22.810477600292,
    2.921598624114E-03));
#514 = SURFACE_CURVE('',#515,(#519,#526),.PCURVE_S1.);
#515 = LINE('',#516,#517);
#516 = CARTESIAN_POINT('',(6.152869332477,22.810477600292,
    2.921598624114E-03));
#517 = VECTOR('',#518,1.);
#518 = DIRECTION('',(-1.,0.,0.));
#519 = PCURVE('',#175,#520);
#520 = DEFINITIONAL_REPRESENTATION('',(#521),#525);
#521 = LINE('',#522,#523);
#522 = CARTESIAN_POINT('',(-3.35,6.5));
#523 = VECTOR('',#524,1.);
#524 = DIRECTION('',(-1.,0.));
#525 = ( GEOMETRIC_REPRESENTATION_CONTEXT(2) 
PARAMETRIC_REPRESENTATION_CONTEXT() REPRESENTATION_CONTEXT('2D SPACE',''
  ) );
#526 = PCURVE('',#527,#532);
#527 = PLANE('',#528);
#528 = AXIS2_PLACEMENT_3D('',#529,#530,#531);
#529 = CARTESIAN_POINT('',(2.802869332477,22.810477600292,
    -0.277078401376));
#530 = DIRECTION('',(0.,1.,0.));
#531 = DIRECTION('',(0.,0.,1.));
#532 = DEFINITIONAL_REPRESENTATION('',(#533),#537);
#533 = LINE('',#534,#535);
#534 = CARTESIAN_POINT('',(0.28,3.35));
#535 = VECTOR('',#536,1.);
#536 = DIRECTION('',(0.,-1.));
#537 = ( GEOMETRIC_REPRESENTATION_CONTEXT(2) 
PARAMETRIC_REPRESENTATION_CONTEXT() REPRESENTATION_CONTEXT('2D SPACE',''
  ) );
#538 = ORIENTED_EDGE('',*,*,#539,.F.);
#539 = EDGE_CURVE('',#540,#512,#542,.T.);
#540 = VERTEX_POINT('',#541);
#541 = CARTESIAN_POINT('',(12.770226827456,22.810477600292,
    2.921598624114E-03));
#542 = SURFACE_CURVE('',#543,(#548,#555),.PCURVE_S1.);
#543 = CIRCLE('',#544,7.275);
#544 = AXIS2_PLACEMENT_3D('',#545,#546,#547);
#545 = CARTESIAN_POINT('',(9.502869332477,16.310477600292,
    2.921598624114E-03));
#546 = DIRECTION('',(0.,0.,1.));
#547 = DIRECTION('',(1.,0.,0.));
#548 = PCURVE('',#175,#549);
#549 = DEFINITIONAL_REPRESENTATION('',(#550),#554);
#550 = CIRCLE('',#551,7.275);
#551 = AXIS2_PLACEMENT_2D('',#552,#553);
#552 = CARTESIAN_POINT('',(4.618527782441E-14,0.));
#553 = DIRECTION('',(1.,0.));
#554 = ( GEOMETRIC_REPRESENTATION_CONTEXT(2) 
PARAMETRIC_REPRESENTATION_CONTEXT() REPRESENTATION_CONTEXT('2D SPACE',''
  ) );
#555 = PCURVE('',#556,#561);
#556 = CYLINDRICAL_SURFACE('',#557,7.275);
#557 = AXIS2_PLACEMENT_3D('',#558,#559,#560);
#558 = CARTESIAN_POINT('',(9.502869332477,16.310477600292,
    2.921598624114E-03));
#559 = DIRECTION('',(-0.,-0.,-1.));
#560 = DIRECTION('',(1.,0.,0.));
#561 = DEFINITIONAL_REPRESENTATION('',(#562),#566);
#562 = LINE('',#563,#564);
#563 = CARTESIAN_POINT('',(-0.,0.));
#564 = VECTOR('',#565,1.);
#565 = DIRECTION('',(-1.,0.));
#566 = ( GEOMETRIC_REPRESENTATION_CONTEXT(2) 
PARAMETRIC_REPRESENTATION_CONTEXT() REPRESENTATION_CONTEXT('2D SPACE',''
  ) );
#567 = ORIENTED_EDGE('',*,*,#568,.F.);
#568 = EDGE_CURVE('',#569,#540,#571,.T.);
#569 = VERTEX_POINT('',#570);
#570 = CARTESIAN_POINT('',(15.752869332477,22.810477600292,
    2.921598624114E-03));
#571 = SURFACE_CURVE('',#572,(#576,#583),.PCURVE_S1.);
#572 = LINE('',#573,#574);
#573 = CARTESIAN_POINT('',(6.152869332477,22.810477600292,
    2.921598624114E-03));
#574 = VECTOR('',#575,1.);
#575 = DIRECTION('',(-1.,0.,0.));
#576 = PCURVE('',#175,#577);
#577 = DEFINITIONAL_REPRESENTATION('',(#578),#582);
#578 = LINE('',#579,#580);
#579 = CARTESIAN_POINT('',(-3.35,6.5));
#580 = VECTOR('',#581,1.);
#581 = DIRECTION('',(-1.,0.));
#582 = ( GEOMETRIC_REPRESENTATION_CONTEXT(2) 
PARAMETRIC_REPRESENTATION_CONTEXT() REPRESENTATION_CONTEXT('2D SPACE',''
  ) );
#583 = PCURVE('',#584,#589);
#584 = PLANE('',#585);
#585 = AXIS2_PLACEMENT_3D('',#586,#587,#588);
#586 = CARTESIAN_POINT('',(2.802869332477,22.810477600292,
    -0.277078401376));
#587 = DIRECTION('',(0.,1.,0.));
#588 = DIRECTION('',(0.,0.,1.));
#589 = DEFINITIONAL_REPRESENTATION('',(#590),#594);
#590 = LINE('',#591,#592);
#591 = CARTESIAN_POINT('',(0.28,3.35));
#592 = VECTOR('',#593,1.);
#593 = DIRECTION('',(0.,-1.));
#594 = ( GEOMETRIC_REPRESENTATION_CONTEXT(2) 
PARAMETRIC_REPRESENTATION_CONTEXT() REPRESENTATION_CONTEXT('2D SPACE',''
  ) );
#595 = ORIENTED_EDGE('',*,*,#596,.F.);
#596 = EDGE_CURVE('',#597,#569,#599,.T.);
#597 = VERTEX_POINT('',#598);
#598 = CARTESIAN_POINT('',(16.202869332477,22.360477600292,
    2.921598624114E-03));
#599 = SURFACE_CURVE('',#600,(#605,#612),.PCURVE_S1.);
#600 = CIRCLE('',#601,0.45);
#601 = AXIS2_PLACEMENT_3D('',#602,#603,#604);
#602 = CARTESIAN_POINT('',(15.752869332477,22.360477600292,
    2.921598624114E-03));
#603 = DIRECTION('',(0.,0.,1.));
#604 = DIRECTION('',(1.,0.,-0.));
#605 = PCURVE('',#175,#606);
#606 = DEFINITIONAL_REPRESENTATION('',(#607),#611);
#607 = CIRCLE('',#608,0.45);
#608 = AXIS2_PLACEMENT_2D('',#609,#610);
#609 = CARTESIAN_POINT('',(6.25,6.05));
#610 = DIRECTION('',(1.,0.));
#611 = ( GEOMETRIC_REPRESENTATION_CONTEXT(2) 
PARAMETRIC_REPRESENTATION_CONTEXT() REPRESENTATION_CONTEXT('2D SPACE',''
  ) );
#612 = PCURVE('',#613,#618);
#613 = CYLINDRICAL_SURFACE('',#614,0.45);
#614 = AXIS2_PLACEMENT_3D('',#615,#616,#617);
#615 = CARTESIAN_POINT('',(15.752869332477,22.360477600292,
    -0.277078401376));
#616 = DIRECTION('',(0.,0.,1.));
#617 = DIRECTION('',(1.,0.,-0.));
#618 = DEFINITIONAL_REPRESENTATION('',(#619),#623);
#619 = LINE('',#620,#621);
#620 = CARTESIAN_POINT('',(0.,0.28));
#621 = VECTOR('',#622,1.);
#622 = DIRECTION('',(1.,0.));
#623 = ( GEOMETRIC_REPRESENTATION_CONTEXT(2) 
PARAMETRIC_REPRESENTATION_CONTEXT() REPRESENTATION_CONTEXT('2D SPACE',''
  ) );
#624 = ORIENTED_EDGE('',*,*,#625,.F.);
#625 = EDGE_CURVE('',#626,#597,#628,.T.);
#626 = VERTEX_POINT('',#627);
#627 = CARTESIAN_POINT('',(16.202869332477,19.145195399298,
    2.921598624114E-03));
#628 = SURFACE_CURVE('',#629,(#633,#640),.PCURVE_S1.);
#629 = LINE('',#630,#631);
#630 = CARTESIAN_POINT('',(16.202869332477,13.060477600292,
    2.921598624114E-03));
#631 = VECTOR('',#632,1.);
#632 = DIRECTION('',(0.,1.,0.));
#633 = PCURVE('',#175,#634);
#634 = DEFINITIONAL_REPRESENTATION('',(#635),#639);
#635 = LINE('',#636,#637);
#636 = CARTESIAN_POINT('',(6.7,-3.25));
#637 = VECTOR('',#638,1.);
#638 = DIRECTION('',(0.,1.));
#639 = ( GEOMETRIC_REPRESENTATION_CONTEXT(2) 
PARAMETRIC_REPRESENTATION_CONTEXT() REPRESENTATION_CONTEXT('2D SPACE',''
  ) );
#640 = PCURVE('',#641,#646);
#641 = PLANE('',#642);
#642 = AXIS2_PLACEMENT_3D('',#643,#644,#645);
#643 = CARTESIAN_POINT('',(16.202869332477,9.810477600292,
    -0.277078401376));
#644 = DIRECTION('',(1.,0.,0.));
#645 = DIRECTION('',(0.,0.,1.));
#646 = DEFINITIONAL_REPRESENTATION('',(#647),#651);
#647 = LINE('',#648,#649);
#648 = CARTESIAN_POINT('',(0.28,-3.25));
#649 = VECTOR('',#650,1.);
#650 = DIRECTION('',(0.,-1.));
#651 = ( GEOMETRIC_REPRESENTATION_CONTEXT(2) 
PARAMETRIC_REPRESENTATION_CONTEXT() REPRESENTATION_CONTEXT('2D SPACE',''
  ) );
#652 = ORIENTED_EDGE('',*,*,#653,.F.);
#653 = EDGE_CURVE('',#654,#626,#656,.T.);
#654 = VERTEX_POINT('',#655);
#655 = CARTESIAN_POINT('',(16.202869332477,13.475759801287,
    2.921598624114E-03));
#656 = SURFACE_CURVE('',#657,(#662,#669),.PCURVE_S1.);
#657 = CIRCLE('',#658,7.275);
#658 = AXIS2_PLACEMENT_3D('',#659,#660,#661);
#659 = CARTESIAN_POINT('',(9.502869332477,16.310477600292,
    2.921598624114E-03));
#660 = DIRECTION('',(-0.,0.,1.));
#661 = DIRECTION('',(0.920962199313,-0.389651931135,0.));
#662 = PCURVE('',#175,#663);
#663 = DEFINITIONAL_REPRESENTATION('',(#664),#668);
#664 = CIRCLE('',#665,7.275);
#665 = AXIS2_PLACEMENT_2D('',#666,#667);
#666 = CARTESIAN_POINT('',(4.618527782441E-14,0.));
#667 = DIRECTION('',(0.920962199313,-0.389651931135));
#668 = ( GEOMETRIC_REPRESENTATION_CONTEXT(2) 
PARAMETRIC_REPRESENTATION_CONTEXT() REPRESENTATION_CONTEXT('2D SPACE',''
  ) );
#669 = PCURVE('',#670,#675);
#670 = CYLINDRICAL_SURFACE('',#671,7.275);
#671 = AXIS2_PLACEMENT_3D('',#672,#673,#674);
#672 = CARTESIAN_POINT('',(9.502869332477,16.310477600292,
    2.921598624114E-03));
#673 = DIRECTION('',(-0.,-0.,-1.));
#674 = DIRECTION('',(1.,0.,0.));
#675 = DEFINITIONAL_REPRESENTATION('',(#676),#680);
#676 = LINE('',#677,#678);
#677 = CARTESIAN_POINT('',(-5.882931685156,0.));
#678 = VECTOR('',#679,1.);
#679 = DIRECTION('',(-1.,0.));
#680 = ( GEOMETRIC_REPRESENTATION_CONTEXT(2) 
PARAMETRIC_REPRESENTATION_CONTEXT() REPRESENTATION_CONTEXT('2D SPACE',''
  ) );
#681 = ORIENTED_EDGE('',*,*,#682,.F.);
#682 = EDGE_CURVE('',#683,#654,#685,.T.);
#683 = VERTEX_POINT('',#684);
#684 = CARTESIAN_POINT('',(16.202869332477,10.260477600292,
    2.921598624114E-03));
#685 = SURFACE_CURVE('',#686,(#690,#697),.PCURVE_S1.);
#686 = LINE('',#687,#688);
#687 = CARTESIAN_POINT('',(16.202869332477,13.060477600292,
    2.921598624114E-03));
#688 = VECTOR('',#689,1.);
#689 = DIRECTION('',(0.,1.,0.));
#690 = PCURVE('',#175,#691);
#691 = DEFINITIONAL_REPRESENTATION('',(#692),#696);
#692 = LINE('',#693,#694);
#693 = CARTESIAN_POINT('',(6.7,-3.25));
#694 = VECTOR('',#695,1.);
#695 = DIRECTION('',(0.,1.));
#696 = ( GEOMETRIC_REPRESENTATION_CONTEXT(2) 
PARAMETRIC_REPRESENTATION_CONTEXT() REPRESENTATION_CONTEXT('2D SPACE',''
  ) );
#697 = PCURVE('',#698,#703);
#698 = PLANE('',#699);
#699 = AXIS2_PLACEMENT_3D('',#700,#701,#702);
#700 = CARTESIAN_POINT('',(16.202869332477,9.810477600292,
    -0.277078401376));
#701 = DIRECTION('',(1.,0.,0.));
#702 = DIRECTION('',(0.,0.,1.));
#703 = DEFINITIONAL_REPRESENTATION('',(#704),#708);
#704 = LINE('',#705,#706);
#705 = CARTESIAN_POINT('',(0.28,-3.25));
#706 = VECTOR('',#707,1.);
#707 = DIRECTION('',(0.,-1.));
#708 = ( GEOMETRIC_REPRESENTATION_CONTEXT(2) 
PARAMETRIC_REPRESENTATION_CONTEXT() REPRESENTATION_CONTEXT('2D SPACE',''
  ) );
#709 = ORIENTED_EDGE('',*,*,#710,.F.);
#710 = EDGE_CURVE('',#711,#683,#713,.T.);
#711 = VERTEX_POINT('',#712);
#712 = CARTESIAN_POINT('',(15.752869332477,9.810477600292,
    2.921598624114E-03));
#713 = SURFACE_CURVE('',#714,(#719,#726),.PCURVE_S1.);
#714 = CIRCLE('',#715,0.45);
#715 = AXIS2_PLACEMENT_3D('',#716,#717,#718);
#716 = CARTESIAN_POINT('',(15.752869332477,10.260477600292,
    2.921598624114E-03));
#717 = DIRECTION('',(0.,0.,1.));
#718 = DIRECTION('',(1.,0.,-0.));
#719 = PCURVE('',#175,#720);
#720 = DEFINITIONAL_REPRESENTATION('',(#721),#725);
#721 = CIRCLE('',#722,0.45);
#722 = AXIS2_PLACEMENT_2D('',#723,#724);
#723 = CARTESIAN_POINT('',(6.25,-6.05));
#724 = DIRECTION('',(1.,0.));
#725 = ( GEOMETRIC_REPRESENTATION_CONTEXT(2) 
PARAMETRIC_REPRESENTATION_CONTEXT() REPRESENTATION_CONTEXT('2D SPACE',''
  ) );
#726 = PCURVE('',#727,#732);
#727 = CYLINDRICAL_SURFACE('',#728,0.45);
#728 = AXIS2_PLACEMENT_3D('',#729,#730,#731);
#729 = CARTESIAN_POINT('',(15.752869332477,10.260477600292,
    -0.277078401376));
#730 = DIRECTION('',(0.,0.,1.));
#731 = DIRECTION('',(1.,0.,-0.));
#732 = DEFINITIONAL_REPRESENTATION('',(#733),#737);
#733 = LINE('',#734,#735);
#734 = CARTESIAN_POINT('',(-6.28318530718,0.28));
#735 = VECTOR('',#736,1.);
#736 = DIRECTION('',(1.,-0.));
#737 = ( GEOMETRIC_REPRESENTATION_CONTEXT(2) 
PARAMETRIC_REPRESENTATION_CONTEXT() REPRESENTATION_CONTEXT('2D SPACE',''
  ) );
#738 = ORIENTED_EDGE('',*,*,#739,.T.);
#739 = EDGE_CURVE('',#711,#740,#742,.T.);
#740 = VERTEX_POINT('',#741);
#741 = CARTESIAN_POINT('',(12.770226827456,9.810477600292,
    2.921598624114E-03));
#742 = SURFACE_CURVE('',#743,(#747,#754),.PCURVE_S1.);
#743 = LINE('',#744,#745);
#744 = CARTESIAN_POINT('',(6.152869332477,9.810477600292,
    2.921598624114E-03));
#745 = VECTOR('',#746,1.);
#746 = DIRECTION('',(-1.,0.,0.));
#747 = PCURVE('',#175,#748);
#748 = DEFINITIONAL_REPRESENTATION('',(#749),#753);
#749 = LINE('',#750,#751);
#750 = CARTESIAN_POINT('',(-3.35,-6.5));
#751 = VECTOR('',#752,1.);
#752 = DIRECTION('',(-1.,0.));
#753 = ( GEOMETRIC_REPRESENTATION_CONTEXT(2) 
PARAMETRIC_REPRESENTATION_CONTEXT() REPRESENTATION_CONTEXT('2D SPACE',''
  ) );
#754 = PCURVE('',#755,#760);
#755 = PLANE('',#756);
#756 = AXIS2_PLACEMENT_3D('',#757,#758,#759);
#757 = CARTESIAN_POINT('',(2.802869332477,9.810477600292,-0.277078401376
    ));
#758 = DIRECTION('',(0.,1.,0.));
#759 = DIRECTION('',(0.,0.,1.));
#760 = DEFINITIONAL_REPRESENTATION('',(#761),#765);
#761 = LINE('',#762,#763);
#762 = CARTESIAN_POINT('',(0.28,3.35));
#763 = VECTOR('',#764,1.);
#764 = DIRECTION('',(0.,-1.));
#765 = ( GEOMETRIC_REPRESENTATION_CONTEXT(2) 
PARAMETRIC_REPRESENTATION_CONTEXT() REPRESENTATION_CONTEXT('2D SPACE',''
  ) );
#766 = ORIENTED_EDGE('',*,*,#767,.F.);
#767 = EDGE_CURVE('',#768,#740,#770,.T.);
#768 = VERTEX_POINT('',#769);
#769 = CARTESIAN_POINT('',(6.235511837497,9.810477600292,
    2.921598624114E-03));
#770 = SURFACE_CURVE('',#771,(#776,#783),.PCURVE_S1.);
#771 = CIRCLE('',#772,7.275);
#772 = AXIS2_PLACEMENT_3D('',#773,#774,#775);
#773 = CARTESIAN_POINT('',(9.502869332477,16.310477600292,
    2.921598624114E-03));
#774 = DIRECTION('',(0.,0.,1.));
#775 = DIRECTION('',(1.,0.,0.));
#776 = PCURVE('',#175,#777);
#777 = DEFINITIONAL_REPRESENTATION('',(#778),#782);
#778 = CIRCLE('',#779,7.275);
#779 = AXIS2_PLACEMENT_2D('',#780,#781);
#780 = CARTESIAN_POINT('',(4.618527782441E-14,0.));
#781 = DIRECTION('',(1.,0.));
#782 = ( GEOMETRIC_REPRESENTATION_CONTEXT(2) 
PARAMETRIC_REPRESENTATION_CONTEXT() REPRESENTATION_CONTEXT('2D SPACE',''
  ) );
#783 = PCURVE('',#784,#789);
#784 = CYLINDRICAL_SURFACE('',#785,7.275);
#785 = AXIS2_PLACEMENT_3D('',#786,#787,#788);
#786 = CARTESIAN_POINT('',(9.502869332477,16.310477600292,
    2.921598624114E-03));
#787 = DIRECTION('',(-0.,-0.,-1.));
#788 = DIRECTION('',(1.,0.,0.));
#789 = DEFINITIONAL_REPRESENTATION('',(#790),#794);
#790 = LINE('',#791,#792);
#791 = CARTESIAN_POINT('',(-0.,0.));
#792 = VECTOR('',#793,1.);
#793 = DIRECTION('',(-1.,0.));
#794 = ( GEOMETRIC_REPRESENTATION_CONTEXT(2) 
PARAMETRIC_REPRESENTATION_CONTEXT() REPRESENTATION_CONTEXT('2D SPACE',''
  ) );
#795 = ORIENTED_EDGE('',*,*,#796,.T.);
#796 = EDGE_CURVE('',#768,#797,#799,.T.);
#797 = VERTEX_POINT('',#798);
#798 = CARTESIAN_POINT('',(3.252869332477,9.810477600292,
    2.921598624114E-03));
#799 = SURFACE_CURVE('',#800,(#804,#811),.PCURVE_S1.);
#800 = LINE('',#801,#802);
#801 = CARTESIAN_POINT('',(6.152869332477,9.810477600292,
    2.921598624114E-03));
#802 = VECTOR('',#803,1.);
#803 = DIRECTION('',(-1.,0.,0.));
#804 = PCURVE('',#175,#805);
#805 = DEFINITIONAL_REPRESENTATION('',(#806),#810);
#806 = LINE('',#807,#808);
#807 = CARTESIAN_POINT('',(-3.35,-6.5));
#808 = VECTOR('',#809,1.);
#809 = DIRECTION('',(-1.,0.));
#810 = ( GEOMETRIC_REPRESENTATION_CONTEXT(2) 
PARAMETRIC_REPRESENTATION_CONTEXT() REPRESENTATION_CONTEXT('2D SPACE',''
  ) );
#811 = PCURVE('',#812,#817);
#812 = PLANE('',#813);
#813 = AXIS2_PLACEMENT_3D('',#814,#815,#816);
#814 = CARTESIAN_POINT('',(2.802869332477,9.810477600292,-0.277078401376
    ));
#815 = DIRECTION('',(0.,1.,0.));
#816 = DIRECTION('',(0.,0.,1.));
#817 = DEFINITIONAL_REPRESENTATION('',(#818),#822);
#818 = LINE('',#819,#820);
#819 = CARTESIAN_POINT('',(0.28,3.35));
#820 = VECTOR('',#821,1.);
#821 = DIRECTION('',(0.,-1.));
#822 = ( GEOMETRIC_REPRESENTATION_CONTEXT(2) 
PARAMETRIC_REPRESENTATION_CONTEXT() REPRESENTATION_CONTEXT('2D SPACE',''
  ) );
#823 = ORIENTED_EDGE('',*,*,#824,.F.);
#824 = EDGE_CURVE('',#825,#797,#827,.T.);
#825 = VERTEX_POINT('',#826);
#826 = CARTESIAN_POINT('',(2.802869332477,10.260477600292,
    2.921598624114E-03));
#827 = SURFACE_CURVE('',#828,(#833,#840),.PCURVE_S1.);
#828 = CIRCLE('',#829,0.45);
#829 = AXIS2_PLACEMENT_3D('',#830,#831,#832);
#830 = CARTESIAN_POINT('',(3.252869332477,10.260477600292,
    2.921598624114E-03));
#831 = DIRECTION('',(0.,0.,1.));
#832 = DIRECTION('',(-1.,-0.,0.));
#833 = PCURVE('',#175,#834);
#834 = DEFINITIONAL_REPRESENTATION('',(#835),#839);
#835 = CIRCLE('',#836,0.45);
#836 = AXIS2_PLACEMENT_2D('',#837,#838);
#837 = CARTESIAN_POINT('',(-6.25,-6.05));
#838 = DIRECTION('',(-1.,0.));
#839 = ( GEOMETRIC_REPRESENTATION_CONTEXT(2) 
PARAMETRIC_REPRESENTATION_CONTEXT() REPRESENTATION_CONTEXT('2D SPACE',''
  ) );
#840 = PCURVE('',#841,#846);
#841 = CYLINDRICAL_SURFACE('',#842,0.45);
#842 = AXIS2_PLACEMENT_3D('',#843,#844,#845);
#843 = CARTESIAN_POINT('',(3.252869332477,10.260477600292,
    -0.277078401376));
#844 = DIRECTION('',(0.,0.,1.));
#845 = DIRECTION('',(-1.,-0.,0.));
#846 = DEFINITIONAL_REPRESENTATION('',(#847),#851);
#847 = LINE('',#848,#849);
#848 = CARTESIAN_POINT('',(0.,0.28));
#849 = VECTOR('',#850,1.);
#850 = DIRECTION('',(1.,0.));
#851 = ( GEOMETRIC_REPRESENTATION_CONTEXT(2) 
PARAMETRIC_REPRESENTATION_CONTEXT() REPRESENTATION_CONTEXT('2D SPACE',''
  ) );
#852 = ORIENTED_EDGE('',*,*,#853,.T.);
#853 = EDGE_CURVE('',#825,#426,#854,.T.);
#854 = SURFACE_CURVE('',#855,(#859,#866),.PCURVE_S1.);
#855 = LINE('',#856,#857);
#856 = CARTESIAN_POINT('',(2.802869332477,13.060477600292,
    2.921598624114E-03));
#857 = VECTOR('',#858,1.);
#858 = DIRECTION('',(0.,1.,0.));
#859 = PCURVE('',#175,#860);
#860 = DEFINITIONAL_REPRESENTATION('',(#861),#865);
#861 = LINE('',#862,#863);
#862 = CARTESIAN_POINT('',(-6.7,-3.25));
#863 = VECTOR('',#864,1.);
#864 = DIRECTION('',(0.,1.));
#865 = ( GEOMETRIC_REPRESENTATION_CONTEXT(2) 
PARAMETRIC_REPRESENTATION_CONTEXT() REPRESENTATION_CONTEXT('2D SPACE',''
  ) );
#866 = PCURVE('',#867,#872);
#867 = PLANE('',#868);
#868 = AXIS2_PLACEMENT_3D('',#869,#870,#871);
#869 = CARTESIAN_POINT('',(2.802869332477,9.810477600292,-0.277078401376
    ));
#870 = DIRECTION('',(1.,0.,0.));
#871 = DIRECTION('',(0.,0.,1.));
#872 = DEFINITIONAL_REPRESENTATION('',(#873),#877);
#873 = LINE('',#874,#875);
#874 = CARTESIAN_POINT('',(0.28,-3.25));
#875 = VECTOR('',#876,1.);
#876 = DIRECTION('',(0.,-1.));
#877 = ( GEOMETRIC_REPRESENTATION_CONTEXT(2) 
PARAMETRIC_REPRESENTATION_CONTEXT() REPRESENTATION_CONTEXT('2D SPACE',''
  ) );
#878 = ADVANCED_FACE('',(#879),#262,.F.);
#879 = FACE_BOUND('',#880,.T.);
#880 = EDGE_LOOP('',(#881,#882,#905,#927));
#881 = ORIENTED_EDGE('',*,*,#306,.F.);
#882 = ORIENTED_EDGE('',*,*,#883,.F.);
#883 = EDGE_CURVE('',#884,#307,#886,.T.);
#884 = VERTEX_POINT('',#885);
#885 = CARTESIAN_POINT('',(7.642392555389,6.994436264944,0.482921598624)
  );
#886 = SURFACE_CURVE('',#887,(#891,#898),.PCURVE_S1.);
#887 = LINE('',#888,#889);
#888 = CARTESIAN_POINT('',(7.642392555389,6.994436264944,
    2.921598624114E-03));
#889 = VECTOR('',#890,1.);
#890 = DIRECTION('',(-0.,-0.,-1.));
#891 = PCURVE('',#262,#892);
#892 = DEFINITIONAL_REPRESENTATION('',(#893),#897);
#893 = LINE('',#894,#895);
#894 = CARTESIAN_POINT('',(-2.414024327658,0.));
#895 = VECTOR('',#896,1.);
#896 = DIRECTION('',(-0.,1.));
#897 = ( GEOMETRIC_REPRESENTATION_CONTEXT(2) 
PARAMETRIC_REPRESENTATION_CONTEXT() REPRESENTATION_CONTEXT('2D SPACE',''
  ) );
#898 = PCURVE('',#345,#899);
#899 = DEFINITIONAL_REPRESENTATION('',(#900),#904);
#900 = LINE('',#901,#902);
#901 = CARTESIAN_POINT('',(-10.79846066943,0.));
#902 = VECTOR('',#903,1.);
#903 = DIRECTION('',(-0.,1.));
#904 = ( GEOMETRIC_REPRESENTATION_CONTEXT(2) 
PARAMETRIC_REPRESENTATION_CONTEXT() REPRESENTATION_CONTEXT('2D SPACE',''
  ) );
#905 = ORIENTED_EDGE('',*,*,#906,.T.);
#906 = EDGE_CURVE('',#884,#216,#907,.T.);
#907 = SURFACE_CURVE('',#908,(#913,#920),.PCURVE_S1.);
#908 = CIRCLE('',#909,3.75);
#909 = AXIS2_PLACEMENT_3D('',#910,#911,#912);
#910 = CARTESIAN_POINT('',(10.442869332477,4.500477600292,0.482921598624
    ));
#911 = DIRECTION('',(0.,0.,1.));
#912 = DIRECTION('',(-0.746793807223,0.665055643907,0.));
#913 = PCURVE('',#262,#914);
#914 = DEFINITIONAL_REPRESENTATION('',(#915),#919);
#915 = LINE('',#916,#917);
#916 = CARTESIAN_POINT('',(-2.414024327658,-0.48));
#917 = VECTOR('',#918,1.);
#918 = DIRECTION('',(-1.,0.));
#919 = ( GEOMETRIC_REPRESENTATION_CONTEXT(2) 
PARAMETRIC_REPRESENTATION_CONTEXT() REPRESENTATION_CONTEXT('2D SPACE',''
  ) );
#920 = PCURVE('',#232,#921);
#921 = DEFINITIONAL_REPRESENTATION('',(#922),#926);
#922 = CIRCLE('',#923,3.75);
#923 = AXIS2_PLACEMENT_2D('',#924,#925);
#924 = CARTESIAN_POINT('',(0.94,-11.81));
#925 = DIRECTION('',(-0.746793807223,0.665055643907));
#926 = ( GEOMETRIC_REPRESENTATION_CONTEXT(2) 
PARAMETRIC_REPRESENTATION_CONTEXT() REPRESENTATION_CONTEXT('2D SPACE',''
  ) );
#927 = ORIENTED_EDGE('',*,*,#248,.T.);
#928 = ADVANCED_FACE('',(#929,#987,#1041),#232,.T.);
#929 = FACE_BOUND('',#930,.T.);
#930 = EDGE_LOOP('',(#931,#959,#985,#986));
#931 = ORIENTED_EDGE('',*,*,#932,.F.);
#932 = EDGE_CURVE('',#933,#884,#935,.T.);
#933 = VERTEX_POINT('',#934);
#934 = CARTESIAN_POINT('',(7.934029849918,6.940912899733,0.482921598624)
  );
#935 = SURFACE_CURVE('',#936,(#941,#952),.PCURVE_S1.);
#936 = CIRCLE('',#937,9.5);
#937 = AXIS2_PLACEMENT_3D('',#938,#939,#940);
#938 = CARTESIAN_POINT('',(9.502869332477,16.310477600292,0.482921598624
    ));
#939 = DIRECTION('',(-0.,0.,-1.));
#940 = DIRECTION('',(-0.165140998164,-0.98626996848,0.));
#941 = PCURVE('',#232,#942);
#942 = DEFINITIONAL_REPRESENTATION('',(#943),#951);
#943 = ( BOUNDED_CURVE() B_SPLINE_CURVE(2,(#944,#945,#946,#947,#948,#949
,#950),.UNSPECIFIED.,.T.,.F.) B_SPLINE_CURVE_WITH_KNOTS((1,2,2,2,2,1),(
    -2.094395102393,0.,2.094395102393,4.188790204786,6.28318530718,
8.377580409573),.UNSPECIFIED.) CURVE() GEOMETRIC_REPRESENTATION_ITEM() 
RATIONAL_B_SPLINE_CURVE((1.,0.5,1.,0.5,1.,0.5,1.)) REPRESENTATION_ITEM(
  '') );
#944 = CARTESIAN_POINT('',(-1.568839482558,-9.369564700559));
#945 = CARTESIAN_POINT('',(-17.79740158873,-6.652255007848));
#946 = CARTESIAN_POINT('',(-7.329861311807,6.043437196635));
#947 = CARTESIAN_POINT('',(3.137678965117,18.739129401119));
#948 = CARTESIAN_POINT('',(8.898700794365,3.326127503924));
#949 = CARTESIAN_POINT('',(14.659722623614,-12.08687439327));
#950 = CARTESIAN_POINT('',(-1.568839482558,-9.369564700559));
#951 = ( GEOMETRIC_REPRESENTATION_CONTEXT(2) 
PARAMETRIC_REPRESENTATION_CONTEXT() REPRESENTATION_CONTEXT('2D SPACE',''
  ) );
#952 = PCURVE('',#345,#953);
#953 = DEFINITIONAL_REPRESENTATION('',(#954),#958);
#954 = LINE('',#955,#956);
#955 = CARTESIAN_POINT('',(-10.82967331694,-0.48));
#956 = VECTOR('',#957,1.);
#957 = DIRECTION('',(1.,-0.));
#958 = ( GEOMETRIC_REPRESENTATION_CONTEXT(2) 
PARAMETRIC_REPRESENTATION_CONTEXT() REPRESENTATION_CONTEXT('2D SPACE',''
  ) );
#959 = ORIENTED_EDGE('',*,*,#960,.T.);
#960 = EDGE_CURVE('',#933,#188,#961,.T.);
#961 = SURFACE_CURVE('',#962,(#967,#978),.PCURVE_S1.);
#962 = CIRCLE('',#963,3.5);
#963 = AXIS2_PLACEMENT_3D('',#964,#965,#966);
#964 = CARTESIAN_POINT('',(10.442869332477,4.500477600292,0.482921598624
    ));
#965 = DIRECTION('',(0.,0.,-1.));
#966 = DIRECTION('',(1.,0.,0.));
#967 = PCURVE('',#232,#968);
#968 = DEFINITIONAL_REPRESENTATION('',(#969),#977);
#969 = ( BOUNDED_CURVE() B_SPLINE_CURVE(2,(#970,#971,#972,#973,#974,#975
,#976),.UNSPECIFIED.,.T.,.F.) B_SPLINE_CURVE_WITH_KNOTS((1,2,2,2,2,1),(
    -2.094395102393,0.,2.094395102393,4.188790204786,6.28318530718,
8.377580409573),.UNSPECIFIED.) CURVE() GEOMETRIC_REPRESENTATION_ITEM() 
RATIONAL_B_SPLINE_CURVE((1.,0.5,1.,0.5,1.,0.5,1.)) REPRESENTATION_ITEM(
  '') );
#970 = CARTESIAN_POINT('',(4.44,-11.81));
#971 = CARTESIAN_POINT('',(4.44,-17.87217782649));
#972 = CARTESIAN_POINT('',(-0.81,-14.84108891324));
#973 = CARTESIAN_POINT('',(-6.06,-11.81));
#974 = CARTESIAN_POINT('',(-0.81,-8.778911086754));
#975 = CARTESIAN_POINT('',(4.44,-5.747822173509));
#976 = CARTESIAN_POINT('',(4.44,-11.81));
#977 = ( GEOMETRIC_REPRESENTATION_CONTEXT(2) 
PARAMETRIC_REPRESENTATION_CONTEXT() REPRESENTATION_CONTEXT('2D SPACE',''
  ) );
#978 = PCURVE('',#203,#979);
#979 = DEFINITIONAL_REPRESENTATION('',(#980),#984);
#980 = LINE('',#981,#982);
#981 = CARTESIAN_POINT('',(-6.28318530718,-0.58));
#982 = VECTOR('',#983,1.);
#983 = DIRECTION('',(1.,-0.));
#984 = ( GEOMETRIC_REPRESENTATION_CONTEXT(2) 
PARAMETRIC_REPRESENTATION_CONTEXT() REPRESENTATION_CONTEXT('2D SPACE',''
  ) );
#985 = ORIENTED_EDGE('',*,*,#215,.F.);
#986 = ORIENTED_EDGE('',*,*,#906,.F.);
#987 = FACE_BOUND('',#988,.T.);
#988 = EDGE_LOOP('',(#989,#1015));
#989 = ORIENTED_EDGE('',*,*,#990,.T.);
#990 = EDGE_CURVE('',#991,#993,#995,.T.);
#991 = VERTEX_POINT('',#992);
#992 = CARTESIAN_POINT('',(6.836728839228,7.192270820982,0.482921598624)
  );
#993 = VERTEX_POINT('',#994);
#994 = CARTESIAN_POINT('',(13.577805356066,7.728817131383,0.482921598624
    ));
#995 = SURFACE_CURVE('',#996,(#1001,#1008),.PCURVE_S1.);
#996 = CIRCLE('',#997,4.5);
#997 = AXIS2_PLACEMENT_3D('',#998,#999,#1000);
#998 = CARTESIAN_POINT('',(10.442869332477,4.500477600292,0.482921598624
    ));
#999 = DIRECTION('',(0.,0.,1.));
#1000 = DIRECTION('',(-0.801364554055,0.598176271264,0.));
#1001 = PCURVE('',#232,#1002);
#1002 = DEFINITIONAL_REPRESENTATION('',(#1003),#1007);
#1003 = CIRCLE('',#1004,4.5);
#1004 = AXIS2_PLACEMENT_2D('',#1005,#1006);
#1005 = CARTESIAN_POINT('',(0.94,-11.81));
#1006 = DIRECTION('',(-0.801364554055,0.598176271264));
#1007 = ( GEOMETRIC_REPRESENTATION_CONTEXT(2) 
PARAMETRIC_REPRESENTATION_CONTEXT() REPRESENTATION_CONTEXT('2D SPACE',''
  ) );
#1008 = PCURVE('',#382,#1009);
#1009 = DEFINITIONAL_REPRESENTATION('',(#1010),#1014);
#1010 = LINE('',#1011,#1012);
#1011 = CARTESIAN_POINT('',(-2.500369262188,-0.48));
#1012 = VECTOR('',#1013,1.);
#1013 = DIRECTION('',(-1.,0.));
#1014 = ( GEOMETRIC_REPRESENTATION_CONTEXT(2) 
PARAMETRIC_REPRESENTATION_CONTEXT() REPRESENTATION_CONTEXT('2D SPACE',''
  ) );
#1015 = ORIENTED_EDGE('',*,*,#1016,.F.);
#1016 = EDGE_CURVE('',#991,#993,#1017,.T.);
#1017 = SURFACE_CURVE('',#1018,(#1023,#1034),.PCURVE_S1.);
#1018 = CIRCLE('',#1019,9.5);
#1019 = AXIS2_PLACEMENT_3D('',#1020,#1021,#1022);
#1020 = CARTESIAN_POINT('',(9.502869332477,16.310477600292,
    0.482921598624));
#1021 = DIRECTION('',(-0.,0.,-1.));
#1022 = DIRECTION('',(-0.165140998164,-0.98626996848,0.));
#1023 = PCURVE('',#232,#1024);
#1024 = DEFINITIONAL_REPRESENTATION('',(#1025),#1033);
#1025 = ( BOUNDED_CURVE() B_SPLINE_CURVE(2,(#1026,#1027,#1028,#1029,
#1030,#1031,#1032),.UNSPECIFIED.,.T.,.F.) B_SPLINE_CURVE_WITH_KNOTS((1,2
    ,2,2,2,1),(-2.094395102393,0.,2.094395102393,4.188790204786,
6.28318530718,8.377580409573),.UNSPECIFIED.) CURVE() 
GEOMETRIC_REPRESENTATION_ITEM() RATIONAL_B_SPLINE_CURVE((1.,0.5,1.,0.5,
1.,0.5,1.)) REPRESENTATION_ITEM('') );
#1026 = CARTESIAN_POINT('',(-1.568839482558,-9.369564700559));
#1027 = CARTESIAN_POINT('',(-17.79740158873,-6.652255007848));
#1028 = CARTESIAN_POINT('',(-7.329861311807,6.043437196635));
#1029 = CARTESIAN_POINT('',(3.137678965117,18.739129401119));
#1030 = CARTESIAN_POINT('',(8.898700794365,3.326127503924));
#1031 = CARTESIAN_POINT('',(14.659722623614,-12.08687439327));
#1032 = CARTESIAN_POINT('',(-1.568839482558,-9.369564700559));
#1033 = ( GEOMETRIC_REPRESENTATION_CONTEXT(2) 
PARAMETRIC_REPRESENTATION_CONTEXT() REPRESENTATION_CONTEXT('2D SPACE',''
  ) );
#1034 = PCURVE('',#409,#1035);
#1035 = DEFINITIONAL_REPRESENTATION('',(#1036),#1040);
#1036 = LINE('',#1037,#1038);
#1037 = CARTESIAN_POINT('',(-10.82967331694,-0.48));
#1038 = VECTOR('',#1039,1.);
#1039 = DIRECTION('',(1.,-0.));
#1040 = ( GEOMETRIC_REPRESENTATION_CONTEXT(2) 
PARAMETRIC_REPRESENTATION_CONTEXT() REPRESENTATION_CONTEXT('2D SPACE',''
  ) );
#1041 = FACE_BOUND('',#1042,.T.);
#1042 = EDGE_LOOP('',(#1043,#1069,#1092,#1116,#1139,#1163,#1186,#1210,
    #1233,#1261,#1284,#1308,#1331,#1355,#1378,#1402));
#1043 = ORIENTED_EDGE('',*,*,#1044,.F.);
#1044 = EDGE_CURVE('',#1045,#1047,#1049,.T.);
#1045 = VERTEX_POINT('',#1046);
#1046 = CARTESIAN_POINT('',(2.802869332477,19.145195399298,
    0.482921598624));
#1047 = VERTEX_POINT('',#1048);
#1048 = CARTESIAN_POINT('',(2.802869332477,13.475759801287,
    0.482921598624));
#1049 = SURFACE_CURVE('',#1050,(#1055,#1062),.PCURVE_S1.);
#1050 = CIRCLE('',#1051,7.275);
#1051 = AXIS2_PLACEMENT_3D('',#1052,#1053,#1054);
#1052 = CARTESIAN_POINT('',(9.502869332477,16.310477600292,
    0.482921598624));
#1053 = DIRECTION('',(0.,0.,1.));
#1054 = DIRECTION('',(1.,0.,0.));
#1055 = PCURVE('',#232,#1056);
#1056 = DEFINITIONAL_REPRESENTATION('',(#1057),#1061);
#1057 = CIRCLE('',#1058,7.275);
#1058 = AXIS2_PLACEMENT_2D('',#1059,#1060);
#1059 = CARTESIAN_POINT('',(4.618527782441E-14,0.));
#1060 = DIRECTION('',(1.,0.));
#1061 = ( GEOMETRIC_REPRESENTATION_CONTEXT(2) 
PARAMETRIC_REPRESENTATION_CONTEXT() REPRESENTATION_CONTEXT('2D SPACE',''
  ) );
#1062 = PCURVE('',#442,#1063);
#1063 = DEFINITIONAL_REPRESENTATION('',(#1064),#1068);
#1064 = LINE('',#1065,#1066);
#1065 = CARTESIAN_POINT('',(-0.,-0.48));
#1066 = VECTOR('',#1067,1.);
#1067 = DIRECTION('',(-1.,0.));
#1068 = ( GEOMETRIC_REPRESENTATION_CONTEXT(2) 
PARAMETRIC_REPRESENTATION_CONTEXT() REPRESENTATION_CONTEXT('2D SPACE',''
  ) );
#1069 = ORIENTED_EDGE('',*,*,#1070,.T.);
#1070 = EDGE_CURVE('',#1045,#1071,#1073,.T.);
#1071 = VERTEX_POINT('',#1072);
#1072 = CARTESIAN_POINT('',(2.802869332477,22.360477600292,
    0.482921598624));
#1073 = SURFACE_CURVE('',#1074,(#1078,#1085),.PCURVE_S1.);
#1074 = LINE('',#1075,#1076);
#1075 = CARTESIAN_POINT('',(2.802869332477,13.060477600292,
    0.482921598624));
#1076 = VECTOR('',#1077,1.);
#1077 = DIRECTION('',(0.,1.,0.));
#1078 = PCURVE('',#232,#1079);
#1079 = DEFINITIONAL_REPRESENTATION('',(#1080),#1084);
#1080 = LINE('',#1081,#1082);
#1081 = CARTESIAN_POINT('',(-6.7,-3.25));
#1082 = VECTOR('',#1083,1.);
#1083 = DIRECTION('',(0.,1.));
#1084 = ( GEOMETRIC_REPRESENTATION_CONTEXT(2) 
PARAMETRIC_REPRESENTATION_CONTEXT() REPRESENTATION_CONTEXT('2D SPACE',''
  ) );
#1085 = PCURVE('',#470,#1086);
#1086 = DEFINITIONAL_REPRESENTATION('',(#1087),#1091);
#1087 = LINE('',#1088,#1089);
#1088 = CARTESIAN_POINT('',(0.76,-3.25));
#1089 = VECTOR('',#1090,1.);
#1090 = DIRECTION('',(0.,-1.));
#1091 = ( GEOMETRIC_REPRESENTATION_CONTEXT(2) 
PARAMETRIC_REPRESENTATION_CONTEXT() REPRESENTATION_CONTEXT('2D SPACE',''
  ) );
#1092 = ORIENTED_EDGE('',*,*,#1093,.F.);
#1093 = EDGE_CURVE('',#1094,#1071,#1096,.T.);
#1094 = VERTEX_POINT('',#1095);
#1095 = CARTESIAN_POINT('',(3.252869332477,22.810477600292,
    0.482921598624));
#1096 = SURFACE_CURVE('',#1097,(#1102,#1109),.PCURVE_S1.);
#1097 = CIRCLE('',#1098,0.45);
#1098 = AXIS2_PLACEMENT_3D('',#1099,#1100,#1101);
#1099 = CARTESIAN_POINT('',(3.252869332477,22.360477600292,
    0.482921598624));
#1100 = DIRECTION('',(0.,0.,1.));
#1101 = DIRECTION('',(-1.,-0.,0.));
#1102 = PCURVE('',#232,#1103);
#1103 = DEFINITIONAL_REPRESENTATION('',(#1104),#1108);
#1104 = CIRCLE('',#1105,0.45);
#1105 = AXIS2_PLACEMENT_2D('',#1106,#1107);
#1106 = CARTESIAN_POINT('',(-6.25,6.05));
#1107 = DIRECTION('',(-1.,0.));
#1108 = ( GEOMETRIC_REPRESENTATION_CONTEXT(2) 
PARAMETRIC_REPRESENTATION_CONTEXT() REPRESENTATION_CONTEXT('2D SPACE',''
  ) );
#1109 = PCURVE('',#499,#1110);
#1110 = DEFINITIONAL_REPRESENTATION('',(#1111),#1115);
#1111 = LINE('',#1112,#1113);
#1112 = CARTESIAN_POINT('',(-6.28318530718,0.76));
#1113 = VECTOR('',#1114,1.);
#1114 = DIRECTION('',(1.,-0.));
#1115 = ( GEOMETRIC_REPRESENTATION_CONTEXT(2) 
PARAMETRIC_REPRESENTATION_CONTEXT() REPRESENTATION_CONTEXT('2D SPACE',''
  ) );
#1116 = ORIENTED_EDGE('',*,*,#1117,.F.);
#1117 = EDGE_CURVE('',#1118,#1094,#1120,.T.);
#1118 = VERTEX_POINT('',#1119);
#1119 = CARTESIAN_POINT('',(6.235511837497,22.810477600292,
    0.482921598624));
#1120 = SURFACE_CURVE('',#1121,(#1125,#1132),.PCURVE_S1.);
#1121 = LINE('',#1122,#1123);
#1122 = CARTESIAN_POINT('',(6.152869332477,22.810477600292,
    0.482921598624));
#1123 = VECTOR('',#1124,1.);
#1124 = DIRECTION('',(-1.,0.,0.));
#1125 = PCURVE('',#232,#1126);
#1126 = DEFINITIONAL_REPRESENTATION('',(#1127),#1131);
#1127 = LINE('',#1128,#1129);
#1128 = CARTESIAN_POINT('',(-3.35,6.5));
#1129 = VECTOR('',#1130,1.);
#1130 = DIRECTION('',(-1.,0.));
#1131 = ( GEOMETRIC_REPRESENTATION_CONTEXT(2) 
PARAMETRIC_REPRESENTATION_CONTEXT() REPRESENTATION_CONTEXT('2D SPACE',''
  ) );
#1132 = PCURVE('',#527,#1133);
#1133 = DEFINITIONAL_REPRESENTATION('',(#1134),#1138);
#1134 = LINE('',#1135,#1136);
#1135 = CARTESIAN_POINT('',(0.76,3.35));
#1136 = VECTOR('',#1137,1.);
#1137 = DIRECTION('',(0.,-1.));
#1138 = ( GEOMETRIC_REPRESENTATION_CONTEXT(2) 
PARAMETRIC_REPRESENTATION_CONTEXT() REPRESENTATION_CONTEXT('2D SPACE',''
  ) );
#1139 = ORIENTED_EDGE('',*,*,#1140,.F.);
#1140 = EDGE_CURVE('',#1141,#1118,#1143,.T.);
#1141 = VERTEX_POINT('',#1142);
#1142 = CARTESIAN_POINT('',(12.770226827456,22.810477600292,
    0.482921598624));
#1143 = SURFACE_CURVE('',#1144,(#1149,#1156),.PCURVE_S1.);
#1144 = CIRCLE('',#1145,7.275);
#1145 = AXIS2_PLACEMENT_3D('',#1146,#1147,#1148);
#1146 = CARTESIAN_POINT('',(9.502869332477,16.310477600292,
    0.482921598624));
#1147 = DIRECTION('',(0.,0.,1.));
#1148 = DIRECTION('',(1.,0.,0.));
#1149 = PCURVE('',#232,#1150);
#1150 = DEFINITIONAL_REPRESENTATION('',(#1151),#1155);
#1151 = CIRCLE('',#1152,7.275);
#1152 = AXIS2_PLACEMENT_2D('',#1153,#1154);
#1153 = CARTESIAN_POINT('',(4.618527782441E-14,0.));
#1154 = DIRECTION('',(1.,0.));
#1155 = ( GEOMETRIC_REPRESENTATION_CONTEXT(2) 
PARAMETRIC_REPRESENTATION_CONTEXT() REPRESENTATION_CONTEXT('2D SPACE',''
  ) );
#1156 = PCURVE('',#556,#1157);
#1157 = DEFINITIONAL_REPRESENTATION('',(#1158),#1162);
#1158 = LINE('',#1159,#1160);
#1159 = CARTESIAN_POINT('',(-0.,-0.48));
#1160 = VECTOR('',#1161,1.);
#1161 = DIRECTION('',(-1.,0.));
#1162 = ( GEOMETRIC_REPRESENTATION_CONTEXT(2) 
PARAMETRIC_REPRESENTATION_CONTEXT() REPRESENTATION_CONTEXT('2D SPACE',''
  ) );
#1163 = ORIENTED_EDGE('',*,*,#1164,.F.);
#1164 = EDGE_CURVE('',#1165,#1141,#1167,.T.);
#1165 = VERTEX_POINT('',#1166);
#1166 = CARTESIAN_POINT('',(15.752869332477,22.810477600292,
    0.482921598624));
#1167 = SURFACE_CURVE('',#1168,(#1172,#1179),.PCURVE_S1.);
#1168 = LINE('',#1169,#1170);
#1169 = CARTESIAN_POINT('',(6.152869332477,22.810477600292,
    0.482921598624));
#1170 = VECTOR('',#1171,1.);
#1171 = DIRECTION('',(-1.,0.,0.));
#1172 = PCURVE('',#232,#1173);
#1173 = DEFINITIONAL_REPRESENTATION('',(#1174),#1178);
#1174 = LINE('',#1175,#1176);
#1175 = CARTESIAN_POINT('',(-3.35,6.5));
#1176 = VECTOR('',#1177,1.);
#1177 = DIRECTION('',(-1.,0.));
#1178 = ( GEOMETRIC_REPRESENTATION_CONTEXT(2) 
PARAMETRIC_REPRESENTATION_CONTEXT() REPRESENTATION_CONTEXT('2D SPACE',''
  ) );
#1179 = PCURVE('',#584,#1180);
#1180 = DEFINITIONAL_REPRESENTATION('',(#1181),#1185);
#1181 = LINE('',#1182,#1183);
#1182 = CARTESIAN_POINT('',(0.76,3.35));
#1183 = VECTOR('',#1184,1.);
#1184 = DIRECTION('',(0.,-1.));
#1185 = ( GEOMETRIC_REPRESENTATION_CONTEXT(2) 
PARAMETRIC_REPRESENTATION_CONTEXT() REPRESENTATION_CONTEXT('2D SPACE',''
  ) );
#1186 = ORIENTED_EDGE('',*,*,#1187,.F.);
#1187 = EDGE_CURVE('',#1188,#1165,#1190,.T.);
#1188 = VERTEX_POINT('',#1189);
#1189 = CARTESIAN_POINT('',(16.202869332477,22.360477600292,
    0.482921598624));
#1190 = SURFACE_CURVE('',#1191,(#1196,#1203),.PCURVE_S1.);
#1191 = CIRCLE('',#1192,0.45);
#1192 = AXIS2_PLACEMENT_3D('',#1193,#1194,#1195);
#1193 = CARTESIAN_POINT('',(15.752869332477,22.360477600292,
    0.482921598624));
#1194 = DIRECTION('',(0.,0.,1.));
#1195 = DIRECTION('',(1.,0.,-0.));
#1196 = PCURVE('',#232,#1197);
#1197 = DEFINITIONAL_REPRESENTATION('',(#1198),#1202);
#1198 = CIRCLE('',#1199,0.45);
#1199 = AXIS2_PLACEMENT_2D('',#1200,#1201);
#1200 = CARTESIAN_POINT('',(6.25,6.05));
#1201 = DIRECTION('',(1.,0.));
#1202 = ( GEOMETRIC_REPRESENTATION_CONTEXT(2) 
PARAMETRIC_REPRESENTATION_CONTEXT() REPRESENTATION_CONTEXT('2D SPACE',''
  ) );
#1203 = PCURVE('',#613,#1204);
#1204 = DEFINITIONAL_REPRESENTATION('',(#1205),#1209);
#1205 = LINE('',#1206,#1207);
#1206 = CARTESIAN_POINT('',(0.,0.76));
#1207 = VECTOR('',#1208,1.);
#1208 = DIRECTION('',(1.,0.));
#1209 = ( GEOMETRIC_REPRESENTATION_CONTEXT(2) 
PARAMETRIC_REPRESENTATION_CONTEXT() REPRESENTATION_CONTEXT('2D SPACE',''
  ) );
#1210 = ORIENTED_EDGE('',*,*,#1211,.F.);
#1211 = EDGE_CURVE('',#1212,#1188,#1214,.T.);
#1212 = VERTEX_POINT('',#1213);
#1213 = CARTESIAN_POINT('',(16.202869332477,19.145195399298,
    0.482921598624));
#1214 = SURFACE_CURVE('',#1215,(#1219,#1226),.PCURVE_S1.);
#1215 = LINE('',#1216,#1217);
#1216 = CARTESIAN_POINT('',(16.202869332477,13.060477600292,
    0.482921598624));
#1217 = VECTOR('',#1218,1.);
#1218 = DIRECTION('',(0.,1.,0.));
#1219 = PCURVE('',#232,#1220);
#1220 = DEFINITIONAL_REPRESENTATION('',(#1221),#1225);
#1221 = LINE('',#1222,#1223);
#1222 = CARTESIAN_POINT('',(6.7,-3.25));
#1223 = VECTOR('',#1224,1.);
#1224 = DIRECTION('',(0.,1.));
#1225 = ( GEOMETRIC_REPRESENTATION_CONTEXT(2) 
PARAMETRIC_REPRESENTATION_CONTEXT() REPRESENTATION_CONTEXT('2D SPACE',''
  ) );
#1226 = PCURVE('',#641,#1227);
#1227 = DEFINITIONAL_REPRESENTATION('',(#1228),#1232);
#1228 = LINE('',#1229,#1230);
#1229 = CARTESIAN_POINT('',(0.76,-3.25));
#1230 = VECTOR('',#1231,1.);
#1231 = DIRECTION('',(0.,-1.));
#1232 = ( GEOMETRIC_REPRESENTATION_CONTEXT(2) 
PARAMETRIC_REPRESENTATION_CONTEXT() REPRESENTATION_CONTEXT('2D SPACE',''
  ) );
#1233 = ORIENTED_EDGE('',*,*,#1234,.T.);
#1234 = EDGE_CURVE('',#1212,#1235,#1237,.T.);
#1235 = VERTEX_POINT('',#1236);
#1236 = CARTESIAN_POINT('',(16.202869332477,13.475759801287,
    0.482921598624));
#1237 = SURFACE_CURVE('',#1238,(#1243,#1254),.PCURVE_S1.);
#1238 = CIRCLE('',#1239,7.275);
#1239 = AXIS2_PLACEMENT_3D('',#1240,#1241,#1242);
#1240 = CARTESIAN_POINT('',(9.502869332477,16.310477600292,
    0.482921598624));
#1241 = DIRECTION('',(0.,0.,-1.));
#1242 = DIRECTION('',(0.920962199313,0.389651931135,0.));
#1243 = PCURVE('',#232,#1244);
#1244 = DEFINITIONAL_REPRESENTATION('',(#1245),#1253);
#1245 = ( BOUNDED_CURVE() B_SPLINE_CURVE(2,(#1246,#1247,#1248,#1249,
#1250,#1251,#1252),.UNSPECIFIED.,.T.,.F.) B_SPLINE_CURVE_WITH_KNOTS((1,2
    ,2,2,2,1),(-2.094395102393,0.,2.094395102393,4.188790204786,
6.28318530718,8.377580409573),.UNSPECIFIED.) CURVE() 
GEOMETRIC_REPRESENTATION_ITEM() RATIONAL_B_SPLINE_CURVE((1.,0.5,1.,0.5,
1.,0.5,1.)) REPRESENTATION_ITEM('') );
#1246 = CARTESIAN_POINT('',(6.7,2.834717799006));
#1247 = CARTESIAN_POINT('',(11.609875252998,-8.770022611706));
#1248 = CARTESIAN_POINT('',(-0.895062373501,-7.219729104859));
#1249 = CARTESIAN_POINT('',(-13.4,-5.669435598012));
#1250 = CARTESIAN_POINT('',(-5.804937626499,4.385011305853));
#1251 = CARTESIAN_POINT('',(1.790124747002,14.439458209717));
#1252 = CARTESIAN_POINT('',(6.7,2.834717799006));
#1253 = ( GEOMETRIC_REPRESENTATION_CONTEXT(2) 
PARAMETRIC_REPRESENTATION_CONTEXT() REPRESENTATION_CONTEXT('2D SPACE',''
  ) );
#1254 = PCURVE('',#670,#1255);
#1255 = DEFINITIONAL_REPRESENTATION('',(#1256),#1260);
#1256 = LINE('',#1257,#1258);
#1257 = CARTESIAN_POINT('',(-6.683438929203,-0.48));
#1258 = VECTOR('',#1259,1.);
#1259 = DIRECTION('',(1.,-0.));
#1260 = ( GEOMETRIC_REPRESENTATION_CONTEXT(2) 
PARAMETRIC_REPRESENTATION_CONTEXT() REPRESENTATION_CONTEXT('2D SPACE',''
  ) );
#1261 = ORIENTED_EDGE('',*,*,#1262,.F.);
#1262 = EDGE_CURVE('',#1263,#1235,#1265,.T.);
#1263 = VERTEX_POINT('',#1264);
#1264 = CARTESIAN_POINT('',(16.202869332477,10.260477600292,
    0.482921598624));
#1265 = SURFACE_CURVE('',#1266,(#1270,#1277),.PCURVE_S1.);
#1266 = LINE('',#1267,#1268);
#1267 = CARTESIAN_POINT('',(16.202869332477,13.060477600292,
    0.482921598624));
#1268 = VECTOR('',#1269,1.);
#1269 = DIRECTION('',(0.,1.,0.));
#1270 = PCURVE('',#232,#1271);
#1271 = DEFINITIONAL_REPRESENTATION('',(#1272),#1276);
#1272 = LINE('',#1273,#1274);
#1273 = CARTESIAN_POINT('',(6.7,-3.25));
#1274 = VECTOR('',#1275,1.);
#1275 = DIRECTION('',(0.,1.));
#1276 = ( GEOMETRIC_REPRESENTATION_CONTEXT(2) 
PARAMETRIC_REPRESENTATION_CONTEXT() REPRESENTATION_CONTEXT('2D SPACE',''
  ) );
#1277 = PCURVE('',#698,#1278);
#1278 = DEFINITIONAL_REPRESENTATION('',(#1279),#1283);
#1279 = LINE('',#1280,#1281);
#1280 = CARTESIAN_POINT('',(0.76,-3.25));
#1281 = VECTOR('',#1282,1.);
#1282 = DIRECTION('',(0.,-1.));
#1283 = ( GEOMETRIC_REPRESENTATION_CONTEXT(2) 
PARAMETRIC_REPRESENTATION_CONTEXT() REPRESENTATION_CONTEXT('2D SPACE',''
  ) );
#1284 = ORIENTED_EDGE('',*,*,#1285,.F.);
#1285 = EDGE_CURVE('',#1286,#1263,#1288,.T.);
#1286 = VERTEX_POINT('',#1287);
#1287 = CARTESIAN_POINT('',(15.752869332477,9.810477600292,
    0.482921598624));
#1288 = SURFACE_CURVE('',#1289,(#1294,#1301),.PCURVE_S1.);
#1289 = CIRCLE('',#1290,0.45);
#1290 = AXIS2_PLACEMENT_3D('',#1291,#1292,#1293);
#1291 = CARTESIAN_POINT('',(15.752869332477,10.260477600292,
    0.482921598624));
#1292 = DIRECTION('',(0.,0.,1.));
#1293 = DIRECTION('',(1.,0.,-0.));
#1294 = PCURVE('',#232,#1295);
#1295 = DEFINITIONAL_REPRESENTATION('',(#1296),#1300);
#1296 = CIRCLE('',#1297,0.45);
#1297 = AXIS2_PLACEMENT_2D('',#1298,#1299);
#1298 = CARTESIAN_POINT('',(6.25,-6.05));
#1299 = DIRECTION('',(1.,0.));
#1300 = ( GEOMETRIC_REPRESENTATION_CONTEXT(2) 
PARAMETRIC_REPRESENTATION_CONTEXT() REPRESENTATION_CONTEXT('2D SPACE',''
  ) );
#1301 = PCURVE('',#727,#1302);
#1302 = DEFINITIONAL_REPRESENTATION('',(#1303),#1307);
#1303 = LINE('',#1304,#1305);
#1304 = CARTESIAN_POINT('',(-6.28318530718,0.76));
#1305 = VECTOR('',#1306,1.);
#1306 = DIRECTION('',(1.,-0.));
#1307 = ( GEOMETRIC_REPRESENTATION_CONTEXT(2) 
PARAMETRIC_REPRESENTATION_CONTEXT() REPRESENTATION_CONTEXT('2D SPACE',''
  ) );
#1308 = ORIENTED_EDGE('',*,*,#1309,.T.);
#1309 = EDGE_CURVE('',#1286,#1310,#1312,.T.);
#1310 = VERTEX_POINT('',#1311);
#1311 = CARTESIAN_POINT('',(12.770226827456,9.810477600292,
    0.482921598624));
#1312 = SURFACE_CURVE('',#1313,(#1317,#1324),.PCURVE_S1.);
#1313 = LINE('',#1314,#1315);
#1314 = CARTESIAN_POINT('',(6.152869332477,9.810477600292,0.482921598624
    ));
#1315 = VECTOR('',#1316,1.);
#1316 = DIRECTION('',(-1.,0.,0.));
#1317 = PCURVE('',#232,#1318);
#1318 = DEFINITIONAL_REPRESENTATION('',(#1319),#1323);
#1319 = LINE('',#1320,#1321);
#1320 = CARTESIAN_POINT('',(-3.35,-6.5));
#1321 = VECTOR('',#1322,1.);
#1322 = DIRECTION('',(-1.,0.));
#1323 = ( GEOMETRIC_REPRESENTATION_CONTEXT(2) 
PARAMETRIC_REPRESENTATION_CONTEXT() REPRESENTATION_CONTEXT('2D SPACE',''
  ) );
#1324 = PCURVE('',#755,#1325);
#1325 = DEFINITIONAL_REPRESENTATION('',(#1326),#1330);
#1326 = LINE('',#1327,#1328);
#1327 = CARTESIAN_POINT('',(0.76,3.35));
#1328 = VECTOR('',#1329,1.);
#1329 = DIRECTION('',(0.,-1.));
#1330 = ( GEOMETRIC_REPRESENTATION_CONTEXT(2) 
PARAMETRIC_REPRESENTATION_CONTEXT() REPRESENTATION_CONTEXT('2D SPACE',''
  ) );
#1331 = ORIENTED_EDGE('',*,*,#1332,.F.);
#1332 = EDGE_CURVE('',#1333,#1310,#1335,.T.);
#1333 = VERTEX_POINT('',#1334);
#1334 = CARTESIAN_POINT('',(6.235511837497,9.810477600292,0.482921598624
    ));
#1335 = SURFACE_CURVE('',#1336,(#1341,#1348),.PCURVE_S1.);
#1336 = CIRCLE('',#1337,7.275);
#1337 = AXIS2_PLACEMENT_3D('',#1338,#1339,#1340);
#1338 = CARTESIAN_POINT('',(9.502869332477,16.310477600292,
    0.482921598624));
#1339 = DIRECTION('',(0.,0.,1.));
#1340 = DIRECTION('',(1.,0.,0.));
#1341 = PCURVE('',#232,#1342);
#1342 = DEFINITIONAL_REPRESENTATION('',(#1343),#1347);
#1343 = CIRCLE('',#1344,7.275);
#1344 = AXIS2_PLACEMENT_2D('',#1345,#1346);
#1345 = CARTESIAN_POINT('',(4.618527782441E-14,0.));
#1346 = DIRECTION('',(1.,0.));
#1347 = ( GEOMETRIC_REPRESENTATION_CONTEXT(2) 
PARAMETRIC_REPRESENTATION_CONTEXT() REPRESENTATION_CONTEXT('2D SPACE',''
  ) );
#1348 = PCURVE('',#784,#1349);
#1349 = DEFINITIONAL_REPRESENTATION('',(#1350),#1354);
#1350 = LINE('',#1351,#1352);
#1351 = CARTESIAN_POINT('',(-0.,-0.48));
#1352 = VECTOR('',#1353,1.);
#1353 = DIRECTION('',(-1.,0.));
#1354 = ( GEOMETRIC_REPRESENTATION_CONTEXT(2) 
PARAMETRIC_REPRESENTATION_CONTEXT() REPRESENTATION_CONTEXT('2D SPACE',''
  ) );
#1355 = ORIENTED_EDGE('',*,*,#1356,.T.);
#1356 = EDGE_CURVE('',#1333,#1357,#1359,.T.);
#1357 = VERTEX_POINT('',#1358);
#1358 = CARTESIAN_POINT('',(3.252869332477,9.810477600292,0.482921598624
    ));
#1359 = SURFACE_CURVE('',#1360,(#1364,#1371),.PCURVE_S1.);
#1360 = LINE('',#1361,#1362);
#1361 = CARTESIAN_POINT('',(6.152869332477,9.810477600292,0.482921598624
    ));
#1362 = VECTOR('',#1363,1.);
#1363 = DIRECTION('',(-1.,0.,0.));
#1364 = PCURVE('',#232,#1365);
#1365 = DEFINITIONAL_REPRESENTATION('',(#1366),#1370);
#1366 = LINE('',#1367,#1368);
#1367 = CARTESIAN_POINT('',(-3.35,-6.5));
#1368 = VECTOR('',#1369,1.);
#1369 = DIRECTION('',(-1.,0.));
#1370 = ( GEOMETRIC_REPRESENTATION_CONTEXT(2) 
PARAMETRIC_REPRESENTATION_CONTEXT() REPRESENTATION_CONTEXT('2D SPACE',''
  ) );
#1371 = PCURVE('',#812,#1372);
#1372 = DEFINITIONAL_REPRESENTATION('',(#1373),#1377);
#1373 = LINE('',#1374,#1375);
#1374 = CARTESIAN_POINT('',(0.76,3.35));
#1375 = VECTOR('',#1376,1.);
#1376 = DIRECTION('',(0.,-1.));
#1377 = ( GEOMETRIC_REPRESENTATION_CONTEXT(2) 
PARAMETRIC_REPRESENTATION_CONTEXT() REPRESENTATION_CONTEXT('2D SPACE',''
  ) );
#1378 = ORIENTED_EDGE('',*,*,#1379,.F.);
#1379 = EDGE_CURVE('',#1380,#1357,#1382,.T.);
#1380 = VERTEX_POINT('',#1381);
#1381 = CARTESIAN_POINT('',(2.802869332477,10.260477600292,
    0.482921598624));
#1382 = SURFACE_CURVE('',#1383,(#1388,#1395),.PCURVE_S1.);
#1383 = CIRCLE('',#1384,0.45);
#1384 = AXIS2_PLACEMENT_3D('',#1385,#1386,#1387);
#1385 = CARTESIAN_POINT('',(3.252869332477,10.260477600292,
    0.482921598624));
#1386 = DIRECTION('',(0.,0.,1.));
#1387 = DIRECTION('',(-1.,-0.,0.));
#1388 = PCURVE('',#232,#1389);
#1389 = DEFINITIONAL_REPRESENTATION('',(#1390),#1394);
#1390 = CIRCLE('',#1391,0.45);
#1391 = AXIS2_PLACEMENT_2D('',#1392,#1393);
#1392 = CARTESIAN_POINT('',(-6.25,-6.05));
#1393 = DIRECTION('',(-1.,0.));
#1394 = ( GEOMETRIC_REPRESENTATION_CONTEXT(2) 
PARAMETRIC_REPRESENTATION_CONTEXT() REPRESENTATION_CONTEXT('2D SPACE',''
  ) );
#1395 = PCURVE('',#841,#1396);
#1396 = DEFINITIONAL_REPRESENTATION('',(#1397),#1401);
#1397 = LINE('',#1398,#1399);
#1398 = CARTESIAN_POINT('',(0.,0.76));
#1399 = VECTOR('',#1400,1.);
#1400 = DIRECTION('',(1.,0.));
#1401 = ( GEOMETRIC_REPRESENTATION_CONTEXT(2) 
PARAMETRIC_REPRESENTATION_CONTEXT() REPRESENTATION_CONTEXT('2D SPACE',''
  ) );
#1402 = ORIENTED_EDGE('',*,*,#1403,.T.);
#1403 = EDGE_CURVE('',#1380,#1047,#1404,.T.);
#1404 = SURFACE_CURVE('',#1405,(#1409,#1416),.PCURVE_S1.);
#1405 = LINE('',#1406,#1407);
#1406 = CARTESIAN_POINT('',(2.802869332477,13.060477600292,
    0.482921598624));
#1407 = VECTOR('',#1408,1.);
#1408 = DIRECTION('',(0.,1.,0.));
#1409 = PCURVE('',#232,#1410);
#1410 = DEFINITIONAL_REPRESENTATION('',(#1411),#1415);
#1411 = LINE('',#1412,#1413);
#1412 = CARTESIAN_POINT('',(-6.7,-3.25));
#1413 = VECTOR('',#1414,1.);
#1414 = DIRECTION('',(0.,1.));
#1415 = ( GEOMETRIC_REPRESENTATION_CONTEXT(2) 
PARAMETRIC_REPRESENTATION_CONTEXT() REPRESENTATION_CONTEXT('2D SPACE',''
  ) );
#1416 = PCURVE('',#867,#1417);
#1417 = DEFINITIONAL_REPRESENTATION('',(#1418),#1422);
#1418 = LINE('',#1419,#1420);
#1419 = CARTESIAN_POINT('',(0.76,-3.25));
#1420 = VECTOR('',#1421,1.);
#1421 = DIRECTION('',(0.,-1.));
#1422 = ( GEOMETRIC_REPRESENTATION_CONTEXT(2) 
PARAMETRIC_REPRESENTATION_CONTEXT() REPRESENTATION_CONTEXT('2D SPACE',''
  ) );
#1423 = ADVANCED_FACE('',(#1424),#203,.F.);
#1424 = FACE_BOUND('',#1425,.T.);
#1425 = EDGE_LOOP('',(#1426,#1427,#1428,#1449));
#1426 = ORIENTED_EDGE('',*,*,#187,.F.);
#1427 = ORIENTED_EDGE('',*,*,#960,.F.);
#1428 = ORIENTED_EDGE('',*,*,#1429,.T.);
#1429 = EDGE_CURVE('',#933,#278,#1430,.T.);
#1430 = SURFACE_CURVE('',#1431,(#1435,#1442),.PCURVE_S1.);
#1431 = LINE('',#1432,#1433);
#1432 = CARTESIAN_POINT('',(7.934029849918,6.940912899733,
    2.921598624114E-03));
#1433 = VECTOR('',#1434,1.);
#1434 = DIRECTION('',(-0.,-0.,-1.));
#1435 = PCURVE('',#203,#1436);
#1436 = DEFINITIONAL_REPRESENTATION('',(#1437),#1441);
#1437 = LINE('',#1438,#1439);
#1438 = CARTESIAN_POINT('',(-2.370014662051,-1.E-01));
#1439 = VECTOR('',#1440,1.);
#1440 = DIRECTION('',(-0.,1.));
#1441 = ( GEOMETRIC_REPRESENTATION_CONTEXT(2) 
PARAMETRIC_REPRESENTATION_CONTEXT() REPRESENTATION_CONTEXT('2D SPACE',''
  ) );
#1442 = PCURVE('',#345,#1443);
#1443 = DEFINITIONAL_REPRESENTATION('',(#1444),#1448);
#1444 = LINE('',#1445,#1446);
#1445 = CARTESIAN_POINT('',(-10.82967331694,0.));
#1446 = VECTOR('',#1447,1.);
#1447 = DIRECTION('',(-0.,1.));
#1448 = ( GEOMETRIC_REPRESENTATION_CONTEXT(2) 
PARAMETRIC_REPRESENTATION_CONTEXT() REPRESENTATION_CONTEXT('2D SPACE',''
  ) );
#1449 = ORIENTED_EDGE('',*,*,#277,.T.);
#1450 = ADVANCED_FACE('',(#1451),#345,.T.);
#1451 = FACE_BOUND('',#1452,.F.);
#1452 = EDGE_LOOP('',(#1453,#1454,#1455,#1456));
#1453 = ORIENTED_EDGE('',*,*,#330,.F.);
#1454 = ORIENTED_EDGE('',*,*,#883,.F.);
#1455 = ORIENTED_EDGE('',*,*,#932,.F.);
#1456 = ORIENTED_EDGE('',*,*,#1429,.T.);
#1457 = ADVANCED_FACE('',(#1458),#382,.T.);
#1458 = FACE_BOUND('',#1459,.F.);
#1459 = EDGE_LOOP('',(#1460,#1461,#1482,#1483));
#1460 = ORIENTED_EDGE('',*,*,#990,.T.);
#1461 = ORIENTED_EDGE('',*,*,#1462,.T.);
#1462 = EDGE_CURVE('',#993,#360,#1463,.T.);
#1463 = SURFACE_CURVE('',#1464,(#1468,#1475),.PCURVE_S1.);
#1464 = LINE('',#1465,#1466);
#1465 = CARTESIAN_POINT('',(13.577805356066,7.728817131383,
    2.921598624114E-03));
#1466 = VECTOR('',#1467,1.);
#1467 = DIRECTION('',(-0.,-0.,-1.));
#1468 = PCURVE('',#382,#1469);
#1469 = DEFINITIONAL_REPRESENTATION('',(#1470),#1474);
#1470 = LINE('',#1471,#1472);
#1471 = CARTESIAN_POINT('',(-7.083260942793,0.));
#1472 = VECTOR('',#1473,1.);
#1473 = DIRECTION('',(-0.,1.));
#1474 = ( GEOMETRIC_REPRESENTATION_CONTEXT(2) 
PARAMETRIC_REPRESENTATION_CONTEXT() REPRESENTATION_CONTEXT('2D SPACE',''
  ) );
#1475 = PCURVE('',#409,#1476);
#1476 = DEFINITIONAL_REPRESENTATION('',(#1477),#1481);
#1477 = LINE('',#1478,#1479);
#1478 = CARTESIAN_POINT('',(-5.155708699677,0.));
#1479 = VECTOR('',#1480,1.);
#1480 = DIRECTION('',(-0.,1.));
#1481 = ( GEOMETRIC_REPRESENTATION_CONTEXT(2) 
PARAMETRIC_REPRESENTATION_CONTEXT() REPRESENTATION_CONTEXT('2D SPACE',''
  ) );
#1482 = ORIENTED_EDGE('',*,*,#359,.T.);
#1483 = ORIENTED_EDGE('',*,*,#1484,.F.);
#1484 = EDGE_CURVE('',#991,#362,#1485,.T.);
#1485 = SURFACE_CURVE('',#1486,(#1490,#1497),.PCURVE_S1.);
#1486 = LINE('',#1487,#1488);
#1487 = CARTESIAN_POINT('',(6.836728839228,7.192270820982,
    2.921598624114E-03));
#1488 = VECTOR('',#1489,1.);
#1489 = DIRECTION('',(-0.,-0.,-1.));
#1490 = PCURVE('',#382,#1491);
#1491 = DEFINITIONAL_REPRESENTATION('',(#1492),#1496);
#1492 = LINE('',#1493,#1494);
#1493 = CARTESIAN_POINT('',(-2.500369262188,0.));
#1494 = VECTOR('',#1495,1.);
#1495 = DIRECTION('',(-0.,1.));
#1496 = ( GEOMETRIC_REPRESENTATION_CONTEXT(2) 
PARAMETRIC_REPRESENTATION_CONTEXT() REPRESENTATION_CONTEXT('2D SPACE',''
  ) );
#1497 = PCURVE('',#409,#1498);
#1498 = DEFINITIONAL_REPRESENTATION('',(#1499),#1503);
#1499 = LINE('',#1500,#1501);
#1500 = CARTESIAN_POINT('',(-10.71110681248,0.));
#1501 = VECTOR('',#1502,1.);
#1502 = DIRECTION('',(-0.,1.));
#1503 = ( GEOMETRIC_REPRESENTATION_CONTEXT(2) 
PARAMETRIC_REPRESENTATION_CONTEXT() REPRESENTATION_CONTEXT('2D SPACE',''
  ) );
#1504 = ADVANCED_FACE('',(#1505),#409,.T.);
#1505 = FACE_BOUND('',#1506,.F.);
#1506 = EDGE_LOOP('',(#1507,#1508,#1509,#1510));
#1507 = ORIENTED_EDGE('',*,*,#394,.F.);
#1508 = ORIENTED_EDGE('',*,*,#1462,.F.);
#1509 = ORIENTED_EDGE('',*,*,#1016,.F.);
#1510 = ORIENTED_EDGE('',*,*,#1484,.T.);
#1511 = ADVANCED_FACE('',(#1512),#670,.F.);
#1512 = FACE_BOUND('',#1513,.T.);
#1513 = EDGE_LOOP('',(#1514,#1515,#1536,#1537));
#1514 = ORIENTED_EDGE('',*,*,#653,.F.);
#1515 = ORIENTED_EDGE('',*,*,#1516,.F.);
#1516 = EDGE_CURVE('',#1235,#654,#1517,.T.);
#1517 = SURFACE_CURVE('',#1518,(#1522,#1529),.PCURVE_S1.);
#1518 = LINE('',#1519,#1520);
#1519 = CARTESIAN_POINT('',(16.202869332477,13.475759801287,
    2.921598624114E-03));
#1520 = VECTOR('',#1521,1.);
#1521 = DIRECTION('',(-0.,-0.,-1.));
#1522 = PCURVE('',#670,#1523);
#1523 = DEFINITIONAL_REPRESENTATION('',(#1524),#1528);
#1524 = LINE('',#1525,#1526);
#1525 = CARTESIAN_POINT('',(-5.882931685156,0.));
#1526 = VECTOR('',#1527,1.);
#1527 = DIRECTION('',(-0.,1.));
#1528 = ( GEOMETRIC_REPRESENTATION_CONTEXT(2) 
PARAMETRIC_REPRESENTATION_CONTEXT() REPRESENTATION_CONTEXT('2D SPACE',''
  ) );
#1529 = PCURVE('',#698,#1530);
#1530 = DEFINITIONAL_REPRESENTATION('',(#1531),#1535);
#1531 = LINE('',#1532,#1533);
#1532 = CARTESIAN_POINT('',(0.28,-3.665282200994));
#1533 = VECTOR('',#1534,1.);
#1534 = DIRECTION('',(-1.,0.));
#1535 = ( GEOMETRIC_REPRESENTATION_CONTEXT(2) 
PARAMETRIC_REPRESENTATION_CONTEXT() REPRESENTATION_CONTEXT('2D SPACE',''
  ) );
#1536 = ORIENTED_EDGE('',*,*,#1234,.F.);
#1537 = ORIENTED_EDGE('',*,*,#1538,.T.);
#1538 = EDGE_CURVE('',#1212,#626,#1539,.T.);
#1539 = SURFACE_CURVE('',#1540,(#1544,#1551),.PCURVE_S1.);
#1540 = LINE('',#1541,#1542);
#1541 = CARTESIAN_POINT('',(16.202869332477,19.145195399298,
    2.921598624114E-03));
#1542 = VECTOR('',#1543,1.);
#1543 = DIRECTION('',(-0.,-0.,-1.));
#1544 = PCURVE('',#670,#1545);
#1545 = DEFINITIONAL_REPRESENTATION('',(#1546),#1550);
#1546 = LINE('',#1547,#1548);
#1547 = CARTESIAN_POINT('',(-6.683438929203,0.));
#1548 = VECTOR('',#1549,1.);
#1549 = DIRECTION('',(-0.,1.));
#1550 = ( GEOMETRIC_REPRESENTATION_CONTEXT(2) 
PARAMETRIC_REPRESENTATION_CONTEXT() REPRESENTATION_CONTEXT('2D SPACE',''
  ) );
#1551 = PCURVE('',#641,#1552);
#1552 = DEFINITIONAL_REPRESENTATION('',(#1553),#1557);
#1553 = LINE('',#1554,#1555);
#1554 = CARTESIAN_POINT('',(0.28,-9.334717799006));
#1555 = VECTOR('',#1556,1.);
#1556 = DIRECTION('',(-1.,0.));
#1557 = ( GEOMETRIC_REPRESENTATION_CONTEXT(2) 
PARAMETRIC_REPRESENTATION_CONTEXT() REPRESENTATION_CONTEXT('2D SPACE',''
  ) );
#1558 = ADVANCED_FACE('',(#1559),#641,.F.);
#1559 = FACE_BOUND('',#1560,.F.);
#1560 = EDGE_LOOP('',(#1561,#1582,#1583,#1584));
#1561 = ORIENTED_EDGE('',*,*,#1562,.T.);
#1562 = EDGE_CURVE('',#597,#1188,#1563,.T.);
#1563 = SURFACE_CURVE('',#1564,(#1568,#1575),.PCURVE_S1.);
#1564 = LINE('',#1565,#1566);
#1565 = CARTESIAN_POINT('',(16.202869332477,22.360477600292,
    -0.277078401376));
#1566 = VECTOR('',#1567,1.);
#1567 = DIRECTION('',(0.,0.,1.));
#1568 = PCURVE('',#641,#1569);
#1569 = DEFINITIONAL_REPRESENTATION('',(#1570),#1574);
#1570 = LINE('',#1571,#1572);
#1571 = CARTESIAN_POINT('',(0.,-12.55));
#1572 = VECTOR('',#1573,1.);
#1573 = DIRECTION('',(1.,0.));
#1574 = ( GEOMETRIC_REPRESENTATION_CONTEXT(2) 
PARAMETRIC_REPRESENTATION_CONTEXT() REPRESENTATION_CONTEXT('2D SPACE',''
  ) );
#1575 = PCURVE('',#613,#1576);
#1576 = DEFINITIONAL_REPRESENTATION('',(#1577),#1581);
#1577 = LINE('',#1578,#1579);
#1578 = CARTESIAN_POINT('',(0.,0.));
#1579 = VECTOR('',#1580,1.);
#1580 = DIRECTION('',(0.,1.));
#1581 = ( GEOMETRIC_REPRESENTATION_CONTEXT(2) 
PARAMETRIC_REPRESENTATION_CONTEXT() REPRESENTATION_CONTEXT('2D SPACE',''
  ) );
#1582 = ORIENTED_EDGE('',*,*,#1211,.F.);
#1583 = ORIENTED_EDGE('',*,*,#1538,.T.);
#1584 = ORIENTED_EDGE('',*,*,#625,.T.);
#1585 = ADVANCED_FACE('',(#1586),#698,.F.);
#1586 = FACE_BOUND('',#1587,.F.);
#1587 = EDGE_LOOP('',(#1588,#1589,#1610,#1611));
#1588 = ORIENTED_EDGE('',*,*,#1262,.F.);
#1589 = ORIENTED_EDGE('',*,*,#1590,.F.);
#1590 = EDGE_CURVE('',#683,#1263,#1591,.T.);
#1591 = SURFACE_CURVE('',#1592,(#1596,#1603),.PCURVE_S1.);
#1592 = LINE('',#1593,#1594);
#1593 = CARTESIAN_POINT('',(16.202869332477,10.260477600292,
    -0.277078401376));
#1594 = VECTOR('',#1595,1.);
#1595 = DIRECTION('',(0.,0.,1.));
#1596 = PCURVE('',#698,#1597);
#1597 = DEFINITIONAL_REPRESENTATION('',(#1598),#1602);
#1598 = LINE('',#1599,#1600);
#1599 = CARTESIAN_POINT('',(0.,-0.45));
#1600 = VECTOR('',#1601,1.);
#1601 = DIRECTION('',(1.,0.));
#1602 = ( GEOMETRIC_REPRESENTATION_CONTEXT(2) 
PARAMETRIC_REPRESENTATION_CONTEXT() REPRESENTATION_CONTEXT('2D SPACE',''
  ) );
#1603 = PCURVE('',#727,#1604);
#1604 = DEFINITIONAL_REPRESENTATION('',(#1605),#1609);
#1605 = LINE('',#1606,#1607);
#1606 = CARTESIAN_POINT('',(-0.,0.));
#1607 = VECTOR('',#1608,1.);
#1608 = DIRECTION('',(-0.,1.));
#1609 = ( GEOMETRIC_REPRESENTATION_CONTEXT(2) 
PARAMETRIC_REPRESENTATION_CONTEXT() REPRESENTATION_CONTEXT('2D SPACE',''
  ) );
#1610 = ORIENTED_EDGE('',*,*,#682,.T.);
#1611 = ORIENTED_EDGE('',*,*,#1516,.F.);
#1612 = ADVANCED_FACE('',(#1613),#613,.F.);
#1613 = FACE_BOUND('',#1614,.F.);
#1614 = EDGE_LOOP('',(#1615,#1616,#1617,#1638));
#1615 = ORIENTED_EDGE('',*,*,#1562,.F.);
#1616 = ORIENTED_EDGE('',*,*,#596,.T.);
#1617 = ORIENTED_EDGE('',*,*,#1618,.T.);
#1618 = EDGE_CURVE('',#569,#1165,#1619,.T.);
#1619 = SURFACE_CURVE('',#1620,(#1624,#1631),.PCURVE_S1.);
#1620 = LINE('',#1621,#1622);
#1621 = CARTESIAN_POINT('',(15.752869332477,22.810477600292,
    -0.277078401376));
#1622 = VECTOR('',#1623,1.);
#1623 = DIRECTION('',(0.,0.,1.));
#1624 = PCURVE('',#613,#1625);
#1625 = DEFINITIONAL_REPRESENTATION('',(#1626),#1630);
#1626 = LINE('',#1627,#1628);
#1627 = CARTESIAN_POINT('',(1.570796326795,0.));
#1628 = VECTOR('',#1629,1.);
#1629 = DIRECTION('',(0.,1.));
#1630 = ( GEOMETRIC_REPRESENTATION_CONTEXT(2) 
PARAMETRIC_REPRESENTATION_CONTEXT() REPRESENTATION_CONTEXT('2D SPACE',''
  ) );
#1631 = PCURVE('',#584,#1632);
#1632 = DEFINITIONAL_REPRESENTATION('',(#1633),#1637);
#1633 = LINE('',#1634,#1635);
#1634 = CARTESIAN_POINT('',(0.,12.95));
#1635 = VECTOR('',#1636,1.);
#1636 = DIRECTION('',(1.,0.));
#1637 = ( GEOMETRIC_REPRESENTATION_CONTEXT(2) 
PARAMETRIC_REPRESENTATION_CONTEXT() REPRESENTATION_CONTEXT('2D SPACE',''
  ) );
#1638 = ORIENTED_EDGE('',*,*,#1187,.F.);
#1639 = ADVANCED_FACE('',(#1640),#727,.F.);
#1640 = FACE_BOUND('',#1641,.T.);
#1641 = EDGE_LOOP('',(#1642,#1643,#1644,#1665));
#1642 = ORIENTED_EDGE('',*,*,#1590,.F.);
#1643 = ORIENTED_EDGE('',*,*,#710,.F.);
#1644 = ORIENTED_EDGE('',*,*,#1645,.T.);
#1645 = EDGE_CURVE('',#711,#1286,#1646,.T.);
#1646 = SURFACE_CURVE('',#1647,(#1651,#1658),.PCURVE_S1.);
#1647 = LINE('',#1648,#1649);
#1648 = CARTESIAN_POINT('',(15.752869332477,9.810477600292,
    -0.277078401376));
#1649 = VECTOR('',#1650,1.);
#1650 = DIRECTION('',(0.,0.,1.));
#1651 = PCURVE('',#727,#1652);
#1652 = DEFINITIONAL_REPRESENTATION('',(#1653),#1657);
#1653 = LINE('',#1654,#1655);
#1654 = CARTESIAN_POINT('',(-1.570796326795,0.));
#1655 = VECTOR('',#1656,1.);
#1656 = DIRECTION('',(-0.,1.));
#1657 = ( GEOMETRIC_REPRESENTATION_CONTEXT(2) 
PARAMETRIC_REPRESENTATION_CONTEXT() REPRESENTATION_CONTEXT('2D SPACE',''
  ) );
#1658 = PCURVE('',#755,#1659);
#1659 = DEFINITIONAL_REPRESENTATION('',(#1660),#1664);
#1660 = LINE('',#1661,#1662);
#1661 = CARTESIAN_POINT('',(0.,12.95));
#1662 = VECTOR('',#1663,1.);
#1663 = DIRECTION('',(1.,0.));
#1664 = ( GEOMETRIC_REPRESENTATION_CONTEXT(2) 
PARAMETRIC_REPRESENTATION_CONTEXT() REPRESENTATION_CONTEXT('2D SPACE',''
  ) );
#1665 = ORIENTED_EDGE('',*,*,#1285,.T.);
#1666 = ADVANCED_FACE('',(#1667),#584,.F.);
#1667 = FACE_BOUND('',#1668,.F.);
#1668 = EDGE_LOOP('',(#1669,#1670,#1671,#1692));
#1669 = ORIENTED_EDGE('',*,*,#1618,.F.);
#1670 = ORIENTED_EDGE('',*,*,#568,.T.);
#1671 = ORIENTED_EDGE('',*,*,#1672,.F.);
#1672 = EDGE_CURVE('',#1141,#540,#1673,.T.);
#1673 = SURFACE_CURVE('',#1674,(#1678,#1685),.PCURVE_S1.);
#1674 = LINE('',#1675,#1676);
#1675 = CARTESIAN_POINT('',(12.770226827456,22.810477600292,
    2.921598624114E-03));
#1676 = VECTOR('',#1677,1.);
#1677 = DIRECTION('',(-0.,-0.,-1.));
#1678 = PCURVE('',#584,#1679);
#1679 = DEFINITIONAL_REPRESENTATION('',(#1680),#1684);
#1680 = LINE('',#1681,#1682);
#1681 = CARTESIAN_POINT('',(0.28,9.96735749498));
#1682 = VECTOR('',#1683,1.);
#1683 = DIRECTION('',(-1.,0.));
#1684 = ( GEOMETRIC_REPRESENTATION_CONTEXT(2) 
PARAMETRIC_REPRESENTATION_CONTEXT() REPRESENTATION_CONTEXT('2D SPACE',''
  ) );
#1685 = PCURVE('',#556,#1686);
#1686 = DEFINITIONAL_REPRESENTATION('',(#1687),#1691);
#1687 = LINE('',#1688,#1689);
#1688 = CARTESIAN_POINT('',(-1.105014693428,0.));
#1689 = VECTOR('',#1690,1.);
#1690 = DIRECTION('',(-0.,1.));
#1691 = ( GEOMETRIC_REPRESENTATION_CONTEXT(2) 
PARAMETRIC_REPRESENTATION_CONTEXT() REPRESENTATION_CONTEXT('2D SPACE',''
  ) );
#1692 = ORIENTED_EDGE('',*,*,#1164,.F.);
#1693 = ADVANCED_FACE('',(#1694),#755,.T.);
#1694 = FACE_BOUND('',#1695,.T.);
#1695 = EDGE_LOOP('',(#1696,#1697,#1698,#1719));
#1696 = ORIENTED_EDGE('',*,*,#1645,.F.);
#1697 = ORIENTED_EDGE('',*,*,#739,.T.);
#1698 = ORIENTED_EDGE('',*,*,#1699,.F.);
#1699 = EDGE_CURVE('',#1310,#740,#1700,.T.);
#1700 = SURFACE_CURVE('',#1701,(#1705,#1712),.PCURVE_S1.);
#1701 = LINE('',#1702,#1703);
#1702 = CARTESIAN_POINT('',(12.770226827456,9.810477600292,
    2.921598624114E-03));
#1703 = VECTOR('',#1704,1.);
#1704 = DIRECTION('',(-0.,-0.,-1.));
#1705 = PCURVE('',#755,#1706);
#1706 = DEFINITIONAL_REPRESENTATION('',(#1707),#1711);
#1707 = LINE('',#1708,#1709);
#1708 = CARTESIAN_POINT('',(0.28,9.96735749498));
#1709 = VECTOR('',#1710,1.);
#1710 = DIRECTION('',(-1.,0.));
#1711 = ( GEOMETRIC_REPRESENTATION_CONTEXT(2) 
PARAMETRIC_REPRESENTATION_CONTEXT() REPRESENTATION_CONTEXT('2D SPACE',''
  ) );
#1712 = PCURVE('',#784,#1713);
#1713 = DEFINITIONAL_REPRESENTATION('',(#1714),#1718);
#1714 = LINE('',#1715,#1716);
#1715 = CARTESIAN_POINT('',(-5.178170613751,0.));
#1716 = VECTOR('',#1717,1.);
#1717 = DIRECTION('',(-0.,1.));
#1718 = ( GEOMETRIC_REPRESENTATION_CONTEXT(2) 
PARAMETRIC_REPRESENTATION_CONTEXT() REPRESENTATION_CONTEXT('2D SPACE',''
  ) );
#1719 = ORIENTED_EDGE('',*,*,#1309,.F.);
#1720 = ADVANCED_FACE('',(#1721),#556,.F.);
#1721 = FACE_BOUND('',#1722,.T.);
#1722 = EDGE_LOOP('',(#1723,#1724,#1725,#1726));
#1723 = ORIENTED_EDGE('',*,*,#539,.F.);
#1724 = ORIENTED_EDGE('',*,*,#1672,.F.);
#1725 = ORIENTED_EDGE('',*,*,#1140,.T.);
#1726 = ORIENTED_EDGE('',*,*,#1727,.T.);
#1727 = EDGE_CURVE('',#1118,#512,#1728,.T.);
#1728 = SURFACE_CURVE('',#1729,(#1733,#1740),.PCURVE_S1.);
#1729 = LINE('',#1730,#1731);
#1730 = CARTESIAN_POINT('',(6.235511837497,22.810477600292,
    2.921598624114E-03));
#1731 = VECTOR('',#1732,1.);
#1732 = DIRECTION('',(-0.,-0.,-1.));
#1733 = PCURVE('',#556,#1734);
#1734 = DEFINITIONAL_REPRESENTATION('',(#1735),#1739);
#1735 = LINE('',#1736,#1737);
#1736 = CARTESIAN_POINT('',(-2.036577960161,0.));
#1737 = VECTOR('',#1738,1.);
#1738 = DIRECTION('',(-0.,1.));
#1739 = ( GEOMETRIC_REPRESENTATION_CONTEXT(2) 
PARAMETRIC_REPRESENTATION_CONTEXT() REPRESENTATION_CONTEXT('2D SPACE',''
  ) );
#1740 = PCURVE('',#527,#1741);
#1741 = DEFINITIONAL_REPRESENTATION('',(#1742),#1746);
#1742 = LINE('',#1743,#1744);
#1743 = CARTESIAN_POINT('',(0.28,3.43264250502));
#1744 = VECTOR('',#1745,1.);
#1745 = DIRECTION('',(-1.,0.));
#1746 = ( GEOMETRIC_REPRESENTATION_CONTEXT(2) 
PARAMETRIC_REPRESENTATION_CONTEXT() REPRESENTATION_CONTEXT('2D SPACE',''
  ) );
#1747 = ADVANCED_FACE('',(#1748),#784,.F.);
#1748 = FACE_BOUND('',#1749,.T.);
#1749 = EDGE_LOOP('',(#1750,#1751,#1752,#1773));
#1750 = ORIENTED_EDGE('',*,*,#1699,.T.);
#1751 = ORIENTED_EDGE('',*,*,#767,.F.);
#1752 = ORIENTED_EDGE('',*,*,#1753,.F.);
#1753 = EDGE_CURVE('',#1333,#768,#1754,.T.);
#1754 = SURFACE_CURVE('',#1755,(#1759,#1766),.PCURVE_S1.);
#1755 = LINE('',#1756,#1757);
#1756 = CARTESIAN_POINT('',(6.235511837497,9.810477600292,
    2.921598624114E-03));
#1757 = VECTOR('',#1758,1.);
#1758 = DIRECTION('',(-0.,-0.,-1.));
#1759 = PCURVE('',#784,#1760);
#1760 = DEFINITIONAL_REPRESENTATION('',(#1761),#1765);
#1761 = LINE('',#1762,#1763);
#1762 = CARTESIAN_POINT('',(-4.246607347018,0.));
#1763 = VECTOR('',#1764,1.);
#1764 = DIRECTION('',(-0.,1.));
#1765 = ( GEOMETRIC_REPRESENTATION_CONTEXT(2) 
PARAMETRIC_REPRESENTATION_CONTEXT() REPRESENTATION_CONTEXT('2D SPACE',''
  ) );
#1766 = PCURVE('',#812,#1767);
#1767 = DEFINITIONAL_REPRESENTATION('',(#1768),#1772);
#1768 = LINE('',#1769,#1770);
#1769 = CARTESIAN_POINT('',(0.28,3.43264250502));
#1770 = VECTOR('',#1771,1.);
#1771 = DIRECTION('',(-1.,0.));
#1772 = ( GEOMETRIC_REPRESENTATION_CONTEXT(2) 
PARAMETRIC_REPRESENTATION_CONTEXT() REPRESENTATION_CONTEXT('2D SPACE',''
  ) );
#1773 = ORIENTED_EDGE('',*,*,#1332,.T.);
#1774 = ADVANCED_FACE('',(#1775),#527,.F.);
#1775 = FACE_BOUND('',#1776,.F.);
#1776 = EDGE_LOOP('',(#1777,#1778,#1799,#1800));
#1777 = ORIENTED_EDGE('',*,*,#511,.T.);
#1778 = ORIENTED_EDGE('',*,*,#1779,.T.);
#1779 = EDGE_CURVE('',#483,#1094,#1780,.T.);
#1780 = SURFACE_CURVE('',#1781,(#1785,#1792),.PCURVE_S1.);
#1781 = LINE('',#1782,#1783);
#1782 = CARTESIAN_POINT('',(3.252869332477,22.810477600292,
    -0.277078401376));
#1783 = VECTOR('',#1784,1.);
#1784 = DIRECTION('',(0.,0.,1.));
#1785 = PCURVE('',#527,#1786);
#1786 = DEFINITIONAL_REPRESENTATION('',(#1787),#1791);
#1787 = LINE('',#1788,#1789);
#1788 = CARTESIAN_POINT('',(0.,0.45));
#1789 = VECTOR('',#1790,1.);
#1790 = DIRECTION('',(1.,0.));
#1791 = ( GEOMETRIC_REPRESENTATION_CONTEXT(2) 
PARAMETRIC_REPRESENTATION_CONTEXT() REPRESENTATION_CONTEXT('2D SPACE',''
  ) );
#1792 = PCURVE('',#499,#1793);
#1793 = DEFINITIONAL_REPRESENTATION('',(#1794),#1798);
#1794 = LINE('',#1795,#1796);
#1795 = CARTESIAN_POINT('',(-1.570796326795,0.));
#1796 = VECTOR('',#1797,1.);
#1797 = DIRECTION('',(-0.,1.));
#1798 = ( GEOMETRIC_REPRESENTATION_CONTEXT(2) 
PARAMETRIC_REPRESENTATION_CONTEXT() REPRESENTATION_CONTEXT('2D SPACE',''
  ) );
#1799 = ORIENTED_EDGE('',*,*,#1117,.F.);
#1800 = ORIENTED_EDGE('',*,*,#1727,.T.);
#1801 = ADVANCED_FACE('',(#1802),#812,.T.);
#1802 = FACE_BOUND('',#1803,.T.);
#1803 = EDGE_LOOP('',(#1804,#1805,#1826,#1827));
#1804 = ORIENTED_EDGE('',*,*,#796,.T.);
#1805 = ORIENTED_EDGE('',*,*,#1806,.T.);
#1806 = EDGE_CURVE('',#797,#1357,#1807,.T.);
#1807 = SURFACE_CURVE('',#1808,(#1812,#1819),.PCURVE_S1.);
#1808 = LINE('',#1809,#1810);
#1809 = CARTESIAN_POINT('',(3.252869332477,9.810477600292,
    -0.277078401376));
#1810 = VECTOR('',#1811,1.);
#1811 = DIRECTION('',(0.,0.,1.));
#1812 = PCURVE('',#812,#1813);
#1813 = DEFINITIONAL_REPRESENTATION('',(#1814),#1818);
#1814 = LINE('',#1815,#1816);
#1815 = CARTESIAN_POINT('',(0.,0.45));
#1816 = VECTOR('',#1817,1.);
#1817 = DIRECTION('',(1.,0.));
#1818 = ( GEOMETRIC_REPRESENTATION_CONTEXT(2) 
PARAMETRIC_REPRESENTATION_CONTEXT() REPRESENTATION_CONTEXT('2D SPACE',''
  ) );
#1819 = PCURVE('',#841,#1820);
#1820 = DEFINITIONAL_REPRESENTATION('',(#1821),#1825);
#1821 = LINE('',#1822,#1823);
#1822 = CARTESIAN_POINT('',(1.570796326795,0.));
#1823 = VECTOR('',#1824,1.);
#1824 = DIRECTION('',(0.,1.));
#1825 = ( GEOMETRIC_REPRESENTATION_CONTEXT(2) 
PARAMETRIC_REPRESENTATION_CONTEXT() REPRESENTATION_CONTEXT('2D SPACE',''
  ) );
#1826 = ORIENTED_EDGE('',*,*,#1356,.F.);
#1827 = ORIENTED_EDGE('',*,*,#1753,.T.);
#1828 = ADVANCED_FACE('',(#1829),#499,.F.);
#1829 = FACE_BOUND('',#1830,.T.);
#1830 = EDGE_LOOP('',(#1831,#1852,#1853,#1854));
#1831 = ORIENTED_EDGE('',*,*,#1832,.F.);
#1832 = EDGE_CURVE('',#455,#1071,#1833,.T.);
#1833 = SURFACE_CURVE('',#1834,(#1838,#1845),.PCURVE_S1.);
#1834 = LINE('',#1835,#1836);
#1835 = CARTESIAN_POINT('',(2.802869332477,22.360477600292,
    -0.277078401376));
#1836 = VECTOR('',#1837,1.);
#1837 = DIRECTION('',(0.,0.,1.));
#1838 = PCURVE('',#499,#1839);
#1839 = DEFINITIONAL_REPRESENTATION('',(#1840),#1844);
#1840 = LINE('',#1841,#1842);
#1841 = CARTESIAN_POINT('',(-0.,0.));
#1842 = VECTOR('',#1843,1.);
#1843 = DIRECTION('',(-0.,1.));
#1844 = ( GEOMETRIC_REPRESENTATION_CONTEXT(2) 
PARAMETRIC_REPRESENTATION_CONTEXT() REPRESENTATION_CONTEXT('2D SPACE',''
  ) );
#1845 = PCURVE('',#470,#1846);
#1846 = DEFINITIONAL_REPRESENTATION('',(#1847),#1851);
#1847 = LINE('',#1848,#1849);
#1848 = CARTESIAN_POINT('',(0.,-12.55));
#1849 = VECTOR('',#1850,1.);
#1850 = DIRECTION('',(1.,0.));
#1851 = ( GEOMETRIC_REPRESENTATION_CONTEXT(2) 
PARAMETRIC_REPRESENTATION_CONTEXT() REPRESENTATION_CONTEXT('2D SPACE',''
  ) );
#1852 = ORIENTED_EDGE('',*,*,#482,.F.);
#1853 = ORIENTED_EDGE('',*,*,#1779,.T.);
#1854 = ORIENTED_EDGE('',*,*,#1093,.T.);
#1855 = ADVANCED_FACE('',(#1856),#841,.F.);
#1856 = FACE_BOUND('',#1857,.F.);
#1857 = EDGE_LOOP('',(#1858,#1879,#1880,#1881));
#1858 = ORIENTED_EDGE('',*,*,#1859,.F.);
#1859 = EDGE_CURVE('',#825,#1380,#1860,.T.);
#1860 = SURFACE_CURVE('',#1861,(#1865,#1872),.PCURVE_S1.);
#1861 = LINE('',#1862,#1863);
#1862 = CARTESIAN_POINT('',(2.802869332477,10.260477600292,
    -0.277078401376));
#1863 = VECTOR('',#1864,1.);
#1864 = DIRECTION('',(0.,0.,1.));
#1865 = PCURVE('',#841,#1866);
#1866 = DEFINITIONAL_REPRESENTATION('',(#1867),#1871);
#1867 = LINE('',#1868,#1869);
#1868 = CARTESIAN_POINT('',(0.,0.));
#1869 = VECTOR('',#1870,1.);
#1870 = DIRECTION('',(0.,1.));
#1871 = ( GEOMETRIC_REPRESENTATION_CONTEXT(2) 
PARAMETRIC_REPRESENTATION_CONTEXT() REPRESENTATION_CONTEXT('2D SPACE',''
  ) );
#1872 = PCURVE('',#867,#1873);
#1873 = DEFINITIONAL_REPRESENTATION('',(#1874),#1878);
#1874 = LINE('',#1875,#1876);
#1875 = CARTESIAN_POINT('',(0.,-0.45));
#1876 = VECTOR('',#1877,1.);
#1877 = DIRECTION('',(1.,0.));
#1878 = ( GEOMETRIC_REPRESENTATION_CONTEXT(2) 
PARAMETRIC_REPRESENTATION_CONTEXT() REPRESENTATION_CONTEXT('2D SPACE',''
  ) );
#1879 = ORIENTED_EDGE('',*,*,#824,.T.);
#1880 = ORIENTED_EDGE('',*,*,#1806,.T.);
#1881 = ORIENTED_EDGE('',*,*,#1379,.F.);
#1882 = ADVANCED_FACE('',(#1883),#470,.T.);
#1883 = FACE_BOUND('',#1884,.T.);
#1884 = EDGE_LOOP('',(#1885,#1886,#1887,#1908));
#1885 = ORIENTED_EDGE('',*,*,#1832,.T.);
#1886 = ORIENTED_EDGE('',*,*,#1070,.F.);
#1887 = ORIENTED_EDGE('',*,*,#1888,.T.);
#1888 = EDGE_CURVE('',#1045,#424,#1889,.T.);
#1889 = SURFACE_CURVE('',#1890,(#1894,#1901),.PCURVE_S1.);
#1890 = LINE('',#1891,#1892);
#1891 = CARTESIAN_POINT('',(2.802869332477,19.145195399298,
    2.921598624114E-03));
#1892 = VECTOR('',#1893,1.);
#1893 = DIRECTION('',(-0.,-0.,-1.));
#1894 = PCURVE('',#470,#1895);
#1895 = DEFINITIONAL_REPRESENTATION('',(#1896),#1900);
#1896 = LINE('',#1897,#1898);
#1897 = CARTESIAN_POINT('',(0.28,-9.334717799006));
#1898 = VECTOR('',#1899,1.);
#1899 = DIRECTION('',(-1.,0.));
#1900 = ( GEOMETRIC_REPRESENTATION_CONTEXT(2) 
PARAMETRIC_REPRESENTATION_CONTEXT() REPRESENTATION_CONTEXT('2D SPACE',''
  ) );
#1901 = PCURVE('',#442,#1902);
#1902 = DEFINITIONAL_REPRESENTATION('',(#1903),#1907);
#1903 = LINE('',#1904,#1905);
#1904 = CARTESIAN_POINT('',(-2.741339031566,0.));
#1905 = VECTOR('',#1906,1.);
#1906 = DIRECTION('',(-0.,1.));
#1907 = ( GEOMETRIC_REPRESENTATION_CONTEXT(2) 
PARAMETRIC_REPRESENTATION_CONTEXT() REPRESENTATION_CONTEXT('2D SPACE',''
  ) );
#1908 = ORIENTED_EDGE('',*,*,#454,.T.);
#1909 = ADVANCED_FACE('',(#1910),#867,.T.);
#1910 = FACE_BOUND('',#1911,.T.);
#1911 = EDGE_LOOP('',(#1912,#1913,#1914,#1915));
#1912 = ORIENTED_EDGE('',*,*,#1403,.F.);
#1913 = ORIENTED_EDGE('',*,*,#1859,.F.);
#1914 = ORIENTED_EDGE('',*,*,#853,.T.);
#1915 = ORIENTED_EDGE('',*,*,#1916,.F.);
#1916 = EDGE_CURVE('',#1047,#426,#1917,.T.);
#1917 = SURFACE_CURVE('',#1918,(#1922,#1929),.PCURVE_S1.);
#1918 = LINE('',#1919,#1920);
#1919 = CARTESIAN_POINT('',(2.802869332477,13.475759801287,
    2.921598624114E-03));
#1920 = VECTOR('',#1921,1.);
#1921 = DIRECTION('',(-0.,-0.,-1.));
#1922 = PCURVE('',#867,#1923);
#1923 = DEFINITIONAL_REPRESENTATION('',(#1924),#1928);
#1924 = LINE('',#1925,#1926);
#1925 = CARTESIAN_POINT('',(0.28,-3.665282200994));
#1926 = VECTOR('',#1927,1.);
#1927 = DIRECTION('',(-1.,0.));
#1928 = ( GEOMETRIC_REPRESENTATION_CONTEXT(2) 
PARAMETRIC_REPRESENTATION_CONTEXT() REPRESENTATION_CONTEXT('2D SPACE',''
  ) );
#1929 = PCURVE('',#442,#1930);
#1930 = DEFINITIONAL_REPRESENTATION('',(#1931),#1935);
#1931 = LINE('',#1932,#1933);
#1932 = CARTESIAN_POINT('',(-3.541846275613,0.));
#1933 = VECTOR('',#1934,1.);
#1934 = DIRECTION('',(-0.,1.));
#1935 = ( GEOMETRIC_REPRESENTATION_CONTEXT(2) 
PARAMETRIC_REPRESENTATION_CONTEXT() REPRESENTATION_CONTEXT('2D SPACE',''
  ) );
#1936 = ADVANCED_FACE('',(#1937),#442,.F.);
#1937 = FACE_BOUND('',#1938,.T.);
#1938 = EDGE_LOOP('',(#1939,#1940,#1941,#1942));
#1939 = ORIENTED_EDGE('',*,*,#423,.F.);
#1940 = ORIENTED_EDGE('',*,*,#1888,.F.);
#1941 = ORIENTED_EDGE('',*,*,#1044,.T.);
#1942 = ORIENTED_EDGE('',*,*,#1916,.T.);
#1943 = ( GEOMETRIC_REPRESENTATION_CONTEXT(3) 
GLOBAL_UNCERTAINTY_ASSIGNED_CONTEXT((#1947)) 
GLOBAL_UNIT_ASSIGNED_CONTEXT((#1944,#1945,#1946)) REPRESENTATION_CONTEXT
('Context #1','3D Context with UNIT and UNCERTAINTY') );
#1944 = ( LENGTH_UNIT() NAMED_UNIT(*) SI_UNIT(.MILLI.,.METRE.) );
#1945 = ( NAMED_UNIT(*) PLANE_ANGLE_UNIT() SI_UNIT($,.RADIAN.) );
#1946 = ( NAMED_UNIT(*) SI_UNIT($,.STERADIAN.) SOLID_ANGLE_UNIT() );
#1947 = UNCERTAINTY_MEASURE_WITH_UNIT(LENGTH_MEASURE(1.E-07),#1944,
  'distance_accuracy_value','confusion accuracy');
#1948 = CONTEXT_DEPENDENT_SHAPE_REPRESENTATION(#1949,#1951);
#1949 = ( REPRESENTATION_RELATIONSHIP('','',#144,#10) 
REPRESENTATION_RELATIONSHIP_WITH_TRANSFORMATION(#1950) 
SHAPE_REPRESENTATION_RELATIONSHIP() );
#1950 = ITEM_DEFINED_TRANSFORMATION('','',#11,#15);
#1951 = PRODUCT_DEFINITION_SHAPE('Placement','Placement of an item',
  #1952);
#1952 = NEXT_ASSEMBLY_USAGE_OCCURRENCE('251','','',#5,#139,$);
#1953 = PRODUCT_RELATED_PRODUCT_CATEGORY('part',$,(#141));
#1954 = SHAPE_DEFINITION_REPRESENTATION(#1955,#1961);
#1955 = PRODUCT_DEFINITION_SHAPE('','',#1956);
#1956 = PRODUCT_DEFINITION('design','',#1957,#1960);
#1957 = PRODUCT_DEFINITION_FORMATION('','',#1958);
#1958 = PRODUCT('Open CASCADE STEP translator 7.8 2.2',
  'Open CASCADE STEP translator 7.8 2.2','',(#1959));
#1959 = PRODUCT_CONTEXT('',#2,'mechanical');
#1960 = PRODUCT_DEFINITION_CONTEXT('part definition',#2,'design');
#1961 = ADVANCED_BREP_SHAPE_REPRESENTATION('',(#11,#1962),#2854);
#1962 = MANIFOLD_SOLID_BREP('',#1963);
#1963 = CLOSED_SHELL('',(#1964,#2084,#2160,#2411,#2460,#2658,#2685,#2712
    ,#2719,#2766,#2793,#2820,#2827));
#1964 = ADVANCED_FACE('',(#1965),#1979,.F.);
#1965 = FACE_BOUND('',#1966,.F.);
#1966 = EDGE_LOOP('',(#1967,#2002,#2030,#2058));
#1967 = ORIENTED_EDGE('',*,*,#1968,.F.);
#1968 = EDGE_CURVE('',#1969,#1971,#1973,.T.);
#1969 = VERTEX_POINT('',#1970);
#1970 = CARTESIAN_POINT('',(23.756341732494,8.6900001,1.399438273323E-03
    ));
#1971 = VERTEX_POINT('',#1972);
#1972 = CARTESIAN_POINT('',(23.756341732494,8.6900001,0.481399438273));
#1973 = SURFACE_CURVE('',#1974,(#1978,#1990),.PCURVE_S1.);
#1974 = LINE('',#1975,#1976);
#1975 = CARTESIAN_POINT('',(23.756341732494,8.6900001,1.399438273323E-03
    ));
#1976 = VECTOR('',#1977,1.);
#1977 = DIRECTION('',(0.,0.,1.));
#1978 = PCURVE('',#1979,#1984);
#1979 = PLANE('',#1980);
#1980 = AXIS2_PLACEMENT_3D('',#1981,#1982,#1983);
#1981 = CARTESIAN_POINT('',(23.756341732494,8.6900001,1.399438273323E-03
    ));
#1982 = DIRECTION('',(1.,0.,0.));
#1983 = DIRECTION('',(0.,0.,1.));
#1984 = DEFINITIONAL_REPRESENTATION('',(#1985),#1989);
#1985 = LINE('',#1986,#1987);
#1986 = CARTESIAN_POINT('',(0.,0.));
#1987 = VECTOR('',#1988,1.);
#1988 = DIRECTION('',(1.,0.));
#1989 = ( GEOMETRIC_REPRESENTATION_CONTEXT(2) 
PARAMETRIC_REPRESENTATION_CONTEXT() REPRESENTATION_CONTEXT('2D SPACE',''
  ) );
#1990 = PCURVE('',#1991,#1996);
#1991 = PLANE('',#1992);
#1992 = AXIS2_PLACEMENT_3D('',#1993,#1994,#1995);
#1993 = CARTESIAN_POINT('',(23.756341732494,8.6900001,1.399438273323E-03
    ));
#1994 = DIRECTION('',(0.,1.,0.));
#1995 = DIRECTION('',(0.,0.,1.));
#1996 = DEFINITIONAL_REPRESENTATION('',(#1997),#2001);
#1997 = LINE('',#1998,#1999);
#1998 = CARTESIAN_POINT('',(0.,0.));
#1999 = VECTOR('',#2000,1.);
#2000 = DIRECTION('',(1.,0.));
#2001 = ( GEOMETRIC_REPRESENTATION_CONTEXT(2) 
PARAMETRIC_REPRESENTATION_CONTEXT() REPRESENTATION_CONTEXT('2D SPACE',''
  ) );
#2002 = ORIENTED_EDGE('',*,*,#2003,.T.);
#2003 = EDGE_CURVE('',#1969,#2004,#2006,.T.);
#2004 = VERTEX_POINT('',#2005);
#2005 = CARTESIAN_POINT('',(23.756341732494,23.5400001,
    1.399438273323E-03));
#2006 = SURFACE_CURVE('',#2007,(#2011,#2018),.PCURVE_S1.);
#2007 = LINE('',#2008,#2009);
#2008 = CARTESIAN_POINT('',(23.756341732494,8.6900001,1.399438273323E-03
    ));
#2009 = VECTOR('',#2010,1.);
#2010 = DIRECTION('',(0.,1.,0.));
#2011 = PCURVE('',#1979,#2012);
#2012 = DEFINITIONAL_REPRESENTATION('',(#2013),#2017);
#2013 = LINE('',#2014,#2015);
#2014 = CARTESIAN_POINT('',(0.,0.));
#2015 = VECTOR('',#2016,1.);
#2016 = DIRECTION('',(0.,-1.));
#2017 = ( GEOMETRIC_REPRESENTATION_CONTEXT(2) 
PARAMETRIC_REPRESENTATION_CONTEXT() REPRESENTATION_CONTEXT('2D SPACE',''
  ) );
#2018 = PCURVE('',#2019,#2024);
#2019 = PLANE('',#2020);
#2020 = AXIS2_PLACEMENT_3D('',#2021,#2022,#2023);
#2021 = CARTESIAN_POINT('',(23.756341732494,8.6900001,1.399438273323E-03
    ));
#2022 = DIRECTION('',(0.,0.,1.));
#2023 = DIRECTION('',(1.,0.,0.));
#2024 = DEFINITIONAL_REPRESENTATION('',(#2025),#2029);
#2025 = LINE('',#2026,#2027);
#2026 = CARTESIAN_POINT('',(0.,0.));
#2027 = VECTOR('',#2028,1.);
#2028 = DIRECTION('',(0.,1.));
#2029 = ( GEOMETRIC_REPRESENTATION_CONTEXT(2) 
PARAMETRIC_REPRESENTATION_CONTEXT() REPRESENTATION_CONTEXT('2D SPACE',''
  ) );
#2030 = ORIENTED_EDGE('',*,*,#2031,.T.);
#2031 = EDGE_CURVE('',#2004,#2032,#2034,.T.);
#2032 = VERTEX_POINT('',#2033);
#2033 = CARTESIAN_POINT('',(23.756341732494,23.5400001,0.481399438273));
#2034 = SURFACE_CURVE('',#2035,(#2039,#2046),.PCURVE_S1.);
#2035 = LINE('',#2036,#2037);
#2036 = CARTESIAN_POINT('',(23.756341732494,23.5400001,
    1.399438273323E-03));
#2037 = VECTOR('',#2038,1.);
#2038 = DIRECTION('',(0.,0.,1.));
#2039 = PCURVE('',#1979,#2040);
#2040 = DEFINITIONAL_REPRESENTATION('',(#2041),#2045);
#2041 = LINE('',#2042,#2043);
#2042 = CARTESIAN_POINT('',(0.,-14.85));
#2043 = VECTOR('',#2044,1.);
#2044 = DIRECTION('',(1.,0.));
#2045 = ( GEOMETRIC_REPRESENTATION_CONTEXT(2) 
PARAMETRIC_REPRESENTATION_CONTEXT() REPRESENTATION_CONTEXT('2D SPACE',''
  ) );
#2046 = PCURVE('',#2047,#2052);
#2047 = PLANE('',#2048);
#2048 = AXIS2_PLACEMENT_3D('',#2049,#2050,#2051);
#2049 = CARTESIAN_POINT('',(23.756341732494,23.5400001,
    1.399438273323E-03));
#2050 = DIRECTION('',(0.,1.,0.));
#2051 = DIRECTION('',(0.,0.,1.));
#2052 = DEFINITIONAL_REPRESENTATION('',(#2053),#2057);
#2053 = LINE('',#2054,#2055);
#2054 = CARTESIAN_POINT('',(0.,0.));
#2055 = VECTOR('',#2056,1.);
#2056 = DIRECTION('',(1.,0.));
#2057 = ( GEOMETRIC_REPRESENTATION_CONTEXT(2) 
PARAMETRIC_REPRESENTATION_CONTEXT() REPRESENTATION_CONTEXT('2D SPACE',''
  ) );
#2058 = ORIENTED_EDGE('',*,*,#2059,.F.);
#2059 = EDGE_CURVE('',#1971,#2032,#2060,.T.);
#2060 = SURFACE_CURVE('',#2061,(#2065,#2072),.PCURVE_S1.);
#2061 = LINE('',#2062,#2063);
#2062 = CARTESIAN_POINT('',(23.756341732494,8.6900001,0.481399438273));
#2063 = VECTOR('',#2064,1.);
#2064 = DIRECTION('',(0.,1.,0.));
#2065 = PCURVE('',#1979,#2066);
#2066 = DEFINITIONAL_REPRESENTATION('',(#2067),#2071);
#2067 = LINE('',#2068,#2069);
#2068 = CARTESIAN_POINT('',(0.48,0.));
#2069 = VECTOR('',#2070,1.);
#2070 = DIRECTION('',(0.,-1.));
#2071 = ( GEOMETRIC_REPRESENTATION_CONTEXT(2) 
PARAMETRIC_REPRESENTATION_CONTEXT() REPRESENTATION_CONTEXT('2D SPACE',''
  ) );
#2072 = PCURVE('',#2073,#2078);
#2073 = PLANE('',#2074);
#2074 = AXIS2_PLACEMENT_3D('',#2075,#2076,#2077);
#2075 = CARTESIAN_POINT('',(23.756341732494,8.6900001,0.481399438273));
#2076 = DIRECTION('',(0.,0.,1.));
#2077 = DIRECTION('',(1.,0.,0.));
#2078 = DEFINITIONAL_REPRESENTATION('',(#2079),#2083);
#2079 = LINE('',#2080,#2081);
#2080 = CARTESIAN_POINT('',(0.,0.));
#2081 = VECTOR('',#2082,1.);
#2082 = DIRECTION('',(0.,1.));
#2083 = ( GEOMETRIC_REPRESENTATION_CONTEXT(2) 
PARAMETRIC_REPRESENTATION_CONTEXT() REPRESENTATION_CONTEXT('2D SPACE',''
  ) );
#2084 = ADVANCED_FACE('',(#2085),#1991,.F.);
#2085 = FACE_BOUND('',#2086,.F.);
#2086 = EDGE_LOOP('',(#2087,#2110,#2111,#2134));
#2087 = ORIENTED_EDGE('',*,*,#2088,.F.);
#2088 = EDGE_CURVE('',#1969,#2089,#2091,.T.);
#2089 = VERTEX_POINT('',#2090);
#2090 = CARTESIAN_POINT('',(25.865031280447,8.6900001,1.399438273323E-03
    ));
#2091 = SURFACE_CURVE('',#2092,(#2096,#2103),.PCURVE_S1.);
#2092 = LINE('',#2093,#2094);
#2093 = CARTESIAN_POINT('',(23.756341732494,8.6900001,1.399438273323E-03
    ));
#2094 = VECTOR('',#2095,1.);
#2095 = DIRECTION('',(1.,0.,0.));
#2096 = PCURVE('',#1991,#2097);
#2097 = DEFINITIONAL_REPRESENTATION('',(#2098),#2102);
#2098 = LINE('',#2099,#2100);
#2099 = CARTESIAN_POINT('',(0.,0.));
#2100 = VECTOR('',#2101,1.);
#2101 = DIRECTION('',(0.,1.));
#2102 = ( GEOMETRIC_REPRESENTATION_CONTEXT(2) 
PARAMETRIC_REPRESENTATION_CONTEXT() REPRESENTATION_CONTEXT('2D SPACE',''
  ) );
#2103 = PCURVE('',#2019,#2104);
#2104 = DEFINITIONAL_REPRESENTATION('',(#2105),#2109);
#2105 = LINE('',#2106,#2107);
#2106 = CARTESIAN_POINT('',(0.,0.));
#2107 = VECTOR('',#2108,1.);
#2108 = DIRECTION('',(1.,0.));
#2109 = ( GEOMETRIC_REPRESENTATION_CONTEXT(2) 
PARAMETRIC_REPRESENTATION_CONTEXT() REPRESENTATION_CONTEXT('2D SPACE',''
  ) );
#2110 = ORIENTED_EDGE('',*,*,#1968,.T.);
#2111 = ORIENTED_EDGE('',*,*,#2112,.T.);
#2112 = EDGE_CURVE('',#1971,#2113,#2115,.T.);
#2113 = VERTEX_POINT('',#2114);
#2114 = CARTESIAN_POINT('',(25.865031280447,8.6900001,0.481399438273));
#2115 = SURFACE_CURVE('',#2116,(#2120,#2127),.PCURVE_S1.);
#2116 = LINE('',#2117,#2118);
#2117 = CARTESIAN_POINT('',(23.756341732494,8.6900001,0.481399438273));
#2118 = VECTOR('',#2119,1.);
#2119 = DIRECTION('',(1.,0.,0.));
#2120 = PCURVE('',#1991,#2121);
#2121 = DEFINITIONAL_REPRESENTATION('',(#2122),#2126);
#2122 = LINE('',#2123,#2124);
#2123 = CARTESIAN_POINT('',(0.48,0.));
#2124 = VECTOR('',#2125,1.);
#2125 = DIRECTION('',(0.,1.));
#2126 = ( GEOMETRIC_REPRESENTATION_CONTEXT(2) 
PARAMETRIC_REPRESENTATION_CONTEXT() REPRESENTATION_CONTEXT('2D SPACE',''
  ) );
#2127 = PCURVE('',#2073,#2128);
#2128 = DEFINITIONAL_REPRESENTATION('',(#2129),#2133);
#2129 = LINE('',#2130,#2131);
#2130 = CARTESIAN_POINT('',(0.,0.));
#2131 = VECTOR('',#2132,1.);
#2132 = DIRECTION('',(1.,0.));
#2133 = ( GEOMETRIC_REPRESENTATION_CONTEXT(2) 
PARAMETRIC_REPRESENTATION_CONTEXT() REPRESENTATION_CONTEXT('2D SPACE',''
  ) );
#2134 = ORIENTED_EDGE('',*,*,#2135,.T.);
#2135 = EDGE_CURVE('',#2113,#2089,#2136,.T.);
#2136 = SURFACE_CURVE('',#2137,(#2141,#2148),.PCURVE_S1.);
#2137 = LINE('',#2138,#2139);
#2138 = CARTESIAN_POINT('',(25.865031280446,8.6900001,1.399438273323E-03
    ));
#2139 = VECTOR('',#2140,1.);
#2140 = DIRECTION('',(-0.,-0.,-1.));
#2141 = PCURVE('',#1991,#2142);
#2142 = DEFINITIONAL_REPRESENTATION('',(#2143),#2147);
#2143 = LINE('',#2144,#2145);
#2144 = CARTESIAN_POINT('',(0.,2.108689547953));
#2145 = VECTOR('',#2146,1.);
#2146 = DIRECTION('',(-1.,0.));
#2147 = ( GEOMETRIC_REPRESENTATION_CONTEXT(2) 
PARAMETRIC_REPRESENTATION_CONTEXT() REPRESENTATION_CONTEXT('2D SPACE',''
  ) );
#2148 = PCURVE('',#2149,#2154);
#2149 = CYLINDRICAL_SURFACE('',#2150,4.5);
#2150 = AXIS2_PLACEMENT_3D('',#2151,#2152,#2153);
#2151 = CARTESIAN_POINT('',(27.506341732494,4.5000001,1.399438273323E-03
    ));
#2152 = DIRECTION('',(-0.,-0.,-1.));
#2153 = DIRECTION('',(1.,0.,0.));
#2154 = DEFINITIONAL_REPRESENTATION('',(#2155),#2159);
#2155 = LINE('',#2156,#2157);
#2156 = CARTESIAN_POINT('',(-1.944145212419,0.));
#2157 = VECTOR('',#2158,1.);
#2158 = DIRECTION('',(-0.,1.));
#2159 = ( GEOMETRIC_REPRESENTATION_CONTEXT(2) 
PARAMETRIC_REPRESENTATION_CONTEXT() REPRESENTATION_CONTEXT('2D SPACE',''
  ) );
#2160 = ADVANCED_FACE('',(#2161,#2266,#2380),#2073,.T.);
#2161 = FACE_BOUND('',#2162,.T.);
#2162 = EDGE_LOOP('',(#2163,#2186,#2187,#2188,#2212,#2240));
#2163 = ORIENTED_EDGE('',*,*,#2164,.F.);
#2164 = EDGE_CURVE('',#2032,#2165,#2167,.T.);
#2165 = VERTEX_POINT('',#2166);
#2166 = CARTESIAN_POINT('',(57.606341732494,23.5400001,0.481399438273));
#2167 = SURFACE_CURVE('',#2168,(#2172,#2179),.PCURVE_S1.);
#2168 = LINE('',#2169,#2170);
#2169 = CARTESIAN_POINT('',(23.756341732494,23.5400001,0.481399438273));
#2170 = VECTOR('',#2171,1.);
#2171 = DIRECTION('',(1.,0.,0.));
#2172 = PCURVE('',#2073,#2173);
#2173 = DEFINITIONAL_REPRESENTATION('',(#2174),#2178);
#2174 = LINE('',#2175,#2176);
#2175 = CARTESIAN_POINT('',(0.,14.85));
#2176 = VECTOR('',#2177,1.);
#2177 = DIRECTION('',(1.,0.));
#2178 = ( GEOMETRIC_REPRESENTATION_CONTEXT(2) 
PARAMETRIC_REPRESENTATION_CONTEXT() REPRESENTATION_CONTEXT('2D SPACE',''
  ) );
#2179 = PCURVE('',#2047,#2180);
#2180 = DEFINITIONAL_REPRESENTATION('',(#2181),#2185);
#2181 = LINE('',#2182,#2183);
#2182 = CARTESIAN_POINT('',(0.48,0.));
#2183 = VECTOR('',#2184,1.);
#2184 = DIRECTION('',(0.,1.));
#2185 = ( GEOMETRIC_REPRESENTATION_CONTEXT(2) 
PARAMETRIC_REPRESENTATION_CONTEXT() REPRESENTATION_CONTEXT('2D SPACE',''
  ) );
#2186 = ORIENTED_EDGE('',*,*,#2059,.F.);
#2187 = ORIENTED_EDGE('',*,*,#2112,.T.);
#2188 = ORIENTED_EDGE('',*,*,#2189,.T.);
#2189 = EDGE_CURVE('',#2113,#2190,#2192,.T.);
#2190 = VERTEX_POINT('',#2191);
#2191 = CARTESIAN_POINT('',(29.147652184541,8.6900001,0.481399438273));
#2192 = SURFACE_CURVE('',#2193,(#2198,#2205),.PCURVE_S1.);
#2193 = CIRCLE('',#2194,4.5);
#2194 = AXIS2_PLACEMENT_3D('',#2195,#2196,#2197);
#2195 = CARTESIAN_POINT('',(27.506341732494,4.5000001,0.481399438273));
#2196 = DIRECTION('',(0.,0.,1.));
#2197 = DIRECTION('',(-0.36473565601,0.931111111111,0.));
#2198 = PCURVE('',#2073,#2199);
#2199 = DEFINITIONAL_REPRESENTATION('',(#2200),#2204);
#2200 = CIRCLE('',#2201,4.5);
#2201 = AXIS2_PLACEMENT_2D('',#2202,#2203);
#2202 = CARTESIAN_POINT('',(3.75,-4.19));
#2203 = DIRECTION('',(-0.36473565601,0.931111111111));
#2204 = ( GEOMETRIC_REPRESENTATION_CONTEXT(2) 
PARAMETRIC_REPRESENTATION_CONTEXT() REPRESENTATION_CONTEXT('2D SPACE',''
  ) );
#2205 = PCURVE('',#2149,#2206);
#2206 = DEFINITIONAL_REPRESENTATION('',(#2207),#2211);
#2207 = LINE('',#2208,#2209);
#2208 = CARTESIAN_POINT('',(-1.944145212419,-0.48));
#2209 = VECTOR('',#2210,1.);
#2210 = DIRECTION('',(-1.,0.));
#2211 = ( GEOMETRIC_REPRESENTATION_CONTEXT(2) 
PARAMETRIC_REPRESENTATION_CONTEXT() REPRESENTATION_CONTEXT('2D SPACE',''
  ) );
#2212 = ORIENTED_EDGE('',*,*,#2213,.T.);
#2213 = EDGE_CURVE('',#2190,#2214,#2216,.T.);
#2214 = VERTEX_POINT('',#2215);
#2215 = CARTESIAN_POINT('',(57.606341732494,8.6900001,0.481399438273));
#2216 = SURFACE_CURVE('',#2217,(#2221,#2228),.PCURVE_S1.);
#2217 = LINE('',#2218,#2219);
#2218 = CARTESIAN_POINT('',(23.756341732494,8.6900001,0.481399438273));
#2219 = VECTOR('',#2220,1.);
#2220 = DIRECTION('',(1.,0.,0.));
#2221 = PCURVE('',#2073,#2222);
#2222 = DEFINITIONAL_REPRESENTATION('',(#2223),#2227);
#2223 = LINE('',#2224,#2225);
#2224 = CARTESIAN_POINT('',(0.,0.));
#2225 = VECTOR('',#2226,1.);
#2226 = DIRECTION('',(1.,0.));
#2227 = ( GEOMETRIC_REPRESENTATION_CONTEXT(2) 
PARAMETRIC_REPRESENTATION_CONTEXT() REPRESENTATION_CONTEXT('2D SPACE',''
  ) );
#2228 = PCURVE('',#2229,#2234);
#2229 = PLANE('',#2230);
#2230 = AXIS2_PLACEMENT_3D('',#2231,#2232,#2233);
#2231 = CARTESIAN_POINT('',(23.756341732494,8.6900001,1.399438273323E-03
    ));
#2232 = DIRECTION('',(0.,1.,0.));
#2233 = DIRECTION('',(0.,0.,1.));
#2234 = DEFINITIONAL_REPRESENTATION('',(#2235),#2239);
#2235 = LINE('',#2236,#2237);
#2236 = CARTESIAN_POINT('',(0.48,0.));
#2237 = VECTOR('',#2238,1.);
#2238 = DIRECTION('',(0.,1.));
#2239 = ( GEOMETRIC_REPRESENTATION_CONTEXT(2) 
PARAMETRIC_REPRESENTATION_CONTEXT() REPRESENTATION_CONTEXT('2D SPACE',''
  ) );
#2240 = ORIENTED_EDGE('',*,*,#2241,.T.);
#2241 = EDGE_CURVE('',#2214,#2165,#2242,.T.);
#2242 = SURFACE_CURVE('',#2243,(#2247,#2254),.PCURVE_S1.);
#2243 = LINE('',#2244,#2245);
#2244 = CARTESIAN_POINT('',(57.606341732494,8.6900001,0.481399438273));
#2245 = VECTOR('',#2246,1.);
#2246 = DIRECTION('',(0.,1.,0.));
#2247 = PCURVE('',#2073,#2248);
#2248 = DEFINITIONAL_REPRESENTATION('',(#2249),#2253);
#2249 = LINE('',#2250,#2251);
#2250 = CARTESIAN_POINT('',(33.85,0.));
#2251 = VECTOR('',#2252,1.);
#2252 = DIRECTION('',(0.,1.));
#2253 = ( GEOMETRIC_REPRESENTATION_CONTEXT(2) 
PARAMETRIC_REPRESENTATION_CONTEXT() REPRESENTATION_CONTEXT('2D SPACE',''
  ) );
#2254 = PCURVE('',#2255,#2260);
#2255 = PLANE('',#2256);
#2256 = AXIS2_PLACEMENT_3D('',#2257,#2258,#2259);
#2257 = CARTESIAN_POINT('',(57.606341732494,8.6900001,1.399438273323E-03
    ));
#2258 = DIRECTION('',(1.,0.,0.));
#2259 = DIRECTION('',(0.,0.,1.));
#2260 = DEFINITIONAL_REPRESENTATION('',(#2261),#2265);
#2261 = LINE('',#2262,#2263);
#2262 = CARTESIAN_POINT('',(0.48,0.));
#2263 = VECTOR('',#2264,1.);
#2264 = DIRECTION('',(0.,-1.));
#2265 = ( GEOMETRIC_REPRESENTATION_CONTEXT(2) 
PARAMETRIC_REPRESENTATION_CONTEXT() REPRESENTATION_CONTEXT('2D SPACE',''
  ) );
#2266 = FACE_BOUND('',#2267,.T.);
#2267 = EDGE_LOOP('',(#2268,#2298,#2326,#2354));
#2268 = ORIENTED_EDGE('',*,*,#2269,.T.);
#2269 = EDGE_CURVE('',#2270,#2272,#2274,.T.);
#2270 = VERTEX_POINT('',#2271);
#2271 = CARTESIAN_POINT('',(56.456341732494,9.8400001,0.481399438273));
#2272 = VERTEX_POINT('',#2273);
#2273 = CARTESIAN_POINT('',(24.906341732494,9.8400001,0.481399438273));
#2274 = SURFACE_CURVE('',#2275,(#2279,#2286),.PCURVE_S1.);
#2275 = LINE('',#2276,#2277);
#2276 = CARTESIAN_POINT('',(24.331341732494,9.8400001,0.481399438273));
#2277 = VECTOR('',#2278,1.);
#2278 = DIRECTION('',(-1.,0.,0.));
#2279 = PCURVE('',#2073,#2280);
#2280 = DEFINITIONAL_REPRESENTATION('',(#2281),#2285);
#2281 = LINE('',#2282,#2283);
#2282 = CARTESIAN_POINT('',(0.575,1.15));
#2283 = VECTOR('',#2284,1.);
#2284 = DIRECTION('',(-1.,0.));
#2285 = ( GEOMETRIC_REPRESENTATION_CONTEXT(2) 
PARAMETRIC_REPRESENTATION_CONTEXT() REPRESENTATION_CONTEXT('2D SPACE',''
  ) );
#2286 = PCURVE('',#2287,#2292);
#2287 = PLANE('',#2288);
#2288 = AXIS2_PLACEMENT_3D('',#2289,#2290,#2291);
#2289 = CARTESIAN_POINT('',(24.906341732494,9.8400001,
    -9.860056172668E-02));
#2290 = DIRECTION('',(0.,1.,0.));
#2291 = DIRECTION('',(0.,0.,1.));
#2292 = DEFINITIONAL_REPRESENTATION('',(#2293),#2297);
#2293 = LINE('',#2294,#2295);
#2294 = CARTESIAN_POINT('',(0.58,-0.575));
#2295 = VECTOR('',#2296,1.);
#2296 = DIRECTION('',(0.,-1.));
#2297 = ( GEOMETRIC_REPRESENTATION_CONTEXT(2) 
PARAMETRIC_REPRESENTATION_CONTEXT() REPRESENTATION_CONTEXT('2D SPACE',''
  ) );
#2298 = ORIENTED_EDGE('',*,*,#2299,.T.);
#2299 = EDGE_CURVE('',#2272,#2300,#2302,.T.);
#2300 = VERTEX_POINT('',#2301);
#2301 = CARTESIAN_POINT('',(24.906341732494,22.3900001,0.481399438273));
#2302 = SURFACE_CURVE('',#2303,(#2307,#2314),.PCURVE_S1.);
#2303 = LINE('',#2304,#2305);
#2304 = CARTESIAN_POINT('',(24.906341732494,9.2650001,0.481399438273));
#2305 = VECTOR('',#2306,1.);
#2306 = DIRECTION('',(0.,1.,0.));
#2307 = PCURVE('',#2073,#2308);
#2308 = DEFINITIONAL_REPRESENTATION('',(#2309),#2313);
#2309 = LINE('',#2310,#2311);
#2310 = CARTESIAN_POINT('',(1.15,0.575));
#2311 = VECTOR('',#2312,1.);
#2312 = DIRECTION('',(0.,1.));
#2313 = ( GEOMETRIC_REPRESENTATION_CONTEXT(2) 
PARAMETRIC_REPRESENTATION_CONTEXT() REPRESENTATION_CONTEXT('2D SPACE',''
  ) );
#2314 = PCURVE('',#2315,#2320);
#2315 = PLANE('',#2316);
#2316 = AXIS2_PLACEMENT_3D('',#2317,#2318,#2319);
#2317 = CARTESIAN_POINT('',(24.906341732494,9.8400001,
    -9.860056172668E-02));
#2318 = DIRECTION('',(1.,0.,0.));
#2319 = DIRECTION('',(0.,0.,1.));
#2320 = DEFINITIONAL_REPRESENTATION('',(#2321),#2325);
#2321 = LINE('',#2322,#2323);
#2322 = CARTESIAN_POINT('',(0.58,0.575));
#2323 = VECTOR('',#2324,1.);
#2324 = DIRECTION('',(0.,-1.));
#2325 = ( GEOMETRIC_REPRESENTATION_CONTEXT(2) 
PARAMETRIC_REPRESENTATION_CONTEXT() REPRESENTATION_CONTEXT('2D SPACE',''
  ) );
#2326 = ORIENTED_EDGE('',*,*,#2327,.F.);
#2327 = EDGE_CURVE('',#2328,#2300,#2330,.T.);
#2328 = VERTEX_POINT('',#2329);
#2329 = CARTESIAN_POINT('',(56.456341732494,22.3900001,0.481399438273));
#2330 = SURFACE_CURVE('',#2331,(#2335,#2342),.PCURVE_S1.);
#2331 = LINE('',#2332,#2333);
#2332 = CARTESIAN_POINT('',(24.331341732494,22.3900001,0.481399438273));
#2333 = VECTOR('',#2334,1.);
#2334 = DIRECTION('',(-1.,0.,0.));
#2335 = PCURVE('',#2073,#2336);
#2336 = DEFINITIONAL_REPRESENTATION('',(#2337),#2341);
#2337 = LINE('',#2338,#2339);
#2338 = CARTESIAN_POINT('',(0.575,13.7));
#2339 = VECTOR('',#2340,1.);
#2340 = DIRECTION('',(-1.,0.));
#2341 = ( GEOMETRIC_REPRESENTATION_CONTEXT(2) 
PARAMETRIC_REPRESENTATION_CONTEXT() REPRESENTATION_CONTEXT('2D SPACE',''
  ) );
#2342 = PCURVE('',#2343,#2348);
#2343 = PLANE('',#2344);
#2344 = AXIS2_PLACEMENT_3D('',#2345,#2346,#2347);
#2345 = CARTESIAN_POINT('',(24.906341732494,22.3900001,
    -9.860056172668E-02));
#2346 = DIRECTION('',(0.,1.,0.));
#2347 = DIRECTION('',(0.,0.,1.));
#2348 = DEFINITIONAL_REPRESENTATION('',(#2349),#2353);
#2349 = LINE('',#2350,#2351);
#2350 = CARTESIAN_POINT('',(0.58,-0.575));
#2351 = VECTOR('',#2352,1.);
#2352 = DIRECTION('',(0.,-1.));
#2353 = ( GEOMETRIC_REPRESENTATION_CONTEXT(2) 
PARAMETRIC_REPRESENTATION_CONTEXT() REPRESENTATION_CONTEXT('2D SPACE',''
  ) );
#2354 = ORIENTED_EDGE('',*,*,#2355,.F.);
#2355 = EDGE_CURVE('',#2270,#2328,#2356,.T.);
#2356 = SURFACE_CURVE('',#2357,(#2361,#2368),.PCURVE_S1.);
#2357 = LINE('',#2358,#2359);
#2358 = CARTESIAN_POINT('',(56.456341732494,9.2650001,0.481399438273));
#2359 = VECTOR('',#2360,1.);
#2360 = DIRECTION('',(0.,1.,0.));
#2361 = PCURVE('',#2073,#2362);
#2362 = DEFINITIONAL_REPRESENTATION('',(#2363),#2367);
#2363 = LINE('',#2364,#2365);
#2364 = CARTESIAN_POINT('',(32.7,0.575));
#2365 = VECTOR('',#2366,1.);
#2366 = DIRECTION('',(0.,1.));
#2367 = ( GEOMETRIC_REPRESENTATION_CONTEXT(2) 
PARAMETRIC_REPRESENTATION_CONTEXT() REPRESENTATION_CONTEXT('2D SPACE',''
  ) );
#2368 = PCURVE('',#2369,#2374);
#2369 = PLANE('',#2370);
#2370 = AXIS2_PLACEMENT_3D('',#2371,#2372,#2373);
#2371 = CARTESIAN_POINT('',(56.456341732494,9.8400001,
    -9.860056172668E-02));
#2372 = DIRECTION('',(1.,0.,0.));
#2373 = DIRECTION('',(0.,0.,1.));
#2374 = DEFINITIONAL_REPRESENTATION('',(#2375),#2379);
#2375 = LINE('',#2376,#2377);
#2376 = CARTESIAN_POINT('',(0.58,0.575));
#2377 = VECTOR('',#2378,1.);
#2378 = DIRECTION('',(0.,-1.));
#2379 = ( GEOMETRIC_REPRESENTATION_CONTEXT(2) 
PARAMETRIC_REPRESENTATION_CONTEXT() REPRESENTATION_CONTEXT('2D SPACE',''
  ) );
#2380 = FACE_BOUND('',#2381,.T.);
#2381 = EDGE_LOOP('',(#2382));
#2382 = ORIENTED_EDGE('',*,*,#2383,.F.);
#2383 = EDGE_CURVE('',#2384,#2384,#2386,.T.);
#2384 = VERTEX_POINT('',#2385);
#2385 = CARTESIAN_POINT('',(31.256341732494,4.5000001,0.481399438273));
#2386 = SURFACE_CURVE('',#2387,(#2392,#2399),.PCURVE_S1.);
#2387 = CIRCLE('',#2388,3.75);
#2388 = AXIS2_PLACEMENT_3D('',#2389,#2390,#2391);
#2389 = CARTESIAN_POINT('',(27.506341732494,4.5000001,0.481399438273));
#2390 = DIRECTION('',(0.,0.,1.));
#2391 = DIRECTION('',(1.,0.,0.));
#2392 = PCURVE('',#2073,#2393);
#2393 = DEFINITIONAL_REPRESENTATION('',(#2394),#2398);
#2394 = CIRCLE('',#2395,3.75);
#2395 = AXIS2_PLACEMENT_2D('',#2396,#2397);
#2396 = CARTESIAN_POINT('',(3.75,-4.19));
#2397 = DIRECTION('',(1.,0.));
#2398 = ( GEOMETRIC_REPRESENTATION_CONTEXT(2) 
PARAMETRIC_REPRESENTATION_CONTEXT() REPRESENTATION_CONTEXT('2D SPACE',''
  ) );
#2399 = PCURVE('',#2400,#2405);
#2400 = CYLINDRICAL_SURFACE('',#2401,3.75);
#2401 = AXIS2_PLACEMENT_3D('',#2402,#2403,#2404);
#2402 = CARTESIAN_POINT('',(27.506341732494,4.5000001,1.399438273323E-03
    ));
#2403 = DIRECTION('',(-0.,-0.,-1.));
#2404 = DIRECTION('',(1.,0.,0.));
#2405 = DEFINITIONAL_REPRESENTATION('',(#2406),#2410);
#2406 = LINE('',#2407,#2408);
#2407 = CARTESIAN_POINT('',(-0.,-0.48));
#2408 = VECTOR('',#2409,1.);
#2409 = DIRECTION('',(-1.,0.));
#2410 = ( GEOMETRIC_REPRESENTATION_CONTEXT(2) 
PARAMETRIC_REPRESENTATION_CONTEXT() REPRESENTATION_CONTEXT('2D SPACE',''
  ) );
#2411 = ADVANCED_FACE('',(#2412),#2047,.T.);
#2412 = FACE_BOUND('',#2413,.T.);
#2413 = EDGE_LOOP('',(#2414,#2437,#2438,#2439));
#2414 = ORIENTED_EDGE('',*,*,#2415,.F.);
#2415 = EDGE_CURVE('',#2004,#2416,#2418,.T.);
#2416 = VERTEX_POINT('',#2417);
#2417 = CARTESIAN_POINT('',(57.606341732494,23.5400001,
    1.399438273323E-03));
#2418 = SURFACE_CURVE('',#2419,(#2423,#2430),.PCURVE_S1.);
#2419 = LINE('',#2420,#2421);
#2420 = CARTESIAN_POINT('',(23.756341732494,23.5400001,
    1.399438273323E-03));
#2421 = VECTOR('',#2422,1.);
#2422 = DIRECTION('',(1.,0.,0.));
#2423 = PCURVE('',#2047,#2424);
#2424 = DEFINITIONAL_REPRESENTATION('',(#2425),#2429);
#2425 = LINE('',#2426,#2427);
#2426 = CARTESIAN_POINT('',(0.,0.));
#2427 = VECTOR('',#2428,1.);
#2428 = DIRECTION('',(0.,1.));
#2429 = ( GEOMETRIC_REPRESENTATION_CONTEXT(2) 
PARAMETRIC_REPRESENTATION_CONTEXT() REPRESENTATION_CONTEXT('2D SPACE',''
  ) );
#2430 = PCURVE('',#2019,#2431);
#2431 = DEFINITIONAL_REPRESENTATION('',(#2432),#2436);
#2432 = LINE('',#2433,#2434);
#2433 = CARTESIAN_POINT('',(0.,14.85));
#2434 = VECTOR('',#2435,1.);
#2435 = DIRECTION('',(1.,0.));
#2436 = ( GEOMETRIC_REPRESENTATION_CONTEXT(2) 
PARAMETRIC_REPRESENTATION_CONTEXT() REPRESENTATION_CONTEXT('2D SPACE',''
  ) );
#2437 = ORIENTED_EDGE('',*,*,#2031,.T.);
#2438 = ORIENTED_EDGE('',*,*,#2164,.T.);
#2439 = ORIENTED_EDGE('',*,*,#2440,.F.);
#2440 = EDGE_CURVE('',#2416,#2165,#2441,.T.);
#2441 = SURFACE_CURVE('',#2442,(#2446,#2453),.PCURVE_S1.);
#2442 = LINE('',#2443,#2444);
#2443 = CARTESIAN_POINT('',(57.606341732494,23.5400001,
    1.399438273323E-03));
#2444 = VECTOR('',#2445,1.);
#2445 = DIRECTION('',(0.,0.,1.));
#2446 = PCURVE('',#2047,#2447);
#2447 = DEFINITIONAL_REPRESENTATION('',(#2448),#2452);
#2448 = LINE('',#2449,#2450);
#2449 = CARTESIAN_POINT('',(0.,33.85));
#2450 = VECTOR('',#2451,1.);
#2451 = DIRECTION('',(1.,0.));
#2452 = ( GEOMETRIC_REPRESENTATION_CONTEXT(2) 
PARAMETRIC_REPRESENTATION_CONTEXT() REPRESENTATION_CONTEXT('2D SPACE',''
  ) );
#2453 = PCURVE('',#2255,#2454);
#2454 = DEFINITIONAL_REPRESENTATION('',(#2455),#2459);
#2455 = LINE('',#2456,#2457);
#2456 = CARTESIAN_POINT('',(0.,-14.85));
#2457 = VECTOR('',#2458,1.);
#2458 = DIRECTION('',(1.,0.));
#2459 = ( GEOMETRIC_REPRESENTATION_CONTEXT(2) 
PARAMETRIC_REPRESENTATION_CONTEXT() REPRESENTATION_CONTEXT('2D SPACE',''
  ) );
#2460 = ADVANCED_FACE('',(#2461,#2538,#2632),#2019,.F.);
#2461 = FACE_BOUND('',#2462,.F.);
#2462 = EDGE_LOOP('',(#2463,#2464,#2465,#2466,#2494,#2517));
#2463 = ORIENTED_EDGE('',*,*,#2415,.F.);
#2464 = ORIENTED_EDGE('',*,*,#2003,.F.);
#2465 = ORIENTED_EDGE('',*,*,#2088,.T.);
#2466 = ORIENTED_EDGE('',*,*,#2467,.F.);
#2467 = EDGE_CURVE('',#2468,#2089,#2470,.T.);
#2468 = VERTEX_POINT('',#2469);
#2469 = CARTESIAN_POINT('',(29.147652184541,8.6900001,1.399438273323E-03
    ));
#2470 = SURFACE_CURVE('',#2471,(#2476,#2487),.PCURVE_S1.);
#2471 = CIRCLE('',#2472,4.5);
#2472 = AXIS2_PLACEMENT_3D('',#2473,#2474,#2475);
#2473 = CARTESIAN_POINT('',(27.506341732494,4.5000001,1.399438273323E-03
    ));
#2474 = DIRECTION('',(0.,0.,-1.));
#2475 = DIRECTION('',(0.36473565601,0.931111111111,0.));
#2476 = PCURVE('',#2019,#2477);
#2477 = DEFINITIONAL_REPRESENTATION('',(#2478),#2486);
#2478 = ( BOUNDED_CURVE() B_SPLINE_CURVE(2,(#2479,#2480,#2481,#2482,
#2483,#2484,#2485),.UNSPECIFIED.,.T.,.F.) B_SPLINE_CURVE_WITH_KNOTS((1,2
    ,2,2,2,1),(-2.094395102393,0.,2.094395102393,4.188790204786,
6.28318530718,8.377580409573),.UNSPECIFIED.) CURVE() 
GEOMETRIC_REPRESENTATION_ITEM() RATIONAL_B_SPLINE_CURVE((1.,0.5,1.,0.5,
1.,0.5,1.)) REPRESENTATION_ITEM('') );
#2479 = CARTESIAN_POINT('',(5.391310452047,9.769962616701E-14));
#2480 = CARTESIAN_POINT('',(12.648603335761,-2.842833093939));
#2481 = CARTESIAN_POINT('',(6.557991215833,-7.70641654697));
#2482 = CARTESIAN_POINT('',(0.467379095906,-12.57));
#2483 = CARTESIAN_POINT('',(-0.69930166788,-4.86358345303));
#2484 = CARTESIAN_POINT('',(-1.865982431667,2.84283309394));
#2485 = CARTESIAN_POINT('',(5.391310452047,9.769962616701E-14));
#2486 = ( GEOMETRIC_REPRESENTATION_CONTEXT(2) 
PARAMETRIC_REPRESENTATION_CONTEXT() REPRESENTATION_CONTEXT('2D SPACE',''
  ) );
#2487 = PCURVE('',#2149,#2488);
#2488 = DEFINITIONAL_REPRESENTATION('',(#2489),#2493);
#2489 = LINE('',#2490,#2491);
#2490 = CARTESIAN_POINT('',(-7.480632748351,0.));
#2491 = VECTOR('',#2492,1.);
#2492 = DIRECTION('',(1.,-0.));
#2493 = ( GEOMETRIC_REPRESENTATION_CONTEXT(2) 
PARAMETRIC_REPRESENTATION_CONTEXT() REPRESENTATION_CONTEXT('2D SPACE',''
  ) );
#2494 = ORIENTED_EDGE('',*,*,#2495,.T.);
#2495 = EDGE_CURVE('',#2468,#2496,#2498,.T.);
#2496 = VERTEX_POINT('',#2497);
#2497 = CARTESIAN_POINT('',(57.606341732494,8.6900001,1.399438273323E-03
    ));
#2498 = SURFACE_CURVE('',#2499,(#2503,#2510),.PCURVE_S1.);
#2499 = LINE('',#2500,#2501);
#2500 = CARTESIAN_POINT('',(23.756341732494,8.6900001,1.399438273323E-03
    ));
#2501 = VECTOR('',#2502,1.);
#2502 = DIRECTION('',(1.,0.,0.));
#2503 = PCURVE('',#2019,#2504);
#2504 = DEFINITIONAL_REPRESENTATION('',(#2505),#2509);
#2505 = LINE('',#2506,#2507);
#2506 = CARTESIAN_POINT('',(0.,0.));
#2507 = VECTOR('',#2508,1.);
#2508 = DIRECTION('',(1.,0.));
#2509 = ( GEOMETRIC_REPRESENTATION_CONTEXT(2) 
PARAMETRIC_REPRESENTATION_CONTEXT() REPRESENTATION_CONTEXT('2D SPACE',''
  ) );
#2510 = PCURVE('',#2229,#2511);
#2511 = DEFINITIONAL_REPRESENTATION('',(#2512),#2516);
#2512 = LINE('',#2513,#2514);
#2513 = CARTESIAN_POINT('',(0.,0.));
#2514 = VECTOR('',#2515,1.);
#2515 = DIRECTION('',(0.,1.));
#2516 = ( GEOMETRIC_REPRESENTATION_CONTEXT(2) 
PARAMETRIC_REPRESENTATION_CONTEXT() REPRESENTATION_CONTEXT('2D SPACE',''
  ) );
#2517 = ORIENTED_EDGE('',*,*,#2518,.T.);
#2518 = EDGE_CURVE('',#2496,#2416,#2519,.T.);
#2519 = SURFACE_CURVE('',#2520,(#2524,#2531),.PCURVE_S1.);
#2520 = LINE('',#2521,#2522);
#2521 = CARTESIAN_POINT('',(57.606341732494,8.6900001,1.399438273323E-03
    ));
#2522 = VECTOR('',#2523,1.);
#2523 = DIRECTION('',(0.,1.,0.));
#2524 = PCURVE('',#2019,#2525);
#2525 = DEFINITIONAL_REPRESENTATION('',(#2526),#2530);
#2526 = LINE('',#2527,#2528);
#2527 = CARTESIAN_POINT('',(33.85,0.));
#2528 = VECTOR('',#2529,1.);
#2529 = DIRECTION('',(0.,1.));
#2530 = ( GEOMETRIC_REPRESENTATION_CONTEXT(2) 
PARAMETRIC_REPRESENTATION_CONTEXT() REPRESENTATION_CONTEXT('2D SPACE',''
  ) );
#2531 = PCURVE('',#2255,#2532);
#2532 = DEFINITIONAL_REPRESENTATION('',(#2533),#2537);
#2533 = LINE('',#2534,#2535);
#2534 = CARTESIAN_POINT('',(0.,0.));
#2535 = VECTOR('',#2536,1.);
#2536 = DIRECTION('',(0.,-1.));
#2537 = ( GEOMETRIC_REPRESENTATION_CONTEXT(2) 
PARAMETRIC_REPRESENTATION_CONTEXT() REPRESENTATION_CONTEXT('2D SPACE',''
  ) );
#2538 = FACE_BOUND('',#2539,.F.);
#2539 = EDGE_LOOP('',(#2540,#2565,#2588,#2611));
#2540 = ORIENTED_EDGE('',*,*,#2541,.T.);
#2541 = EDGE_CURVE('',#2542,#2544,#2546,.T.);
#2542 = VERTEX_POINT('',#2543);
#2543 = CARTESIAN_POINT('',(56.456341732494,9.8400001,1.399438273323E-03
    ));
#2544 = VERTEX_POINT('',#2545);
#2545 = CARTESIAN_POINT('',(24.906341732494,9.8400001,1.399438273323E-03
    ));
#2546 = SURFACE_CURVE('',#2547,(#2551,#2558),.PCURVE_S1.);
#2547 = LINE('',#2548,#2549);
#2548 = CARTESIAN_POINT('',(24.331341732494,9.8400001,1.399438273323E-03
    ));
#2549 = VECTOR('',#2550,1.);
#2550 = DIRECTION('',(-1.,0.,0.));
#2551 = PCURVE('',#2019,#2552);
#2552 = DEFINITIONAL_REPRESENTATION('',(#2553),#2557);
#2553 = LINE('',#2554,#2555);
#2554 = CARTESIAN_POINT('',(0.575,1.15));
#2555 = VECTOR('',#2556,1.);
#2556 = DIRECTION('',(-1.,0.));
#2557 = ( GEOMETRIC_REPRESENTATION_CONTEXT(2) 
PARAMETRIC_REPRESENTATION_CONTEXT() REPRESENTATION_CONTEXT('2D SPACE',''
  ) );
#2558 = PCURVE('',#2287,#2559);
#2559 = DEFINITIONAL_REPRESENTATION('',(#2560),#2564);
#2560 = LINE('',#2561,#2562);
#2561 = CARTESIAN_POINT('',(1.E-01,-0.575));
#2562 = VECTOR('',#2563,1.);
#2563 = DIRECTION('',(0.,-1.));
#2564 = ( GEOMETRIC_REPRESENTATION_CONTEXT(2) 
PARAMETRIC_REPRESENTATION_CONTEXT() REPRESENTATION_CONTEXT('2D SPACE',''
  ) );
#2565 = ORIENTED_EDGE('',*,*,#2566,.T.);
#2566 = EDGE_CURVE('',#2544,#2567,#2569,.T.);
#2567 = VERTEX_POINT('',#2568);
#2568 = CARTESIAN_POINT('',(24.906341732494,22.3900001,
    1.399438273323E-03));
#2569 = SURFACE_CURVE('',#2570,(#2574,#2581),.PCURVE_S1.);
#2570 = LINE('',#2571,#2572);
#2571 = CARTESIAN_POINT('',(24.906341732494,9.2650001,1.399438273323E-03
    ));
#2572 = VECTOR('',#2573,1.);
#2573 = DIRECTION('',(0.,1.,0.));
#2574 = PCURVE('',#2019,#2575);
#2575 = DEFINITIONAL_REPRESENTATION('',(#2576),#2580);
#2576 = LINE('',#2577,#2578);
#2577 = CARTESIAN_POINT('',(1.15,0.575));
#2578 = VECTOR('',#2579,1.);
#2579 = DIRECTION('',(0.,1.));
#2580 = ( GEOMETRIC_REPRESENTATION_CONTEXT(2) 
PARAMETRIC_REPRESENTATION_CONTEXT() REPRESENTATION_CONTEXT('2D SPACE',''
  ) );
#2581 = PCURVE('',#2315,#2582);
#2582 = DEFINITIONAL_REPRESENTATION('',(#2583),#2587);
#2583 = LINE('',#2584,#2585);
#2584 = CARTESIAN_POINT('',(1.E-01,0.575));
#2585 = VECTOR('',#2586,1.);
#2586 = DIRECTION('',(0.,-1.));
#2587 = ( GEOMETRIC_REPRESENTATION_CONTEXT(2) 
PARAMETRIC_REPRESENTATION_CONTEXT() REPRESENTATION_CONTEXT('2D SPACE',''
  ) );
#2588 = ORIENTED_EDGE('',*,*,#2589,.F.);
#2589 = EDGE_CURVE('',#2590,#2567,#2592,.T.);
#2590 = VERTEX_POINT('',#2591);
#2591 = CARTESIAN_POINT('',(56.456341732494,22.3900001,
    1.399438273323E-03));
#2592 = SURFACE_CURVE('',#2593,(#2597,#2604),.PCURVE_S1.);
#2593 = LINE('',#2594,#2595);
#2594 = CARTESIAN_POINT('',(24.331341732494,22.3900001,
    1.399438273323E-03));
#2595 = VECTOR('',#2596,1.);
#2596 = DIRECTION('',(-1.,0.,0.));
#2597 = PCURVE('',#2019,#2598);
#2598 = DEFINITIONAL_REPRESENTATION('',(#2599),#2603);
#2599 = LINE('',#2600,#2601);
#2600 = CARTESIAN_POINT('',(0.575,13.7));
#2601 = VECTOR('',#2602,1.);
#2602 = DIRECTION('',(-1.,0.));
#2603 = ( GEOMETRIC_REPRESENTATION_CONTEXT(2) 
PARAMETRIC_REPRESENTATION_CONTEXT() REPRESENTATION_CONTEXT('2D SPACE',''
  ) );
#2604 = PCURVE('',#2343,#2605);
#2605 = DEFINITIONAL_REPRESENTATION('',(#2606),#2610);
#2606 = LINE('',#2607,#2608);
#2607 = CARTESIAN_POINT('',(1.E-01,-0.575));
#2608 = VECTOR('',#2609,1.);
#2609 = DIRECTION('',(0.,-1.));
#2610 = ( GEOMETRIC_REPRESENTATION_CONTEXT(2) 
PARAMETRIC_REPRESENTATION_CONTEXT() REPRESENTATION_CONTEXT('2D SPACE',''
  ) );
#2611 = ORIENTED_EDGE('',*,*,#2612,.F.);
#2612 = EDGE_CURVE('',#2542,#2590,#2613,.T.);
#2613 = SURFACE_CURVE('',#2614,(#2618,#2625),.PCURVE_S1.);
#2614 = LINE('',#2615,#2616);
#2615 = CARTESIAN_POINT('',(56.456341732494,9.2650001,1.399438273323E-03
    ));
#2616 = VECTOR('',#2617,1.);
#2617 = DIRECTION('',(0.,1.,0.));
#2618 = PCURVE('',#2019,#2619);
#2619 = DEFINITIONAL_REPRESENTATION('',(#2620),#2624);
#2620 = LINE('',#2621,#2622);
#2621 = CARTESIAN_POINT('',(32.7,0.575));
#2622 = VECTOR('',#2623,1.);
#2623 = DIRECTION('',(0.,1.));
#2624 = ( GEOMETRIC_REPRESENTATION_CONTEXT(2) 
PARAMETRIC_REPRESENTATION_CONTEXT() REPRESENTATION_CONTEXT('2D SPACE',''
  ) );
#2625 = PCURVE('',#2369,#2626);
#2626 = DEFINITIONAL_REPRESENTATION('',(#2627),#2631);
#2627 = LINE('',#2628,#2629);
#2628 = CARTESIAN_POINT('',(1.E-01,0.575));
#2629 = VECTOR('',#2630,1.);
#2630 = DIRECTION('',(0.,-1.));
#2631 = ( GEOMETRIC_REPRESENTATION_CONTEXT(2) 
PARAMETRIC_REPRESENTATION_CONTEXT() REPRESENTATION_CONTEXT('2D SPACE',''
  ) );
#2632 = FACE_BOUND('',#2633,.F.);
#2633 = EDGE_LOOP('',(#2634));
#2634 = ORIENTED_EDGE('',*,*,#2635,.F.);
#2635 = EDGE_CURVE('',#2636,#2636,#2638,.T.);
#2636 = VERTEX_POINT('',#2637);
#2637 = CARTESIAN_POINT('',(31.256341732494,4.5000001,1.399438273323E-03
    ));
#2638 = SURFACE_CURVE('',#2639,(#2644,#2651),.PCURVE_S1.);
#2639 = CIRCLE('',#2640,3.75);
#2640 = AXIS2_PLACEMENT_3D('',#2641,#2642,#2643);
#2641 = CARTESIAN_POINT('',(27.506341732494,4.5000001,1.399438273323E-03
    ));
#2642 = DIRECTION('',(0.,0.,1.));
#2643 = DIRECTION('',(1.,0.,0.));
#2644 = PCURVE('',#2019,#2645);
#2645 = DEFINITIONAL_REPRESENTATION('',(#2646),#2650);
#2646 = CIRCLE('',#2647,3.75);
#2647 = AXIS2_PLACEMENT_2D('',#2648,#2649);
#2648 = CARTESIAN_POINT('',(3.75,-4.19));
#2649 = DIRECTION('',(1.,0.));
#2650 = ( GEOMETRIC_REPRESENTATION_CONTEXT(2) 
PARAMETRIC_REPRESENTATION_CONTEXT() REPRESENTATION_CONTEXT('2D SPACE',''
  ) );
#2651 = PCURVE('',#2400,#2652);
#2652 = DEFINITIONAL_REPRESENTATION('',(#2653),#2657);
#2653 = LINE('',#2654,#2655);
#2654 = CARTESIAN_POINT('',(-0.,0.));
#2655 = VECTOR('',#2656,1.);
#2656 = DIRECTION('',(-1.,0.));
#2657 = ( GEOMETRIC_REPRESENTATION_CONTEXT(2) 
PARAMETRIC_REPRESENTATION_CONTEXT() REPRESENTATION_CONTEXT('2D SPACE',''
  ) );
#2658 = ADVANCED_FACE('',(#2659),#2149,.T.);
#2659 = FACE_BOUND('',#2660,.F.);
#2660 = EDGE_LOOP('',(#2661,#2662,#2683,#2684));
#2661 = ORIENTED_EDGE('',*,*,#2189,.T.);
#2662 = ORIENTED_EDGE('',*,*,#2663,.T.);
#2663 = EDGE_CURVE('',#2190,#2468,#2664,.T.);
#2664 = SURFACE_CURVE('',#2665,(#2669,#2676),.PCURVE_S1.);
#2665 = LINE('',#2666,#2667);
#2666 = CARTESIAN_POINT('',(29.147652184541,8.6900001,1.399438273323E-03
    ));
#2667 = VECTOR('',#2668,1.);
#2668 = DIRECTION('',(-0.,-0.,-1.));
#2669 = PCURVE('',#2149,#2670);
#2670 = DEFINITIONAL_REPRESENTATION('',(#2671),#2675);
#2671 = LINE('',#2672,#2673);
#2672 = CARTESIAN_POINT('',(-7.48063274835,0.));
#2673 = VECTOR('',#2674,1.);
#2674 = DIRECTION('',(-0.,1.));
#2675 = ( GEOMETRIC_REPRESENTATION_CONTEXT(2) 
PARAMETRIC_REPRESENTATION_CONTEXT() REPRESENTATION_CONTEXT('2D SPACE',''
  ) );
#2676 = PCURVE('',#2229,#2677);
#2677 = DEFINITIONAL_REPRESENTATION('',(#2678),#2682);
#2678 = LINE('',#2679,#2680);
#2679 = CARTESIAN_POINT('',(0.,5.391310452047));
#2680 = VECTOR('',#2681,1.);
#2681 = DIRECTION('',(-1.,0.));
#2682 = ( GEOMETRIC_REPRESENTATION_CONTEXT(2) 
PARAMETRIC_REPRESENTATION_CONTEXT() REPRESENTATION_CONTEXT('2D SPACE',''
  ) );
#2683 = ORIENTED_EDGE('',*,*,#2467,.T.);
#2684 = ORIENTED_EDGE('',*,*,#2135,.F.);
#2685 = ADVANCED_FACE('',(#2686),#2255,.T.);
#2686 = FACE_BOUND('',#2687,.T.);
#2687 = EDGE_LOOP('',(#2688,#2709,#2710,#2711));
#2688 = ORIENTED_EDGE('',*,*,#2689,.F.);
#2689 = EDGE_CURVE('',#2496,#2214,#2690,.T.);
#2690 = SURFACE_CURVE('',#2691,(#2695,#2702),.PCURVE_S1.);
#2691 = LINE('',#2692,#2693);
#2692 = CARTESIAN_POINT('',(57.606341732494,8.6900001,1.399438273323E-03
    ));
#2693 = VECTOR('',#2694,1.);
#2694 = DIRECTION('',(0.,0.,1.));
#2695 = PCURVE('',#2255,#2696);
#2696 = DEFINITIONAL_REPRESENTATION('',(#2697),#2701);
#2697 = LINE('',#2698,#2699);
#2698 = CARTESIAN_POINT('',(0.,0.));
#2699 = VECTOR('',#2700,1.);
#2700 = DIRECTION('',(1.,0.));
#2701 = ( GEOMETRIC_REPRESENTATION_CONTEXT(2) 
PARAMETRIC_REPRESENTATION_CONTEXT() REPRESENTATION_CONTEXT('2D SPACE',''
  ) );
#2702 = PCURVE('',#2229,#2703);
#2703 = DEFINITIONAL_REPRESENTATION('',(#2704),#2708);
#2704 = LINE('',#2705,#2706);
#2705 = CARTESIAN_POINT('',(0.,33.85));
#2706 = VECTOR('',#2707,1.);
#2707 = DIRECTION('',(1.,0.));
#2708 = ( GEOMETRIC_REPRESENTATION_CONTEXT(2) 
PARAMETRIC_REPRESENTATION_CONTEXT() REPRESENTATION_CONTEXT('2D SPACE',''
  ) );
#2709 = ORIENTED_EDGE('',*,*,#2518,.T.);
#2710 = ORIENTED_EDGE('',*,*,#2440,.T.);
#2711 = ORIENTED_EDGE('',*,*,#2241,.F.);
#2712 = ADVANCED_FACE('',(#2713),#2229,.F.);
#2713 = FACE_BOUND('',#2714,.F.);
#2714 = EDGE_LOOP('',(#2715,#2716,#2717,#2718));
#2715 = ORIENTED_EDGE('',*,*,#2495,.F.);
#2716 = ORIENTED_EDGE('',*,*,#2663,.F.);
#2717 = ORIENTED_EDGE('',*,*,#2213,.T.);
#2718 = ORIENTED_EDGE('',*,*,#2689,.F.);
#2719 = ADVANCED_FACE('',(#2720),#2287,.T.);
#2720 = FACE_BOUND('',#2721,.T.);
#2721 = EDGE_LOOP('',(#2722,#2743,#2744,#2765));
#2722 = ORIENTED_EDGE('',*,*,#2723,.F.);
#2723 = EDGE_CURVE('',#2542,#2270,#2724,.T.);
#2724 = SURFACE_CURVE('',#2725,(#2729,#2736),.PCURVE_S1.);
#2725 = LINE('',#2726,#2727);
#2726 = CARTESIAN_POINT('',(56.456341732494,9.8400001,
    -9.860056172668E-02));
#2727 = VECTOR('',#2728,1.);
#2728 = DIRECTION('',(0.,0.,1.));
#2729 = PCURVE('',#2287,#2730);
#2730 = DEFINITIONAL_REPRESENTATION('',(#2731),#2735);
#2731 = LINE('',#2732,#2733);
#2732 = CARTESIAN_POINT('',(0.,31.55));
#2733 = VECTOR('',#2734,1.);
#2734 = DIRECTION('',(1.,0.));
#2735 = ( GEOMETRIC_REPRESENTATION_CONTEXT(2) 
PARAMETRIC_REPRESENTATION_CONTEXT() REPRESENTATION_CONTEXT('2D SPACE',''
  ) );
#2736 = PCURVE('',#2369,#2737);
#2737 = DEFINITIONAL_REPRESENTATION('',(#2738),#2742);
#2738 = LINE('',#2739,#2740);
#2739 = CARTESIAN_POINT('',(0.,0.));
#2740 = VECTOR('',#2741,1.);
#2741 = DIRECTION('',(1.,0.));
#2742 = ( GEOMETRIC_REPRESENTATION_CONTEXT(2) 
PARAMETRIC_REPRESENTATION_CONTEXT() REPRESENTATION_CONTEXT('2D SPACE',''
  ) );
#2743 = ORIENTED_EDGE('',*,*,#2541,.T.);
#2744 = ORIENTED_EDGE('',*,*,#2745,.T.);
#2745 = EDGE_CURVE('',#2544,#2272,#2746,.T.);
#2746 = SURFACE_CURVE('',#2747,(#2751,#2758),.PCURVE_S1.);
#2747 = LINE('',#2748,#2749);
#2748 = CARTESIAN_POINT('',(24.906341732494,9.8400001,
    -9.860056172668E-02));
#2749 = VECTOR('',#2750,1.);
#2750 = DIRECTION('',(0.,0.,1.));
#2751 = PCURVE('',#2287,#2752);
#2752 = DEFINITIONAL_REPRESENTATION('',(#2753),#2757);
#2753 = LINE('',#2754,#2755);
#2754 = CARTESIAN_POINT('',(0.,0.));
#2755 = VECTOR('',#2756,1.);
#2756 = DIRECTION('',(1.,0.));
#2757 = ( GEOMETRIC_REPRESENTATION_CONTEXT(2) 
PARAMETRIC_REPRESENTATION_CONTEXT() REPRESENTATION_CONTEXT('2D SPACE',''
  ) );
#2758 = PCURVE('',#2315,#2759);
#2759 = DEFINITIONAL_REPRESENTATION('',(#2760),#2764);
#2760 = LINE('',#2761,#2762);
#2761 = CARTESIAN_POINT('',(0.,0.));
#2762 = VECTOR('',#2763,1.);
#2763 = DIRECTION('',(1.,0.));
#2764 = ( GEOMETRIC_REPRESENTATION_CONTEXT(2) 
PARAMETRIC_REPRESENTATION_CONTEXT() REPRESENTATION_CONTEXT('2D SPACE',''
  ) );
#2765 = ORIENTED_EDGE('',*,*,#2269,.F.);
#2766 = ADVANCED_FACE('',(#2767),#2369,.F.);
#2767 = FACE_BOUND('',#2768,.F.);
#2768 = EDGE_LOOP('',(#2769,#2770,#2771,#2792));
#2769 = ORIENTED_EDGE('',*,*,#2723,.F.);
#2770 = ORIENTED_EDGE('',*,*,#2612,.T.);
#2771 = ORIENTED_EDGE('',*,*,#2772,.T.);
#2772 = EDGE_CURVE('',#2590,#2328,#2773,.T.);
#2773 = SURFACE_CURVE('',#2774,(#2778,#2785),.PCURVE_S1.);
#2774 = LINE('',#2775,#2776);
#2775 = CARTESIAN_POINT('',(56.456341732494,22.3900001,
    -9.860056172668E-02));
#2776 = VECTOR('',#2777,1.);
#2777 = DIRECTION('',(0.,0.,1.));
#2778 = PCURVE('',#2369,#2779);
#2779 = DEFINITIONAL_REPRESENTATION('',(#2780),#2784);
#2780 = LINE('',#2781,#2782);
#2781 = CARTESIAN_POINT('',(0.,-12.55));
#2782 = VECTOR('',#2783,1.);
#2783 = DIRECTION('',(1.,0.));
#2784 = ( GEOMETRIC_REPRESENTATION_CONTEXT(2) 
PARAMETRIC_REPRESENTATION_CONTEXT() REPRESENTATION_CONTEXT('2D SPACE',''
  ) );
#2785 = PCURVE('',#2343,#2786);
#2786 = DEFINITIONAL_REPRESENTATION('',(#2787),#2791);
#2787 = LINE('',#2788,#2789);
#2788 = CARTESIAN_POINT('',(0.,31.55));
#2789 = VECTOR('',#2790,1.);
#2790 = DIRECTION('',(1.,0.));
#2791 = ( GEOMETRIC_REPRESENTATION_CONTEXT(2) 
PARAMETRIC_REPRESENTATION_CONTEXT() REPRESENTATION_CONTEXT('2D SPACE',''
  ) );
#2792 = ORIENTED_EDGE('',*,*,#2355,.F.);
#2793 = ADVANCED_FACE('',(#2794),#2315,.T.);
#2794 = FACE_BOUND('',#2795,.T.);
#2795 = EDGE_LOOP('',(#2796,#2797,#2798,#2819));
#2796 = ORIENTED_EDGE('',*,*,#2745,.F.);
#2797 = ORIENTED_EDGE('',*,*,#2566,.T.);
#2798 = ORIENTED_EDGE('',*,*,#2799,.T.);
#2799 = EDGE_CURVE('',#2567,#2300,#2800,.T.);
#2800 = SURFACE_CURVE('',#2801,(#2805,#2812),.PCURVE_S1.);
#2801 = LINE('',#2802,#2803);
#2802 = CARTESIAN_POINT('',(24.906341732494,22.3900001,
    -9.860056172668E-02));
#2803 = VECTOR('',#2804,1.);
#2804 = DIRECTION('',(0.,0.,1.));
#2805 = PCURVE('',#2315,#2806);
#2806 = DEFINITIONAL_REPRESENTATION('',(#2807),#2811);
#2807 = LINE('',#2808,#2809);
#2808 = CARTESIAN_POINT('',(0.,-12.55));
#2809 = VECTOR('',#2810,1.);
#2810 = DIRECTION('',(1.,0.));
#2811 = ( GEOMETRIC_REPRESENTATION_CONTEXT(2) 
PARAMETRIC_REPRESENTATION_CONTEXT() REPRESENTATION_CONTEXT('2D SPACE',''
  ) );
#2812 = PCURVE('',#2343,#2813);
#2813 = DEFINITIONAL_REPRESENTATION('',(#2814),#2818);
#2814 = LINE('',#2815,#2816);
#2815 = CARTESIAN_POINT('',(0.,0.));
#2816 = VECTOR('',#2817,1.);
#2817 = DIRECTION('',(1.,0.));
#2818 = ( GEOMETRIC_REPRESENTATION_CONTEXT(2) 
PARAMETRIC_REPRESENTATION_CONTEXT() REPRESENTATION_CONTEXT('2D SPACE',''
  ) );
#2819 = ORIENTED_EDGE('',*,*,#2299,.F.);
#2820 = ADVANCED_FACE('',(#2821),#2343,.F.);
#2821 = FACE_BOUND('',#2822,.F.);
#2822 = EDGE_LOOP('',(#2823,#2824,#2825,#2826));
#2823 = ORIENTED_EDGE('',*,*,#2772,.F.);
#2824 = ORIENTED_EDGE('',*,*,#2589,.T.);
#2825 = ORIENTED_EDGE('',*,*,#2799,.T.);
#2826 = ORIENTED_EDGE('',*,*,#2327,.F.);
#2827 = ADVANCED_FACE('',(#2828),#2400,.F.);
#2828 = FACE_BOUND('',#2829,.T.);
#2829 = EDGE_LOOP('',(#2830,#2851,#2852,#2853));
#2830 = ORIENTED_EDGE('',*,*,#2831,.T.);
#2831 = EDGE_CURVE('',#2636,#2384,#2832,.T.);
#2832 = SEAM_CURVE('',#2833,(#2837,#2844),.PCURVE_S1.);
#2833 = LINE('',#2834,#2835);
#2834 = CARTESIAN_POINT('',(31.256341732494,4.5000001,1.399438273323E-03
    ));
#2835 = VECTOR('',#2836,1.);
#2836 = DIRECTION('',(0.,0.,1.));
#2837 = PCURVE('',#2400,#2838);
#2838 = DEFINITIONAL_REPRESENTATION('',(#2839),#2843);
#2839 = LINE('',#2840,#2841);
#2840 = CARTESIAN_POINT('',(-0.,0.));
#2841 = VECTOR('',#2842,1.);
#2842 = DIRECTION('',(-0.,-1.));
#2843 = ( GEOMETRIC_REPRESENTATION_CONTEXT(2) 
PARAMETRIC_REPRESENTATION_CONTEXT() REPRESENTATION_CONTEXT('2D SPACE',''
  ) );
#2844 = PCURVE('',#2400,#2845);
#2845 = DEFINITIONAL_REPRESENTATION('',(#2846),#2850);
#2846 = LINE('',#2847,#2848);
#2847 = CARTESIAN_POINT('',(-6.28318530718,0.));
#2848 = VECTOR('',#2849,1.);
#2849 = DIRECTION('',(-0.,-1.));
#2850 = ( GEOMETRIC_REPRESENTATION_CONTEXT(2) 
PARAMETRIC_REPRESENTATION_CONTEXT() REPRESENTATION_CONTEXT('2D SPACE',''
  ) );
#2851 = ORIENTED_EDGE('',*,*,#2383,.T.);
#2852 = ORIENTED_EDGE('',*,*,#2831,.F.);
#2853 = ORIENTED_EDGE('',*,*,#2635,.F.);
#2854 = ( GEOMETRIC_REPRESENTATION_CONTEXT(3) 
GLOBAL_UNCERTAINTY_ASSIGNED_CONTEXT((#2858)) 
GLOBAL_UNIT_ASSIGNED_CONTEXT((#2855,#2856,#2857)) REPRESENTATION_CONTEXT
('Context #1','3D Context with UNIT and UNCERTAINTY') );
#2855 = ( LENGTH_UNIT() NAMED_UNIT(*) SI_UNIT(.MILLI.,.METRE.) );
#2856 = ( NAMED_UNIT(*) PLANE_ANGLE_UNIT() SI_UNIT($,.RADIAN.) );
#2857 = ( NAMED_UNIT(*) SI_UNIT($,.STERADIAN.) SOLID_ANGLE_UNIT() );
#2858 = UNCERTAINTY_MEASURE_WITH_UNIT(LENGTH_MEASURE(1.E-07),#2855,
  'distance_accuracy_value','confusion accuracy');
#2859 = CONTEXT_DEPENDENT_SHAPE_REPRESENTATION(#2860,#2862);
#2860 = ( REPRESENTATION_RELATIONSHIP('','',#1961,#10) 
REPRESENTATION_RELATIONSHIP_WITH_TRANSFORMATION(#2861) 
SHAPE_REPRESENTATION_RELATIONSHIP() );
#2861 = ITEM_DEFINED_TRANSFORMATION('','',#11,#19);
#2862 = PRODUCT_DEFINITION_SHAPE('Placement','Placement of an item',
  #2863);
#2863 = NEXT_ASSEMBLY_USAGE_OCCURRENCE('252','','',#5,#1956,$);
#2864 = PRODUCT_RELATED_PRODUCT_CATEGORY('part',$,(#1958));
#2865 = SHAPE_DEFINITION_REPRESENTATION(#2866,#2872);
#2866 = PRODUCT_DEFINITION_SHAPE('','',#2867);
#2867 = PRODUCT_DEFINITION('design','',#2868,#2871);
#2868 = PRODUCT_DEFINITION_FORMATION('','',#2869);
#2869 = PRODUCT('Open CASCADE STEP translator 7.8 2.3',
  'Open CASCADE STEP translator 7.8 2.3','',(#2870));
#2870 = PRODUCT_CONTEXT('',#2,'mechanical');
#2871 = PRODUCT_DEFINITION_CONTEXT('part definition',#2,'design');
#2872 = ADVANCED_BREP_SHAPE_REPRESENTATION('',(#11,#2873),#3519);
#2873 = MANIFOLD_SOLID_BREP('',#2874);
#2874 = CLOSED_SHELL('',(#2875,#2995,#3071,#3234,#3283,#3404,#3411,#3458
    ,#3485,#3512));
#2875 = ADVANCED_FACE('',(#2876),#2890,.F.);
#2876 = FACE_BOUND('',#2877,.F.);
#2877 = EDGE_LOOP('',(#2878,#2913,#2941,#2969));
#2878 = ORIENTED_EDGE('',*,*,#2879,.F.);
#2879 = EDGE_CURVE('',#2880,#2882,#2884,.T.);
#2880 = VERTEX_POINT('',#2881);
#2881 = CARTESIAN_POINT('',(61.606341932494,1.00000008274E-07,
    1.000000073859E-07));
#2882 = VERTEX_POINT('',#2883);
#2883 = CARTESIAN_POINT('',(61.606341932494,1.00000008274E-07,0.4800001)
  );
#2884 = SURFACE_CURVE('',#2885,(#2889,#2901),.PCURVE_S1.);
#2885 = LINE('',#2886,#2887);
#2886 = CARTESIAN_POINT('',(61.606341932494,1.00000008274E-07,
    1.000000073859E-07));
#2887 = VECTOR('',#2888,1.);
#2888 = DIRECTION('',(0.,0.,1.));
#2889 = PCURVE('',#2890,#2895);
#2890 = PLANE('',#2891);
#2891 = AXIS2_PLACEMENT_3D('',#2892,#2893,#2894);
#2892 = CARTESIAN_POINT('',(61.606341932494,1.00000008274E-07,
    1.000000073859E-07));
#2893 = DIRECTION('',(1.,0.,0.));
#2894 = DIRECTION('',(0.,0.,1.));
#2895 = DEFINITIONAL_REPRESENTATION('',(#2896),#2900);
#2896 = LINE('',#2897,#2898);
#2897 = CARTESIAN_POINT('',(0.,0.));
#2898 = VECTOR('',#2899,1.);
#2899 = DIRECTION('',(1.,0.));
#2900 = ( GEOMETRIC_REPRESENTATION_CONTEXT(2) 
PARAMETRIC_REPRESENTATION_CONTEXT() REPRESENTATION_CONTEXT('2D SPACE',''
  ) );
#2901 = PCURVE('',#2902,#2907);
#2902 = PLANE('',#2903);
#2903 = AXIS2_PLACEMENT_3D('',#2904,#2905,#2906);
#2904 = CARTESIAN_POINT('',(61.606341932494,1.00000008274E-07,
    1.000000073859E-07));
#2905 = DIRECTION('',(0.,1.,0.));
#2906 = DIRECTION('',(0.,0.,1.));
#2907 = DEFINITIONAL_REPRESENTATION('',(#2908),#2912);
#2908 = LINE('',#2909,#2910);
#2909 = CARTESIAN_POINT('',(0.,0.));
#2910 = VECTOR('',#2911,1.);
#2911 = DIRECTION('',(1.,0.));
#2912 = ( GEOMETRIC_REPRESENTATION_CONTEXT(2) 
PARAMETRIC_REPRESENTATION_CONTEXT() REPRESENTATION_CONTEXT('2D SPACE',''
  ) );
#2913 = ORIENTED_EDGE('',*,*,#2914,.T.);
#2914 = EDGE_CURVE('',#2880,#2915,#2917,.T.);
#2915 = VERTEX_POINT('',#2916);
#2916 = CARTESIAN_POINT('',(61.606341932494,17.7200001,
    1.000000073859E-07));
#2917 = SURFACE_CURVE('',#2918,(#2922,#2929),.PCURVE_S1.);
#2918 = LINE('',#2919,#2920);
#2919 = CARTESIAN_POINT('',(61.606341932494,1.00000008274E-07,
    1.000000073859E-07));
#2920 = VECTOR('',#2921,1.);
#2921 = DIRECTION('',(0.,1.,0.));
#2922 = PCURVE('',#2890,#2923);
#2923 = DEFINITIONAL_REPRESENTATION('',(#2924),#2928);
#2924 = LINE('',#2925,#2926);
#2925 = CARTESIAN_POINT('',(0.,0.));
#2926 = VECTOR('',#2927,1.);
#2927 = DIRECTION('',(0.,-1.));
#2928 = ( GEOMETRIC_REPRESENTATION_CONTEXT(2) 
PARAMETRIC_REPRESENTATION_CONTEXT() REPRESENTATION_CONTEXT('2D SPACE',''
  ) );
#2929 = PCURVE('',#2930,#2935);
#2930 = PLANE('',#2931);
#2931 = AXIS2_PLACEMENT_3D('',#2932,#2933,#2934);
#2932 = CARTESIAN_POINT('',(61.606341932494,1.00000008274E-07,
    1.000000073859E-07));
#2933 = DIRECTION('',(0.,0.,1.));
#2934 = DIRECTION('',(1.,0.,0.));
#2935 = DEFINITIONAL_REPRESENTATION('',(#2936),#2940);
#2936 = LINE('',#2937,#2938);
#2937 = CARTESIAN_POINT('',(0.,0.));
#2938 = VECTOR('',#2939,1.);
#2939 = DIRECTION('',(0.,1.));
#2940 = ( GEOMETRIC_REPRESENTATION_CONTEXT(2) 
PARAMETRIC_REPRESENTATION_CONTEXT() REPRESENTATION_CONTEXT('2D SPACE',''
  ) );
#2941 = ORIENTED_EDGE('',*,*,#2942,.T.);
#2942 = EDGE_CURVE('',#2915,#2943,#2945,.T.);
#2943 = VERTEX_POINT('',#2944);
#2944 = CARTESIAN_POINT('',(61.606341932494,17.7200001,0.4800001));
#2945 = SURFACE_CURVE('',#2946,(#2950,#2957),.PCURVE_S1.);
#2946 = LINE('',#2947,#2948);
#2947 = CARTESIAN_POINT('',(61.606341932494,17.7200001,
    1.000000073859E-07));
#2948 = VECTOR('',#2949,1.);
#2949 = DIRECTION('',(0.,0.,1.));
#2950 = PCURVE('',#2890,#2951);
#2951 = DEFINITIONAL_REPRESENTATION('',(#2952),#2956);
#2952 = LINE('',#2953,#2954);
#2953 = CARTESIAN_POINT('',(0.,-17.72));
#2954 = VECTOR('',#2955,1.);
#2955 = DIRECTION('',(1.,0.));
#2956 = ( GEOMETRIC_REPRESENTATION_CONTEXT(2) 
PARAMETRIC_REPRESENTATION_CONTEXT() REPRESENTATION_CONTEXT('2D SPACE',''
  ) );
#2957 = PCURVE('',#2958,#2963);
#2958 = PLANE('',#2959);
#2959 = AXIS2_PLACEMENT_3D('',#2960,#2961,#2962);
#2960 = CARTESIAN_POINT('',(61.606341932494,17.7200001,
    1.000000073859E-07));
#2961 = DIRECTION('',(0.,1.,0.));
#2962 = DIRECTION('',(0.,0.,1.));
#2963 = DEFINITIONAL_REPRESENTATION('',(#2964),#2968);
#2964 = LINE('',#2965,#2966);
#2965 = CARTESIAN_POINT('',(0.,0.));
#2966 = VECTOR('',#2967,1.);
#2967 = DIRECTION('',(1.,0.));
#2968 = ( GEOMETRIC_REPRESENTATION_CONTEXT(2) 
PARAMETRIC_REPRESENTATION_CONTEXT() REPRESENTATION_CONTEXT('2D SPACE',''
  ) );
#2969 = ORIENTED_EDGE('',*,*,#2970,.F.);
#2970 = EDGE_CURVE('',#2882,#2943,#2971,.T.);
#2971 = SURFACE_CURVE('',#2972,(#2976,#2983),.PCURVE_S1.);
#2972 = LINE('',#2973,#2974);
#2973 = CARTESIAN_POINT('',(61.606341932494,1.00000008274E-07,0.4800001)
  );
#2974 = VECTOR('',#2975,1.);
#2975 = DIRECTION('',(0.,1.,0.));
#2976 = PCURVE('',#2890,#2977);
#2977 = DEFINITIONAL_REPRESENTATION('',(#2978),#2982);
#2978 = LINE('',#2979,#2980);
#2979 = CARTESIAN_POINT('',(0.48,0.));
#2980 = VECTOR('',#2981,1.);
#2981 = DIRECTION('',(0.,-1.));
#2982 = ( GEOMETRIC_REPRESENTATION_CONTEXT(2) 
PARAMETRIC_REPRESENTATION_CONTEXT() REPRESENTATION_CONTEXT('2D SPACE',''
  ) );
#2983 = PCURVE('',#2984,#2989);
#2984 = PLANE('',#2985);
#2985 = AXIS2_PLACEMENT_3D('',#2986,#2987,#2988);
#2986 = CARTESIAN_POINT('',(61.606341932494,1.00000008274E-07,0.4800001)
  );
#2987 = DIRECTION('',(0.,0.,1.));
#2988 = DIRECTION('',(1.,0.,0.));
#2989 = DEFINITIONAL_REPRESENTATION('',(#2990),#2994);
#2990 = LINE('',#2991,#2992);
#2991 = CARTESIAN_POINT('',(0.,0.));
#2992 = VECTOR('',#2993,1.);
#2993 = DIRECTION('',(0.,1.));
#2994 = ( GEOMETRIC_REPRESENTATION_CONTEXT(2) 
PARAMETRIC_REPRESENTATION_CONTEXT() REPRESENTATION_CONTEXT('2D SPACE',''
  ) );
#2995 = ADVANCED_FACE('',(#2996),#2902,.F.);
#2996 = FACE_BOUND('',#2997,.F.);
#2997 = EDGE_LOOP('',(#2998,#3021,#3022,#3045));
#2998 = ORIENTED_EDGE('',*,*,#2999,.F.);
#2999 = EDGE_CURVE('',#2880,#3000,#3002,.T.);
#3000 = VERTEX_POINT('',#3001);
#3001 = CARTESIAN_POINT('',(79.326341932494,1.00000008274E-07,
    1.000000073859E-07));
#3002 = SURFACE_CURVE('',#3003,(#3007,#3014),.PCURVE_S1.);
#3003 = LINE('',#3004,#3005);
#3004 = CARTESIAN_POINT('',(61.606341932494,1.00000008274E-07,
    1.000000073859E-07));
#3005 = VECTOR('',#3006,1.);
#3006 = DIRECTION('',(1.,0.,0.));
#3007 = PCURVE('',#2902,#3008);
#3008 = DEFINITIONAL_REPRESENTATION('',(#3009),#3013);
#3009 = LINE('',#3010,#3011);
#3010 = CARTESIAN_POINT('',(0.,0.));
#3011 = VECTOR('',#3012,1.);
#3012 = DIRECTION('',(0.,1.));
#3013 = ( GEOMETRIC_REPRESENTATION_CONTEXT(2) 
PARAMETRIC_REPRESENTATION_CONTEXT() REPRESENTATION_CONTEXT('2D SPACE',''
  ) );
#3014 = PCURVE('',#2930,#3015);
#3015 = DEFINITIONAL_REPRESENTATION('',(#3016),#3020);
#3016 = LINE('',#3017,#3018);
#3017 = CARTESIAN_POINT('',(0.,0.));
#3018 = VECTOR('',#3019,1.);
#3019 = DIRECTION('',(1.,0.));
#3020 = ( GEOMETRIC_REPRESENTATION_CONTEXT(2) 
PARAMETRIC_REPRESENTATION_CONTEXT() REPRESENTATION_CONTEXT('2D SPACE',''
  ) );
#3021 = ORIENTED_EDGE('',*,*,#2879,.T.);
#3022 = ORIENTED_EDGE('',*,*,#3023,.T.);
#3023 = EDGE_CURVE('',#2882,#3024,#3026,.T.);
#3024 = VERTEX_POINT('',#3025);
#3025 = CARTESIAN_POINT('',(79.326341932494,1.00000008274E-07,0.4800001)
  );
#3026 = SURFACE_CURVE('',#3027,(#3031,#3038),.PCURVE_S1.);
#3027 = LINE('',#3028,#3029);
#3028 = CARTESIAN_POINT('',(61.606341932494,1.00000008274E-07,0.4800001)
  );
#3029 = VECTOR('',#3030,1.);
#3030 = DIRECTION('',(1.,0.,0.));
#3031 = PCURVE('',#2902,#3032);
#3032 = DEFINITIONAL_REPRESENTATION('',(#3033),#3037);
#3033 = LINE('',#3034,#3035);
#3034 = CARTESIAN_POINT('',(0.48,0.));
#3035 = VECTOR('',#3036,1.);
#3036 = DIRECTION('',(0.,1.));
#3037 = ( GEOMETRIC_REPRESENTATION_CONTEXT(2) 
PARAMETRIC_REPRESENTATION_CONTEXT() REPRESENTATION_CONTEXT('2D SPACE',''
  ) );
#3038 = PCURVE('',#2984,#3039);
#3039 = DEFINITIONAL_REPRESENTATION('',(#3040),#3044);
#3040 = LINE('',#3041,#3042);
#3041 = CARTESIAN_POINT('',(0.,0.));
#3042 = VECTOR('',#3043,1.);
#3043 = DIRECTION('',(1.,0.));
#3044 = ( GEOMETRIC_REPRESENTATION_CONTEXT(2) 
PARAMETRIC_REPRESENTATION_CONTEXT() REPRESENTATION_CONTEXT('2D SPACE',''
  ) );
#3045 = ORIENTED_EDGE('',*,*,#3046,.F.);
#3046 = EDGE_CURVE('',#3000,#3024,#3047,.T.);
#3047 = SURFACE_CURVE('',#3048,(#3052,#3059),.PCURVE_S1.);
#3048 = LINE('',#3049,#3050);
#3049 = CARTESIAN_POINT('',(79.326341932494,1.00000008274E-07,
    1.000000073859E-07));
#3050 = VECTOR('',#3051,1.);
#3051 = DIRECTION('',(0.,0.,1.));
#3052 = PCURVE('',#2902,#3053);
#3053 = DEFINITIONAL_REPRESENTATION('',(#3054),#3058);
#3054 = LINE('',#3055,#3056);
#3055 = CARTESIAN_POINT('',(0.,17.72));
#3056 = VECTOR('',#3057,1.);
#3057 = DIRECTION('',(1.,0.));
#3058 = ( GEOMETRIC_REPRESENTATION_CONTEXT(2) 
PARAMETRIC_REPRESENTATION_CONTEXT() REPRESENTATION_CONTEXT('2D SPACE',''
  ) );
#3059 = PCURVE('',#3060,#3065);
#3060 = PLANE('',#3061);
#3061 = AXIS2_PLACEMENT_3D('',#3062,#3063,#3064);
#3062 = CARTESIAN_POINT('',(79.326341932494,1.00000008274E-07,
    1.000000073859E-07));
#3063 = DIRECTION('',(1.,0.,0.));
#3064 = DIRECTION('',(0.,0.,1.));
#3065 = DEFINITIONAL_REPRESENTATION('',(#3066),#3070);
#3066 = LINE('',#3067,#3068);
#3067 = CARTESIAN_POINT('',(0.,0.));
#3068 = VECTOR('',#3069,1.);
#3069 = DIRECTION('',(1.,0.));
#3070 = ( GEOMETRIC_REPRESENTATION_CONTEXT(2) 
PARAMETRIC_REPRESENTATION_CONTEXT() REPRESENTATION_CONTEXT('2D SPACE',''
  ) );
#3071 = ADVANCED_FACE('',(#3072,#3120),#2984,.T.);
#3072 = FACE_BOUND('',#3073,.T.);
#3073 = EDGE_LOOP('',(#3074,#3075,#3076,#3099));
#3074 = ORIENTED_EDGE('',*,*,#2970,.F.);
#3075 = ORIENTED_EDGE('',*,*,#3023,.T.);
#3076 = ORIENTED_EDGE('',*,*,#3077,.T.);
#3077 = EDGE_CURVE('',#3024,#3078,#3080,.T.);
#3078 = VERTEX_POINT('',#3079);
#3079 = CARTESIAN_POINT('',(79.326341932494,17.7200001,0.4800001));
#3080 = SURFACE_CURVE('',#3081,(#3085,#3092),.PCURVE_S1.);
#3081 = LINE('',#3082,#3083);
#3082 = CARTESIAN_POINT('',(79.326341932494,1.00000008274E-07,0.4800001)
  );
#3083 = VECTOR('',#3084,1.);
#3084 = DIRECTION('',(0.,1.,0.));
#3085 = PCURVE('',#2984,#3086);
#3086 = DEFINITIONAL_REPRESENTATION('',(#3087),#3091);
#3087 = LINE('',#3088,#3089);
#3088 = CARTESIAN_POINT('',(17.72,0.));
#3089 = VECTOR('',#3090,1.);
#3090 = DIRECTION('',(0.,1.));
#3091 = ( GEOMETRIC_REPRESENTATION_CONTEXT(2) 
PARAMETRIC_REPRESENTATION_CONTEXT() REPRESENTATION_CONTEXT('2D SPACE',''
  ) );
#3092 = PCURVE('',#3060,#3093);
#3093 = DEFINITIONAL_REPRESENTATION('',(#3094),#3098);
#3094 = LINE('',#3095,#3096);
#3095 = CARTESIAN_POINT('',(0.48,0.));
#3096 = VECTOR('',#3097,1.);
#3097 = DIRECTION('',(0.,-1.));
#3098 = ( GEOMETRIC_REPRESENTATION_CONTEXT(2) 
PARAMETRIC_REPRESENTATION_CONTEXT() REPRESENTATION_CONTEXT('2D SPACE',''
  ) );
#3099 = ORIENTED_EDGE('',*,*,#3100,.F.);
#3100 = EDGE_CURVE('',#2943,#3078,#3101,.T.);
#3101 = SURFACE_CURVE('',#3102,(#3106,#3113),.PCURVE_S1.);
#3102 = LINE('',#3103,#3104);
#3103 = CARTESIAN_POINT('',(61.606341932494,17.7200001,0.4800001));
#3104 = VECTOR('',#3105,1.);
#3105 = DIRECTION('',(1.,0.,0.));
#3106 = PCURVE('',#2984,#3107);
#3107 = DEFINITIONAL_REPRESENTATION('',(#3108),#3112);
#3108 = LINE('',#3109,#3110);
#3109 = CARTESIAN_POINT('',(0.,17.72));
#3110 = VECTOR('',#3111,1.);
#3111 = DIRECTION('',(1.,0.));
#3112 = ( GEOMETRIC_REPRESENTATION_CONTEXT(2) 
PARAMETRIC_REPRESENTATION_CONTEXT() REPRESENTATION_CONTEXT('2D SPACE',''
  ) );
#3113 = PCURVE('',#2958,#3114);
#3114 = DEFINITIONAL_REPRESENTATION('',(#3115),#3119);
#3115 = LINE('',#3116,#3117);
#3116 = CARTESIAN_POINT('',(0.48,0.));
#3117 = VECTOR('',#3118,1.);
#3118 = DIRECTION('',(0.,1.));
#3119 = ( GEOMETRIC_REPRESENTATION_CONTEXT(2) 
PARAMETRIC_REPRESENTATION_CONTEXT() REPRESENTATION_CONTEXT('2D SPACE',''
  ) );
#3120 = FACE_BOUND('',#3121,.T.);
#3121 = EDGE_LOOP('',(#3122,#3152,#3180,#3208));
#3122 = ORIENTED_EDGE('',*,*,#3123,.T.);
#3123 = EDGE_CURVE('',#3124,#3126,#3128,.T.);
#3124 = VERTEX_POINT('',#3125);
#3125 = CARTESIAN_POINT('',(78.841341932494,0.4850001,0.4800001));
#3126 = VERTEX_POINT('',#3127);
#3127 = CARTESIAN_POINT('',(62.091341932494,0.4850001,0.4800001));
#3128 = SURFACE_CURVE('',#3129,(#3133,#3140),.PCURVE_S1.);
#3129 = LINE('',#3130,#3131);
#3130 = CARTESIAN_POINT('',(61.848841932494,0.4850001,0.4800001));
#3131 = VECTOR('',#3132,1.);
#3132 = DIRECTION('',(-1.,0.,0.));
#3133 = PCURVE('',#2984,#3134);
#3134 = DEFINITIONAL_REPRESENTATION('',(#3135),#3139);
#3135 = LINE('',#3136,#3137);
#3136 = CARTESIAN_POINT('',(0.2425,0.485));
#3137 = VECTOR('',#3138,1.);
#3138 = DIRECTION('',(-1.,0.));
#3139 = ( GEOMETRIC_REPRESENTATION_CONTEXT(2) 
PARAMETRIC_REPRESENTATION_CONTEXT() REPRESENTATION_CONTEXT('2D SPACE',''
  ) );
#3140 = PCURVE('',#3141,#3146);
#3141 = PLANE('',#3142);
#3142 = AXIS2_PLACEMENT_3D('',#3143,#3144,#3145);
#3143 = CARTESIAN_POINT('',(62.091341932494,0.4850001,
    -9.999989999999E-02));
#3144 = DIRECTION('',(0.,1.,0.));
#3145 = DIRECTION('',(0.,0.,1.));
#3146 = DEFINITIONAL_REPRESENTATION('',(#3147),#3151);
#3147 = LINE('',#3148,#3149);
#3148 = CARTESIAN_POINT('',(0.58,-0.2425));
#3149 = VECTOR('',#3150,1.);
#3150 = DIRECTION('',(0.,-1.));
#3151 = ( GEOMETRIC_REPRESENTATION_CONTEXT(2) 
PARAMETRIC_REPRESENTATION_CONTEXT() REPRESENTATION_CONTEXT('2D SPACE',''
  ) );
#3152 = ORIENTED_EDGE('',*,*,#3153,.T.);
#3153 = EDGE_CURVE('',#3126,#3154,#3156,.T.);
#3154 = VERTEX_POINT('',#3155);
#3155 = CARTESIAN_POINT('',(62.091341932494,17.2350001,0.4800001));
#3156 = SURFACE_CURVE('',#3157,(#3161,#3168),.PCURVE_S1.);
#3157 = LINE('',#3158,#3159);
#3158 = CARTESIAN_POINT('',(62.091341932494,0.2425001,0.4800001));
#3159 = VECTOR('',#3160,1.);
#3160 = DIRECTION('',(0.,1.,0.));
#3161 = PCURVE('',#2984,#3162);
#3162 = DEFINITIONAL_REPRESENTATION('',(#3163),#3167);
#3163 = LINE('',#3164,#3165);
#3164 = CARTESIAN_POINT('',(0.485,0.2425));
#3165 = VECTOR('',#3166,1.);
#3166 = DIRECTION('',(0.,1.));
#3167 = ( GEOMETRIC_REPRESENTATION_CONTEXT(2) 
PARAMETRIC_REPRESENTATION_CONTEXT() REPRESENTATION_CONTEXT('2D SPACE',''
  ) );
#3168 = PCURVE('',#3169,#3174);
#3169 = PLANE('',#3170);
#3170 = AXIS2_PLACEMENT_3D('',#3171,#3172,#3173);
#3171 = CARTESIAN_POINT('',(62.091341932494,0.4850001,
    -9.999989999999E-02));
#3172 = DIRECTION('',(1.,0.,0.));
#3173 = DIRECTION('',(0.,0.,1.));
#3174 = DEFINITIONAL_REPRESENTATION('',(#3175),#3179);
#3175 = LINE('',#3176,#3177);
#3176 = CARTESIAN_POINT('',(0.58,0.2425));
#3177 = VECTOR('',#3178,1.);
#3178 = DIRECTION('',(0.,-1.));
#3179 = ( GEOMETRIC_REPRESENTATION_CONTEXT(2) 
PARAMETRIC_REPRESENTATION_CONTEXT() REPRESENTATION_CONTEXT('2D SPACE',''
  ) );
#3180 = ORIENTED_EDGE('',*,*,#3181,.F.);
#3181 = EDGE_CURVE('',#3182,#3154,#3184,.T.);
#3182 = VERTEX_POINT('',#3183);
#3183 = CARTESIAN_POINT('',(78.841341932494,17.2350001,0.4800001));
#3184 = SURFACE_CURVE('',#3185,(#3189,#3196),.PCURVE_S1.);
#3185 = LINE('',#3186,#3187);
#3186 = CARTESIAN_POINT('',(61.848841932494,17.2350001,0.4800001));
#3187 = VECTOR('',#3188,1.);
#3188 = DIRECTION('',(-1.,0.,0.));
#3189 = PCURVE('',#2984,#3190);
#3190 = DEFINITIONAL_REPRESENTATION('',(#3191),#3195);
#3191 = LINE('',#3192,#3193);
#3192 = CARTESIAN_POINT('',(0.2425,17.235));
#3193 = VECTOR('',#3194,1.);
#3194 = DIRECTION('',(-1.,0.));
#3195 = ( GEOMETRIC_REPRESENTATION_CONTEXT(2) 
PARAMETRIC_REPRESENTATION_CONTEXT() REPRESENTATION_CONTEXT('2D SPACE',''
  ) );
#3196 = PCURVE('',#3197,#3202);
#3197 = PLANE('',#3198);
#3198 = AXIS2_PLACEMENT_3D('',#3199,#3200,#3201);
#3199 = CARTESIAN_POINT('',(62.091341932494,17.2350001,
    -9.999989999999E-02));
#3200 = DIRECTION('',(0.,1.,0.));
#3201 = DIRECTION('',(0.,0.,1.));
#3202 = DEFINITIONAL_REPRESENTATION('',(#3203),#3207);
#3203 = LINE('',#3204,#3205);
#3204 = CARTESIAN_POINT('',(0.58,-0.2425));
#3205 = VECTOR('',#3206,1.);
#3206 = DIRECTION('',(0.,-1.));
#3207 = ( GEOMETRIC_REPRESENTATION_CONTEXT(2) 
PARAMETRIC_REPRESENTATION_CONTEXT() REPRESENTATION_CONTEXT('2D SPACE',''
  ) );
#3208 = ORIENTED_EDGE('',*,*,#3209,.F.);
#3209 = EDGE_CURVE('',#3124,#3182,#3210,.T.);
#3210 = SURFACE_CURVE('',#3211,(#3215,#3222),.PCURVE_S1.);
#3211 = LINE('',#3212,#3213);
#3212 = CARTESIAN_POINT('',(78.841341932494,0.2425001,0.4800001));
#3213 = VECTOR('',#3214,1.);
#3214 = DIRECTION('',(0.,1.,0.));
#3215 = PCURVE('',#2984,#3216);
#3216 = DEFINITIONAL_REPRESENTATION('',(#3217),#3221);
#3217 = LINE('',#3218,#3219);
#3218 = CARTESIAN_POINT('',(17.235,0.2425));
#3219 = VECTOR('',#3220,1.);
#3220 = DIRECTION('',(0.,1.));
#3221 = ( GEOMETRIC_REPRESENTATION_CONTEXT(2) 
PARAMETRIC_REPRESENTATION_CONTEXT() REPRESENTATION_CONTEXT('2D SPACE',''
  ) );
#3222 = PCURVE('',#3223,#3228);
#3223 = PLANE('',#3224);
#3224 = AXIS2_PLACEMENT_3D('',#3225,#3226,#3227);
#3225 = CARTESIAN_POINT('',(78.841341932494,0.4850001,
    -9.999989999999E-02));
#3226 = DIRECTION('',(1.,0.,0.));
#3227 = DIRECTION('',(0.,0.,1.));
#3228 = DEFINITIONAL_REPRESENTATION('',(#3229),#3233);
#3229 = LINE('',#3230,#3231);
#3230 = CARTESIAN_POINT('',(0.58,0.2425));
#3231 = VECTOR('',#3232,1.);
#3232 = DIRECTION('',(0.,-1.));
#3233 = ( GEOMETRIC_REPRESENTATION_CONTEXT(2) 
PARAMETRIC_REPRESENTATION_CONTEXT() REPRESENTATION_CONTEXT('2D SPACE',''
  ) );
#3234 = ADVANCED_FACE('',(#3235),#2958,.T.);
#3235 = FACE_BOUND('',#3236,.T.);
#3236 = EDGE_LOOP('',(#3237,#3260,#3261,#3262));
#3237 = ORIENTED_EDGE('',*,*,#3238,.F.);
#3238 = EDGE_CURVE('',#2915,#3239,#3241,.T.);
#3239 = VERTEX_POINT('',#3240);
#3240 = CARTESIAN_POINT('',(79.326341932494,17.7200001,
    1.000000073859E-07));
#3241 = SURFACE_CURVE('',#3242,(#3246,#3253),.PCURVE_S1.);
#3242 = LINE('',#3243,#3244);
#3243 = CARTESIAN_POINT('',(61.606341932494,17.7200001,
    1.000000073859E-07));
#3244 = VECTOR('',#3245,1.);
#3245 = DIRECTION('',(1.,0.,0.));
#3246 = PCURVE('',#2958,#3247);
#3247 = DEFINITIONAL_REPRESENTATION('',(#3248),#3252);
#3248 = LINE('',#3249,#3250);
#3249 = CARTESIAN_POINT('',(0.,0.));
#3250 = VECTOR('',#3251,1.);
#3251 = DIRECTION('',(0.,1.));
#3252 = ( GEOMETRIC_REPRESENTATION_CONTEXT(2) 
PARAMETRIC_REPRESENTATION_CONTEXT() REPRESENTATION_CONTEXT('2D SPACE',''
  ) );
#3253 = PCURVE('',#2930,#3254);
#3254 = DEFINITIONAL_REPRESENTATION('',(#3255),#3259);
#3255 = LINE('',#3256,#3257);
#3256 = CARTESIAN_POINT('',(0.,17.72));
#3257 = VECTOR('',#3258,1.);
#3258 = DIRECTION('',(1.,0.));
#3259 = ( GEOMETRIC_REPRESENTATION_CONTEXT(2) 
PARAMETRIC_REPRESENTATION_CONTEXT() REPRESENTATION_CONTEXT('2D SPACE',''
  ) );
#3260 = ORIENTED_EDGE('',*,*,#2942,.T.);
#3261 = ORIENTED_EDGE('',*,*,#3100,.T.);
#3262 = ORIENTED_EDGE('',*,*,#3263,.F.);
#3263 = EDGE_CURVE('',#3239,#3078,#3264,.T.);
#3264 = SURFACE_CURVE('',#3265,(#3269,#3276),.PCURVE_S1.);
#3265 = LINE('',#3266,#3267);
#3266 = CARTESIAN_POINT('',(79.326341932494,17.7200001,
    1.000000073859E-07));
#3267 = VECTOR('',#3268,1.);
#3268 = DIRECTION('',(0.,0.,1.));
#3269 = PCURVE('',#2958,#3270);
#3270 = DEFINITIONAL_REPRESENTATION('',(#3271),#3275);
#3271 = LINE('',#3272,#3273);
#3272 = CARTESIAN_POINT('',(0.,17.72));
#3273 = VECTOR('',#3274,1.);
#3274 = DIRECTION('',(1.,0.));
#3275 = ( GEOMETRIC_REPRESENTATION_CONTEXT(2) 
PARAMETRIC_REPRESENTATION_CONTEXT() REPRESENTATION_CONTEXT('2D SPACE',''
  ) );
#3276 = PCURVE('',#3060,#3277);
#3277 = DEFINITIONAL_REPRESENTATION('',(#3278),#3282);
#3278 = LINE('',#3279,#3280);
#3279 = CARTESIAN_POINT('',(0.,-17.72));
#3280 = VECTOR('',#3281,1.);
#3281 = DIRECTION('',(1.,0.));
#3282 = ( GEOMETRIC_REPRESENTATION_CONTEXT(2) 
PARAMETRIC_REPRESENTATION_CONTEXT() REPRESENTATION_CONTEXT('2D SPACE',''
  ) );
#3283 = ADVANCED_FACE('',(#3284,#3310),#2930,.F.);
#3284 = FACE_BOUND('',#3285,.F.);
#3285 = EDGE_LOOP('',(#3286,#3287,#3288,#3309));
#3286 = ORIENTED_EDGE('',*,*,#2914,.F.);
#3287 = ORIENTED_EDGE('',*,*,#2999,.T.);
#3288 = ORIENTED_EDGE('',*,*,#3289,.T.);
#3289 = EDGE_CURVE('',#3000,#3239,#3290,.T.);
#3290 = SURFACE_CURVE('',#3291,(#3295,#3302),.PCURVE_S1.);
#3291 = LINE('',#3292,#3293);
#3292 = CARTESIAN_POINT('',(79.326341932494,1.00000008274E-07,
    1.000000073859E-07));
#3293 = VECTOR('',#3294,1.);
#3294 = DIRECTION('',(0.,1.,0.));
#3295 = PCURVE('',#2930,#3296);
#3296 = DEFINITIONAL_REPRESENTATION('',(#3297),#3301);
#3297 = LINE('',#3298,#3299);
#3298 = CARTESIAN_POINT('',(17.72,0.));
#3299 = VECTOR('',#3300,1.);
#3300 = DIRECTION('',(0.,1.));
#3301 = ( GEOMETRIC_REPRESENTATION_CONTEXT(2) 
PARAMETRIC_REPRESENTATION_CONTEXT() REPRESENTATION_CONTEXT('2D SPACE',''
  ) );
#3302 = PCURVE('',#3060,#3303);
#3303 = DEFINITIONAL_REPRESENTATION('',(#3304),#3308);
#3304 = LINE('',#3305,#3306);
#3305 = CARTESIAN_POINT('',(0.,0.));
#3306 = VECTOR('',#3307,1.);
#3307 = DIRECTION('',(0.,-1.));
#3308 = ( GEOMETRIC_REPRESENTATION_CONTEXT(2) 
PARAMETRIC_REPRESENTATION_CONTEXT() REPRESENTATION_CONTEXT('2D SPACE',''
  ) );
#3309 = ORIENTED_EDGE('',*,*,#3238,.F.);
#3310 = FACE_BOUND('',#3311,.F.);
#3311 = EDGE_LOOP('',(#3312,#3337,#3360,#3383));
#3312 = ORIENTED_EDGE('',*,*,#3313,.T.);
#3313 = EDGE_CURVE('',#3314,#3316,#3318,.T.);
#3314 = VERTEX_POINT('',#3315);
#3315 = CARTESIAN_POINT('',(78.841341932494,0.4850001,1.000000073859E-07
    ));
#3316 = VERTEX_POINT('',#3317);
#3317 = CARTESIAN_POINT('',(62.091341932494,0.4850001,1.000000073859E-07
    ));
#3318 = SURFACE_CURVE('',#3319,(#3323,#3330),.PCURVE_S1.);
#3319 = LINE('',#3320,#3321);
#3320 = CARTESIAN_POINT('',(61.848841932494,0.4850001,1.000000073859E-07
    ));
#3321 = VECTOR('',#3322,1.);
#3322 = DIRECTION('',(-1.,0.,0.));
#3323 = PCURVE('',#2930,#3324);
#3324 = DEFINITIONAL_REPRESENTATION('',(#3325),#3329);
#3325 = LINE('',#3326,#3327);
#3326 = CARTESIAN_POINT('',(0.2425,0.485));
#3327 = VECTOR('',#3328,1.);
#3328 = DIRECTION('',(-1.,0.));
#3329 = ( GEOMETRIC_REPRESENTATION_CONTEXT(2) 
PARAMETRIC_REPRESENTATION_CONTEXT() REPRESENTATION_CONTEXT('2D SPACE',''
  ) );
#3330 = PCURVE('',#3141,#3331);
#3331 = DEFINITIONAL_REPRESENTATION('',(#3332),#3336);
#3332 = LINE('',#3333,#3334);
#3333 = CARTESIAN_POINT('',(1.E-01,-0.2425));
#3334 = VECTOR('',#3335,1.);
#3335 = DIRECTION('',(0.,-1.));
#3336 = ( GEOMETRIC_REPRESENTATION_CONTEXT(2) 
PARAMETRIC_REPRESENTATION_CONTEXT() REPRESENTATION_CONTEXT('2D SPACE',''
  ) );
#3337 = ORIENTED_EDGE('',*,*,#3338,.T.);
#3338 = EDGE_CURVE('',#3316,#3339,#3341,.T.);
#3339 = VERTEX_POINT('',#3340);
#3340 = CARTESIAN_POINT('',(62.091341932494,17.2350001,
    1.000000073859E-07));
#3341 = SURFACE_CURVE('',#3342,(#3346,#3353),.PCURVE_S1.);
#3342 = LINE('',#3343,#3344);
#3343 = CARTESIAN_POINT('',(62.091341932494,0.2425001,1.000000073859E-07
    ));
#3344 = VECTOR('',#3345,1.);
#3345 = DIRECTION('',(0.,1.,0.));
#3346 = PCURVE('',#2930,#3347);
#3347 = DEFINITIONAL_REPRESENTATION('',(#3348),#3352);
#3348 = LINE('',#3349,#3350);
#3349 = CARTESIAN_POINT('',(0.485,0.2425));
#3350 = VECTOR('',#3351,1.);
#3351 = DIRECTION('',(0.,1.));
#3352 = ( GEOMETRIC_REPRESENTATION_CONTEXT(2) 
PARAMETRIC_REPRESENTATION_CONTEXT() REPRESENTATION_CONTEXT('2D SPACE',''
  ) );
#3353 = PCURVE('',#3169,#3354);
#3354 = DEFINITIONAL_REPRESENTATION('',(#3355),#3359);
#3355 = LINE('',#3356,#3357);
#3356 = CARTESIAN_POINT('',(1.E-01,0.2425));
#3357 = VECTOR('',#3358,1.);
#3358 = DIRECTION('',(0.,-1.));
#3359 = ( GEOMETRIC_REPRESENTATION_CONTEXT(2) 
PARAMETRIC_REPRESENTATION_CONTEXT() REPRESENTATION_CONTEXT('2D SPACE',''
  ) );
#3360 = ORIENTED_EDGE('',*,*,#3361,.F.);
#3361 = EDGE_CURVE('',#3362,#3339,#3364,.T.);
#3362 = VERTEX_POINT('',#3363);
#3363 = CARTESIAN_POINT('',(78.841341932494,17.2350001,
    1.000000073859E-07));
#3364 = SURFACE_CURVE('',#3365,(#3369,#3376),.PCURVE_S1.);
#3365 = LINE('',#3366,#3367);
#3366 = CARTESIAN_POINT('',(61.848841932494,17.2350001,
    1.000000073859E-07));
#3367 = VECTOR('',#3368,1.);
#3368 = DIRECTION('',(-1.,0.,0.));
#3369 = PCURVE('',#2930,#3370);
#3370 = DEFINITIONAL_REPRESENTATION('',(#3371),#3375);
#3371 = LINE('',#3372,#3373);
#3372 = CARTESIAN_POINT('',(0.2425,17.235));
#3373 = VECTOR('',#3374,1.);
#3374 = DIRECTION('',(-1.,0.));
#3375 = ( GEOMETRIC_REPRESENTATION_CONTEXT(2) 
PARAMETRIC_REPRESENTATION_CONTEXT() REPRESENTATION_CONTEXT('2D SPACE',''
  ) );
#3376 = PCURVE('',#3197,#3377);
#3377 = DEFINITIONAL_REPRESENTATION('',(#3378),#3382);
#3378 = LINE('',#3379,#3380);
#3379 = CARTESIAN_POINT('',(1.E-01,-0.2425));
#3380 = VECTOR('',#3381,1.);
#3381 = DIRECTION('',(0.,-1.));
#3382 = ( GEOMETRIC_REPRESENTATION_CONTEXT(2) 
PARAMETRIC_REPRESENTATION_CONTEXT() REPRESENTATION_CONTEXT('2D SPACE',''
  ) );
#3383 = ORIENTED_EDGE('',*,*,#3384,.F.);
#3384 = EDGE_CURVE('',#3314,#3362,#3385,.T.);
#3385 = SURFACE_CURVE('',#3386,(#3390,#3397),.PCURVE_S1.);
#3386 = LINE('',#3387,#3388);
#3387 = CARTESIAN_POINT('',(78.841341932494,0.2425001,1.000000073859E-07
    ));
#3388 = VECTOR('',#3389,1.);
#3389 = DIRECTION('',(0.,1.,0.));
#3390 = PCURVE('',#2930,#3391);
#3391 = DEFINITIONAL_REPRESENTATION('',(#3392),#3396);
#3392 = LINE('',#3393,#3394);
#3393 = CARTESIAN_POINT('',(17.235,0.2425));
#3394 = VECTOR('',#3395,1.);
#3395 = DIRECTION('',(0.,1.));
#3396 = ( GEOMETRIC_REPRESENTATION_CONTEXT(2) 
PARAMETRIC_REPRESENTATION_CONTEXT() REPRESENTATION_CONTEXT('2D SPACE',''
  ) );
#3397 = PCURVE('',#3223,#3398);
#3398 = DEFINITIONAL_REPRESENTATION('',(#3399),#3403);
#3399 = LINE('',#3400,#3401);
#3400 = CARTESIAN_POINT('',(1.E-01,0.2425));
#3401 = VECTOR('',#3402,1.);
#3402 = DIRECTION('',(0.,-1.));
#3403 = ( GEOMETRIC_REPRESENTATION_CONTEXT(2) 
PARAMETRIC_REPRESENTATION_CONTEXT() REPRESENTATION_CONTEXT('2D SPACE',''
  ) );
#3404 = ADVANCED_FACE('',(#3405),#3060,.T.);
#3405 = FACE_BOUND('',#3406,.T.);
#3406 = EDGE_LOOP('',(#3407,#3408,#3409,#3410));
#3407 = ORIENTED_EDGE('',*,*,#3046,.F.);
#3408 = ORIENTED_EDGE('',*,*,#3289,.T.);
#3409 = ORIENTED_EDGE('',*,*,#3263,.T.);
#3410 = ORIENTED_EDGE('',*,*,#3077,.F.);
#3411 = ADVANCED_FACE('',(#3412),#3141,.T.);
#3412 = FACE_BOUND('',#3413,.T.);
#3413 = EDGE_LOOP('',(#3414,#3435,#3436,#3457));
#3414 = ORIENTED_EDGE('',*,*,#3415,.F.);
#3415 = EDGE_CURVE('',#3314,#3124,#3416,.T.);
#3416 = SURFACE_CURVE('',#3417,(#3421,#3428),.PCURVE_S1.);
#3417 = LINE('',#3418,#3419);
#3418 = CARTESIAN_POINT('',(78.841341932494,0.4850001,
    -9.999989999999E-02));
#3419 = VECTOR('',#3420,1.);
#3420 = DIRECTION('',(0.,0.,1.));
#3421 = PCURVE('',#3141,#3422);
#3422 = DEFINITIONAL_REPRESENTATION('',(#3423),#3427);
#3423 = LINE('',#3424,#3425);
#3424 = CARTESIAN_POINT('',(0.,16.75));
#3425 = VECTOR('',#3426,1.);
#3426 = DIRECTION('',(1.,0.));
#3427 = ( GEOMETRIC_REPRESENTATION_CONTEXT(2) 
PARAMETRIC_REPRESENTATION_CONTEXT() REPRESENTATION_CONTEXT('2D SPACE',''
  ) );
#3428 = PCURVE('',#3223,#3429);
#3429 = DEFINITIONAL_REPRESENTATION('',(#3430),#3434);
#3430 = LINE('',#3431,#3432);
#3431 = CARTESIAN_POINT('',(0.,0.));
#3432 = VECTOR('',#3433,1.);
#3433 = DIRECTION('',(1.,0.));
#3434 = ( GEOMETRIC_REPRESENTATION_CONTEXT(2) 
PARAMETRIC_REPRESENTATION_CONTEXT() REPRESENTATION_CONTEXT('2D SPACE',''
  ) );
#3435 = ORIENTED_EDGE('',*,*,#3313,.T.);
#3436 = ORIENTED_EDGE('',*,*,#3437,.T.);
#3437 = EDGE_CURVE('',#3316,#3126,#3438,.T.);
#3438 = SURFACE_CURVE('',#3439,(#3443,#3450),.PCURVE_S1.);
#3439 = LINE('',#3440,#3441);
#3440 = CARTESIAN_POINT('',(62.091341932494,0.4850001,
    -9.999989999999E-02));
#3441 = VECTOR('',#3442,1.);
#3442 = DIRECTION('',(0.,0.,1.));
#3443 = PCURVE('',#3141,#3444);
#3444 = DEFINITIONAL_REPRESENTATION('',(#3445),#3449);
#3445 = LINE('',#3446,#3447);
#3446 = CARTESIAN_POINT('',(0.,0.));
#3447 = VECTOR('',#3448,1.);
#3448 = DIRECTION('',(1.,0.));
#3449 = ( GEOMETRIC_REPRESENTATION_CONTEXT(2) 
PARAMETRIC_REPRESENTATION_CONTEXT() REPRESENTATION_CONTEXT('2D SPACE',''
  ) );
#3450 = PCURVE('',#3169,#3451);
#3451 = DEFINITIONAL_REPRESENTATION('',(#3452),#3456);
#3452 = LINE('',#3453,#3454);
#3453 = CARTESIAN_POINT('',(0.,0.));
#3454 = VECTOR('',#3455,1.);
#3455 = DIRECTION('',(1.,0.));
#3456 = ( GEOMETRIC_REPRESENTATION_CONTEXT(2) 
PARAMETRIC_REPRESENTATION_CONTEXT() REPRESENTATION_CONTEXT('2D SPACE',''
  ) );
#3457 = ORIENTED_EDGE('',*,*,#3123,.F.);
#3458 = ADVANCED_FACE('',(#3459),#3223,.F.);
#3459 = FACE_BOUND('',#3460,.F.);
#3460 = EDGE_LOOP('',(#3461,#3462,#3463,#3484));
#3461 = ORIENTED_EDGE('',*,*,#3415,.F.);
#3462 = ORIENTED_EDGE('',*,*,#3384,.T.);
#3463 = ORIENTED_EDGE('',*,*,#3464,.T.);
#3464 = EDGE_CURVE('',#3362,#3182,#3465,.T.);
#3465 = SURFACE_CURVE('',#3466,(#3470,#3477),.PCURVE_S1.);
#3466 = LINE('',#3467,#3468);
#3467 = CARTESIAN_POINT('',(78.841341932494,17.2350001,
    -9.999989999999E-02));
#3468 = VECTOR('',#3469,1.);
#3469 = DIRECTION('',(0.,0.,1.));
#3470 = PCURVE('',#3223,#3471);
#3471 = DEFINITIONAL_REPRESENTATION('',(#3472),#3476);
#3472 = LINE('',#3473,#3474);
#3473 = CARTESIAN_POINT('',(0.,-16.75));
#3474 = VECTOR('',#3475,1.);
#3475 = DIRECTION('',(1.,0.));
#3476 = ( GEOMETRIC_REPRESENTATION_CONTEXT(2) 
PARAMETRIC_REPRESENTATION_CONTEXT() REPRESENTATION_CONTEXT('2D SPACE',''
  ) );
#3477 = PCURVE('',#3197,#3478);
#3478 = DEFINITIONAL_REPRESENTATION('',(#3479),#3483);
#3479 = LINE('',#3480,#3481);
#3480 = CARTESIAN_POINT('',(0.,16.75));
#3481 = VECTOR('',#3482,1.);
#3482 = DIRECTION('',(1.,0.));
#3483 = ( GEOMETRIC_REPRESENTATION_CONTEXT(2) 
PARAMETRIC_REPRESENTATION_CONTEXT() REPRESENTATION_CONTEXT('2D SPACE',''
  ) );
#3484 = ORIENTED_EDGE('',*,*,#3209,.F.);
#3485 = ADVANCED_FACE('',(#3486),#3197,.F.);
#3486 = FACE_BOUND('',#3487,.F.);
#3487 = EDGE_LOOP('',(#3488,#3489,#3490,#3511));
#3488 = ORIENTED_EDGE('',*,*,#3464,.F.);
#3489 = ORIENTED_EDGE('',*,*,#3361,.T.);
#3490 = ORIENTED_EDGE('',*,*,#3491,.T.);
#3491 = EDGE_CURVE('',#3339,#3154,#3492,.T.);
#3492 = SURFACE_CURVE('',#3493,(#3497,#3504),.PCURVE_S1.);
#3493 = LINE('',#3494,#3495);
#3494 = CARTESIAN_POINT('',(62.091341932494,17.2350001,
    -9.999989999999E-02));
#3495 = VECTOR('',#3496,1.);
#3496 = DIRECTION('',(0.,0.,1.));
#3497 = PCURVE('',#3197,#3498);
#3498 = DEFINITIONAL_REPRESENTATION('',(#3499),#3503);
#3499 = LINE('',#3500,#3501);
#3500 = CARTESIAN_POINT('',(0.,0.));
#3501 = VECTOR('',#3502,1.);
#3502 = DIRECTION('',(1.,0.));
#3503 = ( GEOMETRIC_REPRESENTATION_CONTEXT(2) 
PARAMETRIC_REPRESENTATION_CONTEXT() REPRESENTATION_CONTEXT('2D SPACE',''
  ) );
#3504 = PCURVE('',#3169,#3505);
#3505 = DEFINITIONAL_REPRESENTATION('',(#3506),#3510);
#3506 = LINE('',#3507,#3508);
#3507 = CARTESIAN_POINT('',(0.,-16.75));
#3508 = VECTOR('',#3509,1.);
#3509 = DIRECTION('',(1.,0.));
#3510 = ( GEOMETRIC_REPRESENTATION_CONTEXT(2) 
PARAMETRIC_REPRESENTATION_CONTEXT() REPRESENTATION_CONTEXT('2D SPACE',''
  ) );
#3511 = ORIENTED_EDGE('',*,*,#3181,.F.);
#3512 = ADVANCED_FACE('',(#3513),#3169,.T.);
#3513 = FACE_BOUND('',#3514,.T.);
#3514 = EDGE_LOOP('',(#3515,#3516,#3517,#3518));
#3515 = ORIENTED_EDGE('',*,*,#3437,.F.);
#3516 = ORIENTED_EDGE('',*,*,#3338,.T.);
#3517 = ORIENTED_EDGE('',*,*,#3491,.T.);
#3518 = ORIENTED_EDGE('',*,*,#3153,.F.);
#3519 = ( GEOMETRIC_REPRESENTATION_CONTEXT(3) 
GLOBAL_UNCERTAINTY_ASSIGNED_CONTEXT((#3523)) 
GLOBAL_UNIT_ASSIGNED_CONTEXT((#3520,#3521,#3522)) REPRESENTATION_CONTEXT
('Context #1','3D Context with UNIT and UNCERTAINTY') );
#3520 = ( LENGTH_UNIT() NAMED_UNIT(*) SI_UNIT(.MILLI.,.METRE.) );
#3521 = ( NAMED_UNIT(*) PLANE_ANGLE_UNIT() SI_UNIT($,.RADIAN.) );
#3522 = ( NAMED_UNIT(*) SI_UNIT($,.STERADIAN.) SOLID_ANGLE_UNIT() );
#3523 = UNCERTAINTY_MEASURE_WITH_UNIT(LENGTH_MEASURE(1.E-07),#3520,
  'distance_accuracy_value','confusion accuracy');
#3524 = CONTEXT_DEPENDENT_SHAPE_REPRESENTATION(#3525,#3527);
#3525 = ( REPRESENTATION_RELATIONSHIP('','',#2872,#10) 
REPRESENTATION_RELATIONSHIP_WITH_TRANSFORMATION(#3526) 
SHAPE_REPRESENTATION_RELATIONSHIP() );
#3526 = ITEM_DEFINED_TRANSFORMATION('','',#11,#23);
#3527 = PRODUCT_DEFINITION_SHAPE('Placement','Placement of an item',
  #3528);
#3528 = NEXT_ASSEMBLY_USAGE_OCCURRENCE('253','','',#5,#2867,$);
#3529 = PRODUCT_RELATED_PRODUCT_CATEGORY('part',$,(#2869));
#3530 = SHAPE_DEFINITION_REPRESENTATION(#3531,#3537);
#3531 = PRODUCT_DEFINITION_SHAPE('','',#3532);
#3532 = PRODUCT_DEFINITION('design','',#3533,#3536);
#3533 = PRODUCT_DEFINITION_FORMATION('','',#3534);
#3534 = PRODUCT('Open CASCADE STEP translator 7.8 2.4',
  'Open CASCADE STEP translator 7.8 2.4','',(#3535));
#3535 = PRODUCT_CONTEXT('',#2,'mechanical');
#3536 = PRODUCT_DEFINITION_CONTEXT('part definition',#2,'design');
#3537 = ADVANCED_BREP_SHAPE_REPRESENTATION('',(#11,#3538),#4184);
#3538 = MANIFOLD_SOLID_BREP('',#3539);
#3539 = CLOSED_SHELL('',(#3540,#3660,#3736,#3899,#3948,#4069,#4076,#4123
    ,#4150,#4177));
#3540 = ADVANCED_FACE('',(#3541),#3555,.F.);
#3541 = FACE_BOUND('',#3542,.F.);
#3542 = EDGE_LOOP('',(#3543,#3578,#3606,#3634));
#3543 = ORIENTED_EDGE('',*,*,#3544,.F.);
#3544 = EDGE_CURVE('',#3545,#3547,#3549,.T.);
#3545 = VERTEX_POINT('',#3546);
#3546 = CARTESIAN_POINT('',(83.326342132494,1.00000008274E-07,
    1.000000073859E-07));
#3547 = VERTEX_POINT('',#3548);
#3548 = CARTESIAN_POINT('',(83.326342132494,1.00000008274E-07,0.4800001)
  );
#3549 = SURFACE_CURVE('',#3550,(#3554,#3566),.PCURVE_S1.);
#3550 = LINE('',#3551,#3552);
#3551 = CARTESIAN_POINT('',(83.326342132494,1.00000008274E-07,
    1.000000073859E-07));
#3552 = VECTOR('',#3553,1.);
#3553 = DIRECTION('',(0.,0.,1.));
#3554 = PCURVE('',#3555,#3560);
#3555 = PLANE('',#3556);
#3556 = AXIS2_PLACEMENT_3D('',#3557,#3558,#3559);
#3557 = CARTESIAN_POINT('',(83.326342132494,1.00000008274E-07,
    1.000000073859E-07));
#3558 = DIRECTION('',(1.,0.,0.));
#3559 = DIRECTION('',(0.,0.,1.));
#3560 = DEFINITIONAL_REPRESENTATION('',(#3561),#3565);
#3561 = LINE('',#3562,#3563);
#3562 = CARTESIAN_POINT('',(0.,0.));
#3563 = VECTOR('',#3564,1.);
#3564 = DIRECTION('',(1.,0.));
#3565 = ( GEOMETRIC_REPRESENTATION_CONTEXT(2) 
PARAMETRIC_REPRESENTATION_CONTEXT() REPRESENTATION_CONTEXT('2D SPACE',''
  ) );
#3566 = PCURVE('',#3567,#3572);
#3567 = PLANE('',#3568);
#3568 = AXIS2_PLACEMENT_3D('',#3569,#3570,#3571);
#3569 = CARTESIAN_POINT('',(83.326342132494,1.00000008274E-07,
    1.000000073859E-07));
#3570 = DIRECTION('',(0.,1.,0.));
#3571 = DIRECTION('',(0.,0.,1.));
#3572 = DEFINITIONAL_REPRESENTATION('',(#3573),#3577);
#3573 = LINE('',#3574,#3575);
#3574 = CARTESIAN_POINT('',(0.,0.));
#3575 = VECTOR('',#3576,1.);
#3576 = DIRECTION('',(1.,0.));
#3577 = ( GEOMETRIC_REPRESENTATION_CONTEXT(2) 
PARAMETRIC_REPRESENTATION_CONTEXT() REPRESENTATION_CONTEXT('2D SPACE',''
  ) );
#3578 = ORIENTED_EDGE('',*,*,#3579,.T.);
#3579 = EDGE_CURVE('',#3545,#3580,#3582,.T.);
#3580 = VERTEX_POINT('',#3581);
#3581 = CARTESIAN_POINT('',(83.326342132494,17.7200001,
    1.000000073859E-07));
#3582 = SURFACE_CURVE('',#3583,(#3587,#3594),.PCURVE_S1.);
#3583 = LINE('',#3584,#3585);
#3584 = CARTESIAN_POINT('',(83.326342132494,1.00000008274E-07,
    1.000000073859E-07));
#3585 = VECTOR('',#3586,1.);
#3586 = DIRECTION('',(0.,1.,0.));
#3587 = PCURVE('',#3555,#3588);
#3588 = DEFINITIONAL_REPRESENTATION('',(#3589),#3593);
#3589 = LINE('',#3590,#3591);
#3590 = CARTESIAN_POINT('',(0.,0.));
#3591 = VECTOR('',#3592,1.);
#3592 = DIRECTION('',(0.,-1.));
#3593 = ( GEOMETRIC_REPRESENTATION_CONTEXT(2) 
PARAMETRIC_REPRESENTATION_CONTEXT() REPRESENTATION_CONTEXT('2D SPACE',''
  ) );
#3594 = PCURVE('',#3595,#3600);
#3595 = PLANE('',#3596);
#3596 = AXIS2_PLACEMENT_3D('',#3597,#3598,#3599);
#3597 = CARTESIAN_POINT('',(83.326342132494,1.00000008274E-07,
    1.000000073859E-07));
#3598 = DIRECTION('',(0.,0.,1.));
#3599 = DIRECTION('',(1.,0.,0.));
#3600 = DEFINITIONAL_REPRESENTATION('',(#3601),#3605);
#3601 = LINE('',#3602,#3603);
#3602 = CARTESIAN_POINT('',(0.,0.));
#3603 = VECTOR('',#3604,1.);
#3604 = DIRECTION('',(0.,1.));
#3605 = ( GEOMETRIC_REPRESENTATION_CONTEXT(2) 
PARAMETRIC_REPRESENTATION_CONTEXT() REPRESENTATION_CONTEXT('2D SPACE',''
  ) );
#3606 = ORIENTED_EDGE('',*,*,#3607,.T.);
#3607 = EDGE_CURVE('',#3580,#3608,#3610,.T.);
#3608 = VERTEX_POINT('',#3609);
#3609 = CARTESIAN_POINT('',(83.326342132494,17.7200001,0.4800001));
#3610 = SURFACE_CURVE('',#3611,(#3615,#3622),.PCURVE_S1.);
#3611 = LINE('',#3612,#3613);
#3612 = CARTESIAN_POINT('',(83.326342132494,17.7200001,
    1.000000073859E-07));
#3613 = VECTOR('',#3614,1.);
#3614 = DIRECTION('',(0.,0.,1.));
#3615 = PCURVE('',#3555,#3616);
#3616 = DEFINITIONAL_REPRESENTATION('',(#3617),#3621);
#3617 = LINE('',#3618,#3619);
#3618 = CARTESIAN_POINT('',(0.,-17.72));
#3619 = VECTOR('',#3620,1.);
#3620 = DIRECTION('',(1.,0.));
#3621 = ( GEOMETRIC_REPRESENTATION_CONTEXT(2) 
PARAMETRIC_REPRESENTATION_CONTEXT() REPRESENTATION_CONTEXT('2D SPACE',''
  ) );
#3622 = PCURVE('',#3623,#3628);
#3623 = PLANE('',#3624);
#3624 = AXIS2_PLACEMENT_3D('',#3625,#3626,#3627);
#3625 = CARTESIAN_POINT('',(83.326342132494,17.7200001,
    1.000000073859E-07));
#3626 = DIRECTION('',(0.,1.,0.));
#3627 = DIRECTION('',(0.,0.,1.));
#3628 = DEFINITIONAL_REPRESENTATION('',(#3629),#3633);
#3629 = LINE('',#3630,#3631);
#3630 = CARTESIAN_POINT('',(0.,0.));
#3631 = VECTOR('',#3632,1.);
#3632 = DIRECTION('',(1.,0.));
#3633 = ( GEOMETRIC_REPRESENTATION_CONTEXT(2) 
PARAMETRIC_REPRESENTATION_CONTEXT() REPRESENTATION_CONTEXT('2D SPACE',''
  ) );
#3634 = ORIENTED_EDGE('',*,*,#3635,.F.);
#3635 = EDGE_CURVE('',#3547,#3608,#3636,.T.);
#3636 = SURFACE_CURVE('',#3637,(#3641,#3648),.PCURVE_S1.);
#3637 = LINE('',#3638,#3639);
#3638 = CARTESIAN_POINT('',(83.326342132494,1.00000008274E-07,0.4800001)
  );
#3639 = VECTOR('',#3640,1.);
#3640 = DIRECTION('',(0.,1.,0.));
#3641 = PCURVE('',#3555,#3642);
#3642 = DEFINITIONAL_REPRESENTATION('',(#3643),#3647);
#3643 = LINE('',#3644,#3645);
#3644 = CARTESIAN_POINT('',(0.48,0.));
#3645 = VECTOR('',#3646,1.);
#3646 = DIRECTION('',(0.,-1.));
#3647 = ( GEOMETRIC_REPRESENTATION_CONTEXT(2) 
PARAMETRIC_REPRESENTATION_CONTEXT() REPRESENTATION_CONTEXT('2D SPACE',''
  ) );
#3648 = PCURVE('',#3649,#3654);
#3649 = PLANE('',#3650);
#3650 = AXIS2_PLACEMENT_3D('',#3651,#3652,#3653);
#3651 = CARTESIAN_POINT('',(83.326342132494,1.00000008274E-07,0.4800001)
  );
#3652 = DIRECTION('',(0.,0.,1.));
#3653 = DIRECTION('',(1.,0.,0.));
#3654 = DEFINITIONAL_REPRESENTATION('',(#3655),#3659);
#3655 = LINE('',#3656,#3657);
#3656 = CARTESIAN_POINT('',(0.,0.));
#3657 = VECTOR('',#3658,1.);
#3658 = DIRECTION('',(0.,1.));
#3659 = ( GEOMETRIC_REPRESENTATION_CONTEXT(2) 
PARAMETRIC_REPRESENTATION_CONTEXT() REPRESENTATION_CONTEXT('2D SPACE',''
  ) );
#3660 = ADVANCED_FACE('',(#3661),#3567,.F.);
#3661 = FACE_BOUND('',#3662,.F.);
#3662 = EDGE_LOOP('',(#3663,#3686,#3687,#3710));
#3663 = ORIENTED_EDGE('',*,*,#3664,.F.);
#3664 = EDGE_CURVE('',#3545,#3665,#3667,.T.);
#3665 = VERTEX_POINT('',#3666);
#3666 = CARTESIAN_POINT('',(101.04634213249,1.00000008274E-07,
    1.000000073859E-07));
#3667 = SURFACE_CURVE('',#3668,(#3672,#3679),.PCURVE_S1.);
#3668 = LINE('',#3669,#3670);
#3669 = CARTESIAN_POINT('',(83.326342132494,1.00000008274E-07,
    1.000000073859E-07));
#3670 = VECTOR('',#3671,1.);
#3671 = DIRECTION('',(1.,0.,0.));
#3672 = PCURVE('',#3567,#3673);
#3673 = DEFINITIONAL_REPRESENTATION('',(#3674),#3678);
#3674 = LINE('',#3675,#3676);
#3675 = CARTESIAN_POINT('',(0.,0.));
#3676 = VECTOR('',#3677,1.);
#3677 = DIRECTION('',(0.,1.));
#3678 = ( GEOMETRIC_REPRESENTATION_CONTEXT(2) 
PARAMETRIC_REPRESENTATION_CONTEXT() REPRESENTATION_CONTEXT('2D SPACE',''
  ) );
#3679 = PCURVE('',#3595,#3680);
#3680 = DEFINITIONAL_REPRESENTATION('',(#3681),#3685);
#3681 = LINE('',#3682,#3683);
#3682 = CARTESIAN_POINT('',(0.,0.));
#3683 = VECTOR('',#3684,1.);
#3684 = DIRECTION('',(1.,0.));
#3685 = ( GEOMETRIC_REPRESENTATION_CONTEXT(2) 
PARAMETRIC_REPRESENTATION_CONTEXT() REPRESENTATION_CONTEXT('2D SPACE',''
  ) );
#3686 = ORIENTED_EDGE('',*,*,#3544,.T.);
#3687 = ORIENTED_EDGE('',*,*,#3688,.T.);
#3688 = EDGE_CURVE('',#3547,#3689,#3691,.T.);
#3689 = VERTEX_POINT('',#3690);
#3690 = CARTESIAN_POINT('',(101.04634213249,1.00000008274E-07,0.4800001)
  );
#3691 = SURFACE_CURVE('',#3692,(#3696,#3703),.PCURVE_S1.);
#3692 = LINE('',#3693,#3694);
#3693 = CARTESIAN_POINT('',(83.326342132494,1.00000008274E-07,0.4800001)
  );
#3694 = VECTOR('',#3695,1.);
#3695 = DIRECTION('',(1.,0.,0.));
#3696 = PCURVE('',#3567,#3697);
#3697 = DEFINITIONAL_REPRESENTATION('',(#3698),#3702);
#3698 = LINE('',#3699,#3700);
#3699 = CARTESIAN_POINT('',(0.48,0.));
#3700 = VECTOR('',#3701,1.);
#3701 = DIRECTION('',(0.,1.));
#3702 = ( GEOMETRIC_REPRESENTATION_CONTEXT(2) 
PARAMETRIC_REPRESENTATION_CONTEXT() REPRESENTATION_CONTEXT('2D SPACE',''
  ) );
#3703 = PCURVE('',#3649,#3704);
#3704 = DEFINITIONAL_REPRESENTATION('',(#3705),#3709);
#3705 = LINE('',#3706,#3707);
#3706 = CARTESIAN_POINT('',(0.,0.));
#3707 = VECTOR('',#3708,1.);
#3708 = DIRECTION('',(1.,0.));
#3709 = ( GEOMETRIC_REPRESENTATION_CONTEXT(2) 
PARAMETRIC_REPRESENTATION_CONTEXT() REPRESENTATION_CONTEXT('2D SPACE',''
  ) );
#3710 = ORIENTED_EDGE('',*,*,#3711,.F.);
#3711 = EDGE_CURVE('',#3665,#3689,#3712,.T.);
#3712 = SURFACE_CURVE('',#3713,(#3717,#3724),.PCURVE_S1.);
#3713 = LINE('',#3714,#3715);
#3714 = CARTESIAN_POINT('',(101.04634213249,1.00000008274E-07,
    1.000000073859E-07));
#3715 = VECTOR('',#3716,1.);
#3716 = DIRECTION('',(0.,0.,1.));
#3717 = PCURVE('',#3567,#3718);
#3718 = DEFINITIONAL_REPRESENTATION('',(#3719),#3723);
#3719 = LINE('',#3720,#3721);
#3720 = CARTESIAN_POINT('',(0.,17.72));
#3721 = VECTOR('',#3722,1.);
#3722 = DIRECTION('',(1.,0.));
#3723 = ( GEOMETRIC_REPRESENTATION_CONTEXT(2) 
PARAMETRIC_REPRESENTATION_CONTEXT() REPRESENTATION_CONTEXT('2D SPACE',''
  ) );
#3724 = PCURVE('',#3725,#3730);
#3725 = PLANE('',#3726);
#3726 = AXIS2_PLACEMENT_3D('',#3727,#3728,#3729);
#3727 = CARTESIAN_POINT('',(101.04634213249,1.00000008274E-07,
    1.000000073859E-07));
#3728 = DIRECTION('',(1.,0.,0.));
#3729 = DIRECTION('',(0.,0.,1.));
#3730 = DEFINITIONAL_REPRESENTATION('',(#3731),#3735);
#3731 = LINE('',#3732,#3733);
#3732 = CARTESIAN_POINT('',(0.,0.));
#3733 = VECTOR('',#3734,1.);
#3734 = DIRECTION('',(1.,0.));
#3735 = ( GEOMETRIC_REPRESENTATION_CONTEXT(2) 
PARAMETRIC_REPRESENTATION_CONTEXT() REPRESENTATION_CONTEXT('2D SPACE',''
  ) );
#3736 = ADVANCED_FACE('',(#3737,#3785),#3649,.T.);
#3737 = FACE_BOUND('',#3738,.T.);
#3738 = EDGE_LOOP('',(#3739,#3740,#3741,#3764));
#3739 = ORIENTED_EDGE('',*,*,#3635,.F.);
#3740 = ORIENTED_EDGE('',*,*,#3688,.T.);
#3741 = ORIENTED_EDGE('',*,*,#3742,.T.);
#3742 = EDGE_CURVE('',#3689,#3743,#3745,.T.);
#3743 = VERTEX_POINT('',#3744);
#3744 = CARTESIAN_POINT('',(101.04634213249,17.7200001,0.4800001));
#3745 = SURFACE_CURVE('',#3746,(#3750,#3757),.PCURVE_S1.);
#3746 = LINE('',#3747,#3748);
#3747 = CARTESIAN_POINT('',(101.04634213249,1.00000008274E-07,0.4800001)
  );
#3748 = VECTOR('',#3749,1.);
#3749 = DIRECTION('',(0.,1.,0.));
#3750 = PCURVE('',#3649,#3751);
#3751 = DEFINITIONAL_REPRESENTATION('',(#3752),#3756);
#3752 = LINE('',#3753,#3754);
#3753 = CARTESIAN_POINT('',(17.72,0.));
#3754 = VECTOR('',#3755,1.);
#3755 = DIRECTION('',(0.,1.));
#3756 = ( GEOMETRIC_REPRESENTATION_CONTEXT(2) 
PARAMETRIC_REPRESENTATION_CONTEXT() REPRESENTATION_CONTEXT('2D SPACE',''
  ) );
#3757 = PCURVE('',#3725,#3758);
#3758 = DEFINITIONAL_REPRESENTATION('',(#3759),#3763);
#3759 = LINE('',#3760,#3761);
#3760 = CARTESIAN_POINT('',(0.48,0.));
#3761 = VECTOR('',#3762,1.);
#3762 = DIRECTION('',(0.,-1.));
#3763 = ( GEOMETRIC_REPRESENTATION_CONTEXT(2) 
PARAMETRIC_REPRESENTATION_CONTEXT() REPRESENTATION_CONTEXT('2D SPACE',''
  ) );
#3764 = ORIENTED_EDGE('',*,*,#3765,.F.);
#3765 = EDGE_CURVE('',#3608,#3743,#3766,.T.);
#3766 = SURFACE_CURVE('',#3767,(#3771,#3778),.PCURVE_S1.);
#3767 = LINE('',#3768,#3769);
#3768 = CARTESIAN_POINT('',(83.326342132494,17.7200001,0.4800001));
#3769 = VECTOR('',#3770,1.);
#3770 = DIRECTION('',(1.,0.,0.));
#3771 = PCURVE('',#3649,#3772);
#3772 = DEFINITIONAL_REPRESENTATION('',(#3773),#3777);
#3773 = LINE('',#3774,#3775);
#3774 = CARTESIAN_POINT('',(0.,17.72));
#3775 = VECTOR('',#3776,1.);
#3776 = DIRECTION('',(1.,0.));
#3777 = ( GEOMETRIC_REPRESENTATION_CONTEXT(2) 
PARAMETRIC_REPRESENTATION_CONTEXT() REPRESENTATION_CONTEXT('2D SPACE',''
  ) );
#3778 = PCURVE('',#3623,#3779);
#3779 = DEFINITIONAL_REPRESENTATION('',(#3780),#3784);
#3780 = LINE('',#3781,#3782);
#3781 = CARTESIAN_POINT('',(0.48,0.));
#3782 = VECTOR('',#3783,1.);
#3783 = DIRECTION('',(0.,1.));
#3784 = ( GEOMETRIC_REPRESENTATION_CONTEXT(2) 
PARAMETRIC_REPRESENTATION_CONTEXT() REPRESENTATION_CONTEXT('2D SPACE',''
  ) );
#3785 = FACE_BOUND('',#3786,.T.);
#3786 = EDGE_LOOP('',(#3787,#3817,#3845,#3873));
#3787 = ORIENTED_EDGE('',*,*,#3788,.T.);
#3788 = EDGE_CURVE('',#3789,#3791,#3793,.T.);
#3789 = VERTEX_POINT('',#3790);
#3790 = CARTESIAN_POINT('',(100.56134213249,0.4850001,0.4800001));
#3791 = VERTEX_POINT('',#3792);
#3792 = CARTESIAN_POINT('',(83.811342132494,0.4850001,0.4800001));
#3793 = SURFACE_CURVE('',#3794,(#3798,#3805),.PCURVE_S1.);
#3794 = LINE('',#3795,#3796);
#3795 = CARTESIAN_POINT('',(83.568842132494,0.4850001,0.4800001));
#3796 = VECTOR('',#3797,1.);
#3797 = DIRECTION('',(-1.,0.,0.));
#3798 = PCURVE('',#3649,#3799);
#3799 = DEFINITIONAL_REPRESENTATION('',(#3800),#3804);
#3800 = LINE('',#3801,#3802);
#3801 = CARTESIAN_POINT('',(0.2425,0.485));
#3802 = VECTOR('',#3803,1.);
#3803 = DIRECTION('',(-1.,0.));
#3804 = ( GEOMETRIC_REPRESENTATION_CONTEXT(2) 
PARAMETRIC_REPRESENTATION_CONTEXT() REPRESENTATION_CONTEXT('2D SPACE',''
  ) );
#3805 = PCURVE('',#3806,#3811);
#3806 = PLANE('',#3807);
#3807 = AXIS2_PLACEMENT_3D('',#3808,#3809,#3810);
#3808 = CARTESIAN_POINT('',(83.811342132494,0.4850001,
    -9.999989999999E-02));
#3809 = DIRECTION('',(0.,1.,0.));
#3810 = DIRECTION('',(0.,0.,1.));
#3811 = DEFINITIONAL_REPRESENTATION('',(#3812),#3816);
#3812 = LINE('',#3813,#3814);
#3813 = CARTESIAN_POINT('',(0.58,-0.2425));
#3814 = VECTOR('',#3815,1.);
#3815 = DIRECTION('',(0.,-1.));
#3816 = ( GEOMETRIC_REPRESENTATION_CONTEXT(2) 
PARAMETRIC_REPRESENTATION_CONTEXT() REPRESENTATION_CONTEXT('2D SPACE',''
  ) );
#3817 = ORIENTED_EDGE('',*,*,#3818,.T.);
#3818 = EDGE_CURVE('',#3791,#3819,#3821,.T.);
#3819 = VERTEX_POINT('',#3820);
#3820 = CARTESIAN_POINT('',(83.811342132494,17.2350001,0.4800001));
#3821 = SURFACE_CURVE('',#3822,(#3826,#3833),.PCURVE_S1.);
#3822 = LINE('',#3823,#3824);
#3823 = CARTESIAN_POINT('',(83.811342132494,0.2425001,0.4800001));
#3824 = VECTOR('',#3825,1.);
#3825 = DIRECTION('',(0.,1.,0.));
#3826 = PCURVE('',#3649,#3827);
#3827 = DEFINITIONAL_REPRESENTATION('',(#3828),#3832);
#3828 = LINE('',#3829,#3830);
#3829 = CARTESIAN_POINT('',(0.485,0.2425));
#3830 = VECTOR('',#3831,1.);
#3831 = DIRECTION('',(0.,1.));
#3832 = ( GEOMETRIC_REPRESENTATION_CONTEXT(2) 
PARAMETRIC_REPRESENTATION_CONTEXT() REPRESENTATION_CONTEXT('2D SPACE',''
  ) );
#3833 = PCURVE('',#3834,#3839);
#3834 = PLANE('',#3835);
#3835 = AXIS2_PLACEMENT_3D('',#3836,#3837,#3838);
#3836 = CARTESIAN_POINT('',(83.811342132494,0.4850001,
    -9.999989999999E-02));
#3837 = DIRECTION('',(1.,0.,0.));
#3838 = DIRECTION('',(0.,0.,1.));
#3839 = DEFINITIONAL_REPRESENTATION('',(#3840),#3844);
#3840 = LINE('',#3841,#3842);
#3841 = CARTESIAN_POINT('',(0.58,0.2425));
#3842 = VECTOR('',#3843,1.);
#3843 = DIRECTION('',(0.,-1.));
#3844 = ( GEOMETRIC_REPRESENTATION_CONTEXT(2) 
PARAMETRIC_REPRESENTATION_CONTEXT() REPRESENTATION_CONTEXT('2D SPACE',''
  ) );
#3845 = ORIENTED_EDGE('',*,*,#3846,.F.);
#3846 = EDGE_CURVE('',#3847,#3819,#3849,.T.);
#3847 = VERTEX_POINT('',#3848);
#3848 = CARTESIAN_POINT('',(100.56134213249,17.2350001,0.4800001));
#3849 = SURFACE_CURVE('',#3850,(#3854,#3861),.PCURVE_S1.);
#3850 = LINE('',#3851,#3852);
#3851 = CARTESIAN_POINT('',(83.568842132494,17.2350001,0.4800001));
#3852 = VECTOR('',#3853,1.);
#3853 = DIRECTION('',(-1.,0.,0.));
#3854 = PCURVE('',#3649,#3855);
#3855 = DEFINITIONAL_REPRESENTATION('',(#3856),#3860);
#3856 = LINE('',#3857,#3858);
#3857 = CARTESIAN_POINT('',(0.2425,17.235));
#3858 = VECTOR('',#3859,1.);
#3859 = DIRECTION('',(-1.,0.));
#3860 = ( GEOMETRIC_REPRESENTATION_CONTEXT(2) 
PARAMETRIC_REPRESENTATION_CONTEXT() REPRESENTATION_CONTEXT('2D SPACE',''
  ) );
#3861 = PCURVE('',#3862,#3867);
#3862 = PLANE('',#3863);
#3863 = AXIS2_PLACEMENT_3D('',#3864,#3865,#3866);
#3864 = CARTESIAN_POINT('',(83.811342132494,17.2350001,
    -9.999989999999E-02));
#3865 = DIRECTION('',(0.,1.,0.));
#3866 = DIRECTION('',(0.,0.,1.));
#3867 = DEFINITIONAL_REPRESENTATION('',(#3868),#3872);
#3868 = LINE('',#3869,#3870);
#3869 = CARTESIAN_POINT('',(0.58,-0.2425));
#3870 = VECTOR('',#3871,1.);
#3871 = DIRECTION('',(0.,-1.));
#3872 = ( GEOMETRIC_REPRESENTATION_CONTEXT(2) 
PARAMETRIC_REPRESENTATION_CONTEXT() REPRESENTATION_CONTEXT('2D SPACE',''
  ) );
#3873 = ORIENTED_EDGE('',*,*,#3874,.F.);
#3874 = EDGE_CURVE('',#3789,#3847,#3875,.T.);
#3875 = SURFACE_CURVE('',#3876,(#3880,#3887),.PCURVE_S1.);
#3876 = LINE('',#3877,#3878);
#3877 = CARTESIAN_POINT('',(100.56134213249,0.2425001,0.4800001));
#3878 = VECTOR('',#3879,1.);
#3879 = DIRECTION('',(0.,1.,0.));
#3880 = PCURVE('',#3649,#3881);
#3881 = DEFINITIONAL_REPRESENTATION('',(#3882),#3886);
#3882 = LINE('',#3883,#3884);
#3883 = CARTESIAN_POINT('',(17.235,0.2425));
#3884 = VECTOR('',#3885,1.);
#3885 = DIRECTION('',(0.,1.));
#3886 = ( GEOMETRIC_REPRESENTATION_CONTEXT(2) 
PARAMETRIC_REPRESENTATION_CONTEXT() REPRESENTATION_CONTEXT('2D SPACE',''
  ) );
#3887 = PCURVE('',#3888,#3893);
#3888 = PLANE('',#3889);
#3889 = AXIS2_PLACEMENT_3D('',#3890,#3891,#3892);
#3890 = CARTESIAN_POINT('',(100.56134213249,0.4850001,
    -9.999989999999E-02));
#3891 = DIRECTION('',(1.,0.,0.));
#3892 = DIRECTION('',(0.,0.,1.));
#3893 = DEFINITIONAL_REPRESENTATION('',(#3894),#3898);
#3894 = LINE('',#3895,#3896);
#3895 = CARTESIAN_POINT('',(0.58,0.2425));
#3896 = VECTOR('',#3897,1.);
#3897 = DIRECTION('',(0.,-1.));
#3898 = ( GEOMETRIC_REPRESENTATION_CONTEXT(2) 
PARAMETRIC_REPRESENTATION_CONTEXT() REPRESENTATION_CONTEXT('2D SPACE',''
  ) );
#3899 = ADVANCED_FACE('',(#3900),#3623,.T.);
#3900 = FACE_BOUND('',#3901,.T.);
#3901 = EDGE_LOOP('',(#3902,#3925,#3926,#3927));
#3902 = ORIENTED_EDGE('',*,*,#3903,.F.);
#3903 = EDGE_CURVE('',#3580,#3904,#3906,.T.);
#3904 = VERTEX_POINT('',#3905);
#3905 = CARTESIAN_POINT('',(101.04634213249,17.7200001,
    1.000000073859E-07));
#3906 = SURFACE_CURVE('',#3907,(#3911,#3918),.PCURVE_S1.);
#3907 = LINE('',#3908,#3909);
#3908 = CARTESIAN_POINT('',(83.326342132494,17.7200001,
    1.000000073859E-07));
#3909 = VECTOR('',#3910,1.);
#3910 = DIRECTION('',(1.,0.,0.));
#3911 = PCURVE('',#3623,#3912);
#3912 = DEFINITIONAL_REPRESENTATION('',(#3913),#3917);
#3913 = LINE('',#3914,#3915);
#3914 = CARTESIAN_POINT('',(0.,0.));
#3915 = VECTOR('',#3916,1.);
#3916 = DIRECTION('',(0.,1.));
#3917 = ( GEOMETRIC_REPRESENTATION_CONTEXT(2) 
PARAMETRIC_REPRESENTATION_CONTEXT() REPRESENTATION_CONTEXT('2D SPACE',''
  ) );
#3918 = PCURVE('',#3595,#3919);
#3919 = DEFINITIONAL_REPRESENTATION('',(#3920),#3924);
#3920 = LINE('',#3921,#3922);
#3921 = CARTESIAN_POINT('',(0.,17.72));
#3922 = VECTOR('',#3923,1.);
#3923 = DIRECTION('',(1.,0.));
#3924 = ( GEOMETRIC_REPRESENTATION_CONTEXT(2) 
PARAMETRIC_REPRESENTATION_CONTEXT() REPRESENTATION_CONTEXT('2D SPACE',''
  ) );
#3925 = ORIENTED_EDGE('',*,*,#3607,.T.);
#3926 = ORIENTED_EDGE('',*,*,#3765,.T.);
#3927 = ORIENTED_EDGE('',*,*,#3928,.F.);
#3928 = EDGE_CURVE('',#3904,#3743,#3929,.T.);
#3929 = SURFACE_CURVE('',#3930,(#3934,#3941),.PCURVE_S1.);
#3930 = LINE('',#3931,#3932);
#3931 = CARTESIAN_POINT('',(101.04634213249,17.7200001,
    1.000000073859E-07));
#3932 = VECTOR('',#3933,1.);
#3933 = DIRECTION('',(0.,0.,1.));
#3934 = PCURVE('',#3623,#3935);
#3935 = DEFINITIONAL_REPRESENTATION('',(#3936),#3940);
#3936 = LINE('',#3937,#3938);
#3937 = CARTESIAN_POINT('',(0.,17.72));
#3938 = VECTOR('',#3939,1.);
#3939 = DIRECTION('',(1.,0.));
#3940 = ( GEOMETRIC_REPRESENTATION_CONTEXT(2) 
PARAMETRIC_REPRESENTATION_CONTEXT() REPRESENTATION_CONTEXT('2D SPACE',''
  ) );
#3941 = PCURVE('',#3725,#3942);
#3942 = DEFINITIONAL_REPRESENTATION('',(#3943),#3947);
#3943 = LINE('',#3944,#3945);
#3944 = CARTESIAN_POINT('',(0.,-17.72));
#3945 = VECTOR('',#3946,1.);
#3946 = DIRECTION('',(1.,0.));
#3947 = ( GEOMETRIC_REPRESENTATION_CONTEXT(2) 
PARAMETRIC_REPRESENTATION_CONTEXT() REPRESENTATION_CONTEXT('2D SPACE',''
  ) );
#3948 = ADVANCED_FACE('',(#3949,#3975),#3595,.F.);
#3949 = FACE_BOUND('',#3950,.F.);
#3950 = EDGE_LOOP('',(#3951,#3952,#3953,#3974));
#3951 = ORIENTED_EDGE('',*,*,#3579,.F.);
#3952 = ORIENTED_EDGE('',*,*,#3664,.T.);
#3953 = ORIENTED_EDGE('',*,*,#3954,.T.);
#3954 = EDGE_CURVE('',#3665,#3904,#3955,.T.);
#3955 = SURFACE_CURVE('',#3956,(#3960,#3967),.PCURVE_S1.);
#3956 = LINE('',#3957,#3958);
#3957 = CARTESIAN_POINT('',(101.04634213249,1.00000008274E-07,
    1.000000073859E-07));
#3958 = VECTOR('',#3959,1.);
#3959 = DIRECTION('',(0.,1.,0.));
#3960 = PCURVE('',#3595,#3961);
#3961 = DEFINITIONAL_REPRESENTATION('',(#3962),#3966);
#3962 = LINE('',#3963,#3964);
#3963 = CARTESIAN_POINT('',(17.72,0.));
#3964 = VECTOR('',#3965,1.);
#3965 = DIRECTION('',(0.,1.));
#3966 = ( GEOMETRIC_REPRESENTATION_CONTEXT(2) 
PARAMETRIC_REPRESENTATION_CONTEXT() REPRESENTATION_CONTEXT('2D SPACE',''
  ) );
#3967 = PCURVE('',#3725,#3968);
#3968 = DEFINITIONAL_REPRESENTATION('',(#3969),#3973);
#3969 = LINE('',#3970,#3971);
#3970 = CARTESIAN_POINT('',(0.,0.));
#3971 = VECTOR('',#3972,1.);
#3972 = DIRECTION('',(0.,-1.));
#3973 = ( GEOMETRIC_REPRESENTATION_CONTEXT(2) 
PARAMETRIC_REPRESENTATION_CONTEXT() REPRESENTATION_CONTEXT('2D SPACE',''
  ) );
#3974 = ORIENTED_EDGE('',*,*,#3903,.F.);
#3975 = FACE_BOUND('',#3976,.F.);
#3976 = EDGE_LOOP('',(#3977,#4002,#4025,#4048));
#3977 = ORIENTED_EDGE('',*,*,#3978,.T.);
#3978 = EDGE_CURVE('',#3979,#3981,#3983,.T.);
#3979 = VERTEX_POINT('',#3980);
#3980 = CARTESIAN_POINT('',(100.56134213249,0.4850001,1.000000073859E-07
    ));
#3981 = VERTEX_POINT('',#3982);
#3982 = CARTESIAN_POINT('',(83.811342132494,0.4850001,1.000000073859E-07
    ));
#3983 = SURFACE_CURVE('',#3984,(#3988,#3995),.PCURVE_S1.);
#3984 = LINE('',#3985,#3986);
#3985 = CARTESIAN_POINT('',(83.568842132494,0.4850001,1.000000073859E-07
    ));
#3986 = VECTOR('',#3987,1.);
#3987 = DIRECTION('',(-1.,0.,0.));
#3988 = PCURVE('',#3595,#3989);
#3989 = DEFINITIONAL_REPRESENTATION('',(#3990),#3994);
#3990 = LINE('',#3991,#3992);
#3991 = CARTESIAN_POINT('',(0.2425,0.485));
#3992 = VECTOR('',#3993,1.);
#3993 = DIRECTION('',(-1.,0.));
#3994 = ( GEOMETRIC_REPRESENTATION_CONTEXT(2) 
PARAMETRIC_REPRESENTATION_CONTEXT() REPRESENTATION_CONTEXT('2D SPACE',''
  ) );
#3995 = PCURVE('',#3806,#3996);
#3996 = DEFINITIONAL_REPRESENTATION('',(#3997),#4001);
#3997 = LINE('',#3998,#3999);
#3998 = CARTESIAN_POINT('',(1.E-01,-0.2425));
#3999 = VECTOR('',#4000,1.);
#4000 = DIRECTION('',(0.,-1.));
#4001 = ( GEOMETRIC_REPRESENTATION_CONTEXT(2) 
PARAMETRIC_REPRESENTATION_CONTEXT() REPRESENTATION_CONTEXT('2D SPACE',''
  ) );
#4002 = ORIENTED_EDGE('',*,*,#4003,.T.);
#4003 = EDGE_CURVE('',#3981,#4004,#4006,.T.);
#4004 = VERTEX_POINT('',#4005);
#4005 = CARTESIAN_POINT('',(83.811342132494,17.2350001,
    1.000000073859E-07));
#4006 = SURFACE_CURVE('',#4007,(#4011,#4018),.PCURVE_S1.);
#4007 = LINE('',#4008,#4009);
#4008 = CARTESIAN_POINT('',(83.811342132494,0.2425001,1.000000073859E-07
    ));
#4009 = VECTOR('',#4010,1.);
#4010 = DIRECTION('',(0.,1.,0.));
#4011 = PCURVE('',#3595,#4012);
#4012 = DEFINITIONAL_REPRESENTATION('',(#4013),#4017);
#4013 = LINE('',#4014,#4015);
#4014 = CARTESIAN_POINT('',(0.485,0.2425));
#4015 = VECTOR('',#4016,1.);
#4016 = DIRECTION('',(0.,1.));
#4017 = ( GEOMETRIC_REPRESENTATION_CONTEXT(2) 
PARAMETRIC_REPRESENTATION_CONTEXT() REPRESENTATION_CONTEXT('2D SPACE',''
  ) );
#4018 = PCURVE('',#3834,#4019);
#4019 = DEFINITIONAL_REPRESENTATION('',(#4020),#4024);
#4020 = LINE('',#4021,#4022);
#4021 = CARTESIAN_POINT('',(1.E-01,0.2425));
#4022 = VECTOR('',#4023,1.);
#4023 = DIRECTION('',(0.,-1.));
#4024 = ( GEOMETRIC_REPRESENTATION_CONTEXT(2) 
PARAMETRIC_REPRESENTATION_CONTEXT() REPRESENTATION_CONTEXT('2D SPACE',''
  ) );
#4025 = ORIENTED_EDGE('',*,*,#4026,.F.);
#4026 = EDGE_CURVE('',#4027,#4004,#4029,.T.);
#4027 = VERTEX_POINT('',#4028);
#4028 = CARTESIAN_POINT('',(100.56134213249,17.2350001,
    1.000000073859E-07));
#4029 = SURFACE_CURVE('',#4030,(#4034,#4041),.PCURVE_S1.);
#4030 = LINE('',#4031,#4032);
#4031 = CARTESIAN_POINT('',(83.568842132494,17.2350001,
    1.000000073859E-07));
#4032 = VECTOR('',#4033,1.);
#4033 = DIRECTION('',(-1.,0.,0.));
#4034 = PCURVE('',#3595,#4035);
#4035 = DEFINITIONAL_REPRESENTATION('',(#4036),#4040);
#4036 = LINE('',#4037,#4038);
#4037 = CARTESIAN_POINT('',(0.2425,17.235));
#4038 = VECTOR('',#4039,1.);
#4039 = DIRECTION('',(-1.,0.));
#4040 = ( GEOMETRIC_REPRESENTATION_CONTEXT(2) 
PARAMETRIC_REPRESENTATION_CONTEXT() REPRESENTATION_CONTEXT('2D SPACE',''
  ) );
#4041 = PCURVE('',#3862,#4042);
#4042 = DEFINITIONAL_REPRESENTATION('',(#4043),#4047);
#4043 = LINE('',#4044,#4045);
#4044 = CARTESIAN_POINT('',(1.E-01,-0.2425));
#4045 = VECTOR('',#4046,1.);
#4046 = DIRECTION('',(0.,-1.));
#4047 = ( GEOMETRIC_REPRESENTATION_CONTEXT(2) 
PARAMETRIC_REPRESENTATION_CONTEXT() REPRESENTATION_CONTEXT('2D SPACE',''
  ) );
#4048 = ORIENTED_EDGE('',*,*,#4049,.F.);
#4049 = EDGE_CURVE('',#3979,#4027,#4050,.T.);
#4050 = SURFACE_CURVE('',#4051,(#4055,#4062),.PCURVE_S1.);
#4051 = LINE('',#4052,#4053);
#4052 = CARTESIAN_POINT('',(100.56134213249,0.2425001,1.000000073859E-07
    ));
#4053 = VECTOR('',#4054,1.);
#4054 = DIRECTION('',(0.,1.,0.));
#4055 = PCURVE('',#3595,#4056);
#4056 = DEFINITIONAL_REPRESENTATION('',(#4057),#4061);
#4057 = LINE('',#4058,#4059);
#4058 = CARTESIAN_POINT('',(17.235,0.2425));
#4059 = VECTOR('',#4060,1.);
#4060 = DIRECTION('',(0.,1.));
#4061 = ( GEOMETRIC_REPRESENTATION_CONTEXT(2) 
PARAMETRIC_REPRESENTATION_CONTEXT() REPRESENTATION_CONTEXT('2D SPACE',''
  ) );
#4062 = PCURVE('',#3888,#4063);
#4063 = DEFINITIONAL_REPRESENTATION('',(#4064),#4068);
#4064 = LINE('',#4065,#4066);
#4065 = CARTESIAN_POINT('',(1.E-01,0.2425));
#4066 = VECTOR('',#4067,1.);
#4067 = DIRECTION('',(0.,-1.));
#4068 = ( GEOMETRIC_REPRESENTATION_CONTEXT(2) 
PARAMETRIC_REPRESENTATION_CONTEXT() REPRESENTATION_CONTEXT('2D SPACE',''
  ) );
#4069 = ADVANCED_FACE('',(#4070),#3725,.T.);
#4070 = FACE_BOUND('',#4071,.T.);
#4071 = EDGE_LOOP('',(#4072,#4073,#4074,#4075));
#4072 = ORIENTED_EDGE('',*,*,#3711,.F.);
#4073 = ORIENTED_EDGE('',*,*,#3954,.T.);
#4074 = ORIENTED_EDGE('',*,*,#3928,.T.);
#4075 = ORIENTED_EDGE('',*,*,#3742,.F.);
#4076 = ADVANCED_FACE('',(#4077),#3806,.T.);
#4077 = FACE_BOUND('',#4078,.T.);
#4078 = EDGE_LOOP('',(#4079,#4100,#4101,#4122));
#4079 = ORIENTED_EDGE('',*,*,#4080,.F.);
#4080 = EDGE_CURVE('',#3979,#3789,#4081,.T.);
#4081 = SURFACE_CURVE('',#4082,(#4086,#4093),.PCURVE_S1.);
#4082 = LINE('',#4083,#4084);
#4083 = CARTESIAN_POINT('',(100.56134213249,0.4850001,
    -9.999989999999E-02));
#4084 = VECTOR('',#4085,1.);
#4085 = DIRECTION('',(0.,0.,1.));
#4086 = PCURVE('',#3806,#4087);
#4087 = DEFINITIONAL_REPRESENTATION('',(#4088),#4092);
#4088 = LINE('',#4089,#4090);
#4089 = CARTESIAN_POINT('',(0.,16.75));
#4090 = VECTOR('',#4091,1.);
#4091 = DIRECTION('',(1.,0.));
#4092 = ( GEOMETRIC_REPRESENTATION_CONTEXT(2) 
PARAMETRIC_REPRESENTATION_CONTEXT() REPRESENTATION_CONTEXT('2D SPACE',''
  ) );
#4093 = PCURVE('',#3888,#4094);
#4094 = DEFINITIONAL_REPRESENTATION('',(#4095),#4099);
#4095 = LINE('',#4096,#4097);
#4096 = CARTESIAN_POINT('',(0.,0.));
#4097 = VECTOR('',#4098,1.);
#4098 = DIRECTION('',(1.,0.));
#4099 = ( GEOMETRIC_REPRESENTATION_CONTEXT(2) 
PARAMETRIC_REPRESENTATION_CONTEXT() REPRESENTATION_CONTEXT('2D SPACE',''
  ) );
#4100 = ORIENTED_EDGE('',*,*,#3978,.T.);
#4101 = ORIENTED_EDGE('',*,*,#4102,.T.);
#4102 = EDGE_CURVE('',#3981,#3791,#4103,.T.);
#4103 = SURFACE_CURVE('',#4104,(#4108,#4115),.PCURVE_S1.);
#4104 = LINE('',#4105,#4106);
#4105 = CARTESIAN_POINT('',(83.811342132494,0.4850001,
    -9.999989999999E-02));
#4106 = VECTOR('',#4107,1.);
#4107 = DIRECTION('',(0.,0.,1.));
#4108 = PCURVE('',#3806,#4109);
#4109 = DEFINITIONAL_REPRESENTATION('',(#4110),#4114);
#4110 = LINE('',#4111,#4112);
#4111 = CARTESIAN_POINT('',(0.,0.));
#4112 = VECTOR('',#4113,1.);
#4113 = DIRECTION('',(1.,0.));
#4114 = ( GEOMETRIC_REPRESENTATION_CONTEXT(2) 
PARAMETRIC_REPRESENTATION_CONTEXT() REPRESENTATION_CONTEXT('2D SPACE',''
  ) );
#4115 = PCURVE('',#3834,#4116);
#4116 = DEFINITIONAL_REPRESENTATION('',(#4117),#4121);
#4117 = LINE('',#4118,#4119);
#4118 = CARTESIAN_POINT('',(0.,0.));
#4119 = VECTOR('',#4120,1.);
#4120 = DIRECTION('',(1.,0.));
#4121 = ( GEOMETRIC_REPRESENTATION_CONTEXT(2) 
PARAMETRIC_REPRESENTATION_CONTEXT() REPRESENTATION_CONTEXT('2D SPACE',''
  ) );
#4122 = ORIENTED_EDGE('',*,*,#3788,.F.);
#4123 = ADVANCED_FACE('',(#4124),#3888,.F.);
#4124 = FACE_BOUND('',#4125,.F.);
#4125 = EDGE_LOOP('',(#4126,#4127,#4128,#4149));
#4126 = ORIENTED_EDGE('',*,*,#4080,.F.);
#4127 = ORIENTED_EDGE('',*,*,#4049,.T.);
#4128 = ORIENTED_EDGE('',*,*,#4129,.T.);
#4129 = EDGE_CURVE('',#4027,#3847,#4130,.T.);
#4130 = SURFACE_CURVE('',#4131,(#4135,#4142),.PCURVE_S1.);
#4131 = LINE('',#4132,#4133);
#4132 = CARTESIAN_POINT('',(100.56134213249,17.2350001,
    -9.999989999999E-02));
#4133 = VECTOR('',#4134,1.);
#4134 = DIRECTION('',(0.,0.,1.));
#4135 = PCURVE('',#3888,#4136);
#4136 = DEFINITIONAL_REPRESENTATION('',(#4137),#4141);
#4137 = LINE('',#4138,#4139);
#4138 = CARTESIAN_POINT('',(0.,-16.75));
#4139 = VECTOR('',#4140,1.);
#4140 = DIRECTION('',(1.,0.));
#4141 = ( GEOMETRIC_REPRESENTATION_CONTEXT(2) 
PARAMETRIC_REPRESENTATION_CONTEXT() REPRESENTATION_CONTEXT('2D SPACE',''
  ) );
#4142 = PCURVE('',#3862,#4143);
#4143 = DEFINITIONAL_REPRESENTATION('',(#4144),#4148);
#4144 = LINE('',#4145,#4146);
#4145 = CARTESIAN_POINT('',(0.,16.75));
#4146 = VECTOR('',#4147,1.);
#4147 = DIRECTION('',(1.,0.));
#4148 = ( GEOMETRIC_REPRESENTATION_CONTEXT(2) 
PARAMETRIC_REPRESENTATION_CONTEXT() REPRESENTATION_CONTEXT('2D SPACE',''
  ) );
#4149 = ORIENTED_EDGE('',*,*,#3874,.F.);
#4150 = ADVANCED_FACE('',(#4151),#3862,.F.);
#4151 = FACE_BOUND('',#4152,.F.);
#4152 = EDGE_LOOP('',(#4153,#4154,#4155,#4176));
#4153 = ORIENTED_EDGE('',*,*,#4129,.F.);
#4154 = ORIENTED_EDGE('',*,*,#4026,.T.);
#4155 = ORIENTED_EDGE('',*,*,#4156,.T.);
#4156 = EDGE_CURVE('',#4004,#3819,#4157,.T.);
#4157 = SURFACE_CURVE('',#4158,(#4162,#4169),.PCURVE_S1.);
#4158 = LINE('',#4159,#4160);
#4159 = CARTESIAN_POINT('',(83.811342132494,17.2350001,
    -9.999989999999E-02));
#4160 = VECTOR('',#4161,1.);
#4161 = DIRECTION('',(0.,0.,1.));
#4162 = PCURVE('',#3862,#4163);
#4163 = DEFINITIONAL_REPRESENTATION('',(#4164),#4168);
#4164 = LINE('',#4165,#4166);
#4165 = CARTESIAN_POINT('',(0.,0.));
#4166 = VECTOR('',#4167,1.);
#4167 = DIRECTION('',(1.,0.));
#4168 = ( GEOMETRIC_REPRESENTATION_CONTEXT(2) 
PARAMETRIC_REPRESENTATION_CONTEXT() REPRESENTATION_CONTEXT('2D SPACE',''
  ) );
#4169 = PCURVE('',#3834,#4170);
#4170 = DEFINITIONAL_REPRESENTATION('',(#4171),#4175);
#4171 = LINE('',#4172,#4173);
#4172 = CARTESIAN_POINT('',(0.,-16.75));
#4173 = VECTOR('',#4174,1.);
#4174 = DIRECTION('',(1.,0.));
#4175 = ( GEOMETRIC_REPRESENTATION_CONTEXT(2) 
PARAMETRIC_REPRESENTATION_CONTEXT() REPRESENTATION_CONTEXT('2D SPACE',''
  ) );
#4176 = ORIENTED_EDGE('',*,*,#3846,.F.);
#4177 = ADVANCED_FACE('',(#4178),#3834,.T.);
#4178 = FACE_BOUND('',#4179,.T.);
#4179 = EDGE_LOOP('',(#4180,#4181,#4182,#4183));
#4180 = ORIENTED_EDGE('',*,*,#4102,.F.);
#4181 = ORIENTED_EDGE('',*,*,#4003,.T.);
#4182 = ORIENTED_EDGE('',*,*,#4156,.T.);
#4183 = ORIENTED_EDGE('',*,*,#3818,.F.);
#4184 = ( GEOMETRIC_REPRESENTATION_CONTEXT(3) 
GLOBAL_UNCERTAINTY_ASSIGNED_CONTEXT((#4188)) 
GLOBAL_UNIT_ASSIGNED_CONTEXT((#4185,#4186,#4187)) REPRESENTATION_CONTEXT
('Context #1','3D Context with UNIT and UNCERTAINTY') );
#4185 = ( LENGTH_UNIT() NAMED_UNIT(*) SI_UNIT(.MILLI.,.METRE.) );
#4186 = ( NAMED_UNIT(*) PLANE_ANGLE_UNIT() SI_UNIT($,.RADIAN.) );
#4187 = ( NAMED_UNIT(*) SI_UNIT($,.STERADIAN.) SOLID_ANGLE_UNIT() );
#4188 = UNCERTAINTY_MEASURE_WITH_UNIT(LENGTH_MEASURE(1.E-07),#4185,
  'distance_accuracy_value','confusion accuracy');
#4189 = CONTEXT_DEPENDENT_SHAPE_REPRESENTATION(#4190,#4192);
#4190 = ( REPRESENTATION_RELATIONSHIP('','',#3537,#10) 
REPRESENTATION_RELATIONSHIP_WITH_TRANSFORMATION(#4191) 
SHAPE_REPRESENTATION_RELATIONSHIP() );
#4191 = ITEM_DEFINED_TRANSFORMATION('','',#11,#27);
#4192 = PRODUCT_DEFINITION_SHAPE('Placement','Placement of an item',
  #4193);
#4193 = NEXT_ASSEMBLY_USAGE_OCCURRENCE('254','','',#5,#3532,$);
#4194 = PRODUCT_RELATED_PRODUCT_CATEGORY('part',$,(#3534));
#4195 = SHAPE_DEFINITION_REPRESENTATION(#4196,#4202);
#4196 = PRODUCT_DEFINITION_SHAPE('','',#4197);
#4197 = PRODUCT_DEFINITION('design','',#4198,#4201);
#4198 = PRODUCT_DEFINITION_FORMATION('','',#4199);
#4199 = PRODUCT('Open CASCADE STEP translator 7.8 2.5',
  'Open CASCADE STEP translator 7.8 2.5','',(#4200));
#4200 = PRODUCT_CONTEXT('',#2,'mechanical');
#4201 = PRODUCT_DEFINITION_CONTEXT('part definition',#2,'design');
#4202 = ADVANCED_BREP_SHAPE_REPRESENTATION('',(#11,#4203),#4849);
#4203 = MANIFOLD_SOLID_BREP('',#4204);
#4204 = CLOSED_SHELL('',(#4205,#4325,#4401,#4564,#4613,#4734,#4741,#4788
    ,#4815,#4842));
#4205 = ADVANCED_FACE('',(#4206),#4220,.F.);
#4206 = FACE_BOUND('',#4207,.F.);
#4207 = EDGE_LOOP('',(#4208,#4243,#4271,#4299));
#4208 = ORIENTED_EDGE('',*,*,#4209,.F.);
#4209 = EDGE_CURVE('',#4210,#4212,#4214,.T.);
#4210 = VERTEX_POINT('',#4211);
#4211 = CARTESIAN_POINT('',(105.04634233249,1.00000008274E-07,
    1.00000008274E-07));
#4212 = VERTEX_POINT('',#4213);
#4213 = CARTESIAN_POINT('',(105.04634233249,1.00000008274E-07,0.4800001)
  );
#4214 = SURFACE_CURVE('',#4215,(#4219,#4231),.PCURVE_S1.);
#4215 = LINE('',#4216,#4217);
#4216 = CARTESIAN_POINT('',(105.04634233249,1.00000008274E-07,
    1.00000008274E-07));
#4217 = VECTOR('',#4218,1.);
#4218 = DIRECTION('',(0.,0.,1.));
#4219 = PCURVE('',#4220,#4225);
#4220 = PLANE('',#4221);
#4221 = AXIS2_PLACEMENT_3D('',#4222,#4223,#4224);
#4222 = CARTESIAN_POINT('',(105.04634233249,1.00000008274E-07,
    1.00000008274E-07));
#4223 = DIRECTION('',(1.,0.,0.));
#4224 = DIRECTION('',(0.,0.,1.));
#4225 = DEFINITIONAL_REPRESENTATION('',(#4226),#4230);
#4226 = LINE('',#4227,#4228);
#4227 = CARTESIAN_POINT('',(0.,0.));
#4228 = VECTOR('',#4229,1.);
#4229 = DIRECTION('',(1.,0.));
#4230 = ( GEOMETRIC_REPRESENTATION_CONTEXT(2) 
PARAMETRIC_REPRESENTATION_CONTEXT() REPRESENTATION_CONTEXT('2D SPACE',''
  ) );
#4231 = PCURVE('',#4232,#4237);
#4232 = PLANE('',#4233);
#4233 = AXIS2_PLACEMENT_3D('',#4234,#4235,#4236);
#4234 = CARTESIAN_POINT('',(105.04634233249,1.00000008274E-07,
    1.00000008274E-07));
#4235 = DIRECTION('',(0.,1.,0.));
#4236 = DIRECTION('',(0.,0.,1.));
#4237 = DEFINITIONAL_REPRESENTATION('',(#4238),#4242);
#4238 = LINE('',#4239,#4240);
#4239 = CARTESIAN_POINT('',(0.,0.));
#4240 = VECTOR('',#4241,1.);
#4241 = DIRECTION('',(1.,0.));
#4242 = ( GEOMETRIC_REPRESENTATION_CONTEXT(2) 
PARAMETRIC_REPRESENTATION_CONTEXT() REPRESENTATION_CONTEXT('2D SPACE',''
  ) );
#4243 = ORIENTED_EDGE('',*,*,#4244,.T.);
#4244 = EDGE_CURVE('',#4210,#4245,#4247,.T.);
#4245 = VERTEX_POINT('',#4246);
#4246 = CARTESIAN_POINT('',(105.04634233249,17.7200001,1.00000008274E-07
    ));
#4247 = SURFACE_CURVE('',#4248,(#4252,#4259),.PCURVE_S1.);
#4248 = LINE('',#4249,#4250);
#4249 = CARTESIAN_POINT('',(105.04634233249,1.00000008274E-07,
    1.00000008274E-07));
#4250 = VECTOR('',#4251,1.);
#4251 = DIRECTION('',(0.,1.,0.));
#4252 = PCURVE('',#4220,#4253);
#4253 = DEFINITIONAL_REPRESENTATION('',(#4254),#4258);
#4254 = LINE('',#4255,#4256);
#4255 = CARTESIAN_POINT('',(0.,0.));
#4256 = VECTOR('',#4257,1.);
#4257 = DIRECTION('',(0.,-1.));
#4258 = ( GEOMETRIC_REPRESENTATION_CONTEXT(2) 
PARAMETRIC_REPRESENTATION_CONTEXT() REPRESENTATION_CONTEXT('2D SPACE',''
  ) );
#4259 = PCURVE('',#4260,#4265);
#4260 = PLANE('',#4261);
#4261 = AXIS2_PLACEMENT_3D('',#4262,#4263,#4264);
#4262 = CARTESIAN_POINT('',(105.04634233249,1.00000008274E-07,
    1.00000008274E-07));
#4263 = DIRECTION('',(0.,0.,1.));
#4264 = DIRECTION('',(1.,0.,0.));
#4265 = DEFINITIONAL_REPRESENTATION('',(#4266),#4270);
#4266 = LINE('',#4267,#4268);
#4267 = CARTESIAN_POINT('',(0.,0.));
#4268 = VECTOR('',#4269,1.);
#4269 = DIRECTION('',(0.,1.));
#4270 = ( GEOMETRIC_REPRESENTATION_CONTEXT(2) 
PARAMETRIC_REPRESENTATION_CONTEXT() REPRESENTATION_CONTEXT('2D SPACE',''
  ) );
#4271 = ORIENTED_EDGE('',*,*,#4272,.T.);
#4272 = EDGE_CURVE('',#4245,#4273,#4275,.T.);
#4273 = VERTEX_POINT('',#4274);
#4274 = CARTESIAN_POINT('',(105.04634233249,17.7200001,0.4800001));
#4275 = SURFACE_CURVE('',#4276,(#4280,#4287),.PCURVE_S1.);
#4276 = LINE('',#4277,#4278);
#4277 = CARTESIAN_POINT('',(105.04634233249,17.7200001,1.00000008274E-07
    ));
#4278 = VECTOR('',#4279,1.);
#4279 = DIRECTION('',(0.,0.,1.));
#4280 = PCURVE('',#4220,#4281);
#4281 = DEFINITIONAL_REPRESENTATION('',(#4282),#4286);
#4282 = LINE('',#4283,#4284);
#4283 = CARTESIAN_POINT('',(0.,-17.72));
#4284 = VECTOR('',#4285,1.);
#4285 = DIRECTION('',(1.,0.));
#4286 = ( GEOMETRIC_REPRESENTATION_CONTEXT(2) 
PARAMETRIC_REPRESENTATION_CONTEXT() REPRESENTATION_CONTEXT('2D SPACE',''
  ) );
#4287 = PCURVE('',#4288,#4293);
#4288 = PLANE('',#4289);
#4289 = AXIS2_PLACEMENT_3D('',#4290,#4291,#4292);
#4290 = CARTESIAN_POINT('',(105.04634233249,17.7200001,1.00000008274E-07
    ));
#4291 = DIRECTION('',(0.,1.,0.));
#4292 = DIRECTION('',(0.,0.,1.));
#4293 = DEFINITIONAL_REPRESENTATION('',(#4294),#4298);
#4294 = LINE('',#4295,#4296);
#4295 = CARTESIAN_POINT('',(0.,0.));
#4296 = VECTOR('',#4297,1.);
#4297 = DIRECTION('',(1.,0.));
#4298 = ( GEOMETRIC_REPRESENTATION_CONTEXT(2) 
PARAMETRIC_REPRESENTATION_CONTEXT() REPRESENTATION_CONTEXT('2D SPACE',''
  ) );
#4299 = ORIENTED_EDGE('',*,*,#4300,.F.);
#4300 = EDGE_CURVE('',#4212,#4273,#4301,.T.);
#4301 = SURFACE_CURVE('',#4302,(#4306,#4313),.PCURVE_S1.);
#4302 = LINE('',#4303,#4304);
#4303 = CARTESIAN_POINT('',(105.04634233249,1.00000008274E-07,0.4800001)
  );
#4304 = VECTOR('',#4305,1.);
#4305 = DIRECTION('',(0.,1.,0.));
#4306 = PCURVE('',#4220,#4307);
#4307 = DEFINITIONAL_REPRESENTATION('',(#4308),#4312);
#4308 = LINE('',#4309,#4310);
#4309 = CARTESIAN_POINT('',(0.48,0.));
#4310 = VECTOR('',#4311,1.);
#4311 = DIRECTION('',(0.,-1.));
#4312 = ( GEOMETRIC_REPRESENTATION_CONTEXT(2) 
PARAMETRIC_REPRESENTATION_CONTEXT() REPRESENTATION_CONTEXT('2D SPACE',''
  ) );
#4313 = PCURVE('',#4314,#4319);
#4314 = PLANE('',#4315);
#4315 = AXIS2_PLACEMENT_3D('',#4316,#4317,#4318);
#4316 = CARTESIAN_POINT('',(105.04634233249,1.00000008274E-07,0.4800001)
  );
#4317 = DIRECTION('',(0.,0.,1.));
#4318 = DIRECTION('',(1.,0.,0.));
#4319 = DEFINITIONAL_REPRESENTATION('',(#4320),#4324);
#4320 = LINE('',#4321,#4322);
#4321 = CARTESIAN_POINT('',(0.,0.));
#4322 = VECTOR('',#4323,1.);
#4323 = DIRECTION('',(0.,1.));
#4324 = ( GEOMETRIC_REPRESENTATION_CONTEXT(2) 
PARAMETRIC_REPRESENTATION_CONTEXT() REPRESENTATION_CONTEXT('2D SPACE',''
  ) );
#4325 = ADVANCED_FACE('',(#4326),#4232,.F.);
#4326 = FACE_BOUND('',#4327,.F.);
#4327 = EDGE_LOOP('',(#4328,#4351,#4352,#4375));
#4328 = ORIENTED_EDGE('',*,*,#4329,.F.);
#4329 = EDGE_CURVE('',#4210,#4330,#4332,.T.);
#4330 = VERTEX_POINT('',#4331);
#4331 = CARTESIAN_POINT('',(122.76634233249,1.00000008274E-07,
    1.00000008274E-07));
#4332 = SURFACE_CURVE('',#4333,(#4337,#4344),.PCURVE_S1.);
#4333 = LINE('',#4334,#4335);
#4334 = CARTESIAN_POINT('',(105.04634233249,1.00000008274E-07,
    1.00000008274E-07));
#4335 = VECTOR('',#4336,1.);
#4336 = DIRECTION('',(1.,0.,0.));
#4337 = PCURVE('',#4232,#4338);
#4338 = DEFINITIONAL_REPRESENTATION('',(#4339),#4343);
#4339 = LINE('',#4340,#4341);
#4340 = CARTESIAN_POINT('',(0.,0.));
#4341 = VECTOR('',#4342,1.);
#4342 = DIRECTION('',(0.,1.));
#4343 = ( GEOMETRIC_REPRESENTATION_CONTEXT(2) 
PARAMETRIC_REPRESENTATION_CONTEXT() REPRESENTATION_CONTEXT('2D SPACE',''
  ) );
#4344 = PCURVE('',#4260,#4345);
#4345 = DEFINITIONAL_REPRESENTATION('',(#4346),#4350);
#4346 = LINE('',#4347,#4348);
#4347 = CARTESIAN_POINT('',(0.,0.));
#4348 = VECTOR('',#4349,1.);
#4349 = DIRECTION('',(1.,0.));
#4350 = ( GEOMETRIC_REPRESENTATION_CONTEXT(2) 
PARAMETRIC_REPRESENTATION_CONTEXT() REPRESENTATION_CONTEXT('2D SPACE',''
  ) );
#4351 = ORIENTED_EDGE('',*,*,#4209,.T.);
#4352 = ORIENTED_EDGE('',*,*,#4353,.T.);
#4353 = EDGE_CURVE('',#4212,#4354,#4356,.T.);
#4354 = VERTEX_POINT('',#4355);
#4355 = CARTESIAN_POINT('',(122.76634233249,1.00000008274E-07,0.4800001)
  );
#4356 = SURFACE_CURVE('',#4357,(#4361,#4368),.PCURVE_S1.);
#4357 = LINE('',#4358,#4359);
#4358 = CARTESIAN_POINT('',(105.04634233249,1.00000008274E-07,0.4800001)
  );
#4359 = VECTOR('',#4360,1.);
#4360 = DIRECTION('',(1.,0.,0.));
#4361 = PCURVE('',#4232,#4362);
#4362 = DEFINITIONAL_REPRESENTATION('',(#4363),#4367);
#4363 = LINE('',#4364,#4365);
#4364 = CARTESIAN_POINT('',(0.48,0.));
#4365 = VECTOR('',#4366,1.);
#4366 = DIRECTION('',(0.,1.));
#4367 = ( GEOMETRIC_REPRESENTATION_CONTEXT(2) 
PARAMETRIC_REPRESENTATION_CONTEXT() REPRESENTATION_CONTEXT('2D SPACE',''
  ) );
#4368 = PCURVE('',#4314,#4369);
#4369 = DEFINITIONAL_REPRESENTATION('',(#4370),#4374);
#4370 = LINE('',#4371,#4372);
#4371 = CARTESIAN_POINT('',(0.,0.));
#4372 = VECTOR('',#4373,1.);
#4373 = DIRECTION('',(1.,0.));
#4374 = ( GEOMETRIC_REPRESENTATION_CONTEXT(2) 
PARAMETRIC_REPRESENTATION_CONTEXT() REPRESENTATION_CONTEXT('2D SPACE',''
  ) );
#4375 = ORIENTED_EDGE('',*,*,#4376,.F.);
#4376 = EDGE_CURVE('',#4330,#4354,#4377,.T.);
#4377 = SURFACE_CURVE('',#4378,(#4382,#4389),.PCURVE_S1.);
#4378 = LINE('',#4379,#4380);
#4379 = CARTESIAN_POINT('',(122.76634233249,1.00000008274E-07,
    1.00000008274E-07));
#4380 = VECTOR('',#4381,1.);
#4381 = DIRECTION('',(0.,0.,1.));
#4382 = PCURVE('',#4232,#4383);
#4383 = DEFINITIONAL_REPRESENTATION('',(#4384),#4388);
#4384 = LINE('',#4385,#4386);
#4385 = CARTESIAN_POINT('',(0.,17.72));
#4386 = VECTOR('',#4387,1.);
#4387 = DIRECTION('',(1.,0.));
#4388 = ( GEOMETRIC_REPRESENTATION_CONTEXT(2) 
PARAMETRIC_REPRESENTATION_CONTEXT() REPRESENTATION_CONTEXT('2D SPACE',''
  ) );
#4389 = PCURVE('',#4390,#4395);
#4390 = PLANE('',#4391);
#4391 = AXIS2_PLACEMENT_3D('',#4392,#4393,#4394);
#4392 = CARTESIAN_POINT('',(122.76634233249,1.00000008274E-07,
    1.00000008274E-07));
#4393 = DIRECTION('',(1.,0.,0.));
#4394 = DIRECTION('',(0.,0.,1.));
#4395 = DEFINITIONAL_REPRESENTATION('',(#4396),#4400);
#4396 = LINE('',#4397,#4398);
#4397 = CARTESIAN_POINT('',(0.,0.));
#4398 = VECTOR('',#4399,1.);
#4399 = DIRECTION('',(1.,0.));
#4400 = ( GEOMETRIC_REPRESENTATION_CONTEXT(2) 
PARAMETRIC_REPRESENTATION_CONTEXT() REPRESENTATION_CONTEXT('2D SPACE',''
  ) );
#4401 = ADVANCED_FACE('',(#4402,#4450),#4314,.T.);
#4402 = FACE_BOUND('',#4403,.T.);
#4403 = EDGE_LOOP('',(#4404,#4405,#4406,#4429));
#4404 = ORIENTED_EDGE('',*,*,#4300,.F.);
#4405 = ORIENTED_EDGE('',*,*,#4353,.T.);
#4406 = ORIENTED_EDGE('',*,*,#4407,.T.);
#4407 = EDGE_CURVE('',#4354,#4408,#4410,.T.);
#4408 = VERTEX_POINT('',#4409);
#4409 = CARTESIAN_POINT('',(122.76634233249,17.7200001,0.4800001));
#4410 = SURFACE_CURVE('',#4411,(#4415,#4422),.PCURVE_S1.);
#4411 = LINE('',#4412,#4413);
#4412 = CARTESIAN_POINT('',(122.76634233249,1.00000008274E-07,0.4800001)
  );
#4413 = VECTOR('',#4414,1.);
#4414 = DIRECTION('',(0.,1.,0.));
#4415 = PCURVE('',#4314,#4416);
#4416 = DEFINITIONAL_REPRESENTATION('',(#4417),#4421);
#4417 = LINE('',#4418,#4419);
#4418 = CARTESIAN_POINT('',(17.72,0.));
#4419 = VECTOR('',#4420,1.);
#4420 = DIRECTION('',(0.,1.));
#4421 = ( GEOMETRIC_REPRESENTATION_CONTEXT(2) 
PARAMETRIC_REPRESENTATION_CONTEXT() REPRESENTATION_CONTEXT('2D SPACE',''
  ) );
#4422 = PCURVE('',#4390,#4423);
#4423 = DEFINITIONAL_REPRESENTATION('',(#4424),#4428);
#4424 = LINE('',#4425,#4426);
#4425 = CARTESIAN_POINT('',(0.48,0.));
#4426 = VECTOR('',#4427,1.);
#4427 = DIRECTION('',(0.,-1.));
#4428 = ( GEOMETRIC_REPRESENTATION_CONTEXT(2) 
PARAMETRIC_REPRESENTATION_CONTEXT() REPRESENTATION_CONTEXT('2D SPACE',''
  ) );
#4429 = ORIENTED_EDGE('',*,*,#4430,.F.);
#4430 = EDGE_CURVE('',#4273,#4408,#4431,.T.);
#4431 = SURFACE_CURVE('',#4432,(#4436,#4443),.PCURVE_S1.);
#4432 = LINE('',#4433,#4434);
#4433 = CARTESIAN_POINT('',(105.04634233249,17.7200001,0.4800001));
#4434 = VECTOR('',#4435,1.);
#4435 = DIRECTION('',(1.,0.,0.));
#4436 = PCURVE('',#4314,#4437);
#4437 = DEFINITIONAL_REPRESENTATION('',(#4438),#4442);
#4438 = LINE('',#4439,#4440);
#4439 = CARTESIAN_POINT('',(0.,17.72));
#4440 = VECTOR('',#4441,1.);
#4441 = DIRECTION('',(1.,0.));
#4442 = ( GEOMETRIC_REPRESENTATION_CONTEXT(2) 
PARAMETRIC_REPRESENTATION_CONTEXT() REPRESENTATION_CONTEXT('2D SPACE',''
  ) );
#4443 = PCURVE('',#4288,#4444);
#4444 = DEFINITIONAL_REPRESENTATION('',(#4445),#4449);
#4445 = LINE('',#4446,#4447);
#4446 = CARTESIAN_POINT('',(0.48,0.));
#4447 = VECTOR('',#4448,1.);
#4448 = DIRECTION('',(0.,1.));
#4449 = ( GEOMETRIC_REPRESENTATION_CONTEXT(2) 
PARAMETRIC_REPRESENTATION_CONTEXT() REPRESENTATION_CONTEXT('2D SPACE',''
  ) );
#4450 = FACE_BOUND('',#4451,.T.);
#4451 = EDGE_LOOP('',(#4452,#4482,#4510,#4538));
#4452 = ORIENTED_EDGE('',*,*,#4453,.T.);
#4453 = EDGE_CURVE('',#4454,#4456,#4458,.T.);
#4454 = VERTEX_POINT('',#4455);
#4455 = CARTESIAN_POINT('',(122.28134233249,0.4850001,0.4800001));
#4456 = VERTEX_POINT('',#4457);
#4457 = CARTESIAN_POINT('',(105.53134233249,0.4850001,0.4800001));
#4458 = SURFACE_CURVE('',#4459,(#4463,#4470),.PCURVE_S1.);
#4459 = LINE('',#4460,#4461);
#4460 = CARTESIAN_POINT('',(105.28884233249,0.4850001,0.4800001));
#4461 = VECTOR('',#4462,1.);
#4462 = DIRECTION('',(-1.,0.,0.));
#4463 = PCURVE('',#4314,#4464);
#4464 = DEFINITIONAL_REPRESENTATION('',(#4465),#4469);
#4465 = LINE('',#4466,#4467);
#4466 = CARTESIAN_POINT('',(0.2425,0.485));
#4467 = VECTOR('',#4468,1.);
#4468 = DIRECTION('',(-1.,0.));
#4469 = ( GEOMETRIC_REPRESENTATION_CONTEXT(2) 
PARAMETRIC_REPRESENTATION_CONTEXT() REPRESENTATION_CONTEXT('2D SPACE',''
  ) );
#4470 = PCURVE('',#4471,#4476);
#4471 = PLANE('',#4472);
#4472 = AXIS2_PLACEMENT_3D('',#4473,#4474,#4475);
#4473 = CARTESIAN_POINT('',(105.53134233249,0.4850001,
    -9.999989999999E-02));
#4474 = DIRECTION('',(0.,1.,0.));
#4475 = DIRECTION('',(0.,0.,1.));
#4476 = DEFINITIONAL_REPRESENTATION('',(#4477),#4481);
#4477 = LINE('',#4478,#4479);
#4478 = CARTESIAN_POINT('',(0.58,-0.2425));
#4479 = VECTOR('',#4480,1.);
#4480 = DIRECTION('',(0.,-1.));
#4481 = ( GEOMETRIC_REPRESENTATION_CONTEXT(2) 
PARAMETRIC_REPRESENTATION_CONTEXT() REPRESENTATION_CONTEXT('2D SPACE',''
  ) );
#4482 = ORIENTED_EDGE('',*,*,#4483,.T.);
#4483 = EDGE_CURVE('',#4456,#4484,#4486,.T.);
#4484 = VERTEX_POINT('',#4485);
#4485 = CARTESIAN_POINT('',(105.53134233249,17.2350001,0.4800001));
#4486 = SURFACE_CURVE('',#4487,(#4491,#4498),.PCURVE_S1.);
#4487 = LINE('',#4488,#4489);
#4488 = CARTESIAN_POINT('',(105.53134233249,0.2425001,0.4800001));
#4489 = VECTOR('',#4490,1.);
#4490 = DIRECTION('',(0.,1.,0.));
#4491 = PCURVE('',#4314,#4492);
#4492 = DEFINITIONAL_REPRESENTATION('',(#4493),#4497);
#4493 = LINE('',#4494,#4495);
#4494 = CARTESIAN_POINT('',(0.485,0.2425));
#4495 = VECTOR('',#4496,1.);
#4496 = DIRECTION('',(0.,1.));
#4497 = ( GEOMETRIC_REPRESENTATION_CONTEXT(2) 
PARAMETRIC_REPRESENTATION_CONTEXT() REPRESENTATION_CONTEXT('2D SPACE',''
  ) );
#4498 = PCURVE('',#4499,#4504);
#4499 = PLANE('',#4500);
#4500 = AXIS2_PLACEMENT_3D('',#4501,#4502,#4503);
#4501 = CARTESIAN_POINT('',(105.53134233249,0.4850001,
    -9.999989999999E-02));
#4502 = DIRECTION('',(1.,0.,0.));
#4503 = DIRECTION('',(0.,0.,1.));
#4504 = DEFINITIONAL_REPRESENTATION('',(#4505),#4509);
#4505 = LINE('',#4506,#4507);
#4506 = CARTESIAN_POINT('',(0.58,0.2425));
#4507 = VECTOR('',#4508,1.);
#4508 = DIRECTION('',(0.,-1.));
#4509 = ( GEOMETRIC_REPRESENTATION_CONTEXT(2) 
PARAMETRIC_REPRESENTATION_CONTEXT() REPRESENTATION_CONTEXT('2D SPACE',''
  ) );
#4510 = ORIENTED_EDGE('',*,*,#4511,.F.);
#4511 = EDGE_CURVE('',#4512,#4484,#4514,.T.);
#4512 = VERTEX_POINT('',#4513);
#4513 = CARTESIAN_POINT('',(122.28134233249,17.2350001,0.4800001));
#4514 = SURFACE_CURVE('',#4515,(#4519,#4526),.PCURVE_S1.);
#4515 = LINE('',#4516,#4517);
#4516 = CARTESIAN_POINT('',(105.28884233249,17.2350001,0.4800001));
#4517 = VECTOR('',#4518,1.);
#4518 = DIRECTION('',(-1.,0.,0.));
#4519 = PCURVE('',#4314,#4520);
#4520 = DEFINITIONAL_REPRESENTATION('',(#4521),#4525);
#4521 = LINE('',#4522,#4523);
#4522 = CARTESIAN_POINT('',(0.2425,17.235));
#4523 = VECTOR('',#4524,1.);
#4524 = DIRECTION('',(-1.,0.));
#4525 = ( GEOMETRIC_REPRESENTATION_CONTEXT(2) 
PARAMETRIC_REPRESENTATION_CONTEXT() REPRESENTATION_CONTEXT('2D SPACE',''
  ) );
#4526 = PCURVE('',#4527,#4532);
#4527 = PLANE('',#4528);
#4528 = AXIS2_PLACEMENT_3D('',#4529,#4530,#4531);
#4529 = CARTESIAN_POINT('',(105.53134233249,17.2350001,
    -9.999989999999E-02));
#4530 = DIRECTION('',(0.,1.,0.));
#4531 = DIRECTION('',(0.,0.,1.));
#4532 = DEFINITIONAL_REPRESENTATION('',(#4533),#4537);
#4533 = LINE('',#4534,#4535);
#4534 = CARTESIAN_POINT('',(0.58,-0.2425));
#4535 = VECTOR('',#4536,1.);
#4536 = DIRECTION('',(0.,-1.));
#4537 = ( GEOMETRIC_REPRESENTATION_CONTEXT(2) 
PARAMETRIC_REPRESENTATION_CONTEXT() REPRESENTATION_CONTEXT('2D SPACE',''
  ) );
#4538 = ORIENTED_EDGE('',*,*,#4539,.F.);
#4539 = EDGE_CURVE('',#4454,#4512,#4540,.T.);
#4540 = SURFACE_CURVE('',#4541,(#4545,#4552),.PCURVE_S1.);
#4541 = LINE('',#4542,#4543);
#4542 = CARTESIAN_POINT('',(122.28134233249,0.2425001,0.4800001));
#4543 = VECTOR('',#4544,1.);
#4544 = DIRECTION('',(0.,1.,0.));
#4545 = PCURVE('',#4314,#4546);
#4546 = DEFINITIONAL_REPRESENTATION('',(#4547),#4551);
#4547 = LINE('',#4548,#4549);
#4548 = CARTESIAN_POINT('',(17.235,0.2425));
#4549 = VECTOR('',#4550,1.);
#4550 = DIRECTION('',(0.,1.));
#4551 = ( GEOMETRIC_REPRESENTATION_CONTEXT(2) 
PARAMETRIC_REPRESENTATION_CONTEXT() REPRESENTATION_CONTEXT('2D SPACE',''
  ) );
#4552 = PCURVE('',#4553,#4558);
#4553 = PLANE('',#4554);
#4554 = AXIS2_PLACEMENT_3D('',#4555,#4556,#4557);
#4555 = CARTESIAN_POINT('',(122.28134233249,0.4850001,
    -9.999989999999E-02));
#4556 = DIRECTION('',(1.,0.,0.));
#4557 = DIRECTION('',(0.,0.,1.));
#4558 = DEFINITIONAL_REPRESENTATION('',(#4559),#4563);
#4559 = LINE('',#4560,#4561);
#4560 = CARTESIAN_POINT('',(0.58,0.2425));
#4561 = VECTOR('',#4562,1.);
#4562 = DIRECTION('',(0.,-1.));
#4563 = ( GEOMETRIC_REPRESENTATION_CONTEXT(2) 
PARAMETRIC_REPRESENTATION_CONTEXT() REPRESENTATION_CONTEXT('2D SPACE',''
  ) );
#4564 = ADVANCED_FACE('',(#4565),#4288,.T.);
#4565 = FACE_BOUND('',#4566,.T.);
#4566 = EDGE_LOOP('',(#4567,#4590,#4591,#4592));
#4567 = ORIENTED_EDGE('',*,*,#4568,.F.);
#4568 = EDGE_CURVE('',#4245,#4569,#4571,.T.);
#4569 = VERTEX_POINT('',#4570);
#4570 = CARTESIAN_POINT('',(122.76634233249,17.7200001,1.00000008274E-07
    ));
#4571 = SURFACE_CURVE('',#4572,(#4576,#4583),.PCURVE_S1.);
#4572 = LINE('',#4573,#4574);
#4573 = CARTESIAN_POINT('',(105.04634233249,17.7200001,1.00000008274E-07
    ));
#4574 = VECTOR('',#4575,1.);
#4575 = DIRECTION('',(1.,0.,0.));
#4576 = PCURVE('',#4288,#4577);
#4577 = DEFINITIONAL_REPRESENTATION('',(#4578),#4582);
#4578 = LINE('',#4579,#4580);
#4579 = CARTESIAN_POINT('',(0.,0.));
#4580 = VECTOR('',#4581,1.);
#4581 = DIRECTION('',(0.,1.));
#4582 = ( GEOMETRIC_REPRESENTATION_CONTEXT(2) 
PARAMETRIC_REPRESENTATION_CONTEXT() REPRESENTATION_CONTEXT('2D SPACE',''
  ) );
#4583 = PCURVE('',#4260,#4584);
#4584 = DEFINITIONAL_REPRESENTATION('',(#4585),#4589);
#4585 = LINE('',#4586,#4587);
#4586 = CARTESIAN_POINT('',(0.,17.72));
#4587 = VECTOR('',#4588,1.);
#4588 = DIRECTION('',(1.,0.));
#4589 = ( GEOMETRIC_REPRESENTATION_CONTEXT(2) 
PARAMETRIC_REPRESENTATION_CONTEXT() REPRESENTATION_CONTEXT('2D SPACE',''
  ) );
#4590 = ORIENTED_EDGE('',*,*,#4272,.T.);
#4591 = ORIENTED_EDGE('',*,*,#4430,.T.);
#4592 = ORIENTED_EDGE('',*,*,#4593,.F.);
#4593 = EDGE_CURVE('',#4569,#4408,#4594,.T.);
#4594 = SURFACE_CURVE('',#4595,(#4599,#4606),.PCURVE_S1.);
#4595 = LINE('',#4596,#4597);
#4596 = CARTESIAN_POINT('',(122.76634233249,17.7200001,1.00000008274E-07
    ));
#4597 = VECTOR('',#4598,1.);
#4598 = DIRECTION('',(0.,0.,1.));
#4599 = PCURVE('',#4288,#4600);
#4600 = DEFINITIONAL_REPRESENTATION('',(#4601),#4605);
#4601 = LINE('',#4602,#4603);
#4602 = CARTESIAN_POINT('',(0.,17.72));
#4603 = VECTOR('',#4604,1.);
#4604 = DIRECTION('',(1.,0.));
#4605 = ( GEOMETRIC_REPRESENTATION_CONTEXT(2) 
PARAMETRIC_REPRESENTATION_CONTEXT() REPRESENTATION_CONTEXT('2D SPACE',''
  ) );
#4606 = PCURVE('',#4390,#4607);
#4607 = DEFINITIONAL_REPRESENTATION('',(#4608),#4612);
#4608 = LINE('',#4609,#4610);
#4609 = CARTESIAN_POINT('',(0.,-17.72));
#4610 = VECTOR('',#4611,1.);
#4611 = DIRECTION('',(1.,0.));
#4612 = ( GEOMETRIC_REPRESENTATION_CONTEXT(2) 
PARAMETRIC_REPRESENTATION_CONTEXT() REPRESENTATION_CONTEXT('2D SPACE',''
  ) );
#4613 = ADVANCED_FACE('',(#4614,#4640),#4260,.F.);
#4614 = FACE_BOUND('',#4615,.F.);
#4615 = EDGE_LOOP('',(#4616,#4617,#4618,#4639));
#4616 = ORIENTED_EDGE('',*,*,#4244,.F.);
#4617 = ORIENTED_EDGE('',*,*,#4329,.T.);
#4618 = ORIENTED_EDGE('',*,*,#4619,.T.);
#4619 = EDGE_CURVE('',#4330,#4569,#4620,.T.);
#4620 = SURFACE_CURVE('',#4621,(#4625,#4632),.PCURVE_S1.);
#4621 = LINE('',#4622,#4623);
#4622 = CARTESIAN_POINT('',(122.76634233249,1.00000008274E-07,
    1.00000008274E-07));
#4623 = VECTOR('',#4624,1.);
#4624 = DIRECTION('',(0.,1.,0.));
#4625 = PCURVE('',#4260,#4626);
#4626 = DEFINITIONAL_REPRESENTATION('',(#4627),#4631);
#4627 = LINE('',#4628,#4629);
#4628 = CARTESIAN_POINT('',(17.72,0.));
#4629 = VECTOR('',#4630,1.);
#4630 = DIRECTION('',(0.,1.));
#4631 = ( GEOMETRIC_REPRESENTATION_CONTEXT(2) 
PARAMETRIC_REPRESENTATION_CONTEXT() REPRESENTATION_CONTEXT('2D SPACE',''
  ) );
#4632 = PCURVE('',#4390,#4633);
#4633 = DEFINITIONAL_REPRESENTATION('',(#4634),#4638);
#4634 = LINE('',#4635,#4636);
#4635 = CARTESIAN_POINT('',(0.,0.));
#4636 = VECTOR('',#4637,1.);
#4637 = DIRECTION('',(0.,-1.));
#4638 = ( GEOMETRIC_REPRESENTATION_CONTEXT(2) 
PARAMETRIC_REPRESENTATION_CONTEXT() REPRESENTATION_CONTEXT('2D SPACE',''
  ) );
#4639 = ORIENTED_EDGE('',*,*,#4568,.F.);
#4640 = FACE_BOUND('',#4641,.F.);
#4641 = EDGE_LOOP('',(#4642,#4667,#4690,#4713));
#4642 = ORIENTED_EDGE('',*,*,#4643,.T.);
#4643 = EDGE_CURVE('',#4644,#4646,#4648,.T.);
#4644 = VERTEX_POINT('',#4645);
#4645 = CARTESIAN_POINT('',(122.28134233249,0.4850001,1.00000008274E-07)
  );
#4646 = VERTEX_POINT('',#4647);
#4647 = CARTESIAN_POINT('',(105.53134233249,0.4850001,1.00000008274E-07)
  );
#4648 = SURFACE_CURVE('',#4649,(#4653,#4660),.PCURVE_S1.);
#4649 = LINE('',#4650,#4651);
#4650 = CARTESIAN_POINT('',(105.28884233249,0.4850001,1.00000008274E-07)
  );
#4651 = VECTOR('',#4652,1.);
#4652 = DIRECTION('',(-1.,0.,0.));
#4653 = PCURVE('',#4260,#4654);
#4654 = DEFINITIONAL_REPRESENTATION('',(#4655),#4659);
#4655 = LINE('',#4656,#4657);
#4656 = CARTESIAN_POINT('',(0.2425,0.485));
#4657 = VECTOR('',#4658,1.);
#4658 = DIRECTION('',(-1.,0.));
#4659 = ( GEOMETRIC_REPRESENTATION_CONTEXT(2) 
PARAMETRIC_REPRESENTATION_CONTEXT() REPRESENTATION_CONTEXT('2D SPACE',''
  ) );
#4660 = PCURVE('',#4471,#4661);
#4661 = DEFINITIONAL_REPRESENTATION('',(#4662),#4666);
#4662 = LINE('',#4663,#4664);
#4663 = CARTESIAN_POINT('',(1.E-01,-0.2425));
#4664 = VECTOR('',#4665,1.);
#4665 = DIRECTION('',(0.,-1.));
#4666 = ( GEOMETRIC_REPRESENTATION_CONTEXT(2) 
PARAMETRIC_REPRESENTATION_CONTEXT() REPRESENTATION_CONTEXT('2D SPACE',''
  ) );
#4667 = ORIENTED_EDGE('',*,*,#4668,.T.);
#4668 = EDGE_CURVE('',#4646,#4669,#4671,.T.);
#4669 = VERTEX_POINT('',#4670);
#4670 = CARTESIAN_POINT('',(105.53134233249,17.2350001,1.00000008274E-07
    ));
#4671 = SURFACE_CURVE('',#4672,(#4676,#4683),.PCURVE_S1.);
#4672 = LINE('',#4673,#4674);
#4673 = CARTESIAN_POINT('',(105.53134233249,0.2425001,1.00000008274E-07)
  );
#4674 = VECTOR('',#4675,1.);
#4675 = DIRECTION('',(0.,1.,0.));
#4676 = PCURVE('',#4260,#4677);
#4677 = DEFINITIONAL_REPRESENTATION('',(#4678),#4682);
#4678 = LINE('',#4679,#4680);
#4679 = CARTESIAN_POINT('',(0.485,0.2425));
#4680 = VECTOR('',#4681,1.);
#4681 = DIRECTION('',(0.,1.));
#4682 = ( GEOMETRIC_REPRESENTATION_CONTEXT(2) 
PARAMETRIC_REPRESENTATION_CONTEXT() REPRESENTATION_CONTEXT('2D SPACE',''
  ) );
#4683 = PCURVE('',#4499,#4684);
#4684 = DEFINITIONAL_REPRESENTATION('',(#4685),#4689);
#4685 = LINE('',#4686,#4687);
#4686 = CARTESIAN_POINT('',(1.E-01,0.2425));
#4687 = VECTOR('',#4688,1.);
#4688 = DIRECTION('',(0.,-1.));
#4689 = ( GEOMETRIC_REPRESENTATION_CONTEXT(2) 
PARAMETRIC_REPRESENTATION_CONTEXT() REPRESENTATION_CONTEXT('2D SPACE',''
  ) );
#4690 = ORIENTED_EDGE('',*,*,#4691,.F.);
#4691 = EDGE_CURVE('',#4692,#4669,#4694,.T.);
#4692 = VERTEX_POINT('',#4693);
#4693 = CARTESIAN_POINT('',(122.28134233249,17.2350001,1.00000008274E-07
    ));
#4694 = SURFACE_CURVE('',#4695,(#4699,#4706),.PCURVE_S1.);
#4695 = LINE('',#4696,#4697);
#4696 = CARTESIAN_POINT('',(105.28884233249,17.2350001,1.00000008274E-07
    ));
#4697 = VECTOR('',#4698,1.);
#4698 = DIRECTION('',(-1.,0.,0.));
#4699 = PCURVE('',#4260,#4700);
#4700 = DEFINITIONAL_REPRESENTATION('',(#4701),#4705);
#4701 = LINE('',#4702,#4703);
#4702 = CARTESIAN_POINT('',(0.2425,17.235));
#4703 = VECTOR('',#4704,1.);
#4704 = DIRECTION('',(-1.,0.));
#4705 = ( GEOMETRIC_REPRESENTATION_CONTEXT(2) 
PARAMETRIC_REPRESENTATION_CONTEXT() REPRESENTATION_CONTEXT('2D SPACE',''
  ) );
#4706 = PCURVE('',#4527,#4707);
#4707 = DEFINITIONAL_REPRESENTATION('',(#4708),#4712);
#4708 = LINE('',#4709,#4710);
#4709 = CARTESIAN_POINT('',(1.E-01,-0.2425));
#4710 = VECTOR('',#4711,1.);
#4711 = DIRECTION('',(0.,-1.));
#4712 = ( GEOMETRIC_REPRESENTATION_CONTEXT(2) 
PARAMETRIC_REPRESENTATION_CONTEXT() REPRESENTATION_CONTEXT('2D SPACE',''
  ) );
#4713 = ORIENTED_EDGE('',*,*,#4714,.F.);
#4714 = EDGE_CURVE('',#4644,#4692,#4715,.T.);
#4715 = SURFACE_CURVE('',#4716,(#4720,#4727),.PCURVE_S1.);
#4716 = LINE('',#4717,#4718);
#4717 = CARTESIAN_POINT('',(122.28134233249,0.2425001,1.00000008274E-07)
  );
#4718 = VECTOR('',#4719,1.);
#4719 = DIRECTION('',(0.,1.,0.));
#4720 = PCURVE('',#4260,#4721);
#4721 = DEFINITIONAL_REPRESENTATION('',(#4722),#4726);
#4722 = LINE('',#4723,#4724);
#4723 = CARTESIAN_POINT('',(17.235,0.2425));
#4724 = VECTOR('',#4725,1.);
#4725 = DIRECTION('',(0.,1.));
#4726 = ( GEOMETRIC_REPRESENTATION_CONTEXT(2) 
PARAMETRIC_REPRESENTATION_CONTEXT() REPRESENTATION_CONTEXT('2D SPACE',''
  ) );
#4727 = PCURVE('',#4553,#4728);
#4728 = DEFINITIONAL_REPRESENTATION('',(#4729),#4733);
#4729 = LINE('',#4730,#4731);
#4730 = CARTESIAN_POINT('',(1.E-01,0.2425));
#4731 = VECTOR('',#4732,1.);
#4732 = DIRECTION('',(0.,-1.));
#4733 = ( GEOMETRIC_REPRESENTATION_CONTEXT(2) 
PARAMETRIC_REPRESENTATION_CONTEXT() REPRESENTATION_CONTEXT('2D SPACE',''
  ) );
#4734 = ADVANCED_FACE('',(#4735),#4390,.T.);
#4735 = FACE_BOUND('',#4736,.T.);
#4736 = EDGE_LOOP('',(#4737,#4738,#4739,#4740));
#4737 = ORIENTED_EDGE('',*,*,#4376,.F.);
#4738 = ORIENTED_EDGE('',*,*,#4619,.T.);
#4739 = ORIENTED_EDGE('',*,*,#4593,.T.);
#4740 = ORIENTED_EDGE('',*,*,#4407,.F.);
#4741 = ADVANCED_FACE('',(#4742),#4471,.T.);
#4742 = FACE_BOUND('',#4743,.T.);
#4743 = EDGE_LOOP('',(#4744,#4765,#4766,#4787));
#4744 = ORIENTED_EDGE('',*,*,#4745,.F.);
#4745 = EDGE_CURVE('',#4644,#4454,#4746,.T.);
#4746 = SURFACE_CURVE('',#4747,(#4751,#4758),.PCURVE_S1.);
#4747 = LINE('',#4748,#4749);
#4748 = CARTESIAN_POINT('',(122.28134233249,0.4850001,
    -9.999989999999E-02));
#4749 = VECTOR('',#4750,1.);
#4750 = DIRECTION('',(0.,0.,1.));
#4751 = PCURVE('',#4471,#4752);
#4752 = DEFINITIONAL_REPRESENTATION('',(#4753),#4757);
#4753 = LINE('',#4754,#4755);
#4754 = CARTESIAN_POINT('',(0.,16.75));
#4755 = VECTOR('',#4756,1.);
#4756 = DIRECTION('',(1.,0.));
#4757 = ( GEOMETRIC_REPRESENTATION_CONTEXT(2) 
PARAMETRIC_REPRESENTATION_CONTEXT() REPRESENTATION_CONTEXT('2D SPACE',''
  ) );
#4758 = PCURVE('',#4553,#4759);
#4759 = DEFINITIONAL_REPRESENTATION('',(#4760),#4764);
#4760 = LINE('',#4761,#4762);
#4761 = CARTESIAN_POINT('',(0.,0.));
#4762 = VECTOR('',#4763,1.);
#4763 = DIRECTION('',(1.,0.));
#4764 = ( GEOMETRIC_REPRESENTATION_CONTEXT(2) 
PARAMETRIC_REPRESENTATION_CONTEXT() REPRESENTATION_CONTEXT('2D SPACE',''
  ) );
#4765 = ORIENTED_EDGE('',*,*,#4643,.T.);
#4766 = ORIENTED_EDGE('',*,*,#4767,.T.);
#4767 = EDGE_CURVE('',#4646,#4456,#4768,.T.);
#4768 = SURFACE_CURVE('',#4769,(#4773,#4780),.PCURVE_S1.);
#4769 = LINE('',#4770,#4771);
#4770 = CARTESIAN_POINT('',(105.53134233249,0.4850001,
    -9.999989999999E-02));
#4771 = VECTOR('',#4772,1.);
#4772 = DIRECTION('',(0.,0.,1.));
#4773 = PCURVE('',#4471,#4774);
#4774 = DEFINITIONAL_REPRESENTATION('',(#4775),#4779);
#4775 = LINE('',#4776,#4777);
#4776 = CARTESIAN_POINT('',(0.,0.));
#4777 = VECTOR('',#4778,1.);
#4778 = DIRECTION('',(1.,0.));
#4779 = ( GEOMETRIC_REPRESENTATION_CONTEXT(2) 
PARAMETRIC_REPRESENTATION_CONTEXT() REPRESENTATION_CONTEXT('2D SPACE',''
  ) );
#4780 = PCURVE('',#4499,#4781);
#4781 = DEFINITIONAL_REPRESENTATION('',(#4782),#4786);
#4782 = LINE('',#4783,#4784);
#4783 = CARTESIAN_POINT('',(0.,0.));
#4784 = VECTOR('',#4785,1.);
#4785 = DIRECTION('',(1.,0.));
#4786 = ( GEOMETRIC_REPRESENTATION_CONTEXT(2) 
PARAMETRIC_REPRESENTATION_CONTEXT() REPRESENTATION_CONTEXT('2D SPACE',''
  ) );
#4787 = ORIENTED_EDGE('',*,*,#4453,.F.);
#4788 = ADVANCED_FACE('',(#4789),#4553,.F.);
#4789 = FACE_BOUND('',#4790,.F.);
#4790 = EDGE_LOOP('',(#4791,#4792,#4793,#4814));
#4791 = ORIENTED_EDGE('',*,*,#4745,.F.);
#4792 = ORIENTED_EDGE('',*,*,#4714,.T.);
#4793 = ORIENTED_EDGE('',*,*,#4794,.T.);
#4794 = EDGE_CURVE('',#4692,#4512,#4795,.T.);
#4795 = SURFACE_CURVE('',#4796,(#4800,#4807),.PCURVE_S1.);
#4796 = LINE('',#4797,#4798);
#4797 = CARTESIAN_POINT('',(122.28134233249,17.2350001,
    -9.999989999999E-02));
#4798 = VECTOR('',#4799,1.);
#4799 = DIRECTION('',(0.,0.,1.));
#4800 = PCURVE('',#4553,#4801);
#4801 = DEFINITIONAL_REPRESENTATION('',(#4802),#4806);
#4802 = LINE('',#4803,#4804);
#4803 = CARTESIAN_POINT('',(0.,-16.75));
#4804 = VECTOR('',#4805,1.);
#4805 = DIRECTION('',(1.,0.));
#4806 = ( GEOMETRIC_REPRESENTATION_CONTEXT(2) 
PARAMETRIC_REPRESENTATION_CONTEXT() REPRESENTATION_CONTEXT('2D SPACE',''
  ) );
#4807 = PCURVE('',#4527,#4808);
#4808 = DEFINITIONAL_REPRESENTATION('',(#4809),#4813);
#4809 = LINE('',#4810,#4811);
#4810 = CARTESIAN_POINT('',(0.,16.75));
#4811 = VECTOR('',#4812,1.);
#4812 = DIRECTION('',(1.,0.));
#4813 = ( GEOMETRIC_REPRESENTATION_CONTEXT(2) 
PARAMETRIC_REPRESENTATION_CONTEXT() REPRESENTATION_CONTEXT('2D SPACE',''
  ) );
#4814 = ORIENTED_EDGE('',*,*,#4539,.F.);
#4815 = ADVANCED_FACE('',(#4816),#4527,.F.);
#4816 = FACE_BOUND('',#4817,.F.);
#4817 = EDGE_LOOP('',(#4818,#4819,#4820,#4841));
#4818 = ORIENTED_EDGE('',*,*,#4794,.F.);
#4819 = ORIENTED_EDGE('',*,*,#4691,.T.);
#4820 = ORIENTED_EDGE('',*,*,#4821,.T.);
#4821 = EDGE_CURVE('',#4669,#4484,#4822,.T.);
#4822 = SURFACE_CURVE('',#4823,(#4827,#4834),.PCURVE_S1.);
#4823 = LINE('',#4824,#4825);
#4824 = CARTESIAN_POINT('',(105.53134233249,17.2350001,
    -9.999989999999E-02));
#4825 = VECTOR('',#4826,1.);
#4826 = DIRECTION('',(0.,0.,1.));
#4827 = PCURVE('',#4527,#4828);
#4828 = DEFINITIONAL_REPRESENTATION('',(#4829),#4833);
#4829 = LINE('',#4830,#4831);
#4830 = CARTESIAN_POINT('',(0.,0.));
#4831 = VECTOR('',#4832,1.);
#4832 = DIRECTION('',(1.,0.));
#4833 = ( GEOMETRIC_REPRESENTATION_CONTEXT(2) 
PARAMETRIC_REPRESENTATION_CONTEXT() REPRESENTATION_CONTEXT('2D SPACE',''
  ) );
#4834 = PCURVE('',#4499,#4835);
#4835 = DEFINITIONAL_REPRESENTATION('',(#4836),#4840);
#4836 = LINE('',#4837,#4838);
#4837 = CARTESIAN_POINT('',(0.,-16.75));
#4838 = VECTOR('',#4839,1.);
#4839 = DIRECTION('',(1.,0.));
#4840 = ( GEOMETRIC_REPRESENTATION_CONTEXT(2) 
PARAMETRIC_REPRESENTATION_CONTEXT() REPRESENTATION_CONTEXT('2D SPACE',''
  ) );
#4841 = ORIENTED_EDGE('',*,*,#4511,.F.);
#4842 = ADVANCED_FACE('',(#4843),#4499,.T.);
#4843 = FACE_BOUND('',#4844,.T.);
#4844 = EDGE_LOOP('',(#4845,#4846,#4847,#4848));
#4845 = ORIENTED_EDGE('',*,*,#4767,.F.);
#4846 = ORIENTED_EDGE('',*,*,#4668,.T.);
#4847 = ORIENTED_EDGE('',*,*,#4821,.T.);
#4848 = ORIENTED_EDGE('',*,*,#4483,.F.);
#4849 = ( GEOMETRIC_REPRESENTATION_CONTEXT(3) 
GLOBAL_UNCERTAINTY_ASSIGNED_CONTEXT((#4853)) 
GLOBAL_UNIT_ASSIGNED_CONTEXT((#4850,#4851,#4852)) REPRESENTATION_CONTEXT
('Context #1','3D Context with UNIT and UNCERTAINTY') );
#4850 = ( LENGTH_UNIT() NAMED_UNIT(*) SI_UNIT(.MILLI.,.METRE.) );
#4851 = ( NAMED_UNIT(*) PLANE_ANGLE_UNIT() SI_UNIT($,.RADIAN.) );
#4852 = ( NAMED_UNIT(*) SI_UNIT($,.STERADIAN.) SOLID_ANGLE_UNIT() );
#4853 = UNCERTAINTY_MEASURE_WITH_UNIT(LENGTH_MEASURE(1.E-07),#4850,
  'distance_accuracy_value','confusion accuracy');
#4854 = CONTEXT_DEPENDENT_SHAPE_REPRESENTATION(#4855,#4857);
#4855 = ( REPRESENTATION_RELATIONSHIP('','',#4202,#10) 
REPRESENTATION_RELATIONSHIP_WITH_TRANSFORMATION(#4856) 
SHAPE_REPRESENTATION_RELATIONSHIP() );
#4856 = ITEM_DEFINED_TRANSFORMATION('','',#11,#31);
#4857 = PRODUCT_DEFINITION_SHAPE('Placement','Placement of an item',
  #4858);
#4858 = NEXT_ASSEMBLY_USAGE_OCCURRENCE('255','','',#5,#4197,$);
#4859 = PRODUCT_RELATED_PRODUCT_CATEGORY('part',$,(#4199));
#4860 = SHAPE_DEFINITION_REPRESENTATION(#4861,#4867);
#4861 = PRODUCT_DEFINITION_SHAPE('','',#4862);
#4862 = PRODUCT_DEFINITION('design','',#4863,#4866);
#4863 = PRODUCT_DEFINITION_FORMATION('','',#4864);
#4864 = PRODUCT('Open CASCADE STEP translator 7.8 2.6',
  'Open CASCADE STEP translator 7.8 2.6','',(#4865));
#4865 = PRODUCT_CONTEXT('',#2,'mechanical');
#4866 = PRODUCT_DEFINITION_CONTEXT('part definition',#2,'design');
#4867 = ADVANCED_BREP_SHAPE_REPRESENTATION('',(#11,#4868),#5514);
#4868 = MANIFOLD_SOLID_BREP('',#4869);
#4869 = CLOSED_SHELL('',(#4870,#4990,#5066,#5229,#5278,#5399,#5406,#5453
    ,#5480,#5507));
#4870 = ADVANCED_FACE('',(#4871),#4885,.F.);
#4871 = FACE_BOUND('',#4872,.F.);
#4872 = EDGE_LOOP('',(#4873,#4908,#4936,#4964));
#4873 = ORIENTED_EDGE('',*,*,#4874,.F.);
#4874 = EDGE_CURVE('',#4875,#4877,#4879,.T.);
#4875 = VERTEX_POINT('',#4876);
#4876 = CARTESIAN_POINT('',(126.76634253249,1.000000047213E-07,
    1.000000038331E-07));
#4877 = VERTEX_POINT('',#4878);
#4878 = CARTESIAN_POINT('',(126.76634253249,1.000000047213E-07,0.4800001
    ));
#4879 = SURFACE_CURVE('',#4880,(#4884,#4896),.PCURVE_S1.);
#4880 = LINE('',#4881,#4882);
#4881 = CARTESIAN_POINT('',(126.76634253249,1.000000047213E-07,
    1.000000038331E-07));
#4882 = VECTOR('',#4883,1.);
#4883 = DIRECTION('',(0.,0.,1.));
#4884 = PCURVE('',#4885,#4890);
#4885 = PLANE('',#4886);
#4886 = AXIS2_PLACEMENT_3D('',#4887,#4888,#4889);
#4887 = CARTESIAN_POINT('',(126.76634253249,1.000000047213E-07,
    1.000000038331E-07));
#4888 = DIRECTION('',(1.,0.,0.));
#4889 = DIRECTION('',(0.,0.,1.));
#4890 = DEFINITIONAL_REPRESENTATION('',(#4891),#4895);
#4891 = LINE('',#4892,#4893);
#4892 = CARTESIAN_POINT('',(0.,0.));
#4893 = VECTOR('',#4894,1.);
#4894 = DIRECTION('',(1.,0.));
#4895 = ( GEOMETRIC_REPRESENTATION_CONTEXT(2) 
PARAMETRIC_REPRESENTATION_CONTEXT() REPRESENTATION_CONTEXT('2D SPACE',''
  ) );
#4896 = PCURVE('',#4897,#4902);
#4897 = PLANE('',#4898);
#4898 = AXIS2_PLACEMENT_3D('',#4899,#4900,#4901);
#4899 = CARTESIAN_POINT('',(126.76634253249,1.000000047213E-07,
    1.000000038331E-07));
#4900 = DIRECTION('',(0.,1.,0.));
#4901 = DIRECTION('',(0.,0.,1.));
#4902 = DEFINITIONAL_REPRESENTATION('',(#4903),#4907);
#4903 = LINE('',#4904,#4905);
#4904 = CARTESIAN_POINT('',(0.,0.));
#4905 = VECTOR('',#4906,1.);
#4906 = DIRECTION('',(1.,0.));
#4907 = ( GEOMETRIC_REPRESENTATION_CONTEXT(2) 
PARAMETRIC_REPRESENTATION_CONTEXT() REPRESENTATION_CONTEXT('2D SPACE',''
  ) );
#4908 = ORIENTED_EDGE('',*,*,#4909,.T.);
#4909 = EDGE_CURVE('',#4875,#4910,#4912,.T.);
#4910 = VERTEX_POINT('',#4911);
#4911 = CARTESIAN_POINT('',(126.76634253249,17.7200001,
    1.000000038331E-07));
#4912 = SURFACE_CURVE('',#4913,(#4917,#4924),.PCURVE_S1.);
#4913 = LINE('',#4914,#4915);
#4914 = CARTESIAN_POINT('',(126.76634253249,1.000000047213E-07,
    1.000000038331E-07));
#4915 = VECTOR('',#4916,1.);
#4916 = DIRECTION('',(0.,1.,0.));
#4917 = PCURVE('',#4885,#4918);
#4918 = DEFINITIONAL_REPRESENTATION('',(#4919),#4923);
#4919 = LINE('',#4920,#4921);
#4920 = CARTESIAN_POINT('',(0.,0.));
#4921 = VECTOR('',#4922,1.);
#4922 = DIRECTION('',(0.,-1.));
#4923 = ( GEOMETRIC_REPRESENTATION_CONTEXT(2) 
PARAMETRIC_REPRESENTATION_CONTEXT() REPRESENTATION_CONTEXT('2D SPACE',''
  ) );
#4924 = PCURVE('',#4925,#4930);
#4925 = PLANE('',#4926);
#4926 = AXIS2_PLACEMENT_3D('',#4927,#4928,#4929);
#4927 = CARTESIAN_POINT('',(126.76634253249,1.000000047213E-07,
    1.000000038331E-07));
#4928 = DIRECTION('',(0.,0.,1.));
#4929 = DIRECTION('',(1.,0.,0.));
#4930 = DEFINITIONAL_REPRESENTATION('',(#4931),#4935);
#4931 = LINE('',#4932,#4933);
#4932 = CARTESIAN_POINT('',(0.,0.));
#4933 = VECTOR('',#4934,1.);
#4934 = DIRECTION('',(0.,1.));
#4935 = ( GEOMETRIC_REPRESENTATION_CONTEXT(2) 
PARAMETRIC_REPRESENTATION_CONTEXT() REPRESENTATION_CONTEXT('2D SPACE',''
  ) );
#4936 = ORIENTED_EDGE('',*,*,#4937,.T.);
#4937 = EDGE_CURVE('',#4910,#4938,#4940,.T.);
#4938 = VERTEX_POINT('',#4939);
#4939 = CARTESIAN_POINT('',(126.76634253249,17.7200001,0.4800001));
#4940 = SURFACE_CURVE('',#4941,(#4945,#4952),.PCURVE_S1.);
#4941 = LINE('',#4942,#4943);
#4942 = CARTESIAN_POINT('',(126.76634253249,17.7200001,
    1.000000038331E-07));
#4943 = VECTOR('',#4944,1.);
#4944 = DIRECTION('',(0.,0.,1.));
#4945 = PCURVE('',#4885,#4946);
#4946 = DEFINITIONAL_REPRESENTATION('',(#4947),#4951);
#4947 = LINE('',#4948,#4949);
#4948 = CARTESIAN_POINT('',(0.,-17.72));
#4949 = VECTOR('',#4950,1.);
#4950 = DIRECTION('',(1.,0.));
#4951 = ( GEOMETRIC_REPRESENTATION_CONTEXT(2) 
PARAMETRIC_REPRESENTATION_CONTEXT() REPRESENTATION_CONTEXT('2D SPACE',''
  ) );
#4952 = PCURVE('',#4953,#4958);
#4953 = PLANE('',#4954);
#4954 = AXIS2_PLACEMENT_3D('',#4955,#4956,#4957);
#4955 = CARTESIAN_POINT('',(126.76634253249,17.7200001,
    1.000000038331E-07));
#4956 = DIRECTION('',(0.,1.,0.));
#4957 = DIRECTION('',(0.,0.,1.));
#4958 = DEFINITIONAL_REPRESENTATION('',(#4959),#4963);
#4959 = LINE('',#4960,#4961);
#4960 = CARTESIAN_POINT('',(0.,0.));
#4961 = VECTOR('',#4962,1.);
#4962 = DIRECTION('',(1.,0.));
#4963 = ( GEOMETRIC_REPRESENTATION_CONTEXT(2) 
PARAMETRIC_REPRESENTATION_CONTEXT() REPRESENTATION_CONTEXT('2D SPACE',''
  ) );
#4964 = ORIENTED_EDGE('',*,*,#4965,.F.);
#4965 = EDGE_CURVE('',#4877,#4938,#4966,.T.);
#4966 = SURFACE_CURVE('',#4967,(#4971,#4978),.PCURVE_S1.);
#4967 = LINE('',#4968,#4969);
#4968 = CARTESIAN_POINT('',(126.76634253249,1.000000047213E-07,0.4800001
    ));
#4969 = VECTOR('',#4970,1.);
#4970 = DIRECTION('',(0.,1.,0.));
#4971 = PCURVE('',#4885,#4972);
#4972 = DEFINITIONAL_REPRESENTATION('',(#4973),#4977);
#4973 = LINE('',#4974,#4975);
#4974 = CARTESIAN_POINT('',(0.48,0.));
#4975 = VECTOR('',#4976,1.);
#4976 = DIRECTION('',(0.,-1.));
#4977 = ( GEOMETRIC_REPRESENTATION_CONTEXT(2) 
PARAMETRIC_REPRESENTATION_CONTEXT() REPRESENTATION_CONTEXT('2D SPACE',''
  ) );
#4978 = PCURVE('',#4979,#4984);
#4979 = PLANE('',#4980);
#4980 = AXIS2_PLACEMENT_3D('',#4981,#4982,#4983);
#4981 = CARTESIAN_POINT('',(126.76634253249,1.000000047213E-07,0.4800001
    ));
#4982 = DIRECTION('',(0.,0.,1.));
#4983 = DIRECTION('',(1.,0.,0.));
#4984 = DEFINITIONAL_REPRESENTATION('',(#4985),#4989);
#4985 = LINE('',#4986,#4987);
#4986 = CARTESIAN_POINT('',(0.,0.));
#4987 = VECTOR('',#4988,1.);
#4988 = DIRECTION('',(0.,1.));
#4989 = ( GEOMETRIC_REPRESENTATION_CONTEXT(2) 
PARAMETRIC_REPRESENTATION_CONTEXT() REPRESENTATION_CONTEXT('2D SPACE',''
  ) );
#4990 = ADVANCED_FACE('',(#4991),#4897,.F.);
#4991 = FACE_BOUND('',#4992,.F.);
#4992 = EDGE_LOOP('',(#4993,#5016,#5017,#5040));
#4993 = ORIENTED_EDGE('',*,*,#4994,.F.);
#4994 = EDGE_CURVE('',#4875,#4995,#4997,.T.);
#4995 = VERTEX_POINT('',#4996);
#4996 = CARTESIAN_POINT('',(144.48634253249,1.000000047213E-07,
    1.000000038331E-07));
#4997 = SURFACE_CURVE('',#4998,(#5002,#5009),.PCURVE_S1.);
#4998 = LINE('',#4999,#5000);
#4999 = CARTESIAN_POINT('',(126.76634253249,1.000000047213E-07,
    1.000000038331E-07));
#5000 = VECTOR('',#5001,1.);
#5001 = DIRECTION('',(1.,0.,0.));
#5002 = PCURVE('',#4897,#5003);
#5003 = DEFINITIONAL_REPRESENTATION('',(#5004),#5008);
#5004 = LINE('',#5005,#5006);
#5005 = CARTESIAN_POINT('',(0.,0.));
#5006 = VECTOR('',#5007,1.);
#5007 = DIRECTION('',(0.,1.));
#5008 = ( GEOMETRIC_REPRESENTATION_CONTEXT(2) 
PARAMETRIC_REPRESENTATION_CONTEXT() REPRESENTATION_CONTEXT('2D SPACE',''
  ) );
#5009 = PCURVE('',#4925,#5010);
#5010 = DEFINITIONAL_REPRESENTATION('',(#5011),#5015);
#5011 = LINE('',#5012,#5013);
#5012 = CARTESIAN_POINT('',(0.,0.));
#5013 = VECTOR('',#5014,1.);
#5014 = DIRECTION('',(1.,0.));
#5015 = ( GEOMETRIC_REPRESENTATION_CONTEXT(2) 
PARAMETRIC_REPRESENTATION_CONTEXT() REPRESENTATION_CONTEXT('2D SPACE',''
  ) );
#5016 = ORIENTED_EDGE('',*,*,#4874,.T.);
#5017 = ORIENTED_EDGE('',*,*,#5018,.T.);
#5018 = EDGE_CURVE('',#4877,#5019,#5021,.T.);
#5019 = VERTEX_POINT('',#5020);
#5020 = CARTESIAN_POINT('',(144.48634253249,1.000000047213E-07,0.4800001
    ));
#5021 = SURFACE_CURVE('',#5022,(#5026,#5033),.PCURVE_S1.);
#5022 = LINE('',#5023,#5024);
#5023 = CARTESIAN_POINT('',(126.76634253249,1.000000047213E-07,0.4800001
    ));
#5024 = VECTOR('',#5025,1.);
#5025 = DIRECTION('',(1.,0.,0.));
#5026 = PCURVE('',#4897,#5027);
#5027 = DEFINITIONAL_REPRESENTATION('',(#5028),#5032);
#5028 = LINE('',#5029,#5030);
#5029 = CARTESIAN_POINT('',(0.48,0.));
#5030 = VECTOR('',#5031,1.);
#5031 = DIRECTION('',(0.,1.));
#5032 = ( GEOMETRIC_REPRESENTATION_CONTEXT(2) 
PARAMETRIC_REPRESENTATION_CONTEXT() REPRESENTATION_CONTEXT('2D SPACE',''
  ) );
#5033 = PCURVE('',#4979,#5034);
#5034 = DEFINITIONAL_REPRESENTATION('',(#5035),#5039);
#5035 = LINE('',#5036,#5037);
#5036 = CARTESIAN_POINT('',(0.,0.));
#5037 = VECTOR('',#5038,1.);
#5038 = DIRECTION('',(1.,0.));
#5039 = ( GEOMETRIC_REPRESENTATION_CONTEXT(2) 
PARAMETRIC_REPRESENTATION_CONTEXT() REPRESENTATION_CONTEXT('2D SPACE',''
  ) );
#5040 = ORIENTED_EDGE('',*,*,#5041,.F.);
#5041 = EDGE_CURVE('',#4995,#5019,#5042,.T.);
#5042 = SURFACE_CURVE('',#5043,(#5047,#5054),.PCURVE_S1.);
#5043 = LINE('',#5044,#5045);
#5044 = CARTESIAN_POINT('',(144.48634253249,1.000000047213E-07,
    1.000000038331E-07));
#5045 = VECTOR('',#5046,1.);
#5046 = DIRECTION('',(0.,0.,1.));
#5047 = PCURVE('',#4897,#5048);
#5048 = DEFINITIONAL_REPRESENTATION('',(#5049),#5053);
#5049 = LINE('',#5050,#5051);
#5050 = CARTESIAN_POINT('',(0.,17.72));
#5051 = VECTOR('',#5052,1.);
#5052 = DIRECTION('',(1.,0.));
#5053 = ( GEOMETRIC_REPRESENTATION_CONTEXT(2) 
PARAMETRIC_REPRESENTATION_CONTEXT() REPRESENTATION_CONTEXT('2D SPACE',''
  ) );
#5054 = PCURVE('',#5055,#5060);
#5055 = PLANE('',#5056);
#5056 = AXIS2_PLACEMENT_3D('',#5057,#5058,#5059);
#5057 = CARTESIAN_POINT('',(144.48634253249,1.000000047213E-07,
    1.000000038331E-07));
#5058 = DIRECTION('',(1.,0.,0.));
#5059 = DIRECTION('',(0.,0.,1.));
#5060 = DEFINITIONAL_REPRESENTATION('',(#5061),#5065);
#5061 = LINE('',#5062,#5063);
#5062 = CARTESIAN_POINT('',(0.,0.));
#5063 = VECTOR('',#5064,1.);
#5064 = DIRECTION('',(1.,0.));
#5065 = ( GEOMETRIC_REPRESENTATION_CONTEXT(2) 
PARAMETRIC_REPRESENTATION_CONTEXT() REPRESENTATION_CONTEXT('2D SPACE',''
  ) );
#5066 = ADVANCED_FACE('',(#5067,#5115),#4979,.T.);
#5067 = FACE_BOUND('',#5068,.T.);
#5068 = EDGE_LOOP('',(#5069,#5070,#5071,#5094));
#5069 = ORIENTED_EDGE('',*,*,#4965,.F.);
#5070 = ORIENTED_EDGE('',*,*,#5018,.T.);
#5071 = ORIENTED_EDGE('',*,*,#5072,.T.);
#5072 = EDGE_CURVE('',#5019,#5073,#5075,.T.);
#5073 = VERTEX_POINT('',#5074);
#5074 = CARTESIAN_POINT('',(144.48634253249,17.7200001,0.4800001));
#5075 = SURFACE_CURVE('',#5076,(#5080,#5087),.PCURVE_S1.);
#5076 = LINE('',#5077,#5078);
#5077 = CARTESIAN_POINT('',(144.48634253249,1.000000047213E-07,0.4800001
    ));
#5078 = VECTOR('',#5079,1.);
#5079 = DIRECTION('',(0.,1.,0.));
#5080 = PCURVE('',#4979,#5081);
#5081 = DEFINITIONAL_REPRESENTATION('',(#5082),#5086);
#5082 = LINE('',#5083,#5084);
#5083 = CARTESIAN_POINT('',(17.72,0.));
#5084 = VECTOR('',#5085,1.);
#5085 = DIRECTION('',(0.,1.));
#5086 = ( GEOMETRIC_REPRESENTATION_CONTEXT(2) 
PARAMETRIC_REPRESENTATION_CONTEXT() REPRESENTATION_CONTEXT('2D SPACE',''
  ) );
#5087 = PCURVE('',#5055,#5088);
#5088 = DEFINITIONAL_REPRESENTATION('',(#5089),#5093);
#5089 = LINE('',#5090,#5091);
#5090 = CARTESIAN_POINT('',(0.48,0.));
#5091 = VECTOR('',#5092,1.);
#5092 = DIRECTION('',(0.,-1.));
#5093 = ( GEOMETRIC_REPRESENTATION_CONTEXT(2) 
PARAMETRIC_REPRESENTATION_CONTEXT() REPRESENTATION_CONTEXT('2D SPACE',''
  ) );
#5094 = ORIENTED_EDGE('',*,*,#5095,.F.);
#5095 = EDGE_CURVE('',#4938,#5073,#5096,.T.);
#5096 = SURFACE_CURVE('',#5097,(#5101,#5108),.PCURVE_S1.);
#5097 = LINE('',#5098,#5099);
#5098 = CARTESIAN_POINT('',(126.76634253249,17.7200001,0.4800001));
#5099 = VECTOR('',#5100,1.);
#5100 = DIRECTION('',(1.,0.,0.));
#5101 = PCURVE('',#4979,#5102);
#5102 = DEFINITIONAL_REPRESENTATION('',(#5103),#5107);
#5103 = LINE('',#5104,#5105);
#5104 = CARTESIAN_POINT('',(0.,17.72));
#5105 = VECTOR('',#5106,1.);
#5106 = DIRECTION('',(1.,0.));
#5107 = ( GEOMETRIC_REPRESENTATION_CONTEXT(2) 
PARAMETRIC_REPRESENTATION_CONTEXT() REPRESENTATION_CONTEXT('2D SPACE',''
  ) );
#5108 = PCURVE('',#4953,#5109);
#5109 = DEFINITIONAL_REPRESENTATION('',(#5110),#5114);
#5110 = LINE('',#5111,#5112);
#5111 = CARTESIAN_POINT('',(0.48,0.));
#5112 = VECTOR('',#5113,1.);
#5113 = DIRECTION('',(0.,1.));
#5114 = ( GEOMETRIC_REPRESENTATION_CONTEXT(2) 
PARAMETRIC_REPRESENTATION_CONTEXT() REPRESENTATION_CONTEXT('2D SPACE',''
  ) );
#5115 = FACE_BOUND('',#5116,.T.);
#5116 = EDGE_LOOP('',(#5117,#5147,#5175,#5203));
#5117 = ORIENTED_EDGE('',*,*,#5118,.T.);
#5118 = EDGE_CURVE('',#5119,#5121,#5123,.T.);
#5119 = VERTEX_POINT('',#5120);
#5120 = CARTESIAN_POINT('',(144.00134253249,0.4850001,0.4800001));
#5121 = VERTEX_POINT('',#5122);
#5122 = CARTESIAN_POINT('',(127.25134253249,0.4850001,0.4800001));
#5123 = SURFACE_CURVE('',#5124,(#5128,#5135),.PCURVE_S1.);
#5124 = LINE('',#5125,#5126);
#5125 = CARTESIAN_POINT('',(127.00884253249,0.4850001,0.4800001));
#5126 = VECTOR('',#5127,1.);
#5127 = DIRECTION('',(-1.,0.,0.));
#5128 = PCURVE('',#4979,#5129);
#5129 = DEFINITIONAL_REPRESENTATION('',(#5130),#5134);
#5130 = LINE('',#5131,#5132);
#5131 = CARTESIAN_POINT('',(0.2425,0.485));
#5132 = VECTOR('',#5133,1.);
#5133 = DIRECTION('',(-1.,0.));
#5134 = ( GEOMETRIC_REPRESENTATION_CONTEXT(2) 
PARAMETRIC_REPRESENTATION_CONTEXT() REPRESENTATION_CONTEXT('2D SPACE',''
  ) );
#5135 = PCURVE('',#5136,#5141);
#5136 = PLANE('',#5137);
#5137 = AXIS2_PLACEMENT_3D('',#5138,#5139,#5140);
#5138 = CARTESIAN_POINT('',(127.25134253249,0.4850001,-9.99999E-02));
#5139 = DIRECTION('',(0.,1.,0.));
#5140 = DIRECTION('',(0.,0.,1.));
#5141 = DEFINITIONAL_REPRESENTATION('',(#5142),#5146);
#5142 = LINE('',#5143,#5144);
#5143 = CARTESIAN_POINT('',(0.58,-0.2425));
#5144 = VECTOR('',#5145,1.);
#5145 = DIRECTION('',(0.,-1.));
#5146 = ( GEOMETRIC_REPRESENTATION_CONTEXT(2) 
PARAMETRIC_REPRESENTATION_CONTEXT() REPRESENTATION_CONTEXT('2D SPACE',''
  ) );
#5147 = ORIENTED_EDGE('',*,*,#5148,.T.);
#5148 = EDGE_CURVE('',#5121,#5149,#5151,.T.);
#5149 = VERTEX_POINT('',#5150);
#5150 = CARTESIAN_POINT('',(127.25134253249,17.2350001,0.4800001));
#5151 = SURFACE_CURVE('',#5152,(#5156,#5163),.PCURVE_S1.);
#5152 = LINE('',#5153,#5154);
#5153 = CARTESIAN_POINT('',(127.25134253249,0.2425001,0.4800001));
#5154 = VECTOR('',#5155,1.);
#5155 = DIRECTION('',(0.,1.,0.));
#5156 = PCURVE('',#4979,#5157);
#5157 = DEFINITIONAL_REPRESENTATION('',(#5158),#5162);
#5158 = LINE('',#5159,#5160);
#5159 = CARTESIAN_POINT('',(0.485,0.2425));
#5160 = VECTOR('',#5161,1.);
#5161 = DIRECTION('',(0.,1.));
#5162 = ( GEOMETRIC_REPRESENTATION_CONTEXT(2) 
PARAMETRIC_REPRESENTATION_CONTEXT() REPRESENTATION_CONTEXT('2D SPACE',''
  ) );
#5163 = PCURVE('',#5164,#5169);
#5164 = PLANE('',#5165);
#5165 = AXIS2_PLACEMENT_3D('',#5166,#5167,#5168);
#5166 = CARTESIAN_POINT('',(127.25134253249,0.4850001,-9.99999E-02));
#5167 = DIRECTION('',(1.,0.,0.));
#5168 = DIRECTION('',(0.,0.,1.));
#5169 = DEFINITIONAL_REPRESENTATION('',(#5170),#5174);
#5170 = LINE('',#5171,#5172);
#5171 = CARTESIAN_POINT('',(0.58,0.2425));
#5172 = VECTOR('',#5173,1.);
#5173 = DIRECTION('',(0.,-1.));
#5174 = ( GEOMETRIC_REPRESENTATION_CONTEXT(2) 
PARAMETRIC_REPRESENTATION_CONTEXT() REPRESENTATION_CONTEXT('2D SPACE',''
  ) );
#5175 = ORIENTED_EDGE('',*,*,#5176,.F.);
#5176 = EDGE_CURVE('',#5177,#5149,#5179,.T.);
#5177 = VERTEX_POINT('',#5178);
#5178 = CARTESIAN_POINT('',(144.00134253249,17.2350001,0.4800001));
#5179 = SURFACE_CURVE('',#5180,(#5184,#5191),.PCURVE_S1.);
#5180 = LINE('',#5181,#5182);
#5181 = CARTESIAN_POINT('',(127.00884253249,17.2350001,0.4800001));
#5182 = VECTOR('',#5183,1.);
#5183 = DIRECTION('',(-1.,0.,0.));
#5184 = PCURVE('',#4979,#5185);
#5185 = DEFINITIONAL_REPRESENTATION('',(#5186),#5190);
#5186 = LINE('',#5187,#5188);
#5187 = CARTESIAN_POINT('',(0.2425,17.235));
#5188 = VECTOR('',#5189,1.);
#5189 = DIRECTION('',(-1.,0.));
#5190 = ( GEOMETRIC_REPRESENTATION_CONTEXT(2) 
PARAMETRIC_REPRESENTATION_CONTEXT() REPRESENTATION_CONTEXT('2D SPACE',''
  ) );
#5191 = PCURVE('',#5192,#5197);
#5192 = PLANE('',#5193);
#5193 = AXIS2_PLACEMENT_3D('',#5194,#5195,#5196);
#5194 = CARTESIAN_POINT('',(127.25134253249,17.2350001,-9.99999E-02));
#5195 = DIRECTION('',(0.,1.,0.));
#5196 = DIRECTION('',(0.,0.,1.));
#5197 = DEFINITIONAL_REPRESENTATION('',(#5198),#5202);
#5198 = LINE('',#5199,#5200);
#5199 = CARTESIAN_POINT('',(0.58,-0.2425));
#5200 = VECTOR('',#5201,1.);
#5201 = DIRECTION('',(0.,-1.));
#5202 = ( GEOMETRIC_REPRESENTATION_CONTEXT(2) 
PARAMETRIC_REPRESENTATION_CONTEXT() REPRESENTATION_CONTEXT('2D SPACE',''
  ) );
#5203 = ORIENTED_EDGE('',*,*,#5204,.F.);
#5204 = EDGE_CURVE('',#5119,#5177,#5205,.T.);
#5205 = SURFACE_CURVE('',#5206,(#5210,#5217),.PCURVE_S1.);
#5206 = LINE('',#5207,#5208);
#5207 = CARTESIAN_POINT('',(144.00134253249,0.2425001,0.4800001));
#5208 = VECTOR('',#5209,1.);
#5209 = DIRECTION('',(0.,1.,0.));
#5210 = PCURVE('',#4979,#5211);
#5211 = DEFINITIONAL_REPRESENTATION('',(#5212),#5216);
#5212 = LINE('',#5213,#5214);
#5213 = CARTESIAN_POINT('',(17.235,0.2425));
#5214 = VECTOR('',#5215,1.);
#5215 = DIRECTION('',(0.,1.));
#5216 = ( GEOMETRIC_REPRESENTATION_CONTEXT(2) 
PARAMETRIC_REPRESENTATION_CONTEXT() REPRESENTATION_CONTEXT('2D SPACE',''
  ) );
#5217 = PCURVE('',#5218,#5223);
#5218 = PLANE('',#5219);
#5219 = AXIS2_PLACEMENT_3D('',#5220,#5221,#5222);
#5220 = CARTESIAN_POINT('',(144.00134253249,0.4850001,-9.99999E-02));
#5221 = DIRECTION('',(1.,0.,0.));
#5222 = DIRECTION('',(0.,0.,1.));
#5223 = DEFINITIONAL_REPRESENTATION('',(#5224),#5228);
#5224 = LINE('',#5225,#5226);
#5225 = CARTESIAN_POINT('',(0.58,0.2425));
#5226 = VECTOR('',#5227,1.);
#5227 = DIRECTION('',(0.,-1.));
#5228 = ( GEOMETRIC_REPRESENTATION_CONTEXT(2) 
PARAMETRIC_REPRESENTATION_CONTEXT() REPRESENTATION_CONTEXT('2D SPACE',''
  ) );
#5229 = ADVANCED_FACE('',(#5230),#4953,.T.);
#5230 = FACE_BOUND('',#5231,.T.);
#5231 = EDGE_LOOP('',(#5232,#5255,#5256,#5257));
#5232 = ORIENTED_EDGE('',*,*,#5233,.F.);
#5233 = EDGE_CURVE('',#4910,#5234,#5236,.T.);
#5234 = VERTEX_POINT('',#5235);
#5235 = CARTESIAN_POINT('',(144.48634253249,17.7200001,
    1.000000038331E-07));
#5236 = SURFACE_CURVE('',#5237,(#5241,#5248),.PCURVE_S1.);
#5237 = LINE('',#5238,#5239);
#5238 = CARTESIAN_POINT('',(126.76634253249,17.7200001,
    1.000000038331E-07));
#5239 = VECTOR('',#5240,1.);
#5240 = DIRECTION('',(1.,0.,0.));
#5241 = PCURVE('',#4953,#5242);
#5242 = DEFINITIONAL_REPRESENTATION('',(#5243),#5247);
#5243 = LINE('',#5244,#5245);
#5244 = CARTESIAN_POINT('',(0.,0.));
#5245 = VECTOR('',#5246,1.);
#5246 = DIRECTION('',(0.,1.));
#5247 = ( GEOMETRIC_REPRESENTATION_CONTEXT(2) 
PARAMETRIC_REPRESENTATION_CONTEXT() REPRESENTATION_CONTEXT('2D SPACE',''
  ) );
#5248 = PCURVE('',#4925,#5249);
#5249 = DEFINITIONAL_REPRESENTATION('',(#5250),#5254);
#5250 = LINE('',#5251,#5252);
#5251 = CARTESIAN_POINT('',(0.,17.72));
#5252 = VECTOR('',#5253,1.);
#5253 = DIRECTION('',(1.,0.));
#5254 = ( GEOMETRIC_REPRESENTATION_CONTEXT(2) 
PARAMETRIC_REPRESENTATION_CONTEXT() REPRESENTATION_CONTEXT('2D SPACE',''
  ) );
#5255 = ORIENTED_EDGE('',*,*,#4937,.T.);
#5256 = ORIENTED_EDGE('',*,*,#5095,.T.);
#5257 = ORIENTED_EDGE('',*,*,#5258,.F.);
#5258 = EDGE_CURVE('',#5234,#5073,#5259,.T.);
#5259 = SURFACE_CURVE('',#5260,(#5264,#5271),.PCURVE_S1.);
#5260 = LINE('',#5261,#5262);
#5261 = CARTESIAN_POINT('',(144.48634253249,17.7200001,
    1.000000038331E-07));
#5262 = VECTOR('',#5263,1.);
#5263 = DIRECTION('',(0.,0.,1.));
#5264 = PCURVE('',#4953,#5265);
#5265 = DEFINITIONAL_REPRESENTATION('',(#5266),#5270);
#5266 = LINE('',#5267,#5268);
#5267 = CARTESIAN_POINT('',(0.,17.72));
#5268 = VECTOR('',#5269,1.);
#5269 = DIRECTION('',(1.,0.));
#5270 = ( GEOMETRIC_REPRESENTATION_CONTEXT(2) 
PARAMETRIC_REPRESENTATION_CONTEXT() REPRESENTATION_CONTEXT('2D SPACE',''
  ) );
#5271 = PCURVE('',#5055,#5272);
#5272 = DEFINITIONAL_REPRESENTATION('',(#5273),#5277);
#5273 = LINE('',#5274,#5275);
#5274 = CARTESIAN_POINT('',(0.,-17.72));
#5275 = VECTOR('',#5276,1.);
#5276 = DIRECTION('',(1.,0.));
#5277 = ( GEOMETRIC_REPRESENTATION_CONTEXT(2) 
PARAMETRIC_REPRESENTATION_CONTEXT() REPRESENTATION_CONTEXT('2D SPACE',''
  ) );
#5278 = ADVANCED_FACE('',(#5279,#5305),#4925,.F.);
#5279 = FACE_BOUND('',#5280,.F.);
#5280 = EDGE_LOOP('',(#5281,#5282,#5283,#5304));
#5281 = ORIENTED_EDGE('',*,*,#4909,.F.);
#5282 = ORIENTED_EDGE('',*,*,#4994,.T.);
#5283 = ORIENTED_EDGE('',*,*,#5284,.T.);
#5284 = EDGE_CURVE('',#4995,#5234,#5285,.T.);
#5285 = SURFACE_CURVE('',#5286,(#5290,#5297),.PCURVE_S1.);
#5286 = LINE('',#5287,#5288);
#5287 = CARTESIAN_POINT('',(144.48634253249,1.000000047213E-07,
    1.000000038331E-07));
#5288 = VECTOR('',#5289,1.);
#5289 = DIRECTION('',(0.,1.,0.));
#5290 = PCURVE('',#4925,#5291);
#5291 = DEFINITIONAL_REPRESENTATION('',(#5292),#5296);
#5292 = LINE('',#5293,#5294);
#5293 = CARTESIAN_POINT('',(17.72,0.));
#5294 = VECTOR('',#5295,1.);
#5295 = DIRECTION('',(0.,1.));
#5296 = ( GEOMETRIC_REPRESENTATION_CONTEXT(2) 
PARAMETRIC_REPRESENTATION_CONTEXT() REPRESENTATION_CONTEXT('2D SPACE',''
  ) );
#5297 = PCURVE('',#5055,#5298);
#5298 = DEFINITIONAL_REPRESENTATION('',(#5299),#5303);
#5299 = LINE('',#5300,#5301);
#5300 = CARTESIAN_POINT('',(0.,0.));
#5301 = VECTOR('',#5302,1.);
#5302 = DIRECTION('',(0.,-1.));
#5303 = ( GEOMETRIC_REPRESENTATION_CONTEXT(2) 
PARAMETRIC_REPRESENTATION_CONTEXT() REPRESENTATION_CONTEXT('2D SPACE',''
  ) );
#5304 = ORIENTED_EDGE('',*,*,#5233,.F.);
#5305 = FACE_BOUND('',#5306,.F.);
#5306 = EDGE_LOOP('',(#5307,#5332,#5355,#5378));
#5307 = ORIENTED_EDGE('',*,*,#5308,.T.);
#5308 = EDGE_CURVE('',#5309,#5311,#5313,.T.);
#5309 = VERTEX_POINT('',#5310);
#5310 = CARTESIAN_POINT('',(144.00134253249,0.4850001,1.000000038331E-07
    ));
#5311 = VERTEX_POINT('',#5312);
#5312 = CARTESIAN_POINT('',(127.25134253249,0.4850001,1.000000038331E-07
    ));
#5313 = SURFACE_CURVE('',#5314,(#5318,#5325),.PCURVE_S1.);
#5314 = LINE('',#5315,#5316);
#5315 = CARTESIAN_POINT('',(127.00884253249,0.4850001,1.000000038331E-07
    ));
#5316 = VECTOR('',#5317,1.);
#5317 = DIRECTION('',(-1.,0.,0.));
#5318 = PCURVE('',#4925,#5319);
#5319 = DEFINITIONAL_REPRESENTATION('',(#5320),#5324);
#5320 = LINE('',#5321,#5322);
#5321 = CARTESIAN_POINT('',(0.2425,0.485));
#5322 = VECTOR('',#5323,1.);
#5323 = DIRECTION('',(-1.,0.));
#5324 = ( GEOMETRIC_REPRESENTATION_CONTEXT(2) 
PARAMETRIC_REPRESENTATION_CONTEXT() REPRESENTATION_CONTEXT('2D SPACE',''
  ) );
#5325 = PCURVE('',#5136,#5326);
#5326 = DEFINITIONAL_REPRESENTATION('',(#5327),#5331);
#5327 = LINE('',#5328,#5329);
#5328 = CARTESIAN_POINT('',(1.E-01,-0.2425));
#5329 = VECTOR('',#5330,1.);
#5330 = DIRECTION('',(0.,-1.));
#5331 = ( GEOMETRIC_REPRESENTATION_CONTEXT(2) 
PARAMETRIC_REPRESENTATION_CONTEXT() REPRESENTATION_CONTEXT('2D SPACE',''
  ) );
#5332 = ORIENTED_EDGE('',*,*,#5333,.T.);
#5333 = EDGE_CURVE('',#5311,#5334,#5336,.T.);
#5334 = VERTEX_POINT('',#5335);
#5335 = CARTESIAN_POINT('',(127.25134253249,17.2350001,
    1.000000038331E-07));
#5336 = SURFACE_CURVE('',#5337,(#5341,#5348),.PCURVE_S1.);
#5337 = LINE('',#5338,#5339);
#5338 = CARTESIAN_POINT('',(127.25134253249,0.2425001,1.000000038331E-07
    ));
#5339 = VECTOR('',#5340,1.);
#5340 = DIRECTION('',(0.,1.,0.));
#5341 = PCURVE('',#4925,#5342);
#5342 = DEFINITIONAL_REPRESENTATION('',(#5343),#5347);
#5343 = LINE('',#5344,#5345);
#5344 = CARTESIAN_POINT('',(0.485,0.2425));
#5345 = VECTOR('',#5346,1.);
#5346 = DIRECTION('',(0.,1.));
#5347 = ( GEOMETRIC_REPRESENTATION_CONTEXT(2) 
PARAMETRIC_REPRESENTATION_CONTEXT() REPRESENTATION_CONTEXT('2D SPACE',''
  ) );
#5348 = PCURVE('',#5164,#5349);
#5349 = DEFINITIONAL_REPRESENTATION('',(#5350),#5354);
#5350 = LINE('',#5351,#5352);
#5351 = CARTESIAN_POINT('',(1.E-01,0.2425));
#5352 = VECTOR('',#5353,1.);
#5353 = DIRECTION('',(0.,-1.));
#5354 = ( GEOMETRIC_REPRESENTATION_CONTEXT(2) 
PARAMETRIC_REPRESENTATION_CONTEXT() REPRESENTATION_CONTEXT('2D SPACE',''
  ) );
#5355 = ORIENTED_EDGE('',*,*,#5356,.F.);
#5356 = EDGE_CURVE('',#5357,#5334,#5359,.T.);
#5357 = VERTEX_POINT('',#5358);
#5358 = CARTESIAN_POINT('',(144.00134253249,17.2350001,
    1.000000038331E-07));
#5359 = SURFACE_CURVE('',#5360,(#5364,#5371),.PCURVE_S1.);
#5360 = LINE('',#5361,#5362);
#5361 = CARTESIAN_POINT('',(127.00884253249,17.2350001,
    1.000000038331E-07));
#5362 = VECTOR('',#5363,1.);
#5363 = DIRECTION('',(-1.,0.,0.));
#5364 = PCURVE('',#4925,#5365);
#5365 = DEFINITIONAL_REPRESENTATION('',(#5366),#5370);
#5366 = LINE('',#5367,#5368);
#5367 = CARTESIAN_POINT('',(0.2425,17.235));
#5368 = VECTOR('',#5369,1.);
#5369 = DIRECTION('',(-1.,0.));
#5370 = ( GEOMETRIC_REPRESENTATION_CONTEXT(2) 
PARAMETRIC_REPRESENTATION_CONTEXT() REPRESENTATION_CONTEXT('2D SPACE',''
  ) );
#5371 = PCURVE('',#5192,#5372);
#5372 = DEFINITIONAL_REPRESENTATION('',(#5373),#5377);
#5373 = LINE('',#5374,#5375);
#5374 = CARTESIAN_POINT('',(1.E-01,-0.2425));
#5375 = VECTOR('',#5376,1.);
#5376 = DIRECTION('',(0.,-1.));
#5377 = ( GEOMETRIC_REPRESENTATION_CONTEXT(2) 
PARAMETRIC_REPRESENTATION_CONTEXT() REPRESENTATION_CONTEXT('2D SPACE',''
  ) );
#5378 = ORIENTED_EDGE('',*,*,#5379,.F.);
#5379 = EDGE_CURVE('',#5309,#5357,#5380,.T.);
#5380 = SURFACE_CURVE('',#5381,(#5385,#5392),.PCURVE_S1.);
#5381 = LINE('',#5382,#5383);
#5382 = CARTESIAN_POINT('',(144.00134253249,0.2425001,1.000000038331E-07
    ));
#5383 = VECTOR('',#5384,1.);
#5384 = DIRECTION('',(0.,1.,0.));
#5385 = PCURVE('',#4925,#5386);
#5386 = DEFINITIONAL_REPRESENTATION('',(#5387),#5391);
#5387 = LINE('',#5388,#5389);
#5388 = CARTESIAN_POINT('',(17.235,0.2425));
#5389 = VECTOR('',#5390,1.);
#5390 = DIRECTION('',(0.,1.));
#5391 = ( GEOMETRIC_REPRESENTATION_CONTEXT(2) 
PARAMETRIC_REPRESENTATION_CONTEXT() REPRESENTATION_CONTEXT('2D SPACE',''
  ) );
#5392 = PCURVE('',#5218,#5393);
#5393 = DEFINITIONAL_REPRESENTATION('',(#5394),#5398);
#5394 = LINE('',#5395,#5396);
#5395 = CARTESIAN_POINT('',(1.E-01,0.2425));
#5396 = VECTOR('',#5397,1.);
#5397 = DIRECTION('',(0.,-1.));
#5398 = ( GEOMETRIC_REPRESENTATION_CONTEXT(2) 
PARAMETRIC_REPRESENTATION_CONTEXT() REPRESENTATION_CONTEXT('2D SPACE',''
  ) );
#5399 = ADVANCED_FACE('',(#5400),#5055,.T.);
#5400 = FACE_BOUND('',#5401,.T.);
#5401 = EDGE_LOOP('',(#5402,#5403,#5404,#5405));
#5402 = ORIENTED_EDGE('',*,*,#5041,.F.);
#5403 = ORIENTED_EDGE('',*,*,#5284,.T.);
#5404 = ORIENTED_EDGE('',*,*,#5258,.T.);
#5405 = ORIENTED_EDGE('',*,*,#5072,.F.);
#5406 = ADVANCED_FACE('',(#5407),#5136,.T.);
#5407 = FACE_BOUND('',#5408,.T.);
#5408 = EDGE_LOOP('',(#5409,#5430,#5431,#5452));
#5409 = ORIENTED_EDGE('',*,*,#5410,.F.);
#5410 = EDGE_CURVE('',#5309,#5119,#5411,.T.);
#5411 = SURFACE_CURVE('',#5412,(#5416,#5423),.PCURVE_S1.);
#5412 = LINE('',#5413,#5414);
#5413 = CARTESIAN_POINT('',(144.00134253249,0.4850001,-9.99999E-02));
#5414 = VECTOR('',#5415,1.);
#5415 = DIRECTION('',(0.,0.,1.));
#5416 = PCURVE('',#5136,#5417);
#5417 = DEFINITIONAL_REPRESENTATION('',(#5418),#5422);
#5418 = LINE('',#5419,#5420);
#5419 = CARTESIAN_POINT('',(0.,16.75));
#5420 = VECTOR('',#5421,1.);
#5421 = DIRECTION('',(1.,0.));
#5422 = ( GEOMETRIC_REPRESENTATION_CONTEXT(2) 
PARAMETRIC_REPRESENTATION_CONTEXT() REPRESENTATION_CONTEXT('2D SPACE',''
  ) );
#5423 = PCURVE('',#5218,#5424);
#5424 = DEFINITIONAL_REPRESENTATION('',(#5425),#5429);
#5425 = LINE('',#5426,#5427);
#5426 = CARTESIAN_POINT('',(0.,0.));
#5427 = VECTOR('',#5428,1.);
#5428 = DIRECTION('',(1.,0.));
#5429 = ( GEOMETRIC_REPRESENTATION_CONTEXT(2) 
PARAMETRIC_REPRESENTATION_CONTEXT() REPRESENTATION_CONTEXT('2D SPACE',''
  ) );
#5430 = ORIENTED_EDGE('',*,*,#5308,.T.);
#5431 = ORIENTED_EDGE('',*,*,#5432,.T.);
#5432 = EDGE_CURVE('',#5311,#5121,#5433,.T.);
#5433 = SURFACE_CURVE('',#5434,(#5438,#5445),.PCURVE_S1.);
#5434 = LINE('',#5435,#5436);
#5435 = CARTESIAN_POINT('',(127.25134253249,0.4850001,-9.99999E-02));
#5436 = VECTOR('',#5437,1.);
#5437 = DIRECTION('',(0.,0.,1.));
#5438 = PCURVE('',#5136,#5439);
#5439 = DEFINITIONAL_REPRESENTATION('',(#5440),#5444);
#5440 = LINE('',#5441,#5442);
#5441 = CARTESIAN_POINT('',(0.,0.));
#5442 = VECTOR('',#5443,1.);
#5443 = DIRECTION('',(1.,0.));
#5444 = ( GEOMETRIC_REPRESENTATION_CONTEXT(2) 
PARAMETRIC_REPRESENTATION_CONTEXT() REPRESENTATION_CONTEXT('2D SPACE',''
  ) );
#5445 = PCURVE('',#5164,#5446);
#5446 = DEFINITIONAL_REPRESENTATION('',(#5447),#5451);
#5447 = LINE('',#5448,#5449);
#5448 = CARTESIAN_POINT('',(0.,0.));
#5449 = VECTOR('',#5450,1.);
#5450 = DIRECTION('',(1.,0.));
#5451 = ( GEOMETRIC_REPRESENTATION_CONTEXT(2) 
PARAMETRIC_REPRESENTATION_CONTEXT() REPRESENTATION_CONTEXT('2D SPACE',''
  ) );
#5452 = ORIENTED_EDGE('',*,*,#5118,.F.);
#5453 = ADVANCED_FACE('',(#5454),#5218,.F.);
#5454 = FACE_BOUND('',#5455,.F.);
#5455 = EDGE_LOOP('',(#5456,#5457,#5458,#5479));
#5456 = ORIENTED_EDGE('',*,*,#5410,.F.);
#5457 = ORIENTED_EDGE('',*,*,#5379,.T.);
#5458 = ORIENTED_EDGE('',*,*,#5459,.T.);
#5459 = EDGE_CURVE('',#5357,#5177,#5460,.T.);
#5460 = SURFACE_CURVE('',#5461,(#5465,#5472),.PCURVE_S1.);
#5461 = LINE('',#5462,#5463);
#5462 = CARTESIAN_POINT('',(144.00134253249,17.2350001,-9.99999E-02));
#5463 = VECTOR('',#5464,1.);
#5464 = DIRECTION('',(0.,0.,1.));
#5465 = PCURVE('',#5218,#5466);
#5466 = DEFINITIONAL_REPRESENTATION('',(#5467),#5471);
#5467 = LINE('',#5468,#5469);
#5468 = CARTESIAN_POINT('',(0.,-16.75));
#5469 = VECTOR('',#5470,1.);
#5470 = DIRECTION('',(1.,0.));
#5471 = ( GEOMETRIC_REPRESENTATION_CONTEXT(2) 
PARAMETRIC_REPRESENTATION_CONTEXT() REPRESENTATION_CONTEXT('2D SPACE',''
  ) );
#5472 = PCURVE('',#5192,#5473);
#5473 = DEFINITIONAL_REPRESENTATION('',(#5474),#5478);
#5474 = LINE('',#5475,#5476);
#5475 = CARTESIAN_POINT('',(0.,16.75));
#5476 = VECTOR('',#5477,1.);
#5477 = DIRECTION('',(1.,0.));
#5478 = ( GEOMETRIC_REPRESENTATION_CONTEXT(2) 
PARAMETRIC_REPRESENTATION_CONTEXT() REPRESENTATION_CONTEXT('2D SPACE',''
  ) );
#5479 = ORIENTED_EDGE('',*,*,#5204,.F.);
#5480 = ADVANCED_FACE('',(#5481),#5192,.F.);
#5481 = FACE_BOUND('',#5482,.F.);
#5482 = EDGE_LOOP('',(#5483,#5484,#5485,#5506));
#5483 = ORIENTED_EDGE('',*,*,#5459,.F.);
#5484 = ORIENTED_EDGE('',*,*,#5356,.T.);
#5485 = ORIENTED_EDGE('',*,*,#5486,.T.);
#5486 = EDGE_CURVE('',#5334,#5149,#5487,.T.);
#5487 = SURFACE_CURVE('',#5488,(#5492,#5499),.PCURVE_S1.);
#5488 = LINE('',#5489,#5490);
#5489 = CARTESIAN_POINT('',(127.25134253249,17.2350001,-9.99999E-02));
#5490 = VECTOR('',#5491,1.);
#5491 = DIRECTION('',(0.,0.,1.));
#5492 = PCURVE('',#5192,#5493);
#5493 = DEFINITIONAL_REPRESENTATION('',(#5494),#5498);
#5494 = LINE('',#5495,#5496);
#5495 = CARTESIAN_POINT('',(0.,0.));
#5496 = VECTOR('',#5497,1.);
#5497 = DIRECTION('',(1.,0.));
#5498 = ( GEOMETRIC_REPRESENTATION_CONTEXT(2) 
PARAMETRIC_REPRESENTATION_CONTEXT() REPRESENTATION_CONTEXT('2D SPACE',''
  ) );
#5499 = PCURVE('',#5164,#5500);
#5500 = DEFINITIONAL_REPRESENTATION('',(#5501),#5505);
#5501 = LINE('',#5502,#5503);
#5502 = CARTESIAN_POINT('',(0.,-16.75));
#5503 = VECTOR('',#5504,1.);
#5504 = DIRECTION('',(1.,0.));
#5505 = ( GEOMETRIC_REPRESENTATION_CONTEXT(2) 
PARAMETRIC_REPRESENTATION_CONTEXT() REPRESENTATION_CONTEXT('2D SPACE',''
  ) );
#5506 = ORIENTED_EDGE('',*,*,#5176,.F.);
#5507 = ADVANCED_FACE('',(#5508),#5164,.T.);
#5508 = FACE_BOUND('',#5509,.T.);
#5509 = EDGE_LOOP('',(#5510,#5511,#5512,#5513));
#5510 = ORIENTED_EDGE('',*,*,#5432,.F.);
#5511 = ORIENTED_EDGE('',*,*,#5333,.T.);
#5512 = ORIENTED_EDGE('',*,*,#5486,.T.);
#5513 = ORIENTED_EDGE('',*,*,#5148,.F.);
#5514 = ( GEOMETRIC_REPRESENTATION_CONTEXT(3) 
GLOBAL_UNCERTAINTY_ASSIGNED_CONTEXT((#5518)) 
GLOBAL_UNIT_ASSIGNED_CONTEXT((#5515,#5516,#5517)) REPRESENTATION_CONTEXT
('Context #1','3D Context with UNIT and UNCERTAINTY') );
#5515 = ( LENGTH_UNIT() NAMED_UNIT(*) SI_UNIT(.MILLI.,.METRE.) );
#5516 = ( NAMED_UNIT(*) PLANE_ANGLE_UNIT() SI_UNIT($,.RADIAN.) );
#5517 = ( NAMED_UNIT(*) SI_UNIT($,.STERADIAN.) SOLID_ANGLE_UNIT() );
#5518 = UNCERTAINTY_MEASURE_WITH_UNIT(LENGTH_MEASURE(1.E-07),#5515,
  'distance_accuracy_value','confusion accuracy');
#5519 = CONTEXT_DEPENDENT_SHAPE_REPRESENTATION(#5520,#5522);
#5520 = ( REPRESENTATION_RELATIONSHIP('','',#4867,#10) 
REPRESENTATION_RELATIONSHIP_WITH_TRANSFORMATION(#5521) 
SHAPE_REPRESENTATION_RELATIONSHIP() );
#5521 = ITEM_DEFINED_TRANSFORMATION('','',#11,#35);
#5522 = PRODUCT_DEFINITION_SHAPE('Placement','Placement of an item',
  #5523);
#5523 = NEXT_ASSEMBLY_USAGE_OCCURRENCE('256','','',#5,#4862,$);
#5524 = PRODUCT_RELATED_PRODUCT_CATEGORY('part',$,(#4864));
#5525 = SHAPE_DEFINITION_REPRESENTATION(#5526,#5532);
#5526 = PRODUCT_DEFINITION_SHAPE('','',#5527);
#5527 = PRODUCT_DEFINITION('design','',#5528,#5531);
#5528 = PRODUCT_DEFINITION_FORMATION('','',#5529);
#5529 = PRODUCT('Open CASCADE STEP translator 7.8 2.7',
  'Open CASCADE STEP translator 7.8 2.7','',(#5530));
#5530 = PRODUCT_CONTEXT('',#2,'mechanical');
#5531 = PRODUCT_DEFINITION_CONTEXT('part definition',#2,'design');
#5532 = ADVANCED_BREP_SHAPE_REPRESENTATION('',(#11,#5533),#6179);
#5533 = MANIFOLD_SOLID_BREP('',#5534);
#5534 = CLOSED_SHELL('',(#5535,#5655,#5731,#5894,#5943,#6064,#6071,#6118
    ,#6145,#6172));
#5535 = ADVANCED_FACE('',(#5536),#5550,.F.);
#5536 = FACE_BOUND('',#5537,.F.);
#5537 = EDGE_LOOP('',(#5538,#5573,#5601,#5629));
#5538 = ORIENTED_EDGE('',*,*,#5539,.F.);
#5539 = EDGE_CURVE('',#5540,#5542,#5544,.T.);
#5540 = VERTEX_POINT('',#5541);
#5541 = CARTESIAN_POINT('',(148.48634273249,1.000000038331E-07,
    1.000000038331E-07));
#5542 = VERTEX_POINT('',#5543);
#5543 = CARTESIAN_POINT('',(148.48634273249,1.000000038331E-07,0.4800001
    ));
#5544 = SURFACE_CURVE('',#5545,(#5549,#5561),.PCURVE_S1.);
#5545 = LINE('',#5546,#5547);
#5546 = CARTESIAN_POINT('',(148.48634273249,1.000000038331E-07,
    1.000000038331E-07));
#5547 = VECTOR('',#5548,1.);
#5548 = DIRECTION('',(0.,0.,1.));
#5549 = PCURVE('',#5550,#5555);
#5550 = PLANE('',#5551);
#5551 = AXIS2_PLACEMENT_3D('',#5552,#5553,#5554);
#5552 = CARTESIAN_POINT('',(148.48634273249,1.000000038331E-07,
    1.000000038331E-07));
#5553 = DIRECTION('',(1.,0.,0.));
#5554 = DIRECTION('',(0.,0.,1.));
#5555 = DEFINITIONAL_REPRESENTATION('',(#5556),#5560);
#5556 = LINE('',#5557,#5558);
#5557 = CARTESIAN_POINT('',(0.,0.));
#5558 = VECTOR('',#5559,1.);
#5559 = DIRECTION('',(1.,0.));
#5560 = ( GEOMETRIC_REPRESENTATION_CONTEXT(2) 
PARAMETRIC_REPRESENTATION_CONTEXT() REPRESENTATION_CONTEXT('2D SPACE',''
  ) );
#5561 = PCURVE('',#5562,#5567);
#5562 = PLANE('',#5563);
#5563 = AXIS2_PLACEMENT_3D('',#5564,#5565,#5566);
#5564 = CARTESIAN_POINT('',(148.48634273249,1.000000038331E-07,
    1.000000038331E-07));
#5565 = DIRECTION('',(0.,1.,0.));
#5566 = DIRECTION('',(0.,0.,1.));
#5567 = DEFINITIONAL_REPRESENTATION('',(#5568),#5572);
#5568 = LINE('',#5569,#5570);
#5569 = CARTESIAN_POINT('',(0.,0.));
#5570 = VECTOR('',#5571,1.);
#5571 = DIRECTION('',(1.,0.));
#5572 = ( GEOMETRIC_REPRESENTATION_CONTEXT(2) 
PARAMETRIC_REPRESENTATION_CONTEXT() REPRESENTATION_CONTEXT('2D SPACE',''
  ) );
#5573 = ORIENTED_EDGE('',*,*,#5574,.T.);
#5574 = EDGE_CURVE('',#5540,#5575,#5577,.T.);
#5575 = VERTEX_POINT('',#5576);
#5576 = CARTESIAN_POINT('',(148.48634273249,17.7200001,
    1.000000038331E-07));
#5577 = SURFACE_CURVE('',#5578,(#5582,#5589),.PCURVE_S1.);
#5578 = LINE('',#5579,#5580);
#5579 = CARTESIAN_POINT('',(148.48634273249,1.000000038331E-07,
    1.000000038331E-07));
#5580 = VECTOR('',#5581,1.);
#5581 = DIRECTION('',(0.,1.,0.));
#5582 = PCURVE('',#5550,#5583);
#5583 = DEFINITIONAL_REPRESENTATION('',(#5584),#5588);
#5584 = LINE('',#5585,#5586);
#5585 = CARTESIAN_POINT('',(0.,0.));
#5586 = VECTOR('',#5587,1.);
#5587 = DIRECTION('',(0.,-1.));
#5588 = ( GEOMETRIC_REPRESENTATION_CONTEXT(2) 
PARAMETRIC_REPRESENTATION_CONTEXT() REPRESENTATION_CONTEXT('2D SPACE',''
  ) );
#5589 = PCURVE('',#5590,#5595);
#5590 = PLANE('',#5591);
#5591 = AXIS2_PLACEMENT_3D('',#5592,#5593,#5594);
#5592 = CARTESIAN_POINT('',(148.48634273249,1.000000038331E-07,
    1.000000038331E-07));
#5593 = DIRECTION('',(0.,0.,1.));
#5594 = DIRECTION('',(1.,0.,0.));
#5595 = DEFINITIONAL_REPRESENTATION('',(#5596),#5600);
#5596 = LINE('',#5597,#5598);
#5597 = CARTESIAN_POINT('',(0.,0.));
#5598 = VECTOR('',#5599,1.);
#5599 = DIRECTION('',(0.,1.));
#5600 = ( GEOMETRIC_REPRESENTATION_CONTEXT(2) 
PARAMETRIC_REPRESENTATION_CONTEXT() REPRESENTATION_CONTEXT('2D SPACE',''
  ) );
#5601 = ORIENTED_EDGE('',*,*,#5602,.T.);
#5602 = EDGE_CURVE('',#5575,#5603,#5605,.T.);
#5603 = VERTEX_POINT('',#5604);
#5604 = CARTESIAN_POINT('',(148.48634273249,17.7200001,0.4800001));
#5605 = SURFACE_CURVE('',#5606,(#5610,#5617),.PCURVE_S1.);
#5606 = LINE('',#5607,#5608);
#5607 = CARTESIAN_POINT('',(148.48634273249,17.7200001,
    1.000000038331E-07));
#5608 = VECTOR('',#5609,1.);
#5609 = DIRECTION('',(0.,0.,1.));
#5610 = PCURVE('',#5550,#5611);
#5611 = DEFINITIONAL_REPRESENTATION('',(#5612),#5616);
#5612 = LINE('',#5613,#5614);
#5613 = CARTESIAN_POINT('',(0.,-17.72));
#5614 = VECTOR('',#5615,1.);
#5615 = DIRECTION('',(1.,0.));
#5616 = ( GEOMETRIC_REPRESENTATION_CONTEXT(2) 
PARAMETRIC_REPRESENTATION_CONTEXT() REPRESENTATION_CONTEXT('2D SPACE',''
  ) );
#5617 = PCURVE('',#5618,#5623);
#5618 = PLANE('',#5619);
#5619 = AXIS2_PLACEMENT_3D('',#5620,#5621,#5622);
#5620 = CARTESIAN_POINT('',(148.48634273249,17.7200001,
    1.000000038331E-07));
#5621 = DIRECTION('',(0.,1.,0.));
#5622 = DIRECTION('',(0.,0.,1.));
#5623 = DEFINITIONAL_REPRESENTATION('',(#5624),#5628);
#5624 = LINE('',#5625,#5626);
#5625 = CARTESIAN_POINT('',(0.,0.));
#5626 = VECTOR('',#5627,1.);
#5627 = DIRECTION('',(1.,0.));
#5628 = ( GEOMETRIC_REPRESENTATION_CONTEXT(2) 
PARAMETRIC_REPRESENTATION_CONTEXT() REPRESENTATION_CONTEXT('2D SPACE',''
  ) );
#5629 = ORIENTED_EDGE('',*,*,#5630,.F.);
#5630 = EDGE_CURVE('',#5542,#5603,#5631,.T.);
#5631 = SURFACE_CURVE('',#5632,(#5636,#5643),.PCURVE_S1.);
#5632 = LINE('',#5633,#5634);
#5633 = CARTESIAN_POINT('',(148.48634273249,1.000000038331E-07,0.4800001
    ));
#5634 = VECTOR('',#5635,1.);
#5635 = DIRECTION('',(0.,1.,0.));
#5636 = PCURVE('',#5550,#5637);
#5637 = DEFINITIONAL_REPRESENTATION('',(#5638),#5642);
#5638 = LINE('',#5639,#5640);
#5639 = CARTESIAN_POINT('',(0.48,0.));
#5640 = VECTOR('',#5641,1.);
#5641 = DIRECTION('',(0.,-1.));
#5642 = ( GEOMETRIC_REPRESENTATION_CONTEXT(2) 
PARAMETRIC_REPRESENTATION_CONTEXT() REPRESENTATION_CONTEXT('2D SPACE',''
  ) );
#5643 = PCURVE('',#5644,#5649);
#5644 = PLANE('',#5645);
#5645 = AXIS2_PLACEMENT_3D('',#5646,#5647,#5648);
#5646 = CARTESIAN_POINT('',(148.48634273249,1.000000038331E-07,0.4800001
    ));
#5647 = DIRECTION('',(0.,0.,1.));
#5648 = DIRECTION('',(1.,0.,0.));
#5649 = DEFINITIONAL_REPRESENTATION('',(#5650),#5654);
#5650 = LINE('',#5651,#5652);
#5651 = CARTESIAN_POINT('',(0.,0.));
#5652 = VECTOR('',#5653,1.);
#5653 = DIRECTION('',(0.,1.));
#5654 = ( GEOMETRIC_REPRESENTATION_CONTEXT(2) 
PARAMETRIC_REPRESENTATION_CONTEXT() REPRESENTATION_CONTEXT('2D SPACE',''
  ) );
#5655 = ADVANCED_FACE('',(#5656),#5562,.F.);
#5656 = FACE_BOUND('',#5657,.F.);
#5657 = EDGE_LOOP('',(#5658,#5681,#5682,#5705));
#5658 = ORIENTED_EDGE('',*,*,#5659,.F.);
#5659 = EDGE_CURVE('',#5540,#5660,#5662,.T.);
#5660 = VERTEX_POINT('',#5661);
#5661 = CARTESIAN_POINT('',(166.20634273249,1.000000038331E-07,
    1.000000038331E-07));
#5662 = SURFACE_CURVE('',#5663,(#5667,#5674),.PCURVE_S1.);
#5663 = LINE('',#5664,#5665);
#5664 = CARTESIAN_POINT('',(148.48634273249,1.000000038331E-07,
    1.000000038331E-07));
#5665 = VECTOR('',#5666,1.);
#5666 = DIRECTION('',(1.,0.,0.));
#5667 = PCURVE('',#5562,#5668);
#5668 = DEFINITIONAL_REPRESENTATION('',(#5669),#5673);
#5669 = LINE('',#5670,#5671);
#5670 = CARTESIAN_POINT('',(0.,0.));
#5671 = VECTOR('',#5672,1.);
#5672 = DIRECTION('',(0.,1.));
#5673 = ( GEOMETRIC_REPRESENTATION_CONTEXT(2) 
PARAMETRIC_REPRESENTATION_CONTEXT() REPRESENTATION_CONTEXT('2D SPACE',''
  ) );
#5674 = PCURVE('',#5590,#5675);
#5675 = DEFINITIONAL_REPRESENTATION('',(#5676),#5680);
#5676 = LINE('',#5677,#5678);
#5677 = CARTESIAN_POINT('',(0.,0.));
#5678 = VECTOR('',#5679,1.);
#5679 = DIRECTION('',(1.,0.));
#5680 = ( GEOMETRIC_REPRESENTATION_CONTEXT(2) 
PARAMETRIC_REPRESENTATION_CONTEXT() REPRESENTATION_CONTEXT('2D SPACE',''
  ) );
#5681 = ORIENTED_EDGE('',*,*,#5539,.T.);
#5682 = ORIENTED_EDGE('',*,*,#5683,.T.);
#5683 = EDGE_CURVE('',#5542,#5684,#5686,.T.);
#5684 = VERTEX_POINT('',#5685);
#5685 = CARTESIAN_POINT('',(166.20634273249,1.000000038331E-07,0.4800001
    ));
#5686 = SURFACE_CURVE('',#5687,(#5691,#5698),.PCURVE_S1.);
#5687 = LINE('',#5688,#5689);
#5688 = CARTESIAN_POINT('',(148.48634273249,1.000000038331E-07,0.4800001
    ));
#5689 = VECTOR('',#5690,1.);
#5690 = DIRECTION('',(1.,0.,0.));
#5691 = PCURVE('',#5562,#5692);
#5692 = DEFINITIONAL_REPRESENTATION('',(#5693),#5697);
#5693 = LINE('',#5694,#5695);
#5694 = CARTESIAN_POINT('',(0.48,0.));
#5695 = VECTOR('',#5696,1.);
#5696 = DIRECTION('',(0.,1.));
#5697 = ( GEOMETRIC_REPRESENTATION_CONTEXT(2) 
PARAMETRIC_REPRESENTATION_CONTEXT() REPRESENTATION_CONTEXT('2D SPACE',''
  ) );
#5698 = PCURVE('',#5644,#5699);
#5699 = DEFINITIONAL_REPRESENTATION('',(#5700),#5704);
#5700 = LINE('',#5701,#5702);
#5701 = CARTESIAN_POINT('',(0.,0.));
#5702 = VECTOR('',#5703,1.);
#5703 = DIRECTION('',(1.,0.));
#5704 = ( GEOMETRIC_REPRESENTATION_CONTEXT(2) 
PARAMETRIC_REPRESENTATION_CONTEXT() REPRESENTATION_CONTEXT('2D SPACE',''
  ) );
#5705 = ORIENTED_EDGE('',*,*,#5706,.F.);
#5706 = EDGE_CURVE('',#5660,#5684,#5707,.T.);
#5707 = SURFACE_CURVE('',#5708,(#5712,#5719),.PCURVE_S1.);
#5708 = LINE('',#5709,#5710);
#5709 = CARTESIAN_POINT('',(166.20634273249,1.000000038331E-07,
    1.000000038331E-07));
#5710 = VECTOR('',#5711,1.);
#5711 = DIRECTION('',(0.,0.,1.));
#5712 = PCURVE('',#5562,#5713);
#5713 = DEFINITIONAL_REPRESENTATION('',(#5714),#5718);
#5714 = LINE('',#5715,#5716);
#5715 = CARTESIAN_POINT('',(0.,17.72));
#5716 = VECTOR('',#5717,1.);
#5717 = DIRECTION('',(1.,0.));
#5718 = ( GEOMETRIC_REPRESENTATION_CONTEXT(2) 
PARAMETRIC_REPRESENTATION_CONTEXT() REPRESENTATION_CONTEXT('2D SPACE',''
  ) );
#5719 = PCURVE('',#5720,#5725);
#5720 = PLANE('',#5721);
#5721 = AXIS2_PLACEMENT_3D('',#5722,#5723,#5724);
#5722 = CARTESIAN_POINT('',(166.20634273249,1.000000038331E-07,
    1.000000038331E-07));
#5723 = DIRECTION('',(1.,0.,0.));
#5724 = DIRECTION('',(0.,0.,1.));
#5725 = DEFINITIONAL_REPRESENTATION('',(#5726),#5730);
#5726 = LINE('',#5727,#5728);
#5727 = CARTESIAN_POINT('',(0.,0.));
#5728 = VECTOR('',#5729,1.);
#5729 = DIRECTION('',(1.,0.));
#5730 = ( GEOMETRIC_REPRESENTATION_CONTEXT(2) 
PARAMETRIC_REPRESENTATION_CONTEXT() REPRESENTATION_CONTEXT('2D SPACE',''
  ) );
#5731 = ADVANCED_FACE('',(#5732,#5780),#5644,.T.);
#5732 = FACE_BOUND('',#5733,.T.);
#5733 = EDGE_LOOP('',(#5734,#5735,#5736,#5759));
#5734 = ORIENTED_EDGE('',*,*,#5630,.F.);
#5735 = ORIENTED_EDGE('',*,*,#5683,.T.);
#5736 = ORIENTED_EDGE('',*,*,#5737,.T.);
#5737 = EDGE_CURVE('',#5684,#5738,#5740,.T.);
#5738 = VERTEX_POINT('',#5739);
#5739 = CARTESIAN_POINT('',(166.20634273249,17.7200001,0.4800001));
#5740 = SURFACE_CURVE('',#5741,(#5745,#5752),.PCURVE_S1.);
#5741 = LINE('',#5742,#5743);
#5742 = CARTESIAN_POINT('',(166.20634273249,1.000000038331E-07,0.4800001
    ));
#5743 = VECTOR('',#5744,1.);
#5744 = DIRECTION('',(0.,1.,0.));
#5745 = PCURVE('',#5644,#5746);
#5746 = DEFINITIONAL_REPRESENTATION('',(#5747),#5751);
#5747 = LINE('',#5748,#5749);
#5748 = CARTESIAN_POINT('',(17.72,0.));
#5749 = VECTOR('',#5750,1.);
#5750 = DIRECTION('',(0.,1.));
#5751 = ( GEOMETRIC_REPRESENTATION_CONTEXT(2) 
PARAMETRIC_REPRESENTATION_CONTEXT() REPRESENTATION_CONTEXT('2D SPACE',''
  ) );
#5752 = PCURVE('',#5720,#5753);
#5753 = DEFINITIONAL_REPRESENTATION('',(#5754),#5758);
#5754 = LINE('',#5755,#5756);
#5755 = CARTESIAN_POINT('',(0.48,0.));
#5756 = VECTOR('',#5757,1.);
#5757 = DIRECTION('',(0.,-1.));
#5758 = ( GEOMETRIC_REPRESENTATION_CONTEXT(2) 
PARAMETRIC_REPRESENTATION_CONTEXT() REPRESENTATION_CONTEXT('2D SPACE',''
  ) );
#5759 = ORIENTED_EDGE('',*,*,#5760,.F.);
#5760 = EDGE_CURVE('',#5603,#5738,#5761,.T.);
#5761 = SURFACE_CURVE('',#5762,(#5766,#5773),.PCURVE_S1.);
#5762 = LINE('',#5763,#5764);
#5763 = CARTESIAN_POINT('',(148.48634273249,17.7200001,0.4800001));
#5764 = VECTOR('',#5765,1.);
#5765 = DIRECTION('',(1.,0.,0.));
#5766 = PCURVE('',#5644,#5767);
#5767 = DEFINITIONAL_REPRESENTATION('',(#5768),#5772);
#5768 = LINE('',#5769,#5770);
#5769 = CARTESIAN_POINT('',(0.,17.72));
#5770 = VECTOR('',#5771,1.);
#5771 = DIRECTION('',(1.,0.));
#5772 = ( GEOMETRIC_REPRESENTATION_CONTEXT(2) 
PARAMETRIC_REPRESENTATION_CONTEXT() REPRESENTATION_CONTEXT('2D SPACE',''
  ) );
#5773 = PCURVE('',#5618,#5774);
#5774 = DEFINITIONAL_REPRESENTATION('',(#5775),#5779);
#5775 = LINE('',#5776,#5777);
#5776 = CARTESIAN_POINT('',(0.48,0.));
#5777 = VECTOR('',#5778,1.);
#5778 = DIRECTION('',(0.,1.));
#5779 = ( GEOMETRIC_REPRESENTATION_CONTEXT(2) 
PARAMETRIC_REPRESENTATION_CONTEXT() REPRESENTATION_CONTEXT('2D SPACE',''
  ) );
#5780 = FACE_BOUND('',#5781,.T.);
#5781 = EDGE_LOOP('',(#5782,#5812,#5840,#5868));
#5782 = ORIENTED_EDGE('',*,*,#5783,.T.);
#5783 = EDGE_CURVE('',#5784,#5786,#5788,.T.);
#5784 = VERTEX_POINT('',#5785);
#5785 = CARTESIAN_POINT('',(165.72134273249,0.4850001,0.4800001));
#5786 = VERTEX_POINT('',#5787);
#5787 = CARTESIAN_POINT('',(148.97134273249,0.4850001,0.4800001));
#5788 = SURFACE_CURVE('',#5789,(#5793,#5800),.PCURVE_S1.);
#5789 = LINE('',#5790,#5791);
#5790 = CARTESIAN_POINT('',(148.72884273249,0.4850001,0.4800001));
#5791 = VECTOR('',#5792,1.);
#5792 = DIRECTION('',(-1.,0.,0.));
#5793 = PCURVE('',#5644,#5794);
#5794 = DEFINITIONAL_REPRESENTATION('',(#5795),#5799);
#5795 = LINE('',#5796,#5797);
#5796 = CARTESIAN_POINT('',(0.2425,0.485));
#5797 = VECTOR('',#5798,1.);
#5798 = DIRECTION('',(-1.,0.));
#5799 = ( GEOMETRIC_REPRESENTATION_CONTEXT(2) 
PARAMETRIC_REPRESENTATION_CONTEXT() REPRESENTATION_CONTEXT('2D SPACE',''
  ) );
#5800 = PCURVE('',#5801,#5806);
#5801 = PLANE('',#5802);
#5802 = AXIS2_PLACEMENT_3D('',#5803,#5804,#5805);
#5803 = CARTESIAN_POINT('',(148.97134273249,0.4850001,-9.99999E-02));
#5804 = DIRECTION('',(0.,1.,0.));
#5805 = DIRECTION('',(0.,0.,1.));
#5806 = DEFINITIONAL_REPRESENTATION('',(#5807),#5811);
#5807 = LINE('',#5808,#5809);
#5808 = CARTESIAN_POINT('',(0.58,-0.2425));
#5809 = VECTOR('',#5810,1.);
#5810 = DIRECTION('',(0.,-1.));
#5811 = ( GEOMETRIC_REPRESENTATION_CONTEXT(2) 
PARAMETRIC_REPRESENTATION_CONTEXT() REPRESENTATION_CONTEXT('2D SPACE',''
  ) );
#5812 = ORIENTED_EDGE('',*,*,#5813,.T.);
#5813 = EDGE_CURVE('',#5786,#5814,#5816,.T.);
#5814 = VERTEX_POINT('',#5815);
#5815 = CARTESIAN_POINT('',(148.97134273249,17.2350001,0.4800001));
#5816 = SURFACE_CURVE('',#5817,(#5821,#5828),.PCURVE_S1.);
#5817 = LINE('',#5818,#5819);
#5818 = CARTESIAN_POINT('',(148.97134273249,0.2425001,0.4800001));
#5819 = VECTOR('',#5820,1.);
#5820 = DIRECTION('',(0.,1.,0.));
#5821 = PCURVE('',#5644,#5822);
#5822 = DEFINITIONAL_REPRESENTATION('',(#5823),#5827);
#5823 = LINE('',#5824,#5825);
#5824 = CARTESIAN_POINT('',(0.485,0.2425));
#5825 = VECTOR('',#5826,1.);
#5826 = DIRECTION('',(0.,1.));
#5827 = ( GEOMETRIC_REPRESENTATION_CONTEXT(2) 
PARAMETRIC_REPRESENTATION_CONTEXT() REPRESENTATION_CONTEXT('2D SPACE',''
  ) );
#5828 = PCURVE('',#5829,#5834);
#5829 = PLANE('',#5830);
#5830 = AXIS2_PLACEMENT_3D('',#5831,#5832,#5833);
#5831 = CARTESIAN_POINT('',(148.97134273249,0.4850001,-9.99999E-02));
#5832 = DIRECTION('',(1.,0.,0.));
#5833 = DIRECTION('',(0.,0.,1.));
#5834 = DEFINITIONAL_REPRESENTATION('',(#5835),#5839);
#5835 = LINE('',#5836,#5837);
#5836 = CARTESIAN_POINT('',(0.58,0.2425));
#5837 = VECTOR('',#5838,1.);
#5838 = DIRECTION('',(0.,-1.));
#5839 = ( GEOMETRIC_REPRESENTATION_CONTEXT(2) 
PARAMETRIC_REPRESENTATION_CONTEXT() REPRESENTATION_CONTEXT('2D SPACE',''
  ) );
#5840 = ORIENTED_EDGE('',*,*,#5841,.F.);
#5841 = EDGE_CURVE('',#5842,#5814,#5844,.T.);
#5842 = VERTEX_POINT('',#5843);
#5843 = CARTESIAN_POINT('',(165.72134273249,17.2350001,0.4800001));
#5844 = SURFACE_CURVE('',#5845,(#5849,#5856),.PCURVE_S1.);
#5845 = LINE('',#5846,#5847);
#5846 = CARTESIAN_POINT('',(148.72884273249,17.2350001,0.4800001));
#5847 = VECTOR('',#5848,1.);
#5848 = DIRECTION('',(-1.,0.,0.));
#5849 = PCURVE('',#5644,#5850);
#5850 = DEFINITIONAL_REPRESENTATION('',(#5851),#5855);
#5851 = LINE('',#5852,#5853);
#5852 = CARTESIAN_POINT('',(0.2425,17.235));
#5853 = VECTOR('',#5854,1.);
#5854 = DIRECTION('',(-1.,0.));
#5855 = ( GEOMETRIC_REPRESENTATION_CONTEXT(2) 
PARAMETRIC_REPRESENTATION_CONTEXT() REPRESENTATION_CONTEXT('2D SPACE',''
  ) );
#5856 = PCURVE('',#5857,#5862);
#5857 = PLANE('',#5858);
#5858 = AXIS2_PLACEMENT_3D('',#5859,#5860,#5861);
#5859 = CARTESIAN_POINT('',(148.97134273249,17.2350001,-9.99999E-02));
#5860 = DIRECTION('',(0.,1.,0.));
#5861 = DIRECTION('',(0.,0.,1.));
#5862 = DEFINITIONAL_REPRESENTATION('',(#5863),#5867);
#5863 = LINE('',#5864,#5865);
#5864 = CARTESIAN_POINT('',(0.58,-0.2425));
#5865 = VECTOR('',#5866,1.);
#5866 = DIRECTION('',(0.,-1.));
#5867 = ( GEOMETRIC_REPRESENTATION_CONTEXT(2) 
PARAMETRIC_REPRESENTATION_CONTEXT() REPRESENTATION_CONTEXT('2D SPACE',''
  ) );
#5868 = ORIENTED_EDGE('',*,*,#5869,.F.);
#5869 = EDGE_CURVE('',#5784,#5842,#5870,.T.);
#5870 = SURFACE_CURVE('',#5871,(#5875,#5882),.PCURVE_S1.);
#5871 = LINE('',#5872,#5873);
#5872 = CARTESIAN_POINT('',(165.72134273249,0.2425001,0.4800001));
#5873 = VECTOR('',#5874,1.);
#5874 = DIRECTION('',(0.,1.,0.));
#5875 = PCURVE('',#5644,#5876);
#5876 = DEFINITIONAL_REPRESENTATION('',(#5877),#5881);
#5877 = LINE('',#5878,#5879);
#5878 = CARTESIAN_POINT('',(17.235,0.2425));
#5879 = VECTOR('',#5880,1.);
#5880 = DIRECTION('',(0.,1.));
#5881 = ( GEOMETRIC_REPRESENTATION_CONTEXT(2) 
PARAMETRIC_REPRESENTATION_CONTEXT() REPRESENTATION_CONTEXT('2D SPACE',''
  ) );
#5882 = PCURVE('',#5883,#5888);
#5883 = PLANE('',#5884);
#5884 = AXIS2_PLACEMENT_3D('',#5885,#5886,#5887);
#5885 = CARTESIAN_POINT('',(165.72134273249,0.4850001,-9.99999E-02));
#5886 = DIRECTION('',(1.,0.,0.));
#5887 = DIRECTION('',(0.,0.,1.));
#5888 = DEFINITIONAL_REPRESENTATION('',(#5889),#5893);
#5889 = LINE('',#5890,#5891);
#5890 = CARTESIAN_POINT('',(0.58,0.2425));
#5891 = VECTOR('',#5892,1.);
#5892 = DIRECTION('',(0.,-1.));
#5893 = ( GEOMETRIC_REPRESENTATION_CONTEXT(2) 
PARAMETRIC_REPRESENTATION_CONTEXT() REPRESENTATION_CONTEXT('2D SPACE',''
  ) );
#5894 = ADVANCED_FACE('',(#5895),#5618,.T.);
#5895 = FACE_BOUND('',#5896,.T.);
#5896 = EDGE_LOOP('',(#5897,#5920,#5921,#5922));
#5897 = ORIENTED_EDGE('',*,*,#5898,.F.);
#5898 = EDGE_CURVE('',#5575,#5899,#5901,.T.);
#5899 = VERTEX_POINT('',#5900);
#5900 = CARTESIAN_POINT('',(166.20634273249,17.7200001,
    1.000000038331E-07));
#5901 = SURFACE_CURVE('',#5902,(#5906,#5913),.PCURVE_S1.);
#5902 = LINE('',#5903,#5904);
#5903 = CARTESIAN_POINT('',(148.48634273249,17.7200001,
    1.000000038331E-07));
#5904 = VECTOR('',#5905,1.);
#5905 = DIRECTION('',(1.,0.,0.));
#5906 = PCURVE('',#5618,#5907);
#5907 = DEFINITIONAL_REPRESENTATION('',(#5908),#5912);
#5908 = LINE('',#5909,#5910);
#5909 = CARTESIAN_POINT('',(0.,0.));
#5910 = VECTOR('',#5911,1.);
#5911 = DIRECTION('',(0.,1.));
#5912 = ( GEOMETRIC_REPRESENTATION_CONTEXT(2) 
PARAMETRIC_REPRESENTATION_CONTEXT() REPRESENTATION_CONTEXT('2D SPACE',''
  ) );
#5913 = PCURVE('',#5590,#5914);
#5914 = DEFINITIONAL_REPRESENTATION('',(#5915),#5919);
#5915 = LINE('',#5916,#5917);
#5916 = CARTESIAN_POINT('',(0.,17.72));
#5917 = VECTOR('',#5918,1.);
#5918 = DIRECTION('',(1.,0.));
#5919 = ( GEOMETRIC_REPRESENTATION_CONTEXT(2) 
PARAMETRIC_REPRESENTATION_CONTEXT() REPRESENTATION_CONTEXT('2D SPACE',''
  ) );
#5920 = ORIENTED_EDGE('',*,*,#5602,.T.);
#5921 = ORIENTED_EDGE('',*,*,#5760,.T.);
#5922 = ORIENTED_EDGE('',*,*,#5923,.F.);
#5923 = EDGE_CURVE('',#5899,#5738,#5924,.T.);
#5924 = SURFACE_CURVE('',#5925,(#5929,#5936),.PCURVE_S1.);
#5925 = LINE('',#5926,#5927);
#5926 = CARTESIAN_POINT('',(166.20634273249,17.7200001,
    1.000000038331E-07));
#5927 = VECTOR('',#5928,1.);
#5928 = DIRECTION('',(0.,0.,1.));
#5929 = PCURVE('',#5618,#5930);
#5930 = DEFINITIONAL_REPRESENTATION('',(#5931),#5935);
#5931 = LINE('',#5932,#5933);
#5932 = CARTESIAN_POINT('',(0.,17.72));
#5933 = VECTOR('',#5934,1.);
#5934 = DIRECTION('',(1.,0.));
#5935 = ( GEOMETRIC_REPRESENTATION_CONTEXT(2) 
PARAMETRIC_REPRESENTATION_CONTEXT() REPRESENTATION_CONTEXT('2D SPACE',''
  ) );
#5936 = PCURVE('',#5720,#5937);
#5937 = DEFINITIONAL_REPRESENTATION('',(#5938),#5942);
#5938 = LINE('',#5939,#5940);
#5939 = CARTESIAN_POINT('',(0.,-17.72));
#5940 = VECTOR('',#5941,1.);
#5941 = DIRECTION('',(1.,0.));
#5942 = ( GEOMETRIC_REPRESENTATION_CONTEXT(2) 
PARAMETRIC_REPRESENTATION_CONTEXT() REPRESENTATION_CONTEXT('2D SPACE',''
  ) );
#5943 = ADVANCED_FACE('',(#5944,#5970),#5590,.F.);
#5944 = FACE_BOUND('',#5945,.F.);
#5945 = EDGE_LOOP('',(#5946,#5947,#5948,#5969));
#5946 = ORIENTED_EDGE('',*,*,#5574,.F.);
#5947 = ORIENTED_EDGE('',*,*,#5659,.T.);
#5948 = ORIENTED_EDGE('',*,*,#5949,.T.);
#5949 = EDGE_CURVE('',#5660,#5899,#5950,.T.);
#5950 = SURFACE_CURVE('',#5951,(#5955,#5962),.PCURVE_S1.);
#5951 = LINE('',#5952,#5953);
#5952 = CARTESIAN_POINT('',(166.20634273249,1.000000038331E-07,
    1.000000038331E-07));
#5953 = VECTOR('',#5954,1.);
#5954 = DIRECTION('',(0.,1.,0.));
#5955 = PCURVE('',#5590,#5956);
#5956 = DEFINITIONAL_REPRESENTATION('',(#5957),#5961);
#5957 = LINE('',#5958,#5959);
#5958 = CARTESIAN_POINT('',(17.72,0.));
#5959 = VECTOR('',#5960,1.);
#5960 = DIRECTION('',(0.,1.));
#5961 = ( GEOMETRIC_REPRESENTATION_CONTEXT(2) 
PARAMETRIC_REPRESENTATION_CONTEXT() REPRESENTATION_CONTEXT('2D SPACE',''
  ) );
#5962 = PCURVE('',#5720,#5963);
#5963 = DEFINITIONAL_REPRESENTATION('',(#5964),#5968);
#5964 = LINE('',#5965,#5966);
#5965 = CARTESIAN_POINT('',(0.,0.));
#5966 = VECTOR('',#5967,1.);
#5967 = DIRECTION('',(0.,-1.));
#5968 = ( GEOMETRIC_REPRESENTATION_CONTEXT(2) 
PARAMETRIC_REPRESENTATION_CONTEXT() REPRESENTATION_CONTEXT('2D SPACE',''
  ) );
#5969 = ORIENTED_EDGE('',*,*,#5898,.F.);
#5970 = FACE_BOUND('',#5971,.F.);
#5971 = EDGE_LOOP('',(#5972,#5997,#6020,#6043));
#5972 = ORIENTED_EDGE('',*,*,#5973,.T.);
#5973 = EDGE_CURVE('',#5974,#5976,#5978,.T.);
#5974 = VERTEX_POINT('',#5975);
#5975 = CARTESIAN_POINT('',(165.72134273249,0.4850001,1.000000038331E-07
    ));
#5976 = VERTEX_POINT('',#5977);
#5977 = CARTESIAN_POINT('',(148.97134273249,0.4850001,1.000000038331E-07
    ));
#5978 = SURFACE_CURVE('',#5979,(#5983,#5990),.PCURVE_S1.);
#5979 = LINE('',#5980,#5981);
#5980 = CARTESIAN_POINT('',(148.72884273249,0.4850001,1.000000038331E-07
    ));
#5981 = VECTOR('',#5982,1.);
#5982 = DIRECTION('',(-1.,0.,0.));
#5983 = PCURVE('',#5590,#5984);
#5984 = DEFINITIONAL_REPRESENTATION('',(#5985),#5989);
#5985 = LINE('',#5986,#5987);
#5986 = CARTESIAN_POINT('',(0.2425,0.485));
#5987 = VECTOR('',#5988,1.);
#5988 = DIRECTION('',(-1.,0.));
#5989 = ( GEOMETRIC_REPRESENTATION_CONTEXT(2) 
PARAMETRIC_REPRESENTATION_CONTEXT() REPRESENTATION_CONTEXT('2D SPACE',''
  ) );
#5990 = PCURVE('',#5801,#5991);
#5991 = DEFINITIONAL_REPRESENTATION('',(#5992),#5996);
#5992 = LINE('',#5993,#5994);
#5993 = CARTESIAN_POINT('',(1.E-01,-0.2425));
#5994 = VECTOR('',#5995,1.);
#5995 = DIRECTION('',(0.,-1.));
#5996 = ( GEOMETRIC_REPRESENTATION_CONTEXT(2) 
PARAMETRIC_REPRESENTATION_CONTEXT() REPRESENTATION_CONTEXT('2D SPACE',''
  ) );
#5997 = ORIENTED_EDGE('',*,*,#5998,.T.);
#5998 = EDGE_CURVE('',#5976,#5999,#6001,.T.);
#5999 = VERTEX_POINT('',#6000);
#6000 = CARTESIAN_POINT('',(148.97134273249,17.2350001,
    1.000000038331E-07));
#6001 = SURFACE_CURVE('',#6002,(#6006,#6013),.PCURVE_S1.);
#6002 = LINE('',#6003,#6004);
#6003 = CARTESIAN_POINT('',(148.97134273249,0.2425001,1.000000038331E-07
    ));
#6004 = VECTOR('',#6005,1.);
#6005 = DIRECTION('',(0.,1.,0.));
#6006 = PCURVE('',#5590,#6007);
#6007 = DEFINITIONAL_REPRESENTATION('',(#6008),#6012);
#6008 = LINE('',#6009,#6010);
#6009 = CARTESIAN_POINT('',(0.485,0.2425));
#6010 = VECTOR('',#6011,1.);
#6011 = DIRECTION('',(0.,1.));
#6012 = ( GEOMETRIC_REPRESENTATION_CONTEXT(2) 
PARAMETRIC_REPRESENTATION_CONTEXT() REPRESENTATION_CONTEXT('2D SPACE',''
  ) );
#6013 = PCURVE('',#5829,#6014);
#6014 = DEFINITIONAL_REPRESENTATION('',(#6015),#6019);
#6015 = LINE('',#6016,#6017);
#6016 = CARTESIAN_POINT('',(1.E-01,0.2425));
#6017 = VECTOR('',#6018,1.);
#6018 = DIRECTION('',(0.,-1.));
#6019 = ( GEOMETRIC_REPRESENTATION_CONTEXT(2) 
PARAMETRIC_REPRESENTATION_CONTEXT() REPRESENTATION_CONTEXT('2D SPACE',''
  ) );
#6020 = ORIENTED_EDGE('',*,*,#6021,.F.);
#6021 = EDGE_CURVE('',#6022,#5999,#6024,.T.);
#6022 = VERTEX_POINT('',#6023);
#6023 = CARTESIAN_POINT('',(165.72134273249,17.2350001,
    1.000000038331E-07));
#6024 = SURFACE_CURVE('',#6025,(#6029,#6036),.PCURVE_S1.);
#6025 = LINE('',#6026,#6027);
#6026 = CARTESIAN_POINT('',(148.72884273249,17.2350001,
    1.000000038331E-07));
#6027 = VECTOR('',#6028,1.);
#6028 = DIRECTION('',(-1.,0.,0.));
#6029 = PCURVE('',#5590,#6030);
#6030 = DEFINITIONAL_REPRESENTATION('',(#6031),#6035);
#6031 = LINE('',#6032,#6033);
#6032 = CARTESIAN_POINT('',(0.2425,17.235));
#6033 = VECTOR('',#6034,1.);
#6034 = DIRECTION('',(-1.,0.));
#6035 = ( GEOMETRIC_REPRESENTATION_CONTEXT(2) 
PARAMETRIC_REPRESENTATION_CONTEXT() REPRESENTATION_CONTEXT('2D SPACE',''
  ) );
#6036 = PCURVE('',#5857,#6037);
#6037 = DEFINITIONAL_REPRESENTATION('',(#6038),#6042);
#6038 = LINE('',#6039,#6040);
#6039 = CARTESIAN_POINT('',(1.E-01,-0.2425));
#6040 = VECTOR('',#6041,1.);
#6041 = DIRECTION('',(0.,-1.));
#6042 = ( GEOMETRIC_REPRESENTATION_CONTEXT(2) 
PARAMETRIC_REPRESENTATION_CONTEXT() REPRESENTATION_CONTEXT('2D SPACE',''
  ) );
#6043 = ORIENTED_EDGE('',*,*,#6044,.F.);
#6044 = EDGE_CURVE('',#5974,#6022,#6045,.T.);
#6045 = SURFACE_CURVE('',#6046,(#6050,#6057),.PCURVE_S1.);
#6046 = LINE('',#6047,#6048);
#6047 = CARTESIAN_POINT('',(165.72134273249,0.2425001,1.000000038331E-07
    ));
#6048 = VECTOR('',#6049,1.);
#6049 = DIRECTION('',(0.,1.,0.));
#6050 = PCURVE('',#5590,#6051);
#6051 = DEFINITIONAL_REPRESENTATION('',(#6052),#6056);
#6052 = LINE('',#6053,#6054);
#6053 = CARTESIAN_POINT('',(17.235,0.2425));
#6054 = VECTOR('',#6055,1.);
#6055 = DIRECTION('',(0.,1.));
#6056 = ( GEOMETRIC_REPRESENTATION_CONTEXT(2) 
PARAMETRIC_REPRESENTATION_CONTEXT() REPRESENTATION_CONTEXT('2D SPACE',''
  ) );
#6057 = PCURVE('',#5883,#6058);
#6058 = DEFINITIONAL_REPRESENTATION('',(#6059),#6063);
#6059 = LINE('',#6060,#6061);
#6060 = CARTESIAN_POINT('',(1.E-01,0.2425));
#6061 = VECTOR('',#6062,1.);
#6062 = DIRECTION('',(0.,-1.));
#6063 = ( GEOMETRIC_REPRESENTATION_CONTEXT(2) 
PARAMETRIC_REPRESENTATION_CONTEXT() REPRESENTATION_CONTEXT('2D SPACE',''
  ) );
#6064 = ADVANCED_FACE('',(#6065),#5720,.T.);
#6065 = FACE_BOUND('',#6066,.T.);
#6066 = EDGE_LOOP('',(#6067,#6068,#6069,#6070));
#6067 = ORIENTED_EDGE('',*,*,#5706,.F.);
#6068 = ORIENTED_EDGE('',*,*,#5949,.T.);
#6069 = ORIENTED_EDGE('',*,*,#5923,.T.);
#6070 = ORIENTED_EDGE('',*,*,#5737,.F.);
#6071 = ADVANCED_FACE('',(#6072),#5801,.T.);
#6072 = FACE_BOUND('',#6073,.T.);
#6073 = EDGE_LOOP('',(#6074,#6095,#6096,#6117));
#6074 = ORIENTED_EDGE('',*,*,#6075,.F.);
#6075 = EDGE_CURVE('',#5974,#5784,#6076,.T.);
#6076 = SURFACE_CURVE('',#6077,(#6081,#6088),.PCURVE_S1.);
#6077 = LINE('',#6078,#6079);
#6078 = CARTESIAN_POINT('',(165.72134273249,0.4850001,-9.99999E-02));
#6079 = VECTOR('',#6080,1.);
#6080 = DIRECTION('',(0.,0.,1.));
#6081 = PCURVE('',#5801,#6082);
#6082 = DEFINITIONAL_REPRESENTATION('',(#6083),#6087);
#6083 = LINE('',#6084,#6085);
#6084 = CARTESIAN_POINT('',(0.,16.75));
#6085 = VECTOR('',#6086,1.);
#6086 = DIRECTION('',(1.,0.));
#6087 = ( GEOMETRIC_REPRESENTATION_CONTEXT(2) 
PARAMETRIC_REPRESENTATION_CONTEXT() REPRESENTATION_CONTEXT('2D SPACE',''
  ) );
#6088 = PCURVE('',#5883,#6089);
#6089 = DEFINITIONAL_REPRESENTATION('',(#6090),#6094);
#6090 = LINE('',#6091,#6092);
#6091 = CARTESIAN_POINT('',(0.,0.));
#6092 = VECTOR('',#6093,1.);
#6093 = DIRECTION('',(1.,0.));
#6094 = ( GEOMETRIC_REPRESENTATION_CONTEXT(2) 
PARAMETRIC_REPRESENTATION_CONTEXT() REPRESENTATION_CONTEXT('2D SPACE',''
  ) );
#6095 = ORIENTED_EDGE('',*,*,#5973,.T.);
#6096 = ORIENTED_EDGE('',*,*,#6097,.T.);
#6097 = EDGE_CURVE('',#5976,#5786,#6098,.T.);
#6098 = SURFACE_CURVE('',#6099,(#6103,#6110),.PCURVE_S1.);
#6099 = LINE('',#6100,#6101);
#6100 = CARTESIAN_POINT('',(148.97134273249,0.4850001,-9.99999E-02));
#6101 = VECTOR('',#6102,1.);
#6102 = DIRECTION('',(0.,0.,1.));
#6103 = PCURVE('',#5801,#6104);
#6104 = DEFINITIONAL_REPRESENTATION('',(#6105),#6109);
#6105 = LINE('',#6106,#6107);
#6106 = CARTESIAN_POINT('',(0.,0.));
#6107 = VECTOR('',#6108,1.);
#6108 = DIRECTION('',(1.,0.));
#6109 = ( GEOMETRIC_REPRESENTATION_CONTEXT(2) 
PARAMETRIC_REPRESENTATION_CONTEXT() REPRESENTATION_CONTEXT('2D SPACE',''
  ) );
#6110 = PCURVE('',#5829,#6111);
#6111 = DEFINITIONAL_REPRESENTATION('',(#6112),#6116);
#6112 = LINE('',#6113,#6114);
#6113 = CARTESIAN_POINT('',(0.,0.));
#6114 = VECTOR('',#6115,1.);
#6115 = DIRECTION('',(1.,0.));
#6116 = ( GEOMETRIC_REPRESENTATION_CONTEXT(2) 
PARAMETRIC_REPRESENTATION_CONTEXT() REPRESENTATION_CONTEXT('2D SPACE',''
  ) );
#6117 = ORIENTED_EDGE('',*,*,#5783,.F.);
#6118 = ADVANCED_FACE('',(#6119),#5883,.F.);
#6119 = FACE_BOUND('',#6120,.F.);
#6120 = EDGE_LOOP('',(#6121,#6122,#6123,#6144));
#6121 = ORIENTED_EDGE('',*,*,#6075,.F.);
#6122 = ORIENTED_EDGE('',*,*,#6044,.T.);
#6123 = ORIENTED_EDGE('',*,*,#6124,.T.);
#6124 = EDGE_CURVE('',#6022,#5842,#6125,.T.);
#6125 = SURFACE_CURVE('',#6126,(#6130,#6137),.PCURVE_S1.);
#6126 = LINE('',#6127,#6128);
#6127 = CARTESIAN_POINT('',(165.72134273249,17.2350001,-9.99999E-02));
#6128 = VECTOR('',#6129,1.);
#6129 = DIRECTION('',(0.,0.,1.));
#6130 = PCURVE('',#5883,#6131);
#6131 = DEFINITIONAL_REPRESENTATION('',(#6132),#6136);
#6132 = LINE('',#6133,#6134);
#6133 = CARTESIAN_POINT('',(0.,-16.75));
#6134 = VECTOR('',#6135,1.);
#6135 = DIRECTION('',(1.,0.));
#6136 = ( GEOMETRIC_REPRESENTATION_CONTEXT(2) 
PARAMETRIC_REPRESENTATION_CONTEXT() REPRESENTATION_CONTEXT('2D SPACE',''
  ) );
#6137 = PCURVE('',#5857,#6138);
#6138 = DEFINITIONAL_REPRESENTATION('',(#6139),#6143);
#6139 = LINE('',#6140,#6141);
#6140 = CARTESIAN_POINT('',(0.,16.75));
#6141 = VECTOR('',#6142,1.);
#6142 = DIRECTION('',(1.,0.));
#6143 = ( GEOMETRIC_REPRESENTATION_CONTEXT(2) 
PARAMETRIC_REPRESENTATION_CONTEXT() REPRESENTATION_CONTEXT('2D SPACE',''
  ) );
#6144 = ORIENTED_EDGE('',*,*,#5869,.F.);
#6145 = ADVANCED_FACE('',(#6146),#5857,.F.);
#6146 = FACE_BOUND('',#6147,.F.);
#6147 = EDGE_LOOP('',(#6148,#6149,#6150,#6171));
#6148 = ORIENTED_EDGE('',*,*,#6124,.F.);
#6149 = ORIENTED_EDGE('',*,*,#6021,.T.);
#6150 = ORIENTED_EDGE('',*,*,#6151,.T.);
#6151 = EDGE_CURVE('',#5999,#5814,#6152,.T.);
#6152 = SURFACE_CURVE('',#6153,(#6157,#6164),.PCURVE_S1.);
#6153 = LINE('',#6154,#6155);
#6154 = CARTESIAN_POINT('',(148.97134273249,17.2350001,-9.99999E-02));
#6155 = VECTOR('',#6156,1.);
#6156 = DIRECTION('',(0.,0.,1.));
#6157 = PCURVE('',#5857,#6158);
#6158 = DEFINITIONAL_REPRESENTATION('',(#6159),#6163);
#6159 = LINE('',#6160,#6161);
#6160 = CARTESIAN_POINT('',(0.,0.));
#6161 = VECTOR('',#6162,1.);
#6162 = DIRECTION('',(1.,0.));
#6163 = ( GEOMETRIC_REPRESENTATION_CONTEXT(2) 
PARAMETRIC_REPRESENTATION_CONTEXT() REPRESENTATION_CONTEXT('2D SPACE',''
  ) );
#6164 = PCURVE('',#5829,#6165);
#6165 = DEFINITIONAL_REPRESENTATION('',(#6166),#6170);
#6166 = LINE('',#6167,#6168);
#6167 = CARTESIAN_POINT('',(0.,-16.75));
#6168 = VECTOR('',#6169,1.);
#6169 = DIRECTION('',(1.,0.));
#6170 = ( GEOMETRIC_REPRESENTATION_CONTEXT(2) 
PARAMETRIC_REPRESENTATION_CONTEXT() REPRESENTATION_CONTEXT('2D SPACE',''
  ) );
#6171 = ORIENTED_EDGE('',*,*,#5841,.F.);
#6172 = ADVANCED_FACE('',(#6173),#5829,.T.);
#6173 = FACE_BOUND('',#6174,.T.);
#6174 = EDGE_LOOP('',(#6175,#6176,#6177,#6178));
#6175 = ORIENTED_EDGE('',*,*,#6097,.F.);
#6176 = ORIENTED_EDGE('',*,*,#5998,.T.);
#6177 = ORIENTED_EDGE('',*,*,#6151,.T.);
#6178 = ORIENTED_EDGE('',*,*,#5813,.F.);
#6179 = ( GEOMETRIC_REPRESENTATION_CONTEXT(3) 
GLOBAL_UNCERTAINTY_ASSIGNED_CONTEXT((#6183)) 
GLOBAL_UNIT_ASSIGNED_CONTEXT((#6180,#6181,#6182)) REPRESENTATION_CONTEXT
('Context #1','3D Context with UNIT and UNCERTAINTY') );
#6180 = ( LENGTH_UNIT() NAMED_UNIT(*) SI_UNIT(.MILLI.,.METRE.) );
#6181 = ( NAMED_UNIT(*) PLANE_ANGLE_UNIT() SI_UNIT($,.RADIAN.) );
#6182 = ( NAMED_UNIT(*) SI_UNIT($,.STERADIAN.) SOLID_ANGLE_UNIT() );
#6183 = UNCERTAINTY_MEASURE_WITH_UNIT(LENGTH_MEASURE(1.E-07),#6180,
  'distance_accuracy_value','confusion accuracy');
#6184 = CONTEXT_DEPENDENT_SHAPE_REPRESENTATION(#6185,#6187);
#6185 = ( REPRESENTATION_RELATIONSHIP('','',#5532,#10) 
REPRESENTATION_RELATIONSHIP_WITH_TRANSFORMATION(#6186) 
SHAPE_REPRESENTATION_RELATIONSHIP() );
#6186 = ITEM_DEFINED_TRANSFORMATION('','',#11,#39);
#6187 = PRODUCT_DEFINITION_SHAPE('Placement','Placement of an item',
  #6188);
#6188 = NEXT_ASSEMBLY_USAGE_OCCURRENCE('257','','',#5,#5527,$);
#6189 = PRODUCT_RELATED_PRODUCT_CATEGORY('part',$,(#5529));
#6190 = SHAPE_DEFINITION_REPRESENTATION(#6191,#6197);
#6191 = PRODUCT_DEFINITION_SHAPE('','',#6192);
#6192 = PRODUCT_DEFINITION('design','',#6193,#6196);
#6193 = PRODUCT_DEFINITION_FORMATION('','',#6194);
#6194 = PRODUCT('Open CASCADE STEP translator 7.8 2.8',
  'Open CASCADE STEP translator 7.8 2.8','',(#6195));
#6195 = PRODUCT_CONTEXT('',#2,'mechanical');
#6196 = PRODUCT_DEFINITION_CONTEXT('part definition',#2,'design');
#6197 = ADVANCED_BREP_SHAPE_REPRESENTATION('',(#11,#6198),#6844);
#6198 = MANIFOLD_SOLID_BREP('',#6199);
#6199 = CLOSED_SHELL('',(#6200,#6320,#6396,#6559,#6608,#6729,#6736,#6783
    ,#6810,#6837));
#6200 = ADVANCED_FACE('',(#6201),#6215,.F.);
#6201 = FACE_BOUND('',#6202,.F.);
#6202 = EDGE_LOOP('',(#6203,#6238,#6266,#6294));
#6203 = ORIENTED_EDGE('',*,*,#6204,.F.);
#6204 = EDGE_CURVE('',#6205,#6207,#6209,.T.);
#6205 = VERTEX_POINT('',#6206);
#6206 = CARTESIAN_POINT('',(1.000000047213E-07,29.811541415175,
    1.000000038331E-07));
#6207 = VERTEX_POINT('',#6208);
#6208 = CARTESIAN_POINT('',(1.000000047213E-07,29.811541415175,0.4800001
    ));
#6209 = SURFACE_CURVE('',#6210,(#6214,#6226),.PCURVE_S1.);
#6210 = LINE('',#6211,#6212);
#6211 = CARTESIAN_POINT('',(1.000000047213E-07,29.811541415175,
    1.000000038331E-07));
#6212 = VECTOR('',#6213,1.);
#6213 = DIRECTION('',(0.,0.,1.));
#6214 = PCURVE('',#6215,#6220);
#6215 = PLANE('',#6216);
#6216 = AXIS2_PLACEMENT_3D('',#6217,#6218,#6219);
#6217 = CARTESIAN_POINT('',(1.000000047213E-07,29.811541415175,
    1.000000038331E-07));
#6218 = DIRECTION('',(1.,0.,0.));
#6219 = DIRECTION('',(0.,0.,1.));
#6220 = DEFINITIONAL_REPRESENTATION('',(#6221),#6225);
#6221 = LINE('',#6222,#6223);
#6222 = CARTESIAN_POINT('',(0.,0.));
#6223 = VECTOR('',#6224,1.);
#6224 = DIRECTION('',(1.,0.));
#6225 = ( GEOMETRIC_REPRESENTATION_CONTEXT(2) 
PARAMETRIC_REPRESENTATION_CONTEXT() REPRESENTATION_CONTEXT('2D SPACE',''
  ) );
#6226 = PCURVE('',#6227,#6232);
#6227 = PLANE('',#6228);
#6228 = AXIS2_PLACEMENT_3D('',#6229,#6230,#6231);
#6229 = CARTESIAN_POINT('',(1.000000047213E-07,29.811541415175,
    1.000000038331E-07));
#6230 = DIRECTION('',(0.,1.,0.));
#6231 = DIRECTION('',(0.,0.,1.));
#6232 = DEFINITIONAL_REPRESENTATION('',(#6233),#6237);
#6233 = LINE('',#6234,#6235);
#6234 = CARTESIAN_POINT('',(0.,0.));
#6235 = VECTOR('',#6236,1.);
#6236 = DIRECTION('',(1.,0.));
#6237 = ( GEOMETRIC_REPRESENTATION_CONTEXT(2) 
PARAMETRIC_REPRESENTATION_CONTEXT() REPRESENTATION_CONTEXT('2D SPACE',''
  ) );
#6238 = ORIENTED_EDGE('',*,*,#6239,.T.);
#6239 = EDGE_CURVE('',#6205,#6240,#6242,.T.);
#6240 = VERTEX_POINT('',#6241);
#6241 = CARTESIAN_POINT('',(1.000000047213E-07,47.531541415175,
    1.000000038331E-07));
#6242 = SURFACE_CURVE('',#6243,(#6247,#6254),.PCURVE_S1.);
#6243 = LINE('',#6244,#6245);
#6244 = CARTESIAN_POINT('',(1.000000047213E-07,29.811541415175,
    1.000000038331E-07));
#6245 = VECTOR('',#6246,1.);
#6246 = DIRECTION('',(0.,1.,0.));
#6247 = PCURVE('',#6215,#6248);
#6248 = DEFINITIONAL_REPRESENTATION('',(#6249),#6253);
#6249 = LINE('',#6250,#6251);
#6250 = CARTESIAN_POINT('',(0.,0.));
#6251 = VECTOR('',#6252,1.);
#6252 = DIRECTION('',(0.,-1.));
#6253 = ( GEOMETRIC_REPRESENTATION_CONTEXT(2) 
PARAMETRIC_REPRESENTATION_CONTEXT() REPRESENTATION_CONTEXT('2D SPACE',''
  ) );
#6254 = PCURVE('',#6255,#6260);
#6255 = PLANE('',#6256);
#6256 = AXIS2_PLACEMENT_3D('',#6257,#6258,#6259);
#6257 = CARTESIAN_POINT('',(1.000000047213E-07,29.811541415175,
    1.000000038331E-07));
#6258 = DIRECTION('',(0.,0.,1.));
#6259 = DIRECTION('',(1.,0.,0.));
#6260 = DEFINITIONAL_REPRESENTATION('',(#6261),#6265);
#6261 = LINE('',#6262,#6263);
#6262 = CARTESIAN_POINT('',(0.,0.));
#6263 = VECTOR('',#6264,1.);
#6264 = DIRECTION('',(0.,1.));
#6265 = ( GEOMETRIC_REPRESENTATION_CONTEXT(2) 
PARAMETRIC_REPRESENTATION_CONTEXT() REPRESENTATION_CONTEXT('2D SPACE',''
  ) );
#6266 = ORIENTED_EDGE('',*,*,#6267,.T.);
#6267 = EDGE_CURVE('',#6240,#6268,#6270,.T.);
#6268 = VERTEX_POINT('',#6269);
#6269 = CARTESIAN_POINT('',(1.000000047213E-07,47.531541415175,0.4800001
    ));
#6270 = SURFACE_CURVE('',#6271,(#6275,#6282),.PCURVE_S1.);
#6271 = LINE('',#6272,#6273);
#6272 = CARTESIAN_POINT('',(1.000000047213E-07,47.531541415175,
    1.000000038331E-07));
#6273 = VECTOR('',#6274,1.);
#6274 = DIRECTION('',(0.,0.,1.));
#6275 = PCURVE('',#6215,#6276);
#6276 = DEFINITIONAL_REPRESENTATION('',(#6277),#6281);
#6277 = LINE('',#6278,#6279);
#6278 = CARTESIAN_POINT('',(0.,-17.72));
#6279 = VECTOR('',#6280,1.);
#6280 = DIRECTION('',(1.,0.));
#6281 = ( GEOMETRIC_REPRESENTATION_CONTEXT(2) 
PARAMETRIC_REPRESENTATION_CONTEXT() REPRESENTATION_CONTEXT('2D SPACE',''
  ) );
#6282 = PCURVE('',#6283,#6288);
#6283 = PLANE('',#6284);
#6284 = AXIS2_PLACEMENT_3D('',#6285,#6286,#6287);
#6285 = CARTESIAN_POINT('',(1.000000047213E-07,47.531541415175,
    1.000000038331E-07));
#6286 = DIRECTION('',(0.,1.,0.));
#6287 = DIRECTION('',(0.,0.,1.));
#6288 = DEFINITIONAL_REPRESENTATION('',(#6289),#6293);
#6289 = LINE('',#6290,#6291);
#6290 = CARTESIAN_POINT('',(0.,0.));
#6291 = VECTOR('',#6292,1.);
#6292 = DIRECTION('',(1.,0.));
#6293 = ( GEOMETRIC_REPRESENTATION_CONTEXT(2) 
PARAMETRIC_REPRESENTATION_CONTEXT() REPRESENTATION_CONTEXT('2D SPACE',''
  ) );
#6294 = ORIENTED_EDGE('',*,*,#6295,.F.);
#6295 = EDGE_CURVE('',#6207,#6268,#6296,.T.);
#6296 = SURFACE_CURVE('',#6297,(#6301,#6308),.PCURVE_S1.);
#6297 = LINE('',#6298,#6299);
#6298 = CARTESIAN_POINT('',(1.000000047213E-07,29.811541415175,0.4800001
    ));
#6299 = VECTOR('',#6300,1.);
#6300 = DIRECTION('',(0.,1.,0.));
#6301 = PCURVE('',#6215,#6302);
#6302 = DEFINITIONAL_REPRESENTATION('',(#6303),#6307);
#6303 = LINE('',#6304,#6305);
#6304 = CARTESIAN_POINT('',(0.48,0.));
#6305 = VECTOR('',#6306,1.);
#6306 = DIRECTION('',(0.,-1.));
#6307 = ( GEOMETRIC_REPRESENTATION_CONTEXT(2) 
PARAMETRIC_REPRESENTATION_CONTEXT() REPRESENTATION_CONTEXT('2D SPACE',''
  ) );
#6308 = PCURVE('',#6309,#6314);
#6309 = PLANE('',#6310);
#6310 = AXIS2_PLACEMENT_3D('',#6311,#6312,#6313);
#6311 = CARTESIAN_POINT('',(1.000000047213E-07,29.811541415175,0.4800001
    ));
#6312 = DIRECTION('',(0.,0.,1.));
#6313 = DIRECTION('',(1.,0.,0.));
#6314 = DEFINITIONAL_REPRESENTATION('',(#6315),#6319);
#6315 = LINE('',#6316,#6317);
#6316 = CARTESIAN_POINT('',(0.,0.));
#6317 = VECTOR('',#6318,1.);
#6318 = DIRECTION('',(0.,1.));
#6319 = ( GEOMETRIC_REPRESENTATION_CONTEXT(2) 
PARAMETRIC_REPRESENTATION_CONTEXT() REPRESENTATION_CONTEXT('2D SPACE',''
  ) );
#6320 = ADVANCED_FACE('',(#6321),#6227,.F.);
#6321 = FACE_BOUND('',#6322,.F.);
#6322 = EDGE_LOOP('',(#6323,#6346,#6347,#6370));
#6323 = ORIENTED_EDGE('',*,*,#6324,.F.);
#6324 = EDGE_CURVE('',#6205,#6325,#6327,.T.);
#6325 = VERTEX_POINT('',#6326);
#6326 = CARTESIAN_POINT('',(17.7200001,29.811541415175,
    1.000000038331E-07));
#6327 = SURFACE_CURVE('',#6328,(#6332,#6339),.PCURVE_S1.);
#6328 = LINE('',#6329,#6330);
#6329 = CARTESIAN_POINT('',(1.000000047213E-07,29.811541415175,
    1.000000038331E-07));
#6330 = VECTOR('',#6331,1.);
#6331 = DIRECTION('',(1.,0.,0.));
#6332 = PCURVE('',#6227,#6333);
#6333 = DEFINITIONAL_REPRESENTATION('',(#6334),#6338);
#6334 = LINE('',#6335,#6336);
#6335 = CARTESIAN_POINT('',(0.,0.));
#6336 = VECTOR('',#6337,1.);
#6337 = DIRECTION('',(0.,1.));
#6338 = ( GEOMETRIC_REPRESENTATION_CONTEXT(2) 
PARAMETRIC_REPRESENTATION_CONTEXT() REPRESENTATION_CONTEXT('2D SPACE',''
  ) );
#6339 = PCURVE('',#6255,#6340);
#6340 = DEFINITIONAL_REPRESENTATION('',(#6341),#6345);
#6341 = LINE('',#6342,#6343);
#6342 = CARTESIAN_POINT('',(0.,0.));
#6343 = VECTOR('',#6344,1.);
#6344 = DIRECTION('',(1.,0.));
#6345 = ( GEOMETRIC_REPRESENTATION_CONTEXT(2) 
PARAMETRIC_REPRESENTATION_CONTEXT() REPRESENTATION_CONTEXT('2D SPACE',''
  ) );
#6346 = ORIENTED_EDGE('',*,*,#6204,.T.);
#6347 = ORIENTED_EDGE('',*,*,#6348,.T.);
#6348 = EDGE_CURVE('',#6207,#6349,#6351,.T.);
#6349 = VERTEX_POINT('',#6350);
#6350 = CARTESIAN_POINT('',(17.7200001,29.811541415175,0.4800001));
#6351 = SURFACE_CURVE('',#6352,(#6356,#6363),.PCURVE_S1.);
#6352 = LINE('',#6353,#6354);
#6353 = CARTESIAN_POINT('',(1.000000047213E-07,29.811541415175,0.4800001
    ));
#6354 = VECTOR('',#6355,1.);
#6355 = DIRECTION('',(1.,0.,0.));
#6356 = PCURVE('',#6227,#6357);
#6357 = DEFINITIONAL_REPRESENTATION('',(#6358),#6362);
#6358 = LINE('',#6359,#6360);
#6359 = CARTESIAN_POINT('',(0.48,0.));
#6360 = VECTOR('',#6361,1.);
#6361 = DIRECTION('',(0.,1.));
#6362 = ( GEOMETRIC_REPRESENTATION_CONTEXT(2) 
PARAMETRIC_REPRESENTATION_CONTEXT() REPRESENTATION_CONTEXT('2D SPACE',''
  ) );
#6363 = PCURVE('',#6309,#6364);
#6364 = DEFINITIONAL_REPRESENTATION('',(#6365),#6369);
#6365 = LINE('',#6366,#6367);
#6366 = CARTESIAN_POINT('',(0.,0.));
#6367 = VECTOR('',#6368,1.);
#6368 = DIRECTION('',(1.,0.));
#6369 = ( GEOMETRIC_REPRESENTATION_CONTEXT(2) 
PARAMETRIC_REPRESENTATION_CONTEXT() REPRESENTATION_CONTEXT('2D SPACE',''
  ) );
#6370 = ORIENTED_EDGE('',*,*,#6371,.F.);
#6371 = EDGE_CURVE('',#6325,#6349,#6372,.T.);
#6372 = SURFACE_CURVE('',#6373,(#6377,#6384),.PCURVE_S1.);
#6373 = LINE('',#6374,#6375);
#6374 = CARTESIAN_POINT('',(17.7200001,29.811541415175,
    1.000000038331E-07));
#6375 = VECTOR('',#6376,1.);
#6376 = DIRECTION('',(0.,0.,1.));
#6377 = PCURVE('',#6227,#6378);
#6378 = DEFINITIONAL_REPRESENTATION('',(#6379),#6383);
#6379 = LINE('',#6380,#6381);
#6380 = CARTESIAN_POINT('',(0.,17.72));
#6381 = VECTOR('',#6382,1.);
#6382 = DIRECTION('',(1.,0.));
#6383 = ( GEOMETRIC_REPRESENTATION_CONTEXT(2) 
PARAMETRIC_REPRESENTATION_CONTEXT() REPRESENTATION_CONTEXT('2D SPACE',''
  ) );
#6384 = PCURVE('',#6385,#6390);
#6385 = PLANE('',#6386);
#6386 = AXIS2_PLACEMENT_3D('',#6387,#6388,#6389);
#6387 = CARTESIAN_POINT('',(17.7200001,29.811541415175,
    1.000000038331E-07));
#6388 = DIRECTION('',(1.,0.,0.));
#6389 = DIRECTION('',(0.,0.,1.));
#6390 = DEFINITIONAL_REPRESENTATION('',(#6391),#6395);
#6391 = LINE('',#6392,#6393);
#6392 = CARTESIAN_POINT('',(0.,0.));
#6393 = VECTOR('',#6394,1.);
#6394 = DIRECTION('',(1.,0.));
#6395 = ( GEOMETRIC_REPRESENTATION_CONTEXT(2) 
PARAMETRIC_REPRESENTATION_CONTEXT() REPRESENTATION_CONTEXT('2D SPACE',''
  ) );
#6396 = ADVANCED_FACE('',(#6397,#6445),#6309,.T.);
#6397 = FACE_BOUND('',#6398,.T.);
#6398 = EDGE_LOOP('',(#6399,#6400,#6401,#6424));
#6399 = ORIENTED_EDGE('',*,*,#6295,.F.);
#6400 = ORIENTED_EDGE('',*,*,#6348,.T.);
#6401 = ORIENTED_EDGE('',*,*,#6402,.T.);
#6402 = EDGE_CURVE('',#6349,#6403,#6405,.T.);
#6403 = VERTEX_POINT('',#6404);
#6404 = CARTESIAN_POINT('',(17.7200001,47.531541415175,0.4800001));
#6405 = SURFACE_CURVE('',#6406,(#6410,#6417),.PCURVE_S1.);
#6406 = LINE('',#6407,#6408);
#6407 = CARTESIAN_POINT('',(17.7200001,29.811541415175,0.4800001));
#6408 = VECTOR('',#6409,1.);
#6409 = DIRECTION('',(0.,1.,0.));
#6410 = PCURVE('',#6309,#6411);
#6411 = DEFINITIONAL_REPRESENTATION('',(#6412),#6416);
#6412 = LINE('',#6413,#6414);
#6413 = CARTESIAN_POINT('',(17.72,0.));
#6414 = VECTOR('',#6415,1.);
#6415 = DIRECTION('',(0.,1.));
#6416 = ( GEOMETRIC_REPRESENTATION_CONTEXT(2) 
PARAMETRIC_REPRESENTATION_CONTEXT() REPRESENTATION_CONTEXT('2D SPACE',''
  ) );
#6417 = PCURVE('',#6385,#6418);
#6418 = DEFINITIONAL_REPRESENTATION('',(#6419),#6423);
#6419 = LINE('',#6420,#6421);
#6420 = CARTESIAN_POINT('',(0.48,0.));
#6421 = VECTOR('',#6422,1.);
#6422 = DIRECTION('',(0.,-1.));
#6423 = ( GEOMETRIC_REPRESENTATION_CONTEXT(2) 
PARAMETRIC_REPRESENTATION_CONTEXT() REPRESENTATION_CONTEXT('2D SPACE',''
  ) );
#6424 = ORIENTED_EDGE('',*,*,#6425,.F.);
#6425 = EDGE_CURVE('',#6268,#6403,#6426,.T.);
#6426 = SURFACE_CURVE('',#6427,(#6431,#6438),.PCURVE_S1.);
#6427 = LINE('',#6428,#6429);
#6428 = CARTESIAN_POINT('',(1.000000047213E-07,47.531541415175,0.4800001
    ));
#6429 = VECTOR('',#6430,1.);
#6430 = DIRECTION('',(1.,0.,0.));
#6431 = PCURVE('',#6309,#6432);
#6432 = DEFINITIONAL_REPRESENTATION('',(#6433),#6437);
#6433 = LINE('',#6434,#6435);
#6434 = CARTESIAN_POINT('',(0.,17.72));
#6435 = VECTOR('',#6436,1.);
#6436 = DIRECTION('',(1.,0.));
#6437 = ( GEOMETRIC_REPRESENTATION_CONTEXT(2) 
PARAMETRIC_REPRESENTATION_CONTEXT() REPRESENTATION_CONTEXT('2D SPACE',''
  ) );
#6438 = PCURVE('',#6283,#6439);
#6439 = DEFINITIONAL_REPRESENTATION('',(#6440),#6444);
#6440 = LINE('',#6441,#6442);
#6441 = CARTESIAN_POINT('',(0.48,0.));
#6442 = VECTOR('',#6443,1.);
#6443 = DIRECTION('',(0.,1.));
#6444 = ( GEOMETRIC_REPRESENTATION_CONTEXT(2) 
PARAMETRIC_REPRESENTATION_CONTEXT() REPRESENTATION_CONTEXT('2D SPACE',''
  ) );
#6445 = FACE_BOUND('',#6446,.T.);
#6446 = EDGE_LOOP('',(#6447,#6477,#6505,#6533));
#6447 = ORIENTED_EDGE('',*,*,#6448,.T.);
#6448 = EDGE_CURVE('',#6449,#6451,#6453,.T.);
#6449 = VERTEX_POINT('',#6450);
#6450 = CARTESIAN_POINT('',(17.2350001,30.296541415175,0.4800001));
#6451 = VERTEX_POINT('',#6452);
#6452 = CARTESIAN_POINT('',(0.4850001,30.296541415175,0.4800001));
#6453 = SURFACE_CURVE('',#6454,(#6458,#6465),.PCURVE_S1.);
#6454 = LINE('',#6455,#6456);
#6455 = CARTESIAN_POINT('',(0.2425001,30.296541415175,0.4800001));
#6456 = VECTOR('',#6457,1.);
#6457 = DIRECTION('',(-1.,0.,0.));
#6458 = PCURVE('',#6309,#6459);
#6459 = DEFINITIONAL_REPRESENTATION('',(#6460),#6464);
#6460 = LINE('',#6461,#6462);
#6461 = CARTESIAN_POINT('',(0.2425,0.485));
#6462 = VECTOR('',#6463,1.);
#6463 = DIRECTION('',(-1.,0.));
#6464 = ( GEOMETRIC_REPRESENTATION_CONTEXT(2) 
PARAMETRIC_REPRESENTATION_CONTEXT() REPRESENTATION_CONTEXT('2D SPACE',''
  ) );
#6465 = PCURVE('',#6466,#6471);
#6466 = PLANE('',#6467);
#6467 = AXIS2_PLACEMENT_3D('',#6468,#6469,#6470);
#6468 = CARTESIAN_POINT('',(0.4850001,30.296541415175,-9.99999E-02));
#6469 = DIRECTION('',(0.,1.,0.));
#6470 = DIRECTION('',(0.,0.,1.));
#6471 = DEFINITIONAL_REPRESENTATION('',(#6472),#6476);
#6472 = LINE('',#6473,#6474);
#6473 = CARTESIAN_POINT('',(0.58,-0.2425));
#6474 = VECTOR('',#6475,1.);
#6475 = DIRECTION('',(0.,-1.));
#6476 = ( GEOMETRIC_REPRESENTATION_CONTEXT(2) 
PARAMETRIC_REPRESENTATION_CONTEXT() REPRESENTATION_CONTEXT('2D SPACE',''
  ) );
#6477 = ORIENTED_EDGE('',*,*,#6478,.T.);
#6478 = EDGE_CURVE('',#6451,#6479,#6481,.T.);
#6479 = VERTEX_POINT('',#6480);
#6480 = CARTESIAN_POINT('',(0.4850001,47.046541415175,0.4800001));
#6481 = SURFACE_CURVE('',#6482,(#6486,#6493),.PCURVE_S1.);
#6482 = LINE('',#6483,#6484);
#6483 = CARTESIAN_POINT('',(0.4850001,30.054041415175,0.4800001));
#6484 = VECTOR('',#6485,1.);
#6485 = DIRECTION('',(0.,1.,0.));
#6486 = PCURVE('',#6309,#6487);
#6487 = DEFINITIONAL_REPRESENTATION('',(#6488),#6492);
#6488 = LINE('',#6489,#6490);
#6489 = CARTESIAN_POINT('',(0.485,0.2425));
#6490 = VECTOR('',#6491,1.);
#6491 = DIRECTION('',(0.,1.));
#6492 = ( GEOMETRIC_REPRESENTATION_CONTEXT(2) 
PARAMETRIC_REPRESENTATION_CONTEXT() REPRESENTATION_CONTEXT('2D SPACE',''
  ) );
#6493 = PCURVE('',#6494,#6499);
#6494 = PLANE('',#6495);
#6495 = AXIS2_PLACEMENT_3D('',#6496,#6497,#6498);
#6496 = CARTESIAN_POINT('',(0.4850001,30.296541415175,-9.99999E-02));
#6497 = DIRECTION('',(1.,0.,0.));
#6498 = DIRECTION('',(0.,0.,1.));
#6499 = DEFINITIONAL_REPRESENTATION('',(#6500),#6504);
#6500 = LINE('',#6501,#6502);
#6501 = CARTESIAN_POINT('',(0.58,0.2425));
#6502 = VECTOR('',#6503,1.);
#6503 = DIRECTION('',(0.,-1.));
#6504 = ( GEOMETRIC_REPRESENTATION_CONTEXT(2) 
PARAMETRIC_REPRESENTATION_CONTEXT() REPRESENTATION_CONTEXT('2D SPACE',''
  ) );
#6505 = ORIENTED_EDGE('',*,*,#6506,.F.);
#6506 = EDGE_CURVE('',#6507,#6479,#6509,.T.);
#6507 = VERTEX_POINT('',#6508);
#6508 = CARTESIAN_POINT('',(17.2350001,47.046541415175,0.4800001));
#6509 = SURFACE_CURVE('',#6510,(#6514,#6521),.PCURVE_S1.);
#6510 = LINE('',#6511,#6512);
#6511 = CARTESIAN_POINT('',(0.2425001,47.046541415175,0.4800001));
#6512 = VECTOR('',#6513,1.);
#6513 = DIRECTION('',(-1.,0.,0.));
#6514 = PCURVE('',#6309,#6515);
#6515 = DEFINITIONAL_REPRESENTATION('',(#6516),#6520);
#6516 = LINE('',#6517,#6518);
#6517 = CARTESIAN_POINT('',(0.2425,17.235));
#6518 = VECTOR('',#6519,1.);
#6519 = DIRECTION('',(-1.,0.));
#6520 = ( GEOMETRIC_REPRESENTATION_CONTEXT(2) 
PARAMETRIC_REPRESENTATION_CONTEXT() REPRESENTATION_CONTEXT('2D SPACE',''
  ) );
#6521 = PCURVE('',#6522,#6527);
#6522 = PLANE('',#6523);
#6523 = AXIS2_PLACEMENT_3D('',#6524,#6525,#6526);
#6524 = CARTESIAN_POINT('',(0.4850001,47.046541415175,-9.99999E-02));
#6525 = DIRECTION('',(0.,1.,0.));
#6526 = DIRECTION('',(0.,0.,1.));
#6527 = DEFINITIONAL_REPRESENTATION('',(#6528),#6532);
#6528 = LINE('',#6529,#6530);
#6529 = CARTESIAN_POINT('',(0.58,-0.2425));
#6530 = VECTOR('',#6531,1.);
#6531 = DIRECTION('',(0.,-1.));
#6532 = ( GEOMETRIC_REPRESENTATION_CONTEXT(2) 
PARAMETRIC_REPRESENTATION_CONTEXT() REPRESENTATION_CONTEXT('2D SPACE',''
  ) );
#6533 = ORIENTED_EDGE('',*,*,#6534,.F.);
#6534 = EDGE_CURVE('',#6449,#6507,#6535,.T.);
#6535 = SURFACE_CURVE('',#6536,(#6540,#6547),.PCURVE_S1.);
#6536 = LINE('',#6537,#6538);
#6537 = CARTESIAN_POINT('',(17.2350001,30.054041415175,0.4800001));
#6538 = VECTOR('',#6539,1.);
#6539 = DIRECTION('',(0.,1.,0.));
#6540 = PCURVE('',#6309,#6541);
#6541 = DEFINITIONAL_REPRESENTATION('',(#6542),#6546);
#6542 = LINE('',#6543,#6544);
#6543 = CARTESIAN_POINT('',(17.235,0.2425));
#6544 = VECTOR('',#6545,1.);
#6545 = DIRECTION('',(0.,1.));
#6546 = ( GEOMETRIC_REPRESENTATION_CONTEXT(2) 
PARAMETRIC_REPRESENTATION_CONTEXT() REPRESENTATION_CONTEXT('2D SPACE',''
  ) );
#6547 = PCURVE('',#6548,#6553);
#6548 = PLANE('',#6549);
#6549 = AXIS2_PLACEMENT_3D('',#6550,#6551,#6552);
#6550 = CARTESIAN_POINT('',(17.2350001,30.296541415175,-9.99999E-02));
#6551 = DIRECTION('',(1.,0.,0.));
#6552 = DIRECTION('',(0.,0.,1.));
#6553 = DEFINITIONAL_REPRESENTATION('',(#6554),#6558);
#6554 = LINE('',#6555,#6556);
#6555 = CARTESIAN_POINT('',(0.58,0.2425));
#6556 = VECTOR('',#6557,1.);
#6557 = DIRECTION('',(0.,-1.));
#6558 = ( GEOMETRIC_REPRESENTATION_CONTEXT(2) 
PARAMETRIC_REPRESENTATION_CONTEXT() REPRESENTATION_CONTEXT('2D SPACE',''
  ) );
#6559 = ADVANCED_FACE('',(#6560),#6283,.T.);
#6560 = FACE_BOUND('',#6561,.T.);
#6561 = EDGE_LOOP('',(#6562,#6585,#6586,#6587));
#6562 = ORIENTED_EDGE('',*,*,#6563,.F.);
#6563 = EDGE_CURVE('',#6240,#6564,#6566,.T.);
#6564 = VERTEX_POINT('',#6565);
#6565 = CARTESIAN_POINT('',(17.7200001,47.531541415175,
    1.000000038331E-07));
#6566 = SURFACE_CURVE('',#6567,(#6571,#6578),.PCURVE_S1.);
#6567 = LINE('',#6568,#6569);
#6568 = CARTESIAN_POINT('',(1.000000047213E-07,47.531541415175,
    1.000000038331E-07));
#6569 = VECTOR('',#6570,1.);
#6570 = DIRECTION('',(1.,0.,0.));
#6571 = PCURVE('',#6283,#6572);
#6572 = DEFINITIONAL_REPRESENTATION('',(#6573),#6577);
#6573 = LINE('',#6574,#6575);
#6574 = CARTESIAN_POINT('',(0.,0.));
#6575 = VECTOR('',#6576,1.);
#6576 = DIRECTION('',(0.,1.));
#6577 = ( GEOMETRIC_REPRESENTATION_CONTEXT(2) 
PARAMETRIC_REPRESENTATION_CONTEXT() REPRESENTATION_CONTEXT('2D SPACE',''
  ) );
#6578 = PCURVE('',#6255,#6579);
#6579 = DEFINITIONAL_REPRESENTATION('',(#6580),#6584);
#6580 = LINE('',#6581,#6582);
#6581 = CARTESIAN_POINT('',(0.,17.72));
#6582 = VECTOR('',#6583,1.);
#6583 = DIRECTION('',(1.,0.));
#6584 = ( GEOMETRIC_REPRESENTATION_CONTEXT(2) 
PARAMETRIC_REPRESENTATION_CONTEXT() REPRESENTATION_CONTEXT('2D SPACE',''
  ) );
#6585 = ORIENTED_EDGE('',*,*,#6267,.T.);
#6586 = ORIENTED_EDGE('',*,*,#6425,.T.);
#6587 = ORIENTED_EDGE('',*,*,#6588,.F.);
#6588 = EDGE_CURVE('',#6564,#6403,#6589,.T.);
#6589 = SURFACE_CURVE('',#6590,(#6594,#6601),.PCURVE_S1.);
#6590 = LINE('',#6591,#6592);
#6591 = CARTESIAN_POINT('',(17.7200001,47.531541415175,
    1.000000038331E-07));
#6592 = VECTOR('',#6593,1.);
#6593 = DIRECTION('',(0.,0.,1.));
#6594 = PCURVE('',#6283,#6595);
#6595 = DEFINITIONAL_REPRESENTATION('',(#6596),#6600);
#6596 = LINE('',#6597,#6598);
#6597 = CARTESIAN_POINT('',(0.,17.72));
#6598 = VECTOR('',#6599,1.);
#6599 = DIRECTION('',(1.,0.));
#6600 = ( GEOMETRIC_REPRESENTATION_CONTEXT(2) 
PARAMETRIC_REPRESENTATION_CONTEXT() REPRESENTATION_CONTEXT('2D SPACE',''
  ) );
#6601 = PCURVE('',#6385,#6602);
#6602 = DEFINITIONAL_REPRESENTATION('',(#6603),#6607);
#6603 = LINE('',#6604,#6605);
#6604 = CARTESIAN_POINT('',(0.,-17.72));
#6605 = VECTOR('',#6606,1.);
#6606 = DIRECTION('',(1.,0.));
#6607 = ( GEOMETRIC_REPRESENTATION_CONTEXT(2) 
PARAMETRIC_REPRESENTATION_CONTEXT() REPRESENTATION_CONTEXT('2D SPACE',''
  ) );
#6608 = ADVANCED_FACE('',(#6609,#6635),#6255,.F.);
#6609 = FACE_BOUND('',#6610,.F.);
#6610 = EDGE_LOOP('',(#6611,#6612,#6613,#6634));
#6611 = ORIENTED_EDGE('',*,*,#6239,.F.);
#6612 = ORIENTED_EDGE('',*,*,#6324,.T.);
#6613 = ORIENTED_EDGE('',*,*,#6614,.T.);
#6614 = EDGE_CURVE('',#6325,#6564,#6615,.T.);
#6615 = SURFACE_CURVE('',#6616,(#6620,#6627),.PCURVE_S1.);
#6616 = LINE('',#6617,#6618);
#6617 = CARTESIAN_POINT('',(17.7200001,29.811541415175,
    1.000000038331E-07));
#6618 = VECTOR('',#6619,1.);
#6619 = DIRECTION('',(0.,1.,0.));
#6620 = PCURVE('',#6255,#6621);
#6621 = DEFINITIONAL_REPRESENTATION('',(#6622),#6626);
#6622 = LINE('',#6623,#6624);
#6623 = CARTESIAN_POINT('',(17.72,0.));
#6624 = VECTOR('',#6625,1.);
#6625 = DIRECTION('',(0.,1.));
#6626 = ( GEOMETRIC_REPRESENTATION_CONTEXT(2) 
PARAMETRIC_REPRESENTATION_CONTEXT() REPRESENTATION_CONTEXT('2D SPACE',''
  ) );
#6627 = PCURVE('',#6385,#6628);
#6628 = DEFINITIONAL_REPRESENTATION('',(#6629),#6633);
#6629 = LINE('',#6630,#6631);
#6630 = CARTESIAN_POINT('',(0.,0.));
#6631 = VECTOR('',#6632,1.);
#6632 = DIRECTION('',(0.,-1.));
#6633 = ( GEOMETRIC_REPRESENTATION_CONTEXT(2) 
PARAMETRIC_REPRESENTATION_CONTEXT() REPRESENTATION_CONTEXT('2D SPACE',''
  ) );
#6634 = ORIENTED_EDGE('',*,*,#6563,.F.);
#6635 = FACE_BOUND('',#6636,.F.);
#6636 = EDGE_LOOP('',(#6637,#6662,#6685,#6708));
#6637 = ORIENTED_EDGE('',*,*,#6638,.T.);
#6638 = EDGE_CURVE('',#6639,#6641,#6643,.T.);
#6639 = VERTEX_POINT('',#6640);
#6640 = CARTESIAN_POINT('',(17.2350001,30.296541415175,
    1.000000038331E-07));
#6641 = VERTEX_POINT('',#6642);
#6642 = CARTESIAN_POINT('',(0.4850001,30.296541415175,1.000000038331E-07
    ));
#6643 = SURFACE_CURVE('',#6644,(#6648,#6655),.PCURVE_S1.);
#6644 = LINE('',#6645,#6646);
#6645 = CARTESIAN_POINT('',(0.2425001,30.296541415175,1.000000038331E-07
    ));
#6646 = VECTOR('',#6647,1.);
#6647 = DIRECTION('',(-1.,0.,0.));
#6648 = PCURVE('',#6255,#6649);
#6649 = DEFINITIONAL_REPRESENTATION('',(#6650),#6654);
#6650 = LINE('',#6651,#6652);
#6651 = CARTESIAN_POINT('',(0.2425,0.485));
#6652 = VECTOR('',#6653,1.);
#6653 = DIRECTION('',(-1.,0.));
#6654 = ( GEOMETRIC_REPRESENTATION_CONTEXT(2) 
PARAMETRIC_REPRESENTATION_CONTEXT() REPRESENTATION_CONTEXT('2D SPACE',''
  ) );
#6655 = PCURVE('',#6466,#6656);
#6656 = DEFINITIONAL_REPRESENTATION('',(#6657),#6661);
#6657 = LINE('',#6658,#6659);
#6658 = CARTESIAN_POINT('',(1.E-01,-0.2425));
#6659 = VECTOR('',#6660,1.);
#6660 = DIRECTION('',(0.,-1.));
#6661 = ( GEOMETRIC_REPRESENTATION_CONTEXT(2) 
PARAMETRIC_REPRESENTATION_CONTEXT() REPRESENTATION_CONTEXT('2D SPACE',''
  ) );
#6662 = ORIENTED_EDGE('',*,*,#6663,.T.);
#6663 = EDGE_CURVE('',#6641,#6664,#6666,.T.);
#6664 = VERTEX_POINT('',#6665);
#6665 = CARTESIAN_POINT('',(0.4850001,47.046541415175,1.000000038331E-07
    ));
#6666 = SURFACE_CURVE('',#6667,(#6671,#6678),.PCURVE_S1.);
#6667 = LINE('',#6668,#6669);
#6668 = CARTESIAN_POINT('',(0.4850001,30.054041415175,1.000000038331E-07
    ));
#6669 = VECTOR('',#6670,1.);
#6670 = DIRECTION('',(0.,1.,0.));
#6671 = PCURVE('',#6255,#6672);
#6672 = DEFINITIONAL_REPRESENTATION('',(#6673),#6677);
#6673 = LINE('',#6674,#6675);
#6674 = CARTESIAN_POINT('',(0.485,0.2425));
#6675 = VECTOR('',#6676,1.);
#6676 = DIRECTION('',(0.,1.));
#6677 = ( GEOMETRIC_REPRESENTATION_CONTEXT(2) 
PARAMETRIC_REPRESENTATION_CONTEXT() REPRESENTATION_CONTEXT('2D SPACE',''
  ) );
#6678 = PCURVE('',#6494,#6679);
#6679 = DEFINITIONAL_REPRESENTATION('',(#6680),#6684);
#6680 = LINE('',#6681,#6682);
#6681 = CARTESIAN_POINT('',(1.E-01,0.2425));
#6682 = VECTOR('',#6683,1.);
#6683 = DIRECTION('',(0.,-1.));
#6684 = ( GEOMETRIC_REPRESENTATION_CONTEXT(2) 
PARAMETRIC_REPRESENTATION_CONTEXT() REPRESENTATION_CONTEXT('2D SPACE',''
  ) );
#6685 = ORIENTED_EDGE('',*,*,#6686,.F.);
#6686 = EDGE_CURVE('',#6687,#6664,#6689,.T.);
#6687 = VERTEX_POINT('',#6688);
#6688 = CARTESIAN_POINT('',(17.2350001,47.046541415175,
    1.000000038331E-07));
#6689 = SURFACE_CURVE('',#6690,(#6694,#6701),.PCURVE_S1.);
#6690 = LINE('',#6691,#6692);
#6691 = CARTESIAN_POINT('',(0.2425001,47.046541415175,1.000000038331E-07
    ));
#6692 = VECTOR('',#6693,1.);
#6693 = DIRECTION('',(-1.,0.,0.));
#6694 = PCURVE('',#6255,#6695);
#6695 = DEFINITIONAL_REPRESENTATION('',(#6696),#6700);
#6696 = LINE('',#6697,#6698);
#6697 = CARTESIAN_POINT('',(0.2425,17.235));
#6698 = VECTOR('',#6699,1.);
#6699 = DIRECTION('',(-1.,0.));
#6700 = ( GEOMETRIC_REPRESENTATION_CONTEXT(2) 
PARAMETRIC_REPRESENTATION_CONTEXT() REPRESENTATION_CONTEXT('2D SPACE',''
  ) );
#6701 = PCURVE('',#6522,#6702);
#6702 = DEFINITIONAL_REPRESENTATION('',(#6703),#6707);
#6703 = LINE('',#6704,#6705);
#6704 = CARTESIAN_POINT('',(1.E-01,-0.2425));
#6705 = VECTOR('',#6706,1.);
#6706 = DIRECTION('',(0.,-1.));
#6707 = ( GEOMETRIC_REPRESENTATION_CONTEXT(2) 
PARAMETRIC_REPRESENTATION_CONTEXT() REPRESENTATION_CONTEXT('2D SPACE',''
  ) );
#6708 = ORIENTED_EDGE('',*,*,#6709,.F.);
#6709 = EDGE_CURVE('',#6639,#6687,#6710,.T.);
#6710 = SURFACE_CURVE('',#6711,(#6715,#6722),.PCURVE_S1.);
#6711 = LINE('',#6712,#6713);
#6712 = CARTESIAN_POINT('',(17.2350001,30.054041415175,
    1.000000038331E-07));
#6713 = VECTOR('',#6714,1.);
#6714 = DIRECTION('',(0.,1.,0.));
#6715 = PCURVE('',#6255,#6716);
#6716 = DEFINITIONAL_REPRESENTATION('',(#6717),#6721);
#6717 = LINE('',#6718,#6719);
#6718 = CARTESIAN_POINT('',(17.235,0.2425));
#6719 = VECTOR('',#6720,1.);
#6720 = DIRECTION('',(0.,1.));
#6721 = ( GEOMETRIC_REPRESENTATION_CONTEXT(2) 
PARAMETRIC_REPRESENTATION_CONTEXT() REPRESENTATION_CONTEXT('2D SPACE',''
  ) );
#6722 = PCURVE('',#6548,#6723);
#6723 = DEFINITIONAL_REPRESENTATION('',(#6724),#6728);
#6724 = LINE('',#6725,#6726);
#6725 = CARTESIAN_POINT('',(1.E-01,0.2425));
#6726 = VECTOR('',#6727,1.);
#6727 = DIRECTION('',(0.,-1.));
#6728 = ( GEOMETRIC_REPRESENTATION_CONTEXT(2) 
PARAMETRIC_REPRESENTATION_CONTEXT() REPRESENTATION_CONTEXT('2D SPACE',''
  ) );
#6729 = ADVANCED_FACE('',(#6730),#6385,.T.);
#6730 = FACE_BOUND('',#6731,.T.);
#6731 = EDGE_LOOP('',(#6732,#6733,#6734,#6735));
#6732 = ORIENTED_EDGE('',*,*,#6371,.F.);
#6733 = ORIENTED_EDGE('',*,*,#6614,.T.);
#6734 = ORIENTED_EDGE('',*,*,#6588,.T.);
#6735 = ORIENTED_EDGE('',*,*,#6402,.F.);
#6736 = ADVANCED_FACE('',(#6737),#6466,.T.);
#6737 = FACE_BOUND('',#6738,.T.);
#6738 = EDGE_LOOP('',(#6739,#6760,#6761,#6782));
#6739 = ORIENTED_EDGE('',*,*,#6740,.F.);
#6740 = EDGE_CURVE('',#6639,#6449,#6741,.T.);
#6741 = SURFACE_CURVE('',#6742,(#6746,#6753),.PCURVE_S1.);
#6742 = LINE('',#6743,#6744);
#6743 = CARTESIAN_POINT('',(17.2350001,30.296541415175,-9.99999E-02));
#6744 = VECTOR('',#6745,1.);
#6745 = DIRECTION('',(0.,0.,1.));
#6746 = PCURVE('',#6466,#6747);
#6747 = DEFINITIONAL_REPRESENTATION('',(#6748),#6752);
#6748 = LINE('',#6749,#6750);
#6749 = CARTESIAN_POINT('',(0.,16.75));
#6750 = VECTOR('',#6751,1.);
#6751 = DIRECTION('',(1.,0.));
#6752 = ( GEOMETRIC_REPRESENTATION_CONTEXT(2) 
PARAMETRIC_REPRESENTATION_CONTEXT() REPRESENTATION_CONTEXT('2D SPACE',''
  ) );
#6753 = PCURVE('',#6548,#6754);
#6754 = DEFINITIONAL_REPRESENTATION('',(#6755),#6759);
#6755 = LINE('',#6756,#6757);
#6756 = CARTESIAN_POINT('',(0.,0.));
#6757 = VECTOR('',#6758,1.);
#6758 = DIRECTION('',(1.,0.));
#6759 = ( GEOMETRIC_REPRESENTATION_CONTEXT(2) 
PARAMETRIC_REPRESENTATION_CONTEXT() REPRESENTATION_CONTEXT('2D SPACE',''
  ) );
#6760 = ORIENTED_EDGE('',*,*,#6638,.T.);
#6761 = ORIENTED_EDGE('',*,*,#6762,.T.);
#6762 = EDGE_CURVE('',#6641,#6451,#6763,.T.);
#6763 = SURFACE_CURVE('',#6764,(#6768,#6775),.PCURVE_S1.);
#6764 = LINE('',#6765,#6766);
#6765 = CARTESIAN_POINT('',(0.4850001,30.296541415175,-9.99999E-02));
#6766 = VECTOR('',#6767,1.);
#6767 = DIRECTION('',(0.,0.,1.));
#6768 = PCURVE('',#6466,#6769);
#6769 = DEFINITIONAL_REPRESENTATION('',(#6770),#6774);
#6770 = LINE('',#6771,#6772);
#6771 = CARTESIAN_POINT('',(0.,0.));
#6772 = VECTOR('',#6773,1.);
#6773 = DIRECTION('',(1.,0.));
#6774 = ( GEOMETRIC_REPRESENTATION_CONTEXT(2) 
PARAMETRIC_REPRESENTATION_CONTEXT() REPRESENTATION_CONTEXT('2D SPACE',''
  ) );
#6775 = PCURVE('',#6494,#6776);
#6776 = DEFINITIONAL_REPRESENTATION('',(#6777),#6781);
#6777 = LINE('',#6778,#6779);
#6778 = CARTESIAN_POINT('',(0.,0.));
#6779 = VECTOR('',#6780,1.);
#6780 = DIRECTION('',(1.,0.));
#6781 = ( GEOMETRIC_REPRESENTATION_CONTEXT(2) 
PARAMETRIC_REPRESENTATION_CONTEXT() REPRESENTATION_CONTEXT('2D SPACE',''
  ) );
#6782 = ORIENTED_EDGE('',*,*,#6448,.F.);
#6783 = ADVANCED_FACE('',(#6784),#6548,.F.);
#6784 = FACE_BOUND('',#6785,.F.);
#6785 = EDGE_LOOP('',(#6786,#6787,#6788,#6809));
#6786 = ORIENTED_EDGE('',*,*,#6740,.F.);
#6787 = ORIENTED_EDGE('',*,*,#6709,.T.);
#6788 = ORIENTED_EDGE('',*,*,#6789,.T.);
#6789 = EDGE_CURVE('',#6687,#6507,#6790,.T.);
#6790 = SURFACE_CURVE('',#6791,(#6795,#6802),.PCURVE_S1.);
#6791 = LINE('',#6792,#6793);
#6792 = CARTESIAN_POINT('',(17.2350001,47.046541415175,-9.99999E-02));
#6793 = VECTOR('',#6794,1.);
#6794 = DIRECTION('',(0.,0.,1.));
#6795 = PCURVE('',#6548,#6796);
#6796 = DEFINITIONAL_REPRESENTATION('',(#6797),#6801);
#6797 = LINE('',#6798,#6799);
#6798 = CARTESIAN_POINT('',(0.,-16.75));
#6799 = VECTOR('',#6800,1.);
#6800 = DIRECTION('',(1.,0.));
#6801 = ( GEOMETRIC_REPRESENTATION_CONTEXT(2) 
PARAMETRIC_REPRESENTATION_CONTEXT() REPRESENTATION_CONTEXT('2D SPACE',''
  ) );
#6802 = PCURVE('',#6522,#6803);
#6803 = DEFINITIONAL_REPRESENTATION('',(#6804),#6808);
#6804 = LINE('',#6805,#6806);
#6805 = CARTESIAN_POINT('',(0.,16.75));
#6806 = VECTOR('',#6807,1.);
#6807 = DIRECTION('',(1.,0.));
#6808 = ( GEOMETRIC_REPRESENTATION_CONTEXT(2) 
PARAMETRIC_REPRESENTATION_CONTEXT() REPRESENTATION_CONTEXT('2D SPACE',''
  ) );
#6809 = ORIENTED_EDGE('',*,*,#6534,.F.);
#6810 = ADVANCED_FACE('',(#6811),#6522,.F.);
#6811 = FACE_BOUND('',#6812,.F.);
#6812 = EDGE_LOOP('',(#6813,#6814,#6815,#6836));
#6813 = ORIENTED_EDGE('',*,*,#6789,.F.);
#6814 = ORIENTED_EDGE('',*,*,#6686,.T.);
#6815 = ORIENTED_EDGE('',*,*,#6816,.T.);
#6816 = EDGE_CURVE('',#6664,#6479,#6817,.T.);
#6817 = SURFACE_CURVE('',#6818,(#6822,#6829),.PCURVE_S1.);
#6818 = LINE('',#6819,#6820);
#6819 = CARTESIAN_POINT('',(0.4850001,47.046541415175,-9.99999E-02));
#6820 = VECTOR('',#6821,1.);
#6821 = DIRECTION('',(0.,0.,1.));
#6822 = PCURVE('',#6522,#6823);
#6823 = DEFINITIONAL_REPRESENTATION('',(#6824),#6828);
#6824 = LINE('',#6825,#6826);
#6825 = CARTESIAN_POINT('',(0.,0.));
#6826 = VECTOR('',#6827,1.);
#6827 = DIRECTION('',(1.,0.));
#6828 = ( GEOMETRIC_REPRESENTATION_CONTEXT(2) 
PARAMETRIC_REPRESENTATION_CONTEXT() REPRESENTATION_CONTEXT('2D SPACE',''
  ) );
#6829 = PCURVE('',#6494,#6830);
#6830 = DEFINITIONAL_REPRESENTATION('',(#6831),#6835);
#6831 = LINE('',#6832,#6833);
#6832 = CARTESIAN_POINT('',(0.,-16.75));
#6833 = VECTOR('',#6834,1.);
#6834 = DIRECTION('',(1.,0.));
#6835 = ( GEOMETRIC_REPRESENTATION_CONTEXT(2) 
PARAMETRIC_REPRESENTATION_CONTEXT() REPRESENTATION_CONTEXT('2D SPACE',''
  ) );
#6836 = ORIENTED_EDGE('',*,*,#6506,.F.);
#6837 = ADVANCED_FACE('',(#6838),#6494,.T.);
#6838 = FACE_BOUND('',#6839,.T.);
#6839 = EDGE_LOOP('',(#6840,#6841,#6842,#6843));
#6840 = ORIENTED_EDGE('',*,*,#6762,.F.);
#6841 = ORIENTED_EDGE('',*,*,#6663,.T.);
#6842 = ORIENTED_EDGE('',*,*,#6816,.T.);
#6843 = ORIENTED_EDGE('',*,*,#6478,.F.);
#6844 = ( GEOMETRIC_REPRESENTATION_CONTEXT(3) 
GLOBAL_UNCERTAINTY_ASSIGNED_CONTEXT((#6848)) 
GLOBAL_UNIT_ASSIGNED_CONTEXT((#6845,#6846,#6847)) REPRESENTATION_CONTEXT
('Context #1','3D Context with UNIT and UNCERTAINTY') );
#6845 = ( LENGTH_UNIT() NAMED_UNIT(*) SI_UNIT(.MILLI.,.METRE.) );
#6846 = ( NAMED_UNIT(*) PLANE_ANGLE_UNIT() SI_UNIT($,.RADIAN.) );
#6847 = ( NAMED_UNIT(*) SI_UNIT($,.STERADIAN.) SOLID_ANGLE_UNIT() );
#6848 = UNCERTAINTY_MEASURE_WITH_UNIT(LENGTH_MEASURE(1.E-07),#6845,
  'distance_accuracy_value','confusion accuracy');
#6849 = CONTEXT_DEPENDENT_SHAPE_REPRESENTATION(#6850,#6852);
#6850 = ( REPRESENTATION_RELATIONSHIP('','',#6197,#10) 
REPRESENTATION_RELATIONSHIP_WITH_TRANSFORMATION(#6851) 
SHAPE_REPRESENTATION_RELATIONSHIP() );
#6851 = ITEM_DEFINED_TRANSFORMATION('','',#11,#43);
#6852 = PRODUCT_DEFINITION_SHAPE('Placement','Placement of an item',
  #6853);
#6853 = NEXT_ASSEMBLY_USAGE_OCCURRENCE('258','','',#5,#6192,$);
#6854 = PRODUCT_RELATED_PRODUCT_CATEGORY('part',$,(#6194));
#6855 = SHAPE_DEFINITION_REPRESENTATION(#6856,#6862);
#6856 = PRODUCT_DEFINITION_SHAPE('','',#6857);
#6857 = PRODUCT_DEFINITION('design','',#6858,#6861);
#6858 = PRODUCT_DEFINITION_FORMATION('','',#6859);
#6859 = PRODUCT('Open CASCADE STEP translator 7.8 2.9',
  'Open CASCADE STEP translator 7.8 2.9','',(#6860));
#6860 = PRODUCT_CONTEXT('',#2,'mechanical');
#6861 = PRODUCT_DEFINITION_CONTEXT('part definition',#2,'design');
#6862 = ADVANCED_BREP_SHAPE_REPRESENTATION('',(#11,#6863),#7509);
#6863 = MANIFOLD_SOLID_BREP('',#6864);
#6864 = CLOSED_SHELL('',(#6865,#6985,#7061,#7224,#7273,#7394,#7401,#7448
    ,#7475,#7502));
#6865 = ADVANCED_FACE('',(#6866),#6880,.F.);
#6866 = FACE_BOUND('',#6867,.F.);
#6867 = EDGE_LOOP('',(#6868,#6903,#6931,#6959));
#6868 = ORIENTED_EDGE('',*,*,#6869,.F.);
#6869 = EDGE_CURVE('',#6870,#6872,#6874,.T.);
#6870 = VERTEX_POINT('',#6871);
#6871 = CARTESIAN_POINT('',(21.7200003,29.811541415175,
    1.000000047213E-07));
#6872 = VERTEX_POINT('',#6873);
#6873 = CARTESIAN_POINT('',(21.7200003,29.811541415175,0.4800001));
#6874 = SURFACE_CURVE('',#6875,(#6879,#6891),.PCURVE_S1.);
#6875 = LINE('',#6876,#6877);
#6876 = CARTESIAN_POINT('',(21.7200003,29.811541415175,
    1.000000047213E-07));
#6877 = VECTOR('',#6878,1.);
#6878 = DIRECTION('',(0.,0.,1.));
#6879 = PCURVE('',#6880,#6885);
#6880 = PLANE('',#6881);
#6881 = AXIS2_PLACEMENT_3D('',#6882,#6883,#6884);
#6882 = CARTESIAN_POINT('',(21.7200003,29.811541415175,
    1.000000047213E-07));
#6883 = DIRECTION('',(1.,0.,0.));
#6884 = DIRECTION('',(0.,0.,1.));
#6885 = DEFINITIONAL_REPRESENTATION('',(#6886),#6890);
#6886 = LINE('',#6887,#6888);
#6887 = CARTESIAN_POINT('',(0.,0.));
#6888 = VECTOR('',#6889,1.);
#6889 = DIRECTION('',(1.,0.));
#6890 = ( GEOMETRIC_REPRESENTATION_CONTEXT(2) 
PARAMETRIC_REPRESENTATION_CONTEXT() REPRESENTATION_CONTEXT('2D SPACE',''
  ) );
#6891 = PCURVE('',#6892,#6897);
#6892 = PLANE('',#6893);
#6893 = AXIS2_PLACEMENT_3D('',#6894,#6895,#6896);
#6894 = CARTESIAN_POINT('',(21.7200003,29.811541415175,
    1.000000047213E-07));
#6895 = DIRECTION('',(0.,1.,0.));
#6896 = DIRECTION('',(0.,0.,1.));
#6897 = DEFINITIONAL_REPRESENTATION('',(#6898),#6902);
#6898 = LINE('',#6899,#6900);
#6899 = CARTESIAN_POINT('',(0.,0.));
#6900 = VECTOR('',#6901,1.);
#6901 = DIRECTION('',(1.,0.));
#6902 = ( GEOMETRIC_REPRESENTATION_CONTEXT(2) 
PARAMETRIC_REPRESENTATION_CONTEXT() REPRESENTATION_CONTEXT('2D SPACE',''
  ) );
#6903 = ORIENTED_EDGE('',*,*,#6904,.T.);
#6904 = EDGE_CURVE('',#6870,#6905,#6907,.T.);
#6905 = VERTEX_POINT('',#6906);
#6906 = CARTESIAN_POINT('',(21.7200003,47.531541415175,
    1.000000047213E-07));
#6907 = SURFACE_CURVE('',#6908,(#6912,#6919),.PCURVE_S1.);
#6908 = LINE('',#6909,#6910);
#6909 = CARTESIAN_POINT('',(21.7200003,29.811541415175,
    1.000000047213E-07));
#6910 = VECTOR('',#6911,1.);
#6911 = DIRECTION('',(0.,1.,0.));
#6912 = PCURVE('',#6880,#6913);
#6913 = DEFINITIONAL_REPRESENTATION('',(#6914),#6918);
#6914 = LINE('',#6915,#6916);
#6915 = CARTESIAN_POINT('',(0.,0.));
#6916 = VECTOR('',#6917,1.);
#6917 = DIRECTION('',(0.,-1.));
#6918 = ( GEOMETRIC_REPRESENTATION_CONTEXT(2) 
PARAMETRIC_REPRESENTATION_CONTEXT() REPRESENTATION_CONTEXT('2D SPACE',''
  ) );
#6919 = PCURVE('',#6920,#6925);
#6920 = PLANE('',#6921);
#6921 = AXIS2_PLACEMENT_3D('',#6922,#6923,#6924);
#6922 = CARTESIAN_POINT('',(21.7200003,29.811541415175,
    1.000000047213E-07));
#6923 = DIRECTION('',(0.,0.,1.));
#6924 = DIRECTION('',(1.,0.,0.));
#6925 = DEFINITIONAL_REPRESENTATION('',(#6926),#6930);
#6926 = LINE('',#6927,#6928);
#6927 = CARTESIAN_POINT('',(0.,0.));
#6928 = VECTOR('',#6929,1.);
#6929 = DIRECTION('',(0.,1.));
#6930 = ( GEOMETRIC_REPRESENTATION_CONTEXT(2) 
PARAMETRIC_REPRESENTATION_CONTEXT() REPRESENTATION_CONTEXT('2D SPACE',''
  ) );
#6931 = ORIENTED_EDGE('',*,*,#6932,.T.);
#6932 = EDGE_CURVE('',#6905,#6933,#6935,.T.);
#6933 = VERTEX_POINT('',#6934);
#6934 = CARTESIAN_POINT('',(21.7200003,47.531541415175,0.4800001));
#6935 = SURFACE_CURVE('',#6936,(#6940,#6947),.PCURVE_S1.);
#6936 = LINE('',#6937,#6938);
#6937 = CARTESIAN_POINT('',(21.7200003,47.531541415175,
    1.000000047213E-07));
#6938 = VECTOR('',#6939,1.);
#6939 = DIRECTION('',(0.,0.,1.));
#6940 = PCURVE('',#6880,#6941);
#6941 = DEFINITIONAL_REPRESENTATION('',(#6942),#6946);
#6942 = LINE('',#6943,#6944);
#6943 = CARTESIAN_POINT('',(0.,-17.72));
#6944 = VECTOR('',#6945,1.);
#6945 = DIRECTION('',(1.,0.));
#6946 = ( GEOMETRIC_REPRESENTATION_CONTEXT(2) 
PARAMETRIC_REPRESENTATION_CONTEXT() REPRESENTATION_CONTEXT('2D SPACE',''
  ) );
#6947 = PCURVE('',#6948,#6953);
#6948 = PLANE('',#6949);
#6949 = AXIS2_PLACEMENT_3D('',#6950,#6951,#6952);
#6950 = CARTESIAN_POINT('',(21.7200003,47.531541415175,
    1.000000047213E-07));
#6951 = DIRECTION('',(0.,1.,0.));
#6952 = DIRECTION('',(0.,0.,1.));
#6953 = DEFINITIONAL_REPRESENTATION('',(#6954),#6958);
#6954 = LINE('',#6955,#6956);
#6955 = CARTESIAN_POINT('',(0.,0.));
#6956 = VECTOR('',#6957,1.);
#6957 = DIRECTION('',(1.,0.));
#6958 = ( GEOMETRIC_REPRESENTATION_CONTEXT(2) 
PARAMETRIC_REPRESENTATION_CONTEXT() REPRESENTATION_CONTEXT('2D SPACE',''
  ) );
#6959 = ORIENTED_EDGE('',*,*,#6960,.F.);
#6960 = EDGE_CURVE('',#6872,#6933,#6961,.T.);
#6961 = SURFACE_CURVE('',#6962,(#6966,#6973),.PCURVE_S1.);
#6962 = LINE('',#6963,#6964);
#6963 = CARTESIAN_POINT('',(21.7200003,29.811541415175,0.4800001));
#6964 = VECTOR('',#6965,1.);
#6965 = DIRECTION('',(0.,1.,0.));
#6966 = PCURVE('',#6880,#6967);
#6967 = DEFINITIONAL_REPRESENTATION('',(#6968),#6972);
#6968 = LINE('',#6969,#6970);
#6969 = CARTESIAN_POINT('',(0.48,0.));
#6970 = VECTOR('',#6971,1.);
#6971 = DIRECTION('',(0.,-1.));
#6972 = ( GEOMETRIC_REPRESENTATION_CONTEXT(2) 
PARAMETRIC_REPRESENTATION_CONTEXT() REPRESENTATION_CONTEXT('2D SPACE',''
  ) );
#6973 = PCURVE('',#6974,#6979);
#6974 = PLANE('',#6975);
#6975 = AXIS2_PLACEMENT_3D('',#6976,#6977,#6978);
#6976 = CARTESIAN_POINT('',(21.7200003,29.811541415175,0.4800001));
#6977 = DIRECTION('',(0.,0.,1.));
#6978 = DIRECTION('',(1.,0.,0.));
#6979 = DEFINITIONAL_REPRESENTATION('',(#6980),#6984);
#6980 = LINE('',#6981,#6982);
#6981 = CARTESIAN_POINT('',(0.,0.));
#6982 = VECTOR('',#6983,1.);
#6983 = DIRECTION('',(0.,1.));
#6984 = ( GEOMETRIC_REPRESENTATION_CONTEXT(2) 
PARAMETRIC_REPRESENTATION_CONTEXT() REPRESENTATION_CONTEXT('2D SPACE',''
  ) );
#6985 = ADVANCED_FACE('',(#6986),#6892,.F.);
#6986 = FACE_BOUND('',#6987,.F.);
#6987 = EDGE_LOOP('',(#6988,#7011,#7012,#7035));
#6988 = ORIENTED_EDGE('',*,*,#6989,.F.);
#6989 = EDGE_CURVE('',#6870,#6990,#6992,.T.);
#6990 = VERTEX_POINT('',#6991);
#6991 = CARTESIAN_POINT('',(39.4400003,29.811541415175,
    1.000000047213E-07));
#6992 = SURFACE_CURVE('',#6993,(#6997,#7004),.PCURVE_S1.);
#6993 = LINE('',#6994,#6995);
#6994 = CARTESIAN_POINT('',(21.7200003,29.811541415175,
    1.000000047213E-07));
#6995 = VECTOR('',#6996,1.);
#6996 = DIRECTION('',(1.,0.,0.));
#6997 = PCURVE('',#6892,#6998);
#6998 = DEFINITIONAL_REPRESENTATION('',(#6999),#7003);
#6999 = LINE('',#7000,#7001);
#7000 = CARTESIAN_POINT('',(0.,0.));
#7001 = VECTOR('',#7002,1.);
#7002 = DIRECTION('',(0.,1.));
#7003 = ( GEOMETRIC_REPRESENTATION_CONTEXT(2) 
PARAMETRIC_REPRESENTATION_CONTEXT() REPRESENTATION_CONTEXT('2D SPACE',''
  ) );
#7004 = PCURVE('',#6920,#7005);
#7005 = DEFINITIONAL_REPRESENTATION('',(#7006),#7010);
#7006 = LINE('',#7007,#7008);
#7007 = CARTESIAN_POINT('',(0.,0.));
#7008 = VECTOR('',#7009,1.);
#7009 = DIRECTION('',(1.,0.));
#7010 = ( GEOMETRIC_REPRESENTATION_CONTEXT(2) 
PARAMETRIC_REPRESENTATION_CONTEXT() REPRESENTATION_CONTEXT('2D SPACE',''
  ) );
#7011 = ORIENTED_EDGE('',*,*,#6869,.T.);
#7012 = ORIENTED_EDGE('',*,*,#7013,.T.);
#7013 = EDGE_CURVE('',#6872,#7014,#7016,.T.);
#7014 = VERTEX_POINT('',#7015);
#7015 = CARTESIAN_POINT('',(39.4400003,29.811541415175,0.4800001));
#7016 = SURFACE_CURVE('',#7017,(#7021,#7028),.PCURVE_S1.);
#7017 = LINE('',#7018,#7019);
#7018 = CARTESIAN_POINT('',(21.7200003,29.811541415175,0.4800001));
#7019 = VECTOR('',#7020,1.);
#7020 = DIRECTION('',(1.,0.,0.));
#7021 = PCURVE('',#6892,#7022);
#7022 = DEFINITIONAL_REPRESENTATION('',(#7023),#7027);
#7023 = LINE('',#7024,#7025);
#7024 = CARTESIAN_POINT('',(0.48,0.));
#7025 = VECTOR('',#7026,1.);
#7026 = DIRECTION('',(0.,1.));
#7027 = ( GEOMETRIC_REPRESENTATION_CONTEXT(2) 
PARAMETRIC_REPRESENTATION_CONTEXT() REPRESENTATION_CONTEXT('2D SPACE',''
  ) );
#7028 = PCURVE('',#6974,#7029);
#7029 = DEFINITIONAL_REPRESENTATION('',(#7030),#7034);
#7030 = LINE('',#7031,#7032);
#7031 = CARTESIAN_POINT('',(0.,0.));
#7032 = VECTOR('',#7033,1.);
#7033 = DIRECTION('',(1.,0.));
#7034 = ( GEOMETRIC_REPRESENTATION_CONTEXT(2) 
PARAMETRIC_REPRESENTATION_CONTEXT() REPRESENTATION_CONTEXT('2D SPACE',''
  ) );
#7035 = ORIENTED_EDGE('',*,*,#7036,.F.);
#7036 = EDGE_CURVE('',#6990,#7014,#7037,.T.);
#7037 = SURFACE_CURVE('',#7038,(#7042,#7049),.PCURVE_S1.);
#7038 = LINE('',#7039,#7040);
#7039 = CARTESIAN_POINT('',(39.4400003,29.811541415175,
    1.000000047213E-07));
#7040 = VECTOR('',#7041,1.);
#7041 = DIRECTION('',(0.,0.,1.));
#7042 = PCURVE('',#6892,#7043);
#7043 = DEFINITIONAL_REPRESENTATION('',(#7044),#7048);
#7044 = LINE('',#7045,#7046);
#7045 = CARTESIAN_POINT('',(0.,17.72));
#7046 = VECTOR('',#7047,1.);
#7047 = DIRECTION('',(1.,0.));
#7048 = ( GEOMETRIC_REPRESENTATION_CONTEXT(2) 
PARAMETRIC_REPRESENTATION_CONTEXT() REPRESENTATION_CONTEXT('2D SPACE',''
  ) );
#7049 = PCURVE('',#7050,#7055);
#7050 = PLANE('',#7051);
#7051 = AXIS2_PLACEMENT_3D('',#7052,#7053,#7054);
#7052 = CARTESIAN_POINT('',(39.4400003,29.811541415175,
    1.000000047213E-07));
#7053 = DIRECTION('',(1.,0.,0.));
#7054 = DIRECTION('',(0.,0.,1.));
#7055 = DEFINITIONAL_REPRESENTATION('',(#7056),#7060);
#7056 = LINE('',#7057,#7058);
#7057 = CARTESIAN_POINT('',(0.,0.));
#7058 = VECTOR('',#7059,1.);
#7059 = DIRECTION('',(1.,0.));
#7060 = ( GEOMETRIC_REPRESENTATION_CONTEXT(2) 
PARAMETRIC_REPRESENTATION_CONTEXT() REPRESENTATION_CONTEXT('2D SPACE',''
  ) );
#7061 = ADVANCED_FACE('',(#7062,#7110),#6974,.T.);
#7062 = FACE_BOUND('',#7063,.T.);
#7063 = EDGE_LOOP('',(#7064,#7065,#7066,#7089));
#7064 = ORIENTED_EDGE('',*,*,#6960,.F.);
#7065 = ORIENTED_EDGE('',*,*,#7013,.T.);
#7066 = ORIENTED_EDGE('',*,*,#7067,.T.);
#7067 = EDGE_CURVE('',#7014,#7068,#7070,.T.);
#7068 = VERTEX_POINT('',#7069);
#7069 = CARTESIAN_POINT('',(39.4400003,47.531541415175,0.4800001));
#7070 = SURFACE_CURVE('',#7071,(#7075,#7082),.PCURVE_S1.);
#7071 = LINE('',#7072,#7073);
#7072 = CARTESIAN_POINT('',(39.4400003,29.811541415175,0.4800001));
#7073 = VECTOR('',#7074,1.);
#7074 = DIRECTION('',(0.,1.,0.));
#7075 = PCURVE('',#6974,#7076);
#7076 = DEFINITIONAL_REPRESENTATION('',(#7077),#7081);
#7077 = LINE('',#7078,#7079);
#7078 = CARTESIAN_POINT('',(17.72,0.));
#7079 = VECTOR('',#7080,1.);
#7080 = DIRECTION('',(0.,1.));
#7081 = ( GEOMETRIC_REPRESENTATION_CONTEXT(2) 
PARAMETRIC_REPRESENTATION_CONTEXT() REPRESENTATION_CONTEXT('2D SPACE',''
  ) );
#7082 = PCURVE('',#7050,#7083);
#7083 = DEFINITIONAL_REPRESENTATION('',(#7084),#7088);
#7084 = LINE('',#7085,#7086);
#7085 = CARTESIAN_POINT('',(0.48,0.));
#7086 = VECTOR('',#7087,1.);
#7087 = DIRECTION('',(0.,-1.));
#7088 = ( GEOMETRIC_REPRESENTATION_CONTEXT(2) 
PARAMETRIC_REPRESENTATION_CONTEXT() REPRESENTATION_CONTEXT('2D SPACE',''
  ) );
#7089 = ORIENTED_EDGE('',*,*,#7090,.F.);
#7090 = EDGE_CURVE('',#6933,#7068,#7091,.T.);
#7091 = SURFACE_CURVE('',#7092,(#7096,#7103),.PCURVE_S1.);
#7092 = LINE('',#7093,#7094);
#7093 = CARTESIAN_POINT('',(21.7200003,47.531541415175,0.4800001));
#7094 = VECTOR('',#7095,1.);
#7095 = DIRECTION('',(1.,0.,0.));
#7096 = PCURVE('',#6974,#7097);
#7097 = DEFINITIONAL_REPRESENTATION('',(#7098),#7102);
#7098 = LINE('',#7099,#7100);
#7099 = CARTESIAN_POINT('',(0.,17.72));
#7100 = VECTOR('',#7101,1.);
#7101 = DIRECTION('',(1.,0.));
#7102 = ( GEOMETRIC_REPRESENTATION_CONTEXT(2) 
PARAMETRIC_REPRESENTATION_CONTEXT() REPRESENTATION_CONTEXT('2D SPACE',''
  ) );
#7103 = PCURVE('',#6948,#7104);
#7104 = DEFINITIONAL_REPRESENTATION('',(#7105),#7109);
#7105 = LINE('',#7106,#7107);
#7106 = CARTESIAN_POINT('',(0.48,0.));
#7107 = VECTOR('',#7108,1.);
#7108 = DIRECTION('',(0.,1.));
#7109 = ( GEOMETRIC_REPRESENTATION_CONTEXT(2) 
PARAMETRIC_REPRESENTATION_CONTEXT() REPRESENTATION_CONTEXT('2D SPACE',''
  ) );
#7110 = FACE_BOUND('',#7111,.T.);
#7111 = EDGE_LOOP('',(#7112,#7142,#7170,#7198));
#7112 = ORIENTED_EDGE('',*,*,#7113,.T.);
#7113 = EDGE_CURVE('',#7114,#7116,#7118,.T.);
#7114 = VERTEX_POINT('',#7115);
#7115 = CARTESIAN_POINT('',(38.9550003,30.296541415175,0.4800001));
#7116 = VERTEX_POINT('',#7117);
#7117 = CARTESIAN_POINT('',(22.2050003,30.296541415175,0.4800001));
#7118 = SURFACE_CURVE('',#7119,(#7123,#7130),.PCURVE_S1.);
#7119 = LINE('',#7120,#7121);
#7120 = CARTESIAN_POINT('',(21.9625003,30.296541415175,0.4800001));
#7121 = VECTOR('',#7122,1.);
#7122 = DIRECTION('',(-1.,0.,0.));
#7123 = PCURVE('',#6974,#7124);
#7124 = DEFINITIONAL_REPRESENTATION('',(#7125),#7129);
#7125 = LINE('',#7126,#7127);
#7126 = CARTESIAN_POINT('',(0.2425,0.485));
#7127 = VECTOR('',#7128,1.);
#7128 = DIRECTION('',(-1.,0.));
#7129 = ( GEOMETRIC_REPRESENTATION_CONTEXT(2) 
PARAMETRIC_REPRESENTATION_CONTEXT() REPRESENTATION_CONTEXT('2D SPACE',''
  ) );
#7130 = PCURVE('',#7131,#7136);
#7131 = PLANE('',#7132);
#7132 = AXIS2_PLACEMENT_3D('',#7133,#7134,#7135);
#7133 = CARTESIAN_POINT('',(22.2050003,30.296541415175,
    -9.999989999999E-02));
#7134 = DIRECTION('',(0.,1.,0.));
#7135 = DIRECTION('',(0.,0.,1.));
#7136 = DEFINITIONAL_REPRESENTATION('',(#7137),#7141);
#7137 = LINE('',#7138,#7139);
#7138 = CARTESIAN_POINT('',(0.58,-0.2425));
#7139 = VECTOR('',#7140,1.);
#7140 = DIRECTION('',(0.,-1.));
#7141 = ( GEOMETRIC_REPRESENTATION_CONTEXT(2) 
PARAMETRIC_REPRESENTATION_CONTEXT() REPRESENTATION_CONTEXT('2D SPACE',''
  ) );
#7142 = ORIENTED_EDGE('',*,*,#7143,.T.);
#7143 = EDGE_CURVE('',#7116,#7144,#7146,.T.);
#7144 = VERTEX_POINT('',#7145);
#7145 = CARTESIAN_POINT('',(22.2050003,47.046541415175,0.4800001));
#7146 = SURFACE_CURVE('',#7147,(#7151,#7158),.PCURVE_S1.);
#7147 = LINE('',#7148,#7149);
#7148 = CARTESIAN_POINT('',(22.2050003,30.054041415175,0.4800001));
#7149 = VECTOR('',#7150,1.);
#7150 = DIRECTION('',(0.,1.,0.));
#7151 = PCURVE('',#6974,#7152);
#7152 = DEFINITIONAL_REPRESENTATION('',(#7153),#7157);
#7153 = LINE('',#7154,#7155);
#7154 = CARTESIAN_POINT('',(0.485,0.2425));
#7155 = VECTOR('',#7156,1.);
#7156 = DIRECTION('',(0.,1.));
#7157 = ( GEOMETRIC_REPRESENTATION_CONTEXT(2) 
PARAMETRIC_REPRESENTATION_CONTEXT() REPRESENTATION_CONTEXT('2D SPACE',''
  ) );
#7158 = PCURVE('',#7159,#7164);
#7159 = PLANE('',#7160);
#7160 = AXIS2_PLACEMENT_3D('',#7161,#7162,#7163);
#7161 = CARTESIAN_POINT('',(22.2050003,30.296541415175,
    -9.999989999999E-02));
#7162 = DIRECTION('',(1.,0.,0.));
#7163 = DIRECTION('',(0.,0.,1.));
#7164 = DEFINITIONAL_REPRESENTATION('',(#7165),#7169);
#7165 = LINE('',#7166,#7167);
#7166 = CARTESIAN_POINT('',(0.58,0.2425));
#7167 = VECTOR('',#7168,1.);
#7168 = DIRECTION('',(0.,-1.));
#7169 = ( GEOMETRIC_REPRESENTATION_CONTEXT(2) 
PARAMETRIC_REPRESENTATION_CONTEXT() REPRESENTATION_CONTEXT('2D SPACE',''
  ) );
#7170 = ORIENTED_EDGE('',*,*,#7171,.F.);
#7171 = EDGE_CURVE('',#7172,#7144,#7174,.T.);
#7172 = VERTEX_POINT('',#7173);
#7173 = CARTESIAN_POINT('',(38.9550003,47.046541415175,0.4800001));
#7174 = SURFACE_CURVE('',#7175,(#7179,#7186),.PCURVE_S1.);
#7175 = LINE('',#7176,#7177);
#7176 = CARTESIAN_POINT('',(21.9625003,47.046541415175,0.4800001));
#7177 = VECTOR('',#7178,1.);
#7178 = DIRECTION('',(-1.,0.,0.));
#7179 = PCURVE('',#6974,#7180);
#7180 = DEFINITIONAL_REPRESENTATION('',(#7181),#7185);
#7181 = LINE('',#7182,#7183);
#7182 = CARTESIAN_POINT('',(0.2425,17.235));
#7183 = VECTOR('',#7184,1.);
#7184 = DIRECTION('',(-1.,0.));
#7185 = ( GEOMETRIC_REPRESENTATION_CONTEXT(2) 
PARAMETRIC_REPRESENTATION_CONTEXT() REPRESENTATION_CONTEXT('2D SPACE',''
  ) );
#7186 = PCURVE('',#7187,#7192);
#7187 = PLANE('',#7188);
#7188 = AXIS2_PLACEMENT_3D('',#7189,#7190,#7191);
#7189 = CARTESIAN_POINT('',(22.2050003,47.046541415175,
    -9.999989999999E-02));
#7190 = DIRECTION('',(0.,1.,0.));
#7191 = DIRECTION('',(0.,0.,1.));
#7192 = DEFINITIONAL_REPRESENTATION('',(#7193),#7197);
#7193 = LINE('',#7194,#7195);
#7194 = CARTESIAN_POINT('',(0.58,-0.2425));
#7195 = VECTOR('',#7196,1.);
#7196 = DIRECTION('',(0.,-1.));
#7197 = ( GEOMETRIC_REPRESENTATION_CONTEXT(2) 
PARAMETRIC_REPRESENTATION_CONTEXT() REPRESENTATION_CONTEXT('2D SPACE',''
  ) );
#7198 = ORIENTED_EDGE('',*,*,#7199,.F.);
#7199 = EDGE_CURVE('',#7114,#7172,#7200,.T.);
#7200 = SURFACE_CURVE('',#7201,(#7205,#7212),.PCURVE_S1.);
#7201 = LINE('',#7202,#7203);
#7202 = CARTESIAN_POINT('',(38.9550003,30.054041415175,0.4800001));
#7203 = VECTOR('',#7204,1.);
#7204 = DIRECTION('',(0.,1.,0.));
#7205 = PCURVE('',#6974,#7206);
#7206 = DEFINITIONAL_REPRESENTATION('',(#7207),#7211);
#7207 = LINE('',#7208,#7209);
#7208 = CARTESIAN_POINT('',(17.235,0.2425));
#7209 = VECTOR('',#7210,1.);
#7210 = DIRECTION('',(0.,1.));
#7211 = ( GEOMETRIC_REPRESENTATION_CONTEXT(2) 
PARAMETRIC_REPRESENTATION_CONTEXT() REPRESENTATION_CONTEXT('2D SPACE',''
  ) );
#7212 = PCURVE('',#7213,#7218);
#7213 = PLANE('',#7214);
#7214 = AXIS2_PLACEMENT_3D('',#7215,#7216,#7217);
#7215 = CARTESIAN_POINT('',(38.9550003,30.296541415175,
    -9.999989999999E-02));
#7216 = DIRECTION('',(1.,0.,0.));
#7217 = DIRECTION('',(0.,0.,1.));
#7218 = DEFINITIONAL_REPRESENTATION('',(#7219),#7223);
#7219 = LINE('',#7220,#7221);
#7220 = CARTESIAN_POINT('',(0.58,0.2425));
#7221 = VECTOR('',#7222,1.);
#7222 = DIRECTION('',(0.,-1.));
#7223 = ( GEOMETRIC_REPRESENTATION_CONTEXT(2) 
PARAMETRIC_REPRESENTATION_CONTEXT() REPRESENTATION_CONTEXT('2D SPACE',''
  ) );
#7224 = ADVANCED_FACE('',(#7225),#6948,.T.);
#7225 = FACE_BOUND('',#7226,.T.);
#7226 = EDGE_LOOP('',(#7227,#7250,#7251,#7252));
#7227 = ORIENTED_EDGE('',*,*,#7228,.F.);
#7228 = EDGE_CURVE('',#6905,#7229,#7231,.T.);
#7229 = VERTEX_POINT('',#7230);
#7230 = CARTESIAN_POINT('',(39.4400003,47.531541415175,
    1.000000047213E-07));
#7231 = SURFACE_CURVE('',#7232,(#7236,#7243),.PCURVE_S1.);
#7232 = LINE('',#7233,#7234);
#7233 = CARTESIAN_POINT('',(21.7200003,47.531541415175,
    1.000000047213E-07));
#7234 = VECTOR('',#7235,1.);
#7235 = DIRECTION('',(1.,0.,0.));
#7236 = PCURVE('',#6948,#7237);
#7237 = DEFINITIONAL_REPRESENTATION('',(#7238),#7242);
#7238 = LINE('',#7239,#7240);
#7239 = CARTESIAN_POINT('',(0.,0.));
#7240 = VECTOR('',#7241,1.);
#7241 = DIRECTION('',(0.,1.));
#7242 = ( GEOMETRIC_REPRESENTATION_CONTEXT(2) 
PARAMETRIC_REPRESENTATION_CONTEXT() REPRESENTATION_CONTEXT('2D SPACE',''
  ) );
#7243 = PCURVE('',#6920,#7244);
#7244 = DEFINITIONAL_REPRESENTATION('',(#7245),#7249);
#7245 = LINE('',#7246,#7247);
#7246 = CARTESIAN_POINT('',(0.,17.72));
#7247 = VECTOR('',#7248,1.);
#7248 = DIRECTION('',(1.,0.));
#7249 = ( GEOMETRIC_REPRESENTATION_CONTEXT(2) 
PARAMETRIC_REPRESENTATION_CONTEXT() REPRESENTATION_CONTEXT('2D SPACE',''
  ) );
#7250 = ORIENTED_EDGE('',*,*,#6932,.T.);
#7251 = ORIENTED_EDGE('',*,*,#7090,.T.);
#7252 = ORIENTED_EDGE('',*,*,#7253,.F.);
#7253 = EDGE_CURVE('',#7229,#7068,#7254,.T.);
#7254 = SURFACE_CURVE('',#7255,(#7259,#7266),.PCURVE_S1.);
#7255 = LINE('',#7256,#7257);
#7256 = CARTESIAN_POINT('',(39.4400003,47.531541415175,
    1.000000047213E-07));
#7257 = VECTOR('',#7258,1.);
#7258 = DIRECTION('',(0.,0.,1.));
#7259 = PCURVE('',#6948,#7260);
#7260 = DEFINITIONAL_REPRESENTATION('',(#7261),#7265);
#7261 = LINE('',#7262,#7263);
#7262 = CARTESIAN_POINT('',(0.,17.72));
#7263 = VECTOR('',#7264,1.);
#7264 = DIRECTION('',(1.,0.));
#7265 = ( GEOMETRIC_REPRESENTATION_CONTEXT(2) 
PARAMETRIC_REPRESENTATION_CONTEXT() REPRESENTATION_CONTEXT('2D SPACE',''
  ) );
#7266 = PCURVE('',#7050,#7267);
#7267 = DEFINITIONAL_REPRESENTATION('',(#7268),#7272);
#7268 = LINE('',#7269,#7270);
#7269 = CARTESIAN_POINT('',(0.,-17.72));
#7270 = VECTOR('',#7271,1.);
#7271 = DIRECTION('',(1.,0.));
#7272 = ( GEOMETRIC_REPRESENTATION_CONTEXT(2) 
PARAMETRIC_REPRESENTATION_CONTEXT() REPRESENTATION_CONTEXT('2D SPACE',''
  ) );
#7273 = ADVANCED_FACE('',(#7274,#7300),#6920,.F.);
#7274 = FACE_BOUND('',#7275,.F.);
#7275 = EDGE_LOOP('',(#7276,#7277,#7278,#7299));
#7276 = ORIENTED_EDGE('',*,*,#6904,.F.);
#7277 = ORIENTED_EDGE('',*,*,#6989,.T.);
#7278 = ORIENTED_EDGE('',*,*,#7279,.T.);
#7279 = EDGE_CURVE('',#6990,#7229,#7280,.T.);
#7280 = SURFACE_CURVE('',#7281,(#7285,#7292),.PCURVE_S1.);
#7281 = LINE('',#7282,#7283);
#7282 = CARTESIAN_POINT('',(39.4400003,29.811541415175,
    1.000000047213E-07));
#7283 = VECTOR('',#7284,1.);
#7284 = DIRECTION('',(0.,1.,0.));
#7285 = PCURVE('',#6920,#7286);
#7286 = DEFINITIONAL_REPRESENTATION('',(#7287),#7291);
#7287 = LINE('',#7288,#7289);
#7288 = CARTESIAN_POINT('',(17.72,0.));
#7289 = VECTOR('',#7290,1.);
#7290 = DIRECTION('',(0.,1.));
#7291 = ( GEOMETRIC_REPRESENTATION_CONTEXT(2) 
PARAMETRIC_REPRESENTATION_CONTEXT() REPRESENTATION_CONTEXT('2D SPACE',''
  ) );
#7292 = PCURVE('',#7050,#7293);
#7293 = DEFINITIONAL_REPRESENTATION('',(#7294),#7298);
#7294 = LINE('',#7295,#7296);
#7295 = CARTESIAN_POINT('',(0.,0.));
#7296 = VECTOR('',#7297,1.);
#7297 = DIRECTION('',(0.,-1.));
#7298 = ( GEOMETRIC_REPRESENTATION_CONTEXT(2) 
PARAMETRIC_REPRESENTATION_CONTEXT() REPRESENTATION_CONTEXT('2D SPACE',''
  ) );
#7299 = ORIENTED_EDGE('',*,*,#7228,.F.);
#7300 = FACE_BOUND('',#7301,.F.);
#7301 = EDGE_LOOP('',(#7302,#7327,#7350,#7373));
#7302 = ORIENTED_EDGE('',*,*,#7303,.T.);
#7303 = EDGE_CURVE('',#7304,#7306,#7308,.T.);
#7304 = VERTEX_POINT('',#7305);
#7305 = CARTESIAN_POINT('',(38.9550003,30.296541415175,
    1.000000047213E-07));
#7306 = VERTEX_POINT('',#7307);
#7307 = CARTESIAN_POINT('',(22.2050003,30.296541415175,
    1.000000047213E-07));
#7308 = SURFACE_CURVE('',#7309,(#7313,#7320),.PCURVE_S1.);
#7309 = LINE('',#7310,#7311);
#7310 = CARTESIAN_POINT('',(21.9625003,30.296541415175,
    1.000000047213E-07));
#7311 = VECTOR('',#7312,1.);
#7312 = DIRECTION('',(-1.,0.,0.));
#7313 = PCURVE('',#6920,#7314);
#7314 = DEFINITIONAL_REPRESENTATION('',(#7315),#7319);
#7315 = LINE('',#7316,#7317);
#7316 = CARTESIAN_POINT('',(0.2425,0.485));
#7317 = VECTOR('',#7318,1.);
#7318 = DIRECTION('',(-1.,0.));
#7319 = ( GEOMETRIC_REPRESENTATION_CONTEXT(2) 
PARAMETRIC_REPRESENTATION_CONTEXT() REPRESENTATION_CONTEXT('2D SPACE',''
  ) );
#7320 = PCURVE('',#7131,#7321);
#7321 = DEFINITIONAL_REPRESENTATION('',(#7322),#7326);
#7322 = LINE('',#7323,#7324);
#7323 = CARTESIAN_POINT('',(1.E-01,-0.2425));
#7324 = VECTOR('',#7325,1.);
#7325 = DIRECTION('',(0.,-1.));
#7326 = ( GEOMETRIC_REPRESENTATION_CONTEXT(2) 
PARAMETRIC_REPRESENTATION_CONTEXT() REPRESENTATION_CONTEXT('2D SPACE',''
  ) );
#7327 = ORIENTED_EDGE('',*,*,#7328,.T.);
#7328 = EDGE_CURVE('',#7306,#7329,#7331,.T.);
#7329 = VERTEX_POINT('',#7330);
#7330 = CARTESIAN_POINT('',(22.2050003,47.046541415175,
    1.000000047213E-07));
#7331 = SURFACE_CURVE('',#7332,(#7336,#7343),.PCURVE_S1.);
#7332 = LINE('',#7333,#7334);
#7333 = CARTESIAN_POINT('',(22.2050003,30.054041415175,
    1.000000047213E-07));
#7334 = VECTOR('',#7335,1.);
#7335 = DIRECTION('',(0.,1.,0.));
#7336 = PCURVE('',#6920,#7337);
#7337 = DEFINITIONAL_REPRESENTATION('',(#7338),#7342);
#7338 = LINE('',#7339,#7340);
#7339 = CARTESIAN_POINT('',(0.485,0.2425));
#7340 = VECTOR('',#7341,1.);
#7341 = DIRECTION('',(0.,1.));
#7342 = ( GEOMETRIC_REPRESENTATION_CONTEXT(2) 
PARAMETRIC_REPRESENTATION_CONTEXT() REPRESENTATION_CONTEXT('2D SPACE',''
  ) );
#7343 = PCURVE('',#7159,#7344);
#7344 = DEFINITIONAL_REPRESENTATION('',(#7345),#7349);
#7345 = LINE('',#7346,#7347);
#7346 = CARTESIAN_POINT('',(1.E-01,0.2425));
#7347 = VECTOR('',#7348,1.);
#7348 = DIRECTION('',(0.,-1.));
#7349 = ( GEOMETRIC_REPRESENTATION_CONTEXT(2) 
PARAMETRIC_REPRESENTATION_CONTEXT() REPRESENTATION_CONTEXT('2D SPACE',''
  ) );
#7350 = ORIENTED_EDGE('',*,*,#7351,.F.);
#7351 = EDGE_CURVE('',#7352,#7329,#7354,.T.);
#7352 = VERTEX_POINT('',#7353);
#7353 = CARTESIAN_POINT('',(38.9550003,47.046541415175,
    1.000000047213E-07));
#7354 = SURFACE_CURVE('',#7355,(#7359,#7366),.PCURVE_S1.);
#7355 = LINE('',#7356,#7357);
#7356 = CARTESIAN_POINT('',(21.9625003,47.046541415175,
    1.000000047213E-07));
#7357 = VECTOR('',#7358,1.);
#7358 = DIRECTION('',(-1.,0.,0.));
#7359 = PCURVE('',#6920,#7360);
#7360 = DEFINITIONAL_REPRESENTATION('',(#7361),#7365);
#7361 = LINE('',#7362,#7363);
#7362 = CARTESIAN_POINT('',(0.2425,17.235));
#7363 = VECTOR('',#7364,1.);
#7364 = DIRECTION('',(-1.,0.));
#7365 = ( GEOMETRIC_REPRESENTATION_CONTEXT(2) 
PARAMETRIC_REPRESENTATION_CONTEXT() REPRESENTATION_CONTEXT('2D SPACE',''
  ) );
#7366 = PCURVE('',#7187,#7367);
#7367 = DEFINITIONAL_REPRESENTATION('',(#7368),#7372);
#7368 = LINE('',#7369,#7370);
#7369 = CARTESIAN_POINT('',(1.E-01,-0.2425));
#7370 = VECTOR('',#7371,1.);
#7371 = DIRECTION('',(0.,-1.));
#7372 = ( GEOMETRIC_REPRESENTATION_CONTEXT(2) 
PARAMETRIC_REPRESENTATION_CONTEXT() REPRESENTATION_CONTEXT('2D SPACE',''
  ) );
#7373 = ORIENTED_EDGE('',*,*,#7374,.F.);
#7374 = EDGE_CURVE('',#7304,#7352,#7375,.T.);
#7375 = SURFACE_CURVE('',#7376,(#7380,#7387),.PCURVE_S1.);
#7376 = LINE('',#7377,#7378);
#7377 = CARTESIAN_POINT('',(38.9550003,30.054041415175,
    1.000000047213E-07));
#7378 = VECTOR('',#7379,1.);
#7379 = DIRECTION('',(0.,1.,0.));
#7380 = PCURVE('',#6920,#7381);
#7381 = DEFINITIONAL_REPRESENTATION('',(#7382),#7386);
#7382 = LINE('',#7383,#7384);
#7383 = CARTESIAN_POINT('',(17.235,0.2425));
#7384 = VECTOR('',#7385,1.);
#7385 = DIRECTION('',(0.,1.));
#7386 = ( GEOMETRIC_REPRESENTATION_CONTEXT(2) 
PARAMETRIC_REPRESENTATION_CONTEXT() REPRESENTATION_CONTEXT('2D SPACE',''
  ) );
#7387 = PCURVE('',#7213,#7388);
#7388 = DEFINITIONAL_REPRESENTATION('',(#7389),#7393);
#7389 = LINE('',#7390,#7391);
#7390 = CARTESIAN_POINT('',(1.E-01,0.2425));
#7391 = VECTOR('',#7392,1.);
#7392 = DIRECTION('',(0.,-1.));
#7393 = ( GEOMETRIC_REPRESENTATION_CONTEXT(2) 
PARAMETRIC_REPRESENTATION_CONTEXT() REPRESENTATION_CONTEXT('2D SPACE',''
  ) );
#7394 = ADVANCED_FACE('',(#7395),#7050,.T.);
#7395 = FACE_BOUND('',#7396,.T.);
#7396 = EDGE_LOOP('',(#7397,#7398,#7399,#7400));
#7397 = ORIENTED_EDGE('',*,*,#7036,.F.);
#7398 = ORIENTED_EDGE('',*,*,#7279,.T.);
#7399 = ORIENTED_EDGE('',*,*,#7253,.T.);
#7400 = ORIENTED_EDGE('',*,*,#7067,.F.);
#7401 = ADVANCED_FACE('',(#7402),#7131,.T.);
#7402 = FACE_BOUND('',#7403,.T.);
#7403 = EDGE_LOOP('',(#7404,#7425,#7426,#7447));
#7404 = ORIENTED_EDGE('',*,*,#7405,.F.);
#7405 = EDGE_CURVE('',#7304,#7114,#7406,.T.);
#7406 = SURFACE_CURVE('',#7407,(#7411,#7418),.PCURVE_S1.);
#7407 = LINE('',#7408,#7409);
#7408 = CARTESIAN_POINT('',(38.9550003,30.296541415175,
    -9.999989999999E-02));
#7409 = VECTOR('',#7410,1.);
#7410 = DIRECTION('',(0.,0.,1.));
#7411 = PCURVE('',#7131,#7412);
#7412 = DEFINITIONAL_REPRESENTATION('',(#7413),#7417);
#7413 = LINE('',#7414,#7415);
#7414 = CARTESIAN_POINT('',(0.,16.75));
#7415 = VECTOR('',#7416,1.);
#7416 = DIRECTION('',(1.,0.));
#7417 = ( GEOMETRIC_REPRESENTATION_CONTEXT(2) 
PARAMETRIC_REPRESENTATION_CONTEXT() REPRESENTATION_CONTEXT('2D SPACE',''
  ) );
#7418 = PCURVE('',#7213,#7419);
#7419 = DEFINITIONAL_REPRESENTATION('',(#7420),#7424);
#7420 = LINE('',#7421,#7422);
#7421 = CARTESIAN_POINT('',(0.,0.));
#7422 = VECTOR('',#7423,1.);
#7423 = DIRECTION('',(1.,0.));
#7424 = ( GEOMETRIC_REPRESENTATION_CONTEXT(2) 
PARAMETRIC_REPRESENTATION_CONTEXT() REPRESENTATION_CONTEXT('2D SPACE',''
  ) );
#7425 = ORIENTED_EDGE('',*,*,#7303,.T.);
#7426 = ORIENTED_EDGE('',*,*,#7427,.T.);
#7427 = EDGE_CURVE('',#7306,#7116,#7428,.T.);
#7428 = SURFACE_CURVE('',#7429,(#7433,#7440),.PCURVE_S1.);
#7429 = LINE('',#7430,#7431);
#7430 = CARTESIAN_POINT('',(22.2050003,30.296541415175,
    -9.999989999999E-02));
#7431 = VECTOR('',#7432,1.);
#7432 = DIRECTION('',(0.,0.,1.));
#7433 = PCURVE('',#7131,#7434);
#7434 = DEFINITIONAL_REPRESENTATION('',(#7435),#7439);
#7435 = LINE('',#7436,#7437);
#7436 = CARTESIAN_POINT('',(0.,0.));
#7437 = VECTOR('',#7438,1.);
#7438 = DIRECTION('',(1.,0.));
#7439 = ( GEOMETRIC_REPRESENTATION_CONTEXT(2) 
PARAMETRIC_REPRESENTATION_CONTEXT() REPRESENTATION_CONTEXT('2D SPACE',''
  ) );
#7440 = PCURVE('',#7159,#7441);
#7441 = DEFINITIONAL_REPRESENTATION('',(#7442),#7446);
#7442 = LINE('',#7443,#7444);
#7443 = CARTESIAN_POINT('',(0.,0.));
#7444 = VECTOR('',#7445,1.);
#7445 = DIRECTION('',(1.,0.));
#7446 = ( GEOMETRIC_REPRESENTATION_CONTEXT(2) 
PARAMETRIC_REPRESENTATION_CONTEXT() REPRESENTATION_CONTEXT('2D SPACE',''
  ) );
#7447 = ORIENTED_EDGE('',*,*,#7113,.F.);
#7448 = ADVANCED_FACE('',(#7449),#7213,.F.);
#7449 = FACE_BOUND('',#7450,.F.);
#7450 = EDGE_LOOP('',(#7451,#7452,#7453,#7474));
#7451 = ORIENTED_EDGE('',*,*,#7405,.F.);
#7452 = ORIENTED_EDGE('',*,*,#7374,.T.);
#7453 = ORIENTED_EDGE('',*,*,#7454,.T.);
#7454 = EDGE_CURVE('',#7352,#7172,#7455,.T.);
#7455 = SURFACE_CURVE('',#7456,(#7460,#7467),.PCURVE_S1.);
#7456 = LINE('',#7457,#7458);
#7457 = CARTESIAN_POINT('',(38.9550003,47.046541415175,
    -9.999989999999E-02));
#7458 = VECTOR('',#7459,1.);
#7459 = DIRECTION('',(0.,0.,1.));
#7460 = PCURVE('',#7213,#7461);
#7461 = DEFINITIONAL_REPRESENTATION('',(#7462),#7466);
#7462 = LINE('',#7463,#7464);
#7463 = CARTESIAN_POINT('',(0.,-16.75));
#7464 = VECTOR('',#7465,1.);
#7465 = DIRECTION('',(1.,0.));
#7466 = ( GEOMETRIC_REPRESENTATION_CONTEXT(2) 
PARAMETRIC_REPRESENTATION_CONTEXT() REPRESENTATION_CONTEXT('2D SPACE',''
  ) );
#7467 = PCURVE('',#7187,#7468);
#7468 = DEFINITIONAL_REPRESENTATION('',(#7469),#7473);
#7469 = LINE('',#7470,#7471);
#7470 = CARTESIAN_POINT('',(0.,16.75));
#7471 = VECTOR('',#7472,1.);
#7472 = DIRECTION('',(1.,0.));
#7473 = ( GEOMETRIC_REPRESENTATION_CONTEXT(2) 
PARAMETRIC_REPRESENTATION_CONTEXT() REPRESENTATION_CONTEXT('2D SPACE',''
  ) );
#7474 = ORIENTED_EDGE('',*,*,#7199,.F.);
#7475 = ADVANCED_FACE('',(#7476),#7187,.F.);
#7476 = FACE_BOUND('',#7477,.F.);
#7477 = EDGE_LOOP('',(#7478,#7479,#7480,#7501));
#7478 = ORIENTED_EDGE('',*,*,#7454,.F.);
#7479 = ORIENTED_EDGE('',*,*,#7351,.T.);
#7480 = ORIENTED_EDGE('',*,*,#7481,.T.);
#7481 = EDGE_CURVE('',#7329,#7144,#7482,.T.);
#7482 = SURFACE_CURVE('',#7483,(#7487,#7494),.PCURVE_S1.);
#7483 = LINE('',#7484,#7485);
#7484 = CARTESIAN_POINT('',(22.2050003,47.046541415175,
    -9.999989999999E-02));
#7485 = VECTOR('',#7486,1.);
#7486 = DIRECTION('',(0.,0.,1.));
#7487 = PCURVE('',#7187,#7488);
#7488 = DEFINITIONAL_REPRESENTATION('',(#7489),#7493);
#7489 = LINE('',#7490,#7491);
#7490 = CARTESIAN_POINT('',(0.,0.));
#7491 = VECTOR('',#7492,1.);
#7492 = DIRECTION('',(1.,0.));
#7493 = ( GEOMETRIC_REPRESENTATION_CONTEXT(2) 
PARAMETRIC_REPRESENTATION_CONTEXT() REPRESENTATION_CONTEXT('2D SPACE',''
  ) );
#7494 = PCURVE('',#7159,#7495);
#7495 = DEFINITIONAL_REPRESENTATION('',(#7496),#7500);
#7496 = LINE('',#7497,#7498);
#7497 = CARTESIAN_POINT('',(0.,-16.75));
#7498 = VECTOR('',#7499,1.);
#7499 = DIRECTION('',(1.,0.));
#7500 = ( GEOMETRIC_REPRESENTATION_CONTEXT(2) 
PARAMETRIC_REPRESENTATION_CONTEXT() REPRESENTATION_CONTEXT('2D SPACE',''
  ) );
#7501 = ORIENTED_EDGE('',*,*,#7171,.F.);
#7502 = ADVANCED_FACE('',(#7503),#7159,.T.);
#7503 = FACE_BOUND('',#7504,.T.);
#7504 = EDGE_LOOP('',(#7505,#7506,#7507,#7508));
#7505 = ORIENTED_EDGE('',*,*,#7427,.F.);
#7506 = ORIENTED_EDGE('',*,*,#7328,.T.);
#7507 = ORIENTED_EDGE('',*,*,#7481,.T.);
#7508 = ORIENTED_EDGE('',*,*,#7143,.F.);
#7509 = ( GEOMETRIC_REPRESENTATION_CONTEXT(3) 
GLOBAL_UNCERTAINTY_ASSIGNED_CONTEXT((#7513)) 
GLOBAL_UNIT_ASSIGNED_CONTEXT((#7510,#7511,#7512)) REPRESENTATION_CONTEXT
('Context #1','3D Context with UNIT and UNCERTAINTY') );
#7510 = ( LENGTH_UNIT() NAMED_UNIT(*) SI_UNIT(.MILLI.,.METRE.) );
#7511 = ( NAMED_UNIT(*) PLANE_ANGLE_UNIT() SI_UNIT($,.RADIAN.) );
#7512 = ( NAMED_UNIT(*) SI_UNIT($,.STERADIAN.) SOLID_ANGLE_UNIT() );
#7513 = UNCERTAINTY_MEASURE_WITH_UNIT(LENGTH_MEASURE(1.E-07),#7510,
  'distance_accuracy_value','confusion accuracy');
#7514 = CONTEXT_DEPENDENT_SHAPE_REPRESENTATION(#7515,#7517);
#7515 = ( REPRESENTATION_RELATIONSHIP('','',#6862,#10) 
REPRESENTATION_RELATIONSHIP_WITH_TRANSFORMATION(#7516) 
SHAPE_REPRESENTATION_RELATIONSHIP() );
#7516 = ITEM_DEFINED_TRANSFORMATION('','',#11,#47);
#7517 = PRODUCT_DEFINITION_SHAPE('Placement','Placement of an item',
  #7518);
#7518 = NEXT_ASSEMBLY_USAGE_OCCURRENCE('259','','',#5,#6857,$);
#7519 = PRODUCT_RELATED_PRODUCT_CATEGORY('part',$,(#6859));
#7520 = SHAPE_DEFINITION_REPRESENTATION(#7521,#7527);
#7521 = PRODUCT_DEFINITION_SHAPE('','',#7522);
#7522 = PRODUCT_DEFINITION('design','',#7523,#7526);
#7523 = PRODUCT_DEFINITION_FORMATION('','',#7524);
#7524 = PRODUCT('Open CASCADE STEP translator 7.8 2.10',
  'Open CASCADE STEP translator 7.8 2.10','',(#7525));
#7525 = PRODUCT_CONTEXT('',#2,'mechanical');
#7526 = PRODUCT_DEFINITION_CONTEXT('part definition',#2,'design');
#7527 = ADVANCED_BREP_SHAPE_REPRESENTATION('',(#11,#7528),#8174);
#7528 = MANIFOLD_SOLID_BREP('',#7529);
#7529 = CLOSED_SHELL('',(#7530,#7650,#7726,#7889,#7938,#8059,#8066,#8113
    ,#8140,#8167));
#7530 = ADVANCED_FACE('',(#7531),#7545,.F.);
#7531 = FACE_BOUND('',#7532,.F.);
#7532 = EDGE_LOOP('',(#7533,#7568,#7596,#7624));
#7533 = ORIENTED_EDGE('',*,*,#7534,.F.);
#7534 = EDGE_CURVE('',#7535,#7537,#7539,.T.);
#7535 = VERTEX_POINT('',#7536);
#7536 = CARTESIAN_POINT('',(43.4400005,29.811541415175,
    1.000000038331E-07));
#7537 = VERTEX_POINT('',#7538);
#7538 = CARTESIAN_POINT('',(43.4400005,29.811541415175,0.4800001));
#7539 = SURFACE_CURVE('',#7540,(#7544,#7556),.PCURVE_S1.);
#7540 = LINE('',#7541,#7542);
#7541 = CARTESIAN_POINT('',(43.4400005,29.811541415175,
    1.000000038331E-07));
#7542 = VECTOR('',#7543,1.);
#7543 = DIRECTION('',(0.,0.,1.));
#7544 = PCURVE('',#7545,#7550);
#7545 = PLANE('',#7546);
#7546 = AXIS2_PLACEMENT_3D('',#7547,#7548,#7549);
#7547 = CARTESIAN_POINT('',(43.4400005,29.811541415175,
    1.000000038331E-07));
#7548 = DIRECTION('',(1.,0.,0.));
#7549 = DIRECTION('',(0.,0.,1.));
#7550 = DEFINITIONAL_REPRESENTATION('',(#7551),#7555);
#7551 = LINE('',#7552,#7553);
#7552 = CARTESIAN_POINT('',(0.,0.));
#7553 = VECTOR('',#7554,1.);
#7554 = DIRECTION('',(1.,0.));
#7555 = ( GEOMETRIC_REPRESENTATION_CONTEXT(2) 
PARAMETRIC_REPRESENTATION_CONTEXT() REPRESENTATION_CONTEXT('2D SPACE',''
  ) );
#7556 = PCURVE('',#7557,#7562);
#7557 = PLANE('',#7558);
#7558 = AXIS2_PLACEMENT_3D('',#7559,#7560,#7561);
#7559 = CARTESIAN_POINT('',(43.4400005,29.811541415175,
    1.000000038331E-07));
#7560 = DIRECTION('',(0.,1.,0.));
#7561 = DIRECTION('',(0.,0.,1.));
#7562 = DEFINITIONAL_REPRESENTATION('',(#7563),#7567);
#7563 = LINE('',#7564,#7565);
#7564 = CARTESIAN_POINT('',(0.,0.));
#7565 = VECTOR('',#7566,1.);
#7566 = DIRECTION('',(1.,0.));
#7567 = ( GEOMETRIC_REPRESENTATION_CONTEXT(2) 
PARAMETRIC_REPRESENTATION_CONTEXT() REPRESENTATION_CONTEXT('2D SPACE',''
  ) );
#7568 = ORIENTED_EDGE('',*,*,#7569,.T.);
#7569 = EDGE_CURVE('',#7535,#7570,#7572,.T.);
#7570 = VERTEX_POINT('',#7571);
#7571 = CARTESIAN_POINT('',(43.4400005,47.531541415175,
    1.000000038331E-07));
#7572 = SURFACE_CURVE('',#7573,(#7577,#7584),.PCURVE_S1.);
#7573 = LINE('',#7574,#7575);
#7574 = CARTESIAN_POINT('',(43.4400005,29.811541415175,
    1.000000038331E-07));
#7575 = VECTOR('',#7576,1.);
#7576 = DIRECTION('',(0.,1.,0.));
#7577 = PCURVE('',#7545,#7578);
#7578 = DEFINITIONAL_REPRESENTATION('',(#7579),#7583);
#7579 = LINE('',#7580,#7581);
#7580 = CARTESIAN_POINT('',(0.,0.));
#7581 = VECTOR('',#7582,1.);
#7582 = DIRECTION('',(0.,-1.));
#7583 = ( GEOMETRIC_REPRESENTATION_CONTEXT(2) 
PARAMETRIC_REPRESENTATION_CONTEXT() REPRESENTATION_CONTEXT('2D SPACE',''
  ) );
#7584 = PCURVE('',#7585,#7590);
#7585 = PLANE('',#7586);
#7586 = AXIS2_PLACEMENT_3D('',#7587,#7588,#7589);
#7587 = CARTESIAN_POINT('',(43.4400005,29.811541415175,
    1.000000038331E-07));
#7588 = DIRECTION('',(0.,0.,1.));
#7589 = DIRECTION('',(1.,0.,0.));
#7590 = DEFINITIONAL_REPRESENTATION('',(#7591),#7595);
#7591 = LINE('',#7592,#7593);
#7592 = CARTESIAN_POINT('',(0.,0.));
#7593 = VECTOR('',#7594,1.);
#7594 = DIRECTION('',(0.,1.));
#7595 = ( GEOMETRIC_REPRESENTATION_CONTEXT(2) 
PARAMETRIC_REPRESENTATION_CONTEXT() REPRESENTATION_CONTEXT('2D SPACE',''
  ) );
#7596 = ORIENTED_EDGE('',*,*,#7597,.T.);
#7597 = EDGE_CURVE('',#7570,#7598,#7600,.T.);
#7598 = VERTEX_POINT('',#7599);
#7599 = CARTESIAN_POINT('',(43.4400005,47.531541415175,0.4800001));
#7600 = SURFACE_CURVE('',#7601,(#7605,#7612),.PCURVE_S1.);
#7601 = LINE('',#7602,#7603);
#7602 = CARTESIAN_POINT('',(43.4400005,47.531541415175,
    1.000000038331E-07));
#7603 = VECTOR('',#7604,1.);
#7604 = DIRECTION('',(0.,0.,1.));
#7605 = PCURVE('',#7545,#7606);
#7606 = DEFINITIONAL_REPRESENTATION('',(#7607),#7611);
#7607 = LINE('',#7608,#7609);
#7608 = CARTESIAN_POINT('',(0.,-17.72));
#7609 = VECTOR('',#7610,1.);
#7610 = DIRECTION('',(1.,0.));
#7611 = ( GEOMETRIC_REPRESENTATION_CONTEXT(2) 
PARAMETRIC_REPRESENTATION_CONTEXT() REPRESENTATION_CONTEXT('2D SPACE',''
  ) );
#7612 = PCURVE('',#7613,#7618);
#7613 = PLANE('',#7614);
#7614 = AXIS2_PLACEMENT_3D('',#7615,#7616,#7617);
#7615 = CARTESIAN_POINT('',(43.4400005,47.531541415175,
    1.000000038331E-07));
#7616 = DIRECTION('',(0.,1.,0.));
#7617 = DIRECTION('',(0.,0.,1.));
#7618 = DEFINITIONAL_REPRESENTATION('',(#7619),#7623);
#7619 = LINE('',#7620,#7621);
#7620 = CARTESIAN_POINT('',(0.,0.));
#7621 = VECTOR('',#7622,1.);
#7622 = DIRECTION('',(1.,0.));
#7623 = ( GEOMETRIC_REPRESENTATION_CONTEXT(2) 
PARAMETRIC_REPRESENTATION_CONTEXT() REPRESENTATION_CONTEXT('2D SPACE',''
  ) );
#7624 = ORIENTED_EDGE('',*,*,#7625,.F.);
#7625 = EDGE_CURVE('',#7537,#7598,#7626,.T.);
#7626 = SURFACE_CURVE('',#7627,(#7631,#7638),.PCURVE_S1.);
#7627 = LINE('',#7628,#7629);
#7628 = CARTESIAN_POINT('',(43.4400005,29.811541415175,0.4800001));
#7629 = VECTOR('',#7630,1.);
#7630 = DIRECTION('',(0.,1.,0.));
#7631 = PCURVE('',#7545,#7632);
#7632 = DEFINITIONAL_REPRESENTATION('',(#7633),#7637);
#7633 = LINE('',#7634,#7635);
#7634 = CARTESIAN_POINT('',(0.48,0.));
#7635 = VECTOR('',#7636,1.);
#7636 = DIRECTION('',(0.,-1.));
#7637 = ( GEOMETRIC_REPRESENTATION_CONTEXT(2) 
PARAMETRIC_REPRESENTATION_CONTEXT() REPRESENTATION_CONTEXT('2D SPACE',''
  ) );
#7638 = PCURVE('',#7639,#7644);
#7639 = PLANE('',#7640);
#7640 = AXIS2_PLACEMENT_3D('',#7641,#7642,#7643);
#7641 = CARTESIAN_POINT('',(43.4400005,29.811541415175,0.4800001));
#7642 = DIRECTION('',(0.,0.,1.));
#7643 = DIRECTION('',(1.,0.,0.));
#7644 = DEFINITIONAL_REPRESENTATION('',(#7645),#7649);
#7645 = LINE('',#7646,#7647);
#7646 = CARTESIAN_POINT('',(0.,0.));
#7647 = VECTOR('',#7648,1.);
#7648 = DIRECTION('',(0.,1.));
#7649 = ( GEOMETRIC_REPRESENTATION_CONTEXT(2) 
PARAMETRIC_REPRESENTATION_CONTEXT() REPRESENTATION_CONTEXT('2D SPACE',''
  ) );
#7650 = ADVANCED_FACE('',(#7651),#7557,.F.);
#7651 = FACE_BOUND('',#7652,.F.);
#7652 = EDGE_LOOP('',(#7653,#7676,#7677,#7700));
#7653 = ORIENTED_EDGE('',*,*,#7654,.F.);
#7654 = EDGE_CURVE('',#7535,#7655,#7657,.T.);
#7655 = VERTEX_POINT('',#7656);
#7656 = CARTESIAN_POINT('',(61.1600005,29.811541415175,
    1.000000038331E-07));
#7657 = SURFACE_CURVE('',#7658,(#7662,#7669),.PCURVE_S1.);
#7658 = LINE('',#7659,#7660);
#7659 = CARTESIAN_POINT('',(43.4400005,29.811541415175,
    1.000000038331E-07));
#7660 = VECTOR('',#7661,1.);
#7661 = DIRECTION('',(1.,0.,0.));
#7662 = PCURVE('',#7557,#7663);
#7663 = DEFINITIONAL_REPRESENTATION('',(#7664),#7668);
#7664 = LINE('',#7665,#7666);
#7665 = CARTESIAN_POINT('',(0.,0.));
#7666 = VECTOR('',#7667,1.);
#7667 = DIRECTION('',(0.,1.));
#7668 = ( GEOMETRIC_REPRESENTATION_CONTEXT(2) 
PARAMETRIC_REPRESENTATION_CONTEXT() REPRESENTATION_CONTEXT('2D SPACE',''
  ) );
#7669 = PCURVE('',#7585,#7670);
#7670 = DEFINITIONAL_REPRESENTATION('',(#7671),#7675);
#7671 = LINE('',#7672,#7673);
#7672 = CARTESIAN_POINT('',(0.,0.));
#7673 = VECTOR('',#7674,1.);
#7674 = DIRECTION('',(1.,0.));
#7675 = ( GEOMETRIC_REPRESENTATION_CONTEXT(2) 
PARAMETRIC_REPRESENTATION_CONTEXT() REPRESENTATION_CONTEXT('2D SPACE',''
  ) );
#7676 = ORIENTED_EDGE('',*,*,#7534,.T.);
#7677 = ORIENTED_EDGE('',*,*,#7678,.T.);
#7678 = EDGE_CURVE('',#7537,#7679,#7681,.T.);
#7679 = VERTEX_POINT('',#7680);
#7680 = CARTESIAN_POINT('',(61.1600005,29.811541415175,0.4800001));
#7681 = SURFACE_CURVE('',#7682,(#7686,#7693),.PCURVE_S1.);
#7682 = LINE('',#7683,#7684);
#7683 = CARTESIAN_POINT('',(43.4400005,29.811541415175,0.4800001));
#7684 = VECTOR('',#7685,1.);
#7685 = DIRECTION('',(1.,0.,0.));
#7686 = PCURVE('',#7557,#7687);
#7687 = DEFINITIONAL_REPRESENTATION('',(#7688),#7692);
#7688 = LINE('',#7689,#7690);
#7689 = CARTESIAN_POINT('',(0.48,0.));
#7690 = VECTOR('',#7691,1.);
#7691 = DIRECTION('',(0.,1.));
#7692 = ( GEOMETRIC_REPRESENTATION_CONTEXT(2) 
PARAMETRIC_REPRESENTATION_CONTEXT() REPRESENTATION_CONTEXT('2D SPACE',''
  ) );
#7693 = PCURVE('',#7639,#7694);
#7694 = DEFINITIONAL_REPRESENTATION('',(#7695),#7699);
#7695 = LINE('',#7696,#7697);
#7696 = CARTESIAN_POINT('',(0.,0.));
#7697 = VECTOR('',#7698,1.);
#7698 = DIRECTION('',(1.,0.));
#7699 = ( GEOMETRIC_REPRESENTATION_CONTEXT(2) 
PARAMETRIC_REPRESENTATION_CONTEXT() REPRESENTATION_CONTEXT('2D SPACE',''
  ) );
#7700 = ORIENTED_EDGE('',*,*,#7701,.F.);
#7701 = EDGE_CURVE('',#7655,#7679,#7702,.T.);
#7702 = SURFACE_CURVE('',#7703,(#7707,#7714),.PCURVE_S1.);
#7703 = LINE('',#7704,#7705);
#7704 = CARTESIAN_POINT('',(61.1600005,29.811541415175,
    1.000000038331E-07));
#7705 = VECTOR('',#7706,1.);
#7706 = DIRECTION('',(0.,0.,1.));
#7707 = PCURVE('',#7557,#7708);
#7708 = DEFINITIONAL_REPRESENTATION('',(#7709),#7713);
#7709 = LINE('',#7710,#7711);
#7710 = CARTESIAN_POINT('',(0.,17.72));
#7711 = VECTOR('',#7712,1.);
#7712 = DIRECTION('',(1.,0.));
#7713 = ( GEOMETRIC_REPRESENTATION_CONTEXT(2) 
PARAMETRIC_REPRESENTATION_CONTEXT() REPRESENTATION_CONTEXT('2D SPACE',''
  ) );
#7714 = PCURVE('',#7715,#7720);
#7715 = PLANE('',#7716);
#7716 = AXIS2_PLACEMENT_3D('',#7717,#7718,#7719);
#7717 = CARTESIAN_POINT('',(61.1600005,29.811541415175,
    1.000000038331E-07));
#7718 = DIRECTION('',(1.,0.,0.));
#7719 = DIRECTION('',(0.,0.,1.));
#7720 = DEFINITIONAL_REPRESENTATION('',(#7721),#7725);
#7721 = LINE('',#7722,#7723);
#7722 = CARTESIAN_POINT('',(0.,0.));
#7723 = VECTOR('',#7724,1.);
#7724 = DIRECTION('',(1.,0.));
#7725 = ( GEOMETRIC_REPRESENTATION_CONTEXT(2) 
PARAMETRIC_REPRESENTATION_CONTEXT() REPRESENTATION_CONTEXT('2D SPACE',''
  ) );
#7726 = ADVANCED_FACE('',(#7727,#7775),#7639,.T.);
#7727 = FACE_BOUND('',#7728,.T.);
#7728 = EDGE_LOOP('',(#7729,#7730,#7731,#7754));
#7729 = ORIENTED_EDGE('',*,*,#7625,.F.);
#7730 = ORIENTED_EDGE('',*,*,#7678,.T.);
#7731 = ORIENTED_EDGE('',*,*,#7732,.T.);
#7732 = EDGE_CURVE('',#7679,#7733,#7735,.T.);
#7733 = VERTEX_POINT('',#7734);
#7734 = CARTESIAN_POINT('',(61.1600005,47.531541415175,0.4800001));
#7735 = SURFACE_CURVE('',#7736,(#7740,#7747),.PCURVE_S1.);
#7736 = LINE('',#7737,#7738);
#7737 = CARTESIAN_POINT('',(61.1600005,29.811541415175,0.4800001));
#7738 = VECTOR('',#7739,1.);
#7739 = DIRECTION('',(0.,1.,0.));
#7740 = PCURVE('',#7639,#7741);
#7741 = DEFINITIONAL_REPRESENTATION('',(#7742),#7746);
#7742 = LINE('',#7743,#7744);
#7743 = CARTESIAN_POINT('',(17.72,0.));
#7744 = VECTOR('',#7745,1.);
#7745 = DIRECTION('',(0.,1.));
#7746 = ( GEOMETRIC_REPRESENTATION_CONTEXT(2) 
PARAMETRIC_REPRESENTATION_CONTEXT() REPRESENTATION_CONTEXT('2D SPACE',''
  ) );
#7747 = PCURVE('',#7715,#7748);
#7748 = DEFINITIONAL_REPRESENTATION('',(#7749),#7753);
#7749 = LINE('',#7750,#7751);
#7750 = CARTESIAN_POINT('',(0.48,0.));
#7751 = VECTOR('',#7752,1.);
#7752 = DIRECTION('',(0.,-1.));
#7753 = ( GEOMETRIC_REPRESENTATION_CONTEXT(2) 
PARAMETRIC_REPRESENTATION_CONTEXT() REPRESENTATION_CONTEXT('2D SPACE',''
  ) );
#7754 = ORIENTED_EDGE('',*,*,#7755,.F.);
#7755 = EDGE_CURVE('',#7598,#7733,#7756,.T.);
#7756 = SURFACE_CURVE('',#7757,(#7761,#7768),.PCURVE_S1.);
#7757 = LINE('',#7758,#7759);
#7758 = CARTESIAN_POINT('',(43.4400005,47.531541415175,0.4800001));
#7759 = VECTOR('',#7760,1.);
#7760 = DIRECTION('',(1.,0.,0.));
#7761 = PCURVE('',#7639,#7762);
#7762 = DEFINITIONAL_REPRESENTATION('',(#7763),#7767);
#7763 = LINE('',#7764,#7765);
#7764 = CARTESIAN_POINT('',(0.,17.72));
#7765 = VECTOR('',#7766,1.);
#7766 = DIRECTION('',(1.,0.));
#7767 = ( GEOMETRIC_REPRESENTATION_CONTEXT(2) 
PARAMETRIC_REPRESENTATION_CONTEXT() REPRESENTATION_CONTEXT('2D SPACE',''
  ) );
#7768 = PCURVE('',#7613,#7769);
#7769 = DEFINITIONAL_REPRESENTATION('',(#7770),#7774);
#7770 = LINE('',#7771,#7772);
#7771 = CARTESIAN_POINT('',(0.48,0.));
#7772 = VECTOR('',#7773,1.);
#7773 = DIRECTION('',(0.,1.));
#7774 = ( GEOMETRIC_REPRESENTATION_CONTEXT(2) 
PARAMETRIC_REPRESENTATION_CONTEXT() REPRESENTATION_CONTEXT('2D SPACE',''
  ) );
#7775 = FACE_BOUND('',#7776,.T.);
#7776 = EDGE_LOOP('',(#7777,#7807,#7835,#7863));
#7777 = ORIENTED_EDGE('',*,*,#7778,.T.);
#7778 = EDGE_CURVE('',#7779,#7781,#7783,.T.);
#7779 = VERTEX_POINT('',#7780);
#7780 = CARTESIAN_POINT('',(60.6750005,30.296541415175,0.4800001));
#7781 = VERTEX_POINT('',#7782);
#7782 = CARTESIAN_POINT('',(43.9250005,30.296541415175,0.4800001));
#7783 = SURFACE_CURVE('',#7784,(#7788,#7795),.PCURVE_S1.);
#7784 = LINE('',#7785,#7786);
#7785 = CARTESIAN_POINT('',(43.6825005,30.296541415175,0.4800001));
#7786 = VECTOR('',#7787,1.);
#7787 = DIRECTION('',(-1.,0.,0.));
#7788 = PCURVE('',#7639,#7789);
#7789 = DEFINITIONAL_REPRESENTATION('',(#7790),#7794);
#7790 = LINE('',#7791,#7792);
#7791 = CARTESIAN_POINT('',(0.2425,0.485));
#7792 = VECTOR('',#7793,1.);
#7793 = DIRECTION('',(-1.,0.));
#7794 = ( GEOMETRIC_REPRESENTATION_CONTEXT(2) 
PARAMETRIC_REPRESENTATION_CONTEXT() REPRESENTATION_CONTEXT('2D SPACE',''
  ) );
#7795 = PCURVE('',#7796,#7801);
#7796 = PLANE('',#7797);
#7797 = AXIS2_PLACEMENT_3D('',#7798,#7799,#7800);
#7798 = CARTESIAN_POINT('',(43.9250005,30.296541415175,-9.99999E-02));
#7799 = DIRECTION('',(0.,1.,0.));
#7800 = DIRECTION('',(0.,0.,1.));
#7801 = DEFINITIONAL_REPRESENTATION('',(#7802),#7806);
#7802 = LINE('',#7803,#7804);
#7803 = CARTESIAN_POINT('',(0.58,-0.2425));
#7804 = VECTOR('',#7805,1.);
#7805 = DIRECTION('',(0.,-1.));
#7806 = ( GEOMETRIC_REPRESENTATION_CONTEXT(2) 
PARAMETRIC_REPRESENTATION_CONTEXT() REPRESENTATION_CONTEXT('2D SPACE',''
  ) );
#7807 = ORIENTED_EDGE('',*,*,#7808,.T.);
#7808 = EDGE_CURVE('',#7781,#7809,#7811,.T.);
#7809 = VERTEX_POINT('',#7810);
#7810 = CARTESIAN_POINT('',(43.9250005,47.046541415175,0.4800001));
#7811 = SURFACE_CURVE('',#7812,(#7816,#7823),.PCURVE_S1.);
#7812 = LINE('',#7813,#7814);
#7813 = CARTESIAN_POINT('',(43.9250005,30.054041415175,0.4800001));
#7814 = VECTOR('',#7815,1.);
#7815 = DIRECTION('',(0.,1.,0.));
#7816 = PCURVE('',#7639,#7817);
#7817 = DEFINITIONAL_REPRESENTATION('',(#7818),#7822);
#7818 = LINE('',#7819,#7820);
#7819 = CARTESIAN_POINT('',(0.485,0.2425));
#7820 = VECTOR('',#7821,1.);
#7821 = DIRECTION('',(0.,1.));
#7822 = ( GEOMETRIC_REPRESENTATION_CONTEXT(2) 
PARAMETRIC_REPRESENTATION_CONTEXT() REPRESENTATION_CONTEXT('2D SPACE',''
  ) );
#7823 = PCURVE('',#7824,#7829);
#7824 = PLANE('',#7825);
#7825 = AXIS2_PLACEMENT_3D('',#7826,#7827,#7828);
#7826 = CARTESIAN_POINT('',(43.9250005,30.296541415175,-9.99999E-02));
#7827 = DIRECTION('',(1.,0.,0.));
#7828 = DIRECTION('',(0.,0.,1.));
#7829 = DEFINITIONAL_REPRESENTATION('',(#7830),#7834);
#7830 = LINE('',#7831,#7832);
#7831 = CARTESIAN_POINT('',(0.58,0.2425));
#7832 = VECTOR('',#7833,1.);
#7833 = DIRECTION('',(0.,-1.));
#7834 = ( GEOMETRIC_REPRESENTATION_CONTEXT(2) 
PARAMETRIC_REPRESENTATION_CONTEXT() REPRESENTATION_CONTEXT('2D SPACE',''
  ) );
#7835 = ORIENTED_EDGE('',*,*,#7836,.F.);
#7836 = EDGE_CURVE('',#7837,#7809,#7839,.T.);
#7837 = VERTEX_POINT('',#7838);
#7838 = CARTESIAN_POINT('',(60.6750005,47.046541415175,0.4800001));
#7839 = SURFACE_CURVE('',#7840,(#7844,#7851),.PCURVE_S1.);
#7840 = LINE('',#7841,#7842);
#7841 = CARTESIAN_POINT('',(43.6825005,47.046541415175,0.4800001));
#7842 = VECTOR('',#7843,1.);
#7843 = DIRECTION('',(-1.,0.,0.));
#7844 = PCURVE('',#7639,#7845);
#7845 = DEFINITIONAL_REPRESENTATION('',(#7846),#7850);
#7846 = LINE('',#7847,#7848);
#7847 = CARTESIAN_POINT('',(0.2425,17.235));
#7848 = VECTOR('',#7849,1.);
#7849 = DIRECTION('',(-1.,0.));
#7850 = ( GEOMETRIC_REPRESENTATION_CONTEXT(2) 
PARAMETRIC_REPRESENTATION_CONTEXT() REPRESENTATION_CONTEXT('2D SPACE',''
  ) );
#7851 = PCURVE('',#7852,#7857);
#7852 = PLANE('',#7853);
#7853 = AXIS2_PLACEMENT_3D('',#7854,#7855,#7856);
#7854 = CARTESIAN_POINT('',(43.9250005,47.046541415175,-9.99999E-02));
#7855 = DIRECTION('',(0.,1.,0.));
#7856 = DIRECTION('',(0.,0.,1.));
#7857 = DEFINITIONAL_REPRESENTATION('',(#7858),#7862);
#7858 = LINE('',#7859,#7860);
#7859 = CARTESIAN_POINT('',(0.58,-0.2425));
#7860 = VECTOR('',#7861,1.);
#7861 = DIRECTION('',(0.,-1.));
#7862 = ( GEOMETRIC_REPRESENTATION_CONTEXT(2) 
PARAMETRIC_REPRESENTATION_CONTEXT() REPRESENTATION_CONTEXT('2D SPACE',''
  ) );
#7863 = ORIENTED_EDGE('',*,*,#7864,.F.);
#7864 = EDGE_CURVE('',#7779,#7837,#7865,.T.);
#7865 = SURFACE_CURVE('',#7866,(#7870,#7877),.PCURVE_S1.);
#7866 = LINE('',#7867,#7868);
#7867 = CARTESIAN_POINT('',(60.6750005,30.054041415175,0.4800001));
#7868 = VECTOR('',#7869,1.);
#7869 = DIRECTION('',(0.,1.,0.));
#7870 = PCURVE('',#7639,#7871);
#7871 = DEFINITIONAL_REPRESENTATION('',(#7872),#7876);
#7872 = LINE('',#7873,#7874);
#7873 = CARTESIAN_POINT('',(17.235,0.2425));
#7874 = VECTOR('',#7875,1.);
#7875 = DIRECTION('',(0.,1.));
#7876 = ( GEOMETRIC_REPRESENTATION_CONTEXT(2) 
PARAMETRIC_REPRESENTATION_CONTEXT() REPRESENTATION_CONTEXT('2D SPACE',''
  ) );
#7877 = PCURVE('',#7878,#7883);
#7878 = PLANE('',#7879);
#7879 = AXIS2_PLACEMENT_3D('',#7880,#7881,#7882);
#7880 = CARTESIAN_POINT('',(60.6750005,30.296541415175,-9.99999E-02));
#7881 = DIRECTION('',(1.,0.,0.));
#7882 = DIRECTION('',(0.,0.,1.));
#7883 = DEFINITIONAL_REPRESENTATION('',(#7884),#7888);
#7884 = LINE('',#7885,#7886);
#7885 = CARTESIAN_POINT('',(0.58,0.2425));
#7886 = VECTOR('',#7887,1.);
#7887 = DIRECTION('',(0.,-1.));
#7888 = ( GEOMETRIC_REPRESENTATION_CONTEXT(2) 
PARAMETRIC_REPRESENTATION_CONTEXT() REPRESENTATION_CONTEXT('2D SPACE',''
  ) );
#7889 = ADVANCED_FACE('',(#7890),#7613,.T.);
#7890 = FACE_BOUND('',#7891,.T.);
#7891 = EDGE_LOOP('',(#7892,#7915,#7916,#7917));
#7892 = ORIENTED_EDGE('',*,*,#7893,.F.);
#7893 = EDGE_CURVE('',#7570,#7894,#7896,.T.);
#7894 = VERTEX_POINT('',#7895);
#7895 = CARTESIAN_POINT('',(61.1600005,47.531541415175,
    1.000000038331E-07));
#7896 = SURFACE_CURVE('',#7897,(#7901,#7908),.PCURVE_S1.);
#7897 = LINE('',#7898,#7899);
#7898 = CARTESIAN_POINT('',(43.4400005,47.531541415175,
    1.000000038331E-07));
#7899 = VECTOR('',#7900,1.);
#7900 = DIRECTION('',(1.,0.,0.));
#7901 = PCURVE('',#7613,#7902);
#7902 = DEFINITIONAL_REPRESENTATION('',(#7903),#7907);
#7903 = LINE('',#7904,#7905);
#7904 = CARTESIAN_POINT('',(0.,0.));
#7905 = VECTOR('',#7906,1.);
#7906 = DIRECTION('',(0.,1.));
#7907 = ( GEOMETRIC_REPRESENTATION_CONTEXT(2) 
PARAMETRIC_REPRESENTATION_CONTEXT() REPRESENTATION_CONTEXT('2D SPACE',''
  ) );
#7908 = PCURVE('',#7585,#7909);
#7909 = DEFINITIONAL_REPRESENTATION('',(#7910),#7914);
#7910 = LINE('',#7911,#7912);
#7911 = CARTESIAN_POINT('',(0.,17.72));
#7912 = VECTOR('',#7913,1.);
#7913 = DIRECTION('',(1.,0.));
#7914 = ( GEOMETRIC_REPRESENTATION_CONTEXT(2) 
PARAMETRIC_REPRESENTATION_CONTEXT() REPRESENTATION_CONTEXT('2D SPACE',''
  ) );
#7915 = ORIENTED_EDGE('',*,*,#7597,.T.);
#7916 = ORIENTED_EDGE('',*,*,#7755,.T.);
#7917 = ORIENTED_EDGE('',*,*,#7918,.F.);
#7918 = EDGE_CURVE('',#7894,#7733,#7919,.T.);
#7919 = SURFACE_CURVE('',#7920,(#7924,#7931),.PCURVE_S1.);
#7920 = LINE('',#7921,#7922);
#7921 = CARTESIAN_POINT('',(61.1600005,47.531541415175,
    1.000000038331E-07));
#7922 = VECTOR('',#7923,1.);
#7923 = DIRECTION('',(0.,0.,1.));
#7924 = PCURVE('',#7613,#7925);
#7925 = DEFINITIONAL_REPRESENTATION('',(#7926),#7930);
#7926 = LINE('',#7927,#7928);
#7927 = CARTESIAN_POINT('',(0.,17.72));
#7928 = VECTOR('',#7929,1.);
#7929 = DIRECTION('',(1.,0.));
#7930 = ( GEOMETRIC_REPRESENTATION_CONTEXT(2) 
PARAMETRIC_REPRESENTATION_CONTEXT() REPRESENTATION_CONTEXT('2D SPACE',''
  ) );
#7931 = PCURVE('',#7715,#7932);
#7932 = DEFINITIONAL_REPRESENTATION('',(#7933),#7937);
#7933 = LINE('',#7934,#7935);
#7934 = CARTESIAN_POINT('',(0.,-17.72));
#7935 = VECTOR('',#7936,1.);
#7936 = DIRECTION('',(1.,0.));
#7937 = ( GEOMETRIC_REPRESENTATION_CONTEXT(2) 
PARAMETRIC_REPRESENTATION_CONTEXT() REPRESENTATION_CONTEXT('2D SPACE',''
  ) );
#7938 = ADVANCED_FACE('',(#7939,#7965),#7585,.F.);
#7939 = FACE_BOUND('',#7940,.F.);
#7940 = EDGE_LOOP('',(#7941,#7942,#7943,#7964));
#7941 = ORIENTED_EDGE('',*,*,#7569,.F.);
#7942 = ORIENTED_EDGE('',*,*,#7654,.T.);
#7943 = ORIENTED_EDGE('',*,*,#7944,.T.);
#7944 = EDGE_CURVE('',#7655,#7894,#7945,.T.);
#7945 = SURFACE_CURVE('',#7946,(#7950,#7957),.PCURVE_S1.);
#7946 = LINE('',#7947,#7948);
#7947 = CARTESIAN_POINT('',(61.1600005,29.811541415175,
    1.000000038331E-07));
#7948 = VECTOR('',#7949,1.);
#7949 = DIRECTION('',(0.,1.,0.));
#7950 = PCURVE('',#7585,#7951);
#7951 = DEFINITIONAL_REPRESENTATION('',(#7952),#7956);
#7952 = LINE('',#7953,#7954);
#7953 = CARTESIAN_POINT('',(17.72,0.));
#7954 = VECTOR('',#7955,1.);
#7955 = DIRECTION('',(0.,1.));
#7956 = ( GEOMETRIC_REPRESENTATION_CONTEXT(2) 
PARAMETRIC_REPRESENTATION_CONTEXT() REPRESENTATION_CONTEXT('2D SPACE',''
  ) );
#7957 = PCURVE('',#7715,#7958);
#7958 = DEFINITIONAL_REPRESENTATION('',(#7959),#7963);
#7959 = LINE('',#7960,#7961);
#7960 = CARTESIAN_POINT('',(0.,0.));
#7961 = VECTOR('',#7962,1.);
#7962 = DIRECTION('',(0.,-1.));
#7963 = ( GEOMETRIC_REPRESENTATION_CONTEXT(2) 
PARAMETRIC_REPRESENTATION_CONTEXT() REPRESENTATION_CONTEXT('2D SPACE',''
  ) );
#7964 = ORIENTED_EDGE('',*,*,#7893,.F.);
#7965 = FACE_BOUND('',#7966,.F.);
#7966 = EDGE_LOOP('',(#7967,#7992,#8015,#8038));
#7967 = ORIENTED_EDGE('',*,*,#7968,.T.);
#7968 = EDGE_CURVE('',#7969,#7971,#7973,.T.);
#7969 = VERTEX_POINT('',#7970);
#7970 = CARTESIAN_POINT('',(60.6750005,30.296541415175,
    1.000000038331E-07));
#7971 = VERTEX_POINT('',#7972);
#7972 = CARTESIAN_POINT('',(43.9250005,30.296541415175,
    1.000000038331E-07));
#7973 = SURFACE_CURVE('',#7974,(#7978,#7985),.PCURVE_S1.);
#7974 = LINE('',#7975,#7976);
#7975 = CARTESIAN_POINT('',(43.6825005,30.296541415175,
    1.000000038331E-07));
#7976 = VECTOR('',#7977,1.);
#7977 = DIRECTION('',(-1.,0.,0.));
#7978 = PCURVE('',#7585,#7979);
#7979 = DEFINITIONAL_REPRESENTATION('',(#7980),#7984);
#7980 = LINE('',#7981,#7982);
#7981 = CARTESIAN_POINT('',(0.2425,0.485));
#7982 = VECTOR('',#7983,1.);
#7983 = DIRECTION('',(-1.,0.));
#7984 = ( GEOMETRIC_REPRESENTATION_CONTEXT(2) 
PARAMETRIC_REPRESENTATION_CONTEXT() REPRESENTATION_CONTEXT('2D SPACE',''
  ) );
#7985 = PCURVE('',#7796,#7986);
#7986 = DEFINITIONAL_REPRESENTATION('',(#7987),#7991);
#7987 = LINE('',#7988,#7989);
#7988 = CARTESIAN_POINT('',(1.E-01,-0.2425));
#7989 = VECTOR('',#7990,1.);
#7990 = DIRECTION('',(0.,-1.));
#7991 = ( GEOMETRIC_REPRESENTATION_CONTEXT(2) 
PARAMETRIC_REPRESENTATION_CONTEXT() REPRESENTATION_CONTEXT('2D SPACE',''
  ) );
#7992 = ORIENTED_EDGE('',*,*,#7993,.T.);
#7993 = EDGE_CURVE('',#7971,#7994,#7996,.T.);
#7994 = VERTEX_POINT('',#7995);
#7995 = CARTESIAN_POINT('',(43.9250005,47.046541415175,
    1.000000038331E-07));
#7996 = SURFACE_CURVE('',#7997,(#8001,#8008),.PCURVE_S1.);
#7997 = LINE('',#7998,#7999);
#7998 = CARTESIAN_POINT('',(43.9250005,30.054041415175,
    1.000000038331E-07));
#7999 = VECTOR('',#8000,1.);
#8000 = DIRECTION('',(0.,1.,0.));
#8001 = PCURVE('',#7585,#8002);
#8002 = DEFINITIONAL_REPRESENTATION('',(#8003),#8007);
#8003 = LINE('',#8004,#8005);
#8004 = CARTESIAN_POINT('',(0.485,0.2425));
#8005 = VECTOR('',#8006,1.);
#8006 = DIRECTION('',(0.,1.));
#8007 = ( GEOMETRIC_REPRESENTATION_CONTEXT(2) 
PARAMETRIC_REPRESENTATION_CONTEXT() REPRESENTATION_CONTEXT('2D SPACE',''
  ) );
#8008 = PCURVE('',#7824,#8009);
#8009 = DEFINITIONAL_REPRESENTATION('',(#8010),#8014);
#8010 = LINE('',#8011,#8012);
#8011 = CARTESIAN_POINT('',(1.E-01,0.2425));
#8012 = VECTOR('',#8013,1.);
#8013 = DIRECTION('',(0.,-1.));
#8014 = ( GEOMETRIC_REPRESENTATION_CONTEXT(2) 
PARAMETRIC_REPRESENTATION_CONTEXT() REPRESENTATION_CONTEXT('2D SPACE',''
  ) );
#8015 = ORIENTED_EDGE('',*,*,#8016,.F.);
#8016 = EDGE_CURVE('',#8017,#7994,#8019,.T.);
#8017 = VERTEX_POINT('',#8018);
#8018 = CARTESIAN_POINT('',(60.6750005,47.046541415175,
    1.000000038331E-07));
#8019 = SURFACE_CURVE('',#8020,(#8024,#8031),.PCURVE_S1.);
#8020 = LINE('',#8021,#8022);
#8021 = CARTESIAN_POINT('',(43.6825005,47.046541415175,
    1.000000038331E-07));
#8022 = VECTOR('',#8023,1.);
#8023 = DIRECTION('',(-1.,0.,0.));
#8024 = PCURVE('',#7585,#8025);
#8025 = DEFINITIONAL_REPRESENTATION('',(#8026),#8030);
#8026 = LINE('',#8027,#8028);
#8027 = CARTESIAN_POINT('',(0.2425,17.235));
#8028 = VECTOR('',#8029,1.);
#8029 = DIRECTION('',(-1.,0.));
#8030 = ( GEOMETRIC_REPRESENTATION_CONTEXT(2) 
PARAMETRIC_REPRESENTATION_CONTEXT() REPRESENTATION_CONTEXT('2D SPACE',''
  ) );
#8031 = PCURVE('',#7852,#8032);
#8032 = DEFINITIONAL_REPRESENTATION('',(#8033),#8037);
#8033 = LINE('',#8034,#8035);
#8034 = CARTESIAN_POINT('',(1.E-01,-0.2425));
#8035 = VECTOR('',#8036,1.);
#8036 = DIRECTION('',(0.,-1.));
#8037 = ( GEOMETRIC_REPRESENTATION_CONTEXT(2) 
PARAMETRIC_REPRESENTATION_CONTEXT() REPRESENTATION_CONTEXT('2D SPACE',''
  ) );
#8038 = ORIENTED_EDGE('',*,*,#8039,.F.);
#8039 = EDGE_CURVE('',#7969,#8017,#8040,.T.);
#8040 = SURFACE_CURVE('',#8041,(#8045,#8052),.PCURVE_S1.);
#8041 = LINE('',#8042,#8043);
#8042 = CARTESIAN_POINT('',(60.6750005,30.054041415175,
    1.000000038331E-07));
#8043 = VECTOR('',#8044,1.);
#8044 = DIRECTION('',(0.,1.,0.));
#8045 = PCURVE('',#7585,#8046);
#8046 = DEFINITIONAL_REPRESENTATION('',(#8047),#8051);
#8047 = LINE('',#8048,#8049);
#8048 = CARTESIAN_POINT('',(17.235,0.2425));
#8049 = VECTOR('',#8050,1.);
#8050 = DIRECTION('',(0.,1.));
#8051 = ( GEOMETRIC_REPRESENTATION_CONTEXT(2) 
PARAMETRIC_REPRESENTATION_CONTEXT() REPRESENTATION_CONTEXT('2D SPACE',''
  ) );
#8052 = PCURVE('',#7878,#8053);
#8053 = DEFINITIONAL_REPRESENTATION('',(#8054),#8058);
#8054 = LINE('',#8055,#8056);
#8055 = CARTESIAN_POINT('',(1.E-01,0.2425));
#8056 = VECTOR('',#8057,1.);
#8057 = DIRECTION('',(0.,-1.));
#8058 = ( GEOMETRIC_REPRESENTATION_CONTEXT(2) 
PARAMETRIC_REPRESENTATION_CONTEXT() REPRESENTATION_CONTEXT('2D SPACE',''
  ) );
#8059 = ADVANCED_FACE('',(#8060),#7715,.T.);
#8060 = FACE_BOUND('',#8061,.T.);
#8061 = EDGE_LOOP('',(#8062,#8063,#8064,#8065));
#8062 = ORIENTED_EDGE('',*,*,#7701,.F.);
#8063 = ORIENTED_EDGE('',*,*,#7944,.T.);
#8064 = ORIENTED_EDGE('',*,*,#7918,.T.);
#8065 = ORIENTED_EDGE('',*,*,#7732,.F.);
#8066 = ADVANCED_FACE('',(#8067),#7796,.T.);
#8067 = FACE_BOUND('',#8068,.T.);
#8068 = EDGE_LOOP('',(#8069,#8090,#8091,#8112));
#8069 = ORIENTED_EDGE('',*,*,#8070,.F.);
#8070 = EDGE_CURVE('',#7969,#7779,#8071,.T.);
#8071 = SURFACE_CURVE('',#8072,(#8076,#8083),.PCURVE_S1.);
#8072 = LINE('',#8073,#8074);
#8073 = CARTESIAN_POINT('',(60.6750005,30.296541415175,-9.99999E-02));
#8074 = VECTOR('',#8075,1.);
#8075 = DIRECTION('',(0.,0.,1.));
#8076 = PCURVE('',#7796,#8077);
#8077 = DEFINITIONAL_REPRESENTATION('',(#8078),#8082);
#8078 = LINE('',#8079,#8080);
#8079 = CARTESIAN_POINT('',(0.,16.75));
#8080 = VECTOR('',#8081,1.);
#8081 = DIRECTION('',(1.,0.));
#8082 = ( GEOMETRIC_REPRESENTATION_CONTEXT(2) 
PARAMETRIC_REPRESENTATION_CONTEXT() REPRESENTATION_CONTEXT('2D SPACE',''
  ) );
#8083 = PCURVE('',#7878,#8084);
#8084 = DEFINITIONAL_REPRESENTATION('',(#8085),#8089);
#8085 = LINE('',#8086,#8087);
#8086 = CARTESIAN_POINT('',(0.,0.));
#8087 = VECTOR('',#8088,1.);
#8088 = DIRECTION('',(1.,0.));
#8089 = ( GEOMETRIC_REPRESENTATION_CONTEXT(2) 
PARAMETRIC_REPRESENTATION_CONTEXT() REPRESENTATION_CONTEXT('2D SPACE',''
  ) );
#8090 = ORIENTED_EDGE('',*,*,#7968,.T.);
#8091 = ORIENTED_EDGE('',*,*,#8092,.T.);
#8092 = EDGE_CURVE('',#7971,#7781,#8093,.T.);
#8093 = SURFACE_CURVE('',#8094,(#8098,#8105),.PCURVE_S1.);
#8094 = LINE('',#8095,#8096);
#8095 = CARTESIAN_POINT('',(43.9250005,30.296541415175,-9.99999E-02));
#8096 = VECTOR('',#8097,1.);
#8097 = DIRECTION('',(0.,0.,1.));
#8098 = PCURVE('',#7796,#8099);
#8099 = DEFINITIONAL_REPRESENTATION('',(#8100),#8104);
#8100 = LINE('',#8101,#8102);
#8101 = CARTESIAN_POINT('',(0.,0.));
#8102 = VECTOR('',#8103,1.);
#8103 = DIRECTION('',(1.,0.));
#8104 = ( GEOMETRIC_REPRESENTATION_CONTEXT(2) 
PARAMETRIC_REPRESENTATION_CONTEXT() REPRESENTATION_CONTEXT('2D SPACE',''
  ) );
#8105 = PCURVE('',#7824,#8106);
#8106 = DEFINITIONAL_REPRESENTATION('',(#8107),#8111);
#8107 = LINE('',#8108,#8109);
#8108 = CARTESIAN_POINT('',(0.,0.));
#8109 = VECTOR('',#8110,1.);
#8110 = DIRECTION('',(1.,0.));
#8111 = ( GEOMETRIC_REPRESENTATION_CONTEXT(2) 
PARAMETRIC_REPRESENTATION_CONTEXT() REPRESENTATION_CONTEXT('2D SPACE',''
  ) );
#8112 = ORIENTED_EDGE('',*,*,#7778,.F.);
#8113 = ADVANCED_FACE('',(#8114),#7878,.F.);
#8114 = FACE_BOUND('',#8115,.F.);
#8115 = EDGE_LOOP('',(#8116,#8117,#8118,#8139));
#8116 = ORIENTED_EDGE('',*,*,#8070,.F.);
#8117 = ORIENTED_EDGE('',*,*,#8039,.T.);
#8118 = ORIENTED_EDGE('',*,*,#8119,.T.);
#8119 = EDGE_CURVE('',#8017,#7837,#8120,.T.);
#8120 = SURFACE_CURVE('',#8121,(#8125,#8132),.PCURVE_S1.);
#8121 = LINE('',#8122,#8123);
#8122 = CARTESIAN_POINT('',(60.6750005,47.046541415175,-9.99999E-02));
#8123 = VECTOR('',#8124,1.);
#8124 = DIRECTION('',(0.,0.,1.));
#8125 = PCURVE('',#7878,#8126);
#8126 = DEFINITIONAL_REPRESENTATION('',(#8127),#8131);
#8127 = LINE('',#8128,#8129);
#8128 = CARTESIAN_POINT('',(0.,-16.75));
#8129 = VECTOR('',#8130,1.);
#8130 = DIRECTION('',(1.,0.));
#8131 = ( GEOMETRIC_REPRESENTATION_CONTEXT(2) 
PARAMETRIC_REPRESENTATION_CONTEXT() REPRESENTATION_CONTEXT('2D SPACE',''
  ) );
#8132 = PCURVE('',#7852,#8133);
#8133 = DEFINITIONAL_REPRESENTATION('',(#8134),#8138);
#8134 = LINE('',#8135,#8136);
#8135 = CARTESIAN_POINT('',(0.,16.75));
#8136 = VECTOR('',#8137,1.);
#8137 = DIRECTION('',(1.,0.));
#8138 = ( GEOMETRIC_REPRESENTATION_CONTEXT(2) 
PARAMETRIC_REPRESENTATION_CONTEXT() REPRESENTATION_CONTEXT('2D SPACE',''
  ) );
#8139 = ORIENTED_EDGE('',*,*,#7864,.F.);
#8140 = ADVANCED_FACE('',(#8141),#7852,.F.);
#8141 = FACE_BOUND('',#8142,.F.);
#8142 = EDGE_LOOP('',(#8143,#8144,#8145,#8166));
#8143 = ORIENTED_EDGE('',*,*,#8119,.F.);
#8144 = ORIENTED_EDGE('',*,*,#8016,.T.);
#8145 = ORIENTED_EDGE('',*,*,#8146,.T.);
#8146 = EDGE_CURVE('',#7994,#7809,#8147,.T.);
#8147 = SURFACE_CURVE('',#8148,(#8152,#8159),.PCURVE_S1.);
#8148 = LINE('',#8149,#8150);
#8149 = CARTESIAN_POINT('',(43.9250005,47.046541415175,-9.99999E-02));
#8150 = VECTOR('',#8151,1.);
#8151 = DIRECTION('',(0.,0.,1.));
#8152 = PCURVE('',#7852,#8153);
#8153 = DEFINITIONAL_REPRESENTATION('',(#8154),#8158);
#8154 = LINE('',#8155,#8156);
#8155 = CARTESIAN_POINT('',(0.,0.));
#8156 = VECTOR('',#8157,1.);
#8157 = DIRECTION('',(1.,0.));
#8158 = ( GEOMETRIC_REPRESENTATION_CONTEXT(2) 
PARAMETRIC_REPRESENTATION_CONTEXT() REPRESENTATION_CONTEXT('2D SPACE',''
  ) );
#8159 = PCURVE('',#7824,#8160);
#8160 = DEFINITIONAL_REPRESENTATION('',(#8161),#8165);
#8161 = LINE('',#8162,#8163);
#8162 = CARTESIAN_POINT('',(0.,-16.75));
#8163 = VECTOR('',#8164,1.);
#8164 = DIRECTION('',(1.,0.));
#8165 = ( GEOMETRIC_REPRESENTATION_CONTEXT(2) 
PARAMETRIC_REPRESENTATION_CONTEXT() REPRESENTATION_CONTEXT('2D SPACE',''
  ) );
#8166 = ORIENTED_EDGE('',*,*,#7836,.F.);
#8167 = ADVANCED_FACE('',(#8168),#7824,.T.);
#8168 = FACE_BOUND('',#8169,.T.);
#8169 = EDGE_LOOP('',(#8170,#8171,#8172,#8173));
#8170 = ORIENTED_EDGE('',*,*,#8092,.F.);
#8171 = ORIENTED_EDGE('',*,*,#7993,.T.);
#8172 = ORIENTED_EDGE('',*,*,#8146,.T.);
#8173 = ORIENTED_EDGE('',*,*,#7808,.F.);
#8174 = ( GEOMETRIC_REPRESENTATION_CONTEXT(3) 
GLOBAL_UNCERTAINTY_ASSIGNED_CONTEXT((#8178)) 
GLOBAL_UNIT_ASSIGNED_CONTEXT((#8175,#8176,#8177)) REPRESENTATION_CONTEXT
('Context #1','3D Context with UNIT and UNCERTAINTY') );
#8175 = ( LENGTH_UNIT() NAMED_UNIT(*) SI_UNIT(.MILLI.,.METRE.) );
#8176 = ( NAMED_UNIT(*) PLANE_ANGLE_UNIT() SI_UNIT($,.RADIAN.) );
#8177 = ( NAMED_UNIT(*) SI_UNIT($,.STERADIAN.) SOLID_ANGLE_UNIT() );
#8178 = UNCERTAINTY_MEASURE_WITH_UNIT(LENGTH_MEASURE(1.E-07),#8175,
  'distance_accuracy_value','confusion accuracy');
#8179 = CONTEXT_DEPENDENT_SHAPE_REPRESENTATION(#8180,#8182);
#8180 = ( REPRESENTATION_RELATIONSHIP('','',#7527,#10) 
REPRESENTATION_RELATIONSHIP_WITH_TRANSFORMATION(#8181) 
SHAPE_REPRESENTATION_RELATIONSHIP() );
#8181 = ITEM_DEFINED_TRANSFORMATION('','',#11,#51);
#8182 = PRODUCT_DEFINITION_SHAPE('Placement','Placement of an item',
  #8183);
#8183 = NEXT_ASSEMBLY_USAGE_OCCURRENCE('260','','',#5,#7522,$);
#8184 = PRODUCT_RELATED_PRODUCT_CATEGORY('part',$,(#7524));
#8185 = SHAPE_DEFINITION_REPRESENTATION(#8186,#8192);
#8186 = PRODUCT_DEFINITION_SHAPE('','',#8187);
#8187 = PRODUCT_DEFINITION('design','',#8188,#8191);
#8188 = PRODUCT_DEFINITION_FORMATION('','',#8189);
#8189 = PRODUCT('Open CASCADE STEP translator 7.8 2.11',
  'Open CASCADE STEP translator 7.8 2.11','',(#8190));
#8190 = PRODUCT_CONTEXT('',#2,'mechanical');
#8191 = PRODUCT_DEFINITION_CONTEXT('part definition',#2,'design');
#8192 = ADVANCED_BREP_SHAPE_REPRESENTATION('',(#11,#8193),#8839);
#8193 = MANIFOLD_SOLID_BREP('',#8194);
#8194 = CLOSED_SHELL('',(#8195,#8315,#8391,#8554,#8603,#8724,#8731,#8778
    ,#8805,#8832));
#8195 = ADVANCED_FACE('',(#8196),#8210,.F.);
#8196 = FACE_BOUND('',#8197,.F.);
#8197 = EDGE_LOOP('',(#8198,#8233,#8261,#8289));
#8198 = ORIENTED_EDGE('',*,*,#8199,.F.);
#8199 = EDGE_CURVE('',#8200,#8202,#8204,.T.);
#8200 = VERTEX_POINT('',#8201);
#8201 = CARTESIAN_POINT('',(65.1600007,29.811541415175,
    1.000000020568E-07));
#8202 = VERTEX_POINT('',#8203);
#8203 = CARTESIAN_POINT('',(65.1600007,29.811541415175,0.4800001));
#8204 = SURFACE_CURVE('',#8205,(#8209,#8221),.PCURVE_S1.);
#8205 = LINE('',#8206,#8207);
#8206 = CARTESIAN_POINT('',(65.1600007,29.811541415175,
    1.000000020568E-07));
#8207 = VECTOR('',#8208,1.);
#8208 = DIRECTION('',(0.,0.,1.));
#8209 = PCURVE('',#8210,#8215);
#8210 = PLANE('',#8211);
#8211 = AXIS2_PLACEMENT_3D('',#8212,#8213,#8214);
#8212 = CARTESIAN_POINT('',(65.1600007,29.811541415175,
    1.000000020568E-07));
#8213 = DIRECTION('',(1.,0.,0.));
#8214 = DIRECTION('',(0.,0.,1.));
#8215 = DEFINITIONAL_REPRESENTATION('',(#8216),#8220);
#8216 = LINE('',#8217,#8218);
#8217 = CARTESIAN_POINT('',(0.,0.));
#8218 = VECTOR('',#8219,1.);
#8219 = DIRECTION('',(1.,0.));
#8220 = ( GEOMETRIC_REPRESENTATION_CONTEXT(2) 
PARAMETRIC_REPRESENTATION_CONTEXT() REPRESENTATION_CONTEXT('2D SPACE',''
  ) );
#8221 = PCURVE('',#8222,#8227);
#8222 = PLANE('',#8223);
#8223 = AXIS2_PLACEMENT_3D('',#8224,#8225,#8226);
#8224 = CARTESIAN_POINT('',(65.1600007,29.811541415175,
    1.000000020568E-07));
#8225 = DIRECTION('',(0.,1.,0.));
#8226 = DIRECTION('',(0.,0.,1.));
#8227 = DEFINITIONAL_REPRESENTATION('',(#8228),#8232);
#8228 = LINE('',#8229,#8230);
#8229 = CARTESIAN_POINT('',(0.,0.));
#8230 = VECTOR('',#8231,1.);
#8231 = DIRECTION('',(1.,0.));
#8232 = ( GEOMETRIC_REPRESENTATION_CONTEXT(2) 
PARAMETRIC_REPRESENTATION_CONTEXT() REPRESENTATION_CONTEXT('2D SPACE',''
  ) );
#8233 = ORIENTED_EDGE('',*,*,#8234,.T.);
#8234 = EDGE_CURVE('',#8200,#8235,#8237,.T.);
#8235 = VERTEX_POINT('',#8236);
#8236 = CARTESIAN_POINT('',(65.1600007,47.531541415175,
    1.000000020568E-07));
#8237 = SURFACE_CURVE('',#8238,(#8242,#8249),.PCURVE_S1.);
#8238 = LINE('',#8239,#8240);
#8239 = CARTESIAN_POINT('',(65.1600007,29.811541415175,
    1.000000020568E-07));
#8240 = VECTOR('',#8241,1.);
#8241 = DIRECTION('',(0.,1.,0.));
#8242 = PCURVE('',#8210,#8243);
#8243 = DEFINITIONAL_REPRESENTATION('',(#8244),#8248);
#8244 = LINE('',#8245,#8246);
#8245 = CARTESIAN_POINT('',(0.,0.));
#8246 = VECTOR('',#8247,1.);
#8247 = DIRECTION('',(0.,-1.));
#8248 = ( GEOMETRIC_REPRESENTATION_CONTEXT(2) 
PARAMETRIC_REPRESENTATION_CONTEXT() REPRESENTATION_CONTEXT('2D SPACE',''
  ) );
#8249 = PCURVE('',#8250,#8255);
#8250 = PLANE('',#8251);
#8251 = AXIS2_PLACEMENT_3D('',#8252,#8253,#8254);
#8252 = CARTESIAN_POINT('',(65.1600007,29.811541415175,
    1.000000020568E-07));
#8253 = DIRECTION('',(0.,0.,1.));
#8254 = DIRECTION('',(1.,0.,0.));
#8255 = DEFINITIONAL_REPRESENTATION('',(#8256),#8260);
#8256 = LINE('',#8257,#8258);
#8257 = CARTESIAN_POINT('',(0.,0.));
#8258 = VECTOR('',#8259,1.);
#8259 = DIRECTION('',(0.,1.));
#8260 = ( GEOMETRIC_REPRESENTATION_CONTEXT(2) 
PARAMETRIC_REPRESENTATION_CONTEXT() REPRESENTATION_CONTEXT('2D SPACE',''
  ) );
#8261 = ORIENTED_EDGE('',*,*,#8262,.T.);
#8262 = EDGE_CURVE('',#8235,#8263,#8265,.T.);
#8263 = VERTEX_POINT('',#8264);
#8264 = CARTESIAN_POINT('',(65.1600007,47.531541415175,0.4800001));
#8265 = SURFACE_CURVE('',#8266,(#8270,#8277),.PCURVE_S1.);
#8266 = LINE('',#8267,#8268);
#8267 = CARTESIAN_POINT('',(65.1600007,47.531541415175,
    1.000000020568E-07));
#8268 = VECTOR('',#8269,1.);
#8269 = DIRECTION('',(0.,0.,1.));
#8270 = PCURVE('',#8210,#8271);
#8271 = DEFINITIONAL_REPRESENTATION('',(#8272),#8276);
#8272 = LINE('',#8273,#8274);
#8273 = CARTESIAN_POINT('',(0.,-17.72));
#8274 = VECTOR('',#8275,1.);
#8275 = DIRECTION('',(1.,0.));
#8276 = ( GEOMETRIC_REPRESENTATION_CONTEXT(2) 
PARAMETRIC_REPRESENTATION_CONTEXT() REPRESENTATION_CONTEXT('2D SPACE',''
  ) );
#8277 = PCURVE('',#8278,#8283);
#8278 = PLANE('',#8279);
#8279 = AXIS2_PLACEMENT_3D('',#8280,#8281,#8282);
#8280 = CARTESIAN_POINT('',(65.1600007,47.531541415175,
    1.000000020568E-07));
#8281 = DIRECTION('',(0.,1.,0.));
#8282 = DIRECTION('',(0.,0.,1.));
#8283 = DEFINITIONAL_REPRESENTATION('',(#8284),#8288);
#8284 = LINE('',#8285,#8286);
#8285 = CARTESIAN_POINT('',(0.,0.));
#8286 = VECTOR('',#8287,1.);
#8287 = DIRECTION('',(1.,0.));
#8288 = ( GEOMETRIC_REPRESENTATION_CONTEXT(2) 
PARAMETRIC_REPRESENTATION_CONTEXT() REPRESENTATION_CONTEXT('2D SPACE',''
  ) );
#8289 = ORIENTED_EDGE('',*,*,#8290,.F.);
#8290 = EDGE_CURVE('',#8202,#8263,#8291,.T.);
#8291 = SURFACE_CURVE('',#8292,(#8296,#8303),.PCURVE_S1.);
#8292 = LINE('',#8293,#8294);
#8293 = CARTESIAN_POINT('',(65.1600007,29.811541415175,0.4800001));
#8294 = VECTOR('',#8295,1.);
#8295 = DIRECTION('',(0.,1.,0.));
#8296 = PCURVE('',#8210,#8297);
#8297 = DEFINITIONAL_REPRESENTATION('',(#8298),#8302);
#8298 = LINE('',#8299,#8300);
#8299 = CARTESIAN_POINT('',(0.48,0.));
#8300 = VECTOR('',#8301,1.);
#8301 = DIRECTION('',(0.,-1.));
#8302 = ( GEOMETRIC_REPRESENTATION_CONTEXT(2) 
PARAMETRIC_REPRESENTATION_CONTEXT() REPRESENTATION_CONTEXT('2D SPACE',''
  ) );
#8303 = PCURVE('',#8304,#8309);
#8304 = PLANE('',#8305);
#8305 = AXIS2_PLACEMENT_3D('',#8306,#8307,#8308);
#8306 = CARTESIAN_POINT('',(65.1600007,29.811541415175,0.4800001));
#8307 = DIRECTION('',(0.,0.,1.));
#8308 = DIRECTION('',(1.,0.,0.));
#8309 = DEFINITIONAL_REPRESENTATION('',(#8310),#8314);
#8310 = LINE('',#8311,#8312);
#8311 = CARTESIAN_POINT('',(0.,0.));
#8312 = VECTOR('',#8313,1.);
#8313 = DIRECTION('',(0.,1.));
#8314 = ( GEOMETRIC_REPRESENTATION_CONTEXT(2) 
PARAMETRIC_REPRESENTATION_CONTEXT() REPRESENTATION_CONTEXT('2D SPACE',''
  ) );
#8315 = ADVANCED_FACE('',(#8316),#8222,.F.);
#8316 = FACE_BOUND('',#8317,.F.);
#8317 = EDGE_LOOP('',(#8318,#8341,#8342,#8365));
#8318 = ORIENTED_EDGE('',*,*,#8319,.F.);
#8319 = EDGE_CURVE('',#8200,#8320,#8322,.T.);
#8320 = VERTEX_POINT('',#8321);
#8321 = CARTESIAN_POINT('',(82.8800007,29.811541415175,
    1.000000020568E-07));
#8322 = SURFACE_CURVE('',#8323,(#8327,#8334),.PCURVE_S1.);
#8323 = LINE('',#8324,#8325);
#8324 = CARTESIAN_POINT('',(65.1600007,29.811541415175,
    1.000000020568E-07));
#8325 = VECTOR('',#8326,1.);
#8326 = DIRECTION('',(1.,0.,0.));
#8327 = PCURVE('',#8222,#8328);
#8328 = DEFINITIONAL_REPRESENTATION('',(#8329),#8333);
#8329 = LINE('',#8330,#8331);
#8330 = CARTESIAN_POINT('',(0.,0.));
#8331 = VECTOR('',#8332,1.);
#8332 = DIRECTION('',(0.,1.));
#8333 = ( GEOMETRIC_REPRESENTATION_CONTEXT(2) 
PARAMETRIC_REPRESENTATION_CONTEXT() REPRESENTATION_CONTEXT('2D SPACE',''
  ) );
#8334 = PCURVE('',#8250,#8335);
#8335 = DEFINITIONAL_REPRESENTATION('',(#8336),#8340);
#8336 = LINE('',#8337,#8338);
#8337 = CARTESIAN_POINT('',(0.,0.));
#8338 = VECTOR('',#8339,1.);
#8339 = DIRECTION('',(1.,0.));
#8340 = ( GEOMETRIC_REPRESENTATION_CONTEXT(2) 
PARAMETRIC_REPRESENTATION_CONTEXT() REPRESENTATION_CONTEXT('2D SPACE',''
  ) );
#8341 = ORIENTED_EDGE('',*,*,#8199,.T.);
#8342 = ORIENTED_EDGE('',*,*,#8343,.T.);
#8343 = EDGE_CURVE('',#8202,#8344,#8346,.T.);
#8344 = VERTEX_POINT('',#8345);
#8345 = CARTESIAN_POINT('',(82.8800007,29.811541415175,0.4800001));
#8346 = SURFACE_CURVE('',#8347,(#8351,#8358),.PCURVE_S1.);
#8347 = LINE('',#8348,#8349);
#8348 = CARTESIAN_POINT('',(65.1600007,29.811541415175,0.4800001));
#8349 = VECTOR('',#8350,1.);
#8350 = DIRECTION('',(1.,0.,0.));
#8351 = PCURVE('',#8222,#8352);
#8352 = DEFINITIONAL_REPRESENTATION('',(#8353),#8357);
#8353 = LINE('',#8354,#8355);
#8354 = CARTESIAN_POINT('',(0.48,0.));
#8355 = VECTOR('',#8356,1.);
#8356 = DIRECTION('',(0.,1.));
#8357 = ( GEOMETRIC_REPRESENTATION_CONTEXT(2) 
PARAMETRIC_REPRESENTATION_CONTEXT() REPRESENTATION_CONTEXT('2D SPACE',''
  ) );
#8358 = PCURVE('',#8304,#8359);
#8359 = DEFINITIONAL_REPRESENTATION('',(#8360),#8364);
#8360 = LINE('',#8361,#8362);
#8361 = CARTESIAN_POINT('',(0.,0.));
#8362 = VECTOR('',#8363,1.);
#8363 = DIRECTION('',(1.,0.));
#8364 = ( GEOMETRIC_REPRESENTATION_CONTEXT(2) 
PARAMETRIC_REPRESENTATION_CONTEXT() REPRESENTATION_CONTEXT('2D SPACE',''
  ) );
#8365 = ORIENTED_EDGE('',*,*,#8366,.F.);
#8366 = EDGE_CURVE('',#8320,#8344,#8367,.T.);
#8367 = SURFACE_CURVE('',#8368,(#8372,#8379),.PCURVE_S1.);
#8368 = LINE('',#8369,#8370);
#8369 = CARTESIAN_POINT('',(82.8800007,29.811541415175,
    1.000000020568E-07));
#8370 = VECTOR('',#8371,1.);
#8371 = DIRECTION('',(0.,0.,1.));
#8372 = PCURVE('',#8222,#8373);
#8373 = DEFINITIONAL_REPRESENTATION('',(#8374),#8378);
#8374 = LINE('',#8375,#8376);
#8375 = CARTESIAN_POINT('',(0.,17.72));
#8376 = VECTOR('',#8377,1.);
#8377 = DIRECTION('',(1.,0.));
#8378 = ( GEOMETRIC_REPRESENTATION_CONTEXT(2) 
PARAMETRIC_REPRESENTATION_CONTEXT() REPRESENTATION_CONTEXT('2D SPACE',''
  ) );
#8379 = PCURVE('',#8380,#8385);
#8380 = PLANE('',#8381);
#8381 = AXIS2_PLACEMENT_3D('',#8382,#8383,#8384);
#8382 = CARTESIAN_POINT('',(82.8800007,29.811541415175,
    1.000000020568E-07));
#8383 = DIRECTION('',(1.,0.,0.));
#8384 = DIRECTION('',(0.,0.,1.));
#8385 = DEFINITIONAL_REPRESENTATION('',(#8386),#8390);
#8386 = LINE('',#8387,#8388);
#8387 = CARTESIAN_POINT('',(0.,0.));
#8388 = VECTOR('',#8389,1.);
#8389 = DIRECTION('',(1.,0.));
#8390 = ( GEOMETRIC_REPRESENTATION_CONTEXT(2) 
PARAMETRIC_REPRESENTATION_CONTEXT() REPRESENTATION_CONTEXT('2D SPACE',''
  ) );
#8391 = ADVANCED_FACE('',(#8392,#8440),#8304,.T.);
#8392 = FACE_BOUND('',#8393,.T.);
#8393 = EDGE_LOOP('',(#8394,#8395,#8396,#8419));
#8394 = ORIENTED_EDGE('',*,*,#8290,.F.);
#8395 = ORIENTED_EDGE('',*,*,#8343,.T.);
#8396 = ORIENTED_EDGE('',*,*,#8397,.T.);
#8397 = EDGE_CURVE('',#8344,#8398,#8400,.T.);
#8398 = VERTEX_POINT('',#8399);
#8399 = CARTESIAN_POINT('',(82.8800007,47.531541415175,0.4800001));
#8400 = SURFACE_CURVE('',#8401,(#8405,#8412),.PCURVE_S1.);
#8401 = LINE('',#8402,#8403);
#8402 = CARTESIAN_POINT('',(82.8800007,29.811541415175,0.4800001));
#8403 = VECTOR('',#8404,1.);
#8404 = DIRECTION('',(0.,1.,0.));
#8405 = PCURVE('',#8304,#8406);
#8406 = DEFINITIONAL_REPRESENTATION('',(#8407),#8411);
#8407 = LINE('',#8408,#8409);
#8408 = CARTESIAN_POINT('',(17.72,0.));
#8409 = VECTOR('',#8410,1.);
#8410 = DIRECTION('',(0.,1.));
#8411 = ( GEOMETRIC_REPRESENTATION_CONTEXT(2) 
PARAMETRIC_REPRESENTATION_CONTEXT() REPRESENTATION_CONTEXT('2D SPACE',''
  ) );
#8412 = PCURVE('',#8380,#8413);
#8413 = DEFINITIONAL_REPRESENTATION('',(#8414),#8418);
#8414 = LINE('',#8415,#8416);
#8415 = CARTESIAN_POINT('',(0.48,0.));
#8416 = VECTOR('',#8417,1.);
#8417 = DIRECTION('',(0.,-1.));
#8418 = ( GEOMETRIC_REPRESENTATION_CONTEXT(2) 
PARAMETRIC_REPRESENTATION_CONTEXT() REPRESENTATION_CONTEXT('2D SPACE',''
  ) );
#8419 = ORIENTED_EDGE('',*,*,#8420,.F.);
#8420 = EDGE_CURVE('',#8263,#8398,#8421,.T.);
#8421 = SURFACE_CURVE('',#8422,(#8426,#8433),.PCURVE_S1.);
#8422 = LINE('',#8423,#8424);
#8423 = CARTESIAN_POINT('',(65.1600007,47.531541415175,0.4800001));
#8424 = VECTOR('',#8425,1.);
#8425 = DIRECTION('',(1.,0.,0.));
#8426 = PCURVE('',#8304,#8427);
#8427 = DEFINITIONAL_REPRESENTATION('',(#8428),#8432);
#8428 = LINE('',#8429,#8430);
#8429 = CARTESIAN_POINT('',(0.,17.72));
#8430 = VECTOR('',#8431,1.);
#8431 = DIRECTION('',(1.,0.));
#8432 = ( GEOMETRIC_REPRESENTATION_CONTEXT(2) 
PARAMETRIC_REPRESENTATION_CONTEXT() REPRESENTATION_CONTEXT('2D SPACE',''
  ) );
#8433 = PCURVE('',#8278,#8434);
#8434 = DEFINITIONAL_REPRESENTATION('',(#8435),#8439);
#8435 = LINE('',#8436,#8437);
#8436 = CARTESIAN_POINT('',(0.48,0.));
#8437 = VECTOR('',#8438,1.);
#8438 = DIRECTION('',(0.,1.));
#8439 = ( GEOMETRIC_REPRESENTATION_CONTEXT(2) 
PARAMETRIC_REPRESENTATION_CONTEXT() REPRESENTATION_CONTEXT('2D SPACE',''
  ) );
#8440 = FACE_BOUND('',#8441,.T.);
#8441 = EDGE_LOOP('',(#8442,#8472,#8500,#8528));
#8442 = ORIENTED_EDGE('',*,*,#8443,.T.);
#8443 = EDGE_CURVE('',#8444,#8446,#8448,.T.);
#8444 = VERTEX_POINT('',#8445);
#8445 = CARTESIAN_POINT('',(82.3950007,30.296541415175,0.4800001));
#8446 = VERTEX_POINT('',#8447);
#8447 = CARTESIAN_POINT('',(65.6450007,30.296541415175,0.4800001));
#8448 = SURFACE_CURVE('',#8449,(#8453,#8460),.PCURVE_S1.);
#8449 = LINE('',#8450,#8451);
#8450 = CARTESIAN_POINT('',(65.4025007,30.296541415175,0.4800001));
#8451 = VECTOR('',#8452,1.);
#8452 = DIRECTION('',(-1.,0.,0.));
#8453 = PCURVE('',#8304,#8454);
#8454 = DEFINITIONAL_REPRESENTATION('',(#8455),#8459);
#8455 = LINE('',#8456,#8457);
#8456 = CARTESIAN_POINT('',(0.2425,0.485));
#8457 = VECTOR('',#8458,1.);
#8458 = DIRECTION('',(-1.,0.));
#8459 = ( GEOMETRIC_REPRESENTATION_CONTEXT(2) 
PARAMETRIC_REPRESENTATION_CONTEXT() REPRESENTATION_CONTEXT('2D SPACE',''
  ) );
#8460 = PCURVE('',#8461,#8466);
#8461 = PLANE('',#8462);
#8462 = AXIS2_PLACEMENT_3D('',#8463,#8464,#8465);
#8463 = CARTESIAN_POINT('',(65.6450007,30.296541415175,-9.99999E-02));
#8464 = DIRECTION('',(0.,1.,0.));
#8465 = DIRECTION('',(0.,0.,1.));
#8466 = DEFINITIONAL_REPRESENTATION('',(#8467),#8471);
#8467 = LINE('',#8468,#8469);
#8468 = CARTESIAN_POINT('',(0.58,-0.2425));
#8469 = VECTOR('',#8470,1.);
#8470 = DIRECTION('',(0.,-1.));
#8471 = ( GEOMETRIC_REPRESENTATION_CONTEXT(2) 
PARAMETRIC_REPRESENTATION_CONTEXT() REPRESENTATION_CONTEXT('2D SPACE',''
  ) );
#8472 = ORIENTED_EDGE('',*,*,#8473,.T.);
#8473 = EDGE_CURVE('',#8446,#8474,#8476,.T.);
#8474 = VERTEX_POINT('',#8475);
#8475 = CARTESIAN_POINT('',(65.6450007,47.046541415175,0.4800001));
#8476 = SURFACE_CURVE('',#8477,(#8481,#8488),.PCURVE_S1.);
#8477 = LINE('',#8478,#8479);
#8478 = CARTESIAN_POINT('',(65.6450007,30.054041415175,0.4800001));
#8479 = VECTOR('',#8480,1.);
#8480 = DIRECTION('',(0.,1.,0.));
#8481 = PCURVE('',#8304,#8482);
#8482 = DEFINITIONAL_REPRESENTATION('',(#8483),#8487);
#8483 = LINE('',#8484,#8485);
#8484 = CARTESIAN_POINT('',(0.485,0.2425));
#8485 = VECTOR('',#8486,1.);
#8486 = DIRECTION('',(0.,1.));
#8487 = ( GEOMETRIC_REPRESENTATION_CONTEXT(2) 
PARAMETRIC_REPRESENTATION_CONTEXT() REPRESENTATION_CONTEXT('2D SPACE',''
  ) );
#8488 = PCURVE('',#8489,#8494);
#8489 = PLANE('',#8490);
#8490 = AXIS2_PLACEMENT_3D('',#8491,#8492,#8493);
#8491 = CARTESIAN_POINT('',(65.6450007,30.296541415175,-9.99999E-02));
#8492 = DIRECTION('',(1.,0.,0.));
#8493 = DIRECTION('',(0.,0.,1.));
#8494 = DEFINITIONAL_REPRESENTATION('',(#8495),#8499);
#8495 = LINE('',#8496,#8497);
#8496 = CARTESIAN_POINT('',(0.58,0.2425));
#8497 = VECTOR('',#8498,1.);
#8498 = DIRECTION('',(0.,-1.));
#8499 = ( GEOMETRIC_REPRESENTATION_CONTEXT(2) 
PARAMETRIC_REPRESENTATION_CONTEXT() REPRESENTATION_CONTEXT('2D SPACE',''
  ) );
#8500 = ORIENTED_EDGE('',*,*,#8501,.F.);
#8501 = EDGE_CURVE('',#8502,#8474,#8504,.T.);
#8502 = VERTEX_POINT('',#8503);
#8503 = CARTESIAN_POINT('',(82.3950007,47.046541415175,0.4800001));
#8504 = SURFACE_CURVE('',#8505,(#8509,#8516),.PCURVE_S1.);
#8505 = LINE('',#8506,#8507);
#8506 = CARTESIAN_POINT('',(65.4025007,47.046541415175,0.4800001));
#8507 = VECTOR('',#8508,1.);
#8508 = DIRECTION('',(-1.,0.,0.));
#8509 = PCURVE('',#8304,#8510);
#8510 = DEFINITIONAL_REPRESENTATION('',(#8511),#8515);
#8511 = LINE('',#8512,#8513);
#8512 = CARTESIAN_POINT('',(0.2425,17.235));
#8513 = VECTOR('',#8514,1.);
#8514 = DIRECTION('',(-1.,0.));
#8515 = ( GEOMETRIC_REPRESENTATION_CONTEXT(2) 
PARAMETRIC_REPRESENTATION_CONTEXT() REPRESENTATION_CONTEXT('2D SPACE',''
  ) );
#8516 = PCURVE('',#8517,#8522);
#8517 = PLANE('',#8518);
#8518 = AXIS2_PLACEMENT_3D('',#8519,#8520,#8521);
#8519 = CARTESIAN_POINT('',(65.6450007,47.046541415175,-9.99999E-02));
#8520 = DIRECTION('',(0.,1.,0.));
#8521 = DIRECTION('',(0.,0.,1.));
#8522 = DEFINITIONAL_REPRESENTATION('',(#8523),#8527);
#8523 = LINE('',#8524,#8525);
#8524 = CARTESIAN_POINT('',(0.58,-0.2425));
#8525 = VECTOR('',#8526,1.);
#8526 = DIRECTION('',(0.,-1.));
#8527 = ( GEOMETRIC_REPRESENTATION_CONTEXT(2) 
PARAMETRIC_REPRESENTATION_CONTEXT() REPRESENTATION_CONTEXT('2D SPACE',''
  ) );
#8528 = ORIENTED_EDGE('',*,*,#8529,.F.);
#8529 = EDGE_CURVE('',#8444,#8502,#8530,.T.);
#8530 = SURFACE_CURVE('',#8531,(#8535,#8542),.PCURVE_S1.);
#8531 = LINE('',#8532,#8533);
#8532 = CARTESIAN_POINT('',(82.3950007,30.054041415175,0.4800001));
#8533 = VECTOR('',#8534,1.);
#8534 = DIRECTION('',(0.,1.,0.));
#8535 = PCURVE('',#8304,#8536);
#8536 = DEFINITIONAL_REPRESENTATION('',(#8537),#8541);
#8537 = LINE('',#8538,#8539);
#8538 = CARTESIAN_POINT('',(17.235,0.2425));
#8539 = VECTOR('',#8540,1.);
#8540 = DIRECTION('',(0.,1.));
#8541 = ( GEOMETRIC_REPRESENTATION_CONTEXT(2) 
PARAMETRIC_REPRESENTATION_CONTEXT() REPRESENTATION_CONTEXT('2D SPACE',''
  ) );
#8542 = PCURVE('',#8543,#8548);
#8543 = PLANE('',#8544);
#8544 = AXIS2_PLACEMENT_3D('',#8545,#8546,#8547);
#8545 = CARTESIAN_POINT('',(82.3950007,30.296541415175,-9.99999E-02));
#8546 = DIRECTION('',(1.,0.,0.));
#8547 = DIRECTION('',(0.,0.,1.));
#8548 = DEFINITIONAL_REPRESENTATION('',(#8549),#8553);
#8549 = LINE('',#8550,#8551);
#8550 = CARTESIAN_POINT('',(0.58,0.2425));
#8551 = VECTOR('',#8552,1.);
#8552 = DIRECTION('',(0.,-1.));
#8553 = ( GEOMETRIC_REPRESENTATION_CONTEXT(2) 
PARAMETRIC_REPRESENTATION_CONTEXT() REPRESENTATION_CONTEXT('2D SPACE',''
  ) );
#8554 = ADVANCED_FACE('',(#8555),#8278,.T.);
#8555 = FACE_BOUND('',#8556,.T.);
#8556 = EDGE_LOOP('',(#8557,#8580,#8581,#8582));
#8557 = ORIENTED_EDGE('',*,*,#8558,.F.);
#8558 = EDGE_CURVE('',#8235,#8559,#8561,.T.);
#8559 = VERTEX_POINT('',#8560);
#8560 = CARTESIAN_POINT('',(82.8800007,47.531541415175,
    1.000000020568E-07));
#8561 = SURFACE_CURVE('',#8562,(#8566,#8573),.PCURVE_S1.);
#8562 = LINE('',#8563,#8564);
#8563 = CARTESIAN_POINT('',(65.1600007,47.531541415175,
    1.000000020568E-07));
#8564 = VECTOR('',#8565,1.);
#8565 = DIRECTION('',(1.,0.,0.));
#8566 = PCURVE('',#8278,#8567);
#8567 = DEFINITIONAL_REPRESENTATION('',(#8568),#8572);
#8568 = LINE('',#8569,#8570);
#8569 = CARTESIAN_POINT('',(0.,0.));
#8570 = VECTOR('',#8571,1.);
#8571 = DIRECTION('',(0.,1.));
#8572 = ( GEOMETRIC_REPRESENTATION_CONTEXT(2) 
PARAMETRIC_REPRESENTATION_CONTEXT() REPRESENTATION_CONTEXT('2D SPACE',''
  ) );
#8573 = PCURVE('',#8250,#8574);
#8574 = DEFINITIONAL_REPRESENTATION('',(#8575),#8579);
#8575 = LINE('',#8576,#8577);
#8576 = CARTESIAN_POINT('',(0.,17.72));
#8577 = VECTOR('',#8578,1.);
#8578 = DIRECTION('',(1.,0.));
#8579 = ( GEOMETRIC_REPRESENTATION_CONTEXT(2) 
PARAMETRIC_REPRESENTATION_CONTEXT() REPRESENTATION_CONTEXT('2D SPACE',''
  ) );
#8580 = ORIENTED_EDGE('',*,*,#8262,.T.);
#8581 = ORIENTED_EDGE('',*,*,#8420,.T.);
#8582 = ORIENTED_EDGE('',*,*,#8583,.F.);
#8583 = EDGE_CURVE('',#8559,#8398,#8584,.T.);
#8584 = SURFACE_CURVE('',#8585,(#8589,#8596),.PCURVE_S1.);
#8585 = LINE('',#8586,#8587);
#8586 = CARTESIAN_POINT('',(82.8800007,47.531541415175,
    1.000000020568E-07));
#8587 = VECTOR('',#8588,1.);
#8588 = DIRECTION('',(0.,0.,1.));
#8589 = PCURVE('',#8278,#8590);
#8590 = DEFINITIONAL_REPRESENTATION('',(#8591),#8595);
#8591 = LINE('',#8592,#8593);
#8592 = CARTESIAN_POINT('',(0.,17.72));
#8593 = VECTOR('',#8594,1.);
#8594 = DIRECTION('',(1.,0.));
#8595 = ( GEOMETRIC_REPRESENTATION_CONTEXT(2) 
PARAMETRIC_REPRESENTATION_CONTEXT() REPRESENTATION_CONTEXT('2D SPACE',''
  ) );
#8596 = PCURVE('',#8380,#8597);
#8597 = DEFINITIONAL_REPRESENTATION('',(#8598),#8602);
#8598 = LINE('',#8599,#8600);
#8599 = CARTESIAN_POINT('',(0.,-17.72));
#8600 = VECTOR('',#8601,1.);
#8601 = DIRECTION('',(1.,0.));
#8602 = ( GEOMETRIC_REPRESENTATION_CONTEXT(2) 
PARAMETRIC_REPRESENTATION_CONTEXT() REPRESENTATION_CONTEXT('2D SPACE',''
  ) );
#8603 = ADVANCED_FACE('',(#8604,#8630),#8250,.F.);
#8604 = FACE_BOUND('',#8605,.F.);
#8605 = EDGE_LOOP('',(#8606,#8607,#8608,#8629));
#8606 = ORIENTED_EDGE('',*,*,#8234,.F.);
#8607 = ORIENTED_EDGE('',*,*,#8319,.T.);
#8608 = ORIENTED_EDGE('',*,*,#8609,.T.);
#8609 = EDGE_CURVE('',#8320,#8559,#8610,.T.);
#8610 = SURFACE_CURVE('',#8611,(#8615,#8622),.PCURVE_S1.);
#8611 = LINE('',#8612,#8613);
#8612 = CARTESIAN_POINT('',(82.8800007,29.811541415175,
    1.000000020568E-07));
#8613 = VECTOR('',#8614,1.);
#8614 = DIRECTION('',(0.,1.,0.));
#8615 = PCURVE('',#8250,#8616);
#8616 = DEFINITIONAL_REPRESENTATION('',(#8617),#8621);
#8617 = LINE('',#8618,#8619);
#8618 = CARTESIAN_POINT('',(17.72,0.));
#8619 = VECTOR('',#8620,1.);
#8620 = DIRECTION('',(0.,1.));
#8621 = ( GEOMETRIC_REPRESENTATION_CONTEXT(2) 
PARAMETRIC_REPRESENTATION_CONTEXT() REPRESENTATION_CONTEXT('2D SPACE',''
  ) );
#8622 = PCURVE('',#8380,#8623);
#8623 = DEFINITIONAL_REPRESENTATION('',(#8624),#8628);
#8624 = LINE('',#8625,#8626);
#8625 = CARTESIAN_POINT('',(0.,0.));
#8626 = VECTOR('',#8627,1.);
#8627 = DIRECTION('',(0.,-1.));
#8628 = ( GEOMETRIC_REPRESENTATION_CONTEXT(2) 
PARAMETRIC_REPRESENTATION_CONTEXT() REPRESENTATION_CONTEXT('2D SPACE',''
  ) );
#8629 = ORIENTED_EDGE('',*,*,#8558,.F.);
#8630 = FACE_BOUND('',#8631,.F.);
#8631 = EDGE_LOOP('',(#8632,#8657,#8680,#8703));
#8632 = ORIENTED_EDGE('',*,*,#8633,.T.);
#8633 = EDGE_CURVE('',#8634,#8636,#8638,.T.);
#8634 = VERTEX_POINT('',#8635);
#8635 = CARTESIAN_POINT('',(82.3950007,30.296541415175,
    1.000000020568E-07));
#8636 = VERTEX_POINT('',#8637);
#8637 = CARTESIAN_POINT('',(65.6450007,30.296541415175,
    1.000000020568E-07));
#8638 = SURFACE_CURVE('',#8639,(#8643,#8650),.PCURVE_S1.);
#8639 = LINE('',#8640,#8641);
#8640 = CARTESIAN_POINT('',(65.4025007,30.296541415175,
    1.000000020568E-07));
#8641 = VECTOR('',#8642,1.);
#8642 = DIRECTION('',(-1.,0.,0.));
#8643 = PCURVE('',#8250,#8644);
#8644 = DEFINITIONAL_REPRESENTATION('',(#8645),#8649);
#8645 = LINE('',#8646,#8647);
#8646 = CARTESIAN_POINT('',(0.2425,0.485));
#8647 = VECTOR('',#8648,1.);
#8648 = DIRECTION('',(-1.,0.));
#8649 = ( GEOMETRIC_REPRESENTATION_CONTEXT(2) 
PARAMETRIC_REPRESENTATION_CONTEXT() REPRESENTATION_CONTEXT('2D SPACE',''
  ) );
#8650 = PCURVE('',#8461,#8651);
#8651 = DEFINITIONAL_REPRESENTATION('',(#8652),#8656);
#8652 = LINE('',#8653,#8654);
#8653 = CARTESIAN_POINT('',(1.E-01,-0.2425));
#8654 = VECTOR('',#8655,1.);
#8655 = DIRECTION('',(0.,-1.));
#8656 = ( GEOMETRIC_REPRESENTATION_CONTEXT(2) 
PARAMETRIC_REPRESENTATION_CONTEXT() REPRESENTATION_CONTEXT('2D SPACE',''
  ) );
#8657 = ORIENTED_EDGE('',*,*,#8658,.T.);
#8658 = EDGE_CURVE('',#8636,#8659,#8661,.T.);
#8659 = VERTEX_POINT('',#8660);
#8660 = CARTESIAN_POINT('',(65.6450007,47.046541415175,
    1.000000020568E-07));
#8661 = SURFACE_CURVE('',#8662,(#8666,#8673),.PCURVE_S1.);
#8662 = LINE('',#8663,#8664);
#8663 = CARTESIAN_POINT('',(65.6450007,30.054041415175,
    1.000000020568E-07));
#8664 = VECTOR('',#8665,1.);
#8665 = DIRECTION('',(0.,1.,0.));
#8666 = PCURVE('',#8250,#8667);
#8667 = DEFINITIONAL_REPRESENTATION('',(#8668),#8672);
#8668 = LINE('',#8669,#8670);
#8669 = CARTESIAN_POINT('',(0.485,0.2425));
#8670 = VECTOR('',#8671,1.);
#8671 = DIRECTION('',(0.,1.));
#8672 = ( GEOMETRIC_REPRESENTATION_CONTEXT(2) 
PARAMETRIC_REPRESENTATION_CONTEXT() REPRESENTATION_CONTEXT('2D SPACE',''
  ) );
#8673 = PCURVE('',#8489,#8674);
#8674 = DEFINITIONAL_REPRESENTATION('',(#8675),#8679);
#8675 = LINE('',#8676,#8677);
#8676 = CARTESIAN_POINT('',(1.E-01,0.2425));
#8677 = VECTOR('',#8678,1.);
#8678 = DIRECTION('',(0.,-1.));
#8679 = ( GEOMETRIC_REPRESENTATION_CONTEXT(2) 
PARAMETRIC_REPRESENTATION_CONTEXT() REPRESENTATION_CONTEXT('2D SPACE',''
  ) );
#8680 = ORIENTED_EDGE('',*,*,#8681,.F.);
#8681 = EDGE_CURVE('',#8682,#8659,#8684,.T.);
#8682 = VERTEX_POINT('',#8683);
#8683 = CARTESIAN_POINT('',(82.3950007,47.046541415175,
    1.000000020568E-07));
#8684 = SURFACE_CURVE('',#8685,(#8689,#8696),.PCURVE_S1.);
#8685 = LINE('',#8686,#8687);
#8686 = CARTESIAN_POINT('',(65.4025007,47.046541415175,
    1.000000020568E-07));
#8687 = VECTOR('',#8688,1.);
#8688 = DIRECTION('',(-1.,0.,0.));
#8689 = PCURVE('',#8250,#8690);
#8690 = DEFINITIONAL_REPRESENTATION('',(#8691),#8695);
#8691 = LINE('',#8692,#8693);
#8692 = CARTESIAN_POINT('',(0.2425,17.235));
#8693 = VECTOR('',#8694,1.);
#8694 = DIRECTION('',(-1.,0.));
#8695 = ( GEOMETRIC_REPRESENTATION_CONTEXT(2) 
PARAMETRIC_REPRESENTATION_CONTEXT() REPRESENTATION_CONTEXT('2D SPACE',''
  ) );
#8696 = PCURVE('',#8517,#8697);
#8697 = DEFINITIONAL_REPRESENTATION('',(#8698),#8702);
#8698 = LINE('',#8699,#8700);
#8699 = CARTESIAN_POINT('',(1.E-01,-0.2425));
#8700 = VECTOR('',#8701,1.);
#8701 = DIRECTION('',(0.,-1.));
#8702 = ( GEOMETRIC_REPRESENTATION_CONTEXT(2) 
PARAMETRIC_REPRESENTATION_CONTEXT() REPRESENTATION_CONTEXT('2D SPACE',''
  ) );
#8703 = ORIENTED_EDGE('',*,*,#8704,.F.);
#8704 = EDGE_CURVE('',#8634,#8682,#8705,.T.);
#8705 = SURFACE_CURVE('',#8706,(#8710,#8717),.PCURVE_S1.);
#8706 = LINE('',#8707,#8708);
#8707 = CARTESIAN_POINT('',(82.3950007,30.054041415175,
    1.000000020568E-07));
#8708 = VECTOR('',#8709,1.);
#8709 = DIRECTION('',(0.,1.,0.));
#8710 = PCURVE('',#8250,#8711);
#8711 = DEFINITIONAL_REPRESENTATION('',(#8712),#8716);
#8712 = LINE('',#8713,#8714);
#8713 = CARTESIAN_POINT('',(17.235,0.2425));
#8714 = VECTOR('',#8715,1.);
#8715 = DIRECTION('',(0.,1.));
#8716 = ( GEOMETRIC_REPRESENTATION_CONTEXT(2) 
PARAMETRIC_REPRESENTATION_CONTEXT() REPRESENTATION_CONTEXT('2D SPACE',''
  ) );
#8717 = PCURVE('',#8543,#8718);
#8718 = DEFINITIONAL_REPRESENTATION('',(#8719),#8723);
#8719 = LINE('',#8720,#8721);
#8720 = CARTESIAN_POINT('',(1.E-01,0.2425));
#8721 = VECTOR('',#8722,1.);
#8722 = DIRECTION('',(0.,-1.));
#8723 = ( GEOMETRIC_REPRESENTATION_CONTEXT(2) 
PARAMETRIC_REPRESENTATION_CONTEXT() REPRESENTATION_CONTEXT('2D SPACE',''
  ) );
#8724 = ADVANCED_FACE('',(#8725),#8380,.T.);
#8725 = FACE_BOUND('',#8726,.T.);
#8726 = EDGE_LOOP('',(#8727,#8728,#8729,#8730));
#8727 = ORIENTED_EDGE('',*,*,#8366,.F.);
#8728 = ORIENTED_EDGE('',*,*,#8609,.T.);
#8729 = ORIENTED_EDGE('',*,*,#8583,.T.);
#8730 = ORIENTED_EDGE('',*,*,#8397,.F.);
#8731 = ADVANCED_FACE('',(#8732),#8461,.T.);
#8732 = FACE_BOUND('',#8733,.T.);
#8733 = EDGE_LOOP('',(#8734,#8755,#8756,#8777));
#8734 = ORIENTED_EDGE('',*,*,#8735,.F.);
#8735 = EDGE_CURVE('',#8634,#8444,#8736,.T.);
#8736 = SURFACE_CURVE('',#8737,(#8741,#8748),.PCURVE_S1.);
#8737 = LINE('',#8738,#8739);
#8738 = CARTESIAN_POINT('',(82.3950007,30.296541415175,-9.99999E-02));
#8739 = VECTOR('',#8740,1.);
#8740 = DIRECTION('',(0.,0.,1.));
#8741 = PCURVE('',#8461,#8742);
#8742 = DEFINITIONAL_REPRESENTATION('',(#8743),#8747);
#8743 = LINE('',#8744,#8745);
#8744 = CARTESIAN_POINT('',(0.,16.75));
#8745 = VECTOR('',#8746,1.);
#8746 = DIRECTION('',(1.,0.));
#8747 = ( GEOMETRIC_REPRESENTATION_CONTEXT(2) 
PARAMETRIC_REPRESENTATION_CONTEXT() REPRESENTATION_CONTEXT('2D SPACE',''
  ) );
#8748 = PCURVE('',#8543,#8749);
#8749 = DEFINITIONAL_REPRESENTATION('',(#8750),#8754);
#8750 = LINE('',#8751,#8752);
#8751 = CARTESIAN_POINT('',(0.,0.));
#8752 = VECTOR('',#8753,1.);
#8753 = DIRECTION('',(1.,0.));
#8754 = ( GEOMETRIC_REPRESENTATION_CONTEXT(2) 
PARAMETRIC_REPRESENTATION_CONTEXT() REPRESENTATION_CONTEXT('2D SPACE',''
  ) );
#8755 = ORIENTED_EDGE('',*,*,#8633,.T.);
#8756 = ORIENTED_EDGE('',*,*,#8757,.T.);
#8757 = EDGE_CURVE('',#8636,#8446,#8758,.T.);
#8758 = SURFACE_CURVE('',#8759,(#8763,#8770),.PCURVE_S1.);
#8759 = LINE('',#8760,#8761);
#8760 = CARTESIAN_POINT('',(65.6450007,30.296541415175,-9.99999E-02));
#8761 = VECTOR('',#8762,1.);
#8762 = DIRECTION('',(0.,0.,1.));
#8763 = PCURVE('',#8461,#8764);
#8764 = DEFINITIONAL_REPRESENTATION('',(#8765),#8769);
#8765 = LINE('',#8766,#8767);
#8766 = CARTESIAN_POINT('',(0.,0.));
#8767 = VECTOR('',#8768,1.);
#8768 = DIRECTION('',(1.,0.));
#8769 = ( GEOMETRIC_REPRESENTATION_CONTEXT(2) 
PARAMETRIC_REPRESENTATION_CONTEXT() REPRESENTATION_CONTEXT('2D SPACE',''
  ) );
#8770 = PCURVE('',#8489,#8771);
#8771 = DEFINITIONAL_REPRESENTATION('',(#8772),#8776);
#8772 = LINE('',#8773,#8774);
#8773 = CARTESIAN_POINT('',(0.,0.));
#8774 = VECTOR('',#8775,1.);
#8775 = DIRECTION('',(1.,0.));
#8776 = ( GEOMETRIC_REPRESENTATION_CONTEXT(2) 
PARAMETRIC_REPRESENTATION_CONTEXT() REPRESENTATION_CONTEXT('2D SPACE',''
  ) );
#8777 = ORIENTED_EDGE('',*,*,#8443,.F.);
#8778 = ADVANCED_FACE('',(#8779),#8543,.F.);
#8779 = FACE_BOUND('',#8780,.F.);
#8780 = EDGE_LOOP('',(#8781,#8782,#8783,#8804));
#8781 = ORIENTED_EDGE('',*,*,#8735,.F.);
#8782 = ORIENTED_EDGE('',*,*,#8704,.T.);
#8783 = ORIENTED_EDGE('',*,*,#8784,.T.);
#8784 = EDGE_CURVE('',#8682,#8502,#8785,.T.);
#8785 = SURFACE_CURVE('',#8786,(#8790,#8797),.PCURVE_S1.);
#8786 = LINE('',#8787,#8788);
#8787 = CARTESIAN_POINT('',(82.3950007,47.046541415175,-9.99999E-02));
#8788 = VECTOR('',#8789,1.);
#8789 = DIRECTION('',(0.,0.,1.));
#8790 = PCURVE('',#8543,#8791);
#8791 = DEFINITIONAL_REPRESENTATION('',(#8792),#8796);
#8792 = LINE('',#8793,#8794);
#8793 = CARTESIAN_POINT('',(0.,-16.75));
#8794 = VECTOR('',#8795,1.);
#8795 = DIRECTION('',(1.,0.));
#8796 = ( GEOMETRIC_REPRESENTATION_CONTEXT(2) 
PARAMETRIC_REPRESENTATION_CONTEXT() REPRESENTATION_CONTEXT('2D SPACE',''
  ) );
#8797 = PCURVE('',#8517,#8798);
#8798 = DEFINITIONAL_REPRESENTATION('',(#8799),#8803);
#8799 = LINE('',#8800,#8801);
#8800 = CARTESIAN_POINT('',(0.,16.75));
#8801 = VECTOR('',#8802,1.);
#8802 = DIRECTION('',(1.,0.));
#8803 = ( GEOMETRIC_REPRESENTATION_CONTEXT(2) 
PARAMETRIC_REPRESENTATION_CONTEXT() REPRESENTATION_CONTEXT('2D SPACE',''
  ) );
#8804 = ORIENTED_EDGE('',*,*,#8529,.F.);
#8805 = ADVANCED_FACE('',(#8806),#8517,.F.);
#8806 = FACE_BOUND('',#8807,.F.);
#8807 = EDGE_LOOP('',(#8808,#8809,#8810,#8831));
#8808 = ORIENTED_EDGE('',*,*,#8784,.F.);
#8809 = ORIENTED_EDGE('',*,*,#8681,.T.);
#8810 = ORIENTED_EDGE('',*,*,#8811,.T.);
#8811 = EDGE_CURVE('',#8659,#8474,#8812,.T.);
#8812 = SURFACE_CURVE('',#8813,(#8817,#8824),.PCURVE_S1.);
#8813 = LINE('',#8814,#8815);
#8814 = CARTESIAN_POINT('',(65.6450007,47.046541415175,-9.99999E-02));
#8815 = VECTOR('',#8816,1.);
#8816 = DIRECTION('',(0.,0.,1.));
#8817 = PCURVE('',#8517,#8818);
#8818 = DEFINITIONAL_REPRESENTATION('',(#8819),#8823);
#8819 = LINE('',#8820,#8821);
#8820 = CARTESIAN_POINT('',(0.,0.));
#8821 = VECTOR('',#8822,1.);
#8822 = DIRECTION('',(1.,0.));
#8823 = ( GEOMETRIC_REPRESENTATION_CONTEXT(2) 
PARAMETRIC_REPRESENTATION_CONTEXT() REPRESENTATION_CONTEXT('2D SPACE',''
  ) );
#8824 = PCURVE('',#8489,#8825);
#8825 = DEFINITIONAL_REPRESENTATION('',(#8826),#8830);
#8826 = LINE('',#8827,#8828);
#8827 = CARTESIAN_POINT('',(0.,-16.75));
#8828 = VECTOR('',#8829,1.);
#8829 = DIRECTION('',(1.,0.));
#8830 = ( GEOMETRIC_REPRESENTATION_CONTEXT(2) 
PARAMETRIC_REPRESENTATION_CONTEXT() REPRESENTATION_CONTEXT('2D SPACE',''
  ) );
#8831 = ORIENTED_EDGE('',*,*,#8501,.F.);
#8832 = ADVANCED_FACE('',(#8833),#8489,.T.);
#8833 = FACE_BOUND('',#8834,.T.);
#8834 = EDGE_LOOP('',(#8835,#8836,#8837,#8838));
#8835 = ORIENTED_EDGE('',*,*,#8757,.F.);
#8836 = ORIENTED_EDGE('',*,*,#8658,.T.);
#8837 = ORIENTED_EDGE('',*,*,#8811,.T.);
#8838 = ORIENTED_EDGE('',*,*,#8473,.F.);
#8839 = ( GEOMETRIC_REPRESENTATION_CONTEXT(3) 
GLOBAL_UNCERTAINTY_ASSIGNED_CONTEXT((#8843)) 
GLOBAL_UNIT_ASSIGNED_CONTEXT((#8840,#8841,#8842)) REPRESENTATION_CONTEXT
('Context #1','3D Context with UNIT and UNCERTAINTY') );
#8840 = ( LENGTH_UNIT() NAMED_UNIT(*) SI_UNIT(.MILLI.,.METRE.) );
#8841 = ( NAMED_UNIT(*) PLANE_ANGLE_UNIT() SI_UNIT($,.RADIAN.) );
#8842 = ( NAMED_UNIT(*) SI_UNIT($,.STERADIAN.) SOLID_ANGLE_UNIT() );
#8843 = UNCERTAINTY_MEASURE_WITH_UNIT(LENGTH_MEASURE(1.E-07),#8840,
  'distance_accuracy_value','confusion accuracy');
#8844 = CONTEXT_DEPENDENT_SHAPE_REPRESENTATION(#8845,#8847);
#8845 = ( REPRESENTATION_RELATIONSHIP('','',#8192,#10) 
REPRESENTATION_RELATIONSHIP_WITH_TRANSFORMATION(#8846) 
SHAPE_REPRESENTATION_RELATIONSHIP() );
#8846 = ITEM_DEFINED_TRANSFORMATION('','',#11,#55);
#8847 = PRODUCT_DEFINITION_SHAPE('Placement','Placement of an item',
  #8848);
#8848 = NEXT_ASSEMBLY_USAGE_OCCURRENCE('261','','',#5,#8187,$);
#8849 = PRODUCT_RELATED_PRODUCT_CATEGORY('part',$,(#8189));
#8850 = SHAPE_DEFINITION_REPRESENTATION(#8851,#8857);
#8851 = PRODUCT_DEFINITION_SHAPE('','',#8852);
#8852 = PRODUCT_DEFINITION('design','',#8853,#8856);
#8853 = PRODUCT_DEFINITION_FORMATION('','',#8854);
#8854 = PRODUCT('Open CASCADE STEP translator 7.8 2.12',
  'Open CASCADE STEP translator 7.8 2.12','',(#8855));
#8855 = PRODUCT_CONTEXT('',#2,'mechanical');
#8856 = PRODUCT_DEFINITION_CONTEXT('part definition',#2,'design');
#8857 = ADVANCED_BREP_SHAPE_REPRESENTATION('',(#11,#8858),#9040);
#8858 = MANIFOLD_SOLID_BREP('',#8859);
#8859 = CLOSED_SHELL('',(#8860,#8948,#8983,#9033));
#8860 = ADVANCED_FACE('',(#8861),#8875,.T.);
#8861 = FACE_BOUND('',#8862,.F.);
#8862 = EDGE_LOOP('',(#8863,#8893,#8920,#8921));
#8863 = ORIENTED_EDGE('',*,*,#8864,.T.);
#8864 = EDGE_CURVE('',#8865,#8867,#8869,.T.);
#8865 = VERTEX_POINT('',#8866);
#8866 = CARTESIAN_POINT('',(95.881399580996,34.311541415175,
    1.398780996334E-03));
#8867 = VERTEX_POINT('',#8868);
#8868 = CARTESIAN_POINT('',(95.881399580996,34.311541415175,
    0.481398780996));
#8869 = SEAM_CURVE('',#8870,(#8874,#8886),.PCURVE_S1.);
#8870 = LINE('',#8871,#8872);
#8871 = CARTESIAN_POINT('',(95.881399580996,34.311541415175,
    1.398780996334E-03));
#8872 = VECTOR('',#8873,1.);
#8873 = DIRECTION('',(0.,0.,1.));
#8874 = PCURVE('',#8875,#8880);
#8875 = CYLINDRICAL_SURFACE('',#8876,4.5);
#8876 = AXIS2_PLACEMENT_3D('',#8877,#8878,#8879);
#8877 = CARTESIAN_POINT('',(91.381399580996,34.311541415175,
    1.398780996334E-03));
#8878 = DIRECTION('',(-0.,-0.,-1.));
#8879 = DIRECTION('',(1.,0.,0.));
#8880 = DEFINITIONAL_REPRESENTATION('',(#8881),#8885);
#8881 = LINE('',#8882,#8883);
#8882 = CARTESIAN_POINT('',(-0.,0.));
#8883 = VECTOR('',#8884,1.);
#8884 = DIRECTION('',(-0.,-1.));
#8885 = ( GEOMETRIC_REPRESENTATION_CONTEXT(2) 
PARAMETRIC_REPRESENTATION_CONTEXT() REPRESENTATION_CONTEXT('2D SPACE',''
  ) );
#8886 = PCURVE('',#8875,#8887);
#8887 = DEFINITIONAL_REPRESENTATION('',(#8888),#8892);
#8888 = LINE('',#8889,#8890);
#8889 = CARTESIAN_POINT('',(-6.28318530718,0.));
#8890 = VECTOR('',#8891,1.);
#8891 = DIRECTION('',(-0.,-1.));
#8892 = ( GEOMETRIC_REPRESENTATION_CONTEXT(2) 
PARAMETRIC_REPRESENTATION_CONTEXT() REPRESENTATION_CONTEXT('2D SPACE',''
  ) );
#8893 = ORIENTED_EDGE('',*,*,#8894,.T.);
#8894 = EDGE_CURVE('',#8867,#8867,#8895,.T.);
#8895 = SURFACE_CURVE('',#8896,(#8901,#8908),.PCURVE_S1.);
#8896 = CIRCLE('',#8897,4.5);
#8897 = AXIS2_PLACEMENT_3D('',#8898,#8899,#8900);
#8898 = CARTESIAN_POINT('',(91.381399580996,34.311541415175,
    0.481398780996));
#8899 = DIRECTION('',(0.,0.,1.));
#8900 = DIRECTION('',(1.,0.,0.));
#8901 = PCURVE('',#8875,#8902);
#8902 = DEFINITIONAL_REPRESENTATION('',(#8903),#8907);
#8903 = LINE('',#8904,#8905);
#8904 = CARTESIAN_POINT('',(-0.,-0.48));
#8905 = VECTOR('',#8906,1.);
#8906 = DIRECTION('',(-1.,0.));
#8907 = ( GEOMETRIC_REPRESENTATION_CONTEXT(2) 
PARAMETRIC_REPRESENTATION_CONTEXT() REPRESENTATION_CONTEXT('2D SPACE',''
  ) );
#8908 = PCURVE('',#8909,#8914);
#8909 = PLANE('',#8910);
#8910 = AXIS2_PLACEMENT_3D('',#8911,#8912,#8913);
#8911 = CARTESIAN_POINT('',(91.381399580996,34.311541415175,
    0.481398780996));
#8912 = DIRECTION('',(0.,0.,1.));
#8913 = DIRECTION('',(1.,0.,-0.));
#8914 = DEFINITIONAL_REPRESENTATION('',(#8915),#8919);
#8915 = CIRCLE('',#8916,4.5);
#8916 = AXIS2_PLACEMENT_2D('',#8917,#8918);
#8917 = CARTESIAN_POINT('',(0.,0.));
#8918 = DIRECTION('',(1.,0.));
#8919 = ( GEOMETRIC_REPRESENTATION_CONTEXT(2) 
PARAMETRIC_REPRESENTATION_CONTEXT() REPRESENTATION_CONTEXT('2D SPACE',''
  ) );
#8920 = ORIENTED_EDGE('',*,*,#8864,.F.);
#8921 = ORIENTED_EDGE('',*,*,#8922,.F.);
#8922 = EDGE_CURVE('',#8865,#8865,#8923,.T.);
#8923 = SURFACE_CURVE('',#8924,(#8929,#8936),.PCURVE_S1.);
#8924 = CIRCLE('',#8925,4.5);
#8925 = AXIS2_PLACEMENT_3D('',#8926,#8927,#8928);
#8926 = CARTESIAN_POINT('',(91.381399580996,34.311541415175,
    1.398780996334E-03));
#8927 = DIRECTION('',(0.,0.,1.));
#8928 = DIRECTION('',(1.,0.,0.));
#8929 = PCURVE('',#8875,#8930);
#8930 = DEFINITIONAL_REPRESENTATION('',(#8931),#8935);
#8931 = LINE('',#8932,#8933);
#8932 = CARTESIAN_POINT('',(-0.,0.));
#8933 = VECTOR('',#8934,1.);
#8934 = DIRECTION('',(-1.,0.));
#8935 = ( GEOMETRIC_REPRESENTATION_CONTEXT(2) 
PARAMETRIC_REPRESENTATION_CONTEXT() REPRESENTATION_CONTEXT('2D SPACE',''
  ) );
#8936 = PCURVE('',#8937,#8942);
#8937 = PLANE('',#8938);
#8938 = AXIS2_PLACEMENT_3D('',#8939,#8940,#8941);
#8939 = CARTESIAN_POINT('',(91.381399580996,34.311541415175,
    1.398780996334E-03));
#8940 = DIRECTION('',(0.,0.,1.));
#8941 = DIRECTION('',(1.,0.,-0.));
#8942 = DEFINITIONAL_REPRESENTATION('',(#8943),#8947);
#8943 = CIRCLE('',#8944,4.5);
#8944 = AXIS2_PLACEMENT_2D('',#8945,#8946);
#8945 = CARTESIAN_POINT('',(0.,0.));
#8946 = DIRECTION('',(1.,0.));
#8947 = ( GEOMETRIC_REPRESENTATION_CONTEXT(2) 
PARAMETRIC_REPRESENTATION_CONTEXT() REPRESENTATION_CONTEXT('2D SPACE',''
  ) );
#8948 = ADVANCED_FACE('',(#8949,#8952),#8937,.F.);
#8949 = FACE_BOUND('',#8950,.F.);
#8950 = EDGE_LOOP('',(#8951));
#8951 = ORIENTED_EDGE('',*,*,#8922,.T.);
#8952 = FACE_BOUND('',#8953,.F.);
#8953 = EDGE_LOOP('',(#8954));
#8954 = ORIENTED_EDGE('',*,*,#8955,.F.);
#8955 = EDGE_CURVE('',#8956,#8956,#8958,.T.);
#8956 = VERTEX_POINT('',#8957);
#8957 = CARTESIAN_POINT('',(95.131399580996,34.311541415175,
    1.398780996334E-03));
#8958 = SURFACE_CURVE('',#8959,(#8964,#8971),.PCURVE_S1.);
#8959 = CIRCLE('',#8960,3.75);
#8960 = AXIS2_PLACEMENT_3D('',#8961,#8962,#8963);
#8961 = CARTESIAN_POINT('',(91.381399580996,34.311541415175,
    1.398780996334E-03));
#8962 = DIRECTION('',(0.,0.,1.));
#8963 = DIRECTION('',(1.,0.,0.));
#8964 = PCURVE('',#8937,#8965);
#8965 = DEFINITIONAL_REPRESENTATION('',(#8966),#8970);
#8966 = CIRCLE('',#8967,3.75);
#8967 = AXIS2_PLACEMENT_2D('',#8968,#8969);
#8968 = CARTESIAN_POINT('',(2.84217094304E-14,0.));
#8969 = DIRECTION('',(1.,0.));
#8970 = ( GEOMETRIC_REPRESENTATION_CONTEXT(2) 
PARAMETRIC_REPRESENTATION_CONTEXT() REPRESENTATION_CONTEXT('2D SPACE',''
  ) );
#8971 = PCURVE('',#8972,#8977);
#8972 = CYLINDRICAL_SURFACE('',#8973,3.75);
#8973 = AXIS2_PLACEMENT_3D('',#8974,#8975,#8976);
#8974 = CARTESIAN_POINT('',(91.381399580996,34.311541415175,
    1.398780996334E-03));
#8975 = DIRECTION('',(-0.,-0.,-1.));
#8976 = DIRECTION('',(1.,0.,0.));
#8977 = DEFINITIONAL_REPRESENTATION('',(#8978),#8982);
#8978 = LINE('',#8979,#8980);
#8979 = CARTESIAN_POINT('',(-0.,0.));
#8980 = VECTOR('',#8981,1.);
#8981 = DIRECTION('',(-1.,0.));
#8982 = ( GEOMETRIC_REPRESENTATION_CONTEXT(2) 
PARAMETRIC_REPRESENTATION_CONTEXT() REPRESENTATION_CONTEXT('2D SPACE',''
  ) );
#8983 = ADVANCED_FACE('',(#8984),#8972,.F.);
#8984 = FACE_BOUND('',#8985,.T.);
#8985 = EDGE_LOOP('',(#8986,#9009,#9031,#9032));
#8986 = ORIENTED_EDGE('',*,*,#8987,.T.);
#8987 = EDGE_CURVE('',#8956,#8988,#8990,.T.);
#8988 = VERTEX_POINT('',#8989);
#8989 = CARTESIAN_POINT('',(95.131399580996,34.311541415175,
    0.481398780996));
#8990 = SEAM_CURVE('',#8991,(#8995,#9002),.PCURVE_S1.);
#8991 = LINE('',#8992,#8993);
#8992 = CARTESIAN_POINT('',(95.131399580996,34.311541415175,
    1.398780996334E-03));
#8993 = VECTOR('',#8994,1.);
#8994 = DIRECTION('',(0.,0.,1.));
#8995 = PCURVE('',#8972,#8996);
#8996 = DEFINITIONAL_REPRESENTATION('',(#8997),#9001);
#8997 = LINE('',#8998,#8999);
#8998 = CARTESIAN_POINT('',(-0.,0.));
#8999 = VECTOR('',#9000,1.);
#9000 = DIRECTION('',(-0.,-1.));
#9001 = ( GEOMETRIC_REPRESENTATION_CONTEXT(2) 
PARAMETRIC_REPRESENTATION_CONTEXT() REPRESENTATION_CONTEXT('2D SPACE',''
  ) );
#9002 = PCURVE('',#8972,#9003);
#9003 = DEFINITIONAL_REPRESENTATION('',(#9004),#9008);
#9004 = LINE('',#9005,#9006);
#9005 = CARTESIAN_POINT('',(-6.28318530718,0.));
#9006 = VECTOR('',#9007,1.);
#9007 = DIRECTION('',(-0.,-1.));
#9008 = ( GEOMETRIC_REPRESENTATION_CONTEXT(2) 
PARAMETRIC_REPRESENTATION_CONTEXT() REPRESENTATION_CONTEXT('2D SPACE',''
  ) );
#9009 = ORIENTED_EDGE('',*,*,#9010,.T.);
#9010 = EDGE_CURVE('',#8988,#8988,#9011,.T.);
#9011 = SURFACE_CURVE('',#9012,(#9017,#9024),.PCURVE_S1.);
#9012 = CIRCLE('',#9013,3.75);
#9013 = AXIS2_PLACEMENT_3D('',#9014,#9015,#9016);
#9014 = CARTESIAN_POINT('',(91.381399580996,34.311541415175,
    0.481398780996));
#9015 = DIRECTION('',(0.,0.,1.));
#9016 = DIRECTION('',(1.,0.,0.));
#9017 = PCURVE('',#8972,#9018);
#9018 = DEFINITIONAL_REPRESENTATION('',(#9019),#9023);
#9019 = LINE('',#9020,#9021);
#9020 = CARTESIAN_POINT('',(-0.,-0.48));
#9021 = VECTOR('',#9022,1.);
#9022 = DIRECTION('',(-1.,0.));
#9023 = ( GEOMETRIC_REPRESENTATION_CONTEXT(2) 
PARAMETRIC_REPRESENTATION_CONTEXT() REPRESENTATION_CONTEXT('2D SPACE',''
  ) );
#9024 = PCURVE('',#8909,#9025);
#9025 = DEFINITIONAL_REPRESENTATION('',(#9026),#9030);
#9026 = CIRCLE('',#9027,3.75);
#9027 = AXIS2_PLACEMENT_2D('',#9028,#9029);
#9028 = CARTESIAN_POINT('',(2.84217094304E-14,0.));
#9029 = DIRECTION('',(1.,0.));
#9030 = ( GEOMETRIC_REPRESENTATION_CONTEXT(2) 
PARAMETRIC_REPRESENTATION_CONTEXT() REPRESENTATION_CONTEXT('2D SPACE',''
  ) );
#9031 = ORIENTED_EDGE('',*,*,#8987,.F.);
#9032 = ORIENTED_EDGE('',*,*,#8955,.F.);
#9033 = ADVANCED_FACE('',(#9034,#9037),#8909,.T.);
#9034 = FACE_BOUND('',#9035,.T.);
#9035 = EDGE_LOOP('',(#9036));
#9036 = ORIENTED_EDGE('',*,*,#8894,.T.);
#9037 = FACE_BOUND('',#9038,.T.);
#9038 = EDGE_LOOP('',(#9039));
#9039 = ORIENTED_EDGE('',*,*,#9010,.F.);
#9040 = ( GEOMETRIC_REPRESENTATION_CONTEXT(3) 
GLOBAL_UNCERTAINTY_ASSIGNED_CONTEXT((#9044)) 
GLOBAL_UNIT_ASSIGNED_CONTEXT((#9041,#9042,#9043)) REPRESENTATION_CONTEXT
('Context #1','3D Context with UNIT and UNCERTAINTY') );
#9041 = ( LENGTH_UNIT() NAMED_UNIT(*) SI_UNIT(.MILLI.,.METRE.) );
#9042 = ( NAMED_UNIT(*) PLANE_ANGLE_UNIT() SI_UNIT($,.RADIAN.) );
#9043 = ( NAMED_UNIT(*) SI_UNIT($,.STERADIAN.) SOLID_ANGLE_UNIT() );
#9044 = UNCERTAINTY_MEASURE_WITH_UNIT(LENGTH_MEASURE(1.E-07),#9041,
  'distance_accuracy_value','confusion accuracy');
#9045 = CONTEXT_DEPENDENT_SHAPE_REPRESENTATION(#9046,#9048);
#9046 = ( REPRESENTATION_RELATIONSHIP('','',#8857,#10) 
REPRESENTATION_RELATIONSHIP_WITH_TRANSFORMATION(#9047) 
SHAPE_REPRESENTATION_RELATIONSHIP() );
#9047 = ITEM_DEFINED_TRANSFORMATION('','',#11,#59);
#9048 = PRODUCT_DEFINITION_SHAPE('Placement','Placement of an item',
  #9049);
#9049 = NEXT_ASSEMBLY_USAGE_OCCURRENCE('262','','',#5,#8852,$);
#9050 = PRODUCT_RELATED_PRODUCT_CATEGORY('part',$,(#8854));
#9051 = SHAPE_DEFINITION_REPRESENTATION(#9052,#9058);
#9052 = PRODUCT_DEFINITION_SHAPE('','',#9053);
#9053 = PRODUCT_DEFINITION('design','',#9054,#9057);
#9054 = PRODUCT_DEFINITION_FORMATION('','',#9055);
#9055 = PRODUCT('Open CASCADE STEP translator 7.8 2.13',
  'Open CASCADE STEP translator 7.8 2.13','',(#9056));
#9056 = PRODUCT_CONTEXT('',#2,'mechanical');
#9057 = PRODUCT_DEFINITION_CONTEXT('part definition',#2,'design');
#9058 = ADVANCED_BREP_SHAPE_REPRESENTATION('',(#11,#9059),#9241);
#9059 = MANIFOLD_SOLID_BREP('',#9060);
#9060 = CLOSED_SHELL('',(#9061,#9149,#9184,#9234));
#9061 = ADVANCED_FACE('',(#9062),#9076,.T.);
#9062 = FACE_BOUND('',#9063,.F.);
#9063 = EDGE_LOOP('',(#9064,#9094,#9121,#9122));
#9064 = ORIENTED_EDGE('',*,*,#9065,.T.);
#9065 = EDGE_CURVE('',#9066,#9068,#9070,.T.);
#9066 = VERTEX_POINT('',#9067);
#9067 = CARTESIAN_POINT('',(108.88419714298,34.311541415175,
    1.398780996336E-03));
#9068 = VERTEX_POINT('',#9069);
#9069 = CARTESIAN_POINT('',(108.88419714298,34.311541415175,
    0.481398780996));
#9070 = SEAM_CURVE('',#9071,(#9075,#9087),.PCURVE_S1.);
#9071 = LINE('',#9072,#9073);
#9072 = CARTESIAN_POINT('',(108.88419714298,34.311541415175,
    1.398780996336E-03));
#9073 = VECTOR('',#9074,1.);
#9074 = DIRECTION('',(0.,0.,1.));
#9075 = PCURVE('',#9076,#9081);
#9076 = CYLINDRICAL_SURFACE('',#9077,4.5);
#9077 = AXIS2_PLACEMENT_3D('',#9078,#9079,#9080);
#9078 = CARTESIAN_POINT('',(104.38419714298,34.311541415175,
    1.398780996336E-03));
#9079 = DIRECTION('',(-0.,-0.,-1.));
#9080 = DIRECTION('',(1.,0.,0.));
#9081 = DEFINITIONAL_REPRESENTATION('',(#9082),#9086);
#9082 = LINE('',#9083,#9084);
#9083 = CARTESIAN_POINT('',(-0.,0.));
#9084 = VECTOR('',#9085,1.);
#9085 = DIRECTION('',(-0.,-1.));
#9086 = ( GEOMETRIC_REPRESENTATION_CONTEXT(2) 
PARAMETRIC_REPRESENTATION_CONTEXT() REPRESENTATION_CONTEXT('2D SPACE',''
  ) );
#9087 = PCURVE('',#9076,#9088);
#9088 = DEFINITIONAL_REPRESENTATION('',(#9089),#9093);
#9089 = LINE('',#9090,#9091);
#9090 = CARTESIAN_POINT('',(-6.28318530718,0.));
#9091 = VECTOR('',#9092,1.);
#9092 = DIRECTION('',(-0.,-1.));
#9093 = ( GEOMETRIC_REPRESENTATION_CONTEXT(2) 
PARAMETRIC_REPRESENTATION_CONTEXT() REPRESENTATION_CONTEXT('2D SPACE',''
  ) );
#9094 = ORIENTED_EDGE('',*,*,#9095,.T.);
#9095 = EDGE_CURVE('',#9068,#9068,#9096,.T.);
#9096 = SURFACE_CURVE('',#9097,(#9102,#9109),.PCURVE_S1.);
#9097 = CIRCLE('',#9098,4.5);
#9098 = AXIS2_PLACEMENT_3D('',#9099,#9100,#9101);
#9099 = CARTESIAN_POINT('',(104.38419714298,34.311541415175,
    0.481398780996));
#9100 = DIRECTION('',(0.,0.,1.));
#9101 = DIRECTION('',(1.,0.,0.));
#9102 = PCURVE('',#9076,#9103);
#9103 = DEFINITIONAL_REPRESENTATION('',(#9104),#9108);
#9104 = LINE('',#9105,#9106);
#9105 = CARTESIAN_POINT('',(-0.,-0.48));
#9106 = VECTOR('',#9107,1.);
#9107 = DIRECTION('',(-1.,0.));
#9108 = ( GEOMETRIC_REPRESENTATION_CONTEXT(2) 
PARAMETRIC_REPRESENTATION_CONTEXT() REPRESENTATION_CONTEXT('2D SPACE',''
  ) );
#9109 = PCURVE('',#9110,#9115);
#9110 = PLANE('',#9111);
#9111 = AXIS2_PLACEMENT_3D('',#9112,#9113,#9114);
#9112 = CARTESIAN_POINT('',(104.38419714298,34.311541415175,
    0.481398780996));
#9113 = DIRECTION('',(0.,0.,1.));
#9114 = DIRECTION('',(1.,0.,-0.));
#9115 = DEFINITIONAL_REPRESENTATION('',(#9116),#9120);
#9116 = CIRCLE('',#9117,4.5);
#9117 = AXIS2_PLACEMENT_2D('',#9118,#9119);
#9118 = CARTESIAN_POINT('',(0.,0.));
#9119 = DIRECTION('',(1.,0.));
#9120 = ( GEOMETRIC_REPRESENTATION_CONTEXT(2) 
PARAMETRIC_REPRESENTATION_CONTEXT() REPRESENTATION_CONTEXT('2D SPACE',''
  ) );
#9121 = ORIENTED_EDGE('',*,*,#9065,.F.);
#9122 = ORIENTED_EDGE('',*,*,#9123,.F.);
#9123 = EDGE_CURVE('',#9066,#9066,#9124,.T.);
#9124 = SURFACE_CURVE('',#9125,(#9130,#9137),.PCURVE_S1.);
#9125 = CIRCLE('',#9126,4.5);
#9126 = AXIS2_PLACEMENT_3D('',#9127,#9128,#9129);
#9127 = CARTESIAN_POINT('',(104.38419714298,34.311541415175,
    1.398780996336E-03));
#9128 = DIRECTION('',(0.,0.,1.));
#9129 = DIRECTION('',(1.,0.,0.));
#9130 = PCURVE('',#9076,#9131);
#9131 = DEFINITIONAL_REPRESENTATION('',(#9132),#9136);
#9132 = LINE('',#9133,#9134);
#9133 = CARTESIAN_POINT('',(-0.,0.));
#9134 = VECTOR('',#9135,1.);
#9135 = DIRECTION('',(-1.,0.));
#9136 = ( GEOMETRIC_REPRESENTATION_CONTEXT(2) 
PARAMETRIC_REPRESENTATION_CONTEXT() REPRESENTATION_CONTEXT('2D SPACE',''
  ) );
#9137 = PCURVE('',#9138,#9143);
#9138 = PLANE('',#9139);
#9139 = AXIS2_PLACEMENT_3D('',#9140,#9141,#9142);
#9140 = CARTESIAN_POINT('',(104.38419714298,34.311541415175,
    1.398780996336E-03));
#9141 = DIRECTION('',(0.,0.,1.));
#9142 = DIRECTION('',(1.,0.,-0.));
#9143 = DEFINITIONAL_REPRESENTATION('',(#9144),#9148);
#9144 = CIRCLE('',#9145,4.5);
#9145 = AXIS2_PLACEMENT_2D('',#9146,#9147);
#9146 = CARTESIAN_POINT('',(0.,0.));
#9147 = DIRECTION('',(1.,0.));
#9148 = ( GEOMETRIC_REPRESENTATION_CONTEXT(2) 
PARAMETRIC_REPRESENTATION_CONTEXT() REPRESENTATION_CONTEXT('2D SPACE',''
  ) );
#9149 = ADVANCED_FACE('',(#9150,#9153),#9138,.F.);
#9150 = FACE_BOUND('',#9151,.F.);
#9151 = EDGE_LOOP('',(#9152));
#9152 = ORIENTED_EDGE('',*,*,#9123,.T.);
#9153 = FACE_BOUND('',#9154,.F.);
#9154 = EDGE_LOOP('',(#9155));
#9155 = ORIENTED_EDGE('',*,*,#9156,.F.);
#9156 = EDGE_CURVE('',#9157,#9157,#9159,.T.);
#9157 = VERTEX_POINT('',#9158);
#9158 = CARTESIAN_POINT('',(108.13419714298,34.311541415175,
    1.398780996336E-03));
#9159 = SURFACE_CURVE('',#9160,(#9165,#9172),.PCURVE_S1.);
#9160 = CIRCLE('',#9161,3.75);
#9161 = AXIS2_PLACEMENT_3D('',#9162,#9163,#9164);
#9162 = CARTESIAN_POINT('',(104.38419714298,34.311541415175,
    1.398780996336E-03));
#9163 = DIRECTION('',(0.,0.,1.));
#9164 = DIRECTION('',(1.,0.,0.));
#9165 = PCURVE('',#9138,#9166);
#9166 = DEFINITIONAL_REPRESENTATION('',(#9167),#9171);
#9167 = CIRCLE('',#9168,3.75);
#9168 = AXIS2_PLACEMENT_2D('',#9169,#9170);
#9169 = CARTESIAN_POINT('',(1.42108547152E-14,0.));
#9170 = DIRECTION('',(1.,0.));
#9171 = ( GEOMETRIC_REPRESENTATION_CONTEXT(2) 
PARAMETRIC_REPRESENTATION_CONTEXT() REPRESENTATION_CONTEXT('2D SPACE',''
  ) );
#9172 = PCURVE('',#9173,#9178);
#9173 = CYLINDRICAL_SURFACE('',#9174,3.75);
#9174 = AXIS2_PLACEMENT_3D('',#9175,#9176,#9177);
#9175 = CARTESIAN_POINT('',(104.38419714298,34.311541415175,
    1.398780996336E-03));
#9176 = DIRECTION('',(-0.,-0.,-1.));
#9177 = DIRECTION('',(1.,0.,0.));
#9178 = DEFINITIONAL_REPRESENTATION('',(#9179),#9183);
#9179 = LINE('',#9180,#9181);
#9180 = CARTESIAN_POINT('',(-0.,0.));
#9181 = VECTOR('',#9182,1.);
#9182 = DIRECTION('',(-1.,0.));
#9183 = ( GEOMETRIC_REPRESENTATION_CONTEXT(2) 
PARAMETRIC_REPRESENTATION_CONTEXT() REPRESENTATION_CONTEXT('2D SPACE',''
  ) );
#9184 = ADVANCED_FACE('',(#9185),#9173,.F.);
#9185 = FACE_BOUND('',#9186,.T.);
#9186 = EDGE_LOOP('',(#9187,#9210,#9232,#9233));
#9187 = ORIENTED_EDGE('',*,*,#9188,.T.);
#9188 = EDGE_CURVE('',#9157,#9189,#9191,.T.);
#9189 = VERTEX_POINT('',#9190);
#9190 = CARTESIAN_POINT('',(108.13419714298,34.311541415175,
    0.481398780996));
#9191 = SEAM_CURVE('',#9192,(#9196,#9203),.PCURVE_S1.);
#9192 = LINE('',#9193,#9194);
#9193 = CARTESIAN_POINT('',(108.13419714298,34.311541415175,
    1.398780996336E-03));
#9194 = VECTOR('',#9195,1.);
#9195 = DIRECTION('',(0.,0.,1.));
#9196 = PCURVE('',#9173,#9197);
#9197 = DEFINITIONAL_REPRESENTATION('',(#9198),#9202);
#9198 = LINE('',#9199,#9200);
#9199 = CARTESIAN_POINT('',(-0.,0.));
#9200 = VECTOR('',#9201,1.);
#9201 = DIRECTION('',(-0.,-1.));
#9202 = ( GEOMETRIC_REPRESENTATION_CONTEXT(2) 
PARAMETRIC_REPRESENTATION_CONTEXT() REPRESENTATION_CONTEXT('2D SPACE',''
  ) );
#9203 = PCURVE('',#9173,#9204);
#9204 = DEFINITIONAL_REPRESENTATION('',(#9205),#9209);
#9205 = LINE('',#9206,#9207);
#9206 = CARTESIAN_POINT('',(-6.28318530718,0.));
#9207 = VECTOR('',#9208,1.);
#9208 = DIRECTION('',(-0.,-1.));
#9209 = ( GEOMETRIC_REPRESENTATION_CONTEXT(2) 
PARAMETRIC_REPRESENTATION_CONTEXT() REPRESENTATION_CONTEXT('2D SPACE',''
  ) );
#9210 = ORIENTED_EDGE('',*,*,#9211,.T.);
#9211 = EDGE_CURVE('',#9189,#9189,#9212,.T.);
#9212 = SURFACE_CURVE('',#9213,(#9218,#9225),.PCURVE_S1.);
#9213 = CIRCLE('',#9214,3.75);
#9214 = AXIS2_PLACEMENT_3D('',#9215,#9216,#9217);
#9215 = CARTESIAN_POINT('',(104.38419714298,34.311541415175,
    0.481398780996));
#9216 = DIRECTION('',(0.,0.,1.));
#9217 = DIRECTION('',(1.,0.,0.));
#9218 = PCURVE('',#9173,#9219);
#9219 = DEFINITIONAL_REPRESENTATION('',(#9220),#9224);
#9220 = LINE('',#9221,#9222);
#9221 = CARTESIAN_POINT('',(-0.,-0.48));
#9222 = VECTOR('',#9223,1.);
#9223 = DIRECTION('',(-1.,0.));
#9224 = ( GEOMETRIC_REPRESENTATION_CONTEXT(2) 
PARAMETRIC_REPRESENTATION_CONTEXT() REPRESENTATION_CONTEXT('2D SPACE',''
  ) );
#9225 = PCURVE('',#9110,#9226);
#9226 = DEFINITIONAL_REPRESENTATION('',(#9227),#9231);
#9227 = CIRCLE('',#9228,3.75);
#9228 = AXIS2_PLACEMENT_2D('',#9229,#9230);
#9229 = CARTESIAN_POINT('',(1.42108547152E-14,0.));
#9230 = DIRECTION('',(1.,0.));
#9231 = ( GEOMETRIC_REPRESENTATION_CONTEXT(2) 
PARAMETRIC_REPRESENTATION_CONTEXT() REPRESENTATION_CONTEXT('2D SPACE',''
  ) );
#9232 = ORIENTED_EDGE('',*,*,#9188,.F.);
#9233 = ORIENTED_EDGE('',*,*,#9156,.F.);
#9234 = ADVANCED_FACE('',(#9235,#9238),#9110,.T.);
#9235 = FACE_BOUND('',#9236,.T.);
#9236 = EDGE_LOOP('',(#9237));
#9237 = ORIENTED_EDGE('',*,*,#9095,.T.);
#9238 = FACE_BOUND('',#9239,.T.);
#9239 = EDGE_LOOP('',(#9240));
#9240 = ORIENTED_EDGE('',*,*,#9211,.F.);
#9241 = ( GEOMETRIC_REPRESENTATION_CONTEXT(3) 
GLOBAL_UNCERTAINTY_ASSIGNED_CONTEXT((#9245)) 
GLOBAL_UNIT_ASSIGNED_CONTEXT((#9242,#9243,#9244)) REPRESENTATION_CONTEXT
('Context #1','3D Context with UNIT and UNCERTAINTY') );
#9242 = ( LENGTH_UNIT() NAMED_UNIT(*) SI_UNIT(.MILLI.,.METRE.) );
#9243 = ( NAMED_UNIT(*) PLANE_ANGLE_UNIT() SI_UNIT($,.RADIAN.) );
#9244 = ( NAMED_UNIT(*) SI_UNIT($,.STERADIAN.) SOLID_ANGLE_UNIT() );
#9245 = UNCERTAINTY_MEASURE_WITH_UNIT(LENGTH_MEASURE(1.E-07),#9242,
  'distance_accuracy_value','confusion accuracy');
#9246 = CONTEXT_DEPENDENT_SHAPE_REPRESENTATION(#9247,#9249);
#9247 = ( REPRESENTATION_RELATIONSHIP('','',#9058,#10) 
REPRESENTATION_RELATIONSHIP_WITH_TRANSFORMATION(#9248) 
SHAPE_REPRESENTATION_RELATIONSHIP() );
#9248 = ITEM_DEFINED_TRANSFORMATION('','',#11,#63);
#9249 = PRODUCT_DEFINITION_SHAPE('Placement','Placement of an item',
  #9250);
#9250 = NEXT_ASSEMBLY_USAGE_OCCURRENCE('263','','',#5,#9053,$);
#9251 = PRODUCT_RELATED_PRODUCT_CATEGORY('part',$,(#9055));
#9252 = SHAPE_DEFINITION_REPRESENTATION(#9253,#9259);
#9253 = PRODUCT_DEFINITION_SHAPE('','',#9254);
#9254 = PRODUCT_DEFINITION('design','',#9255,#9258);
#9255 = PRODUCT_DEFINITION_FORMATION('','',#9256);
#9256 = PRODUCT('Open CASCADE STEP translator 7.8 2.14',
  'Open CASCADE STEP translator 7.8 2.14','',(#9257));
#9257 = PRODUCT_CONTEXT('',#2,'mechanical');
#9258 = PRODUCT_DEFINITION_CONTEXT('part definition',#2,'design');
#9259 = ADVANCED_BREP_SHAPE_REPRESENTATION('',(#11,#9260),#9446);
#9260 = MANIFOLD_SOLID_BREP('',#9261);
#9261 = CLOSED_SHELL('',(#9262,#9379,#9409,#9441));
#9262 = ADVANCED_FACE('',(#9263),#9278,.T.);
#9263 = FACE_BOUND('',#9264,.F.);
#9264 = EDGE_LOOP('',(#9265,#9301,#9329,#9358));
#9265 = ORIENTED_EDGE('',*,*,#9266,.F.);
#9266 = EDGE_CURVE('',#9267,#9269,#9271,.T.);
#9267 = VERTEX_POINT('',#9268);
#9268 = CARTESIAN_POINT('',(117.8841879458,37.912639207413,
    1.275827012931E-03));
#9269 = VERTEX_POINT('',#9270);
#9270 = CARTESIAN_POINT('',(119.56206728022,30.721727774188,
    1.275827012931E-03));
#9271 = SURFACE_CURVE('',#9272,(#9277,#9289),.PCURVE_S1.);
#9272 = CIRCLE('',#9273,4.1);
#9273 = AXIS2_PLACEMENT_3D('',#9274,#9275,#9276);
#9274 = CARTESIAN_POINT('',(116.98682624315,33.912046504499,
    1.275827012931E-03));
#9275 = DIRECTION('',(0.,0.,1.));
#9276 = DIRECTION('',(1.,0.,0.));
#9277 = PCURVE('',#9278,#9283);
#9278 = CYLINDRICAL_SURFACE('',#9279,4.1);
#9279 = AXIS2_PLACEMENT_3D('',#9280,#9281,#9282);
#9280 = CARTESIAN_POINT('',(116.98682624315,33.912046504499,
    1.275827012931E-03));
#9281 = DIRECTION('',(-0.,-0.,-1.));
#9282 = DIRECTION('',(1.,0.,0.));
#9283 = DEFINITIONAL_REPRESENTATION('',(#9284),#9288);
#9284 = LINE('',#9285,#9286);
#9285 = CARTESIAN_POINT('',(-0.,0.));
#9286 = VECTOR('',#9287,1.);
#9287 = DIRECTION('',(-1.,0.));
#9288 = ( GEOMETRIC_REPRESENTATION_CONTEXT(2) 
PARAMETRIC_REPRESENTATION_CONTEXT() REPRESENTATION_CONTEXT('2D SPACE',''
  ) );
#9289 = PCURVE('',#9290,#9295);
#9290 = PLANE('',#9291);
#9291 = AXIS2_PLACEMENT_3D('',#9292,#9293,#9294);
#9292 = CARTESIAN_POINT('',(116.98682624315,33.912046504499,
    1.275827012931E-03));
#9293 = DIRECTION('',(0.,0.,1.));
#9294 = DIRECTION('',(1.,0.,-0.));
#9295 = DEFINITIONAL_REPRESENTATION('',(#9296),#9300);
#9296 = CIRCLE('',#9297,4.1);
#9297 = AXIS2_PLACEMENT_2D('',#9298,#9299);
#9298 = CARTESIAN_POINT('',(0.,0.));
#9299 = DIRECTION('',(1.,0.));
#9300 = ( GEOMETRIC_REPRESENTATION_CONTEXT(2) 
PARAMETRIC_REPRESENTATION_CONTEXT() REPRESENTATION_CONTEXT('2D SPACE',''
  ) );
#9301 = ORIENTED_EDGE('',*,*,#9302,.F.);
#9302 = EDGE_CURVE('',#9303,#9267,#9305,.T.);
#9303 = VERTEX_POINT('',#9304);
#9304 = CARTESIAN_POINT('',(117.8841879458,37.912639207413,
    0.481275827013));
#9305 = SURFACE_CURVE('',#9306,(#9310,#9317),.PCURVE_S1.);
#9306 = LINE('',#9307,#9308);
#9307 = CARTESIAN_POINT('',(117.8841879458,37.912639207413,
    1.275827012931E-03));
#9308 = VECTOR('',#9309,1.);
#9309 = DIRECTION('',(-0.,-0.,-1.));
#9310 = PCURVE('',#9278,#9311);
#9311 = DEFINITIONAL_REPRESENTATION('',(#9312),#9316);
#9312 = LINE('',#9313,#9314);
#9313 = CARTESIAN_POINT('',(-1.350141409897,0.));
#9314 = VECTOR('',#9315,1.);
#9315 = DIRECTION('',(-0.,1.));
#9316 = ( GEOMETRIC_REPRESENTATION_CONTEXT(2) 
PARAMETRIC_REPRESENTATION_CONTEXT() REPRESENTATION_CONTEXT('2D SPACE',''
  ) );
#9317 = PCURVE('',#9318,#9323);
#9318 = CYLINDRICAL_SURFACE('',#9319,3.7);
#9319 = AXIS2_PLACEMENT_3D('',#9320,#9321,#9322);
#9320 = CARTESIAN_POINT('',(118.48682624315,34.262046504499,
    -9.872417298707E-02));
#9321 = DIRECTION('',(-0.,-0.,-1.));
#9322 = DIRECTION('',(1.,0.,0.));
#9323 = DEFINITIONAL_REPRESENTATION('',(#9324),#9328);
#9324 = LINE('',#9325,#9326);
#9325 = CARTESIAN_POINT('',(-1.734400412068,-1.E-01));
#9326 = VECTOR('',#9327,1.);
#9327 = DIRECTION('',(-0.,1.));
#9328 = ( GEOMETRIC_REPRESENTATION_CONTEXT(2) 
PARAMETRIC_REPRESENTATION_CONTEXT() REPRESENTATION_CONTEXT('2D SPACE',''
  ) );
#9329 = ORIENTED_EDGE('',*,*,#9330,.T.);
#9330 = EDGE_CURVE('',#9303,#9331,#9333,.T.);
#9331 = VERTEX_POINT('',#9332);
#9332 = CARTESIAN_POINT('',(119.56206728022,30.721727774188,
    0.481275827013));
#9333 = SURFACE_CURVE('',#9334,(#9339,#9346),.PCURVE_S1.);
#9334 = CIRCLE('',#9335,4.1);
#9335 = AXIS2_PLACEMENT_3D('',#9336,#9337,#9338);
#9336 = CARTESIAN_POINT('',(116.98682624315,33.912046504499,
    0.481275827013));
#9337 = DIRECTION('',(0.,0.,1.));
#9338 = DIRECTION('',(1.,0.,0.));
#9339 = PCURVE('',#9278,#9340);
#9340 = DEFINITIONAL_REPRESENTATION('',(#9341),#9345);
#9341 = LINE('',#9342,#9343);
#9342 = CARTESIAN_POINT('',(-0.,-0.48));
#9343 = VECTOR('',#9344,1.);
#9344 = DIRECTION('',(-1.,0.));
#9345 = ( GEOMETRIC_REPRESENTATION_CONTEXT(2) 
PARAMETRIC_REPRESENTATION_CONTEXT() REPRESENTATION_CONTEXT('2D SPACE',''
  ) );
#9346 = PCURVE('',#9347,#9352);
#9347 = PLANE('',#9348);
#9348 = AXIS2_PLACEMENT_3D('',#9349,#9350,#9351);
#9349 = CARTESIAN_POINT('',(116.98682624315,33.912046504499,
    0.481275827013));
#9350 = DIRECTION('',(0.,0.,1.));
#9351 = DIRECTION('',(1.,0.,-0.));
#9352 = DEFINITIONAL_REPRESENTATION('',(#9353),#9357);
#9353 = CIRCLE('',#9354,4.1);
#9354 = AXIS2_PLACEMENT_2D('',#9355,#9356);
#9355 = CARTESIAN_POINT('',(0.,0.));
#9356 = DIRECTION('',(1.,0.));
#9357 = ( GEOMETRIC_REPRESENTATION_CONTEXT(2) 
PARAMETRIC_REPRESENTATION_CONTEXT() REPRESENTATION_CONTEXT('2D SPACE',''
  ) );
#9358 = ORIENTED_EDGE('',*,*,#9359,.T.);
#9359 = EDGE_CURVE('',#9331,#9269,#9360,.T.);
#9360 = SURFACE_CURVE('',#9361,(#9365,#9372),.PCURVE_S1.);
#9361 = LINE('',#9362,#9363);
#9362 = CARTESIAN_POINT('',(119.56206728022,30.721727774188,
    1.275827012931E-03));
#9363 = VECTOR('',#9364,1.);
#9364 = DIRECTION('',(-0.,-0.,-1.));
#9365 = PCURVE('',#9278,#9366);
#9366 = DEFINITIONAL_REPRESENTATION('',(#9367),#9371);
#9367 = LINE('',#9368,#9369);
#9368 = CARTESIAN_POINT('',(-5.391507763837,0.));
#9369 = VECTOR('',#9370,1.);
#9370 = DIRECTION('',(-0.,1.));
#9371 = ( GEOMETRIC_REPRESENTATION_CONTEXT(2) 
PARAMETRIC_REPRESENTATION_CONTEXT() REPRESENTATION_CONTEXT('2D SPACE',''
  ) );
#9372 = PCURVE('',#9318,#9373);
#9373 = DEFINITIONAL_REPRESENTATION('',(#9374),#9378);
#9374 = LINE('',#9375,#9376);
#9375 = CARTESIAN_POINT('',(-5.007248761666,-1.E-01));
#9376 = VECTOR('',#9377,1.);
#9377 = DIRECTION('',(-0.,1.));
#9378 = ( GEOMETRIC_REPRESENTATION_CONTEXT(2) 
PARAMETRIC_REPRESENTATION_CONTEXT() REPRESENTATION_CONTEXT('2D SPACE',''
  ) );
#9379 = ADVANCED_FACE('',(#9380),#9290,.F.);
#9380 = FACE_BOUND('',#9381,.F.);
#9381 = EDGE_LOOP('',(#9382,#9408));
#9382 = ORIENTED_EDGE('',*,*,#9383,.T.);
#9383 = EDGE_CURVE('',#9269,#9267,#9384,.T.);
#9384 = SURFACE_CURVE('',#9385,(#9390,#9401),.PCURVE_S1.);
#9385 = CIRCLE('',#9386,3.7);
#9386 = AXIS2_PLACEMENT_3D('',#9387,#9388,#9389);
#9387 = CARTESIAN_POINT('',(118.48682624315,34.262046504499,
    1.275827012931E-03));
#9388 = DIRECTION('',(0.,0.,-1.));
#9389 = DIRECTION('',(1.,0.,0.));
#9390 = PCURVE('',#9290,#9391);
#9391 = DEFINITIONAL_REPRESENTATION('',(#9392),#9400);
#9392 = ( BOUNDED_CURVE() B_SPLINE_CURVE(2,(#9393,#9394,#9395,#9396,
#9397,#9398,#9399),.UNSPECIFIED.,.T.,.F.) B_SPLINE_CURVE_WITH_KNOTS((1,2
    ,2,2,2,1),(-2.094395102393,0.,2.094395102393,4.188790204786,
6.28318530718,8.377580409573),.UNSPECIFIED.) CURVE() 
GEOMETRIC_REPRESENTATION_ITEM() RATIONAL_B_SPLINE_CURVE((1.,0.5,1.,0.5,
1.,0.5,1.)) REPRESENTATION_ITEM('') );
#9393 = CARTESIAN_POINT('',(5.2,0.35));
#9394 = CARTESIAN_POINT('',(5.2,-6.058587988005));
#9395 = CARTESIAN_POINT('',(-0.35,-2.854293994002));
#9396 = CARTESIAN_POINT('',(-5.9,0.35));
#9397 = CARTESIAN_POINT('',(-0.35,3.554293994002));
#9398 = CARTESIAN_POINT('',(5.2,6.758587988005));
#9399 = CARTESIAN_POINT('',(5.2,0.35));
#9400 = ( GEOMETRIC_REPRESENTATION_CONTEXT(2) 
PARAMETRIC_REPRESENTATION_CONTEXT() REPRESENTATION_CONTEXT('2D SPACE',''
  ) );
#9401 = PCURVE('',#9318,#9402);
#9402 = DEFINITIONAL_REPRESENTATION('',(#9403),#9407);
#9403 = LINE('',#9404,#9405);
#9404 = CARTESIAN_POINT('',(-6.28318530718,-1.E-01));
#9405 = VECTOR('',#9406,1.);
#9406 = DIRECTION('',(1.,-0.));
#9407 = ( GEOMETRIC_REPRESENTATION_CONTEXT(2) 
PARAMETRIC_REPRESENTATION_CONTEXT() REPRESENTATION_CONTEXT('2D SPACE',''
  ) );
#9408 = ORIENTED_EDGE('',*,*,#9266,.T.);
#9409 = ADVANCED_FACE('',(#9410),#9318,.F.);
#9410 = FACE_BOUND('',#9411,.T.);
#9411 = EDGE_LOOP('',(#9412,#9413,#9439,#9440));
#9412 = ORIENTED_EDGE('',*,*,#9302,.F.);
#9413 = ORIENTED_EDGE('',*,*,#9414,.F.);
#9414 = EDGE_CURVE('',#9331,#9303,#9415,.T.);
#9415 = SURFACE_CURVE('',#9416,(#9421,#9428),.PCURVE_S1.);
#9416 = CIRCLE('',#9417,3.7);
#9417 = AXIS2_PLACEMENT_3D('',#9418,#9419,#9420);
#9418 = CARTESIAN_POINT('',(118.48682624315,34.262046504499,
    0.481275827013));
#9419 = DIRECTION('',(0.,0.,-1.));
#9420 = DIRECTION('',(1.,0.,0.));
#9421 = PCURVE('',#9318,#9422);
#9422 = DEFINITIONAL_REPRESENTATION('',(#9423),#9427);
#9423 = LINE('',#9424,#9425);
#9424 = CARTESIAN_POINT('',(-6.28318530718,-0.58));
#9425 = VECTOR('',#9426,1.);
#9426 = DIRECTION('',(1.,-0.));
#9427 = ( GEOMETRIC_REPRESENTATION_CONTEXT(2) 
PARAMETRIC_REPRESENTATION_CONTEXT() REPRESENTATION_CONTEXT('2D SPACE',''
  ) );
#9428 = PCURVE('',#9347,#9429);
#9429 = DEFINITIONAL_REPRESENTATION('',(#9430),#9438);
#9430 = ( BOUNDED_CURVE() B_SPLINE_CURVE(2,(#9431,#9432,#9433,#9434,
#9435,#9436,#9437),.UNSPECIFIED.,.T.,.F.) B_SPLINE_CURVE_WITH_KNOTS((1,2
    ,2,2,2,1),(-2.094395102393,0.,2.094395102393,4.188790204786,
6.28318530718,8.377580409573),.UNSPECIFIED.) CURVE() 
GEOMETRIC_REPRESENTATION_ITEM() RATIONAL_B_SPLINE_CURVE((1.,0.5,1.,0.5,
1.,0.5,1.)) REPRESENTATION_ITEM('') );
#9431 = CARTESIAN_POINT('',(5.2,0.35));
#9432 = CARTESIAN_POINT('',(5.2,-6.058587988005));
#9433 = CARTESIAN_POINT('',(-0.35,-2.854293994002));
#9434 = CARTESIAN_POINT('',(-5.9,0.35));
#9435 = CARTESIAN_POINT('',(-0.35,3.554293994002));
#9436 = CARTESIAN_POINT('',(5.2,6.758587988005));
#9437 = CARTESIAN_POINT('',(5.2,0.35));
#9438 = ( GEOMETRIC_REPRESENTATION_CONTEXT(2) 
PARAMETRIC_REPRESENTATION_CONTEXT() REPRESENTATION_CONTEXT('2D SPACE',''
  ) );
#9439 = ORIENTED_EDGE('',*,*,#9359,.T.);
#9440 = ORIENTED_EDGE('',*,*,#9383,.T.);
#9441 = ADVANCED_FACE('',(#9442),#9347,.T.);
#9442 = FACE_BOUND('',#9443,.T.);
#9443 = EDGE_LOOP('',(#9444,#9445));
#9444 = ORIENTED_EDGE('',*,*,#9414,.T.);
#9445 = ORIENTED_EDGE('',*,*,#9330,.T.);
#9446 = ( GEOMETRIC_REPRESENTATION_CONTEXT(3) 
GLOBAL_UNCERTAINTY_ASSIGNED_CONTEXT((#9450)) 
GLOBAL_UNIT_ASSIGNED_CONTEXT((#9447,#9448,#9449)) REPRESENTATION_CONTEXT
('Context #1','3D Context with UNIT and UNCERTAINTY') );
#9447 = ( LENGTH_UNIT() NAMED_UNIT(*) SI_UNIT(.MILLI.,.METRE.) );
#9448 = ( NAMED_UNIT(*) PLANE_ANGLE_UNIT() SI_UNIT($,.RADIAN.) );
#9449 = ( NAMED_UNIT(*) SI_UNIT($,.STERADIAN.) SOLID_ANGLE_UNIT() );
#9450 = UNCERTAINTY_MEASURE_WITH_UNIT(LENGTH_MEASURE(1.E-07),#9447,
  'distance_accuracy_value','confusion accuracy');
#9451 = CONTEXT_DEPENDENT_SHAPE_REPRESENTATION(#9452,#9454);
#9452 = ( REPRESENTATION_RELATIONSHIP('','',#9259,#10) 
REPRESENTATION_RELATIONSHIP_WITH_TRANSFORMATION(#9453) 
SHAPE_REPRESENTATION_RELATIONSHIP() );
#9453 = ITEM_DEFINED_TRANSFORMATION('','',#11,#67);
#9454 = PRODUCT_DEFINITION_SHAPE('Placement','Placement of an item',
  #9455);
#9455 = NEXT_ASSEMBLY_USAGE_OCCURRENCE('264','','',#5,#9254,$);
#9456 = PRODUCT_RELATED_PRODUCT_CATEGORY('part',$,(#9256));
#9457 = SHAPE_DEFINITION_REPRESENTATION(#9458,#9464);
#9458 = PRODUCT_DEFINITION_SHAPE('','',#9459);
#9459 = PRODUCT_DEFINITION('design','',#9460,#9463);
#9460 = PRODUCT_DEFINITION_FORMATION('','',#9461);
#9461 = PRODUCT('Open CASCADE STEP translator 7.8 2.15',
  'Open CASCADE STEP translator 7.8 2.15','',(#9462));
#9462 = PRODUCT_CONTEXT('',#2,'mechanical');
#9463 = PRODUCT_DEFINITION_CONTEXT('part definition',#2,'design');
#9464 = ADVANCED_BREP_SHAPE_REPRESENTATION('',(#11,#9465),#9951);
#9465 = MANIFOLD_SOLID_BREP('',#9466);
#9466 = CLOSED_SHELL('',(#9467,#9587,#9663,#9739,#9815,#9886,#9933,#9942
    ));
#9467 = ADVANCED_FACE('',(#9468),#9482,.F.);
#9468 = FACE_BOUND('',#9469,.F.);
#9469 = EDGE_LOOP('',(#9470,#9505,#9533,#9561));
#9470 = ORIENTED_EDGE('',*,*,#9471,.T.);
#9471 = EDGE_CURVE('',#9472,#9474,#9476,.T.);
#9472 = VERTEX_POINT('',#9473);
#9473 = CARTESIAN_POINT('',(123.56334320724,29.811541415175,
    1.000000011686E-07));
#9474 = VERTEX_POINT('',#9475);
#9475 = CARTESIAN_POINT('',(123.56334320724,29.811541415175,0.4800001));
#9476 = SURFACE_CURVE('',#9477,(#9481,#9493),.PCURVE_S1.);
#9477 = LINE('',#9478,#9479);
#9478 = CARTESIAN_POINT('',(123.56334320724,29.811541415175,
    1.000000011686E-07));
#9479 = VECTOR('',#9480,1.);
#9480 = DIRECTION('',(0.,0.,1.));
#9481 = PCURVE('',#9482,#9487);
#9482 = PLANE('',#9483);
#9483 = AXIS2_PLACEMENT_3D('',#9484,#9485,#9486);
#9484 = CARTESIAN_POINT('',(123.56334320724,29.811541415175,
    1.000000011686E-07));
#9485 = DIRECTION('',(0.,1.,0.));
#9486 = DIRECTION('',(1.,0.,0.));
#9487 = DEFINITIONAL_REPRESENTATION('',(#9488),#9492);
#9488 = LINE('',#9489,#9490);
#9489 = CARTESIAN_POINT('',(0.,0.));
#9490 = VECTOR('',#9491,1.);
#9491 = DIRECTION('',(0.,-1.));
#9492 = ( GEOMETRIC_REPRESENTATION_CONTEXT(2) 
PARAMETRIC_REPRESENTATION_CONTEXT() REPRESENTATION_CONTEXT('2D SPACE',''
  ) );
#9493 = PCURVE('',#9494,#9499);
#9494 = PLANE('',#9495);
#9495 = AXIS2_PLACEMENT_3D('',#9496,#9497,#9498);
#9496 = CARTESIAN_POINT('',(124.83934320724,35.611541415175,
    1.000000011686E-07));
#9497 = DIRECTION('',(0.976644466705,-0.214861782675,0.));
#9498 = DIRECTION('',(-0.214861782675,-0.976644466705,0.));
#9499 = DEFINITIONAL_REPRESENTATION('',(#9500),#9504);
#9500 = LINE('',#9501,#9502);
#9501 = CARTESIAN_POINT('',(5.938701541583,0.));
#9502 = VECTOR('',#9503,1.);
#9503 = DIRECTION('',(0.,-1.));
#9504 = ( GEOMETRIC_REPRESENTATION_CONTEXT(2) 
PARAMETRIC_REPRESENTATION_CONTEXT() REPRESENTATION_CONTEXT('2D SPACE',''
  ) );
#9505 = ORIENTED_EDGE('',*,*,#9506,.T.);
#9506 = EDGE_CURVE('',#9474,#9507,#9509,.T.);
#9507 = VERTEX_POINT('',#9508);
#9508 = CARTESIAN_POINT('',(127.86334320724,29.811541415175,0.4800001));
#9509 = SURFACE_CURVE('',#9510,(#9514,#9521),.PCURVE_S1.);
#9510 = LINE('',#9511,#9512);
#9511 = CARTESIAN_POINT('',(123.56334320724,29.811541415175,0.4800001));
#9512 = VECTOR('',#9513,1.);
#9513 = DIRECTION('',(1.,0.,0.));
#9514 = PCURVE('',#9482,#9515);
#9515 = DEFINITIONAL_REPRESENTATION('',(#9516),#9520);
#9516 = LINE('',#9517,#9518);
#9517 = CARTESIAN_POINT('',(0.,-0.48));
#9518 = VECTOR('',#9519,1.);
#9519 = DIRECTION('',(1.,0.));
#9520 = ( GEOMETRIC_REPRESENTATION_CONTEXT(2) 
PARAMETRIC_REPRESENTATION_CONTEXT() REPRESENTATION_CONTEXT('2D SPACE',''
  ) );
#9521 = PCURVE('',#9522,#9527);
#9522 = PLANE('',#9523);
#9523 = AXIS2_PLACEMENT_3D('',#9524,#9525,#9526);
#9524 = CARTESIAN_POINT('',(125.53127634002,32.05227813139,0.4800001));
#9525 = DIRECTION('',(0.,0.,1.));
#9526 = DIRECTION('',(1.,0.,-0.));
#9527 = DEFINITIONAL_REPRESENTATION('',(#9528),#9532);
#9528 = LINE('',#9529,#9530);
#9529 = CARTESIAN_POINT('',(-1.967933132787,-2.240736716215));
#9530 = VECTOR('',#9531,1.);
#9531 = DIRECTION('',(1.,0.));
#9532 = ( GEOMETRIC_REPRESENTATION_CONTEXT(2) 
PARAMETRIC_REPRESENTATION_CONTEXT() REPRESENTATION_CONTEXT('2D SPACE',''
  ) );
#9533 = ORIENTED_EDGE('',*,*,#9534,.F.);
#9534 = EDGE_CURVE('',#9535,#9507,#9537,.T.);
#9535 = VERTEX_POINT('',#9536);
#9536 = CARTESIAN_POINT('',(127.86334320724,29.811541415175,
    1.000000011686E-07));
#9537 = SURFACE_CURVE('',#9538,(#9542,#9549),.PCURVE_S1.);
#9538 = LINE('',#9539,#9540);
#9539 = CARTESIAN_POINT('',(127.86334320724,29.811541415175,
    1.000000011686E-07));
#9540 = VECTOR('',#9541,1.);
#9541 = DIRECTION('',(0.,0.,1.));
#9542 = PCURVE('',#9482,#9543);
#9543 = DEFINITIONAL_REPRESENTATION('',(#9544),#9548);
#9544 = LINE('',#9545,#9546);
#9545 = CARTESIAN_POINT('',(4.3,0.));
#9546 = VECTOR('',#9547,1.);
#9547 = DIRECTION('',(0.,-1.));
#9548 = ( GEOMETRIC_REPRESENTATION_CONTEXT(2) 
PARAMETRIC_REPRESENTATION_CONTEXT() REPRESENTATION_CONTEXT('2D SPACE',''
  ) );
#9549 = PCURVE('',#9550,#9555);
#9550 = PLANE('',#9551);
#9551 = AXIS2_PLACEMENT_3D('',#9552,#9553,#9554);
#9552 = CARTESIAN_POINT('',(127.86334320724,29.811541415175,
    1.000000011686E-07));
#9553 = DIRECTION('',(-0.976644466705,0.214861782675,0.));
#9554 = DIRECTION('',(0.214861782675,0.976644466705,0.));
#9555 = DEFINITIONAL_REPRESENTATION('',(#9556),#9560);
#9556 = LINE('',#9557,#9558);
#9557 = CARTESIAN_POINT('',(0.,0.));
#9558 = VECTOR('',#9559,1.);
#9559 = DIRECTION('',(0.,-1.));
#9560 = ( GEOMETRIC_REPRESENTATION_CONTEXT(2) 
PARAMETRIC_REPRESENTATION_CONTEXT() REPRESENTATION_CONTEXT('2D SPACE',''
  ) );
#9561 = ORIENTED_EDGE('',*,*,#9562,.F.);
#9562 = EDGE_CURVE('',#9472,#9535,#9563,.T.);
#9563 = SURFACE_CURVE('',#9564,(#9568,#9575),.PCURVE_S1.);
#9564 = LINE('',#9565,#9566);
#9565 = CARTESIAN_POINT('',(123.56334320724,29.811541415175,
    1.000000011686E-07));
#9566 = VECTOR('',#9567,1.);
#9567 = DIRECTION('',(1.,0.,0.));
#9568 = PCURVE('',#9482,#9569);
#9569 = DEFINITIONAL_REPRESENTATION('',(#9570),#9574);
#9570 = LINE('',#9571,#9572);
#9571 = CARTESIAN_POINT('',(0.,0.));
#9572 = VECTOR('',#9573,1.);
#9573 = DIRECTION('',(1.,0.));
#9574 = ( GEOMETRIC_REPRESENTATION_CONTEXT(2) 
PARAMETRIC_REPRESENTATION_CONTEXT() REPRESENTATION_CONTEXT('2D SPACE',''
  ) );
#9575 = PCURVE('',#9576,#9581);
#9576 = PLANE('',#9577);
#9577 = AXIS2_PLACEMENT_3D('',#9578,#9579,#9580);
#9578 = CARTESIAN_POINT('',(125.53127634002,32.05227813139,
    1.000000011686E-07));
#9579 = DIRECTION('',(0.,0.,1.));
#9580 = DIRECTION('',(1.,0.,-0.));
#9581 = DEFINITIONAL_REPRESENTATION('',(#9582),#9586);
#9582 = LINE('',#9583,#9584);
#9583 = CARTESIAN_POINT('',(-1.967933132787,-2.240736716215));
#9584 = VECTOR('',#9585,1.);
#9585 = DIRECTION('',(1.,0.));
#9586 = ( GEOMETRIC_REPRESENTATION_CONTEXT(2) 
PARAMETRIC_REPRESENTATION_CONTEXT() REPRESENTATION_CONTEXT('2D SPACE',''
  ) );
#9587 = ADVANCED_FACE('',(#9588),#9550,.F.);
#9588 = FACE_BOUND('',#9589,.F.);
#9589 = EDGE_LOOP('',(#9590,#9591,#9614,#9642));
#9590 = ORIENTED_EDGE('',*,*,#9534,.T.);
#9591 = ORIENTED_EDGE('',*,*,#9592,.T.);
#9592 = EDGE_CURVE('',#9507,#9593,#9595,.T.);
#9593 = VERTEX_POINT('',#9594);
#9594 = CARTESIAN_POINT('',(128.14934320724,31.111541415175,0.4800001));
#9595 = SURFACE_CURVE('',#9596,(#9600,#9607),.PCURVE_S1.);
#9596 = LINE('',#9597,#9598);
#9597 = CARTESIAN_POINT('',(127.86334320724,29.811541415175,0.4800001));
#9598 = VECTOR('',#9599,1.);
#9599 = DIRECTION('',(0.214861782675,0.976644466705,0.));
#9600 = PCURVE('',#9550,#9601);
#9601 = DEFINITIONAL_REPRESENTATION('',(#9602),#9606);
#9602 = LINE('',#9603,#9604);
#9603 = CARTESIAN_POINT('',(0.,-0.48));
#9604 = VECTOR('',#9605,1.);
#9605 = DIRECTION('',(1.,0.));
#9606 = ( GEOMETRIC_REPRESENTATION_CONTEXT(2) 
PARAMETRIC_REPRESENTATION_CONTEXT() REPRESENTATION_CONTEXT('2D SPACE',''
  ) );
#9607 = PCURVE('',#9522,#9608);
#9608 = DEFINITIONAL_REPRESENTATION('',(#9609),#9613);
#9609 = LINE('',#9610,#9611);
#9610 = CARTESIAN_POINT('',(2.332066867213,-2.240736716215));
#9611 = VECTOR('',#9612,1.);
#9612 = DIRECTION('',(0.214861782675,0.976644466705));
#9613 = ( GEOMETRIC_REPRESENTATION_CONTEXT(2) 
PARAMETRIC_REPRESENTATION_CONTEXT() REPRESENTATION_CONTEXT('2D SPACE',''
  ) );
#9614 = ORIENTED_EDGE('',*,*,#9615,.F.);
#9615 = EDGE_CURVE('',#9616,#9593,#9618,.T.);
#9616 = VERTEX_POINT('',#9617);
#9617 = CARTESIAN_POINT('',(128.14934320724,31.111541415175,
    1.000000011686E-07));
#9618 = SURFACE_CURVE('',#9619,(#9623,#9630),.PCURVE_S1.);
#9619 = LINE('',#9620,#9621);
#9620 = CARTESIAN_POINT('',(128.14934320724,31.111541415175,
    1.000000011686E-07));
#9621 = VECTOR('',#9622,1.);
#9622 = DIRECTION('',(0.,0.,1.));
#9623 = PCURVE('',#9550,#9624);
#9624 = DEFINITIONAL_REPRESENTATION('',(#9625),#9629);
#9625 = LINE('',#9626,#9627);
#9626 = CARTESIAN_POINT('',(1.331088276562,0.));
#9627 = VECTOR('',#9628,1.);
#9628 = DIRECTION('',(0.,-1.));
#9629 = ( GEOMETRIC_REPRESENTATION_CONTEXT(2) 
PARAMETRIC_REPRESENTATION_CONTEXT() REPRESENTATION_CONTEXT('2D SPACE',''
  ) );
#9630 = PCURVE('',#9631,#9636);
#9631 = PLANE('',#9632);
#9632 = AXIS2_PLACEMENT_3D('',#9633,#9634,#9635);
#9633 = CARTESIAN_POINT('',(128.14934320724,31.111541415175,
    1.000000011686E-07));
#9634 = DIRECTION('',(0.,-1.,0.));
#9635 = DIRECTION('',(-1.,0.,0.));
#9636 = DEFINITIONAL_REPRESENTATION('',(#9637),#9641);
#9637 = LINE('',#9638,#9639);
#9638 = CARTESIAN_POINT('',(0.,-0.));
#9639 = VECTOR('',#9640,1.);
#9640 = DIRECTION('',(0.,-1.));
#9641 = ( GEOMETRIC_REPRESENTATION_CONTEXT(2) 
PARAMETRIC_REPRESENTATION_CONTEXT() REPRESENTATION_CONTEXT('2D SPACE',''
  ) );
#9642 = ORIENTED_EDGE('',*,*,#9643,.F.);
#9643 = EDGE_CURVE('',#9535,#9616,#9644,.T.);
#9644 = SURFACE_CURVE('',#9645,(#9649,#9656),.PCURVE_S1.);
#9645 = LINE('',#9646,#9647);
#9646 = CARTESIAN_POINT('',(127.86334320724,29.811541415175,
    1.000000011686E-07));
#9647 = VECTOR('',#9648,1.);
#9648 = DIRECTION('',(0.214861782675,0.976644466705,0.));
#9649 = PCURVE('',#9550,#9650);
#9650 = DEFINITIONAL_REPRESENTATION('',(#9651),#9655);
#9651 = LINE('',#9652,#9653);
#9652 = CARTESIAN_POINT('',(0.,0.));
#9653 = VECTOR('',#9654,1.);
#9654 = DIRECTION('',(1.,0.));
#9655 = ( GEOMETRIC_REPRESENTATION_CONTEXT(2) 
PARAMETRIC_REPRESENTATION_CONTEXT() REPRESENTATION_CONTEXT('2D SPACE',''
  ) );
#9656 = PCURVE('',#9576,#9657);
#9657 = DEFINITIONAL_REPRESENTATION('',(#9658),#9662);
#9658 = LINE('',#9659,#9660);
#9659 = CARTESIAN_POINT('',(2.332066867213,-2.240736716215));
#9660 = VECTOR('',#9661,1.);
#9661 = DIRECTION('',(0.214861782675,0.976644466705));
#9662 = ( GEOMETRIC_REPRESENTATION_CONTEXT(2) 
PARAMETRIC_REPRESENTATION_CONTEXT() REPRESENTATION_CONTEXT('2D SPACE',''
  ) );
#9663 = ADVANCED_FACE('',(#9664),#9631,.F.);
#9664 = FACE_BOUND('',#9665,.F.);
#9665 = EDGE_LOOP('',(#9666,#9667,#9690,#9718));
#9666 = ORIENTED_EDGE('',*,*,#9615,.T.);
#9667 = ORIENTED_EDGE('',*,*,#9668,.T.);
#9668 = EDGE_CURVE('',#9593,#9669,#9671,.T.);
#9669 = VERTEX_POINT('',#9670);
#9670 = CARTESIAN_POINT('',(125.14934320724,31.111541415175,0.4800001));
#9671 = SURFACE_CURVE('',#9672,(#9676,#9683),.PCURVE_S1.);
#9672 = LINE('',#9673,#9674);
#9673 = CARTESIAN_POINT('',(128.14934320724,31.111541415175,0.4800001));
#9674 = VECTOR('',#9675,1.);
#9675 = DIRECTION('',(-1.,0.,0.));
#9676 = PCURVE('',#9631,#9677);
#9677 = DEFINITIONAL_REPRESENTATION('',(#9678),#9682);
#9678 = LINE('',#9679,#9680);
#9679 = CARTESIAN_POINT('',(0.,-0.48));
#9680 = VECTOR('',#9681,1.);
#9681 = DIRECTION('',(1.,0.));
#9682 = ( GEOMETRIC_REPRESENTATION_CONTEXT(2) 
PARAMETRIC_REPRESENTATION_CONTEXT() REPRESENTATION_CONTEXT('2D SPACE',''
  ) );
#9683 = PCURVE('',#9522,#9684);
#9684 = DEFINITIONAL_REPRESENTATION('',(#9685),#9689);
#9685 = LINE('',#9686,#9687);
#9686 = CARTESIAN_POINT('',(2.618066867213,-0.940736716215));
#9687 = VECTOR('',#9688,1.);
#9688 = DIRECTION('',(-1.,0.));
#9689 = ( GEOMETRIC_REPRESENTATION_CONTEXT(2) 
PARAMETRIC_REPRESENTATION_CONTEXT() REPRESENTATION_CONTEXT('2D SPACE',''
  ) );
#9690 = ORIENTED_EDGE('',*,*,#9691,.F.);
#9691 = EDGE_CURVE('',#9692,#9669,#9694,.T.);
#9692 = VERTEX_POINT('',#9693);
#9693 = CARTESIAN_POINT('',(125.14934320724,31.111541415175,
    1.000000011686E-07));
#9694 = SURFACE_CURVE('',#9695,(#9699,#9706),.PCURVE_S1.);
#9695 = LINE('',#9696,#9697);
#9696 = CARTESIAN_POINT('',(125.14934320724,31.111541415175,
    1.000000011686E-07));
#9697 = VECTOR('',#9698,1.);
#9698 = DIRECTION('',(0.,0.,1.));
#9699 = PCURVE('',#9631,#9700);
#9700 = DEFINITIONAL_REPRESENTATION('',(#9701),#9705);
#9701 = LINE('',#9702,#9703);
#9702 = CARTESIAN_POINT('',(3.,0.));
#9703 = VECTOR('',#9704,1.);
#9704 = DIRECTION('',(0.,-1.));
#9705 = ( GEOMETRIC_REPRESENTATION_CONTEXT(2) 
PARAMETRIC_REPRESENTATION_CONTEXT() REPRESENTATION_CONTEXT('2D SPACE',''
  ) );
#9706 = PCURVE('',#9707,#9712);
#9707 = PLANE('',#9708);
#9708 = AXIS2_PLACEMENT_3D('',#9709,#9710,#9711);
#9709 = CARTESIAN_POINT('',(125.14934320724,31.111541415175,
    1.000000011686E-07));
#9710 = DIRECTION('',(-0.976644466705,0.214861782675,0.));
#9711 = DIRECTION('',(0.214861782675,0.976644466705,0.));
#9712 = DEFINITIONAL_REPRESENTATION('',(#9713),#9717);
#9713 = LINE('',#9714,#9715);
#9714 = CARTESIAN_POINT('',(0.,0.));
#9715 = VECTOR('',#9716,1.);
#9716 = DIRECTION('',(0.,-1.));
#9717 = ( GEOMETRIC_REPRESENTATION_CONTEXT(2) 
PARAMETRIC_REPRESENTATION_CONTEXT() REPRESENTATION_CONTEXT('2D SPACE',''
  ) );
#9718 = ORIENTED_EDGE('',*,*,#9719,.F.);
#9719 = EDGE_CURVE('',#9616,#9692,#9720,.T.);
#9720 = SURFACE_CURVE('',#9721,(#9725,#9732),.PCURVE_S1.);
#9721 = LINE('',#9722,#9723);
#9722 = CARTESIAN_POINT('',(128.14934320724,31.111541415175,
    1.000000011686E-07));
#9723 = VECTOR('',#9724,1.);
#9724 = DIRECTION('',(-1.,0.,0.));
#9725 = PCURVE('',#9631,#9726);
#9726 = DEFINITIONAL_REPRESENTATION('',(#9727),#9731);
#9727 = LINE('',#9728,#9729);
#9728 = CARTESIAN_POINT('',(0.,-0.));
#9729 = VECTOR('',#9730,1.);
#9730 = DIRECTION('',(1.,0.));
#9731 = ( GEOMETRIC_REPRESENTATION_CONTEXT(2) 
PARAMETRIC_REPRESENTATION_CONTEXT() REPRESENTATION_CONTEXT('2D SPACE',''
  ) );
#9732 = PCURVE('',#9576,#9733);
#9733 = DEFINITIONAL_REPRESENTATION('',(#9734),#9738);
#9734 = LINE('',#9735,#9736);
#9735 = CARTESIAN_POINT('',(2.618066867213,-0.940736716215));
#9736 = VECTOR('',#9737,1.);
#9737 = DIRECTION('',(-1.,0.));
#9738 = ( GEOMETRIC_REPRESENTATION_CONTEXT(2) 
PARAMETRIC_REPRESENTATION_CONTEXT() REPRESENTATION_CONTEXT('2D SPACE',''
  ) );
#9739 = ADVANCED_FACE('',(#9740),#9707,.F.);
#9740 = FACE_BOUND('',#9741,.F.);
#9741 = EDGE_LOOP('',(#9742,#9743,#9766,#9794));
#9742 = ORIENTED_EDGE('',*,*,#9691,.T.);
#9743 = ORIENTED_EDGE('',*,*,#9744,.T.);
#9744 = EDGE_CURVE('',#9669,#9745,#9747,.T.);
#9745 = VERTEX_POINT('',#9746);
#9746 = CARTESIAN_POINT('',(126.13934320724,35.611541415175,0.4800001));
#9747 = SURFACE_CURVE('',#9748,(#9752,#9759),.PCURVE_S1.);
#9748 = LINE('',#9749,#9750);
#9749 = CARTESIAN_POINT('',(125.14934320724,31.111541415175,0.4800001));
#9750 = VECTOR('',#9751,1.);
#9751 = DIRECTION('',(0.214861782675,0.976644466705,0.));
#9752 = PCURVE('',#9707,#9753);
#9753 = DEFINITIONAL_REPRESENTATION('',(#9754),#9758);
#9754 = LINE('',#9755,#9756);
#9755 = CARTESIAN_POINT('',(0.,-0.48));
#9756 = VECTOR('',#9757,1.);
#9757 = DIRECTION('',(1.,0.));
#9758 = ( GEOMETRIC_REPRESENTATION_CONTEXT(2) 
PARAMETRIC_REPRESENTATION_CONTEXT() REPRESENTATION_CONTEXT('2D SPACE',''
  ) );
#9759 = PCURVE('',#9522,#9760);
#9760 = DEFINITIONAL_REPRESENTATION('',(#9761),#9765);
#9761 = LINE('',#9762,#9763);
#9762 = CARTESIAN_POINT('',(-0.381933132787,-0.940736716215));
#9763 = VECTOR('',#9764,1.);
#9764 = DIRECTION('',(0.214861782675,0.976644466705));
#9765 = ( GEOMETRIC_REPRESENTATION_CONTEXT(2) 
PARAMETRIC_REPRESENTATION_CONTEXT() REPRESENTATION_CONTEXT('2D SPACE',''
  ) );
#9766 = ORIENTED_EDGE('',*,*,#9767,.F.);
#9767 = EDGE_CURVE('',#9768,#9745,#9770,.T.);
#9768 = VERTEX_POINT('',#9769);
#9769 = CARTESIAN_POINT('',(126.13934320724,35.611541415175,
    1.000000011686E-07));
#9770 = SURFACE_CURVE('',#9771,(#9775,#9782),.PCURVE_S1.);
#9771 = LINE('',#9772,#9773);
#9772 = CARTESIAN_POINT('',(126.13934320724,35.611541415175,
    1.000000011686E-07));
#9773 = VECTOR('',#9774,1.);
#9774 = DIRECTION('',(0.,0.,1.));
#9775 = PCURVE('',#9707,#9776);
#9776 = DEFINITIONAL_REPRESENTATION('',(#9777),#9781);
#9777 = LINE('',#9778,#9779);
#9778 = CARTESIAN_POINT('',(4.607613265021,0.));
#9779 = VECTOR('',#9780,1.);
#9780 = DIRECTION('',(0.,-1.));
#9781 = ( GEOMETRIC_REPRESENTATION_CONTEXT(2) 
PARAMETRIC_REPRESENTATION_CONTEXT() REPRESENTATION_CONTEXT('2D SPACE',''
  ) );
#9782 = PCURVE('',#9783,#9788);
#9783 = PLANE('',#9784);
#9784 = AXIS2_PLACEMENT_3D('',#9785,#9786,#9787);
#9785 = CARTESIAN_POINT('',(126.13934320724,35.611541415175,
    1.000000011686E-07));
#9786 = DIRECTION('',(0.,-1.,0.));
#9787 = DIRECTION('',(-1.,0.,0.));
#9788 = DEFINITIONAL_REPRESENTATION('',(#9789),#9793);
#9789 = LINE('',#9790,#9791);
#9790 = CARTESIAN_POINT('',(0.,-0.));
#9791 = VECTOR('',#9792,1.);
#9792 = DIRECTION('',(0.,-1.));
#9793 = ( GEOMETRIC_REPRESENTATION_CONTEXT(2) 
PARAMETRIC_REPRESENTATION_CONTEXT() REPRESENTATION_CONTEXT('2D SPACE',''
  ) );
#9794 = ORIENTED_EDGE('',*,*,#9795,.F.);
#9795 = EDGE_CURVE('',#9692,#9768,#9796,.T.);
#9796 = SURFACE_CURVE('',#9797,(#9801,#9808),.PCURVE_S1.);
#9797 = LINE('',#9798,#9799);
#9798 = CARTESIAN_POINT('',(125.14934320724,31.111541415175,
    1.000000011686E-07));
#9799 = VECTOR('',#9800,1.);
#9800 = DIRECTION('',(0.214861782675,0.976644466705,0.));
#9801 = PCURVE('',#9707,#9802);
#9802 = DEFINITIONAL_REPRESENTATION('',(#9803),#9807);
#9803 = LINE('',#9804,#9805);
#9804 = CARTESIAN_POINT('',(0.,0.));
#9805 = VECTOR('',#9806,1.);
#9806 = DIRECTION('',(1.,0.));
#9807 = ( GEOMETRIC_REPRESENTATION_CONTEXT(2) 
PARAMETRIC_REPRESENTATION_CONTEXT() REPRESENTATION_CONTEXT('2D SPACE',''
  ) );
#9808 = PCURVE('',#9576,#9809);
#9809 = DEFINITIONAL_REPRESENTATION('',(#9810),#9814);
#9810 = LINE('',#9811,#9812);
#9811 = CARTESIAN_POINT('',(-0.381933132787,-0.940736716215));
#9812 = VECTOR('',#9813,1.);
#9813 = DIRECTION('',(0.214861782675,0.976644466705));
#9814 = ( GEOMETRIC_REPRESENTATION_CONTEXT(2) 
PARAMETRIC_REPRESENTATION_CONTEXT() REPRESENTATION_CONTEXT('2D SPACE',''
  ) );
#9815 = ADVANCED_FACE('',(#9816),#9783,.F.);
#9816 = FACE_BOUND('',#9817,.F.);
#9817 = EDGE_LOOP('',(#9818,#9819,#9842,#9865));
#9818 = ORIENTED_EDGE('',*,*,#9767,.T.);
#9819 = ORIENTED_EDGE('',*,*,#9820,.T.);
#9820 = EDGE_CURVE('',#9745,#9821,#9823,.T.);
#9821 = VERTEX_POINT('',#9822);
#9822 = CARTESIAN_POINT('',(124.83934320724,35.611541415175,0.4800001));
#9823 = SURFACE_CURVE('',#9824,(#9828,#9835),.PCURVE_S1.);
#9824 = LINE('',#9825,#9826);
#9825 = CARTESIAN_POINT('',(126.13934320724,35.611541415175,0.4800001));
#9826 = VECTOR('',#9827,1.);
#9827 = DIRECTION('',(-1.,0.,0.));
#9828 = PCURVE('',#9783,#9829);
#9829 = DEFINITIONAL_REPRESENTATION('',(#9830),#9834);
#9830 = LINE('',#9831,#9832);
#9831 = CARTESIAN_POINT('',(0.,-0.48));
#9832 = VECTOR('',#9833,1.);
#9833 = DIRECTION('',(1.,0.));
#9834 = ( GEOMETRIC_REPRESENTATION_CONTEXT(2) 
PARAMETRIC_REPRESENTATION_CONTEXT() REPRESENTATION_CONTEXT('2D SPACE',''
  ) );
#9835 = PCURVE('',#9522,#9836);
#9836 = DEFINITIONAL_REPRESENTATION('',(#9837),#9841);
#9837 = LINE('',#9838,#9839);
#9838 = CARTESIAN_POINT('',(0.608066867213,3.559263283785));
#9839 = VECTOR('',#9840,1.);
#9840 = DIRECTION('',(-1.,0.));
#9841 = ( GEOMETRIC_REPRESENTATION_CONTEXT(2) 
PARAMETRIC_REPRESENTATION_CONTEXT() REPRESENTATION_CONTEXT('2D SPACE',''
  ) );
#9842 = ORIENTED_EDGE('',*,*,#9843,.F.);
#9843 = EDGE_CURVE('',#9844,#9821,#9846,.T.);
#9844 = VERTEX_POINT('',#9845);
#9845 = CARTESIAN_POINT('',(124.83934320724,35.611541415175,
    1.000000011686E-07));
#9846 = SURFACE_CURVE('',#9847,(#9851,#9858),.PCURVE_S1.);
#9847 = LINE('',#9848,#9849);
#9848 = CARTESIAN_POINT('',(124.83934320724,35.611541415175,
    1.000000011686E-07));
#9849 = VECTOR('',#9850,1.);
#9850 = DIRECTION('',(0.,0.,1.));
#9851 = PCURVE('',#9783,#9852);
#9852 = DEFINITIONAL_REPRESENTATION('',(#9853),#9857);
#9853 = LINE('',#9854,#9855);
#9854 = CARTESIAN_POINT('',(1.3,0.));
#9855 = VECTOR('',#9856,1.);
#9856 = DIRECTION('',(0.,-1.));
#9857 = ( GEOMETRIC_REPRESENTATION_CONTEXT(2) 
PARAMETRIC_REPRESENTATION_CONTEXT() REPRESENTATION_CONTEXT('2D SPACE',''
  ) );
#9858 = PCURVE('',#9494,#9859);
#9859 = DEFINITIONAL_REPRESENTATION('',(#9860),#9864);
#9860 = LINE('',#9861,#9862);
#9861 = CARTESIAN_POINT('',(0.,0.));
#9862 = VECTOR('',#9863,1.);
#9863 = DIRECTION('',(0.,-1.));
#9864 = ( GEOMETRIC_REPRESENTATION_CONTEXT(2) 
PARAMETRIC_REPRESENTATION_CONTEXT() REPRESENTATION_CONTEXT('2D SPACE',''
  ) );
#9865 = ORIENTED_EDGE('',*,*,#9866,.F.);
#9866 = EDGE_CURVE('',#9768,#9844,#9867,.T.);
#9867 = SURFACE_CURVE('',#9868,(#9872,#9879),.PCURVE_S1.);
#9868 = LINE('',#9869,#9870);
#9869 = CARTESIAN_POINT('',(126.13934320724,35.611541415175,
    1.000000011686E-07));
#9870 = VECTOR('',#9871,1.);
#9871 = DIRECTION('',(-1.,0.,0.));
#9872 = PCURVE('',#9783,#9873);
#9873 = DEFINITIONAL_REPRESENTATION('',(#9874),#9878);
#9874 = LINE('',#9875,#9876);
#9875 = CARTESIAN_POINT('',(0.,-0.));
#9876 = VECTOR('',#9877,1.);
#9877 = DIRECTION('',(1.,0.));
#9878 = ( GEOMETRIC_REPRESENTATION_CONTEXT(2) 
PARAMETRIC_REPRESENTATION_CONTEXT() REPRESENTATION_CONTEXT('2D SPACE',''
  ) );
#9879 = PCURVE('',#9576,#9880);
#9880 = DEFINITIONAL_REPRESENTATION('',(#9881),#9885);
#9881 = LINE('',#9882,#9883);
#9882 = CARTESIAN_POINT('',(0.608066867213,3.559263283785));
#9883 = VECTOR('',#9884,1.);
#9884 = DIRECTION('',(-1.,0.));
#9885 = ( GEOMETRIC_REPRESENTATION_CONTEXT(2) 
PARAMETRIC_REPRESENTATION_CONTEXT() REPRESENTATION_CONTEXT('2D SPACE',''
  ) );
#9886 = ADVANCED_FACE('',(#9887),#9494,.F.);
#9887 = FACE_BOUND('',#9888,.F.);
#9888 = EDGE_LOOP('',(#9889,#9890,#9911,#9912));
#9889 = ORIENTED_EDGE('',*,*,#9843,.T.);
#9890 = ORIENTED_EDGE('',*,*,#9891,.T.);
#9891 = EDGE_CURVE('',#9821,#9474,#9892,.T.);
#9892 = SURFACE_CURVE('',#9893,(#9897,#9904),.PCURVE_S1.);
#9893 = LINE('',#9894,#9895);
#9894 = CARTESIAN_POINT('',(124.83934320724,35.611541415175,0.4800001));
#9895 = VECTOR('',#9896,1.);
#9896 = DIRECTION('',(-0.214861782675,-0.976644466705,0.));
#9897 = PCURVE('',#9494,#9898);
#9898 = DEFINITIONAL_REPRESENTATION('',(#9899),#9903);
#9899 = LINE('',#9900,#9901);
#9900 = CARTESIAN_POINT('',(0.,-0.48));
#9901 = VECTOR('',#9902,1.);
#9902 = DIRECTION('',(1.,0.));
#9903 = ( GEOMETRIC_REPRESENTATION_CONTEXT(2) 
PARAMETRIC_REPRESENTATION_CONTEXT() REPRESENTATION_CONTEXT('2D SPACE',''
  ) );
#9904 = PCURVE('',#9522,#9905);
#9905 = DEFINITIONAL_REPRESENTATION('',(#9906),#9910);
#9906 = LINE('',#9907,#9908);
#9907 = CARTESIAN_POINT('',(-0.691933132787,3.559263283785));
#9908 = VECTOR('',#9909,1.);
#9909 = DIRECTION('',(-0.214861782675,-0.976644466705));
#9910 = ( GEOMETRIC_REPRESENTATION_CONTEXT(2) 
PARAMETRIC_REPRESENTATION_CONTEXT() REPRESENTATION_CONTEXT('2D SPACE',''
  ) );
#9911 = ORIENTED_EDGE('',*,*,#9471,.F.);
#9912 = ORIENTED_EDGE('',*,*,#9913,.F.);
#9913 = EDGE_CURVE('',#9844,#9472,#9914,.T.);
#9914 = SURFACE_CURVE('',#9915,(#9919,#9926),.PCURVE_S1.);
#9915 = LINE('',#9916,#9917);
#9916 = CARTESIAN_POINT('',(124.83934320724,35.611541415175,
    1.000000011686E-07));
#9917 = VECTOR('',#9918,1.);
#9918 = DIRECTION('',(-0.214861782675,-0.976644466705,0.));
#9919 = PCURVE('',#9494,#9920);
#9920 = DEFINITIONAL_REPRESENTATION('',(#9921),#9925);
#9921 = LINE('',#9922,#9923);
#9922 = CARTESIAN_POINT('',(0.,0.));
#9923 = VECTOR('',#9924,1.);
#9924 = DIRECTION('',(1.,0.));
#9925 = ( GEOMETRIC_REPRESENTATION_CONTEXT(2) 
PARAMETRIC_REPRESENTATION_CONTEXT() REPRESENTATION_CONTEXT('2D SPACE',''
  ) );
#9926 = PCURVE('',#9576,#9927);
#9927 = DEFINITIONAL_REPRESENTATION('',(#9928),#9932);
#9928 = LINE('',#9929,#9930);
#9929 = CARTESIAN_POINT('',(-0.691933132787,3.559263283785));
#9930 = VECTOR('',#9931,1.);
#9931 = DIRECTION('',(-0.214861782675,-0.976644466705));
#9932 = ( GEOMETRIC_REPRESENTATION_CONTEXT(2) 
PARAMETRIC_REPRESENTATION_CONTEXT() REPRESENTATION_CONTEXT('2D SPACE',''
  ) );
#9933 = ADVANCED_FACE('',(#9934),#9576,.F.);
#9934 = FACE_BOUND('',#9935,.F.);
#9935 = EDGE_LOOP('',(#9936,#9937,#9938,#9939,#9940,#9941));
#9936 = ORIENTED_EDGE('',*,*,#9562,.T.);
#9937 = ORIENTED_EDGE('',*,*,#9643,.T.);
#9938 = ORIENTED_EDGE('',*,*,#9719,.T.);
#9939 = ORIENTED_EDGE('',*,*,#9795,.T.);
#9940 = ORIENTED_EDGE('',*,*,#9866,.T.);
#9941 = ORIENTED_EDGE('',*,*,#9913,.T.);
#9942 = ADVANCED_FACE('',(#9943),#9522,.T.);
#9943 = FACE_BOUND('',#9944,.T.);
#9944 = EDGE_LOOP('',(#9945,#9946,#9947,#9948,#9949,#9950));
#9945 = ORIENTED_EDGE('',*,*,#9506,.T.);
#9946 = ORIENTED_EDGE('',*,*,#9592,.T.);
#9947 = ORIENTED_EDGE('',*,*,#9668,.T.);
#9948 = ORIENTED_EDGE('',*,*,#9744,.T.);
#9949 = ORIENTED_EDGE('',*,*,#9820,.T.);
#9950 = ORIENTED_EDGE('',*,*,#9891,.T.);
#9951 = ( GEOMETRIC_REPRESENTATION_CONTEXT(3) 
GLOBAL_UNCERTAINTY_ASSIGNED_CONTEXT((#9955)) 
GLOBAL_UNIT_ASSIGNED_CONTEXT((#9952,#9953,#9954)) REPRESENTATION_CONTEXT
('Context #1','3D Context with UNIT and UNCERTAINTY') );
#9952 = ( LENGTH_UNIT() NAMED_UNIT(*) SI_UNIT(.MILLI.,.METRE.) );
#9953 = ( NAMED_UNIT(*) PLANE_ANGLE_UNIT() SI_UNIT($,.RADIAN.) );
#9954 = ( NAMED_UNIT(*) SI_UNIT($,.STERADIAN.) SOLID_ANGLE_UNIT() );
#9955 = UNCERTAINTY_MEASURE_WITH_UNIT(LENGTH_MEASURE(1.E-07),#9952,
  'distance_accuracy_value','confusion accuracy');
#9956 = CONTEXT_DEPENDENT_SHAPE_REPRESENTATION(#9957,#9959);
#9957 = ( REPRESENTATION_RELATIONSHIP('','',#9464,#10) 
REPRESENTATION_RELATIONSHIP_WITH_TRANSFORMATION(#9958) 
SHAPE_REPRESENTATION_RELATIONSHIP() );
#9958 = ITEM_DEFINED_TRANSFORMATION('','',#11,#71);
#9959 = PRODUCT_DEFINITION_SHAPE('Placement','Placement of an item',
  #9960);
#9960 = NEXT_ASSEMBLY_USAGE_OCCURRENCE('265','','',#5,#9459,$);
#9961 = PRODUCT_RELATED_PRODUCT_CATEGORY('part',$,(#9461));
#9962 = SHAPE_DEFINITION_REPRESENTATION(#9963,#9969);
#9963 = PRODUCT_DEFINITION_SHAPE('','',#9964);
#9964 = PRODUCT_DEFINITION('design','',#9965,#9968);
#9965 = PRODUCT_DEFINITION_FORMATION('','',#9966);
#9966 = PRODUCT('Open CASCADE STEP translator 7.8 2.16',
  'Open CASCADE STEP translator 7.8 2.16','',(#9967));
#9967 = PRODUCT_CONTEXT('',#2,'mechanical');
#9968 = PRODUCT_DEFINITION_CONTEXT('part definition',#2,'design');
#9969 = ADVANCED_BREP_SHAPE_REPRESENTATION('',(#11,#9970),#10612);
#9970 = MANIFOLD_SOLID_BREP('',#9971);
#9971 = CLOSED_SHELL('',(#9972,#10092,#10168,#10244,#10320,#10396,#10472
    ,#10543,#10590,#10601));
#9972 = ADVANCED_FACE('',(#9973),#9987,.F.);
#9973 = FACE_BOUND('',#9974,.F.);
#9974 = EDGE_LOOP('',(#9975,#10010,#10038,#10066));
#9975 = ORIENTED_EDGE('',*,*,#9976,.T.);
#9976 = EDGE_CURVE('',#9977,#9979,#9981,.T.);
#9977 = VERTEX_POINT('',#9978);
#9978 = CARTESIAN_POINT('',(132.14934340724,34.311541415175,
    1.000000020568E-07));
#9979 = VERTEX_POINT('',#9980);
#9980 = CARTESIAN_POINT('',(132.14934340724,34.311541415175,0.4800001));
#9981 = SURFACE_CURVE('',#9982,(#9986,#9998),.PCURVE_S1.);
#9982 = LINE('',#9983,#9984);
#9983 = CARTESIAN_POINT('',(132.14934340724,34.311541415175,
    1.000000020568E-07));
#9984 = VECTOR('',#9985,1.);
#9985 = DIRECTION('',(0.,0.,1.));
#9986 = PCURVE('',#9987,#9992);
#9987 = PLANE('',#9988);
#9988 = AXIS2_PLACEMENT_3D('',#9989,#9990,#9991);
#9989 = CARTESIAN_POINT('',(132.14934340724,34.311541415175,
    1.000000020568E-07));
#9990 = DIRECTION('',(0.,1.,0.));
#9991 = DIRECTION('',(1.,0.,0.));
#9992 = DEFINITIONAL_REPRESENTATION('',(#9993),#9997);
#9993 = LINE('',#9994,#9995);
#9994 = CARTESIAN_POINT('',(0.,0.));
#9995 = VECTOR('',#9996,1.);
#9996 = DIRECTION('',(0.,-1.));
#9997 = ( GEOMETRIC_REPRESENTATION_CONTEXT(2) 
PARAMETRIC_REPRESENTATION_CONTEXT() REPRESENTATION_CONTEXT('2D SPACE',''
  ) );
#9998 = PCURVE('',#9999,#10004);
#9999 = PLANE('',#10000);
#10000 = AXIS2_PLACEMENT_3D('',#10001,#10002,#10003);
#10001 = CARTESIAN_POINT('',(132.43534340724,35.611541415175,
    1.000000020568E-07));
#10002 = DIRECTION('',(0.976644466705,-0.214861782675,0.));
#10003 = DIRECTION('',(-0.214861782675,-0.976644466705,0.));
#10004 = DEFINITIONAL_REPRESENTATION('',(#10005),#10009);
#10005 = LINE('',#10006,#10007);
#10006 = CARTESIAN_POINT('',(1.331088276562,0.));
#10007 = VECTOR('',#10008,1.);
#10008 = DIRECTION('',(0.,-1.));
#10009 = ( GEOMETRIC_REPRESENTATION_CONTEXT(2) 
PARAMETRIC_REPRESENTATION_CONTEXT() REPRESENTATION_CONTEXT('2D SPACE',''
  ) );
#10010 = ORIENTED_EDGE('',*,*,#10011,.T.);
#10011 = EDGE_CURVE('',#9979,#10012,#10014,.T.);
#10012 = VERTEX_POINT('',#10013);
#10013 = CARTESIAN_POINT('',(133.94934340724,34.311541415175,0.4800001)
  );
#10014 = SURFACE_CURVE('',#10015,(#10019,#10026),.PCURVE_S1.);
#10015 = LINE('',#10016,#10017);
#10016 = CARTESIAN_POINT('',(132.14934340724,34.311541415175,0.4800001)
  );
#10017 = VECTOR('',#10018,1.);
#10018 = DIRECTION('',(1.,0.,0.));
#10019 = PCURVE('',#9987,#10020);
#10020 = DEFINITIONAL_REPRESENTATION('',(#10021),#10025);
#10021 = LINE('',#10022,#10023);
#10022 = CARTESIAN_POINT('',(0.,-0.48));
#10023 = VECTOR('',#10024,1.);
#10024 = DIRECTION('',(1.,0.));
#10025 = ( GEOMETRIC_REPRESENTATION_CONTEXT(2) 
PARAMETRIC_REPRESENTATION_CONTEXT() REPRESENTATION_CONTEXT('2D SPACE',''
  ) );
#10026 = PCURVE('',#10027,#10032);
#10027 = PLANE('',#10028);
#10028 = AXIS2_PLACEMENT_3D('',#10029,#10030,#10031);
#10029 = CARTESIAN_POINT('',(134.41175424493,33.458863404707,0.4800001)
  );
#10030 = DIRECTION('',(0.,0.,1.));
#10031 = DIRECTION('',(1.,0.,-0.));
#10032 = DEFINITIONAL_REPRESENTATION('',(#10033),#10037);
#10033 = LINE('',#10034,#10035);
#10034 = CARTESIAN_POINT('',(-2.262410837697,0.852678010468));
#10035 = VECTOR('',#10036,1.);
#10036 = DIRECTION('',(1.,0.));
#10037 = ( GEOMETRIC_REPRESENTATION_CONTEXT(2) 
PARAMETRIC_REPRESENTATION_CONTEXT() REPRESENTATION_CONTEXT('2D SPACE',''
  ) );
#10038 = ORIENTED_EDGE('',*,*,#10039,.F.);
#10039 = EDGE_CURVE('',#10040,#10012,#10042,.T.);
#10040 = VERTEX_POINT('',#10041);
#10041 = CARTESIAN_POINT('',(133.94934340724,34.311541415175,
    1.000000020568E-07));
#10042 = SURFACE_CURVE('',#10043,(#10047,#10054),.PCURVE_S1.);
#10043 = LINE('',#10044,#10045);
#10044 = CARTESIAN_POINT('',(133.94934340724,34.311541415175,
    1.000000020568E-07));
#10045 = VECTOR('',#10046,1.);
#10046 = DIRECTION('',(0.,0.,1.));
#10047 = PCURVE('',#9987,#10048);
#10048 = DEFINITIONAL_REPRESENTATION('',(#10049),#10053);
#10049 = LINE('',#10050,#10051);
#10050 = CARTESIAN_POINT('',(1.8,0.));
#10051 = VECTOR('',#10052,1.);
#10052 = DIRECTION('',(0.,-1.));
#10053 = ( GEOMETRIC_REPRESENTATION_CONTEXT(2) 
PARAMETRIC_REPRESENTATION_CONTEXT() REPRESENTATION_CONTEXT('2D SPACE',''
  ) );
#10054 = PCURVE('',#10055,#10060);
#10055 = PLANE('',#10056);
#10056 = AXIS2_PLACEMENT_3D('',#10057,#10058,#10059);
#10057 = CARTESIAN_POINT('',(133.94934340724,34.311541415175,
    1.000000020568E-07));
#10058 = DIRECTION('',(0.976644466705,-0.214861782675,0.));
#10059 = DIRECTION('',(-0.214861782675,-0.976644466705,0.));
#10060 = DEFINITIONAL_REPRESENTATION('',(#10061),#10065);
#10061 = LINE('',#10062,#10063);
#10062 = CARTESIAN_POINT('',(0.,0.));
#10063 = VECTOR('',#10064,1.);
#10064 = DIRECTION('',(0.,-1.));
#10065 = ( GEOMETRIC_REPRESENTATION_CONTEXT(2) 
PARAMETRIC_REPRESENTATION_CONTEXT() REPRESENTATION_CONTEXT('2D SPACE',''
  ) );
#10066 = ORIENTED_EDGE('',*,*,#10067,.F.);
#10067 = EDGE_CURVE('',#9977,#10040,#10068,.T.);
#10068 = SURFACE_CURVE('',#10069,(#10073,#10080),.PCURVE_S1.);
#10069 = LINE('',#10070,#10071);
#10070 = CARTESIAN_POINT('',(132.14934340724,34.311541415175,
    1.000000020568E-07));
#10071 = VECTOR('',#10072,1.);
#10072 = DIRECTION('',(1.,0.,0.));
#10073 = PCURVE('',#9987,#10074);
#10074 = DEFINITIONAL_REPRESENTATION('',(#10075),#10079);
#10075 = LINE('',#10076,#10077);
#10076 = CARTESIAN_POINT('',(0.,0.));
#10077 = VECTOR('',#10078,1.);
#10078 = DIRECTION('',(1.,0.));
#10079 = ( GEOMETRIC_REPRESENTATION_CONTEXT(2) 
PARAMETRIC_REPRESENTATION_CONTEXT() REPRESENTATION_CONTEXT('2D SPACE',''
  ) );
#10080 = PCURVE('',#10081,#10086);
#10081 = PLANE('',#10082);
#10082 = AXIS2_PLACEMENT_3D('',#10083,#10084,#10085);
#10083 = CARTESIAN_POINT('',(134.41175424493,33.458863404707,
    1.000000020568E-07));
#10084 = DIRECTION('',(0.,0.,1.));
#10085 = DIRECTION('',(1.,0.,-0.));
#10086 = DEFINITIONAL_REPRESENTATION('',(#10087),#10091);
#10087 = LINE('',#10088,#10089);
#10088 = CARTESIAN_POINT('',(-2.262410837697,0.852678010468));
#10089 = VECTOR('',#10090,1.);
#10090 = DIRECTION('',(1.,0.));
#10091 = ( GEOMETRIC_REPRESENTATION_CONTEXT(2) 
PARAMETRIC_REPRESENTATION_CONTEXT() REPRESENTATION_CONTEXT('2D SPACE',''
  ) );
#10092 = ADVANCED_FACE('',(#10093),#10055,.F.);
#10093 = FACE_BOUND('',#10094,.F.);
#10094 = EDGE_LOOP('',(#10095,#10096,#10119,#10147));
#10095 = ORIENTED_EDGE('',*,*,#10039,.T.);
#10096 = ORIENTED_EDGE('',*,*,#10097,.T.);
#10097 = EDGE_CURVE('',#10012,#10098,#10100,.T.);
#10098 = VERTEX_POINT('',#10099);
#10099 = CARTESIAN_POINT('',(132.95934340724,29.811541415175,0.4800001)
  );
#10100 = SURFACE_CURVE('',#10101,(#10105,#10112),.PCURVE_S1.);
#10101 = LINE('',#10102,#10103);
#10102 = CARTESIAN_POINT('',(133.94934340724,34.311541415175,0.4800001)
  );
#10103 = VECTOR('',#10104,1.);
#10104 = DIRECTION('',(-0.214861782675,-0.976644466705,0.));
#10105 = PCURVE('',#10055,#10106);
#10106 = DEFINITIONAL_REPRESENTATION('',(#10107),#10111);
#10107 = LINE('',#10108,#10109);
#10108 = CARTESIAN_POINT('',(0.,-0.48));
#10109 = VECTOR('',#10110,1.);
#10110 = DIRECTION('',(1.,0.));
#10111 = ( GEOMETRIC_REPRESENTATION_CONTEXT(2) 
PARAMETRIC_REPRESENTATION_CONTEXT() REPRESENTATION_CONTEXT('2D SPACE',''
  ) );
#10112 = PCURVE('',#10027,#10113);
#10113 = DEFINITIONAL_REPRESENTATION('',(#10114),#10118);
#10114 = LINE('',#10115,#10116);
#10115 = CARTESIAN_POINT('',(-0.462410837697,0.852678010468));
#10116 = VECTOR('',#10117,1.);
#10117 = DIRECTION('',(-0.214861782675,-0.976644466705));
#10118 = ( GEOMETRIC_REPRESENTATION_CONTEXT(2) 
PARAMETRIC_REPRESENTATION_CONTEXT() REPRESENTATION_CONTEXT('2D SPACE',''
  ) );
#10119 = ORIENTED_EDGE('',*,*,#10120,.F.);
#10120 = EDGE_CURVE('',#10121,#10098,#10123,.T.);
#10121 = VERTEX_POINT('',#10122);
#10122 = CARTESIAN_POINT('',(132.95934340724,29.811541415175,
    1.000000020568E-07));
#10123 = SURFACE_CURVE('',#10124,(#10128,#10135),.PCURVE_S1.);
#10124 = LINE('',#10125,#10126);
#10125 = CARTESIAN_POINT('',(132.95934340724,29.811541415175,
    1.000000020568E-07));
#10126 = VECTOR('',#10127,1.);
#10127 = DIRECTION('',(0.,0.,1.));
#10128 = PCURVE('',#10055,#10129);
#10129 = DEFINITIONAL_REPRESENTATION('',(#10130),#10134);
#10130 = LINE('',#10131,#10132);
#10131 = CARTESIAN_POINT('',(4.607613265021,0.));
#10132 = VECTOR('',#10133,1.);
#10133 = DIRECTION('',(0.,-1.));
#10134 = ( GEOMETRIC_REPRESENTATION_CONTEXT(2) 
PARAMETRIC_REPRESENTATION_CONTEXT() REPRESENTATION_CONTEXT('2D SPACE',''
  ) );
#10135 = PCURVE('',#10136,#10141);
#10136 = PLANE('',#10137);
#10137 = AXIS2_PLACEMENT_3D('',#10138,#10139,#10140);
#10138 = CARTESIAN_POINT('',(132.95934340724,29.811541415175,
    1.000000020568E-07));
#10139 = DIRECTION('',(0.,1.,0.));
#10140 = DIRECTION('',(1.,0.,0.));
#10141 = DEFINITIONAL_REPRESENTATION('',(#10142),#10146);
#10142 = LINE('',#10143,#10144);
#10143 = CARTESIAN_POINT('',(0.,0.));
#10144 = VECTOR('',#10145,1.);
#10145 = DIRECTION('',(0.,-1.));
#10146 = ( GEOMETRIC_REPRESENTATION_CONTEXT(2) 
PARAMETRIC_REPRESENTATION_CONTEXT() REPRESENTATION_CONTEXT('2D SPACE',''
  ) );
#10147 = ORIENTED_EDGE('',*,*,#10148,.F.);
#10148 = EDGE_CURVE('',#10040,#10121,#10149,.T.);
#10149 = SURFACE_CURVE('',#10150,(#10154,#10161),.PCURVE_S1.);
#10150 = LINE('',#10151,#10152);
#10151 = CARTESIAN_POINT('',(133.94934340724,34.311541415175,
    1.000000020568E-07));
#10152 = VECTOR('',#10153,1.);
#10153 = DIRECTION('',(-0.214861782675,-0.976644466705,0.));
#10154 = PCURVE('',#10055,#10155);
#10155 = DEFINITIONAL_REPRESENTATION('',(#10156),#10160);
#10156 = LINE('',#10157,#10158);
#10157 = CARTESIAN_POINT('',(0.,0.));
#10158 = VECTOR('',#10159,1.);
#10159 = DIRECTION('',(1.,0.));
#10160 = ( GEOMETRIC_REPRESENTATION_CONTEXT(2) 
PARAMETRIC_REPRESENTATION_CONTEXT() REPRESENTATION_CONTEXT('2D SPACE',''
  ) );
#10161 = PCURVE('',#10081,#10162);
#10162 = DEFINITIONAL_REPRESENTATION('',(#10163),#10167);
#10163 = LINE('',#10164,#10165);
#10164 = CARTESIAN_POINT('',(-0.462410837697,0.852678010468));
#10165 = VECTOR('',#10166,1.);
#10166 = DIRECTION('',(-0.214861782675,-0.976644466705));
#10167 = ( GEOMETRIC_REPRESENTATION_CONTEXT(2) 
PARAMETRIC_REPRESENTATION_CONTEXT() REPRESENTATION_CONTEXT('2D SPACE',''
  ) );
#10168 = ADVANCED_FACE('',(#10169),#10136,.F.);
#10169 = FACE_BOUND('',#10170,.F.);
#10170 = EDGE_LOOP('',(#10171,#10172,#10195,#10223));
#10171 = ORIENTED_EDGE('',*,*,#10120,.T.);
#10172 = ORIENTED_EDGE('',*,*,#10173,.T.);
#10173 = EDGE_CURVE('',#10098,#10174,#10176,.T.);
#10174 = VERTEX_POINT('',#10175);
#10175 = CARTESIAN_POINT('',(134.25934340724,29.811541415175,0.4800001)
  );
#10176 = SURFACE_CURVE('',#10177,(#10181,#10188),.PCURVE_S1.);
#10177 = LINE('',#10178,#10179);
#10178 = CARTESIAN_POINT('',(132.95934340724,29.811541415175,0.4800001)
  );
#10179 = VECTOR('',#10180,1.);
#10180 = DIRECTION('',(1.,0.,0.));
#10181 = PCURVE('',#10136,#10182);
#10182 = DEFINITIONAL_REPRESENTATION('',(#10183),#10187);
#10183 = LINE('',#10184,#10185);
#10184 = CARTESIAN_POINT('',(0.,-0.48));
#10185 = VECTOR('',#10186,1.);
#10186 = DIRECTION('',(1.,0.));
#10187 = ( GEOMETRIC_REPRESENTATION_CONTEXT(2) 
PARAMETRIC_REPRESENTATION_CONTEXT() REPRESENTATION_CONTEXT('2D SPACE',''
  ) );
#10188 = PCURVE('',#10027,#10189);
#10189 = DEFINITIONAL_REPRESENTATION('',(#10190),#10194);
#10190 = LINE('',#10191,#10192);
#10191 = CARTESIAN_POINT('',(-1.452410837697,-3.647321989532));
#10192 = VECTOR('',#10193,1.);
#10193 = DIRECTION('',(1.,0.));
#10194 = ( GEOMETRIC_REPRESENTATION_CONTEXT(2) 
PARAMETRIC_REPRESENTATION_CONTEXT() REPRESENTATION_CONTEXT('2D SPACE',''
  ) );
#10195 = ORIENTED_EDGE('',*,*,#10196,.F.);
#10196 = EDGE_CURVE('',#10197,#10174,#10199,.T.);
#10197 = VERTEX_POINT('',#10198);
#10198 = CARTESIAN_POINT('',(134.25934340724,29.811541415175,
    1.000000020568E-07));
#10199 = SURFACE_CURVE('',#10200,(#10204,#10211),.PCURVE_S1.);
#10200 = LINE('',#10201,#10202);
#10201 = CARTESIAN_POINT('',(134.25934340724,29.811541415175,
    1.000000020568E-07));
#10202 = VECTOR('',#10203,1.);
#10203 = DIRECTION('',(0.,0.,1.));
#10204 = PCURVE('',#10136,#10205);
#10205 = DEFINITIONAL_REPRESENTATION('',(#10206),#10210);
#10206 = LINE('',#10207,#10208);
#10207 = CARTESIAN_POINT('',(1.3,0.));
#10208 = VECTOR('',#10209,1.);
#10209 = DIRECTION('',(0.,-1.));
#10210 = ( GEOMETRIC_REPRESENTATION_CONTEXT(2) 
PARAMETRIC_REPRESENTATION_CONTEXT() REPRESENTATION_CONTEXT('2D SPACE',''
  ) );
#10211 = PCURVE('',#10212,#10217);
#10212 = PLANE('',#10213);
#10213 = AXIS2_PLACEMENT_3D('',#10214,#10215,#10216);
#10214 = CARTESIAN_POINT('',(134.25934340724,29.811541415175,
    1.000000020568E-07));
#10215 = DIRECTION('',(-0.976644466705,0.214861782675,0.));
#10216 = DIRECTION('',(0.214861782675,0.976644466705,0.));
#10217 = DEFINITIONAL_REPRESENTATION('',(#10218),#10222);
#10218 = LINE('',#10219,#10220);
#10219 = CARTESIAN_POINT('',(0.,0.));
#10220 = VECTOR('',#10221,1.);
#10221 = DIRECTION('',(0.,-1.));
#10222 = ( GEOMETRIC_REPRESENTATION_CONTEXT(2) 
PARAMETRIC_REPRESENTATION_CONTEXT() REPRESENTATION_CONTEXT('2D SPACE',''
  ) );
#10223 = ORIENTED_EDGE('',*,*,#10224,.F.);
#10224 = EDGE_CURVE('',#10121,#10197,#10225,.T.);
#10225 = SURFACE_CURVE('',#10226,(#10230,#10237),.PCURVE_S1.);
#10226 = LINE('',#10227,#10228);
#10227 = CARTESIAN_POINT('',(132.95934340724,29.811541415175,
    1.000000020568E-07));
#10228 = VECTOR('',#10229,1.);
#10229 = DIRECTION('',(1.,0.,0.));
#10230 = PCURVE('',#10136,#10231);
#10231 = DEFINITIONAL_REPRESENTATION('',(#10232),#10236);
#10232 = LINE('',#10233,#10234);
#10233 = CARTESIAN_POINT('',(0.,0.));
#10234 = VECTOR('',#10235,1.);
#10235 = DIRECTION('',(1.,0.));
#10236 = ( GEOMETRIC_REPRESENTATION_CONTEXT(2) 
PARAMETRIC_REPRESENTATION_CONTEXT() REPRESENTATION_CONTEXT('2D SPACE',''
  ) );
#10237 = PCURVE('',#10081,#10238);
#10238 = DEFINITIONAL_REPRESENTATION('',(#10239),#10243);
#10239 = LINE('',#10240,#10241);
#10240 = CARTESIAN_POINT('',(-1.452410837697,-3.647321989532));
#10241 = VECTOR('',#10242,1.);
#10242 = DIRECTION('',(1.,0.));
#10243 = ( GEOMETRIC_REPRESENTATION_CONTEXT(2) 
PARAMETRIC_REPRESENTATION_CONTEXT() REPRESENTATION_CONTEXT('2D SPACE',''
  ) );
#10244 = ADVANCED_FACE('',(#10245),#10212,.F.);
#10245 = FACE_BOUND('',#10246,.F.);
#10246 = EDGE_LOOP('',(#10247,#10248,#10271,#10299));
#10247 = ORIENTED_EDGE('',*,*,#10196,.T.);
#10248 = ORIENTED_EDGE('',*,*,#10249,.T.);
#10249 = EDGE_CURVE('',#10174,#10250,#10252,.T.);
#10250 = VERTEX_POINT('',#10251);
#10251 = CARTESIAN_POINT('',(135.24934340724,34.311541415175,0.4800001)
  );
#10252 = SURFACE_CURVE('',#10253,(#10257,#10264),.PCURVE_S1.);
#10253 = LINE('',#10254,#10255);
#10254 = CARTESIAN_POINT('',(134.25934340724,29.811541415175,0.4800001)
  );
#10255 = VECTOR('',#10256,1.);
#10256 = DIRECTION('',(0.214861782675,0.976644466705,0.));
#10257 = PCURVE('',#10212,#10258);
#10258 = DEFINITIONAL_REPRESENTATION('',(#10259),#10263);
#10259 = LINE('',#10260,#10261);
#10260 = CARTESIAN_POINT('',(0.,-0.48));
#10261 = VECTOR('',#10262,1.);
#10262 = DIRECTION('',(1.,0.));
#10263 = ( GEOMETRIC_REPRESENTATION_CONTEXT(2) 
PARAMETRIC_REPRESENTATION_CONTEXT() REPRESENTATION_CONTEXT('2D SPACE',''
  ) );
#10264 = PCURVE('',#10027,#10265);
#10265 = DEFINITIONAL_REPRESENTATION('',(#10266),#10270);
#10266 = LINE('',#10267,#10268);
#10267 = CARTESIAN_POINT('',(-0.152410837697,-3.647321989532));
#10268 = VECTOR('',#10269,1.);
#10269 = DIRECTION('',(0.214861782675,0.976644466705));
#10270 = ( GEOMETRIC_REPRESENTATION_CONTEXT(2) 
PARAMETRIC_REPRESENTATION_CONTEXT() REPRESENTATION_CONTEXT('2D SPACE',''
  ) );
#10271 = ORIENTED_EDGE('',*,*,#10272,.F.);
#10272 = EDGE_CURVE('',#10273,#10250,#10275,.T.);
#10273 = VERTEX_POINT('',#10274);
#10274 = CARTESIAN_POINT('',(135.24934340724,34.311541415175,
    1.000000020568E-07));
#10275 = SURFACE_CURVE('',#10276,(#10280,#10287),.PCURVE_S1.);
#10276 = LINE('',#10277,#10278);
#10277 = CARTESIAN_POINT('',(135.24934340724,34.311541415175,
    1.000000020568E-07));
#10278 = VECTOR('',#10279,1.);
#10279 = DIRECTION('',(0.,0.,1.));
#10280 = PCURVE('',#10212,#10281);
#10281 = DEFINITIONAL_REPRESENTATION('',(#10282),#10286);
#10282 = LINE('',#10283,#10284);
#10283 = CARTESIAN_POINT('',(4.607613265021,0.));
#10284 = VECTOR('',#10285,1.);
#10285 = DIRECTION('',(0.,-1.));
#10286 = ( GEOMETRIC_REPRESENTATION_CONTEXT(2) 
PARAMETRIC_REPRESENTATION_CONTEXT() REPRESENTATION_CONTEXT('2D SPACE',''
  ) );
#10287 = PCURVE('',#10288,#10293);
#10288 = PLANE('',#10289);
#10289 = AXIS2_PLACEMENT_3D('',#10290,#10291,#10292);
#10290 = CARTESIAN_POINT('',(135.24934340724,34.311541415175,
    1.000000020568E-07));
#10291 = DIRECTION('',(0.,1.,0.));
#10292 = DIRECTION('',(1.,0.,0.));
#10293 = DEFINITIONAL_REPRESENTATION('',(#10294),#10298);
#10294 = LINE('',#10295,#10296);
#10295 = CARTESIAN_POINT('',(0.,0.));
#10296 = VECTOR('',#10297,1.);
#10297 = DIRECTION('',(0.,-1.));
#10298 = ( GEOMETRIC_REPRESENTATION_CONTEXT(2) 
PARAMETRIC_REPRESENTATION_CONTEXT() REPRESENTATION_CONTEXT('2D SPACE',''
  ) );
#10299 = ORIENTED_EDGE('',*,*,#10300,.F.);
#10300 = EDGE_CURVE('',#10197,#10273,#10301,.T.);
#10301 = SURFACE_CURVE('',#10302,(#10306,#10313),.PCURVE_S1.);
#10302 = LINE('',#10303,#10304);
#10303 = CARTESIAN_POINT('',(134.25934340724,29.811541415175,
    1.000000020568E-07));
#10304 = VECTOR('',#10305,1.);
#10305 = DIRECTION('',(0.214861782675,0.976644466705,0.));
#10306 = PCURVE('',#10212,#10307);
#10307 = DEFINITIONAL_REPRESENTATION('',(#10308),#10312);
#10308 = LINE('',#10309,#10310);
#10309 = CARTESIAN_POINT('',(0.,0.));
#10310 = VECTOR('',#10311,1.);
#10311 = DIRECTION('',(1.,0.));
#10312 = ( GEOMETRIC_REPRESENTATION_CONTEXT(2) 
PARAMETRIC_REPRESENTATION_CONTEXT() REPRESENTATION_CONTEXT('2D SPACE',''
  ) );
#10313 = PCURVE('',#10081,#10314);
#10314 = DEFINITIONAL_REPRESENTATION('',(#10315),#10319);
#10315 = LINE('',#10316,#10317);
#10316 = CARTESIAN_POINT('',(-0.152410837697,-3.647321989532));
#10317 = VECTOR('',#10318,1.);
#10318 = DIRECTION('',(0.214861782675,0.976644466705));
#10319 = ( GEOMETRIC_REPRESENTATION_CONTEXT(2) 
PARAMETRIC_REPRESENTATION_CONTEXT() REPRESENTATION_CONTEXT('2D SPACE',''
  ) );
#10320 = ADVANCED_FACE('',(#10321),#10288,.F.);
#10321 = FACE_BOUND('',#10322,.F.);
#10322 = EDGE_LOOP('',(#10323,#10324,#10347,#10375));
#10323 = ORIENTED_EDGE('',*,*,#10272,.T.);
#10324 = ORIENTED_EDGE('',*,*,#10325,.T.);
#10325 = EDGE_CURVE('',#10250,#10326,#10328,.T.);
#10326 = VERTEX_POINT('',#10327);
#10327 = CARTESIAN_POINT('',(137.04934340724,34.311541415175,0.4800001)
  );
#10328 = SURFACE_CURVE('',#10329,(#10333,#10340),.PCURVE_S1.);
#10329 = LINE('',#10330,#10331);
#10330 = CARTESIAN_POINT('',(135.24934340724,34.311541415175,0.4800001)
  );
#10331 = VECTOR('',#10332,1.);
#10332 = DIRECTION('',(1.,0.,0.));
#10333 = PCURVE('',#10288,#10334);
#10334 = DEFINITIONAL_REPRESENTATION('',(#10335),#10339);
#10335 = LINE('',#10336,#10337);
#10336 = CARTESIAN_POINT('',(0.,-0.48));
#10337 = VECTOR('',#10338,1.);
#10338 = DIRECTION('',(1.,0.));
#10339 = ( GEOMETRIC_REPRESENTATION_CONTEXT(2) 
PARAMETRIC_REPRESENTATION_CONTEXT() REPRESENTATION_CONTEXT('2D SPACE',''
  ) );
#10340 = PCURVE('',#10027,#10341);
#10341 = DEFINITIONAL_REPRESENTATION('',(#10342),#10346);
#10342 = LINE('',#10343,#10344);
#10343 = CARTESIAN_POINT('',(0.837589162303,0.852678010468));
#10344 = VECTOR('',#10345,1.);
#10345 = DIRECTION('',(1.,0.));
#10346 = ( GEOMETRIC_REPRESENTATION_CONTEXT(2) 
PARAMETRIC_REPRESENTATION_CONTEXT() REPRESENTATION_CONTEXT('2D SPACE',''
  ) );
#10347 = ORIENTED_EDGE('',*,*,#10348,.F.);
#10348 = EDGE_CURVE('',#10349,#10326,#10351,.T.);
#10349 = VERTEX_POINT('',#10350);
#10350 = CARTESIAN_POINT('',(137.04934340724,34.311541415175,
    1.000000020568E-07));
#10351 = SURFACE_CURVE('',#10352,(#10356,#10363),.PCURVE_S1.);
#10352 = LINE('',#10353,#10354);
#10353 = CARTESIAN_POINT('',(137.04934340724,34.311541415175,
    1.000000020568E-07));
#10354 = VECTOR('',#10355,1.);
#10355 = DIRECTION('',(0.,0.,1.));
#10356 = PCURVE('',#10288,#10357);
#10357 = DEFINITIONAL_REPRESENTATION('',(#10358),#10362);
#10358 = LINE('',#10359,#10360);
#10359 = CARTESIAN_POINT('',(1.8,0.));
#10360 = VECTOR('',#10361,1.);
#10361 = DIRECTION('',(0.,-1.));
#10362 = ( GEOMETRIC_REPRESENTATION_CONTEXT(2) 
PARAMETRIC_REPRESENTATION_CONTEXT() REPRESENTATION_CONTEXT('2D SPACE',''
  ) );
#10363 = PCURVE('',#10364,#10369);
#10364 = PLANE('',#10365);
#10365 = AXIS2_PLACEMENT_3D('',#10366,#10367,#10368);
#10366 = CARTESIAN_POINT('',(137.04934340724,34.311541415175,
    1.000000020568E-07));
#10367 = DIRECTION('',(-0.976644466705,0.214861782675,0.));
#10368 = DIRECTION('',(0.214861782675,0.976644466705,0.));
#10369 = DEFINITIONAL_REPRESENTATION('',(#10370),#10374);
#10370 = LINE('',#10371,#10372);
#10371 = CARTESIAN_POINT('',(0.,0.));
#10372 = VECTOR('',#10373,1.);
#10373 = DIRECTION('',(0.,-1.));
#10374 = ( GEOMETRIC_REPRESENTATION_CONTEXT(2) 
PARAMETRIC_REPRESENTATION_CONTEXT() REPRESENTATION_CONTEXT('2D SPACE',''
  ) );
#10375 = ORIENTED_EDGE('',*,*,#10376,.F.);
#10376 = EDGE_CURVE('',#10273,#10349,#10377,.T.);
#10377 = SURFACE_CURVE('',#10378,(#10382,#10389),.PCURVE_S1.);
#10378 = LINE('',#10379,#10380);
#10379 = CARTESIAN_POINT('',(135.24934340724,34.311541415175,
    1.000000020568E-07));
#10380 = VECTOR('',#10381,1.);
#10381 = DIRECTION('',(1.,0.,0.));
#10382 = PCURVE('',#10288,#10383);
#10383 = DEFINITIONAL_REPRESENTATION('',(#10384),#10388);
#10384 = LINE('',#10385,#10386);
#10385 = CARTESIAN_POINT('',(0.,0.));
#10386 = VECTOR('',#10387,1.);
#10387 = DIRECTION('',(1.,0.));
#10388 = ( GEOMETRIC_REPRESENTATION_CONTEXT(2) 
PARAMETRIC_REPRESENTATION_CONTEXT() REPRESENTATION_CONTEXT('2D SPACE',''
  ) );
#10389 = PCURVE('',#10081,#10390);
#10390 = DEFINITIONAL_REPRESENTATION('',(#10391),#10395);
#10391 = LINE('',#10392,#10393);
#10392 = CARTESIAN_POINT('',(0.837589162303,0.852678010468));
#10393 = VECTOR('',#10394,1.);
#10394 = DIRECTION('',(1.,0.));
#10395 = ( GEOMETRIC_REPRESENTATION_CONTEXT(2) 
PARAMETRIC_REPRESENTATION_CONTEXT() REPRESENTATION_CONTEXT('2D SPACE',''
  ) );
#10396 = ADVANCED_FACE('',(#10397),#10364,.F.);
#10397 = FACE_BOUND('',#10398,.F.);
#10398 = EDGE_LOOP('',(#10399,#10400,#10423,#10451));
#10399 = ORIENTED_EDGE('',*,*,#10348,.T.);
#10400 = ORIENTED_EDGE('',*,*,#10401,.T.);
#10401 = EDGE_CURVE('',#10326,#10402,#10404,.T.);
#10402 = VERTEX_POINT('',#10403);
#10403 = CARTESIAN_POINT('',(137.33534340724,35.611541415175,0.4800001)
  );
#10404 = SURFACE_CURVE('',#10405,(#10409,#10416),.PCURVE_S1.);
#10405 = LINE('',#10406,#10407);
#10406 = CARTESIAN_POINT('',(137.04934340724,34.311541415175,0.4800001)
  );
#10407 = VECTOR('',#10408,1.);
#10408 = DIRECTION('',(0.214861782675,0.976644466705,0.));
#10409 = PCURVE('',#10364,#10410);
#10410 = DEFINITIONAL_REPRESENTATION('',(#10411),#10415);
#10411 = LINE('',#10412,#10413);
#10412 = CARTESIAN_POINT('',(0.,-0.48));
#10413 = VECTOR('',#10414,1.);
#10414 = DIRECTION('',(1.,0.));
#10415 = ( GEOMETRIC_REPRESENTATION_CONTEXT(2) 
PARAMETRIC_REPRESENTATION_CONTEXT() REPRESENTATION_CONTEXT('2D SPACE',''
  ) );
#10416 = PCURVE('',#10027,#10417);
#10417 = DEFINITIONAL_REPRESENTATION('',(#10418),#10422);
#10418 = LINE('',#10419,#10420);
#10419 = CARTESIAN_POINT('',(2.637589162303,0.852678010468));
#10420 = VECTOR('',#10421,1.);
#10421 = DIRECTION('',(0.214861782675,0.976644466705));
#10422 = ( GEOMETRIC_REPRESENTATION_CONTEXT(2) 
PARAMETRIC_REPRESENTATION_CONTEXT() REPRESENTATION_CONTEXT('2D SPACE',''
  ) );
#10423 = ORIENTED_EDGE('',*,*,#10424,.F.);
#10424 = EDGE_CURVE('',#10425,#10402,#10427,.T.);
#10425 = VERTEX_POINT('',#10426);
#10426 = CARTESIAN_POINT('',(137.33534340724,35.611541415175,
    1.000000020568E-07));
#10427 = SURFACE_CURVE('',#10428,(#10432,#10439),.PCURVE_S1.);
#10428 = LINE('',#10429,#10430);
#10429 = CARTESIAN_POINT('',(137.33534340724,35.611541415175,
    1.000000020568E-07));
#10430 = VECTOR('',#10431,1.);
#10431 = DIRECTION('',(0.,0.,1.));
#10432 = PCURVE('',#10364,#10433);
#10433 = DEFINITIONAL_REPRESENTATION('',(#10434),#10438);
#10434 = LINE('',#10435,#10436);
#10435 = CARTESIAN_POINT('',(1.331088276562,0.));
#10436 = VECTOR('',#10437,1.);
#10437 = DIRECTION('',(0.,-1.));
#10438 = ( GEOMETRIC_REPRESENTATION_CONTEXT(2) 
PARAMETRIC_REPRESENTATION_CONTEXT() REPRESENTATION_CONTEXT('2D SPACE',''
  ) );
#10439 = PCURVE('',#10440,#10445);
#10440 = PLANE('',#10441);
#10441 = AXIS2_PLACEMENT_3D('',#10442,#10443,#10444);
#10442 = CARTESIAN_POINT('',(137.33534340724,35.611541415175,
    1.000000020568E-07));
#10443 = DIRECTION('',(0.,-1.,0.));
#10444 = DIRECTION('',(-1.,0.,0.));
#10445 = DEFINITIONAL_REPRESENTATION('',(#10446),#10450);
#10446 = LINE('',#10447,#10448);
#10447 = CARTESIAN_POINT('',(0.,-0.));
#10448 = VECTOR('',#10449,1.);
#10449 = DIRECTION('',(0.,-1.));
#10450 = ( GEOMETRIC_REPRESENTATION_CONTEXT(2) 
PARAMETRIC_REPRESENTATION_CONTEXT() REPRESENTATION_CONTEXT('2D SPACE',''
  ) );
#10451 = ORIENTED_EDGE('',*,*,#10452,.F.);
#10452 = EDGE_CURVE('',#10349,#10425,#10453,.T.);
#10453 = SURFACE_CURVE('',#10454,(#10458,#10465),.PCURVE_S1.);
#10454 = LINE('',#10455,#10456);
#10455 = CARTESIAN_POINT('',(137.04934340724,34.311541415175,
    1.000000020568E-07));
#10456 = VECTOR('',#10457,1.);
#10457 = DIRECTION('',(0.214861782675,0.976644466705,0.));
#10458 = PCURVE('',#10364,#10459);
#10459 = DEFINITIONAL_REPRESENTATION('',(#10460),#10464);
#10460 = LINE('',#10461,#10462);
#10461 = CARTESIAN_POINT('',(0.,0.));
#10462 = VECTOR('',#10463,1.);
#10463 = DIRECTION('',(1.,0.));
#10464 = ( GEOMETRIC_REPRESENTATION_CONTEXT(2) 
PARAMETRIC_REPRESENTATION_CONTEXT() REPRESENTATION_CONTEXT('2D SPACE',''
  ) );
#10465 = PCURVE('',#10081,#10466);
#10466 = DEFINITIONAL_REPRESENTATION('',(#10467),#10471);
#10467 = LINE('',#10468,#10469);
#10468 = CARTESIAN_POINT('',(2.637589162303,0.852678010468));
#10469 = VECTOR('',#10470,1.);
#10470 = DIRECTION('',(0.214861782675,0.976644466705));
#10471 = ( GEOMETRIC_REPRESENTATION_CONTEXT(2) 
PARAMETRIC_REPRESENTATION_CONTEXT() REPRESENTATION_CONTEXT('2D SPACE',''
  ) );
#10472 = ADVANCED_FACE('',(#10473),#10440,.F.);
#10473 = FACE_BOUND('',#10474,.F.);
#10474 = EDGE_LOOP('',(#10475,#10476,#10499,#10522));
#10475 = ORIENTED_EDGE('',*,*,#10424,.T.);
#10476 = ORIENTED_EDGE('',*,*,#10477,.T.);
#10477 = EDGE_CURVE('',#10402,#10478,#10480,.T.);
#10478 = VERTEX_POINT('',#10479);
#10479 = CARTESIAN_POINT('',(132.43534340724,35.611541415175,0.4800001)
  );
#10480 = SURFACE_CURVE('',#10481,(#10485,#10492),.PCURVE_S1.);
#10481 = LINE('',#10482,#10483);
#10482 = CARTESIAN_POINT('',(137.33534340724,35.611541415175,0.4800001)
  );
#10483 = VECTOR('',#10484,1.);
#10484 = DIRECTION('',(-1.,0.,0.));
#10485 = PCURVE('',#10440,#10486);
#10486 = DEFINITIONAL_REPRESENTATION('',(#10487),#10491);
#10487 = LINE('',#10488,#10489);
#10488 = CARTESIAN_POINT('',(0.,-0.48));
#10489 = VECTOR('',#10490,1.);
#10490 = DIRECTION('',(1.,0.));
#10491 = ( GEOMETRIC_REPRESENTATION_CONTEXT(2) 
PARAMETRIC_REPRESENTATION_CONTEXT() REPRESENTATION_CONTEXT('2D SPACE',''
  ) );
#10492 = PCURVE('',#10027,#10493);
#10493 = DEFINITIONAL_REPRESENTATION('',(#10494),#10498);
#10494 = LINE('',#10495,#10496);
#10495 = CARTESIAN_POINT('',(2.923589162303,2.152678010468));
#10496 = VECTOR('',#10497,1.);
#10497 = DIRECTION('',(-1.,0.));
#10498 = ( GEOMETRIC_REPRESENTATION_CONTEXT(2) 
PARAMETRIC_REPRESENTATION_CONTEXT() REPRESENTATION_CONTEXT('2D SPACE',''
  ) );
#10499 = ORIENTED_EDGE('',*,*,#10500,.F.);
#10500 = EDGE_CURVE('',#10501,#10478,#10503,.T.);
#10501 = VERTEX_POINT('',#10502);
#10502 = CARTESIAN_POINT('',(132.43534340724,35.611541415175,
    1.000000020568E-07));
#10503 = SURFACE_CURVE('',#10504,(#10508,#10515),.PCURVE_S1.);
#10504 = LINE('',#10505,#10506);
#10505 = CARTESIAN_POINT('',(132.43534340724,35.611541415175,
    1.000000020568E-07));
#10506 = VECTOR('',#10507,1.);
#10507 = DIRECTION('',(0.,0.,1.));
#10508 = PCURVE('',#10440,#10509);
#10509 = DEFINITIONAL_REPRESENTATION('',(#10510),#10514);
#10510 = LINE('',#10511,#10512);
#10511 = CARTESIAN_POINT('',(4.9,0.));
#10512 = VECTOR('',#10513,1.);
#10513 = DIRECTION('',(0.,-1.));
#10514 = ( GEOMETRIC_REPRESENTATION_CONTEXT(2) 
PARAMETRIC_REPRESENTATION_CONTEXT() REPRESENTATION_CONTEXT('2D SPACE',''
  ) );
#10515 = PCURVE('',#9999,#10516);
#10516 = DEFINITIONAL_REPRESENTATION('',(#10517),#10521);
#10517 = LINE('',#10518,#10519);
#10518 = CARTESIAN_POINT('',(0.,0.));
#10519 = VECTOR('',#10520,1.);
#10520 = DIRECTION('',(0.,-1.));
#10521 = ( GEOMETRIC_REPRESENTATION_CONTEXT(2) 
PARAMETRIC_REPRESENTATION_CONTEXT() REPRESENTATION_CONTEXT('2D SPACE',''
  ) );
#10522 = ORIENTED_EDGE('',*,*,#10523,.F.);
#10523 = EDGE_CURVE('',#10425,#10501,#10524,.T.);
#10524 = SURFACE_CURVE('',#10525,(#10529,#10536),.PCURVE_S1.);
#10525 = LINE('',#10526,#10527);
#10526 = CARTESIAN_POINT('',(137.33534340724,35.611541415175,
    1.000000020568E-07));
#10527 = VECTOR('',#10528,1.);
#10528 = DIRECTION('',(-1.,0.,0.));
#10529 = PCURVE('',#10440,#10530);
#10530 = DEFINITIONAL_REPRESENTATION('',(#10531),#10535);
#10531 = LINE('',#10532,#10533);
#10532 = CARTESIAN_POINT('',(0.,-0.));
#10533 = VECTOR('',#10534,1.);
#10534 = DIRECTION('',(1.,0.));
#10535 = ( GEOMETRIC_REPRESENTATION_CONTEXT(2) 
PARAMETRIC_REPRESENTATION_CONTEXT() REPRESENTATION_CONTEXT('2D SPACE',''
  ) );
#10536 = PCURVE('',#10081,#10537);
#10537 = DEFINITIONAL_REPRESENTATION('',(#10538),#10542);
#10538 = LINE('',#10539,#10540);
#10539 = CARTESIAN_POINT('',(2.923589162303,2.152678010468));
#10540 = VECTOR('',#10541,1.);
#10541 = DIRECTION('',(-1.,0.));
#10542 = ( GEOMETRIC_REPRESENTATION_CONTEXT(2) 
PARAMETRIC_REPRESENTATION_CONTEXT() REPRESENTATION_CONTEXT('2D SPACE',''
  ) );
#10543 = ADVANCED_FACE('',(#10544),#9999,.F.);
#10544 = FACE_BOUND('',#10545,.F.);
#10545 = EDGE_LOOP('',(#10546,#10547,#10568,#10569));
#10546 = ORIENTED_EDGE('',*,*,#10500,.T.);
#10547 = ORIENTED_EDGE('',*,*,#10548,.T.);
#10548 = EDGE_CURVE('',#10478,#9979,#10549,.T.);
#10549 = SURFACE_CURVE('',#10550,(#10554,#10561),.PCURVE_S1.);
#10550 = LINE('',#10551,#10552);
#10551 = CARTESIAN_POINT('',(132.43534340724,35.611541415175,0.4800001)
  );
#10552 = VECTOR('',#10553,1.);
#10553 = DIRECTION('',(-0.214861782675,-0.976644466705,0.));
#10554 = PCURVE('',#9999,#10555);
#10555 = DEFINITIONAL_REPRESENTATION('',(#10556),#10560);
#10556 = LINE('',#10557,#10558);
#10557 = CARTESIAN_POINT('',(0.,-0.48));
#10558 = VECTOR('',#10559,1.);
#10559 = DIRECTION('',(1.,0.));
#10560 = ( GEOMETRIC_REPRESENTATION_CONTEXT(2) 
PARAMETRIC_REPRESENTATION_CONTEXT() REPRESENTATION_CONTEXT('2D SPACE',''
  ) );
#10561 = PCURVE('',#10027,#10562);
#10562 = DEFINITIONAL_REPRESENTATION('',(#10563),#10567);
#10563 = LINE('',#10564,#10565);
#10564 = CARTESIAN_POINT('',(-1.976410837697,2.152678010468));
#10565 = VECTOR('',#10566,1.);
#10566 = DIRECTION('',(-0.214861782675,-0.976644466705));
#10567 = ( GEOMETRIC_REPRESENTATION_CONTEXT(2) 
PARAMETRIC_REPRESENTATION_CONTEXT() REPRESENTATION_CONTEXT('2D SPACE',''
  ) );
#10568 = ORIENTED_EDGE('',*,*,#9976,.F.);
#10569 = ORIENTED_EDGE('',*,*,#10570,.F.);
#10570 = EDGE_CURVE('',#10501,#9977,#10571,.T.);
#10571 = SURFACE_CURVE('',#10572,(#10576,#10583),.PCURVE_S1.);
#10572 = LINE('',#10573,#10574);
#10573 = CARTESIAN_POINT('',(132.43534340724,35.611541415175,
    1.000000020568E-07));
#10574 = VECTOR('',#10575,1.);
#10575 = DIRECTION('',(-0.214861782675,-0.976644466705,0.));
#10576 = PCURVE('',#9999,#10577);
#10577 = DEFINITIONAL_REPRESENTATION('',(#10578),#10582);
#10578 = LINE('',#10579,#10580);
#10579 = CARTESIAN_POINT('',(0.,0.));
#10580 = VECTOR('',#10581,1.);
#10581 = DIRECTION('',(1.,0.));
#10582 = ( GEOMETRIC_REPRESENTATION_CONTEXT(2) 
PARAMETRIC_REPRESENTATION_CONTEXT() REPRESENTATION_CONTEXT('2D SPACE',''
  ) );
#10583 = PCURVE('',#10081,#10584);
#10584 = DEFINITIONAL_REPRESENTATION('',(#10585),#10589);
#10585 = LINE('',#10586,#10587);
#10586 = CARTESIAN_POINT('',(-1.976410837697,2.152678010468));
#10587 = VECTOR('',#10588,1.);
#10588 = DIRECTION('',(-0.214861782675,-0.976644466705));
#10589 = ( GEOMETRIC_REPRESENTATION_CONTEXT(2) 
PARAMETRIC_REPRESENTATION_CONTEXT() REPRESENTATION_CONTEXT('2D SPACE',''
  ) );
#10590 = ADVANCED_FACE('',(#10591),#10081,.F.);
#10591 = FACE_BOUND('',#10592,.F.);
#10592 = EDGE_LOOP('',(#10593,#10594,#10595,#10596,#10597,#10598,#10599,
    #10600));
#10593 = ORIENTED_EDGE('',*,*,#10067,.T.);
#10594 = ORIENTED_EDGE('',*,*,#10148,.T.);
#10595 = ORIENTED_EDGE('',*,*,#10224,.T.);
#10596 = ORIENTED_EDGE('',*,*,#10300,.T.);
#10597 = ORIENTED_EDGE('',*,*,#10376,.T.);
#10598 = ORIENTED_EDGE('',*,*,#10452,.T.);
#10599 = ORIENTED_EDGE('',*,*,#10523,.T.);
#10600 = ORIENTED_EDGE('',*,*,#10570,.T.);
#10601 = ADVANCED_FACE('',(#10602),#10027,.T.);
#10602 = FACE_BOUND('',#10603,.T.);
#10603 = EDGE_LOOP('',(#10604,#10605,#10606,#10607,#10608,#10609,#10610,
    #10611));
#10604 = ORIENTED_EDGE('',*,*,#10011,.T.);
#10605 = ORIENTED_EDGE('',*,*,#10097,.T.);
#10606 = ORIENTED_EDGE('',*,*,#10173,.T.);
#10607 = ORIENTED_EDGE('',*,*,#10249,.T.);
#10608 = ORIENTED_EDGE('',*,*,#10325,.T.);
#10609 = ORIENTED_EDGE('',*,*,#10401,.T.);
#10610 = ORIENTED_EDGE('',*,*,#10477,.T.);
#10611 = ORIENTED_EDGE('',*,*,#10548,.T.);
#10612 = ( GEOMETRIC_REPRESENTATION_CONTEXT(3) 
GLOBAL_UNCERTAINTY_ASSIGNED_CONTEXT((#10616)) 
GLOBAL_UNIT_ASSIGNED_CONTEXT((#10613,#10614,#10615)) 
REPRESENTATION_CONTEXT('Context #1',
  '3D Context with UNIT and UNCERTAINTY') );
#10613 = ( LENGTH_UNIT() NAMED_UNIT(*) SI_UNIT(.MILLI.,.METRE.) );
#10614 = ( NAMED_UNIT(*) PLANE_ANGLE_UNIT() SI_UNIT($,.RADIAN.) );
#10615 = ( NAMED_UNIT(*) SI_UNIT($,.STERADIAN.) SOLID_ANGLE_UNIT() );
#10616 = UNCERTAINTY_MEASURE_WITH_UNIT(LENGTH_MEASURE(1.E-07),#10613,
  'distance_accuracy_value','confusion accuracy');
#10617 = CONTEXT_DEPENDENT_SHAPE_REPRESENTATION(#10618,#10620);
#10618 = ( REPRESENTATION_RELATIONSHIP('','',#9969,#10) 
REPRESENTATION_RELATIONSHIP_WITH_TRANSFORMATION(#10619) 
SHAPE_REPRESENTATION_RELATIONSHIP() );
#10619 = ITEM_DEFINED_TRANSFORMATION('','',#11,#75);
#10620 = PRODUCT_DEFINITION_SHAPE('Placement','Placement of an item',
  #10621);
#10621 = NEXT_ASSEMBLY_USAGE_OCCURRENCE('266','','',#5,#9964,$);
#10622 = PRODUCT_RELATED_PRODUCT_CATEGORY('part',$,(#9966));
#10623 = SHAPE_DEFINITION_REPRESENTATION(#10624,#10630);
#10624 = PRODUCT_DEFINITION_SHAPE('','',#10625);
#10625 = PRODUCT_DEFINITION('design','',#10626,#10629);
#10626 = PRODUCT_DEFINITION_FORMATION('','',#10627);
#10627 = PRODUCT('Open CASCADE STEP translator 7.8 2.17',
  'Open CASCADE STEP translator 7.8 2.17','',(#10628));
#10628 = PRODUCT_CONTEXT('',#2,'mechanical');
#10629 = PRODUCT_DEFINITION_CONTEXT('part definition',#2,'design');
#10630 = ADVANCED_BREP_SHAPE_REPRESENTATION('',(#11,#10631),#11273);
#10631 = MANIFOLD_SOLID_BREP('',#10632);
#10632 = CLOSED_SHELL('',(#10633,#10753,#10829,#10905,#10981,#11057,
    #11133,#11204,#11251,#11262));
#10633 = ADVANCED_FACE('',(#10634),#10648,.F.);
#10634 = FACE_BOUND('',#10635,.F.);
#10635 = EDGE_LOOP('',(#10636,#10671,#10699,#10727));
#10636 = ORIENTED_EDGE('',*,*,#10637,.T.);
#10637 = EDGE_CURVE('',#10638,#10640,#10642,.T.);
#10638 = VERTEX_POINT('',#10639);
#10639 = CARTESIAN_POINT('',(141.33534360724,29.811541415175,
    1.000000038331E-07));
#10640 = VERTEX_POINT('',#10641);
#10641 = CARTESIAN_POINT('',(141.33534360724,29.811541415175,0.4800001)
  );
#10642 = SURFACE_CURVE('',#10643,(#10647,#10659),.PCURVE_S1.);
#10643 = LINE('',#10644,#10645);
#10644 = CARTESIAN_POINT('',(141.33534360724,29.811541415175,
    1.000000038331E-07));
#10645 = VECTOR('',#10646,1.);
#10646 = DIRECTION('',(0.,0.,1.));
#10647 = PCURVE('',#10648,#10653);
#10648 = PLANE('',#10649);
#10649 = AXIS2_PLACEMENT_3D('',#10650,#10651,#10652);
#10650 = CARTESIAN_POINT('',(141.33534360724,29.811541415175,
    1.000000038331E-07));
#10651 = DIRECTION('',(0.,1.,0.));
#10652 = DIRECTION('',(1.,0.,0.));
#10653 = DEFINITIONAL_REPRESENTATION('',(#10654),#10658);
#10654 = LINE('',#10655,#10656);
#10655 = CARTESIAN_POINT('',(0.,0.));
#10656 = VECTOR('',#10657,1.);
#10657 = DIRECTION('',(0.,-1.));
#10658 = ( GEOMETRIC_REPRESENTATION_CONTEXT(2) 
PARAMETRIC_REPRESENTATION_CONTEXT() REPRESENTATION_CONTEXT('2D SPACE',''
  ) );
#10659 = PCURVE('',#10660,#10665);
#10660 = PLANE('',#10661);
#10661 = AXIS2_PLACEMENT_3D('',#10662,#10663,#10664);
#10662 = CARTESIAN_POINT('',(142.61134360724,35.611541415175,
    1.000000038331E-07));
#10663 = DIRECTION('',(0.976644466705,-0.214861782675,0.));
#10664 = DIRECTION('',(-0.214861782675,-0.976644466705,0.));
#10665 = DEFINITIONAL_REPRESENTATION('',(#10666),#10670);
#10666 = LINE('',#10667,#10668);
#10667 = CARTESIAN_POINT('',(5.938701541583,0.));
#10668 = VECTOR('',#10669,1.);
#10669 = DIRECTION('',(0.,-1.));
#10670 = ( GEOMETRIC_REPRESENTATION_CONTEXT(2) 
PARAMETRIC_REPRESENTATION_CONTEXT() REPRESENTATION_CONTEXT('2D SPACE',''
  ) );
#10671 = ORIENTED_EDGE('',*,*,#10672,.T.);
#10672 = EDGE_CURVE('',#10640,#10673,#10675,.T.);
#10673 = VERTEX_POINT('',#10674);
#10674 = CARTESIAN_POINT('',(146.03534360724,29.811541415175,0.4800001)
  );
#10675 = SURFACE_CURVE('',#10676,(#10680,#10687),.PCURVE_S1.);
#10676 = LINE('',#10677,#10678);
#10677 = CARTESIAN_POINT('',(141.33534360724,29.811541415175,0.4800001)
  );
#10678 = VECTOR('',#10679,1.);
#10679 = DIRECTION('',(1.,0.,0.));
#10680 = PCURVE('',#10648,#10681);
#10681 = DEFINITIONAL_REPRESENTATION('',(#10682),#10686);
#10682 = LINE('',#10683,#10684);
#10683 = CARTESIAN_POINT('',(0.,-0.48));
#10684 = VECTOR('',#10685,1.);
#10685 = DIRECTION('',(1.,0.));
#10686 = ( GEOMETRIC_REPRESENTATION_CONTEXT(2) 
PARAMETRIC_REPRESENTATION_CONTEXT() REPRESENTATION_CONTEXT('2D SPACE',''
  ) );
#10687 = PCURVE('',#10688,#10693);
#10688 = PLANE('',#10689);
#10689 = AXIS2_PLACEMENT_3D('',#10690,#10691,#10692);
#10690 = CARTESIAN_POINT('',(144.08399864571,32.711541415175,0.4800001)
  );
#10691 = DIRECTION('',(0.,0.,1.));
#10692 = DIRECTION('',(1.,0.,-0.));
#10693 = DEFINITIONAL_REPRESENTATION('',(#10694),#10698);
#10694 = LINE('',#10695,#10696);
#10695 = CARTESIAN_POINT('',(-2.748655038471,-2.9));
#10696 = VECTOR('',#10697,1.);
#10697 = DIRECTION('',(1.,0.));
#10698 = ( GEOMETRIC_REPRESENTATION_CONTEXT(2) 
PARAMETRIC_REPRESENTATION_CONTEXT() REPRESENTATION_CONTEXT('2D SPACE',''
  ) );
#10699 = ORIENTED_EDGE('',*,*,#10700,.F.);
#10700 = EDGE_CURVE('',#10701,#10673,#10703,.T.);
#10701 = VERTEX_POINT('',#10702);
#10702 = CARTESIAN_POINT('',(146.03534360724,29.811541415175,
    1.000000038331E-07));
#10703 = SURFACE_CURVE('',#10704,(#10708,#10715),.PCURVE_S1.);
#10704 = LINE('',#10705,#10706);
#10705 = CARTESIAN_POINT('',(146.03534360724,29.811541415175,
    1.000000038331E-07));
#10706 = VECTOR('',#10707,1.);
#10707 = DIRECTION('',(0.,0.,1.));
#10708 = PCURVE('',#10648,#10709);
#10709 = DEFINITIONAL_REPRESENTATION('',(#10710),#10714);
#10710 = LINE('',#10711,#10712);
#10711 = CARTESIAN_POINT('',(4.7,0.));
#10712 = VECTOR('',#10713,1.);
#10713 = DIRECTION('',(0.,-1.));
#10714 = ( GEOMETRIC_REPRESENTATION_CONTEXT(2) 
PARAMETRIC_REPRESENTATION_CONTEXT() REPRESENTATION_CONTEXT('2D SPACE',''
  ) );
#10715 = PCURVE('',#10716,#10721);
#10716 = PLANE('',#10717);
#10717 = AXIS2_PLACEMENT_3D('',#10718,#10719,#10720);
#10718 = CARTESIAN_POINT('',(146.03534360724,29.811541415175,
    1.000000038331E-07));
#10719 = DIRECTION('',(-0.976644466705,0.214861782675,0.));
#10720 = DIRECTION('',(0.214861782675,0.976644466705,0.));
#10721 = DEFINITIONAL_REPRESENTATION('',(#10722),#10726);
#10722 = LINE('',#10723,#10724);
#10723 = CARTESIAN_POINT('',(0.,0.));
#10724 = VECTOR('',#10725,1.);
#10725 = DIRECTION('',(0.,-1.));
#10726 = ( GEOMETRIC_REPRESENTATION_CONTEXT(2) 
PARAMETRIC_REPRESENTATION_CONTEXT() REPRESENTATION_CONTEXT('2D SPACE',''
  ) );
#10727 = ORIENTED_EDGE('',*,*,#10728,.F.);
#10728 = EDGE_CURVE('',#10638,#10701,#10729,.T.);
#10729 = SURFACE_CURVE('',#10730,(#10734,#10741),.PCURVE_S1.);
#10730 = LINE('',#10731,#10732);
#10731 = CARTESIAN_POINT('',(141.33534360724,29.811541415175,
    1.000000038331E-07));
#10732 = VECTOR('',#10733,1.);
#10733 = DIRECTION('',(1.,0.,0.));
#10734 = PCURVE('',#10648,#10735);
#10735 = DEFINITIONAL_REPRESENTATION('',(#10736),#10740);
#10736 = LINE('',#10737,#10738);
#10737 = CARTESIAN_POINT('',(0.,0.));
#10738 = VECTOR('',#10739,1.);
#10739 = DIRECTION('',(1.,0.));
#10740 = ( GEOMETRIC_REPRESENTATION_CONTEXT(2) 
PARAMETRIC_REPRESENTATION_CONTEXT() REPRESENTATION_CONTEXT('2D SPACE',''
  ) );
#10741 = PCURVE('',#10742,#10747);
#10742 = PLANE('',#10743);
#10743 = AXIS2_PLACEMENT_3D('',#10744,#10745,#10746);
#10744 = CARTESIAN_POINT('',(144.08399864571,32.711541415175,
    1.000000038331E-07));
#10745 = DIRECTION('',(0.,0.,1.));
#10746 = DIRECTION('',(1.,0.,-0.));
#10747 = DEFINITIONAL_REPRESENTATION('',(#10748),#10752);
#10748 = LINE('',#10749,#10750);
#10749 = CARTESIAN_POINT('',(-2.748655038471,-2.9));
#10750 = VECTOR('',#10751,1.);
#10751 = DIRECTION('',(1.,0.));
#10752 = ( GEOMETRIC_REPRESENTATION_CONTEXT(2) 
PARAMETRIC_REPRESENTATION_CONTEXT() REPRESENTATION_CONTEXT('2D SPACE',''
  ) );
#10753 = ADVANCED_FACE('',(#10754),#10716,.F.);
#10754 = FACE_BOUND('',#10755,.F.);
#10755 = EDGE_LOOP('',(#10756,#10757,#10780,#10808));
#10756 = ORIENTED_EDGE('',*,*,#10700,.T.);
#10757 = ORIENTED_EDGE('',*,*,#10758,.T.);
#10758 = EDGE_CURVE('',#10673,#10759,#10761,.T.);
#10759 = VERTEX_POINT('',#10760);
#10760 = CARTESIAN_POINT('',(146.32134360724,31.111541415175,0.4800001)
  );
#10761 = SURFACE_CURVE('',#10762,(#10766,#10773),.PCURVE_S1.);
#10762 = LINE('',#10763,#10764);
#10763 = CARTESIAN_POINT('',(146.03534360724,29.811541415175,0.4800001)
  );
#10764 = VECTOR('',#10765,1.);
#10765 = DIRECTION('',(0.214861782675,0.976644466705,0.));
#10766 = PCURVE('',#10716,#10767);
#10767 = DEFINITIONAL_REPRESENTATION('',(#10768),#10772);
#10768 = LINE('',#10769,#10770);
#10769 = CARTESIAN_POINT('',(0.,-0.48));
#10770 = VECTOR('',#10771,1.);
#10771 = DIRECTION('',(1.,0.));
#10772 = ( GEOMETRIC_REPRESENTATION_CONTEXT(2) 
PARAMETRIC_REPRESENTATION_CONTEXT() REPRESENTATION_CONTEXT('2D SPACE',''
  ) );
#10773 = PCURVE('',#10688,#10774);
#10774 = DEFINITIONAL_REPRESENTATION('',(#10775),#10779);
#10775 = LINE('',#10776,#10777);
#10776 = CARTESIAN_POINT('',(1.951344961529,-2.9));
#10777 = VECTOR('',#10778,1.);
#10778 = DIRECTION('',(0.214861782675,0.976644466705));
#10779 = ( GEOMETRIC_REPRESENTATION_CONTEXT(2) 
PARAMETRIC_REPRESENTATION_CONTEXT() REPRESENTATION_CONTEXT('2D SPACE',''
  ) );
#10780 = ORIENTED_EDGE('',*,*,#10781,.F.);
#10781 = EDGE_CURVE('',#10782,#10759,#10784,.T.);
#10782 = VERTEX_POINT('',#10783);
#10783 = CARTESIAN_POINT('',(146.32134360724,31.111541415175,
    1.000000038331E-07));
#10784 = SURFACE_CURVE('',#10785,(#10789,#10796),.PCURVE_S1.);
#10785 = LINE('',#10786,#10787);
#10786 = CARTESIAN_POINT('',(146.32134360724,31.111541415175,
    1.000000038331E-07));
#10787 = VECTOR('',#10788,1.);
#10788 = DIRECTION('',(0.,0.,1.));
#10789 = PCURVE('',#10716,#10790);
#10790 = DEFINITIONAL_REPRESENTATION('',(#10791),#10795);
#10791 = LINE('',#10792,#10793);
#10792 = CARTESIAN_POINT('',(1.331088276562,0.));
#10793 = VECTOR('',#10794,1.);
#10794 = DIRECTION('',(0.,-1.));
#10795 = ( GEOMETRIC_REPRESENTATION_CONTEXT(2) 
PARAMETRIC_REPRESENTATION_CONTEXT() REPRESENTATION_CONTEXT('2D SPACE',''
  ) );
#10796 = PCURVE('',#10797,#10802);
#10797 = PLANE('',#10798);
#10798 = AXIS2_PLACEMENT_3D('',#10799,#10800,#10801);
#10799 = CARTESIAN_POINT('',(146.32134360724,31.111541415175,
    1.000000038331E-07));
#10800 = DIRECTION('',(0.,-1.,0.));
#10801 = DIRECTION('',(-1.,0.,0.));
#10802 = DEFINITIONAL_REPRESENTATION('',(#10803),#10807);
#10803 = LINE('',#10804,#10805);
#10804 = CARTESIAN_POINT('',(0.,-0.));
#10805 = VECTOR('',#10806,1.);
#10806 = DIRECTION('',(0.,-1.));
#10807 = ( GEOMETRIC_REPRESENTATION_CONTEXT(2) 
PARAMETRIC_REPRESENTATION_CONTEXT() REPRESENTATION_CONTEXT('2D SPACE',''
  ) );
#10808 = ORIENTED_EDGE('',*,*,#10809,.F.);
#10809 = EDGE_CURVE('',#10701,#10782,#10810,.T.);
#10810 = SURFACE_CURVE('',#10811,(#10815,#10822),.PCURVE_S1.);
#10811 = LINE('',#10812,#10813);
#10812 = CARTESIAN_POINT('',(146.03534360724,29.811541415175,
    1.000000038331E-07));
#10813 = VECTOR('',#10814,1.);
#10814 = DIRECTION('',(0.214861782675,0.976644466705,0.));
#10815 = PCURVE('',#10716,#10816);
#10816 = DEFINITIONAL_REPRESENTATION('',(#10817),#10821);
#10817 = LINE('',#10818,#10819);
#10818 = CARTESIAN_POINT('',(0.,0.));
#10819 = VECTOR('',#10820,1.);
#10820 = DIRECTION('',(1.,0.));
#10821 = ( GEOMETRIC_REPRESENTATION_CONTEXT(2) 
PARAMETRIC_REPRESENTATION_CONTEXT() REPRESENTATION_CONTEXT('2D SPACE',''
  ) );
#10822 = PCURVE('',#10742,#10823);
#10823 = DEFINITIONAL_REPRESENTATION('',(#10824),#10828);
#10824 = LINE('',#10825,#10826);
#10825 = CARTESIAN_POINT('',(1.951344961529,-2.9));
#10826 = VECTOR('',#10827,1.);
#10827 = DIRECTION('',(0.214861782675,0.976644466705));
#10828 = ( GEOMETRIC_REPRESENTATION_CONTEXT(2) 
PARAMETRIC_REPRESENTATION_CONTEXT() REPRESENTATION_CONTEXT('2D SPACE',''
  ) );
#10829 = ADVANCED_FACE('',(#10830),#10797,.F.);
#10830 = FACE_BOUND('',#10831,.F.);
#10831 = EDGE_LOOP('',(#10832,#10833,#10856,#10884));
#10832 = ORIENTED_EDGE('',*,*,#10781,.T.);
#10833 = ORIENTED_EDGE('',*,*,#10834,.T.);
#10834 = EDGE_CURVE('',#10759,#10835,#10837,.T.);
#10835 = VERTEX_POINT('',#10836);
#10836 = CARTESIAN_POINT('',(142.92134360724,31.111541415175,0.4800001)
  );
#10837 = SURFACE_CURVE('',#10838,(#10842,#10849),.PCURVE_S1.);
#10838 = LINE('',#10839,#10840);
#10839 = CARTESIAN_POINT('',(146.32134360724,31.111541415175,0.4800001)
  );
#10840 = VECTOR('',#10841,1.);
#10841 = DIRECTION('',(-1.,0.,0.));
#10842 = PCURVE('',#10797,#10843);
#10843 = DEFINITIONAL_REPRESENTATION('',(#10844),#10848);
#10844 = LINE('',#10845,#10846);
#10845 = CARTESIAN_POINT('',(0.,-0.48));
#10846 = VECTOR('',#10847,1.);
#10847 = DIRECTION('',(1.,0.));
#10848 = ( GEOMETRIC_REPRESENTATION_CONTEXT(2) 
PARAMETRIC_REPRESENTATION_CONTEXT() REPRESENTATION_CONTEXT('2D SPACE',''
  ) );
#10849 = PCURVE('',#10688,#10850);
#10850 = DEFINITIONAL_REPRESENTATION('',(#10851),#10855);
#10851 = LINE('',#10852,#10853);
#10852 = CARTESIAN_POINT('',(2.237344961529,-1.6));
#10853 = VECTOR('',#10854,1.);
#10854 = DIRECTION('',(-1.,0.));
#10855 = ( GEOMETRIC_REPRESENTATION_CONTEXT(2) 
PARAMETRIC_REPRESENTATION_CONTEXT() REPRESENTATION_CONTEXT('2D SPACE',''
  ) );
#10856 = ORIENTED_EDGE('',*,*,#10857,.F.);
#10857 = EDGE_CURVE('',#10858,#10835,#10860,.T.);
#10858 = VERTEX_POINT('',#10859);
#10859 = CARTESIAN_POINT('',(142.92134360724,31.111541415175,
    1.000000038331E-07));
#10860 = SURFACE_CURVE('',#10861,(#10865,#10872),.PCURVE_S1.);
#10861 = LINE('',#10862,#10863);
#10862 = CARTESIAN_POINT('',(142.92134360724,31.111541415175,
    1.000000038331E-07));
#10863 = VECTOR('',#10864,1.);
#10864 = DIRECTION('',(0.,0.,1.));
#10865 = PCURVE('',#10797,#10866);
#10866 = DEFINITIONAL_REPRESENTATION('',(#10867),#10871);
#10867 = LINE('',#10868,#10869);
#10868 = CARTESIAN_POINT('',(3.4,0.));
#10869 = VECTOR('',#10870,1.);
#10870 = DIRECTION('',(0.,-1.));
#10871 = ( GEOMETRIC_REPRESENTATION_CONTEXT(2) 
PARAMETRIC_REPRESENTATION_CONTEXT() REPRESENTATION_CONTEXT('2D SPACE',''
  ) );
#10872 = PCURVE('',#10873,#10878);
#10873 = PLANE('',#10874);
#10874 = AXIS2_PLACEMENT_3D('',#10875,#10876,#10877);
#10875 = CARTESIAN_POINT('',(142.92134360724,31.111541415175,
    1.000000038331E-07));
#10876 = DIRECTION('',(-0.976644466705,0.214861782675,0.));
#10877 = DIRECTION('',(0.214861782675,0.976644466705,0.));
#10878 = DEFINITIONAL_REPRESENTATION('',(#10879),#10883);
#10879 = LINE('',#10880,#10881);
#10880 = CARTESIAN_POINT('',(0.,0.));
#10881 = VECTOR('',#10882,1.);
#10882 = DIRECTION('',(0.,-1.));
#10883 = ( GEOMETRIC_REPRESENTATION_CONTEXT(2) 
PARAMETRIC_REPRESENTATION_CONTEXT() REPRESENTATION_CONTEXT('2D SPACE',''
  ) );
#10884 = ORIENTED_EDGE('',*,*,#10885,.F.);
#10885 = EDGE_CURVE('',#10782,#10858,#10886,.T.);
#10886 = SURFACE_CURVE('',#10887,(#10891,#10898),.PCURVE_S1.);
#10887 = LINE('',#10888,#10889);
#10888 = CARTESIAN_POINT('',(146.32134360724,31.111541415175,
    1.000000038331E-07));
#10889 = VECTOR('',#10890,1.);
#10890 = DIRECTION('',(-1.,0.,0.));
#10891 = PCURVE('',#10797,#10892);
#10892 = DEFINITIONAL_REPRESENTATION('',(#10893),#10897);
#10893 = LINE('',#10894,#10895);
#10894 = CARTESIAN_POINT('',(0.,-0.));
#10895 = VECTOR('',#10896,1.);
#10896 = DIRECTION('',(1.,0.));
#10897 = ( GEOMETRIC_REPRESENTATION_CONTEXT(2) 
PARAMETRIC_REPRESENTATION_CONTEXT() REPRESENTATION_CONTEXT('2D SPACE',''
  ) );
#10898 = PCURVE('',#10742,#10899);
#10899 = DEFINITIONAL_REPRESENTATION('',(#10900),#10904);
#10900 = LINE('',#10901,#10902);
#10901 = CARTESIAN_POINT('',(2.237344961529,-1.6));
#10902 = VECTOR('',#10903,1.);
#10903 = DIRECTION('',(-1.,0.));
#10904 = ( GEOMETRIC_REPRESENTATION_CONTEXT(2) 
PARAMETRIC_REPRESENTATION_CONTEXT() REPRESENTATION_CONTEXT('2D SPACE',''
  ) );
#10905 = ADVANCED_FACE('',(#10906),#10873,.F.);
#10906 = FACE_BOUND('',#10907,.F.);
#10907 = EDGE_LOOP('',(#10908,#10909,#10932,#10960));
#10908 = ORIENTED_EDGE('',*,*,#10857,.T.);
#10909 = ORIENTED_EDGE('',*,*,#10910,.T.);
#10910 = EDGE_CURVE('',#10835,#10911,#10913,.T.);
#10911 = VERTEX_POINT('',#10912);
#10912 = CARTESIAN_POINT('',(143.62534360724,34.311541415175,0.4800001)
  );
#10913 = SURFACE_CURVE('',#10914,(#10918,#10925),.PCURVE_S1.);
#10914 = LINE('',#10915,#10916);
#10915 = CARTESIAN_POINT('',(142.92134360724,31.111541415175,0.4800001)
  );
#10916 = VECTOR('',#10917,1.);
#10917 = DIRECTION('',(0.214861782675,0.976644466705,0.));
#10918 = PCURVE('',#10873,#10919);
#10919 = DEFINITIONAL_REPRESENTATION('',(#10920),#10924);
#10920 = LINE('',#10921,#10922);
#10921 = CARTESIAN_POINT('',(0.,-0.48));
#10922 = VECTOR('',#10923,1.);
#10923 = DIRECTION('',(1.,0.));
#10924 = ( GEOMETRIC_REPRESENTATION_CONTEXT(2) 
PARAMETRIC_REPRESENTATION_CONTEXT() REPRESENTATION_CONTEXT('2D SPACE',''
  ) );
#10925 = PCURVE('',#10688,#10926);
#10926 = DEFINITIONAL_REPRESENTATION('',(#10927),#10931);
#10927 = LINE('',#10928,#10929);
#10928 = CARTESIAN_POINT('',(-1.162655038471,-1.6));
#10929 = VECTOR('',#10930,1.);
#10930 = DIRECTION('',(0.214861782675,0.976644466705));
#10931 = ( GEOMETRIC_REPRESENTATION_CONTEXT(2) 
PARAMETRIC_REPRESENTATION_CONTEXT() REPRESENTATION_CONTEXT('2D SPACE',''
  ) );
#10932 = ORIENTED_EDGE('',*,*,#10933,.F.);
#10933 = EDGE_CURVE('',#10934,#10911,#10936,.T.);
#10934 = VERTEX_POINT('',#10935);
#10935 = CARTESIAN_POINT('',(143.62534360724,34.311541415175,
    1.000000038331E-07));
#10936 = SURFACE_CURVE('',#10937,(#10941,#10948),.PCURVE_S1.);
#10937 = LINE('',#10938,#10939);
#10938 = CARTESIAN_POINT('',(143.62534360724,34.311541415175,
    1.000000038331E-07));
#10939 = VECTOR('',#10940,1.);
#10940 = DIRECTION('',(0.,0.,1.));
#10941 = PCURVE('',#10873,#10942);
#10942 = DEFINITIONAL_REPRESENTATION('',(#10943),#10947);
#10943 = LINE('',#10944,#10945);
#10944 = CARTESIAN_POINT('',(3.27652498846,0.));
#10945 = VECTOR('',#10946,1.);
#10946 = DIRECTION('',(0.,-1.));
#10947 = ( GEOMETRIC_REPRESENTATION_CONTEXT(2) 
PARAMETRIC_REPRESENTATION_CONTEXT() REPRESENTATION_CONTEXT('2D SPACE',''
  ) );
#10948 = PCURVE('',#10949,#10954);
#10949 = PLANE('',#10950);
#10950 = AXIS2_PLACEMENT_3D('',#10951,#10952,#10953);
#10951 = CARTESIAN_POINT('',(143.62534360724,34.311541415175,
    1.000000038331E-07));
#10952 = DIRECTION('',(0.,1.,0.));
#10953 = DIRECTION('',(1.,0.,0.));
#10954 = DEFINITIONAL_REPRESENTATION('',(#10955),#10959);
#10955 = LINE('',#10956,#10957);
#10956 = CARTESIAN_POINT('',(0.,0.));
#10957 = VECTOR('',#10958,1.);
#10958 = DIRECTION('',(0.,-1.));
#10959 = ( GEOMETRIC_REPRESENTATION_CONTEXT(2) 
PARAMETRIC_REPRESENTATION_CONTEXT() REPRESENTATION_CONTEXT('2D SPACE',''
  ) );
#10960 = ORIENTED_EDGE('',*,*,#10961,.F.);
#10961 = EDGE_CURVE('',#10858,#10934,#10962,.T.);
#10962 = SURFACE_CURVE('',#10963,(#10967,#10974),.PCURVE_S1.);
#10963 = LINE('',#10964,#10965);
#10964 = CARTESIAN_POINT('',(142.92134360724,31.111541415175,
    1.000000038331E-07));
#10965 = VECTOR('',#10966,1.);
#10966 = DIRECTION('',(0.214861782675,0.976644466705,0.));
#10967 = PCURVE('',#10873,#10968);
#10968 = DEFINITIONAL_REPRESENTATION('',(#10969),#10973);
#10969 = LINE('',#10970,#10971);
#10970 = CARTESIAN_POINT('',(0.,0.));
#10971 = VECTOR('',#10972,1.);
#10972 = DIRECTION('',(1.,0.));
#10973 = ( GEOMETRIC_REPRESENTATION_CONTEXT(2) 
PARAMETRIC_REPRESENTATION_CONTEXT() REPRESENTATION_CONTEXT('2D SPACE',''
  ) );
#10974 = PCURVE('',#10742,#10975);
#10975 = DEFINITIONAL_REPRESENTATION('',(#10976),#10980);
#10976 = LINE('',#10977,#10978);
#10977 = CARTESIAN_POINT('',(-1.162655038471,-1.6));
#10978 = VECTOR('',#10979,1.);
#10979 = DIRECTION('',(0.214861782675,0.976644466705));
#10980 = ( GEOMETRIC_REPRESENTATION_CONTEXT(2) 
PARAMETRIC_REPRESENTATION_CONTEXT() REPRESENTATION_CONTEXT('2D SPACE',''
  ) );
#10981 = ADVANCED_FACE('',(#10982),#10949,.F.);
#10982 = FACE_BOUND('',#10983,.F.);
#10983 = EDGE_LOOP('',(#10984,#10985,#11008,#11036));
#10984 = ORIENTED_EDGE('',*,*,#10933,.T.);
#10985 = ORIENTED_EDGE('',*,*,#10986,.T.);
#10986 = EDGE_CURVE('',#10911,#10987,#10989,.T.);
#10987 = VERTEX_POINT('',#10988);
#10988 = CARTESIAN_POINT('',(147.02534360724,34.311541415175,0.4800001)
  );
#10989 = SURFACE_CURVE('',#10990,(#10994,#11001),.PCURVE_S1.);
#10990 = LINE('',#10991,#10992);
#10991 = CARTESIAN_POINT('',(143.62534360724,34.311541415175,0.4800001)
  );
#10992 = VECTOR('',#10993,1.);
#10993 = DIRECTION('',(1.,0.,0.));
#10994 = PCURVE('',#10949,#10995);
#10995 = DEFINITIONAL_REPRESENTATION('',(#10996),#11000);
#10996 = LINE('',#10997,#10998);
#10997 = CARTESIAN_POINT('',(0.,-0.48));
#10998 = VECTOR('',#10999,1.);
#10999 = DIRECTION('',(1.,0.));
#11000 = ( GEOMETRIC_REPRESENTATION_CONTEXT(2) 
PARAMETRIC_REPRESENTATION_CONTEXT() REPRESENTATION_CONTEXT('2D SPACE',''
  ) );
#11001 = PCURVE('',#10688,#11002);
#11002 = DEFINITIONAL_REPRESENTATION('',(#11003),#11007);
#11003 = LINE('',#11004,#11005);
#11004 = CARTESIAN_POINT('',(-0.458655038471,1.6));
#11005 = VECTOR('',#11006,1.);
#11006 = DIRECTION('',(1.,0.));
#11007 = ( GEOMETRIC_REPRESENTATION_CONTEXT(2) 
PARAMETRIC_REPRESENTATION_CONTEXT() REPRESENTATION_CONTEXT('2D SPACE',''
  ) );
#11008 = ORIENTED_EDGE('',*,*,#11009,.F.);
#11009 = EDGE_CURVE('',#11010,#10987,#11012,.T.);
#11010 = VERTEX_POINT('',#11011);
#11011 = CARTESIAN_POINT('',(147.02534360724,34.311541415175,
    1.000000038331E-07));
#11012 = SURFACE_CURVE('',#11013,(#11017,#11024),.PCURVE_S1.);
#11013 = LINE('',#11014,#11015);
#11014 = CARTESIAN_POINT('',(147.02534360724,34.311541415175,
    1.000000038331E-07));
#11015 = VECTOR('',#11016,1.);
#11016 = DIRECTION('',(0.,0.,1.));
#11017 = PCURVE('',#10949,#11018);
#11018 = DEFINITIONAL_REPRESENTATION('',(#11019),#11023);
#11019 = LINE('',#11020,#11021);
#11020 = CARTESIAN_POINT('',(3.4,0.));
#11021 = VECTOR('',#11022,1.);
#11022 = DIRECTION('',(0.,-1.));
#11023 = ( GEOMETRIC_REPRESENTATION_CONTEXT(2) 
PARAMETRIC_REPRESENTATION_CONTEXT() REPRESENTATION_CONTEXT('2D SPACE',''
  ) );
#11024 = PCURVE('',#11025,#11030);
#11025 = PLANE('',#11026);
#11026 = AXIS2_PLACEMENT_3D('',#11027,#11028,#11029);
#11027 = CARTESIAN_POINT('',(147.02534360724,34.311541415175,
    1.000000038331E-07));
#11028 = DIRECTION('',(-0.976644466705,0.214861782675,0.));
#11029 = DIRECTION('',(0.214861782675,0.976644466705,0.));
#11030 = DEFINITIONAL_REPRESENTATION('',(#11031),#11035);
#11031 = LINE('',#11032,#11033);
#11032 = CARTESIAN_POINT('',(0.,0.));
#11033 = VECTOR('',#11034,1.);
#11034 = DIRECTION('',(0.,-1.));
#11035 = ( GEOMETRIC_REPRESENTATION_CONTEXT(2) 
PARAMETRIC_REPRESENTATION_CONTEXT() REPRESENTATION_CONTEXT('2D SPACE',''
  ) );
#11036 = ORIENTED_EDGE('',*,*,#11037,.F.);
#11037 = EDGE_CURVE('',#10934,#11010,#11038,.T.);
#11038 = SURFACE_CURVE('',#11039,(#11043,#11050),.PCURVE_S1.);
#11039 = LINE('',#11040,#11041);
#11040 = CARTESIAN_POINT('',(143.62534360724,34.311541415175,
    1.000000038331E-07));
#11041 = VECTOR('',#11042,1.);
#11042 = DIRECTION('',(1.,0.,0.));
#11043 = PCURVE('',#10949,#11044);
#11044 = DEFINITIONAL_REPRESENTATION('',(#11045),#11049);
#11045 = LINE('',#11046,#11047);
#11046 = CARTESIAN_POINT('',(0.,0.));
#11047 = VECTOR('',#11048,1.);
#11048 = DIRECTION('',(1.,0.));
#11049 = ( GEOMETRIC_REPRESENTATION_CONTEXT(2) 
PARAMETRIC_REPRESENTATION_CONTEXT() REPRESENTATION_CONTEXT('2D SPACE',''
  ) );
#11050 = PCURVE('',#10742,#11051);
#11051 = DEFINITIONAL_REPRESENTATION('',(#11052),#11056);
#11052 = LINE('',#11053,#11054);
#11053 = CARTESIAN_POINT('',(-0.458655038471,1.6));
#11054 = VECTOR('',#11055,1.);
#11055 = DIRECTION('',(1.,0.));
#11056 = ( GEOMETRIC_REPRESENTATION_CONTEXT(2) 
PARAMETRIC_REPRESENTATION_CONTEXT() REPRESENTATION_CONTEXT('2D SPACE',''
  ) );
#11057 = ADVANCED_FACE('',(#11058),#11025,.F.);
#11058 = FACE_BOUND('',#11059,.F.);
#11059 = EDGE_LOOP('',(#11060,#11061,#11084,#11112));
#11060 = ORIENTED_EDGE('',*,*,#11009,.T.);
#11061 = ORIENTED_EDGE('',*,*,#11062,.T.);
#11062 = EDGE_CURVE('',#10987,#11063,#11065,.T.);
#11063 = VERTEX_POINT('',#11064);
#11064 = CARTESIAN_POINT('',(147.31134360724,35.611541415175,0.4800001)
  );
#11065 = SURFACE_CURVE('',#11066,(#11070,#11077),.PCURVE_S1.);
#11066 = LINE('',#11067,#11068);
#11067 = CARTESIAN_POINT('',(147.02534360724,34.311541415175,0.4800001)
  );
#11068 = VECTOR('',#11069,1.);
#11069 = DIRECTION('',(0.214861782675,0.976644466705,0.));
#11070 = PCURVE('',#11025,#11071);
#11071 = DEFINITIONAL_REPRESENTATION('',(#11072),#11076);
#11072 = LINE('',#11073,#11074);
#11073 = CARTESIAN_POINT('',(0.,-0.48));
#11074 = VECTOR('',#11075,1.);
#11075 = DIRECTION('',(1.,0.));
#11076 = ( GEOMETRIC_REPRESENTATION_CONTEXT(2) 
PARAMETRIC_REPRESENTATION_CONTEXT() REPRESENTATION_CONTEXT('2D SPACE',''
  ) );
#11077 = PCURVE('',#10688,#11078);
#11078 = DEFINITIONAL_REPRESENTATION('',(#11079),#11083);
#11079 = LINE('',#11080,#11081);
#11080 = CARTESIAN_POINT('',(2.941344961529,1.6));
#11081 = VECTOR('',#11082,1.);
#11082 = DIRECTION('',(0.214861782675,0.976644466705));
#11083 = ( GEOMETRIC_REPRESENTATION_CONTEXT(2) 
PARAMETRIC_REPRESENTATION_CONTEXT() REPRESENTATION_CONTEXT('2D SPACE',''
  ) );
#11084 = ORIENTED_EDGE('',*,*,#11085,.F.);
#11085 = EDGE_CURVE('',#11086,#11063,#11088,.T.);
#11086 = VERTEX_POINT('',#11087);
#11087 = CARTESIAN_POINT('',(147.31134360724,35.611541415175,
    1.000000038331E-07));
#11088 = SURFACE_CURVE('',#11089,(#11093,#11100),.PCURVE_S1.);
#11089 = LINE('',#11090,#11091);
#11090 = CARTESIAN_POINT('',(147.31134360724,35.611541415175,
    1.000000038331E-07));
#11091 = VECTOR('',#11092,1.);
#11092 = DIRECTION('',(0.,0.,1.));
#11093 = PCURVE('',#11025,#11094);
#11094 = DEFINITIONAL_REPRESENTATION('',(#11095),#11099);
#11095 = LINE('',#11096,#11097);
#11096 = CARTESIAN_POINT('',(1.331088276562,0.));
#11097 = VECTOR('',#11098,1.);
#11098 = DIRECTION('',(0.,-1.));
#11099 = ( GEOMETRIC_REPRESENTATION_CONTEXT(2) 
PARAMETRIC_REPRESENTATION_CONTEXT() REPRESENTATION_CONTEXT('2D SPACE',''
  ) );
#11100 = PCURVE('',#11101,#11106);
#11101 = PLANE('',#11102);
#11102 = AXIS2_PLACEMENT_3D('',#11103,#11104,#11105);
#11103 = CARTESIAN_POINT('',(147.31134360724,35.611541415175,
    1.000000038331E-07));
#11104 = DIRECTION('',(0.,-1.,0.));
#11105 = DIRECTION('',(-1.,0.,0.));
#11106 = DEFINITIONAL_REPRESENTATION('',(#11107),#11111);
#11107 = LINE('',#11108,#11109);
#11108 = CARTESIAN_POINT('',(0.,-0.));
#11109 = VECTOR('',#11110,1.);
#11110 = DIRECTION('',(0.,-1.));
#11111 = ( GEOMETRIC_REPRESENTATION_CONTEXT(2) 
PARAMETRIC_REPRESENTATION_CONTEXT() REPRESENTATION_CONTEXT('2D SPACE',''
  ) );
#11112 = ORIENTED_EDGE('',*,*,#11113,.F.);
#11113 = EDGE_CURVE('',#11010,#11086,#11114,.T.);
#11114 = SURFACE_CURVE('',#11115,(#11119,#11126),.PCURVE_S1.);
#11115 = LINE('',#11116,#11117);
#11116 = CARTESIAN_POINT('',(147.02534360724,34.311541415175,
    1.000000038331E-07));
#11117 = VECTOR('',#11118,1.);
#11118 = DIRECTION('',(0.214861782675,0.976644466705,0.));
#11119 = PCURVE('',#11025,#11120);
#11120 = DEFINITIONAL_REPRESENTATION('',(#11121),#11125);
#11121 = LINE('',#11122,#11123);
#11122 = CARTESIAN_POINT('',(0.,0.));
#11123 = VECTOR('',#11124,1.);
#11124 = DIRECTION('',(1.,0.));
#11125 = ( GEOMETRIC_REPRESENTATION_CONTEXT(2) 
PARAMETRIC_REPRESENTATION_CONTEXT() REPRESENTATION_CONTEXT('2D SPACE',''
  ) );
#11126 = PCURVE('',#10742,#11127);
#11127 = DEFINITIONAL_REPRESENTATION('',(#11128),#11132);
#11128 = LINE('',#11129,#11130);
#11129 = CARTESIAN_POINT('',(2.941344961529,1.6));
#11130 = VECTOR('',#11131,1.);
#11131 = DIRECTION('',(0.214861782675,0.976644466705));
#11132 = ( GEOMETRIC_REPRESENTATION_CONTEXT(2) 
PARAMETRIC_REPRESENTATION_CONTEXT() REPRESENTATION_CONTEXT('2D SPACE',''
  ) );
#11133 = ADVANCED_FACE('',(#11134),#11101,.F.);
#11134 = FACE_BOUND('',#11135,.F.);
#11135 = EDGE_LOOP('',(#11136,#11137,#11160,#11183));
#11136 = ORIENTED_EDGE('',*,*,#11085,.T.);
#11137 = ORIENTED_EDGE('',*,*,#11138,.T.);
#11138 = EDGE_CURVE('',#11063,#11139,#11141,.T.);
#11139 = VERTEX_POINT('',#11140);
#11140 = CARTESIAN_POINT('',(142.61134360724,35.611541415175,0.4800001)
  );
#11141 = SURFACE_CURVE('',#11142,(#11146,#11153),.PCURVE_S1.);
#11142 = LINE('',#11143,#11144);
#11143 = CARTESIAN_POINT('',(147.31134360724,35.611541415175,0.4800001)
  );
#11144 = VECTOR('',#11145,1.);
#11145 = DIRECTION('',(-1.,0.,0.));
#11146 = PCURVE('',#11101,#11147);
#11147 = DEFINITIONAL_REPRESENTATION('',(#11148),#11152);
#11148 = LINE('',#11149,#11150);
#11149 = CARTESIAN_POINT('',(0.,-0.48));
#11150 = VECTOR('',#11151,1.);
#11151 = DIRECTION('',(1.,0.));
#11152 = ( GEOMETRIC_REPRESENTATION_CONTEXT(2) 
PARAMETRIC_REPRESENTATION_CONTEXT() REPRESENTATION_CONTEXT('2D SPACE',''
  ) );
#11153 = PCURVE('',#10688,#11154);
#11154 = DEFINITIONAL_REPRESENTATION('',(#11155),#11159);
#11155 = LINE('',#11156,#11157);
#11156 = CARTESIAN_POINT('',(3.227344961529,2.9));
#11157 = VECTOR('',#11158,1.);
#11158 = DIRECTION('',(-1.,0.));
#11159 = ( GEOMETRIC_REPRESENTATION_CONTEXT(2) 
PARAMETRIC_REPRESENTATION_CONTEXT() REPRESENTATION_CONTEXT('2D SPACE',''
  ) );
#11160 = ORIENTED_EDGE('',*,*,#11161,.F.);
#11161 = EDGE_CURVE('',#11162,#11139,#11164,.T.);
#11162 = VERTEX_POINT('',#11163);
#11163 = CARTESIAN_POINT('',(142.61134360724,35.611541415175,
    1.000000038331E-07));
#11164 = SURFACE_CURVE('',#11165,(#11169,#11176),.PCURVE_S1.);
#11165 = LINE('',#11166,#11167);
#11166 = CARTESIAN_POINT('',(142.61134360724,35.611541415175,
    1.000000038331E-07));
#11167 = VECTOR('',#11168,1.);
#11168 = DIRECTION('',(0.,0.,1.));
#11169 = PCURVE('',#11101,#11170);
#11170 = DEFINITIONAL_REPRESENTATION('',(#11171),#11175);
#11171 = LINE('',#11172,#11173);
#11172 = CARTESIAN_POINT('',(4.7,0.));
#11173 = VECTOR('',#11174,1.);
#11174 = DIRECTION('',(0.,-1.));
#11175 = ( GEOMETRIC_REPRESENTATION_CONTEXT(2) 
PARAMETRIC_REPRESENTATION_CONTEXT() REPRESENTATION_CONTEXT('2D SPACE',''
  ) );
#11176 = PCURVE('',#10660,#11177);
#11177 = DEFINITIONAL_REPRESENTATION('',(#11178),#11182);
#11178 = LINE('',#11179,#11180);
#11179 = CARTESIAN_POINT('',(0.,0.));
#11180 = VECTOR('',#11181,1.);
#11181 = DIRECTION('',(0.,-1.));
#11182 = ( GEOMETRIC_REPRESENTATION_CONTEXT(2) 
PARAMETRIC_REPRESENTATION_CONTEXT() REPRESENTATION_CONTEXT('2D SPACE',''
  ) );
#11183 = ORIENTED_EDGE('',*,*,#11184,.F.);
#11184 = EDGE_CURVE('',#11086,#11162,#11185,.T.);
#11185 = SURFACE_CURVE('',#11186,(#11190,#11197),.PCURVE_S1.);
#11186 = LINE('',#11187,#11188);
#11187 = CARTESIAN_POINT('',(147.31134360724,35.611541415175,
    1.000000038331E-07));
#11188 = VECTOR('',#11189,1.);
#11189 = DIRECTION('',(-1.,0.,0.));
#11190 = PCURVE('',#11101,#11191);
#11191 = DEFINITIONAL_REPRESENTATION('',(#11192),#11196);
#11192 = LINE('',#11193,#11194);
#11193 = CARTESIAN_POINT('',(0.,-0.));
#11194 = VECTOR('',#11195,1.);
#11195 = DIRECTION('',(1.,0.));
#11196 = ( GEOMETRIC_REPRESENTATION_CONTEXT(2) 
PARAMETRIC_REPRESENTATION_CONTEXT() REPRESENTATION_CONTEXT('2D SPACE',''
  ) );
#11197 = PCURVE('',#10742,#11198);
#11198 = DEFINITIONAL_REPRESENTATION('',(#11199),#11203);
#11199 = LINE('',#11200,#11201);
#11200 = CARTESIAN_POINT('',(3.227344961529,2.9));
#11201 = VECTOR('',#11202,1.);
#11202 = DIRECTION('',(-1.,0.));
#11203 = ( GEOMETRIC_REPRESENTATION_CONTEXT(2) 
PARAMETRIC_REPRESENTATION_CONTEXT() REPRESENTATION_CONTEXT('2D SPACE',''
  ) );
#11204 = ADVANCED_FACE('',(#11205),#10660,.F.);
#11205 = FACE_BOUND('',#11206,.F.);
#11206 = EDGE_LOOP('',(#11207,#11208,#11229,#11230));
#11207 = ORIENTED_EDGE('',*,*,#11161,.T.);
#11208 = ORIENTED_EDGE('',*,*,#11209,.T.);
#11209 = EDGE_CURVE('',#11139,#10640,#11210,.T.);
#11210 = SURFACE_CURVE('',#11211,(#11215,#11222),.PCURVE_S1.);
#11211 = LINE('',#11212,#11213);
#11212 = CARTESIAN_POINT('',(142.61134360724,35.611541415175,0.4800001)
  );
#11213 = VECTOR('',#11214,1.);
#11214 = DIRECTION('',(-0.214861782675,-0.976644466705,0.));
#11215 = PCURVE('',#10660,#11216);
#11216 = DEFINITIONAL_REPRESENTATION('',(#11217),#11221);
#11217 = LINE('',#11218,#11219);
#11218 = CARTESIAN_POINT('',(0.,-0.48));
#11219 = VECTOR('',#11220,1.);
#11220 = DIRECTION('',(1.,0.));
#11221 = ( GEOMETRIC_REPRESENTATION_CONTEXT(2) 
PARAMETRIC_REPRESENTATION_CONTEXT() REPRESENTATION_CONTEXT('2D SPACE',''
  ) );
#11222 = PCURVE('',#10688,#11223);
#11223 = DEFINITIONAL_REPRESENTATION('',(#11224),#11228);
#11224 = LINE('',#11225,#11226);
#11225 = CARTESIAN_POINT('',(-1.472655038471,2.9));
#11226 = VECTOR('',#11227,1.);
#11227 = DIRECTION('',(-0.214861782675,-0.976644466705));
#11228 = ( GEOMETRIC_REPRESENTATION_CONTEXT(2) 
PARAMETRIC_REPRESENTATION_CONTEXT() REPRESENTATION_CONTEXT('2D SPACE',''
  ) );
#11229 = ORIENTED_EDGE('',*,*,#10637,.F.);
#11230 = ORIENTED_EDGE('',*,*,#11231,.F.);
#11231 = EDGE_CURVE('',#11162,#10638,#11232,.T.);
#11232 = SURFACE_CURVE('',#11233,(#11237,#11244),.PCURVE_S1.);
#11233 = LINE('',#11234,#11235);
#11234 = CARTESIAN_POINT('',(142.61134360724,35.611541415175,
    1.000000038331E-07));
#11235 = VECTOR('',#11236,1.);
#11236 = DIRECTION('',(-0.214861782675,-0.976644466705,0.));
#11237 = PCURVE('',#10660,#11238);
#11238 = DEFINITIONAL_REPRESENTATION('',(#11239),#11243);
#11239 = LINE('',#11240,#11241);
#11240 = CARTESIAN_POINT('',(0.,0.));
#11241 = VECTOR('',#11242,1.);
#11242 = DIRECTION('',(1.,0.));
#11243 = ( GEOMETRIC_REPRESENTATION_CONTEXT(2) 
PARAMETRIC_REPRESENTATION_CONTEXT() REPRESENTATION_CONTEXT('2D SPACE',''
  ) );
#11244 = PCURVE('',#10742,#11245);
#11245 = DEFINITIONAL_REPRESENTATION('',(#11246),#11250);
#11246 = LINE('',#11247,#11248);
#11247 = CARTESIAN_POINT('',(-1.472655038471,2.9));
#11248 = VECTOR('',#11249,1.);
#11249 = DIRECTION('',(-0.214861782675,-0.976644466705));
#11250 = ( GEOMETRIC_REPRESENTATION_CONTEXT(2) 
PARAMETRIC_REPRESENTATION_CONTEXT() REPRESENTATION_CONTEXT('2D SPACE',''
  ) );
#11251 = ADVANCED_FACE('',(#11252),#10742,.F.);
#11252 = FACE_BOUND('',#11253,.F.);
#11253 = EDGE_LOOP('',(#11254,#11255,#11256,#11257,#11258,#11259,#11260,
    #11261));
#11254 = ORIENTED_EDGE('',*,*,#10728,.T.);
#11255 = ORIENTED_EDGE('',*,*,#10809,.T.);
#11256 = ORIENTED_EDGE('',*,*,#10885,.T.);
#11257 = ORIENTED_EDGE('',*,*,#10961,.T.);
#11258 = ORIENTED_EDGE('',*,*,#11037,.T.);
#11259 = ORIENTED_EDGE('',*,*,#11113,.T.);
#11260 = ORIENTED_EDGE('',*,*,#11184,.T.);
#11261 = ORIENTED_EDGE('',*,*,#11231,.T.);
#11262 = ADVANCED_FACE('',(#11263),#10688,.T.);
#11263 = FACE_BOUND('',#11264,.T.);
#11264 = EDGE_LOOP('',(#11265,#11266,#11267,#11268,#11269,#11270,#11271,
    #11272));
#11265 = ORIENTED_EDGE('',*,*,#10672,.T.);
#11266 = ORIENTED_EDGE('',*,*,#10758,.T.);
#11267 = ORIENTED_EDGE('',*,*,#10834,.T.);
#11268 = ORIENTED_EDGE('',*,*,#10910,.T.);
#11269 = ORIENTED_EDGE('',*,*,#10986,.T.);
#11270 = ORIENTED_EDGE('',*,*,#11062,.T.);
#11271 = ORIENTED_EDGE('',*,*,#11138,.T.);
#11272 = ORIENTED_EDGE('',*,*,#11209,.T.);
#11273 = ( GEOMETRIC_REPRESENTATION_CONTEXT(3) 
GLOBAL_UNCERTAINTY_ASSIGNED_CONTEXT((#11277)) 
GLOBAL_UNIT_ASSIGNED_CONTEXT((#11274,#11275,#11276)) 
REPRESENTATION_CONTEXT('Context #1',
  '3D Context with UNIT and UNCERTAINTY') );
#11274 = ( LENGTH_UNIT() NAMED_UNIT(*) SI_UNIT(.MILLI.,.METRE.) );
#11275 = ( NAMED_UNIT(*) PLANE_ANGLE_UNIT() SI_UNIT($,.RADIAN.) );
#11276 = ( NAMED_UNIT(*) SI_UNIT($,.STERADIAN.) SOLID_ANGLE_UNIT() );
#11277 = UNCERTAINTY_MEASURE_WITH_UNIT(LENGTH_MEASURE(1.E-07),#11274,
  'distance_accuracy_value','confusion accuracy');
#11278 = CONTEXT_DEPENDENT_SHAPE_REPRESENTATION(#11279,#11281);
#11279 = ( REPRESENTATION_RELATIONSHIP('','',#10630,#10) 
REPRESENTATION_RELATIONSHIP_WITH_TRANSFORMATION(#11280) 
SHAPE_REPRESENTATION_RELATIONSHIP() );
#11280 = ITEM_DEFINED_TRANSFORMATION('','',#11,#79);
#11281 = PRODUCT_DEFINITION_SHAPE('Placement','Placement of an item',
  #11282);
#11282 = NEXT_ASSEMBLY_USAGE_OCCURRENCE('267','','',#5,#10625,$);
#11283 = PRODUCT_RELATED_PRODUCT_CATEGORY('part',$,(#10627));
#11284 = SHAPE_DEFINITION_REPRESENTATION(#11285,#11291);
#11285 = PRODUCT_DEFINITION_SHAPE('','',#11286);
#11286 = PRODUCT_DEFINITION('design','',#11287,#11290);
#11287 = PRODUCT_DEFINITION_FORMATION('','',#11288);
#11288 = PRODUCT('Open CASCADE STEP translator 7.8 2.18',
  'Open CASCADE STEP translator 7.8 2.18','',(#11289));
#11289 = PRODUCT_CONTEXT('',#2,'mechanical');
#11290 = PRODUCT_DEFINITION_CONTEXT('part definition',#2,'design');
#11291 = ADVANCED_BREP_SHAPE_REPRESENTATION('',(#11,#11292),#11934);
#11292 = MANIFOLD_SOLID_BREP('',#11293);
#11293 = CLOSED_SHELL('',(#11294,#11414,#11490,#11566,#11642,#11718,
    #11794,#11865,#11912,#11923));
#11294 = ADVANCED_FACE('',(#11295),#11309,.T.);
#11295 = FACE_BOUND('',#11296,.T.);
#11296 = EDGE_LOOP('',(#11297,#11332,#11360,#11388));
#11297 = ORIENTED_EDGE('',*,*,#11298,.T.);
#11298 = EDGE_CURVE('',#11299,#11301,#11303,.T.);
#11299 = VERTEX_POINT('',#11300);
#11300 = CARTESIAN_POINT('',(154.11134380724,35.411541415175,
    1.000000100504E-07));
#11301 = VERTEX_POINT('',#11302);
#11302 = CARTESIAN_POINT('',(154.11134380724,35.411541415175,0.4800001)
  );
#11303 = SURFACE_CURVE('',#11304,(#11308,#11320),.PCURVE_S1.);
#11304 = LINE('',#11305,#11306);
#11305 = CARTESIAN_POINT('',(154.11134380724,35.411541415175,
    1.000000100504E-07));
#11306 = VECTOR('',#11307,1.);
#11307 = DIRECTION('',(0.,0.,1.));
#11308 = PCURVE('',#11309,#11314);
#11309 = PLANE('',#11310);
#11310 = AXIS2_PLACEMENT_3D('',#11311,#11312,#11313);
#11311 = CARTESIAN_POINT('',(154.11134380724,35.411541415175,
    1.000000100504E-07));
#11312 = DIRECTION('',(0.880471099922,0.474099823035,-0.));
#11313 = DIRECTION('',(0.474099823035,-0.880471099922,0.));
#11314 = DEFINITIONAL_REPRESENTATION('',(#11315),#11319);
#11315 = LINE('',#11316,#11317);
#11316 = CARTESIAN_POINT('',(0.,0.));
#11317 = VECTOR('',#11318,1.);
#11318 = DIRECTION('',(0.,-1.));
#11319 = ( GEOMETRIC_REPRESENTATION_CONTEXT(2) 
PARAMETRIC_REPRESENTATION_CONTEXT() REPRESENTATION_CONTEXT('2D SPACE',''
  ) );
#11320 = PCURVE('',#11321,#11326);
#11321 = PLANE('',#11322);
#11322 = AXIS2_PLACEMENT_3D('',#11323,#11324,#11325);
#11323 = CARTESIAN_POINT('',(153.13134380724,33.591541415175,
    1.000000100504E-07));
#11324 = DIRECTION('',(-0.880471099922,0.474099823035,0.));
#11325 = DIRECTION('',(0.474099823035,0.880471099922,0.));
#11326 = DEFINITIONAL_REPRESENTATION('',(#11327),#11331);
#11327 = LINE('',#11328,#11329);
#11328 = CARTESIAN_POINT('',(2.067075228433,0.));
#11329 = VECTOR('',#11330,1.);
#11330 = DIRECTION('',(0.,-1.));
#11331 = ( GEOMETRIC_REPRESENTATION_CONTEXT(2) 
PARAMETRIC_REPRESENTATION_CONTEXT() REPRESENTATION_CONTEXT('2D SPACE',''
  ) );
#11332 = ORIENTED_EDGE('',*,*,#11333,.T.);
#11333 = EDGE_CURVE('',#11301,#11334,#11336,.T.);
#11334 = VERTEX_POINT('',#11335);
#11335 = CARTESIAN_POINT('',(155.09134380724,33.591541415175,0.4800001)
  );
#11336 = SURFACE_CURVE('',#11337,(#11341,#11348),.PCURVE_S1.);
#11337 = LINE('',#11338,#11339);
#11338 = CARTESIAN_POINT('',(154.11134380724,35.411541415175,0.4800001)
  );
#11339 = VECTOR('',#11340,1.);
#11340 = DIRECTION('',(0.474099823035,-0.880471099922,0.));
#11341 = PCURVE('',#11309,#11342);
#11342 = DEFINITIONAL_REPRESENTATION('',(#11343),#11347);
#11343 = LINE('',#11344,#11345);
#11344 = CARTESIAN_POINT('',(0.,-0.48));
#11345 = VECTOR('',#11346,1.);
#11346 = DIRECTION('',(1.,0.));
#11347 = ( GEOMETRIC_REPRESENTATION_CONTEXT(2) 
PARAMETRIC_REPRESENTATION_CONTEXT() REPRESENTATION_CONTEXT('2D SPACE',''
  ) );
#11348 = PCURVE('',#11349,#11354);
#11349 = PLANE('',#11350);
#11350 = AXIS2_PLACEMENT_3D('',#11351,#11352,#11353);
#11351 = CARTESIAN_POINT('',(154.11134380724,32.611541415175,0.4800001)
  );
#11352 = DIRECTION('',(-0.,-0.,-1.));
#11353 = DIRECTION('',(-1.,0.,0.));
#11354 = DEFINITIONAL_REPRESENTATION('',(#11355),#11359);
#11355 = LINE('',#11356,#11357);
#11356 = CARTESIAN_POINT('',(0.,2.8));
#11357 = VECTOR('',#11358,1.);
#11358 = DIRECTION('',(-0.474099823035,-0.880471099922));
#11359 = ( GEOMETRIC_REPRESENTATION_CONTEXT(2) 
PARAMETRIC_REPRESENTATION_CONTEXT() REPRESENTATION_CONTEXT('2D SPACE',''
  ) );
#11360 = ORIENTED_EDGE('',*,*,#11361,.F.);
#11361 = EDGE_CURVE('',#11362,#11334,#11364,.T.);
#11362 = VERTEX_POINT('',#11363);
#11363 = CARTESIAN_POINT('',(155.09134380724,33.591541415175,
    1.000000100504E-07));
#11364 = SURFACE_CURVE('',#11365,(#11369,#11376),.PCURVE_S1.);
#11365 = LINE('',#11366,#11367);
#11366 = CARTESIAN_POINT('',(155.09134380724,33.591541415175,
    1.000000100504E-07));
#11367 = VECTOR('',#11368,1.);
#11368 = DIRECTION('',(0.,0.,1.));
#11369 = PCURVE('',#11309,#11370);
#11370 = DEFINITIONAL_REPRESENTATION('',(#11371),#11375);
#11371 = LINE('',#11372,#11373);
#11372 = CARTESIAN_POINT('',(2.067075228433,0.));
#11373 = VECTOR('',#11374,1.);
#11374 = DIRECTION('',(0.,-1.));
#11375 = ( GEOMETRIC_REPRESENTATION_CONTEXT(2) 
PARAMETRIC_REPRESENTATION_CONTEXT() REPRESENTATION_CONTEXT('2D SPACE',''
  ) );
#11376 = PCURVE('',#11377,#11382);
#11377 = PLANE('',#11378);
#11378 = AXIS2_PLACEMENT_3D('',#11379,#11380,#11381);
#11379 = CARTESIAN_POINT('',(155.09134380724,33.591541415175,
    1.000000100504E-07));
#11380 = DIRECTION('',(0.474099823035,0.880471099922,-0.));
#11381 = DIRECTION('',(0.880471099922,-0.474099823035,0.));
#11382 = DEFINITIONAL_REPRESENTATION('',(#11383),#11387);
#11383 = LINE('',#11384,#11385);
#11384 = CARTESIAN_POINT('',(0.,0.));
#11385 = VECTOR('',#11386,1.);
#11386 = DIRECTION('',(0.,-1.));
#11387 = ( GEOMETRIC_REPRESENTATION_CONTEXT(2) 
PARAMETRIC_REPRESENTATION_CONTEXT() REPRESENTATION_CONTEXT('2D SPACE',''
  ) );
#11388 = ORIENTED_EDGE('',*,*,#11389,.F.);
#11389 = EDGE_CURVE('',#11299,#11362,#11390,.T.);
#11390 = SURFACE_CURVE('',#11391,(#11395,#11402),.PCURVE_S1.);
#11391 = LINE('',#11392,#11393);
#11392 = CARTESIAN_POINT('',(154.11134380724,35.411541415175,
    1.000000100504E-07));
#11393 = VECTOR('',#11394,1.);
#11394 = DIRECTION('',(0.474099823035,-0.880471099922,0.));
#11395 = PCURVE('',#11309,#11396);
#11396 = DEFINITIONAL_REPRESENTATION('',(#11397),#11401);
#11397 = LINE('',#11398,#11399);
#11398 = CARTESIAN_POINT('',(0.,0.));
#11399 = VECTOR('',#11400,1.);
#11400 = DIRECTION('',(1.,0.));
#11401 = ( GEOMETRIC_REPRESENTATION_CONTEXT(2) 
PARAMETRIC_REPRESENTATION_CONTEXT() REPRESENTATION_CONTEXT('2D SPACE',''
  ) );
#11402 = PCURVE('',#11403,#11408);
#11403 = PLANE('',#11404);
#11404 = AXIS2_PLACEMENT_3D('',#11405,#11406,#11407);
#11405 = CARTESIAN_POINT('',(154.11134380724,32.611541415175,
    1.000000100504E-07));
#11406 = DIRECTION('',(-0.,-0.,-1.));
#11407 = DIRECTION('',(-1.,0.,0.));
#11408 = DEFINITIONAL_REPRESENTATION('',(#11409),#11413);
#11409 = LINE('',#11410,#11411);
#11410 = CARTESIAN_POINT('',(0.,2.8));
#11411 = VECTOR('',#11412,1.);
#11412 = DIRECTION('',(-0.474099823035,-0.880471099922));
#11413 = ( GEOMETRIC_REPRESENTATION_CONTEXT(2) 
PARAMETRIC_REPRESENTATION_CONTEXT() REPRESENTATION_CONTEXT('2D SPACE',''
  ) );
#11414 = ADVANCED_FACE('',(#11415),#11377,.T.);
#11415 = FACE_BOUND('',#11416,.T.);
#11416 = EDGE_LOOP('',(#11417,#11418,#11441,#11469));
#11417 = ORIENTED_EDGE('',*,*,#11361,.T.);
#11418 = ORIENTED_EDGE('',*,*,#11419,.T.);
#11419 = EDGE_CURVE('',#11334,#11420,#11422,.T.);
#11420 = VERTEX_POINT('',#11421);
#11421 = CARTESIAN_POINT('',(156.91134380724,32.611541415175,0.4800001)
  );
#11422 = SURFACE_CURVE('',#11423,(#11427,#11434),.PCURVE_S1.);
#11423 = LINE('',#11424,#11425);
#11424 = CARTESIAN_POINT('',(155.09134380724,33.591541415175,0.4800001)
  );
#11425 = VECTOR('',#11426,1.);
#11426 = DIRECTION('',(0.880471099922,-0.474099823035,0.));
#11427 = PCURVE('',#11377,#11428);
#11428 = DEFINITIONAL_REPRESENTATION('',(#11429),#11433);
#11429 = LINE('',#11430,#11431);
#11430 = CARTESIAN_POINT('',(0.,-0.48));
#11431 = VECTOR('',#11432,1.);
#11432 = DIRECTION('',(1.,0.));
#11433 = ( GEOMETRIC_REPRESENTATION_CONTEXT(2) 
PARAMETRIC_REPRESENTATION_CONTEXT() REPRESENTATION_CONTEXT('2D SPACE',''
  ) );
#11434 = PCURVE('',#11349,#11435);
#11435 = DEFINITIONAL_REPRESENTATION('',(#11436),#11440);
#11436 = LINE('',#11437,#11438);
#11437 = CARTESIAN_POINT('',(-0.98,0.98));
#11438 = VECTOR('',#11439,1.);
#11439 = DIRECTION('',(-0.880471099922,-0.474099823035));
#11440 = ( GEOMETRIC_REPRESENTATION_CONTEXT(2) 
PARAMETRIC_REPRESENTATION_CONTEXT() REPRESENTATION_CONTEXT('2D SPACE',''
  ) );
#11441 = ORIENTED_EDGE('',*,*,#11442,.F.);
#11442 = EDGE_CURVE('',#11443,#11420,#11445,.T.);
#11443 = VERTEX_POINT('',#11444);
#11444 = CARTESIAN_POINT('',(156.91134380724,32.611541415175,
    1.000000100504E-07));
#11445 = SURFACE_CURVE('',#11446,(#11450,#11457),.PCURVE_S1.);
#11446 = LINE('',#11447,#11448);
#11447 = CARTESIAN_POINT('',(156.91134380724,32.611541415175,
    1.000000100504E-07));
#11448 = VECTOR('',#11449,1.);
#11449 = DIRECTION('',(0.,0.,1.));
#11450 = PCURVE('',#11377,#11451);
#11451 = DEFINITIONAL_REPRESENTATION('',(#11452),#11456);
#11452 = LINE('',#11453,#11454);
#11453 = CARTESIAN_POINT('',(2.067075228433,0.));
#11454 = VECTOR('',#11455,1.);
#11455 = DIRECTION('',(0.,-1.));
#11456 = ( GEOMETRIC_REPRESENTATION_CONTEXT(2) 
PARAMETRIC_REPRESENTATION_CONTEXT() REPRESENTATION_CONTEXT('2D SPACE',''
  ) );
#11457 = PCURVE('',#11458,#11463);
#11458 = PLANE('',#11459);
#11459 = AXIS2_PLACEMENT_3D('',#11460,#11461,#11462);
#11460 = CARTESIAN_POINT('',(156.91134380724,32.611541415175,
    1.000000100504E-07));
#11461 = DIRECTION('',(0.474099823035,-0.880471099922,0.));
#11462 = DIRECTION('',(-0.880471099922,-0.474099823035,0.));
#11463 = DEFINITIONAL_REPRESENTATION('',(#11464),#11468);
#11464 = LINE('',#11465,#11466);
#11465 = CARTESIAN_POINT('',(0.,0.));
#11466 = VECTOR('',#11467,1.);
#11467 = DIRECTION('',(0.,-1.));
#11468 = ( GEOMETRIC_REPRESENTATION_CONTEXT(2) 
PARAMETRIC_REPRESENTATION_CONTEXT() REPRESENTATION_CONTEXT('2D SPACE',''
  ) );
#11469 = ORIENTED_EDGE('',*,*,#11470,.F.);
#11470 = EDGE_CURVE('',#11362,#11443,#11471,.T.);
#11471 = SURFACE_CURVE('',#11472,(#11476,#11483),.PCURVE_S1.);
#11472 = LINE('',#11473,#11474);
#11473 = CARTESIAN_POINT('',(155.09134380724,33.591541415175,
    1.000000100504E-07));
#11474 = VECTOR('',#11475,1.);
#11475 = DIRECTION('',(0.880471099922,-0.474099823035,0.));
#11476 = PCURVE('',#11377,#11477);
#11477 = DEFINITIONAL_REPRESENTATION('',(#11478),#11482);
#11478 = LINE('',#11479,#11480);
#11479 = CARTESIAN_POINT('',(0.,0.));
#11480 = VECTOR('',#11481,1.);
#11481 = DIRECTION('',(1.,0.));
#11482 = ( GEOMETRIC_REPRESENTATION_CONTEXT(2) 
PARAMETRIC_REPRESENTATION_CONTEXT() REPRESENTATION_CONTEXT('2D SPACE',''
  ) );
#11483 = PCURVE('',#11403,#11484);
#11484 = DEFINITIONAL_REPRESENTATION('',(#11485),#11489);
#11485 = LINE('',#11486,#11487);
#11486 = CARTESIAN_POINT('',(-0.98,0.98));
#11487 = VECTOR('',#11488,1.);
#11488 = DIRECTION('',(-0.880471099922,-0.474099823035));
#11489 = ( GEOMETRIC_REPRESENTATION_CONTEXT(2) 
PARAMETRIC_REPRESENTATION_CONTEXT() REPRESENTATION_CONTEXT('2D SPACE',''
  ) );
#11490 = ADVANCED_FACE('',(#11491),#11458,.T.);
#11491 = FACE_BOUND('',#11492,.T.);
#11492 = EDGE_LOOP('',(#11493,#11494,#11517,#11545));
#11493 = ORIENTED_EDGE('',*,*,#11442,.T.);
#11494 = ORIENTED_EDGE('',*,*,#11495,.T.);
#11495 = EDGE_CURVE('',#11420,#11496,#11498,.T.);
#11496 = VERTEX_POINT('',#11497);
#11497 = CARTESIAN_POINT('',(155.09134380724,31.631541415175,0.4800001)
  );
#11498 = SURFACE_CURVE('',#11499,(#11503,#11510),.PCURVE_S1.);
#11499 = LINE('',#11500,#11501);
#11500 = CARTESIAN_POINT('',(156.91134380724,32.611541415175,0.4800001)
  );
#11501 = VECTOR('',#11502,1.);
#11502 = DIRECTION('',(-0.880471099922,-0.474099823035,0.));
#11503 = PCURVE('',#11458,#11504);
#11504 = DEFINITIONAL_REPRESENTATION('',(#11505),#11509);
#11505 = LINE('',#11506,#11507);
#11506 = CARTESIAN_POINT('',(0.,-0.48));
#11507 = VECTOR('',#11508,1.);
#11508 = DIRECTION('',(1.,0.));
#11509 = ( GEOMETRIC_REPRESENTATION_CONTEXT(2) 
PARAMETRIC_REPRESENTATION_CONTEXT() REPRESENTATION_CONTEXT('2D SPACE',''
  ) );
#11510 = PCURVE('',#11349,#11511);
#11511 = DEFINITIONAL_REPRESENTATION('',(#11512),#11516);
#11512 = LINE('',#11513,#11514);
#11513 = CARTESIAN_POINT('',(-2.8,0.));
#11514 = VECTOR('',#11515,1.);
#11515 = DIRECTION('',(0.880471099922,-0.474099823035));
#11516 = ( GEOMETRIC_REPRESENTATION_CONTEXT(2) 
PARAMETRIC_REPRESENTATION_CONTEXT() REPRESENTATION_CONTEXT('2D SPACE',''
  ) );
#11517 = ORIENTED_EDGE('',*,*,#11518,.F.);
#11518 = EDGE_CURVE('',#11519,#11496,#11521,.T.);
#11519 = VERTEX_POINT('',#11520);
#11520 = CARTESIAN_POINT('',(155.09134380724,31.631541415175,
    1.000000100504E-07));
#11521 = SURFACE_CURVE('',#11522,(#11526,#11533),.PCURVE_S1.);
#11522 = LINE('',#11523,#11524);
#11523 = CARTESIAN_POINT('',(155.09134380724,31.631541415175,
    1.000000100504E-07));
#11524 = VECTOR('',#11525,1.);
#11525 = DIRECTION('',(0.,0.,1.));
#11526 = PCURVE('',#11458,#11527);
#11527 = DEFINITIONAL_REPRESENTATION('',(#11528),#11532);
#11528 = LINE('',#11529,#11530);
#11529 = CARTESIAN_POINT('',(2.067075228433,0.));
#11530 = VECTOR('',#11531,1.);
#11531 = DIRECTION('',(0.,-1.));
#11532 = ( GEOMETRIC_REPRESENTATION_CONTEXT(2) 
PARAMETRIC_REPRESENTATION_CONTEXT() REPRESENTATION_CONTEXT('2D SPACE',''
  ) );
#11533 = PCURVE('',#11534,#11539);
#11534 = PLANE('',#11535);
#11535 = AXIS2_PLACEMENT_3D('',#11536,#11537,#11538);
#11536 = CARTESIAN_POINT('',(155.09134380724,31.631541415175,
    1.000000100504E-07));
#11537 = DIRECTION('',(0.880471099922,-0.474099823035,0.));
#11538 = DIRECTION('',(-0.474099823035,-0.880471099922,0.));
#11539 = DEFINITIONAL_REPRESENTATION('',(#11540),#11544);
#11540 = LINE('',#11541,#11542);
#11541 = CARTESIAN_POINT('',(0.,0.));
#11542 = VECTOR('',#11543,1.);
#11543 = DIRECTION('',(0.,-1.));
#11544 = ( GEOMETRIC_REPRESENTATION_CONTEXT(2) 
PARAMETRIC_REPRESENTATION_CONTEXT() REPRESENTATION_CONTEXT('2D SPACE',''
  ) );
#11545 = ORIENTED_EDGE('',*,*,#11546,.F.);
#11546 = EDGE_CURVE('',#11443,#11519,#11547,.T.);
#11547 = SURFACE_CURVE('',#11548,(#11552,#11559),.PCURVE_S1.);
#11548 = LINE('',#11549,#11550);
#11549 = CARTESIAN_POINT('',(156.91134380724,32.611541415175,
    1.000000100504E-07));
#11550 = VECTOR('',#11551,1.);
#11551 = DIRECTION('',(-0.880471099922,-0.474099823035,0.));
#11552 = PCURVE('',#11458,#11553);
#11553 = DEFINITIONAL_REPRESENTATION('',(#11554),#11558);
#11554 = LINE('',#11555,#11556);
#11555 = CARTESIAN_POINT('',(0.,0.));
#11556 = VECTOR('',#11557,1.);
#11557 = DIRECTION('',(1.,0.));
#11558 = ( GEOMETRIC_REPRESENTATION_CONTEXT(2) 
PARAMETRIC_REPRESENTATION_CONTEXT() REPRESENTATION_CONTEXT('2D SPACE',''
  ) );
#11559 = PCURVE('',#11403,#11560);
#11560 = DEFINITIONAL_REPRESENTATION('',(#11561),#11565);
#11561 = LINE('',#11562,#11563);
#11562 = CARTESIAN_POINT('',(-2.8,0.));
#11563 = VECTOR('',#11564,1.);
#11564 = DIRECTION('',(0.880471099922,-0.474099823035));
#11565 = ( GEOMETRIC_REPRESENTATION_CONTEXT(2) 
PARAMETRIC_REPRESENTATION_CONTEXT() REPRESENTATION_CONTEXT('2D SPACE',''
  ) );
#11566 = ADVANCED_FACE('',(#11567),#11534,.T.);
#11567 = FACE_BOUND('',#11568,.T.);
#11568 = EDGE_LOOP('',(#11569,#11570,#11593,#11621));
#11569 = ORIENTED_EDGE('',*,*,#11518,.T.);
#11570 = ORIENTED_EDGE('',*,*,#11571,.T.);
#11571 = EDGE_CURVE('',#11496,#11572,#11574,.T.);
#11572 = VERTEX_POINT('',#11573);
#11573 = CARTESIAN_POINT('',(154.11134380724,29.811541415175,0.4800001)
  );
#11574 = SURFACE_CURVE('',#11575,(#11579,#11586),.PCURVE_S1.);
#11575 = LINE('',#11576,#11577);
#11576 = CARTESIAN_POINT('',(155.09134380724,31.631541415175,0.4800001)
  );
#11577 = VECTOR('',#11578,1.);
#11578 = DIRECTION('',(-0.474099823035,-0.880471099922,0.));
#11579 = PCURVE('',#11534,#11580);
#11580 = DEFINITIONAL_REPRESENTATION('',(#11581),#11585);
#11581 = LINE('',#11582,#11583);
#11582 = CARTESIAN_POINT('',(0.,-0.48));
#11583 = VECTOR('',#11584,1.);
#11584 = DIRECTION('',(1.,0.));
#11585 = ( GEOMETRIC_REPRESENTATION_CONTEXT(2) 
PARAMETRIC_REPRESENTATION_CONTEXT() REPRESENTATION_CONTEXT('2D SPACE',''
  ) );
#11586 = PCURVE('',#11349,#11587);
#11587 = DEFINITIONAL_REPRESENTATION('',(#11588),#11592);
#11588 = LINE('',#11589,#11590);
#11589 = CARTESIAN_POINT('',(-0.98,-0.98));
#11590 = VECTOR('',#11591,1.);
#11591 = DIRECTION('',(0.474099823035,-0.880471099922));
#11592 = ( GEOMETRIC_REPRESENTATION_CONTEXT(2) 
PARAMETRIC_REPRESENTATION_CONTEXT() REPRESENTATION_CONTEXT('2D SPACE',''
  ) );
#11593 = ORIENTED_EDGE('',*,*,#11594,.F.);
#11594 = EDGE_CURVE('',#11595,#11572,#11597,.T.);
#11595 = VERTEX_POINT('',#11596);
#11596 = CARTESIAN_POINT('',(154.11134380724,29.811541415175,
    1.000000100504E-07));
#11597 = SURFACE_CURVE('',#11598,(#11602,#11609),.PCURVE_S1.);
#11598 = LINE('',#11599,#11600);
#11599 = CARTESIAN_POINT('',(154.11134380724,29.811541415175,
    1.000000100504E-07));
#11600 = VECTOR('',#11601,1.);
#11601 = DIRECTION('',(0.,0.,1.));
#11602 = PCURVE('',#11534,#11603);
#11603 = DEFINITIONAL_REPRESENTATION('',(#11604),#11608);
#11604 = LINE('',#11605,#11606);
#11605 = CARTESIAN_POINT('',(2.067075228433,0.));
#11606 = VECTOR('',#11607,1.);
#11607 = DIRECTION('',(0.,-1.));
#11608 = ( GEOMETRIC_REPRESENTATION_CONTEXT(2) 
PARAMETRIC_REPRESENTATION_CONTEXT() REPRESENTATION_CONTEXT('2D SPACE',''
  ) );
#11609 = PCURVE('',#11610,#11615);
#11610 = PLANE('',#11611);
#11611 = AXIS2_PLACEMENT_3D('',#11612,#11613,#11614);
#11612 = CARTESIAN_POINT('',(154.11134380724,29.811541415175,
    1.000000100504E-07));
#11613 = DIRECTION('',(-0.880471099922,-0.474099823035,0.));
#11614 = DIRECTION('',(-0.474099823035,0.880471099922,0.));
#11615 = DEFINITIONAL_REPRESENTATION('',(#11616),#11620);
#11616 = LINE('',#11617,#11618);
#11617 = CARTESIAN_POINT('',(0.,0.));
#11618 = VECTOR('',#11619,1.);
#11619 = DIRECTION('',(0.,-1.));
#11620 = ( GEOMETRIC_REPRESENTATION_CONTEXT(2) 
PARAMETRIC_REPRESENTATION_CONTEXT() REPRESENTATION_CONTEXT('2D SPACE',''
  ) );
#11621 = ORIENTED_EDGE('',*,*,#11622,.F.);
#11622 = EDGE_CURVE('',#11519,#11595,#11623,.T.);
#11623 = SURFACE_CURVE('',#11624,(#11628,#11635),.PCURVE_S1.);
#11624 = LINE('',#11625,#11626);
#11625 = CARTESIAN_POINT('',(155.09134380724,31.631541415175,
    1.000000100504E-07));
#11626 = VECTOR('',#11627,1.);
#11627 = DIRECTION('',(-0.474099823035,-0.880471099922,0.));
#11628 = PCURVE('',#11534,#11629);
#11629 = DEFINITIONAL_REPRESENTATION('',(#11630),#11634);
#11630 = LINE('',#11631,#11632);
#11631 = CARTESIAN_POINT('',(0.,0.));
#11632 = VECTOR('',#11633,1.);
#11633 = DIRECTION('',(1.,0.));
#11634 = ( GEOMETRIC_REPRESENTATION_CONTEXT(2) 
PARAMETRIC_REPRESENTATION_CONTEXT() REPRESENTATION_CONTEXT('2D SPACE',''
  ) );
#11635 = PCURVE('',#11403,#11636);
#11636 = DEFINITIONAL_REPRESENTATION('',(#11637),#11641);
#11637 = LINE('',#11638,#11639);
#11638 = CARTESIAN_POINT('',(-0.98,-0.98));
#11639 = VECTOR('',#11640,1.);
#11640 = DIRECTION('',(0.474099823035,-0.880471099922));
#11641 = ( GEOMETRIC_REPRESENTATION_CONTEXT(2) 
PARAMETRIC_REPRESENTATION_CONTEXT() REPRESENTATION_CONTEXT('2D SPACE',''
  ) );
#11642 = ADVANCED_FACE('',(#11643),#11610,.T.);
#11643 = FACE_BOUND('',#11644,.T.);
#11644 = EDGE_LOOP('',(#11645,#11646,#11669,#11697));
#11645 = ORIENTED_EDGE('',*,*,#11594,.T.);
#11646 = ORIENTED_EDGE('',*,*,#11647,.T.);
#11647 = EDGE_CURVE('',#11572,#11648,#11650,.T.);
#11648 = VERTEX_POINT('',#11649);
#11649 = CARTESIAN_POINT('',(153.13134380724,31.631541415175,0.4800001)
  );
#11650 = SURFACE_CURVE('',#11651,(#11655,#11662),.PCURVE_S1.);
#11651 = LINE('',#11652,#11653);
#11652 = CARTESIAN_POINT('',(154.11134380724,29.811541415175,0.4800001)
  );
#11653 = VECTOR('',#11654,1.);
#11654 = DIRECTION('',(-0.474099823035,0.880471099922,0.));
#11655 = PCURVE('',#11610,#11656);
#11656 = DEFINITIONAL_REPRESENTATION('',(#11657),#11661);
#11657 = LINE('',#11658,#11659);
#11658 = CARTESIAN_POINT('',(0.,-0.48));
#11659 = VECTOR('',#11660,1.);
#11660 = DIRECTION('',(1.,0.));
#11661 = ( GEOMETRIC_REPRESENTATION_CONTEXT(2) 
PARAMETRIC_REPRESENTATION_CONTEXT() REPRESENTATION_CONTEXT('2D SPACE',''
  ) );
#11662 = PCURVE('',#11349,#11663);
#11663 = DEFINITIONAL_REPRESENTATION('',(#11664),#11668);
#11664 = LINE('',#11665,#11666);
#11665 = CARTESIAN_POINT('',(0.,-2.8));
#11666 = VECTOR('',#11667,1.);
#11667 = DIRECTION('',(0.474099823035,0.880471099922));
#11668 = ( GEOMETRIC_REPRESENTATION_CONTEXT(2) 
PARAMETRIC_REPRESENTATION_CONTEXT() REPRESENTATION_CONTEXT('2D SPACE',''
  ) );
#11669 = ORIENTED_EDGE('',*,*,#11670,.F.);
#11670 = EDGE_CURVE('',#11671,#11648,#11673,.T.);
#11671 = VERTEX_POINT('',#11672);
#11672 = CARTESIAN_POINT('',(153.13134380724,31.631541415175,
    1.000000100504E-07));
#11673 = SURFACE_CURVE('',#11674,(#11678,#11685),.PCURVE_S1.);
#11674 = LINE('',#11675,#11676);
#11675 = CARTESIAN_POINT('',(153.13134380724,31.631541415175,
    1.000000100504E-07));
#11676 = VECTOR('',#11677,1.);
#11677 = DIRECTION('',(0.,0.,1.));
#11678 = PCURVE('',#11610,#11679);
#11679 = DEFINITIONAL_REPRESENTATION('',(#11680),#11684);
#11680 = LINE('',#11681,#11682);
#11681 = CARTESIAN_POINT('',(2.067075228433,0.));
#11682 = VECTOR('',#11683,1.);
#11683 = DIRECTION('',(0.,-1.));
#11684 = ( GEOMETRIC_REPRESENTATION_CONTEXT(2) 
PARAMETRIC_REPRESENTATION_CONTEXT() REPRESENTATION_CONTEXT('2D SPACE',''
  ) );
#11685 = PCURVE('',#11686,#11691);
#11686 = PLANE('',#11687);
#11687 = AXIS2_PLACEMENT_3D('',#11688,#11689,#11690);
#11688 = CARTESIAN_POINT('',(153.13134380724,31.631541415175,
    1.000000100504E-07));
#11689 = DIRECTION('',(-0.474099823035,-0.880471099922,0.));
#11690 = DIRECTION('',(-0.880471099922,0.474099823035,0.));
#11691 = DEFINITIONAL_REPRESENTATION('',(#11692),#11696);
#11692 = LINE('',#11693,#11694);
#11693 = CARTESIAN_POINT('',(0.,0.));
#11694 = VECTOR('',#11695,1.);
#11695 = DIRECTION('',(0.,-1.));
#11696 = ( GEOMETRIC_REPRESENTATION_CONTEXT(2) 
PARAMETRIC_REPRESENTATION_CONTEXT() REPRESENTATION_CONTEXT('2D SPACE',''
  ) );
#11697 = ORIENTED_EDGE('',*,*,#11698,.F.);
#11698 = EDGE_CURVE('',#11595,#11671,#11699,.T.);
#11699 = SURFACE_CURVE('',#11700,(#11704,#11711),.PCURVE_S1.);
#11700 = LINE('',#11701,#11702);
#11701 = CARTESIAN_POINT('',(154.11134380724,29.811541415175,
    1.000000100504E-07));
#11702 = VECTOR('',#11703,1.);
#11703 = DIRECTION('',(-0.474099823035,0.880471099922,0.));
#11704 = PCURVE('',#11610,#11705);
#11705 = DEFINITIONAL_REPRESENTATION('',(#11706),#11710);
#11706 = LINE('',#11707,#11708);
#11707 = CARTESIAN_POINT('',(0.,0.));
#11708 = VECTOR('',#11709,1.);
#11709 = DIRECTION('',(1.,0.));
#11710 = ( GEOMETRIC_REPRESENTATION_CONTEXT(2) 
PARAMETRIC_REPRESENTATION_CONTEXT() REPRESENTATION_CONTEXT('2D SPACE',''
  ) );
#11711 = PCURVE('',#11403,#11712);
#11712 = DEFINITIONAL_REPRESENTATION('',(#11713),#11717);
#11713 = LINE('',#11714,#11715);
#11714 = CARTESIAN_POINT('',(0.,-2.8));
#11715 = VECTOR('',#11716,1.);
#11716 = DIRECTION('',(0.474099823035,0.880471099922));
#11717 = ( GEOMETRIC_REPRESENTATION_CONTEXT(2) 
PARAMETRIC_REPRESENTATION_CONTEXT() REPRESENTATION_CONTEXT('2D SPACE',''
  ) );
#11718 = ADVANCED_FACE('',(#11719),#11686,.T.);
#11719 = FACE_BOUND('',#11720,.T.);
#11720 = EDGE_LOOP('',(#11721,#11722,#11745,#11773));
#11721 = ORIENTED_EDGE('',*,*,#11670,.T.);
#11722 = ORIENTED_EDGE('',*,*,#11723,.T.);
#11723 = EDGE_CURVE('',#11648,#11724,#11726,.T.);
#11724 = VERTEX_POINT('',#11725);
#11725 = CARTESIAN_POINT('',(151.31134380724,32.611541415175,0.4800001)
  );
#11726 = SURFACE_CURVE('',#11727,(#11731,#11738),.PCURVE_S1.);
#11727 = LINE('',#11728,#11729);
#11728 = CARTESIAN_POINT('',(153.13134380724,31.631541415175,0.4800001)
  );
#11729 = VECTOR('',#11730,1.);
#11730 = DIRECTION('',(-0.880471099922,0.474099823035,0.));
#11731 = PCURVE('',#11686,#11732);
#11732 = DEFINITIONAL_REPRESENTATION('',(#11733),#11737);
#11733 = LINE('',#11734,#11735);
#11734 = CARTESIAN_POINT('',(0.,-0.48));
#11735 = VECTOR('',#11736,1.);
#11736 = DIRECTION('',(1.,0.));
#11737 = ( GEOMETRIC_REPRESENTATION_CONTEXT(2) 
PARAMETRIC_REPRESENTATION_CONTEXT() REPRESENTATION_CONTEXT('2D SPACE',''
  ) );
#11738 = PCURVE('',#11349,#11739);
#11739 = DEFINITIONAL_REPRESENTATION('',(#11740),#11744);
#11740 = LINE('',#11741,#11742);
#11741 = CARTESIAN_POINT('',(0.98,-0.98));
#11742 = VECTOR('',#11743,1.);
#11743 = DIRECTION('',(0.880471099922,0.474099823035));
#11744 = ( GEOMETRIC_REPRESENTATION_CONTEXT(2) 
PARAMETRIC_REPRESENTATION_CONTEXT() REPRESENTATION_CONTEXT('2D SPACE',''
  ) );
#11745 = ORIENTED_EDGE('',*,*,#11746,.F.);
#11746 = EDGE_CURVE('',#11747,#11724,#11749,.T.);
#11747 = VERTEX_POINT('',#11748);
#11748 = CARTESIAN_POINT('',(151.31134380724,32.611541415175,
    1.000000100504E-07));
#11749 = SURFACE_CURVE('',#11750,(#11754,#11761),.PCURVE_S1.);
#11750 = LINE('',#11751,#11752);
#11751 = CARTESIAN_POINT('',(151.31134380724,32.611541415175,
    1.000000100504E-07));
#11752 = VECTOR('',#11753,1.);
#11753 = DIRECTION('',(0.,0.,1.));
#11754 = PCURVE('',#11686,#11755);
#11755 = DEFINITIONAL_REPRESENTATION('',(#11756),#11760);
#11756 = LINE('',#11757,#11758);
#11757 = CARTESIAN_POINT('',(2.067075228433,0.));
#11758 = VECTOR('',#11759,1.);
#11759 = DIRECTION('',(0.,-1.));
#11760 = ( GEOMETRIC_REPRESENTATION_CONTEXT(2) 
PARAMETRIC_REPRESENTATION_CONTEXT() REPRESENTATION_CONTEXT('2D SPACE',''
  ) );
#11761 = PCURVE('',#11762,#11767);
#11762 = PLANE('',#11763);
#11763 = AXIS2_PLACEMENT_3D('',#11764,#11765,#11766);
#11764 = CARTESIAN_POINT('',(151.31134380724,32.611541415175,
    1.000000100504E-07));
#11765 = DIRECTION('',(-0.474099823035,0.880471099922,0.));
#11766 = DIRECTION('',(0.880471099922,0.474099823035,0.));
#11767 = DEFINITIONAL_REPRESENTATION('',(#11768),#11772);
#11768 = LINE('',#11769,#11770);
#11769 = CARTESIAN_POINT('',(0.,0.));
#11770 = VECTOR('',#11771,1.);
#11771 = DIRECTION('',(0.,-1.));
#11772 = ( GEOMETRIC_REPRESENTATION_CONTEXT(2) 
PARAMETRIC_REPRESENTATION_CONTEXT() REPRESENTATION_CONTEXT('2D SPACE',''
  ) );
#11773 = ORIENTED_EDGE('',*,*,#11774,.F.);
#11774 = EDGE_CURVE('',#11671,#11747,#11775,.T.);
#11775 = SURFACE_CURVE('',#11776,(#11780,#11787),.PCURVE_S1.);
#11776 = LINE('',#11777,#11778);
#11777 = CARTESIAN_POINT('',(153.13134380724,31.631541415175,
    1.000000100504E-07));
#11778 = VECTOR('',#11779,1.);
#11779 = DIRECTION('',(-0.880471099922,0.474099823035,0.));
#11780 = PCURVE('',#11686,#11781);
#11781 = DEFINITIONAL_REPRESENTATION('',(#11782),#11786);
#11782 = LINE('',#11783,#11784);
#11783 = CARTESIAN_POINT('',(0.,0.));
#11784 = VECTOR('',#11785,1.);
#11785 = DIRECTION('',(1.,0.));
#11786 = ( GEOMETRIC_REPRESENTATION_CONTEXT(2) 
PARAMETRIC_REPRESENTATION_CONTEXT() REPRESENTATION_CONTEXT('2D SPACE',''
  ) );
#11787 = PCURVE('',#11403,#11788);
#11788 = DEFINITIONAL_REPRESENTATION('',(#11789),#11793);
#11789 = LINE('',#11790,#11791);
#11790 = CARTESIAN_POINT('',(0.98,-0.98));
#11791 = VECTOR('',#11792,1.);
#11792 = DIRECTION('',(0.880471099922,0.474099823035));
#11793 = ( GEOMETRIC_REPRESENTATION_CONTEXT(2) 
PARAMETRIC_REPRESENTATION_CONTEXT() REPRESENTATION_CONTEXT('2D SPACE',''
  ) );
#11794 = ADVANCED_FACE('',(#11795),#11762,.T.);
#11795 = FACE_BOUND('',#11796,.T.);
#11796 = EDGE_LOOP('',(#11797,#11798,#11821,#11844));
#11797 = ORIENTED_EDGE('',*,*,#11746,.T.);
#11798 = ORIENTED_EDGE('',*,*,#11799,.T.);
#11799 = EDGE_CURVE('',#11724,#11800,#11802,.T.);
#11800 = VERTEX_POINT('',#11801);
#11801 = CARTESIAN_POINT('',(153.13134380724,33.591541415175,0.4800001)
  );
#11802 = SURFACE_CURVE('',#11803,(#11807,#11814),.PCURVE_S1.);
#11803 = LINE('',#11804,#11805);
#11804 = CARTESIAN_POINT('',(151.31134380724,32.611541415175,0.4800001)
  );
#11805 = VECTOR('',#11806,1.);
#11806 = DIRECTION('',(0.880471099922,0.474099823035,0.));
#11807 = PCURVE('',#11762,#11808);
#11808 = DEFINITIONAL_REPRESENTATION('',(#11809),#11813);
#11809 = LINE('',#11810,#11811);
#11810 = CARTESIAN_POINT('',(0.,-0.48));
#11811 = VECTOR('',#11812,1.);
#11812 = DIRECTION('',(1.,0.));
#11813 = ( GEOMETRIC_REPRESENTATION_CONTEXT(2) 
PARAMETRIC_REPRESENTATION_CONTEXT() REPRESENTATION_CONTEXT('2D SPACE',''
  ) );
#11814 = PCURVE('',#11349,#11815);
#11815 = DEFINITIONAL_REPRESENTATION('',(#11816),#11820);
#11816 = LINE('',#11817,#11818);
#11817 = CARTESIAN_POINT('',(2.8,0.));
#11818 = VECTOR('',#11819,1.);
#11819 = DIRECTION('',(-0.880471099922,0.474099823035));
#11820 = ( GEOMETRIC_REPRESENTATION_CONTEXT(2) 
PARAMETRIC_REPRESENTATION_CONTEXT() REPRESENTATION_CONTEXT('2D SPACE',''
  ) );
#11821 = ORIENTED_EDGE('',*,*,#11822,.F.);
#11822 = EDGE_CURVE('',#11823,#11800,#11825,.T.);
#11823 = VERTEX_POINT('',#11824);
#11824 = CARTESIAN_POINT('',(153.13134380724,33.591541415175,
    1.000000100504E-07));
#11825 = SURFACE_CURVE('',#11826,(#11830,#11837),.PCURVE_S1.);
#11826 = LINE('',#11827,#11828);
#11827 = CARTESIAN_POINT('',(153.13134380724,33.591541415175,
    1.000000100504E-07));
#11828 = VECTOR('',#11829,1.);
#11829 = DIRECTION('',(0.,0.,1.));
#11830 = PCURVE('',#11762,#11831);
#11831 = DEFINITIONAL_REPRESENTATION('',(#11832),#11836);
#11832 = LINE('',#11833,#11834);
#11833 = CARTESIAN_POINT('',(2.067075228433,0.));
#11834 = VECTOR('',#11835,1.);
#11835 = DIRECTION('',(0.,-1.));
#11836 = ( GEOMETRIC_REPRESENTATION_CONTEXT(2) 
PARAMETRIC_REPRESENTATION_CONTEXT() REPRESENTATION_CONTEXT('2D SPACE',''
  ) );
#11837 = PCURVE('',#11321,#11838);
#11838 = DEFINITIONAL_REPRESENTATION('',(#11839),#11843);
#11839 = LINE('',#11840,#11841);
#11840 = CARTESIAN_POINT('',(0.,0.));
#11841 = VECTOR('',#11842,1.);
#11842 = DIRECTION('',(0.,-1.));
#11843 = ( GEOMETRIC_REPRESENTATION_CONTEXT(2) 
PARAMETRIC_REPRESENTATION_CONTEXT() REPRESENTATION_CONTEXT('2D SPACE',''
  ) );
#11844 = ORIENTED_EDGE('',*,*,#11845,.F.);
#11845 = EDGE_CURVE('',#11747,#11823,#11846,.T.);
#11846 = SURFACE_CURVE('',#11847,(#11851,#11858),.PCURVE_S1.);
#11847 = LINE('',#11848,#11849);
#11848 = CARTESIAN_POINT('',(151.31134380724,32.611541415175,
    1.000000100504E-07));
#11849 = VECTOR('',#11850,1.);
#11850 = DIRECTION('',(0.880471099922,0.474099823035,0.));
#11851 = PCURVE('',#11762,#11852);
#11852 = DEFINITIONAL_REPRESENTATION('',(#11853),#11857);
#11853 = LINE('',#11854,#11855);
#11854 = CARTESIAN_POINT('',(0.,0.));
#11855 = VECTOR('',#11856,1.);
#11856 = DIRECTION('',(1.,0.));
#11857 = ( GEOMETRIC_REPRESENTATION_CONTEXT(2) 
PARAMETRIC_REPRESENTATION_CONTEXT() REPRESENTATION_CONTEXT('2D SPACE',''
  ) );
#11858 = PCURVE('',#11403,#11859);
#11859 = DEFINITIONAL_REPRESENTATION('',(#11860),#11864);
#11860 = LINE('',#11861,#11862);
#11861 = CARTESIAN_POINT('',(2.8,0.));
#11862 = VECTOR('',#11863,1.);
#11863 = DIRECTION('',(-0.880471099922,0.474099823035));
#11864 = ( GEOMETRIC_REPRESENTATION_CONTEXT(2) 
PARAMETRIC_REPRESENTATION_CONTEXT() REPRESENTATION_CONTEXT('2D SPACE',''
  ) );
#11865 = ADVANCED_FACE('',(#11866),#11321,.T.);
#11866 = FACE_BOUND('',#11867,.T.);
#11867 = EDGE_LOOP('',(#11868,#11869,#11890,#11891));
#11868 = ORIENTED_EDGE('',*,*,#11822,.T.);
#11869 = ORIENTED_EDGE('',*,*,#11870,.T.);
#11870 = EDGE_CURVE('',#11800,#11301,#11871,.T.);
#11871 = SURFACE_CURVE('',#11872,(#11876,#11883),.PCURVE_S1.);
#11872 = LINE('',#11873,#11874);
#11873 = CARTESIAN_POINT('',(153.13134380724,33.591541415175,0.4800001)
  );
#11874 = VECTOR('',#11875,1.);
#11875 = DIRECTION('',(0.474099823035,0.880471099922,0.));
#11876 = PCURVE('',#11321,#11877);
#11877 = DEFINITIONAL_REPRESENTATION('',(#11878),#11882);
#11878 = LINE('',#11879,#11880);
#11879 = CARTESIAN_POINT('',(0.,-0.48));
#11880 = VECTOR('',#11881,1.);
#11881 = DIRECTION('',(1.,0.));
#11882 = ( GEOMETRIC_REPRESENTATION_CONTEXT(2) 
PARAMETRIC_REPRESENTATION_CONTEXT() REPRESENTATION_CONTEXT('2D SPACE',''
  ) );
#11883 = PCURVE('',#11349,#11884);
#11884 = DEFINITIONAL_REPRESENTATION('',(#11885),#11889);
#11885 = LINE('',#11886,#11887);
#11886 = CARTESIAN_POINT('',(0.98,0.98));
#11887 = VECTOR('',#11888,1.);
#11888 = DIRECTION('',(-0.474099823035,0.880471099922));
#11889 = ( GEOMETRIC_REPRESENTATION_CONTEXT(2) 
PARAMETRIC_REPRESENTATION_CONTEXT() REPRESENTATION_CONTEXT('2D SPACE',''
  ) );
#11890 = ORIENTED_EDGE('',*,*,#11298,.F.);
#11891 = ORIENTED_EDGE('',*,*,#11892,.F.);
#11892 = EDGE_CURVE('',#11823,#11299,#11893,.T.);
#11893 = SURFACE_CURVE('',#11894,(#11898,#11905),.PCURVE_S1.);
#11894 = LINE('',#11895,#11896);
#11895 = CARTESIAN_POINT('',(153.13134380724,33.591541415175,
    1.000000100504E-07));
#11896 = VECTOR('',#11897,1.);
#11897 = DIRECTION('',(0.474099823035,0.880471099922,0.));
#11898 = PCURVE('',#11321,#11899);
#11899 = DEFINITIONAL_REPRESENTATION('',(#11900),#11904);
#11900 = LINE('',#11901,#11902);
#11901 = CARTESIAN_POINT('',(0.,0.));
#11902 = VECTOR('',#11903,1.);
#11903 = DIRECTION('',(1.,0.));
#11904 = ( GEOMETRIC_REPRESENTATION_CONTEXT(2) 
PARAMETRIC_REPRESENTATION_CONTEXT() REPRESENTATION_CONTEXT('2D SPACE',''
  ) );
#11905 = PCURVE('',#11403,#11906);
#11906 = DEFINITIONAL_REPRESENTATION('',(#11907),#11911);
#11907 = LINE('',#11908,#11909);
#11908 = CARTESIAN_POINT('',(0.98,0.98));
#11909 = VECTOR('',#11910,1.);
#11910 = DIRECTION('',(-0.474099823035,0.880471099922));
#11911 = ( GEOMETRIC_REPRESENTATION_CONTEXT(2) 
PARAMETRIC_REPRESENTATION_CONTEXT() REPRESENTATION_CONTEXT('2D SPACE',''
  ) );
#11912 = ADVANCED_FACE('',(#11913),#11403,.T.);
#11913 = FACE_BOUND('',#11914,.T.);
#11914 = EDGE_LOOP('',(#11915,#11916,#11917,#11918,#11919,#11920,#11921,
    #11922));
#11915 = ORIENTED_EDGE('',*,*,#11389,.T.);
#11916 = ORIENTED_EDGE('',*,*,#11470,.T.);
#11917 = ORIENTED_EDGE('',*,*,#11546,.T.);
#11918 = ORIENTED_EDGE('',*,*,#11622,.T.);
#11919 = ORIENTED_EDGE('',*,*,#11698,.T.);
#11920 = ORIENTED_EDGE('',*,*,#11774,.T.);
#11921 = ORIENTED_EDGE('',*,*,#11845,.T.);
#11922 = ORIENTED_EDGE('',*,*,#11892,.T.);
#11923 = ADVANCED_FACE('',(#11924),#11349,.F.);
#11924 = FACE_BOUND('',#11925,.F.);
#11925 = EDGE_LOOP('',(#11926,#11927,#11928,#11929,#11930,#11931,#11932,
    #11933));
#11926 = ORIENTED_EDGE('',*,*,#11333,.T.);
#11927 = ORIENTED_EDGE('',*,*,#11419,.T.);
#11928 = ORIENTED_EDGE('',*,*,#11495,.T.);
#11929 = ORIENTED_EDGE('',*,*,#11571,.T.);
#11930 = ORIENTED_EDGE('',*,*,#11647,.T.);
#11931 = ORIENTED_EDGE('',*,*,#11723,.T.);
#11932 = ORIENTED_EDGE('',*,*,#11799,.T.);
#11933 = ORIENTED_EDGE('',*,*,#11870,.T.);
#11934 = ( GEOMETRIC_REPRESENTATION_CONTEXT(3) 
GLOBAL_UNCERTAINTY_ASSIGNED_CONTEXT((#11938)) 
GLOBAL_UNIT_ASSIGNED_CONTEXT((#11935,#11936,#11937)) 
REPRESENTATION_CONTEXT('Context #1',
  '3D Context with UNIT and UNCERTAINTY') );
#11935 = ( LENGTH_UNIT() NAMED_UNIT(*) SI_UNIT(.MILLI.,.METRE.) );
#11936 = ( NAMED_UNIT(*) PLANE_ANGLE_UNIT() SI_UNIT($,.RADIAN.) );
#11937 = ( NAMED_UNIT(*) SI_UNIT($,.STERADIAN.) SOLID_ANGLE_UNIT() );
#11938 = UNCERTAINTY_MEASURE_WITH_UNIT(LENGTH_MEASURE(1.E-07),#11935,
  'distance_accuracy_value','confusion accuracy');
#11939 = CONTEXT_DEPENDENT_SHAPE_REPRESENTATION(#11940,#11942);
#11940 = ( REPRESENTATION_RELATIONSHIP('','',#11291,#10) 
REPRESENTATION_RELATIONSHIP_WITH_TRANSFORMATION(#11941) 
SHAPE_REPRESENTATION_RELATIONSHIP() );
#11941 = ITEM_DEFINED_TRANSFORMATION('','',#11,#83);
#11942 = PRODUCT_DEFINITION_SHAPE('Placement','Placement of an item',
  #11943);
#11943 = NEXT_ASSEMBLY_USAGE_OCCURRENCE('268','','',#5,#11286,$);
#11944 = PRODUCT_RELATED_PRODUCT_CATEGORY('part',$,(#11288));
#11945 = SHAPE_DEFINITION_REPRESENTATION(#11946,#11952);
#11946 = PRODUCT_DEFINITION_SHAPE('','',#11947);
#11947 = PRODUCT_DEFINITION('design','',#11948,#11951);
#11948 = PRODUCT_DEFINITION_FORMATION('','',#11949);
#11949 = PRODUCT('Open CASCADE STEP translator 7.8 2.19',
  'Open CASCADE STEP translator 7.8 2.19','',(#11950));
#11950 = PRODUCT_CONTEXT('',#2,'mechanical');
#11951 = PRODUCT_DEFINITION_CONTEXT('part definition',#2,'design');
#11952 = ADVANCED_BREP_SHAPE_REPRESENTATION('',(#11,#11953),#12595);
#11953 = MANIFOLD_SOLID_BREP('',#11954);
#11954 = CLOSED_SHELL('',(#11955,#12075,#12151,#12227,#12303,#12379,
    #12455,#12526,#12573,#12584));
#11955 = ADVANCED_FACE('',(#11956),#11970,.T.);
#11956 = FACE_BOUND('',#11957,.T.);
#11957 = EDGE_LOOP('',(#11958,#11993,#12021,#12049));
#11958 = ORIENTED_EDGE('',*,*,#11959,.T.);
#11959 = EDGE_CURVE('',#11960,#11962,#11964,.T.);
#11960 = VERTEX_POINT('',#11961);
#11961 = CARTESIAN_POINT('',(163.41134400724,34.811541415175,
    1.000000011686E-07));
#11962 = VERTEX_POINT('',#11963);
#11963 = CARTESIAN_POINT('',(163.41134400724,34.811541415175,0.4800001)
  );
#11964 = SURFACE_CURVE('',#11965,(#11969,#11981),.PCURVE_S1.);
#11965 = LINE('',#11966,#11967);
#11966 = CARTESIAN_POINT('',(163.41134400724,34.811541415175,
    1.000000011686E-07));
#11967 = VECTOR('',#11968,1.);
#11968 = DIRECTION('',(0.,0.,1.));
#11969 = PCURVE('',#11970,#11975);
#11970 = PLANE('',#11971);
#11971 = AXIS2_PLACEMENT_3D('',#11972,#11973,#11974);
#11972 = CARTESIAN_POINT('',(163.41134400724,34.811541415175,
    1.000000011686E-07));
#11973 = DIRECTION('',(0.880471099922,0.474099823035,-0.));
#11974 = DIRECTION('',(0.474099823035,-0.880471099922,0.));
#11975 = DEFINITIONAL_REPRESENTATION('',(#11976),#11980);
#11976 = LINE('',#11977,#11978);
#11977 = CARTESIAN_POINT('',(0.,0.));
#11978 = VECTOR('',#11979,1.);
#11979 = DIRECTION('',(0.,-1.));
#11980 = ( GEOMETRIC_REPRESENTATION_CONTEXT(2) 
PARAMETRIC_REPRESENTATION_CONTEXT() REPRESENTATION_CONTEXT('2D SPACE',''
  ) );
#11981 = PCURVE('',#11982,#11987);
#11982 = PLANE('',#11983);
#11983 = AXIS2_PLACEMENT_3D('',#11984,#11985,#11986);
#11984 = CARTESIAN_POINT('',(162.53634400724,33.186541415175,
    1.000000011686E-07));
#11985 = DIRECTION('',(-0.880471099922,0.474099823035,0.));
#11986 = DIRECTION('',(0.474099823035,0.880471099922,0.));
#11987 = DEFINITIONAL_REPRESENTATION('',(#11988),#11992);
#11988 = LINE('',#11989,#11990);
#11989 = CARTESIAN_POINT('',(1.845602882529,0.));
#11990 = VECTOR('',#11991,1.);
#11991 = DIRECTION('',(0.,-1.));
#11992 = ( GEOMETRIC_REPRESENTATION_CONTEXT(2) 
PARAMETRIC_REPRESENTATION_CONTEXT() REPRESENTATION_CONTEXT('2D SPACE',''
  ) );
#11993 = ORIENTED_EDGE('',*,*,#11994,.T.);
#11994 = EDGE_CURVE('',#11962,#11995,#11997,.T.);
#11995 = VERTEX_POINT('',#11996);
#11996 = CARTESIAN_POINT('',(164.28634400724,33.186541415175,0.4800001)
  );
#11997 = SURFACE_CURVE('',#11998,(#12002,#12009),.PCURVE_S1.);
#11998 = LINE('',#11999,#12000);
#11999 = CARTESIAN_POINT('',(163.41134400724,34.811541415175,0.4800001)
  );
#12000 = VECTOR('',#12001,1.);
#12001 = DIRECTION('',(0.474099823035,-0.880471099922,0.));
#12002 = PCURVE('',#11970,#12003);
#12003 = DEFINITIONAL_REPRESENTATION('',(#12004),#12008);
#12004 = LINE('',#12005,#12006);
#12005 = CARTESIAN_POINT('',(0.,-0.48));
#12006 = VECTOR('',#12007,1.);
#12007 = DIRECTION('',(1.,0.));
#12008 = ( GEOMETRIC_REPRESENTATION_CONTEXT(2) 
PARAMETRIC_REPRESENTATION_CONTEXT() REPRESENTATION_CONTEXT('2D SPACE',''
  ) );
#12009 = PCURVE('',#12010,#12015);
#12010 = PLANE('',#12011);
#12011 = AXIS2_PLACEMENT_3D('',#12012,#12013,#12014);
#12012 = CARTESIAN_POINT('',(163.41134400724,32.311541415175,0.4800001)
  );
#12013 = DIRECTION('',(-0.,-0.,-1.));
#12014 = DIRECTION('',(-1.,0.,0.));
#12015 = DEFINITIONAL_REPRESENTATION('',(#12016),#12020);
#12016 = LINE('',#12017,#12018);
#12017 = CARTESIAN_POINT('',(0.,2.5));
#12018 = VECTOR('',#12019,1.);
#12019 = DIRECTION('',(-0.474099823035,-0.880471099922));
#12020 = ( GEOMETRIC_REPRESENTATION_CONTEXT(2) 
PARAMETRIC_REPRESENTATION_CONTEXT() REPRESENTATION_CONTEXT('2D SPACE',''
  ) );
#12021 = ORIENTED_EDGE('',*,*,#12022,.F.);
#12022 = EDGE_CURVE('',#12023,#11995,#12025,.T.);
#12023 = VERTEX_POINT('',#12024);
#12024 = CARTESIAN_POINT('',(164.28634400724,33.186541415175,
    1.000000011686E-07));
#12025 = SURFACE_CURVE('',#12026,(#12030,#12037),.PCURVE_S1.);
#12026 = LINE('',#12027,#12028);
#12027 = CARTESIAN_POINT('',(164.28634400724,33.186541415175,
    1.000000011686E-07));
#12028 = VECTOR('',#12029,1.);
#12029 = DIRECTION('',(0.,0.,1.));
#12030 = PCURVE('',#11970,#12031);
#12031 = DEFINITIONAL_REPRESENTATION('',(#12032),#12036);
#12032 = LINE('',#12033,#12034);
#12033 = CARTESIAN_POINT('',(1.845602882529,0.));
#12034 = VECTOR('',#12035,1.);
#12035 = DIRECTION('',(0.,-1.));
#12036 = ( GEOMETRIC_REPRESENTATION_CONTEXT(2) 
PARAMETRIC_REPRESENTATION_CONTEXT() REPRESENTATION_CONTEXT('2D SPACE',''
  ) );
#12037 = PCURVE('',#12038,#12043);
#12038 = PLANE('',#12039);
#12039 = AXIS2_PLACEMENT_3D('',#12040,#12041,#12042);
#12040 = CARTESIAN_POINT('',(164.28634400724,33.186541415175,
    1.000000011686E-07));
#12041 = DIRECTION('',(0.474099823035,0.880471099922,-0.));
#12042 = DIRECTION('',(0.880471099922,-0.474099823035,0.));
#12043 = DEFINITIONAL_REPRESENTATION('',(#12044),#12048);
#12044 = LINE('',#12045,#12046);
#12045 = CARTESIAN_POINT('',(0.,0.));
#12046 = VECTOR('',#12047,1.);
#12047 = DIRECTION('',(0.,-1.));
#12048 = ( GEOMETRIC_REPRESENTATION_CONTEXT(2) 
PARAMETRIC_REPRESENTATION_CONTEXT() REPRESENTATION_CONTEXT('2D SPACE',''
  ) );
#12049 = ORIENTED_EDGE('',*,*,#12050,.F.);
#12050 = EDGE_CURVE('',#11960,#12023,#12051,.T.);
#12051 = SURFACE_CURVE('',#12052,(#12056,#12063),.PCURVE_S1.);
#12052 = LINE('',#12053,#12054);
#12053 = CARTESIAN_POINT('',(163.41134400724,34.811541415175,
    1.000000011686E-07));
#12054 = VECTOR('',#12055,1.);
#12055 = DIRECTION('',(0.474099823035,-0.880471099922,0.));
#12056 = PCURVE('',#11970,#12057);
#12057 = DEFINITIONAL_REPRESENTATION('',(#12058),#12062);
#12058 = LINE('',#12059,#12060);
#12059 = CARTESIAN_POINT('',(0.,0.));
#12060 = VECTOR('',#12061,1.);
#12061 = DIRECTION('',(1.,0.));
#12062 = ( GEOMETRIC_REPRESENTATION_CONTEXT(2) 
PARAMETRIC_REPRESENTATION_CONTEXT() REPRESENTATION_CONTEXT('2D SPACE',''
  ) );
#12063 = PCURVE('',#12064,#12069);
#12064 = PLANE('',#12065);
#12065 = AXIS2_PLACEMENT_3D('',#12066,#12067,#12068);
#12066 = CARTESIAN_POINT('',(163.41134400724,32.311541415175,
    1.000000011686E-07));
#12067 = DIRECTION('',(-0.,-0.,-1.));
#12068 = DIRECTION('',(-1.,0.,0.));
#12069 = DEFINITIONAL_REPRESENTATION('',(#12070),#12074);
#12070 = LINE('',#12071,#12072);
#12071 = CARTESIAN_POINT('',(0.,2.5));
#12072 = VECTOR('',#12073,1.);
#12073 = DIRECTION('',(-0.474099823035,-0.880471099922));
#12074 = ( GEOMETRIC_REPRESENTATION_CONTEXT(2) 
PARAMETRIC_REPRESENTATION_CONTEXT() REPRESENTATION_CONTEXT('2D SPACE',''
  ) );
#12075 = ADVANCED_FACE('',(#12076),#12038,.T.);
#12076 = FACE_BOUND('',#12077,.T.);
#12077 = EDGE_LOOP('',(#12078,#12079,#12102,#12130));
#12078 = ORIENTED_EDGE('',*,*,#12022,.T.);
#12079 = ORIENTED_EDGE('',*,*,#12080,.T.);
#12080 = EDGE_CURVE('',#11995,#12081,#12083,.T.);
#12081 = VERTEX_POINT('',#12082);
#12082 = CARTESIAN_POINT('',(165.91134400724,32.311541415175,0.4800001)
  );
#12083 = SURFACE_CURVE('',#12084,(#12088,#12095),.PCURVE_S1.);
#12084 = LINE('',#12085,#12086);
#12085 = CARTESIAN_POINT('',(164.28634400724,33.186541415175,0.4800001)
  );
#12086 = VECTOR('',#12087,1.);
#12087 = DIRECTION('',(0.880471099922,-0.474099823035,0.));
#12088 = PCURVE('',#12038,#12089);
#12089 = DEFINITIONAL_REPRESENTATION('',(#12090),#12094);
#12090 = LINE('',#12091,#12092);
#12091 = CARTESIAN_POINT('',(0.,-0.48));
#12092 = VECTOR('',#12093,1.);
#12093 = DIRECTION('',(1.,0.));
#12094 = ( GEOMETRIC_REPRESENTATION_CONTEXT(2) 
PARAMETRIC_REPRESENTATION_CONTEXT() REPRESENTATION_CONTEXT('2D SPACE',''
  ) );
#12095 = PCURVE('',#12010,#12096);
#12096 = DEFINITIONAL_REPRESENTATION('',(#12097),#12101);
#12097 = LINE('',#12098,#12099);
#12098 = CARTESIAN_POINT('',(-0.875,0.875));
#12099 = VECTOR('',#12100,1.);
#12100 = DIRECTION('',(-0.880471099922,-0.474099823035));
#12101 = ( GEOMETRIC_REPRESENTATION_CONTEXT(2) 
PARAMETRIC_REPRESENTATION_CONTEXT() REPRESENTATION_CONTEXT('2D SPACE',''
  ) );
#12102 = ORIENTED_EDGE('',*,*,#12103,.F.);
#12103 = EDGE_CURVE('',#12104,#12081,#12106,.T.);
#12104 = VERTEX_POINT('',#12105);
#12105 = CARTESIAN_POINT('',(165.91134400724,32.311541415175,
    1.000000011686E-07));
#12106 = SURFACE_CURVE('',#12107,(#12111,#12118),.PCURVE_S1.);
#12107 = LINE('',#12108,#12109);
#12108 = CARTESIAN_POINT('',(165.91134400724,32.311541415175,
    1.000000011686E-07));
#12109 = VECTOR('',#12110,1.);
#12110 = DIRECTION('',(0.,0.,1.));
#12111 = PCURVE('',#12038,#12112);
#12112 = DEFINITIONAL_REPRESENTATION('',(#12113),#12117);
#12113 = LINE('',#12114,#12115);
#12114 = CARTESIAN_POINT('',(1.845602882529,0.));
#12115 = VECTOR('',#12116,1.);
#12116 = DIRECTION('',(0.,-1.));
#12117 = ( GEOMETRIC_REPRESENTATION_CONTEXT(2) 
PARAMETRIC_REPRESENTATION_CONTEXT() REPRESENTATION_CONTEXT('2D SPACE',''
  ) );
#12118 = PCURVE('',#12119,#12124);
#12119 = PLANE('',#12120);
#12120 = AXIS2_PLACEMENT_3D('',#12121,#12122,#12123);
#12121 = CARTESIAN_POINT('',(165.91134400724,32.311541415175,
    1.000000011686E-07));
#12122 = DIRECTION('',(0.474099823035,-0.880471099922,0.));
#12123 = DIRECTION('',(-0.880471099922,-0.474099823035,0.));
#12124 = DEFINITIONAL_REPRESENTATION('',(#12125),#12129);
#12125 = LINE('',#12126,#12127);
#12126 = CARTESIAN_POINT('',(0.,0.));
#12127 = VECTOR('',#12128,1.);
#12128 = DIRECTION('',(0.,-1.));
#12129 = ( GEOMETRIC_REPRESENTATION_CONTEXT(2) 
PARAMETRIC_REPRESENTATION_CONTEXT() REPRESENTATION_CONTEXT('2D SPACE',''
  ) );
#12130 = ORIENTED_EDGE('',*,*,#12131,.F.);
#12131 = EDGE_CURVE('',#12023,#12104,#12132,.T.);
#12132 = SURFACE_CURVE('',#12133,(#12137,#12144),.PCURVE_S1.);
#12133 = LINE('',#12134,#12135);
#12134 = CARTESIAN_POINT('',(164.28634400724,33.186541415175,
    1.000000011686E-07));
#12135 = VECTOR('',#12136,1.);
#12136 = DIRECTION('',(0.880471099922,-0.474099823035,0.));
#12137 = PCURVE('',#12038,#12138);
#12138 = DEFINITIONAL_REPRESENTATION('',(#12139),#12143);
#12139 = LINE('',#12140,#12141);
#12140 = CARTESIAN_POINT('',(0.,0.));
#12141 = VECTOR('',#12142,1.);
#12142 = DIRECTION('',(1.,0.));
#12143 = ( GEOMETRIC_REPRESENTATION_CONTEXT(2) 
PARAMETRIC_REPRESENTATION_CONTEXT() REPRESENTATION_CONTEXT('2D SPACE',''
  ) );
#12144 = PCURVE('',#12064,#12145);
#12145 = DEFINITIONAL_REPRESENTATION('',(#12146),#12150);
#12146 = LINE('',#12147,#12148);
#12147 = CARTESIAN_POINT('',(-0.875,0.875));
#12148 = VECTOR('',#12149,1.);
#12149 = DIRECTION('',(-0.880471099922,-0.474099823035));
#12150 = ( GEOMETRIC_REPRESENTATION_CONTEXT(2) 
PARAMETRIC_REPRESENTATION_CONTEXT() REPRESENTATION_CONTEXT('2D SPACE',''
  ) );
#12151 = ADVANCED_FACE('',(#12152),#12119,.T.);
#12152 = FACE_BOUND('',#12153,.T.);
#12153 = EDGE_LOOP('',(#12154,#12155,#12178,#12206));
#12154 = ORIENTED_EDGE('',*,*,#12103,.T.);
#12155 = ORIENTED_EDGE('',*,*,#12156,.T.);
#12156 = EDGE_CURVE('',#12081,#12157,#12159,.T.);
#12157 = VERTEX_POINT('',#12158);
#12158 = CARTESIAN_POINT('',(164.28634400724,31.436541415175,0.4800001)
  );
#12159 = SURFACE_CURVE('',#12160,(#12164,#12171),.PCURVE_S1.);
#12160 = LINE('',#12161,#12162);
#12161 = CARTESIAN_POINT('',(165.91134400724,32.311541415175,0.4800001)
  );
#12162 = VECTOR('',#12163,1.);
#12163 = DIRECTION('',(-0.880471099922,-0.474099823035,0.));
#12164 = PCURVE('',#12119,#12165);
#12165 = DEFINITIONAL_REPRESENTATION('',(#12166),#12170);
#12166 = LINE('',#12167,#12168);
#12167 = CARTESIAN_POINT('',(0.,-0.48));
#12168 = VECTOR('',#12169,1.);
#12169 = DIRECTION('',(1.,0.));
#12170 = ( GEOMETRIC_REPRESENTATION_CONTEXT(2) 
PARAMETRIC_REPRESENTATION_CONTEXT() REPRESENTATION_CONTEXT('2D SPACE',''
  ) );
#12171 = PCURVE('',#12010,#12172);
#12172 = DEFINITIONAL_REPRESENTATION('',(#12173),#12177);
#12173 = LINE('',#12174,#12175);
#12174 = CARTESIAN_POINT('',(-2.5,0.));
#12175 = VECTOR('',#12176,1.);
#12176 = DIRECTION('',(0.880471099922,-0.474099823035));
#12177 = ( GEOMETRIC_REPRESENTATION_CONTEXT(2) 
PARAMETRIC_REPRESENTATION_CONTEXT() REPRESENTATION_CONTEXT('2D SPACE',''
  ) );
#12178 = ORIENTED_EDGE('',*,*,#12179,.F.);
#12179 = EDGE_CURVE('',#12180,#12157,#12182,.T.);
#12180 = VERTEX_POINT('',#12181);
#12181 = CARTESIAN_POINT('',(164.28634400724,31.436541415175,
    1.000000011686E-07));
#12182 = SURFACE_CURVE('',#12183,(#12187,#12194),.PCURVE_S1.);
#12183 = LINE('',#12184,#12185);
#12184 = CARTESIAN_POINT('',(164.28634400724,31.436541415175,
    1.000000011686E-07));
#12185 = VECTOR('',#12186,1.);
#12186 = DIRECTION('',(0.,0.,1.));
#12187 = PCURVE('',#12119,#12188);
#12188 = DEFINITIONAL_REPRESENTATION('',(#12189),#12193);
#12189 = LINE('',#12190,#12191);
#12190 = CARTESIAN_POINT('',(1.845602882529,0.));
#12191 = VECTOR('',#12192,1.);
#12192 = DIRECTION('',(0.,-1.));
#12193 = ( GEOMETRIC_REPRESENTATION_CONTEXT(2) 
PARAMETRIC_REPRESENTATION_CONTEXT() REPRESENTATION_CONTEXT('2D SPACE',''
  ) );
#12194 = PCURVE('',#12195,#12200);
#12195 = PLANE('',#12196);
#12196 = AXIS2_PLACEMENT_3D('',#12197,#12198,#12199);
#12197 = CARTESIAN_POINT('',(164.28634400724,31.436541415175,
    1.000000011686E-07));
#12198 = DIRECTION('',(0.880471099922,-0.474099823035,0.));
#12199 = DIRECTION('',(-0.474099823035,-0.880471099922,0.));
#12200 = DEFINITIONAL_REPRESENTATION('',(#12201),#12205);
#12201 = LINE('',#12202,#12203);
#12202 = CARTESIAN_POINT('',(0.,0.));
#12203 = VECTOR('',#12204,1.);
#12204 = DIRECTION('',(0.,-1.));
#12205 = ( GEOMETRIC_REPRESENTATION_CONTEXT(2) 
PARAMETRIC_REPRESENTATION_CONTEXT() REPRESENTATION_CONTEXT('2D SPACE',''
  ) );
#12206 = ORIENTED_EDGE('',*,*,#12207,.F.);
#12207 = EDGE_CURVE('',#12104,#12180,#12208,.T.);
#12208 = SURFACE_CURVE('',#12209,(#12213,#12220),.PCURVE_S1.);
#12209 = LINE('',#12210,#12211);
#12210 = CARTESIAN_POINT('',(165.91134400724,32.311541415175,
    1.000000011686E-07));
#12211 = VECTOR('',#12212,1.);
#12212 = DIRECTION('',(-0.880471099922,-0.474099823035,0.));
#12213 = PCURVE('',#12119,#12214);
#12214 = DEFINITIONAL_REPRESENTATION('',(#12215),#12219);
#12215 = LINE('',#12216,#12217);
#12216 = CARTESIAN_POINT('',(0.,0.));
#12217 = VECTOR('',#12218,1.);
#12218 = DIRECTION('',(1.,0.));
#12219 = ( GEOMETRIC_REPRESENTATION_CONTEXT(2) 
PARAMETRIC_REPRESENTATION_CONTEXT() REPRESENTATION_CONTEXT('2D SPACE',''
  ) );
#12220 = PCURVE('',#12064,#12221);
#12221 = DEFINITIONAL_REPRESENTATION('',(#12222),#12226);
#12222 = LINE('',#12223,#12224);
#12223 = CARTESIAN_POINT('',(-2.5,0.));
#12224 = VECTOR('',#12225,1.);
#12225 = DIRECTION('',(0.880471099922,-0.474099823035));
#12226 = ( GEOMETRIC_REPRESENTATION_CONTEXT(2) 
PARAMETRIC_REPRESENTATION_CONTEXT() REPRESENTATION_CONTEXT('2D SPACE',''
  ) );
#12227 = ADVANCED_FACE('',(#12228),#12195,.T.);
#12228 = FACE_BOUND('',#12229,.T.);
#12229 = EDGE_LOOP('',(#12230,#12231,#12254,#12282));
#12230 = ORIENTED_EDGE('',*,*,#12179,.T.);
#12231 = ORIENTED_EDGE('',*,*,#12232,.T.);
#12232 = EDGE_CURVE('',#12157,#12233,#12235,.T.);
#12233 = VERTEX_POINT('',#12234);
#12234 = CARTESIAN_POINT('',(163.41134400724,29.811541415175,0.4800001)
  );
#12235 = SURFACE_CURVE('',#12236,(#12240,#12247),.PCURVE_S1.);
#12236 = LINE('',#12237,#12238);
#12237 = CARTESIAN_POINT('',(164.28634400724,31.436541415175,0.4800001)
  );
#12238 = VECTOR('',#12239,1.);
#12239 = DIRECTION('',(-0.474099823035,-0.880471099922,0.));
#12240 = PCURVE('',#12195,#12241);
#12241 = DEFINITIONAL_REPRESENTATION('',(#12242),#12246);
#12242 = LINE('',#12243,#12244);
#12243 = CARTESIAN_POINT('',(0.,-0.48));
#12244 = VECTOR('',#12245,1.);
#12245 = DIRECTION('',(1.,0.));
#12246 = ( GEOMETRIC_REPRESENTATION_CONTEXT(2) 
PARAMETRIC_REPRESENTATION_CONTEXT() REPRESENTATION_CONTEXT('2D SPACE',''
  ) );
#12247 = PCURVE('',#12010,#12248);
#12248 = DEFINITIONAL_REPRESENTATION('',(#12249),#12253);
#12249 = LINE('',#12250,#12251);
#12250 = CARTESIAN_POINT('',(-0.875,-0.875));
#12251 = VECTOR('',#12252,1.);
#12252 = DIRECTION('',(0.474099823035,-0.880471099922));
#12253 = ( GEOMETRIC_REPRESENTATION_CONTEXT(2) 
PARAMETRIC_REPRESENTATION_CONTEXT() REPRESENTATION_CONTEXT('2D SPACE',''
  ) );
#12254 = ORIENTED_EDGE('',*,*,#12255,.F.);
#12255 = EDGE_CURVE('',#12256,#12233,#12258,.T.);
#12256 = VERTEX_POINT('',#12257);
#12257 = CARTESIAN_POINT('',(163.41134400724,29.811541415175,
    1.000000011686E-07));
#12258 = SURFACE_CURVE('',#12259,(#12263,#12270),.PCURVE_S1.);
#12259 = LINE('',#12260,#12261);
#12260 = CARTESIAN_POINT('',(163.41134400724,29.811541415175,
    1.000000011686E-07));
#12261 = VECTOR('',#12262,1.);
#12262 = DIRECTION('',(0.,0.,1.));
#12263 = PCURVE('',#12195,#12264);
#12264 = DEFINITIONAL_REPRESENTATION('',(#12265),#12269);
#12265 = LINE('',#12266,#12267);
#12266 = CARTESIAN_POINT('',(1.845602882529,0.));
#12267 = VECTOR('',#12268,1.);
#12268 = DIRECTION('',(0.,-1.));
#12269 = ( GEOMETRIC_REPRESENTATION_CONTEXT(2) 
PARAMETRIC_REPRESENTATION_CONTEXT() REPRESENTATION_CONTEXT('2D SPACE',''
  ) );
#12270 = PCURVE('',#12271,#12276);
#12271 = PLANE('',#12272);
#12272 = AXIS2_PLACEMENT_3D('',#12273,#12274,#12275);
#12273 = CARTESIAN_POINT('',(163.41134400724,29.811541415175,
    1.000000011686E-07));
#12274 = DIRECTION('',(-0.880471099922,-0.474099823035,0.));
#12275 = DIRECTION('',(-0.474099823035,0.880471099922,0.));
#12276 = DEFINITIONAL_REPRESENTATION('',(#12277),#12281);
#12277 = LINE('',#12278,#12279);
#12278 = CARTESIAN_POINT('',(0.,0.));
#12279 = VECTOR('',#12280,1.);
#12280 = DIRECTION('',(0.,-1.));
#12281 = ( GEOMETRIC_REPRESENTATION_CONTEXT(2) 
PARAMETRIC_REPRESENTATION_CONTEXT() REPRESENTATION_CONTEXT('2D SPACE',''
  ) );
#12282 = ORIENTED_EDGE('',*,*,#12283,.F.);
#12283 = EDGE_CURVE('',#12180,#12256,#12284,.T.);
#12284 = SURFACE_CURVE('',#12285,(#12289,#12296),.PCURVE_S1.);
#12285 = LINE('',#12286,#12287);
#12286 = CARTESIAN_POINT('',(164.28634400724,31.436541415175,
    1.000000011686E-07));
#12287 = VECTOR('',#12288,1.);
#12288 = DIRECTION('',(-0.474099823035,-0.880471099922,0.));
#12289 = PCURVE('',#12195,#12290);
#12290 = DEFINITIONAL_REPRESENTATION('',(#12291),#12295);
#12291 = LINE('',#12292,#12293);
#12292 = CARTESIAN_POINT('',(0.,0.));
#12293 = VECTOR('',#12294,1.);
#12294 = DIRECTION('',(1.,0.));
#12295 = ( GEOMETRIC_REPRESENTATION_CONTEXT(2) 
PARAMETRIC_REPRESENTATION_CONTEXT() REPRESENTATION_CONTEXT('2D SPACE',''
  ) );
#12296 = PCURVE('',#12064,#12297);
#12297 = DEFINITIONAL_REPRESENTATION('',(#12298),#12302);
#12298 = LINE('',#12299,#12300);
#12299 = CARTESIAN_POINT('',(-0.875,-0.875));
#12300 = VECTOR('',#12301,1.);
#12301 = DIRECTION('',(0.474099823035,-0.880471099922));
#12302 = ( GEOMETRIC_REPRESENTATION_CONTEXT(2) 
PARAMETRIC_REPRESENTATION_CONTEXT() REPRESENTATION_CONTEXT('2D SPACE',''
  ) );
#12303 = ADVANCED_FACE('',(#12304),#12271,.T.);
#12304 = FACE_BOUND('',#12305,.T.);
#12305 = EDGE_LOOP('',(#12306,#12307,#12330,#12358));
#12306 = ORIENTED_EDGE('',*,*,#12255,.T.);
#12307 = ORIENTED_EDGE('',*,*,#12308,.T.);
#12308 = EDGE_CURVE('',#12233,#12309,#12311,.T.);
#12309 = VERTEX_POINT('',#12310);
#12310 = CARTESIAN_POINT('',(162.53634400724,31.436541415175,0.4800001)
  );
#12311 = SURFACE_CURVE('',#12312,(#12316,#12323),.PCURVE_S1.);
#12312 = LINE('',#12313,#12314);
#12313 = CARTESIAN_POINT('',(163.41134400724,29.811541415175,0.4800001)
  );
#12314 = VECTOR('',#12315,1.);
#12315 = DIRECTION('',(-0.474099823035,0.880471099922,0.));
#12316 = PCURVE('',#12271,#12317);
#12317 = DEFINITIONAL_REPRESENTATION('',(#12318),#12322);
#12318 = LINE('',#12319,#12320);
#12319 = CARTESIAN_POINT('',(0.,-0.48));
#12320 = VECTOR('',#12321,1.);
#12321 = DIRECTION('',(1.,0.));
#12322 = ( GEOMETRIC_REPRESENTATION_CONTEXT(2) 
PARAMETRIC_REPRESENTATION_CONTEXT() REPRESENTATION_CONTEXT('2D SPACE',''
  ) );
#12323 = PCURVE('',#12010,#12324);
#12324 = DEFINITIONAL_REPRESENTATION('',(#12325),#12329);
#12325 = LINE('',#12326,#12327);
#12326 = CARTESIAN_POINT('',(0.,-2.5));
#12327 = VECTOR('',#12328,1.);
#12328 = DIRECTION('',(0.474099823035,0.880471099922));
#12329 = ( GEOMETRIC_REPRESENTATION_CONTEXT(2) 
PARAMETRIC_REPRESENTATION_CONTEXT() REPRESENTATION_CONTEXT('2D SPACE',''
  ) );
#12330 = ORIENTED_EDGE('',*,*,#12331,.F.);
#12331 = EDGE_CURVE('',#12332,#12309,#12334,.T.);
#12332 = VERTEX_POINT('',#12333);
#12333 = CARTESIAN_POINT('',(162.53634400724,31.436541415175,
    1.000000011686E-07));
#12334 = SURFACE_CURVE('',#12335,(#12339,#12346),.PCURVE_S1.);
#12335 = LINE('',#12336,#12337);
#12336 = CARTESIAN_POINT('',(162.53634400724,31.436541415175,
    1.000000011686E-07));
#12337 = VECTOR('',#12338,1.);
#12338 = DIRECTION('',(0.,0.,1.));
#12339 = PCURVE('',#12271,#12340);
#12340 = DEFINITIONAL_REPRESENTATION('',(#12341),#12345);
#12341 = LINE('',#12342,#12343);
#12342 = CARTESIAN_POINT('',(1.845602882529,0.));
#12343 = VECTOR('',#12344,1.);
#12344 = DIRECTION('',(0.,-1.));
#12345 = ( GEOMETRIC_REPRESENTATION_CONTEXT(2) 
PARAMETRIC_REPRESENTATION_CONTEXT() REPRESENTATION_CONTEXT('2D SPACE',''
  ) );
#12346 = PCURVE('',#12347,#12352);
#12347 = PLANE('',#12348);
#12348 = AXIS2_PLACEMENT_3D('',#12349,#12350,#12351);
#12349 = CARTESIAN_POINT('',(162.53634400724,31.436541415175,
    1.000000011686E-07));
#12350 = DIRECTION('',(-0.474099823035,-0.880471099922,0.));
#12351 = DIRECTION('',(-0.880471099922,0.474099823035,0.));
#12352 = DEFINITIONAL_REPRESENTATION('',(#12353),#12357);
#12353 = LINE('',#12354,#12355);
#12354 = CARTESIAN_POINT('',(0.,0.));
#12355 = VECTOR('',#12356,1.);
#12356 = DIRECTION('',(0.,-1.));
#12357 = ( GEOMETRIC_REPRESENTATION_CONTEXT(2) 
PARAMETRIC_REPRESENTATION_CONTEXT() REPRESENTATION_CONTEXT('2D SPACE',''
  ) );
#12358 = ORIENTED_EDGE('',*,*,#12359,.F.);
#12359 = EDGE_CURVE('',#12256,#12332,#12360,.T.);
#12360 = SURFACE_CURVE('',#12361,(#12365,#12372),.PCURVE_S1.);
#12361 = LINE('',#12362,#12363);
#12362 = CARTESIAN_POINT('',(163.41134400724,29.811541415175,
    1.000000011686E-07));
#12363 = VECTOR('',#12364,1.);
#12364 = DIRECTION('',(-0.474099823035,0.880471099922,0.));
#12365 = PCURVE('',#12271,#12366);
#12366 = DEFINITIONAL_REPRESENTATION('',(#12367),#12371);
#12367 = LINE('',#12368,#12369);
#12368 = CARTESIAN_POINT('',(0.,0.));
#12369 = VECTOR('',#12370,1.);
#12370 = DIRECTION('',(1.,0.));
#12371 = ( GEOMETRIC_REPRESENTATION_CONTEXT(2) 
PARAMETRIC_REPRESENTATION_CONTEXT() REPRESENTATION_CONTEXT('2D SPACE',''
  ) );
#12372 = PCURVE('',#12064,#12373);
#12373 = DEFINITIONAL_REPRESENTATION('',(#12374),#12378);
#12374 = LINE('',#12375,#12376);
#12375 = CARTESIAN_POINT('',(0.,-2.5));
#12376 = VECTOR('',#12377,1.);
#12377 = DIRECTION('',(0.474099823035,0.880471099922));
#12378 = ( GEOMETRIC_REPRESENTATION_CONTEXT(2) 
PARAMETRIC_REPRESENTATION_CONTEXT() REPRESENTATION_CONTEXT('2D SPACE',''
  ) );
#12379 = ADVANCED_FACE('',(#12380),#12347,.T.);
#12380 = FACE_BOUND('',#12381,.T.);
#12381 = EDGE_LOOP('',(#12382,#12383,#12406,#12434));
#12382 = ORIENTED_EDGE('',*,*,#12331,.T.);
#12383 = ORIENTED_EDGE('',*,*,#12384,.T.);
#12384 = EDGE_CURVE('',#12309,#12385,#12387,.T.);
#12385 = VERTEX_POINT('',#12386);
#12386 = CARTESIAN_POINT('',(160.91134400724,32.311541415175,0.4800001)
  );
#12387 = SURFACE_CURVE('',#12388,(#12392,#12399),.PCURVE_S1.);
#12388 = LINE('',#12389,#12390);
#12389 = CARTESIAN_POINT('',(162.53634400724,31.436541415175,0.4800001)
  );
#12390 = VECTOR('',#12391,1.);
#12391 = DIRECTION('',(-0.880471099922,0.474099823035,0.));
#12392 = PCURVE('',#12347,#12393);
#12393 = DEFINITIONAL_REPRESENTATION('',(#12394),#12398);
#12394 = LINE('',#12395,#12396);
#12395 = CARTESIAN_POINT('',(0.,-0.48));
#12396 = VECTOR('',#12397,1.);
#12397 = DIRECTION('',(1.,0.));
#12398 = ( GEOMETRIC_REPRESENTATION_CONTEXT(2) 
PARAMETRIC_REPRESENTATION_CONTEXT() REPRESENTATION_CONTEXT('2D SPACE',''
  ) );
#12399 = PCURVE('',#12010,#12400);
#12400 = DEFINITIONAL_REPRESENTATION('',(#12401),#12405);
#12401 = LINE('',#12402,#12403);
#12402 = CARTESIAN_POINT('',(0.875,-0.875));
#12403 = VECTOR('',#12404,1.);
#12404 = DIRECTION('',(0.880471099922,0.474099823035));
#12405 = ( GEOMETRIC_REPRESENTATION_CONTEXT(2) 
PARAMETRIC_REPRESENTATION_CONTEXT() REPRESENTATION_CONTEXT('2D SPACE',''
  ) );
#12406 = ORIENTED_EDGE('',*,*,#12407,.F.);
#12407 = EDGE_CURVE('',#12408,#12385,#12410,.T.);
#12408 = VERTEX_POINT('',#12409);
#12409 = CARTESIAN_POINT('',(160.91134400724,32.311541415175,
    1.000000011686E-07));
#12410 = SURFACE_CURVE('',#12411,(#12415,#12422),.PCURVE_S1.);
#12411 = LINE('',#12412,#12413);
#12412 = CARTESIAN_POINT('',(160.91134400724,32.311541415175,
    1.000000011686E-07));
#12413 = VECTOR('',#12414,1.);
#12414 = DIRECTION('',(0.,0.,1.));
#12415 = PCURVE('',#12347,#12416);
#12416 = DEFINITIONAL_REPRESENTATION('',(#12417),#12421);
#12417 = LINE('',#12418,#12419);
#12418 = CARTESIAN_POINT('',(1.845602882529,0.));
#12419 = VECTOR('',#12420,1.);
#12420 = DIRECTION('',(0.,-1.));
#12421 = ( GEOMETRIC_REPRESENTATION_CONTEXT(2) 
PARAMETRIC_REPRESENTATION_CONTEXT() REPRESENTATION_CONTEXT('2D SPACE',''
  ) );
#12422 = PCURVE('',#12423,#12428);
#12423 = PLANE('',#12424);
#12424 = AXIS2_PLACEMENT_3D('',#12425,#12426,#12427);
#12425 = CARTESIAN_POINT('',(160.91134400724,32.311541415175,
    1.000000011686E-07));
#12426 = DIRECTION('',(-0.474099823035,0.880471099922,0.));
#12427 = DIRECTION('',(0.880471099922,0.474099823035,0.));
#12428 = DEFINITIONAL_REPRESENTATION('',(#12429),#12433);
#12429 = LINE('',#12430,#12431);
#12430 = CARTESIAN_POINT('',(0.,0.));
#12431 = VECTOR('',#12432,1.);
#12432 = DIRECTION('',(0.,-1.));
#12433 = ( GEOMETRIC_REPRESENTATION_CONTEXT(2) 
PARAMETRIC_REPRESENTATION_CONTEXT() REPRESENTATION_CONTEXT('2D SPACE',''
  ) );
#12434 = ORIENTED_EDGE('',*,*,#12435,.F.);
#12435 = EDGE_CURVE('',#12332,#12408,#12436,.T.);
#12436 = SURFACE_CURVE('',#12437,(#12441,#12448),.PCURVE_S1.);
#12437 = LINE('',#12438,#12439);
#12438 = CARTESIAN_POINT('',(162.53634400724,31.436541415175,
    1.000000011686E-07));
#12439 = VECTOR('',#12440,1.);
#12440 = DIRECTION('',(-0.880471099922,0.474099823035,0.));
#12441 = PCURVE('',#12347,#12442);
#12442 = DEFINITIONAL_REPRESENTATION('',(#12443),#12447);
#12443 = LINE('',#12444,#12445);
#12444 = CARTESIAN_POINT('',(0.,0.));
#12445 = VECTOR('',#12446,1.);
#12446 = DIRECTION('',(1.,0.));
#12447 = ( GEOMETRIC_REPRESENTATION_CONTEXT(2) 
PARAMETRIC_REPRESENTATION_CONTEXT() REPRESENTATION_CONTEXT('2D SPACE',''
  ) );
#12448 = PCURVE('',#12064,#12449);
#12449 = DEFINITIONAL_REPRESENTATION('',(#12450),#12454);
#12450 = LINE('',#12451,#12452);
#12451 = CARTESIAN_POINT('',(0.875,-0.875));
#12452 = VECTOR('',#12453,1.);
#12453 = DIRECTION('',(0.880471099922,0.474099823035));
#12454 = ( GEOMETRIC_REPRESENTATION_CONTEXT(2) 
PARAMETRIC_REPRESENTATION_CONTEXT() REPRESENTATION_CONTEXT('2D SPACE',''
  ) );
#12455 = ADVANCED_FACE('',(#12456),#12423,.T.);
#12456 = FACE_BOUND('',#12457,.T.);
#12457 = EDGE_LOOP('',(#12458,#12459,#12482,#12505));
#12458 = ORIENTED_EDGE('',*,*,#12407,.T.);
#12459 = ORIENTED_EDGE('',*,*,#12460,.T.);
#12460 = EDGE_CURVE('',#12385,#12461,#12463,.T.);
#12461 = VERTEX_POINT('',#12462);
#12462 = CARTESIAN_POINT('',(162.53634400724,33.186541415175,0.4800001)
  );
#12463 = SURFACE_CURVE('',#12464,(#12468,#12475),.PCURVE_S1.);
#12464 = LINE('',#12465,#12466);
#12465 = CARTESIAN_POINT('',(160.91134400724,32.311541415175,0.4800001)
  );
#12466 = VECTOR('',#12467,1.);
#12467 = DIRECTION('',(0.880471099922,0.474099823035,0.));
#12468 = PCURVE('',#12423,#12469);
#12469 = DEFINITIONAL_REPRESENTATION('',(#12470),#12474);
#12470 = LINE('',#12471,#12472);
#12471 = CARTESIAN_POINT('',(0.,-0.48));
#12472 = VECTOR('',#12473,1.);
#12473 = DIRECTION('',(1.,0.));
#12474 = ( GEOMETRIC_REPRESENTATION_CONTEXT(2) 
PARAMETRIC_REPRESENTATION_CONTEXT() REPRESENTATION_CONTEXT('2D SPACE',''
  ) );
#12475 = PCURVE('',#12010,#12476);
#12476 = DEFINITIONAL_REPRESENTATION('',(#12477),#12481);
#12477 = LINE('',#12478,#12479);
#12478 = CARTESIAN_POINT('',(2.5,0.));
#12479 = VECTOR('',#12480,1.);
#12480 = DIRECTION('',(-0.880471099922,0.474099823035));
#12481 = ( GEOMETRIC_REPRESENTATION_CONTEXT(2) 
PARAMETRIC_REPRESENTATION_CONTEXT() REPRESENTATION_CONTEXT('2D SPACE',''
  ) );
#12482 = ORIENTED_EDGE('',*,*,#12483,.F.);
#12483 = EDGE_CURVE('',#12484,#12461,#12486,.T.);
#12484 = VERTEX_POINT('',#12485);
#12485 = CARTESIAN_POINT('',(162.53634400724,33.186541415175,
    1.000000011686E-07));
#12486 = SURFACE_CURVE('',#12487,(#12491,#12498),.PCURVE_S1.);
#12487 = LINE('',#12488,#12489);
#12488 = CARTESIAN_POINT('',(162.53634400724,33.186541415175,
    1.000000011686E-07));
#12489 = VECTOR('',#12490,1.);
#12490 = DIRECTION('',(0.,0.,1.));
#12491 = PCURVE('',#12423,#12492);
#12492 = DEFINITIONAL_REPRESENTATION('',(#12493),#12497);
#12493 = LINE('',#12494,#12495);
#12494 = CARTESIAN_POINT('',(1.845602882529,0.));
#12495 = VECTOR('',#12496,1.);
#12496 = DIRECTION('',(0.,-1.));
#12497 = ( GEOMETRIC_REPRESENTATION_CONTEXT(2) 
PARAMETRIC_REPRESENTATION_CONTEXT() REPRESENTATION_CONTEXT('2D SPACE',''
  ) );
#12498 = PCURVE('',#11982,#12499);
#12499 = DEFINITIONAL_REPRESENTATION('',(#12500),#12504);
#12500 = LINE('',#12501,#12502);
#12501 = CARTESIAN_POINT('',(0.,0.));
#12502 = VECTOR('',#12503,1.);
#12503 = DIRECTION('',(0.,-1.));
#12504 = ( GEOMETRIC_REPRESENTATION_CONTEXT(2) 
PARAMETRIC_REPRESENTATION_CONTEXT() REPRESENTATION_CONTEXT('2D SPACE',''
  ) );
#12505 = ORIENTED_EDGE('',*,*,#12506,.F.);
#12506 = EDGE_CURVE('',#12408,#12484,#12507,.T.);
#12507 = SURFACE_CURVE('',#12508,(#12512,#12519),.PCURVE_S1.);
#12508 = LINE('',#12509,#12510);
#12509 = CARTESIAN_POINT('',(160.91134400724,32.311541415175,
    1.000000011686E-07));
#12510 = VECTOR('',#12511,1.);
#12511 = DIRECTION('',(0.880471099922,0.474099823035,0.));
#12512 = PCURVE('',#12423,#12513);
#12513 = DEFINITIONAL_REPRESENTATION('',(#12514),#12518);
#12514 = LINE('',#12515,#12516);
#12515 = CARTESIAN_POINT('',(0.,0.));
#12516 = VECTOR('',#12517,1.);
#12517 = DIRECTION('',(1.,0.));
#12518 = ( GEOMETRIC_REPRESENTATION_CONTEXT(2) 
PARAMETRIC_REPRESENTATION_CONTEXT() REPRESENTATION_CONTEXT('2D SPACE',''
  ) );
#12519 = PCURVE('',#12064,#12520);
#12520 = DEFINITIONAL_REPRESENTATION('',(#12521),#12525);
#12521 = LINE('',#12522,#12523);
#12522 = CARTESIAN_POINT('',(2.5,0.));
#12523 = VECTOR('',#12524,1.);
#12524 = DIRECTION('',(-0.880471099922,0.474099823035));
#12525 = ( GEOMETRIC_REPRESENTATION_CONTEXT(2) 
PARAMETRIC_REPRESENTATION_CONTEXT() REPRESENTATION_CONTEXT('2D SPACE',''
  ) );
#12526 = ADVANCED_FACE('',(#12527),#11982,.T.);
#12527 = FACE_BOUND('',#12528,.T.);
#12528 = EDGE_LOOP('',(#12529,#12530,#12551,#12552));
#12529 = ORIENTED_EDGE('',*,*,#12483,.T.);
#12530 = ORIENTED_EDGE('',*,*,#12531,.T.);
#12531 = EDGE_CURVE('',#12461,#11962,#12532,.T.);
#12532 = SURFACE_CURVE('',#12533,(#12537,#12544),.PCURVE_S1.);
#12533 = LINE('',#12534,#12535);
#12534 = CARTESIAN_POINT('',(162.53634400724,33.186541415175,0.4800001)
  );
#12535 = VECTOR('',#12536,1.);
#12536 = DIRECTION('',(0.474099823035,0.880471099922,0.));
#12537 = PCURVE('',#11982,#12538);
#12538 = DEFINITIONAL_REPRESENTATION('',(#12539),#12543);
#12539 = LINE('',#12540,#12541);
#12540 = CARTESIAN_POINT('',(0.,-0.48));
#12541 = VECTOR('',#12542,1.);
#12542 = DIRECTION('',(1.,0.));
#12543 = ( GEOMETRIC_REPRESENTATION_CONTEXT(2) 
PARAMETRIC_REPRESENTATION_CONTEXT() REPRESENTATION_CONTEXT('2D SPACE',''
  ) );
#12544 = PCURVE('',#12010,#12545);
#12545 = DEFINITIONAL_REPRESENTATION('',(#12546),#12550);
#12546 = LINE('',#12547,#12548);
#12547 = CARTESIAN_POINT('',(0.875,0.875));
#12548 = VECTOR('',#12549,1.);
#12549 = DIRECTION('',(-0.474099823035,0.880471099922));
#12550 = ( GEOMETRIC_REPRESENTATION_CONTEXT(2) 
PARAMETRIC_REPRESENTATION_CONTEXT() REPRESENTATION_CONTEXT('2D SPACE',''
  ) );
#12551 = ORIENTED_EDGE('',*,*,#11959,.F.);
#12552 = ORIENTED_EDGE('',*,*,#12553,.F.);
#12553 = EDGE_CURVE('',#12484,#11960,#12554,.T.);
#12554 = SURFACE_CURVE('',#12555,(#12559,#12566),.PCURVE_S1.);
#12555 = LINE('',#12556,#12557);
#12556 = CARTESIAN_POINT('',(162.53634400724,33.186541415175,
    1.000000011686E-07));
#12557 = VECTOR('',#12558,1.);
#12558 = DIRECTION('',(0.474099823035,0.880471099922,0.));
#12559 = PCURVE('',#11982,#12560);
#12560 = DEFINITIONAL_REPRESENTATION('',(#12561),#12565);
#12561 = LINE('',#12562,#12563);
#12562 = CARTESIAN_POINT('',(0.,0.));
#12563 = VECTOR('',#12564,1.);
#12564 = DIRECTION('',(1.,0.));
#12565 = ( GEOMETRIC_REPRESENTATION_CONTEXT(2) 
PARAMETRIC_REPRESENTATION_CONTEXT() REPRESENTATION_CONTEXT('2D SPACE',''
  ) );
#12566 = PCURVE('',#12064,#12567);
#12567 = DEFINITIONAL_REPRESENTATION('',(#12568),#12572);
#12568 = LINE('',#12569,#12570);
#12569 = CARTESIAN_POINT('',(0.875,0.875));
#12570 = VECTOR('',#12571,1.);
#12571 = DIRECTION('',(-0.474099823035,0.880471099922));
#12572 = ( GEOMETRIC_REPRESENTATION_CONTEXT(2) 
PARAMETRIC_REPRESENTATION_CONTEXT() REPRESENTATION_CONTEXT('2D SPACE',''
  ) );
#12573 = ADVANCED_FACE('',(#12574),#12064,.T.);
#12574 = FACE_BOUND('',#12575,.T.);
#12575 = EDGE_LOOP('',(#12576,#12577,#12578,#12579,#12580,#12581,#12582,
    #12583));
#12576 = ORIENTED_EDGE('',*,*,#12050,.T.);
#12577 = ORIENTED_EDGE('',*,*,#12131,.T.);
#12578 = ORIENTED_EDGE('',*,*,#12207,.T.);
#12579 = ORIENTED_EDGE('',*,*,#12283,.T.);
#12580 = ORIENTED_EDGE('',*,*,#12359,.T.);
#12581 = ORIENTED_EDGE('',*,*,#12435,.T.);
#12582 = ORIENTED_EDGE('',*,*,#12506,.T.);
#12583 = ORIENTED_EDGE('',*,*,#12553,.T.);
#12584 = ADVANCED_FACE('',(#12585),#12010,.F.);
#12585 = FACE_BOUND('',#12586,.F.);
#12586 = EDGE_LOOP('',(#12587,#12588,#12589,#12590,#12591,#12592,#12593,
    #12594));
#12587 = ORIENTED_EDGE('',*,*,#11994,.T.);
#12588 = ORIENTED_EDGE('',*,*,#12080,.T.);
#12589 = ORIENTED_EDGE('',*,*,#12156,.T.);
#12590 = ORIENTED_EDGE('',*,*,#12232,.T.);
#12591 = ORIENTED_EDGE('',*,*,#12308,.T.);
#12592 = ORIENTED_EDGE('',*,*,#12384,.T.);
#12593 = ORIENTED_EDGE('',*,*,#12460,.T.);
#12594 = ORIENTED_EDGE('',*,*,#12531,.T.);
#12595 = ( GEOMETRIC_REPRESENTATION_CONTEXT(3) 
GLOBAL_UNCERTAINTY_ASSIGNED_CONTEXT((#12599)) 
GLOBAL_UNIT_ASSIGNED_CONTEXT((#12596,#12597,#12598)) 
REPRESENTATION_CONTEXT('Context #1',
  '3D Context with UNIT and UNCERTAINTY') );
#12596 = ( LENGTH_UNIT() NAMED_UNIT(*) SI_UNIT(.MILLI.,.METRE.) );
#12597 = ( NAMED_UNIT(*) PLANE_ANGLE_UNIT() SI_UNIT($,.RADIAN.) );
#12598 = ( NAMED_UNIT(*) SI_UNIT($,.STERADIAN.) SOLID_ANGLE_UNIT() );
#12599 = UNCERTAINTY_MEASURE_WITH_UNIT(LENGTH_MEASURE(1.E-07),#12596,
  'distance_accuracy_value','confusion accuracy');
#12600 = CONTEXT_DEPENDENT_SHAPE_REPRESENTATION(#12601,#12603);
#12601 = ( REPRESENTATION_RELATIONSHIP('','',#11952,#10) 
REPRESENTATION_RELATIONSHIP_WITH_TRANSFORMATION(#12602) 
SHAPE_REPRESENTATION_RELATIONSHIP() );
#12602 = ITEM_DEFINED_TRANSFORMATION('','',#11,#87);
#12603 = PRODUCT_DEFINITION_SHAPE('Placement','Placement of an item',
  #12604);
#12604 = NEXT_ASSEMBLY_USAGE_OCCURRENCE('269','','',#5,#11947,$);
#12605 = PRODUCT_RELATED_PRODUCT_CATEGORY('part',$,(#11949));
#12606 = SHAPE_DEFINITION_REPRESENTATION(#12607,#12613);
#12607 = PRODUCT_DEFINITION_SHAPE('','',#12608);
#12608 = PRODUCT_DEFINITION('design','',#12609,#12612);
#12609 = PRODUCT_DEFINITION_FORMATION('','',#12610);
#12610 = PRODUCT('Open CASCADE STEP translator 7.8 2.20',
  'Open CASCADE STEP translator 7.8 2.20','',(#12611));
#12611 = PRODUCT_CONTEXT('',#2,'mechanical');
#12612 = PRODUCT_DEFINITION_CONTEXT('part definition',#2,'design');
#12613 = ADVANCED_BREP_SHAPE_REPRESENTATION('',(#11,#12614),#13256);
#12614 = MANIFOLD_SOLID_BREP('',#12615);
#12615 = CLOSED_SHELL('',(#12616,#12736,#12812,#12888,#12964,#13040,
    #13116,#13187,#13234,#13245));
#12616 = ADVANCED_FACE('',(#12617),#12631,.T.);
#12617 = FACE_BOUND('',#12618,.T.);
#12618 = EDGE_LOOP('',(#12619,#12654,#12682,#12710));
#12619 = ORIENTED_EDGE('',*,*,#12620,.T.);
#12620 = EDGE_CURVE('',#12621,#12623,#12625,.T.);
#12621 = VERTEX_POINT('',#12622);
#12622 = CARTESIAN_POINT('',(172.31134420724,34.611541415175,
    1.00000008274E-07));
#12623 = VERTEX_POINT('',#12624);
#12624 = CARTESIAN_POINT('',(172.31134420724,34.611541415175,0.4800001)
  );
#12625 = SURFACE_CURVE('',#12626,(#12630,#12642),.PCURVE_S1.);
#12626 = LINE('',#12627,#12628);
#12627 = CARTESIAN_POINT('',(172.31134420724,34.611541415175,
    1.00000008274E-07));
#12628 = VECTOR('',#12629,1.);
#12629 = DIRECTION('',(0.,0.,1.));
#12630 = PCURVE('',#12631,#12636);
#12631 = PLANE('',#12632);
#12632 = AXIS2_PLACEMENT_3D('',#12633,#12634,#12635);
#12633 = CARTESIAN_POINT('',(172.31134420724,34.611541415175,
    1.00000008274E-07));
#12634 = DIRECTION('',(0.880471099922,0.474099823035,-0.));
#12635 = DIRECTION('',(0.474099823035,-0.880471099922,0.));
#12636 = DEFINITIONAL_REPRESENTATION('',(#12637),#12641);
#12637 = LINE('',#12638,#12639);
#12638 = CARTESIAN_POINT('',(0.,0.));
#12639 = VECTOR('',#12640,1.);
#12640 = DIRECTION('',(0.,-1.));
#12641 = ( GEOMETRIC_REPRESENTATION_CONTEXT(2) 
PARAMETRIC_REPRESENTATION_CONTEXT() REPRESENTATION_CONTEXT('2D SPACE',''
  ) );
#12642 = PCURVE('',#12643,#12648);
#12643 = PLANE('',#12644);
#12644 = AXIS2_PLACEMENT_3D('',#12645,#12646,#12647);
#12645 = CARTESIAN_POINT('',(171.47134420724,33.051541415175,
    1.00000008274E-07));
#12646 = DIRECTION('',(-0.880471099922,0.474099823035,0.));
#12647 = DIRECTION('',(0.474099823035,0.880471099922,0.));
#12648 = DEFINITIONAL_REPRESENTATION('',(#12649),#12653);
#12649 = LINE('',#12650,#12651);
#12650 = CARTESIAN_POINT('',(1.771778767228,0.));
#12651 = VECTOR('',#12652,1.);
#12652 = DIRECTION('',(0.,-1.));
#12653 = ( GEOMETRIC_REPRESENTATION_CONTEXT(2) 
PARAMETRIC_REPRESENTATION_CONTEXT() REPRESENTATION_CONTEXT('2D SPACE',''
  ) );
#12654 = ORIENTED_EDGE('',*,*,#12655,.T.);
#12655 = EDGE_CURVE('',#12623,#12656,#12658,.T.);
#12656 = VERTEX_POINT('',#12657);
#12657 = CARTESIAN_POINT('',(173.15134420724,33.051541415175,0.4800001)
  );
#12658 = SURFACE_CURVE('',#12659,(#12663,#12670),.PCURVE_S1.);
#12659 = LINE('',#12660,#12661);
#12660 = CARTESIAN_POINT('',(172.31134420724,34.611541415175,0.4800001)
  );
#12661 = VECTOR('',#12662,1.);
#12662 = DIRECTION('',(0.474099823035,-0.880471099922,0.));
#12663 = PCURVE('',#12631,#12664);
#12664 = DEFINITIONAL_REPRESENTATION('',(#12665),#12669);
#12665 = LINE('',#12666,#12667);
#12666 = CARTESIAN_POINT('',(0.,-0.48));
#12667 = VECTOR('',#12668,1.);
#12668 = DIRECTION('',(1.,0.));
#12669 = ( GEOMETRIC_REPRESENTATION_CONTEXT(2) 
PARAMETRIC_REPRESENTATION_CONTEXT() REPRESENTATION_CONTEXT('2D SPACE',''
  ) );
#12670 = PCURVE('',#12671,#12676);
#12671 = PLANE('',#12672);
#12672 = AXIS2_PLACEMENT_3D('',#12673,#12674,#12675);
#12673 = CARTESIAN_POINT('',(172.31134420724,32.211541415175,0.4800001)
  );
#12674 = DIRECTION('',(-0.,-0.,-1.));
#12675 = DIRECTION('',(-1.,0.,0.));
#12676 = DEFINITIONAL_REPRESENTATION('',(#12677),#12681);
#12677 = LINE('',#12678,#12679);
#12678 = CARTESIAN_POINT('',(0.,2.4));
#12679 = VECTOR('',#12680,1.);
#12680 = DIRECTION('',(-0.474099823035,-0.880471099922));
#12681 = ( GEOMETRIC_REPRESENTATION_CONTEXT(2) 
PARAMETRIC_REPRESENTATION_CONTEXT() REPRESENTATION_CONTEXT('2D SPACE',''
  ) );
#12682 = ORIENTED_EDGE('',*,*,#12683,.F.);
#12683 = EDGE_CURVE('',#12684,#12656,#12686,.T.);
#12684 = VERTEX_POINT('',#12685);
#12685 = CARTESIAN_POINT('',(173.15134420724,33.051541415175,
    1.00000008274E-07));
#12686 = SURFACE_CURVE('',#12687,(#12691,#12698),.PCURVE_S1.);
#12687 = LINE('',#12688,#12689);
#12688 = CARTESIAN_POINT('',(173.15134420724,33.051541415175,
    1.00000008274E-07));
#12689 = VECTOR('',#12690,1.);
#12690 = DIRECTION('',(0.,0.,1.));
#12691 = PCURVE('',#12631,#12692);
#12692 = DEFINITIONAL_REPRESENTATION('',(#12693),#12697);
#12693 = LINE('',#12694,#12695);
#12694 = CARTESIAN_POINT('',(1.771778767228,0.));
#12695 = VECTOR('',#12696,1.);
#12696 = DIRECTION('',(0.,-1.));
#12697 = ( GEOMETRIC_REPRESENTATION_CONTEXT(2) 
PARAMETRIC_REPRESENTATION_CONTEXT() REPRESENTATION_CONTEXT('2D SPACE',''
  ) );
#12698 = PCURVE('',#12699,#12704);
#12699 = PLANE('',#12700);
#12700 = AXIS2_PLACEMENT_3D('',#12701,#12702,#12703);
#12701 = CARTESIAN_POINT('',(173.15134420724,33.051541415175,
    1.00000008274E-07));
#12702 = DIRECTION('',(0.474099823035,0.880471099922,-0.));
#12703 = DIRECTION('',(0.880471099922,-0.474099823035,0.));
#12704 = DEFINITIONAL_REPRESENTATION('',(#12705),#12709);
#12705 = LINE('',#12706,#12707);
#12706 = CARTESIAN_POINT('',(0.,0.));
#12707 = VECTOR('',#12708,1.);
#12708 = DIRECTION('',(0.,-1.));
#12709 = ( GEOMETRIC_REPRESENTATION_CONTEXT(2) 
PARAMETRIC_REPRESENTATION_CONTEXT() REPRESENTATION_CONTEXT('2D SPACE',''
  ) );
#12710 = ORIENTED_EDGE('',*,*,#12711,.F.);
#12711 = EDGE_CURVE('',#12621,#12684,#12712,.T.);
#12712 = SURFACE_CURVE('',#12713,(#12717,#12724),.PCURVE_S1.);
#12713 = LINE('',#12714,#12715);
#12714 = CARTESIAN_POINT('',(172.31134420724,34.611541415175,
    1.00000008274E-07));
#12715 = VECTOR('',#12716,1.);
#12716 = DIRECTION('',(0.474099823035,-0.880471099922,0.));
#12717 = PCURVE('',#12631,#12718);
#12718 = DEFINITIONAL_REPRESENTATION('',(#12719),#12723);
#12719 = LINE('',#12720,#12721);
#12720 = CARTESIAN_POINT('',(0.,0.));
#12721 = VECTOR('',#12722,1.);
#12722 = DIRECTION('',(1.,0.));
#12723 = ( GEOMETRIC_REPRESENTATION_CONTEXT(2) 
PARAMETRIC_REPRESENTATION_CONTEXT() REPRESENTATION_CONTEXT('2D SPACE',''
  ) );
#12724 = PCURVE('',#12725,#12730);
#12725 = PLANE('',#12726);
#12726 = AXIS2_PLACEMENT_3D('',#12727,#12728,#12729);
#12727 = CARTESIAN_POINT('',(172.31134420724,32.211541415175,
    1.00000008274E-07));
#12728 = DIRECTION('',(-0.,-0.,-1.));
#12729 = DIRECTION('',(-1.,0.,0.));
#12730 = DEFINITIONAL_REPRESENTATION('',(#12731),#12735);
#12731 = LINE('',#12732,#12733);
#12732 = CARTESIAN_POINT('',(0.,2.4));
#12733 = VECTOR('',#12734,1.);
#12734 = DIRECTION('',(-0.474099823035,-0.880471099922));
#12735 = ( GEOMETRIC_REPRESENTATION_CONTEXT(2) 
PARAMETRIC_REPRESENTATION_CONTEXT() REPRESENTATION_CONTEXT('2D SPACE',''
  ) );
#12736 = ADVANCED_FACE('',(#12737),#12699,.T.);
#12737 = FACE_BOUND('',#12738,.T.);
#12738 = EDGE_LOOP('',(#12739,#12740,#12763,#12791));
#12739 = ORIENTED_EDGE('',*,*,#12683,.T.);
#12740 = ORIENTED_EDGE('',*,*,#12741,.T.);
#12741 = EDGE_CURVE('',#12656,#12742,#12744,.T.);
#12742 = VERTEX_POINT('',#12743);
#12743 = CARTESIAN_POINT('',(174.71134420724,32.211541415175,0.4800001)
  );
#12744 = SURFACE_CURVE('',#12745,(#12749,#12756),.PCURVE_S1.);
#12745 = LINE('',#12746,#12747);
#12746 = CARTESIAN_POINT('',(173.15134420724,33.051541415175,0.4800001)
  );
#12747 = VECTOR('',#12748,1.);
#12748 = DIRECTION('',(0.880471099922,-0.474099823035,0.));
#12749 = PCURVE('',#12699,#12750);
#12750 = DEFINITIONAL_REPRESENTATION('',(#12751),#12755);
#12751 = LINE('',#12752,#12753);
#12752 = CARTESIAN_POINT('',(0.,-0.48));
#12753 = VECTOR('',#12754,1.);
#12754 = DIRECTION('',(1.,0.));
#12755 = ( GEOMETRIC_REPRESENTATION_CONTEXT(2) 
PARAMETRIC_REPRESENTATION_CONTEXT() REPRESENTATION_CONTEXT('2D SPACE',''
  ) );
#12756 = PCURVE('',#12671,#12757);
#12757 = DEFINITIONAL_REPRESENTATION('',(#12758),#12762);
#12758 = LINE('',#12759,#12760);
#12759 = CARTESIAN_POINT('',(-0.84,0.84));
#12760 = VECTOR('',#12761,1.);
#12761 = DIRECTION('',(-0.880471099922,-0.474099823035));
#12762 = ( GEOMETRIC_REPRESENTATION_CONTEXT(2) 
PARAMETRIC_REPRESENTATION_CONTEXT() REPRESENTATION_CONTEXT('2D SPACE',''
  ) );
#12763 = ORIENTED_EDGE('',*,*,#12764,.F.);
#12764 = EDGE_CURVE('',#12765,#12742,#12767,.T.);
#12765 = VERTEX_POINT('',#12766);
#12766 = CARTESIAN_POINT('',(174.71134420724,32.211541415175,
    1.00000008274E-07));
#12767 = SURFACE_CURVE('',#12768,(#12772,#12779),.PCURVE_S1.);
#12768 = LINE('',#12769,#12770);
#12769 = CARTESIAN_POINT('',(174.71134420724,32.211541415175,
    1.00000008274E-07));
#12770 = VECTOR('',#12771,1.);
#12771 = DIRECTION('',(0.,0.,1.));
#12772 = PCURVE('',#12699,#12773);
#12773 = DEFINITIONAL_REPRESENTATION('',(#12774),#12778);
#12774 = LINE('',#12775,#12776);
#12775 = CARTESIAN_POINT('',(1.771778767228,0.));
#12776 = VECTOR('',#12777,1.);
#12777 = DIRECTION('',(0.,-1.));
#12778 = ( GEOMETRIC_REPRESENTATION_CONTEXT(2) 
PARAMETRIC_REPRESENTATION_CONTEXT() REPRESENTATION_CONTEXT('2D SPACE',''
  ) );
#12779 = PCURVE('',#12780,#12785);
#12780 = PLANE('',#12781);
#12781 = AXIS2_PLACEMENT_3D('',#12782,#12783,#12784);
#12782 = CARTESIAN_POINT('',(174.71134420724,32.211541415175,
    1.00000008274E-07));
#12783 = DIRECTION('',(0.474099823035,-0.880471099922,0.));
#12784 = DIRECTION('',(-0.880471099922,-0.474099823035,0.));
#12785 = DEFINITIONAL_REPRESENTATION('',(#12786),#12790);
#12786 = LINE('',#12787,#12788);
#12787 = CARTESIAN_POINT('',(0.,0.));
#12788 = VECTOR('',#12789,1.);
#12789 = DIRECTION('',(0.,-1.));
#12790 = ( GEOMETRIC_REPRESENTATION_CONTEXT(2) 
PARAMETRIC_REPRESENTATION_CONTEXT() REPRESENTATION_CONTEXT('2D SPACE',''
  ) );
#12791 = ORIENTED_EDGE('',*,*,#12792,.F.);
#12792 = EDGE_CURVE('',#12684,#12765,#12793,.T.);
#12793 = SURFACE_CURVE('',#12794,(#12798,#12805),.PCURVE_S1.);
#12794 = LINE('',#12795,#12796);
#12795 = CARTESIAN_POINT('',(173.15134420724,33.051541415175,
    1.00000008274E-07));
#12796 = VECTOR('',#12797,1.);
#12797 = DIRECTION('',(0.880471099922,-0.474099823035,0.));
#12798 = PCURVE('',#12699,#12799);
#12799 = DEFINITIONAL_REPRESENTATION('',(#12800),#12804);
#12800 = LINE('',#12801,#12802);
#12801 = CARTESIAN_POINT('',(0.,0.));
#12802 = VECTOR('',#12803,1.);
#12803 = DIRECTION('',(1.,0.));
#12804 = ( GEOMETRIC_REPRESENTATION_CONTEXT(2) 
PARAMETRIC_REPRESENTATION_CONTEXT() REPRESENTATION_CONTEXT('2D SPACE',''
  ) );
#12805 = PCURVE('',#12725,#12806);
#12806 = DEFINITIONAL_REPRESENTATION('',(#12807),#12811);
#12807 = LINE('',#12808,#12809);
#12808 = CARTESIAN_POINT('',(-0.84,0.84));
#12809 = VECTOR('',#12810,1.);
#12810 = DIRECTION('',(-0.880471099922,-0.474099823035));
#12811 = ( GEOMETRIC_REPRESENTATION_CONTEXT(2) 
PARAMETRIC_REPRESENTATION_CONTEXT() REPRESENTATION_CONTEXT('2D SPACE',''
  ) );
#12812 = ADVANCED_FACE('',(#12813),#12780,.T.);
#12813 = FACE_BOUND('',#12814,.T.);
#12814 = EDGE_LOOP('',(#12815,#12816,#12839,#12867));
#12815 = ORIENTED_EDGE('',*,*,#12764,.T.);
#12816 = ORIENTED_EDGE('',*,*,#12817,.T.);
#12817 = EDGE_CURVE('',#12742,#12818,#12820,.T.);
#12818 = VERTEX_POINT('',#12819);
#12819 = CARTESIAN_POINT('',(173.15134420724,31.371541415175,0.4800001)
  );
#12820 = SURFACE_CURVE('',#12821,(#12825,#12832),.PCURVE_S1.);
#12821 = LINE('',#12822,#12823);
#12822 = CARTESIAN_POINT('',(174.71134420724,32.211541415175,0.4800001)
  );
#12823 = VECTOR('',#12824,1.);
#12824 = DIRECTION('',(-0.880471099922,-0.474099823035,0.));
#12825 = PCURVE('',#12780,#12826);
#12826 = DEFINITIONAL_REPRESENTATION('',(#12827),#12831);
#12827 = LINE('',#12828,#12829);
#12828 = CARTESIAN_POINT('',(0.,-0.48));
#12829 = VECTOR('',#12830,1.);
#12830 = DIRECTION('',(1.,0.));
#12831 = ( GEOMETRIC_REPRESENTATION_CONTEXT(2) 
PARAMETRIC_REPRESENTATION_CONTEXT() REPRESENTATION_CONTEXT('2D SPACE',''
  ) );
#12832 = PCURVE('',#12671,#12833);
#12833 = DEFINITIONAL_REPRESENTATION('',(#12834),#12838);
#12834 = LINE('',#12835,#12836);
#12835 = CARTESIAN_POINT('',(-2.4,0.));
#12836 = VECTOR('',#12837,1.);
#12837 = DIRECTION('',(0.880471099922,-0.474099823035));
#12838 = ( GEOMETRIC_REPRESENTATION_CONTEXT(2) 
PARAMETRIC_REPRESENTATION_CONTEXT() REPRESENTATION_CONTEXT('2D SPACE',''
  ) );
#12839 = ORIENTED_EDGE('',*,*,#12840,.F.);
#12840 = EDGE_CURVE('',#12841,#12818,#12843,.T.);
#12841 = VERTEX_POINT('',#12842);
#12842 = CARTESIAN_POINT('',(173.15134420724,31.371541415175,
    1.00000008274E-07));
#12843 = SURFACE_CURVE('',#12844,(#12848,#12855),.PCURVE_S1.);
#12844 = LINE('',#12845,#12846);
#12845 = CARTESIAN_POINT('',(173.15134420724,31.371541415175,
    1.00000008274E-07));
#12846 = VECTOR('',#12847,1.);
#12847 = DIRECTION('',(0.,0.,1.));
#12848 = PCURVE('',#12780,#12849);
#12849 = DEFINITIONAL_REPRESENTATION('',(#12850),#12854);
#12850 = LINE('',#12851,#12852);
#12851 = CARTESIAN_POINT('',(1.771778767228,0.));
#12852 = VECTOR('',#12853,1.);
#12853 = DIRECTION('',(0.,-1.));
#12854 = ( GEOMETRIC_REPRESENTATION_CONTEXT(2) 
PARAMETRIC_REPRESENTATION_CONTEXT() REPRESENTATION_CONTEXT('2D SPACE',''
  ) );
#12855 = PCURVE('',#12856,#12861);
#12856 = PLANE('',#12857);
#12857 = AXIS2_PLACEMENT_3D('',#12858,#12859,#12860);
#12858 = CARTESIAN_POINT('',(173.15134420724,31.371541415175,
    1.00000008274E-07));
#12859 = DIRECTION('',(0.880471099922,-0.474099823035,0.));
#12860 = DIRECTION('',(-0.474099823035,-0.880471099922,0.));
#12861 = DEFINITIONAL_REPRESENTATION('',(#12862),#12866);
#12862 = LINE('',#12863,#12864);
#12863 = CARTESIAN_POINT('',(0.,0.));
#12864 = VECTOR('',#12865,1.);
#12865 = DIRECTION('',(0.,-1.));
#12866 = ( GEOMETRIC_REPRESENTATION_CONTEXT(2) 
PARAMETRIC_REPRESENTATION_CONTEXT() REPRESENTATION_CONTEXT('2D SPACE',''
  ) );
#12867 = ORIENTED_EDGE('',*,*,#12868,.F.);
#12868 = EDGE_CURVE('',#12765,#12841,#12869,.T.);
#12869 = SURFACE_CURVE('',#12870,(#12874,#12881),.PCURVE_S1.);
#12870 = LINE('',#12871,#12872);
#12871 = CARTESIAN_POINT('',(174.71134420724,32.211541415175,
    1.00000008274E-07));
#12872 = VECTOR('',#12873,1.);
#12873 = DIRECTION('',(-0.880471099922,-0.474099823035,0.));
#12874 = PCURVE('',#12780,#12875);
#12875 = DEFINITIONAL_REPRESENTATION('',(#12876),#12880);
#12876 = LINE('',#12877,#12878);
#12877 = CARTESIAN_POINT('',(0.,0.));
#12878 = VECTOR('',#12879,1.);
#12879 = DIRECTION('',(1.,0.));
#12880 = ( GEOMETRIC_REPRESENTATION_CONTEXT(2) 
PARAMETRIC_REPRESENTATION_CONTEXT() REPRESENTATION_CONTEXT('2D SPACE',''
  ) );
#12881 = PCURVE('',#12725,#12882);
#12882 = DEFINITIONAL_REPRESENTATION('',(#12883),#12887);
#12883 = LINE('',#12884,#12885);
#12884 = CARTESIAN_POINT('',(-2.4,0.));
#12885 = VECTOR('',#12886,1.);
#12886 = DIRECTION('',(0.880471099922,-0.474099823035));
#12887 = ( GEOMETRIC_REPRESENTATION_CONTEXT(2) 
PARAMETRIC_REPRESENTATION_CONTEXT() REPRESENTATION_CONTEXT('2D SPACE',''
  ) );
#12888 = ADVANCED_FACE('',(#12889),#12856,.T.);
#12889 = FACE_BOUND('',#12890,.T.);
#12890 = EDGE_LOOP('',(#12891,#12892,#12915,#12943));
#12891 = ORIENTED_EDGE('',*,*,#12840,.T.);
#12892 = ORIENTED_EDGE('',*,*,#12893,.T.);
#12893 = EDGE_CURVE('',#12818,#12894,#12896,.T.);
#12894 = VERTEX_POINT('',#12895);
#12895 = CARTESIAN_POINT('',(172.31134420724,29.811541415175,0.4800001)
  );
#12896 = SURFACE_CURVE('',#12897,(#12901,#12908),.PCURVE_S1.);
#12897 = LINE('',#12898,#12899);
#12898 = CARTESIAN_POINT('',(173.15134420724,31.371541415175,0.4800001)
  );
#12899 = VECTOR('',#12900,1.);
#12900 = DIRECTION('',(-0.474099823035,-0.880471099922,0.));
#12901 = PCURVE('',#12856,#12902);
#12902 = DEFINITIONAL_REPRESENTATION('',(#12903),#12907);
#12903 = LINE('',#12904,#12905);
#12904 = CARTESIAN_POINT('',(0.,-0.48));
#12905 = VECTOR('',#12906,1.);
#12906 = DIRECTION('',(1.,0.));
#12907 = ( GEOMETRIC_REPRESENTATION_CONTEXT(2) 
PARAMETRIC_REPRESENTATION_CONTEXT() REPRESENTATION_CONTEXT('2D SPACE',''
  ) );
#12908 = PCURVE('',#12671,#12909);
#12909 = DEFINITIONAL_REPRESENTATION('',(#12910),#12914);
#12910 = LINE('',#12911,#12912);
#12911 = CARTESIAN_POINT('',(-0.84,-0.84));
#12912 = VECTOR('',#12913,1.);
#12913 = DIRECTION('',(0.474099823035,-0.880471099922));
#12914 = ( GEOMETRIC_REPRESENTATION_CONTEXT(2) 
PARAMETRIC_REPRESENTATION_CONTEXT() REPRESENTATION_CONTEXT('2D SPACE',''
  ) );
#12915 = ORIENTED_EDGE('',*,*,#12916,.F.);
#12916 = EDGE_CURVE('',#12917,#12894,#12919,.T.);
#12917 = VERTEX_POINT('',#12918);
#12918 = CARTESIAN_POINT('',(172.31134420724,29.811541415175,
    1.00000008274E-07));
#12919 = SURFACE_CURVE('',#12920,(#12924,#12931),.PCURVE_S1.);
#12920 = LINE('',#12921,#12922);
#12921 = CARTESIAN_POINT('',(172.31134420724,29.811541415175,
    1.00000008274E-07));
#12922 = VECTOR('',#12923,1.);
#12923 = DIRECTION('',(0.,0.,1.));
#12924 = PCURVE('',#12856,#12925);
#12925 = DEFINITIONAL_REPRESENTATION('',(#12926),#12930);
#12926 = LINE('',#12927,#12928);
#12927 = CARTESIAN_POINT('',(1.771778767228,0.));
#12928 = VECTOR('',#12929,1.);
#12929 = DIRECTION('',(0.,-1.));
#12930 = ( GEOMETRIC_REPRESENTATION_CONTEXT(2) 
PARAMETRIC_REPRESENTATION_CONTEXT() REPRESENTATION_CONTEXT('2D SPACE',''
  ) );
#12931 = PCURVE('',#12932,#12937);
#12932 = PLANE('',#12933);
#12933 = AXIS2_PLACEMENT_3D('',#12934,#12935,#12936);
#12934 = CARTESIAN_POINT('',(172.31134420724,29.811541415175,
    1.00000008274E-07));
#12935 = DIRECTION('',(-0.880471099922,-0.474099823035,0.));
#12936 = DIRECTION('',(-0.474099823035,0.880471099922,0.));
#12937 = DEFINITIONAL_REPRESENTATION('',(#12938),#12942);
#12938 = LINE('',#12939,#12940);
#12939 = CARTESIAN_POINT('',(0.,0.));
#12940 = VECTOR('',#12941,1.);
#12941 = DIRECTION('',(0.,-1.));
#12942 = ( GEOMETRIC_REPRESENTATION_CONTEXT(2) 
PARAMETRIC_REPRESENTATION_CONTEXT() REPRESENTATION_CONTEXT('2D SPACE',''
  ) );
#12943 = ORIENTED_EDGE('',*,*,#12944,.F.);
#12944 = EDGE_CURVE('',#12841,#12917,#12945,.T.);
#12945 = SURFACE_CURVE('',#12946,(#12950,#12957),.PCURVE_S1.);
#12946 = LINE('',#12947,#12948);
#12947 = CARTESIAN_POINT('',(173.15134420724,31.371541415175,
    1.00000008274E-07));
#12948 = VECTOR('',#12949,1.);
#12949 = DIRECTION('',(-0.474099823035,-0.880471099922,0.));
#12950 = PCURVE('',#12856,#12951);
#12951 = DEFINITIONAL_REPRESENTATION('',(#12952),#12956);
#12952 = LINE('',#12953,#12954);
#12953 = CARTESIAN_POINT('',(0.,0.));
#12954 = VECTOR('',#12955,1.);
#12955 = DIRECTION('',(1.,0.));
#12956 = ( GEOMETRIC_REPRESENTATION_CONTEXT(2) 
PARAMETRIC_REPRESENTATION_CONTEXT() REPRESENTATION_CONTEXT('2D SPACE',''
  ) );
#12957 = PCURVE('',#12725,#12958);
#12958 = DEFINITIONAL_REPRESENTATION('',(#12959),#12963);
#12959 = LINE('',#12960,#12961);
#12960 = CARTESIAN_POINT('',(-0.84,-0.84));
#12961 = VECTOR('',#12962,1.);
#12962 = DIRECTION('',(0.474099823035,-0.880471099922));
#12963 = ( GEOMETRIC_REPRESENTATION_CONTEXT(2) 
PARAMETRIC_REPRESENTATION_CONTEXT() REPRESENTATION_CONTEXT('2D SPACE',''
  ) );
#12964 = ADVANCED_FACE('',(#12965),#12932,.T.);
#12965 = FACE_BOUND('',#12966,.T.);
#12966 = EDGE_LOOP('',(#12967,#12968,#12991,#13019));
#12967 = ORIENTED_EDGE('',*,*,#12916,.T.);
#12968 = ORIENTED_EDGE('',*,*,#12969,.T.);
#12969 = EDGE_CURVE('',#12894,#12970,#12972,.T.);
#12970 = VERTEX_POINT('',#12971);
#12971 = CARTESIAN_POINT('',(171.47134420724,31.371541415175,0.4800001)
  );
#12972 = SURFACE_CURVE('',#12973,(#12977,#12984),.PCURVE_S1.);
#12973 = LINE('',#12974,#12975);
#12974 = CARTESIAN_POINT('',(172.31134420724,29.811541415175,0.4800001)
  );
#12975 = VECTOR('',#12976,1.);
#12976 = DIRECTION('',(-0.474099823035,0.880471099922,0.));
#12977 = PCURVE('',#12932,#12978);
#12978 = DEFINITIONAL_REPRESENTATION('',(#12979),#12983);
#12979 = LINE('',#12980,#12981);
#12980 = CARTESIAN_POINT('',(0.,-0.48));
#12981 = VECTOR('',#12982,1.);
#12982 = DIRECTION('',(1.,0.));
#12983 = ( GEOMETRIC_REPRESENTATION_CONTEXT(2) 
PARAMETRIC_REPRESENTATION_CONTEXT() REPRESENTATION_CONTEXT('2D SPACE',''
  ) );
#12984 = PCURVE('',#12671,#12985);
#12985 = DEFINITIONAL_REPRESENTATION('',(#12986),#12990);
#12986 = LINE('',#12987,#12988);
#12987 = CARTESIAN_POINT('',(0.,-2.4));
#12988 = VECTOR('',#12989,1.);
#12989 = DIRECTION('',(0.474099823035,0.880471099922));
#12990 = ( GEOMETRIC_REPRESENTATION_CONTEXT(2) 
PARAMETRIC_REPRESENTATION_CONTEXT() REPRESENTATION_CONTEXT('2D SPACE',''
  ) );
#12991 = ORIENTED_EDGE('',*,*,#12992,.F.);
#12992 = EDGE_CURVE('',#12993,#12970,#12995,.T.);
#12993 = VERTEX_POINT('',#12994);
#12994 = CARTESIAN_POINT('',(171.47134420724,31.371541415175,
    1.00000008274E-07));
#12995 = SURFACE_CURVE('',#12996,(#13000,#13007),.PCURVE_S1.);
#12996 = LINE('',#12997,#12998);
#12997 = CARTESIAN_POINT('',(171.47134420724,31.371541415175,
    1.00000008274E-07));
#12998 = VECTOR('',#12999,1.);
#12999 = DIRECTION('',(0.,0.,1.));
#13000 = PCURVE('',#12932,#13001);
#13001 = DEFINITIONAL_REPRESENTATION('',(#13002),#13006);
#13002 = LINE('',#13003,#13004);
#13003 = CARTESIAN_POINT('',(1.771778767228,0.));
#13004 = VECTOR('',#13005,1.);
#13005 = DIRECTION('',(0.,-1.));
#13006 = ( GEOMETRIC_REPRESENTATION_CONTEXT(2) 
PARAMETRIC_REPRESENTATION_CONTEXT() REPRESENTATION_CONTEXT('2D SPACE',''
  ) );
#13007 = PCURVE('',#13008,#13013);
#13008 = PLANE('',#13009);
#13009 = AXIS2_PLACEMENT_3D('',#13010,#13011,#13012);
#13010 = CARTESIAN_POINT('',(171.47134420724,31.371541415175,
    1.00000008274E-07));
#13011 = DIRECTION('',(-0.474099823035,-0.880471099922,0.));
#13012 = DIRECTION('',(-0.880471099922,0.474099823035,0.));
#13013 = DEFINITIONAL_REPRESENTATION('',(#13014),#13018);
#13014 = LINE('',#13015,#13016);
#13015 = CARTESIAN_POINT('',(0.,0.));
#13016 = VECTOR('',#13017,1.);
#13017 = DIRECTION('',(0.,-1.));
#13018 = ( GEOMETRIC_REPRESENTATION_CONTEXT(2) 
PARAMETRIC_REPRESENTATION_CONTEXT() REPRESENTATION_CONTEXT('2D SPACE',''
  ) );
#13019 = ORIENTED_EDGE('',*,*,#13020,.F.);
#13020 = EDGE_CURVE('',#12917,#12993,#13021,.T.);
#13021 = SURFACE_CURVE('',#13022,(#13026,#13033),.PCURVE_S1.);
#13022 = LINE('',#13023,#13024);
#13023 = CARTESIAN_POINT('',(172.31134420724,29.811541415175,
    1.00000008274E-07));
#13024 = VECTOR('',#13025,1.);
#13025 = DIRECTION('',(-0.474099823035,0.880471099922,0.));
#13026 = PCURVE('',#12932,#13027);
#13027 = DEFINITIONAL_REPRESENTATION('',(#13028),#13032);
#13028 = LINE('',#13029,#13030);
#13029 = CARTESIAN_POINT('',(0.,0.));
#13030 = VECTOR('',#13031,1.);
#13031 = DIRECTION('',(1.,0.));
#13032 = ( GEOMETRIC_REPRESENTATION_CONTEXT(2) 
PARAMETRIC_REPRESENTATION_CONTEXT() REPRESENTATION_CONTEXT('2D SPACE',''
  ) );
#13033 = PCURVE('',#12725,#13034);
#13034 = DEFINITIONAL_REPRESENTATION('',(#13035),#13039);
#13035 = LINE('',#13036,#13037);
#13036 = CARTESIAN_POINT('',(0.,-2.4));
#13037 = VECTOR('',#13038,1.);
#13038 = DIRECTION('',(0.474099823035,0.880471099922));
#13039 = ( GEOMETRIC_REPRESENTATION_CONTEXT(2) 
PARAMETRIC_REPRESENTATION_CONTEXT() REPRESENTATION_CONTEXT('2D SPACE',''
  ) );
#13040 = ADVANCED_FACE('',(#13041),#13008,.T.);
#13041 = FACE_BOUND('',#13042,.T.);
#13042 = EDGE_LOOP('',(#13043,#13044,#13067,#13095));
#13043 = ORIENTED_EDGE('',*,*,#12992,.T.);
#13044 = ORIENTED_EDGE('',*,*,#13045,.T.);
#13045 = EDGE_CURVE('',#12970,#13046,#13048,.T.);
#13046 = VERTEX_POINT('',#13047);
#13047 = CARTESIAN_POINT('',(169.91134420724,32.211541415175,0.4800001)
  );
#13048 = SURFACE_CURVE('',#13049,(#13053,#13060),.PCURVE_S1.);
#13049 = LINE('',#13050,#13051);
#13050 = CARTESIAN_POINT('',(171.47134420724,31.371541415175,0.4800001)
  );
#13051 = VECTOR('',#13052,1.);
#13052 = DIRECTION('',(-0.880471099922,0.474099823035,0.));
#13053 = PCURVE('',#13008,#13054);
#13054 = DEFINITIONAL_REPRESENTATION('',(#13055),#13059);
#13055 = LINE('',#13056,#13057);
#13056 = CARTESIAN_POINT('',(0.,-0.48));
#13057 = VECTOR('',#13058,1.);
#13058 = DIRECTION('',(1.,0.));
#13059 = ( GEOMETRIC_REPRESENTATION_CONTEXT(2) 
PARAMETRIC_REPRESENTATION_CONTEXT() REPRESENTATION_CONTEXT('2D SPACE',''
  ) );
#13060 = PCURVE('',#12671,#13061);
#13061 = DEFINITIONAL_REPRESENTATION('',(#13062),#13066);
#13062 = LINE('',#13063,#13064);
#13063 = CARTESIAN_POINT('',(0.84,-0.84));
#13064 = VECTOR('',#13065,1.);
#13065 = DIRECTION('',(0.880471099922,0.474099823035));
#13066 = ( GEOMETRIC_REPRESENTATION_CONTEXT(2) 
PARAMETRIC_REPRESENTATION_CONTEXT() REPRESENTATION_CONTEXT('2D SPACE',''
  ) );
#13067 = ORIENTED_EDGE('',*,*,#13068,.F.);
#13068 = EDGE_CURVE('',#13069,#13046,#13071,.T.);
#13069 = VERTEX_POINT('',#13070);
#13070 = CARTESIAN_POINT('',(169.91134420724,32.211541415175,
    1.00000008274E-07));
#13071 = SURFACE_CURVE('',#13072,(#13076,#13083),.PCURVE_S1.);
#13072 = LINE('',#13073,#13074);
#13073 = CARTESIAN_POINT('',(169.91134420724,32.211541415175,
    1.00000008274E-07));
#13074 = VECTOR('',#13075,1.);
#13075 = DIRECTION('',(0.,0.,1.));
#13076 = PCURVE('',#13008,#13077);
#13077 = DEFINITIONAL_REPRESENTATION('',(#13078),#13082);
#13078 = LINE('',#13079,#13080);
#13079 = CARTESIAN_POINT('',(1.771778767228,0.));
#13080 = VECTOR('',#13081,1.);
#13081 = DIRECTION('',(0.,-1.));
#13082 = ( GEOMETRIC_REPRESENTATION_CONTEXT(2) 
PARAMETRIC_REPRESENTATION_CONTEXT() REPRESENTATION_CONTEXT('2D SPACE',''
  ) );
#13083 = PCURVE('',#13084,#13089);
#13084 = PLANE('',#13085);
#13085 = AXIS2_PLACEMENT_3D('',#13086,#13087,#13088);
#13086 = CARTESIAN_POINT('',(169.91134420724,32.211541415175,
    1.00000008274E-07));
#13087 = DIRECTION('',(-0.474099823035,0.880471099922,0.));
#13088 = DIRECTION('',(0.880471099922,0.474099823035,0.));
#13089 = DEFINITIONAL_REPRESENTATION('',(#13090),#13094);
#13090 = LINE('',#13091,#13092);
#13091 = CARTESIAN_POINT('',(0.,0.));
#13092 = VECTOR('',#13093,1.);
#13093 = DIRECTION('',(0.,-1.));
#13094 = ( GEOMETRIC_REPRESENTATION_CONTEXT(2) 
PARAMETRIC_REPRESENTATION_CONTEXT() REPRESENTATION_CONTEXT('2D SPACE',''
  ) );
#13095 = ORIENTED_EDGE('',*,*,#13096,.F.);
#13096 = EDGE_CURVE('',#12993,#13069,#13097,.T.);
#13097 = SURFACE_CURVE('',#13098,(#13102,#13109),.PCURVE_S1.);
#13098 = LINE('',#13099,#13100);
#13099 = CARTESIAN_POINT('',(171.47134420724,31.371541415175,
    1.00000008274E-07));
#13100 = VECTOR('',#13101,1.);
#13101 = DIRECTION('',(-0.880471099922,0.474099823035,0.));
#13102 = PCURVE('',#13008,#13103);
#13103 = DEFINITIONAL_REPRESENTATION('',(#13104),#13108);
#13104 = LINE('',#13105,#13106);
#13105 = CARTESIAN_POINT('',(0.,0.));
#13106 = VECTOR('',#13107,1.);
#13107 = DIRECTION('',(1.,0.));
#13108 = ( GEOMETRIC_REPRESENTATION_CONTEXT(2) 
PARAMETRIC_REPRESENTATION_CONTEXT() REPRESENTATION_CONTEXT('2D SPACE',''
  ) );
#13109 = PCURVE('',#12725,#13110);
#13110 = DEFINITIONAL_REPRESENTATION('',(#13111),#13115);
#13111 = LINE('',#13112,#13113);
#13112 = CARTESIAN_POINT('',(0.84,-0.84));
#13113 = VECTOR('',#13114,1.);
#13114 = DIRECTION('',(0.880471099922,0.474099823035));
#13115 = ( GEOMETRIC_REPRESENTATION_CONTEXT(2) 
PARAMETRIC_REPRESENTATION_CONTEXT() REPRESENTATION_CONTEXT('2D SPACE',''
  ) );
#13116 = ADVANCED_FACE('',(#13117),#13084,.T.);
#13117 = FACE_BOUND('',#13118,.T.);
#13118 = EDGE_LOOP('',(#13119,#13120,#13143,#13166));
#13119 = ORIENTED_EDGE('',*,*,#13068,.T.);
#13120 = ORIENTED_EDGE('',*,*,#13121,.T.);
#13121 = EDGE_CURVE('',#13046,#13122,#13124,.T.);
#13122 = VERTEX_POINT('',#13123);
#13123 = CARTESIAN_POINT('',(171.47134420724,33.051541415175,0.4800001)
  );
#13124 = SURFACE_CURVE('',#13125,(#13129,#13136),.PCURVE_S1.);
#13125 = LINE('',#13126,#13127);
#13126 = CARTESIAN_POINT('',(169.91134420724,32.211541415175,0.4800001)
  );
#13127 = VECTOR('',#13128,1.);
#13128 = DIRECTION('',(0.880471099922,0.474099823035,0.));
#13129 = PCURVE('',#13084,#13130);
#13130 = DEFINITIONAL_REPRESENTATION('',(#13131),#13135);
#13131 = LINE('',#13132,#13133);
#13132 = CARTESIAN_POINT('',(0.,-0.48));
#13133 = VECTOR('',#13134,1.);
#13134 = DIRECTION('',(1.,0.));
#13135 = ( GEOMETRIC_REPRESENTATION_CONTEXT(2) 
PARAMETRIC_REPRESENTATION_CONTEXT() REPRESENTATION_CONTEXT('2D SPACE',''
  ) );
#13136 = PCURVE('',#12671,#13137);
#13137 = DEFINITIONAL_REPRESENTATION('',(#13138),#13142);
#13138 = LINE('',#13139,#13140);
#13139 = CARTESIAN_POINT('',(2.4,0.));
#13140 = VECTOR('',#13141,1.);
#13141 = DIRECTION('',(-0.880471099922,0.474099823035));
#13142 = ( GEOMETRIC_REPRESENTATION_CONTEXT(2) 
PARAMETRIC_REPRESENTATION_CONTEXT() REPRESENTATION_CONTEXT('2D SPACE',''
  ) );
#13143 = ORIENTED_EDGE('',*,*,#13144,.F.);
#13144 = EDGE_CURVE('',#13145,#13122,#13147,.T.);
#13145 = VERTEX_POINT('',#13146);
#13146 = CARTESIAN_POINT('',(171.47134420724,33.051541415175,
    1.00000008274E-07));
#13147 = SURFACE_CURVE('',#13148,(#13152,#13159),.PCURVE_S1.);
#13148 = LINE('',#13149,#13150);
#13149 = CARTESIAN_POINT('',(171.47134420724,33.051541415175,
    1.00000008274E-07));
#13150 = VECTOR('',#13151,1.);
#13151 = DIRECTION('',(0.,0.,1.));
#13152 = PCURVE('',#13084,#13153);
#13153 = DEFINITIONAL_REPRESENTATION('',(#13154),#13158);
#13154 = LINE('',#13155,#13156);
#13155 = CARTESIAN_POINT('',(1.771778767228,0.));
#13156 = VECTOR('',#13157,1.);
#13157 = DIRECTION('',(0.,-1.));
#13158 = ( GEOMETRIC_REPRESENTATION_CONTEXT(2) 
PARAMETRIC_REPRESENTATION_CONTEXT() REPRESENTATION_CONTEXT('2D SPACE',''
  ) );
#13159 = PCURVE('',#12643,#13160);
#13160 = DEFINITIONAL_REPRESENTATION('',(#13161),#13165);
#13161 = LINE('',#13162,#13163);
#13162 = CARTESIAN_POINT('',(0.,0.));
#13163 = VECTOR('',#13164,1.);
#13164 = DIRECTION('',(0.,-1.));
#13165 = ( GEOMETRIC_REPRESENTATION_CONTEXT(2) 
PARAMETRIC_REPRESENTATION_CONTEXT() REPRESENTATION_CONTEXT('2D SPACE',''
  ) );
#13166 = ORIENTED_EDGE('',*,*,#13167,.F.);
#13167 = EDGE_CURVE('',#13069,#13145,#13168,.T.);
#13168 = SURFACE_CURVE('',#13169,(#13173,#13180),.PCURVE_S1.);
#13169 = LINE('',#13170,#13171);
#13170 = CARTESIAN_POINT('',(169.91134420724,32.211541415175,
    1.00000008274E-07));
#13171 = VECTOR('',#13172,1.);
#13172 = DIRECTION('',(0.880471099922,0.474099823035,0.));
#13173 = PCURVE('',#13084,#13174);
#13174 = DEFINITIONAL_REPRESENTATION('',(#13175),#13179);
#13175 = LINE('',#13176,#13177);
#13176 = CARTESIAN_POINT('',(0.,0.));
#13177 = VECTOR('',#13178,1.);
#13178 = DIRECTION('',(1.,0.));
#13179 = ( GEOMETRIC_REPRESENTATION_CONTEXT(2) 
PARAMETRIC_REPRESENTATION_CONTEXT() REPRESENTATION_CONTEXT('2D SPACE',''
  ) );
#13180 = PCURVE('',#12725,#13181);
#13181 = DEFINITIONAL_REPRESENTATION('',(#13182),#13186);
#13182 = LINE('',#13183,#13184);
#13183 = CARTESIAN_POINT('',(2.4,0.));
#13184 = VECTOR('',#13185,1.);
#13185 = DIRECTION('',(-0.880471099922,0.474099823035));
#13186 = ( GEOMETRIC_REPRESENTATION_CONTEXT(2) 
PARAMETRIC_REPRESENTATION_CONTEXT() REPRESENTATION_CONTEXT('2D SPACE',''
  ) );
#13187 = ADVANCED_FACE('',(#13188),#12643,.T.);
#13188 = FACE_BOUND('',#13189,.T.);
#13189 = EDGE_LOOP('',(#13190,#13191,#13212,#13213));
#13190 = ORIENTED_EDGE('',*,*,#13144,.T.);
#13191 = ORIENTED_EDGE('',*,*,#13192,.T.);
#13192 = EDGE_CURVE('',#13122,#12623,#13193,.T.);
#13193 = SURFACE_CURVE('',#13194,(#13198,#13205),.PCURVE_S1.);
#13194 = LINE('',#13195,#13196);
#13195 = CARTESIAN_POINT('',(171.47134420724,33.051541415175,0.4800001)
  );
#13196 = VECTOR('',#13197,1.);
#13197 = DIRECTION('',(0.474099823035,0.880471099922,0.));
#13198 = PCURVE('',#12643,#13199);
#13199 = DEFINITIONAL_REPRESENTATION('',(#13200),#13204);
#13200 = LINE('',#13201,#13202);
#13201 = CARTESIAN_POINT('',(0.,-0.48));
#13202 = VECTOR('',#13203,1.);
#13203 = DIRECTION('',(1.,0.));
#13204 = ( GEOMETRIC_REPRESENTATION_CONTEXT(2) 
PARAMETRIC_REPRESENTATION_CONTEXT() REPRESENTATION_CONTEXT('2D SPACE',''
  ) );
#13205 = PCURVE('',#12671,#13206);
#13206 = DEFINITIONAL_REPRESENTATION('',(#13207),#13211);
#13207 = LINE('',#13208,#13209);
#13208 = CARTESIAN_POINT('',(0.84,0.84));
#13209 = VECTOR('',#13210,1.);
#13210 = DIRECTION('',(-0.474099823035,0.880471099922));
#13211 = ( GEOMETRIC_REPRESENTATION_CONTEXT(2) 
PARAMETRIC_REPRESENTATION_CONTEXT() REPRESENTATION_CONTEXT('2D SPACE',''
  ) );
#13212 = ORIENTED_EDGE('',*,*,#12620,.F.);
#13213 = ORIENTED_EDGE('',*,*,#13214,.F.);
#13214 = EDGE_CURVE('',#13145,#12621,#13215,.T.);
#13215 = SURFACE_CURVE('',#13216,(#13220,#13227),.PCURVE_S1.);
#13216 = LINE('',#13217,#13218);
#13217 = CARTESIAN_POINT('',(171.47134420724,33.051541415175,
    1.00000008274E-07));
#13218 = VECTOR('',#13219,1.);
#13219 = DIRECTION('',(0.474099823035,0.880471099922,0.));
#13220 = PCURVE('',#12643,#13221);
#13221 = DEFINITIONAL_REPRESENTATION('',(#13222),#13226);
#13222 = LINE('',#13223,#13224);
#13223 = CARTESIAN_POINT('',(0.,0.));
#13224 = VECTOR('',#13225,1.);
#13225 = DIRECTION('',(1.,0.));
#13226 = ( GEOMETRIC_REPRESENTATION_CONTEXT(2) 
PARAMETRIC_REPRESENTATION_CONTEXT() REPRESENTATION_CONTEXT('2D SPACE',''
  ) );
#13227 = PCURVE('',#12725,#13228);
#13228 = DEFINITIONAL_REPRESENTATION('',(#13229),#13233);
#13229 = LINE('',#13230,#13231);
#13230 = CARTESIAN_POINT('',(0.84,0.84));
#13231 = VECTOR('',#13232,1.);
#13232 = DIRECTION('',(-0.474099823035,0.880471099922));
#13233 = ( GEOMETRIC_REPRESENTATION_CONTEXT(2) 
PARAMETRIC_REPRESENTATION_CONTEXT() REPRESENTATION_CONTEXT('2D SPACE',''
  ) );
#13234 = ADVANCED_FACE('',(#13235),#12725,.T.);
#13235 = FACE_BOUND('',#13236,.T.);
#13236 = EDGE_LOOP('',(#13237,#13238,#13239,#13240,#13241,#13242,#13243,
    #13244));
#13237 = ORIENTED_EDGE('',*,*,#12711,.T.);
#13238 = ORIENTED_EDGE('',*,*,#12792,.T.);
#13239 = ORIENTED_EDGE('',*,*,#12868,.T.);
#13240 = ORIENTED_EDGE('',*,*,#12944,.T.);
#13241 = ORIENTED_EDGE('',*,*,#13020,.T.);
#13242 = ORIENTED_EDGE('',*,*,#13096,.T.);
#13243 = ORIENTED_EDGE('',*,*,#13167,.T.);
#13244 = ORIENTED_EDGE('',*,*,#13214,.T.);
#13245 = ADVANCED_FACE('',(#13246),#12671,.F.);
#13246 = FACE_BOUND('',#13247,.F.);
#13247 = EDGE_LOOP('',(#13248,#13249,#13250,#13251,#13252,#13253,#13254,
    #13255));
#13248 = ORIENTED_EDGE('',*,*,#12655,.T.);
#13249 = ORIENTED_EDGE('',*,*,#12741,.T.);
#13250 = ORIENTED_EDGE('',*,*,#12817,.T.);
#13251 = ORIENTED_EDGE('',*,*,#12893,.T.);
#13252 = ORIENTED_EDGE('',*,*,#12969,.T.);
#13253 = ORIENTED_EDGE('',*,*,#13045,.T.);
#13254 = ORIENTED_EDGE('',*,*,#13121,.T.);
#13255 = ORIENTED_EDGE('',*,*,#13192,.T.);
#13256 = ( GEOMETRIC_REPRESENTATION_CONTEXT(3) 
GLOBAL_UNCERTAINTY_ASSIGNED_CONTEXT((#13260)) 
GLOBAL_UNIT_ASSIGNED_CONTEXT((#13257,#13258,#13259)) 
REPRESENTATION_CONTEXT('Context #1',
  '3D Context with UNIT and UNCERTAINTY') );
#13257 = ( LENGTH_UNIT() NAMED_UNIT(*) SI_UNIT(.MILLI.,.METRE.) );
#13258 = ( NAMED_UNIT(*) PLANE_ANGLE_UNIT() SI_UNIT($,.RADIAN.) );
#13259 = ( NAMED_UNIT(*) SI_UNIT($,.STERADIAN.) SOLID_ANGLE_UNIT() );
#13260 = UNCERTAINTY_MEASURE_WITH_UNIT(LENGTH_MEASURE(1.E-07),#13257,
  'distance_accuracy_value','confusion accuracy');
#13261 = CONTEXT_DEPENDENT_SHAPE_REPRESENTATION(#13262,#13264);
#13262 = ( REPRESENTATION_RELATIONSHIP('','',#12613,#10) 
REPRESENTATION_RELATIONSHIP_WITH_TRANSFORMATION(#13263) 
SHAPE_REPRESENTATION_RELATIONSHIP() );
#13263 = ITEM_DEFINED_TRANSFORMATION('','',#11,#91);
#13264 = PRODUCT_DEFINITION_SHAPE('Placement','Placement of an item',
  #13265);
#13265 = NEXT_ASSEMBLY_USAGE_OCCURRENCE('270','','',#5,#12608,$);
#13266 = PRODUCT_RELATED_PRODUCT_CATEGORY('part',$,(#12610));
#13267 = SHAPE_DEFINITION_REPRESENTATION(#13268,#13274);
#13268 = PRODUCT_DEFINITION_SHAPE('','',#13269);
#13269 = PRODUCT_DEFINITION('design','',#13270,#13273);
#13270 = PRODUCT_DEFINITION_FORMATION('','',#13271);
#13271 = PRODUCT('Open CASCADE STEP translator 7.8 2.21',
  'Open CASCADE STEP translator 7.8 2.21','',(#13272));
#13272 = PRODUCT_CONTEXT('',#2,'mechanical');
#13273 = PRODUCT_DEFINITION_CONTEXT('part definition',#2,'design');
#13274 = ADVANCED_BREP_SHAPE_REPRESENTATION('',(#11,#13275),#13917);
#13275 = MANIFOLD_SOLID_BREP('',#13276);
#13276 = CLOSED_SHELL('',(#13277,#13397,#13473,#13549,#13625,#13701,
    #13777,#13848,#13895,#13906));
#13277 = ADVANCED_FACE('',(#13278),#13292,.T.);
#13278 = FACE_BOUND('',#13279,.T.);
#13279 = EDGE_LOOP('',(#13280,#13315,#13343,#13371));
#13280 = ORIENTED_EDGE('',*,*,#13281,.T.);
#13281 = EDGE_CURVE('',#13282,#13284,#13286,.T.);
#13282 = VERTEX_POINT('',#13283);
#13283 = CARTESIAN_POINT('',(2.3000001,56.131541615175,1.00000008274E-07
    ));
#13284 = VERTEX_POINT('',#13285);
#13285 = CARTESIAN_POINT('',(2.3000001,56.131541615175,0.4800001));
#13286 = SURFACE_CURVE('',#13287,(#13291,#13303),.PCURVE_S1.);
#13287 = LINE('',#13288,#13289);
#13288 = CARTESIAN_POINT('',(2.3000001,56.131541615175,1.00000008274E-07
    ));
#13289 = VECTOR('',#13290,1.);
#13290 = DIRECTION('',(0.,0.,1.));
#13291 = PCURVE('',#13292,#13297);
#13292 = PLANE('',#13293);
#13293 = AXIS2_PLACEMENT_3D('',#13294,#13295,#13296);
#13294 = CARTESIAN_POINT('',(2.3000001,56.131541615175,1.00000008274E-07
    ));
#13295 = DIRECTION('',(0.880471099922,0.474099823035,-0.));
#13296 = DIRECTION('',(0.474099823035,-0.880471099922,0.));
#13297 = DEFINITIONAL_REPRESENTATION('',(#13298),#13302);
#13298 = LINE('',#13299,#13300);
#13299 = CARTESIAN_POINT('',(0.,0.));
#13300 = VECTOR('',#13301,1.);
#13301 = DIRECTION('',(0.,-1.));
#13302 = ( GEOMETRIC_REPRESENTATION_CONTEXT(2) 
PARAMETRIC_REPRESENTATION_CONTEXT() REPRESENTATION_CONTEXT('2D SPACE',''
  ) );
#13303 = PCURVE('',#13304,#13309);
#13304 = PLANE('',#13305);
#13305 = AXIS2_PLACEMENT_3D('',#13306,#13307,#13308);
#13306 = CARTESIAN_POINT('',(1.4950001,54.636541615175,1.00000008274E-07
    ));
#13307 = DIRECTION('',(-0.880471099922,0.474099823035,0.));
#13308 = DIRECTION('',(0.474099823035,0.880471099922,0.));
#13309 = DEFINITIONAL_REPRESENTATION('',(#13310),#13314);
#13310 = LINE('',#13311,#13312);
#13311 = CARTESIAN_POINT('',(1.697954651927,0.));
#13312 = VECTOR('',#13313,1.);
#13313 = DIRECTION('',(0.,-1.));
#13314 = ( GEOMETRIC_REPRESENTATION_CONTEXT(2) 
PARAMETRIC_REPRESENTATION_CONTEXT() REPRESENTATION_CONTEXT('2D SPACE',''
  ) );
#13315 = ORIENTED_EDGE('',*,*,#13316,.T.);
#13316 = EDGE_CURVE('',#13284,#13317,#13319,.T.);
#13317 = VERTEX_POINT('',#13318);
#13318 = CARTESIAN_POINT('',(3.1050001,54.636541615175,0.4800001));
#13319 = SURFACE_CURVE('',#13320,(#13324,#13331),.PCURVE_S1.);
#13320 = LINE('',#13321,#13322);
#13321 = CARTESIAN_POINT('',(2.3000001,56.131541615175,0.4800001));
#13322 = VECTOR('',#13323,1.);
#13323 = DIRECTION('',(0.474099823035,-0.880471099922,0.));
#13324 = PCURVE('',#13292,#13325);
#13325 = DEFINITIONAL_REPRESENTATION('',(#13326),#13330);
#13326 = LINE('',#13327,#13328);
#13327 = CARTESIAN_POINT('',(0.,-0.48));
#13328 = VECTOR('',#13329,1.);
#13329 = DIRECTION('',(1.,0.));
#13330 = ( GEOMETRIC_REPRESENTATION_CONTEXT(2) 
PARAMETRIC_REPRESENTATION_CONTEXT() REPRESENTATION_CONTEXT('2D SPACE',''
  ) );
#13331 = PCURVE('',#13332,#13337);
#13332 = PLANE('',#13333);
#13333 = AXIS2_PLACEMENT_3D('',#13334,#13335,#13336);
#13334 = CARTESIAN_POINT('',(2.3000001,53.831541615175,0.4800001));
#13335 = DIRECTION('',(-0.,-0.,-1.));
#13336 = DIRECTION('',(-1.,0.,0.));
#13337 = DEFINITIONAL_REPRESENTATION('',(#13338),#13342);
#13338 = LINE('',#13339,#13340);
#13339 = CARTESIAN_POINT('',(0.,2.3));
#13340 = VECTOR('',#13341,1.);
#13341 = DIRECTION('',(-0.474099823035,-0.880471099922));
#13342 = ( GEOMETRIC_REPRESENTATION_CONTEXT(2) 
PARAMETRIC_REPRESENTATION_CONTEXT() REPRESENTATION_CONTEXT('2D SPACE',''
  ) );
#13343 = ORIENTED_EDGE('',*,*,#13344,.F.);
#13344 = EDGE_CURVE('',#13345,#13317,#13347,.T.);
#13345 = VERTEX_POINT('',#13346);
#13346 = CARTESIAN_POINT('',(3.1050001,54.636541615175,1.00000008274E-07
    ));
#13347 = SURFACE_CURVE('',#13348,(#13352,#13359),.PCURVE_S1.);
#13348 = LINE('',#13349,#13350);
#13349 = CARTESIAN_POINT('',(3.1050001,54.636541615175,1.00000008274E-07
    ));
#13350 = VECTOR('',#13351,1.);
#13351 = DIRECTION('',(0.,0.,1.));
#13352 = PCURVE('',#13292,#13353);
#13353 = DEFINITIONAL_REPRESENTATION('',(#13354),#13358);
#13354 = LINE('',#13355,#13356);
#13355 = CARTESIAN_POINT('',(1.697954651927,0.));
#13356 = VECTOR('',#13357,1.);
#13357 = DIRECTION('',(0.,-1.));
#13358 = ( GEOMETRIC_REPRESENTATION_CONTEXT(2) 
PARAMETRIC_REPRESENTATION_CONTEXT() REPRESENTATION_CONTEXT('2D SPACE',''
  ) );
#13359 = PCURVE('',#13360,#13365);
#13360 = PLANE('',#13361);
#13361 = AXIS2_PLACEMENT_3D('',#13362,#13363,#13364);
#13362 = CARTESIAN_POINT('',(3.1050001,54.636541615175,1.00000008274E-07
    ));
#13363 = DIRECTION('',(0.474099823035,0.880471099922,-0.));
#13364 = DIRECTION('',(0.880471099922,-0.474099823035,0.));
#13365 = DEFINITIONAL_REPRESENTATION('',(#13366),#13370);
#13366 = LINE('',#13367,#13368);
#13367 = CARTESIAN_POINT('',(0.,0.));
#13368 = VECTOR('',#13369,1.);
#13369 = DIRECTION('',(0.,-1.));
#13370 = ( GEOMETRIC_REPRESENTATION_CONTEXT(2) 
PARAMETRIC_REPRESENTATION_CONTEXT() REPRESENTATION_CONTEXT('2D SPACE',''
  ) );
#13371 = ORIENTED_EDGE('',*,*,#13372,.F.);
#13372 = EDGE_CURVE('',#13282,#13345,#13373,.T.);
#13373 = SURFACE_CURVE('',#13374,(#13378,#13385),.PCURVE_S1.);
#13374 = LINE('',#13375,#13376);
#13375 = CARTESIAN_POINT('',(2.3000001,56.131541615175,1.00000008274E-07
    ));
#13376 = VECTOR('',#13377,1.);
#13377 = DIRECTION('',(0.474099823035,-0.880471099922,0.));
#13378 = PCURVE('',#13292,#13379);
#13379 = DEFINITIONAL_REPRESENTATION('',(#13380),#13384);
#13380 = LINE('',#13381,#13382);
#13381 = CARTESIAN_POINT('',(0.,0.));
#13382 = VECTOR('',#13383,1.);
#13383 = DIRECTION('',(1.,0.));
#13384 = ( GEOMETRIC_REPRESENTATION_CONTEXT(2) 
PARAMETRIC_REPRESENTATION_CONTEXT() REPRESENTATION_CONTEXT('2D SPACE',''
  ) );
#13385 = PCURVE('',#13386,#13391);
#13386 = PLANE('',#13387);
#13387 = AXIS2_PLACEMENT_3D('',#13388,#13389,#13390);
#13388 = CARTESIAN_POINT('',(2.3000001,53.831541615175,1.00000008274E-07
    ));
#13389 = DIRECTION('',(-0.,-0.,-1.));
#13390 = DIRECTION('',(-1.,0.,0.));
#13391 = DEFINITIONAL_REPRESENTATION('',(#13392),#13396);
#13392 = LINE('',#13393,#13394);
#13393 = CARTESIAN_POINT('',(0.,2.3));
#13394 = VECTOR('',#13395,1.);
#13395 = DIRECTION('',(-0.474099823035,-0.880471099922));
#13396 = ( GEOMETRIC_REPRESENTATION_CONTEXT(2) 
PARAMETRIC_REPRESENTATION_CONTEXT() REPRESENTATION_CONTEXT('2D SPACE',''
  ) );
#13397 = ADVANCED_FACE('',(#13398),#13360,.T.);
#13398 = FACE_BOUND('',#13399,.T.);
#13399 = EDGE_LOOP('',(#13400,#13401,#13424,#13452));
#13400 = ORIENTED_EDGE('',*,*,#13344,.T.);
#13401 = ORIENTED_EDGE('',*,*,#13402,.T.);
#13402 = EDGE_CURVE('',#13317,#13403,#13405,.T.);
#13403 = VERTEX_POINT('',#13404);
#13404 = CARTESIAN_POINT('',(4.6000001,53.831541615175,0.4800001));
#13405 = SURFACE_CURVE('',#13406,(#13410,#13417),.PCURVE_S1.);
#13406 = LINE('',#13407,#13408);
#13407 = CARTESIAN_POINT('',(3.1050001,54.636541615175,0.4800001));
#13408 = VECTOR('',#13409,1.);
#13409 = DIRECTION('',(0.880471099922,-0.474099823035,0.));
#13410 = PCURVE('',#13360,#13411);
#13411 = DEFINITIONAL_REPRESENTATION('',(#13412),#13416);
#13412 = LINE('',#13413,#13414);
#13413 = CARTESIAN_POINT('',(0.,-0.48));
#13414 = VECTOR('',#13415,1.);
#13415 = DIRECTION('',(1.,0.));
#13416 = ( GEOMETRIC_REPRESENTATION_CONTEXT(2) 
PARAMETRIC_REPRESENTATION_CONTEXT() REPRESENTATION_CONTEXT('2D SPACE',''
  ) );
#13417 = PCURVE('',#13332,#13418);
#13418 = DEFINITIONAL_REPRESENTATION('',(#13419),#13423);
#13419 = LINE('',#13420,#13421);
#13420 = CARTESIAN_POINT('',(-0.805,0.805));
#13421 = VECTOR('',#13422,1.);
#13422 = DIRECTION('',(-0.880471099922,-0.474099823035));
#13423 = ( GEOMETRIC_REPRESENTATION_CONTEXT(2) 
PARAMETRIC_REPRESENTATION_CONTEXT() REPRESENTATION_CONTEXT('2D SPACE',''
  ) );
#13424 = ORIENTED_EDGE('',*,*,#13425,.F.);
#13425 = EDGE_CURVE('',#13426,#13403,#13428,.T.);
#13426 = VERTEX_POINT('',#13427);
#13427 = CARTESIAN_POINT('',(4.6000001,53.831541615175,1.00000008274E-07
    ));
#13428 = SURFACE_CURVE('',#13429,(#13433,#13440),.PCURVE_S1.);
#13429 = LINE('',#13430,#13431);
#13430 = CARTESIAN_POINT('',(4.6000001,53.831541615175,1.00000008274E-07
    ));
#13431 = VECTOR('',#13432,1.);
#13432 = DIRECTION('',(0.,0.,1.));
#13433 = PCURVE('',#13360,#13434);
#13434 = DEFINITIONAL_REPRESENTATION('',(#13435),#13439);
#13435 = LINE('',#13436,#13437);
#13436 = CARTESIAN_POINT('',(1.697954651927,0.));
#13437 = VECTOR('',#13438,1.);
#13438 = DIRECTION('',(0.,-1.));
#13439 = ( GEOMETRIC_REPRESENTATION_CONTEXT(2) 
PARAMETRIC_REPRESENTATION_CONTEXT() REPRESENTATION_CONTEXT('2D SPACE',''
  ) );
#13440 = PCURVE('',#13441,#13446);
#13441 = PLANE('',#13442);
#13442 = AXIS2_PLACEMENT_3D('',#13443,#13444,#13445);
#13443 = CARTESIAN_POINT('',(4.6000001,53.831541615175,1.00000008274E-07
    ));
#13444 = DIRECTION('',(0.474099823035,-0.880471099922,0.));
#13445 = DIRECTION('',(-0.880471099922,-0.474099823035,0.));
#13446 = DEFINITIONAL_REPRESENTATION('',(#13447),#13451);
#13447 = LINE('',#13448,#13449);
#13448 = CARTESIAN_POINT('',(0.,0.));
#13449 = VECTOR('',#13450,1.);
#13450 = DIRECTION('',(0.,-1.));
#13451 = ( GEOMETRIC_REPRESENTATION_CONTEXT(2) 
PARAMETRIC_REPRESENTATION_CONTEXT() REPRESENTATION_CONTEXT('2D SPACE',''
  ) );
#13452 = ORIENTED_EDGE('',*,*,#13453,.F.);
#13453 = EDGE_CURVE('',#13345,#13426,#13454,.T.);
#13454 = SURFACE_CURVE('',#13455,(#13459,#13466),.PCURVE_S1.);
#13455 = LINE('',#13456,#13457);
#13456 = CARTESIAN_POINT('',(3.1050001,54.636541615175,1.00000008274E-07
    ));
#13457 = VECTOR('',#13458,1.);
#13458 = DIRECTION('',(0.880471099922,-0.474099823035,0.));
#13459 = PCURVE('',#13360,#13460);
#13460 = DEFINITIONAL_REPRESENTATION('',(#13461),#13465);
#13461 = LINE('',#13462,#13463);
#13462 = CARTESIAN_POINT('',(0.,0.));
#13463 = VECTOR('',#13464,1.);
#13464 = DIRECTION('',(1.,0.));
#13465 = ( GEOMETRIC_REPRESENTATION_CONTEXT(2) 
PARAMETRIC_REPRESENTATION_CONTEXT() REPRESENTATION_CONTEXT('2D SPACE',''
  ) );
#13466 = PCURVE('',#13386,#13467);
#13467 = DEFINITIONAL_REPRESENTATION('',(#13468),#13472);
#13468 = LINE('',#13469,#13470);
#13469 = CARTESIAN_POINT('',(-0.805,0.805));
#13470 = VECTOR('',#13471,1.);
#13471 = DIRECTION('',(-0.880471099922,-0.474099823035));
#13472 = ( GEOMETRIC_REPRESENTATION_CONTEXT(2) 
PARAMETRIC_REPRESENTATION_CONTEXT() REPRESENTATION_CONTEXT('2D SPACE',''
  ) );
#13473 = ADVANCED_FACE('',(#13474),#13441,.T.);
#13474 = FACE_BOUND('',#13475,.T.);
#13475 = EDGE_LOOP('',(#13476,#13477,#13500,#13528));
#13476 = ORIENTED_EDGE('',*,*,#13425,.T.);
#13477 = ORIENTED_EDGE('',*,*,#13478,.T.);
#13478 = EDGE_CURVE('',#13403,#13479,#13481,.T.);
#13479 = VERTEX_POINT('',#13480);
#13480 = CARTESIAN_POINT('',(3.1050001,53.026541615175,0.4800001));
#13481 = SURFACE_CURVE('',#13482,(#13486,#13493),.PCURVE_S1.);
#13482 = LINE('',#13483,#13484);
#13483 = CARTESIAN_POINT('',(4.6000001,53.831541615175,0.4800001));
#13484 = VECTOR('',#13485,1.);
#13485 = DIRECTION('',(-0.880471099922,-0.474099823035,0.));
#13486 = PCURVE('',#13441,#13487);
#13487 = DEFINITIONAL_REPRESENTATION('',(#13488),#13492);
#13488 = LINE('',#13489,#13490);
#13489 = CARTESIAN_POINT('',(0.,-0.48));
#13490 = VECTOR('',#13491,1.);
#13491 = DIRECTION('',(1.,0.));
#13492 = ( GEOMETRIC_REPRESENTATION_CONTEXT(2) 
PARAMETRIC_REPRESENTATION_CONTEXT() REPRESENTATION_CONTEXT('2D SPACE',''
  ) );
#13493 = PCURVE('',#13332,#13494);
#13494 = DEFINITIONAL_REPRESENTATION('',(#13495),#13499);
#13495 = LINE('',#13496,#13497);
#13496 = CARTESIAN_POINT('',(-2.3,0.));
#13497 = VECTOR('',#13498,1.);
#13498 = DIRECTION('',(0.880471099922,-0.474099823035));
#13499 = ( GEOMETRIC_REPRESENTATION_CONTEXT(2) 
PARAMETRIC_REPRESENTATION_CONTEXT() REPRESENTATION_CONTEXT('2D SPACE',''
  ) );
#13500 = ORIENTED_EDGE('',*,*,#13501,.F.);
#13501 = EDGE_CURVE('',#13502,#13479,#13504,.T.);
#13502 = VERTEX_POINT('',#13503);
#13503 = CARTESIAN_POINT('',(3.1050001,53.026541615175,1.00000008274E-07
    ));
#13504 = SURFACE_CURVE('',#13505,(#13509,#13516),.PCURVE_S1.);
#13505 = LINE('',#13506,#13507);
#13506 = CARTESIAN_POINT('',(3.1050001,53.026541615175,1.00000008274E-07
    ));
#13507 = VECTOR('',#13508,1.);
#13508 = DIRECTION('',(0.,0.,1.));
#13509 = PCURVE('',#13441,#13510);
#13510 = DEFINITIONAL_REPRESENTATION('',(#13511),#13515);
#13511 = LINE('',#13512,#13513);
#13512 = CARTESIAN_POINT('',(1.697954651927,0.));
#13513 = VECTOR('',#13514,1.);
#13514 = DIRECTION('',(0.,-1.));
#13515 = ( GEOMETRIC_REPRESENTATION_CONTEXT(2) 
PARAMETRIC_REPRESENTATION_CONTEXT() REPRESENTATION_CONTEXT('2D SPACE',''
  ) );
#13516 = PCURVE('',#13517,#13522);
#13517 = PLANE('',#13518);
#13518 = AXIS2_PLACEMENT_3D('',#13519,#13520,#13521);
#13519 = CARTESIAN_POINT('',(3.1050001,53.026541615175,1.00000008274E-07
    ));
#13520 = DIRECTION('',(0.880471099922,-0.474099823035,0.));
#13521 = DIRECTION('',(-0.474099823035,-0.880471099922,0.));
#13522 = DEFINITIONAL_REPRESENTATION('',(#13523),#13527);
#13523 = LINE('',#13524,#13525);
#13524 = CARTESIAN_POINT('',(0.,0.));
#13525 = VECTOR('',#13526,1.);
#13526 = DIRECTION('',(0.,-1.));
#13527 = ( GEOMETRIC_REPRESENTATION_CONTEXT(2) 
PARAMETRIC_REPRESENTATION_CONTEXT() REPRESENTATION_CONTEXT('2D SPACE',''
  ) );
#13528 = ORIENTED_EDGE('',*,*,#13529,.F.);
#13529 = EDGE_CURVE('',#13426,#13502,#13530,.T.);
#13530 = SURFACE_CURVE('',#13531,(#13535,#13542),.PCURVE_S1.);
#13531 = LINE('',#13532,#13533);
#13532 = CARTESIAN_POINT('',(4.6000001,53.831541615175,1.00000008274E-07
    ));
#13533 = VECTOR('',#13534,1.);
#13534 = DIRECTION('',(-0.880471099922,-0.474099823035,0.));
#13535 = PCURVE('',#13441,#13536);
#13536 = DEFINITIONAL_REPRESENTATION('',(#13537),#13541);
#13537 = LINE('',#13538,#13539);
#13538 = CARTESIAN_POINT('',(0.,0.));
#13539 = VECTOR('',#13540,1.);
#13540 = DIRECTION('',(1.,0.));
#13541 = ( GEOMETRIC_REPRESENTATION_CONTEXT(2) 
PARAMETRIC_REPRESENTATION_CONTEXT() REPRESENTATION_CONTEXT('2D SPACE',''
  ) );
#13542 = PCURVE('',#13386,#13543);
#13543 = DEFINITIONAL_REPRESENTATION('',(#13544),#13548);
#13544 = LINE('',#13545,#13546);
#13545 = CARTESIAN_POINT('',(-2.3,0.));
#13546 = VECTOR('',#13547,1.);
#13547 = DIRECTION('',(0.880471099922,-0.474099823035));
#13548 = ( GEOMETRIC_REPRESENTATION_CONTEXT(2) 
PARAMETRIC_REPRESENTATION_CONTEXT() REPRESENTATION_CONTEXT('2D SPACE',''
  ) );
#13549 = ADVANCED_FACE('',(#13550),#13517,.T.);
#13550 = FACE_BOUND('',#13551,.T.);
#13551 = EDGE_LOOP('',(#13552,#13553,#13576,#13604));
#13552 = ORIENTED_EDGE('',*,*,#13501,.T.);
#13553 = ORIENTED_EDGE('',*,*,#13554,.T.);
#13554 = EDGE_CURVE('',#13479,#13555,#13557,.T.);
#13555 = VERTEX_POINT('',#13556);
#13556 = CARTESIAN_POINT('',(2.3000001,51.531541615175,0.4800001));
#13557 = SURFACE_CURVE('',#13558,(#13562,#13569),.PCURVE_S1.);
#13558 = LINE('',#13559,#13560);
#13559 = CARTESIAN_POINT('',(3.1050001,53.026541615175,0.4800001));
#13560 = VECTOR('',#13561,1.);
#13561 = DIRECTION('',(-0.474099823035,-0.880471099922,0.));
#13562 = PCURVE('',#13517,#13563);
#13563 = DEFINITIONAL_REPRESENTATION('',(#13564),#13568);
#13564 = LINE('',#13565,#13566);
#13565 = CARTESIAN_POINT('',(0.,-0.48));
#13566 = VECTOR('',#13567,1.);
#13567 = DIRECTION('',(1.,0.));
#13568 = ( GEOMETRIC_REPRESENTATION_CONTEXT(2) 
PARAMETRIC_REPRESENTATION_CONTEXT() REPRESENTATION_CONTEXT('2D SPACE',''
  ) );
#13569 = PCURVE('',#13332,#13570);
#13570 = DEFINITIONAL_REPRESENTATION('',(#13571),#13575);
#13571 = LINE('',#13572,#13573);
#13572 = CARTESIAN_POINT('',(-0.805,-0.805));
#13573 = VECTOR('',#13574,1.);
#13574 = DIRECTION('',(0.474099823035,-0.880471099922));
#13575 = ( GEOMETRIC_REPRESENTATION_CONTEXT(2) 
PARAMETRIC_REPRESENTATION_CONTEXT() REPRESENTATION_CONTEXT('2D SPACE',''
  ) );
#13576 = ORIENTED_EDGE('',*,*,#13577,.F.);
#13577 = EDGE_CURVE('',#13578,#13555,#13580,.T.);
#13578 = VERTEX_POINT('',#13579);
#13579 = CARTESIAN_POINT('',(2.3000001,51.531541615175,1.00000008274E-07
    ));
#13580 = SURFACE_CURVE('',#13581,(#13585,#13592),.PCURVE_S1.);
#13581 = LINE('',#13582,#13583);
#13582 = CARTESIAN_POINT('',(2.3000001,51.531541615175,1.00000008274E-07
    ));
#13583 = VECTOR('',#13584,1.);
#13584 = DIRECTION('',(0.,0.,1.));
#13585 = PCURVE('',#13517,#13586);
#13586 = DEFINITIONAL_REPRESENTATION('',(#13587),#13591);
#13587 = LINE('',#13588,#13589);
#13588 = CARTESIAN_POINT('',(1.697954651927,0.));
#13589 = VECTOR('',#13590,1.);
#13590 = DIRECTION('',(0.,-1.));
#13591 = ( GEOMETRIC_REPRESENTATION_CONTEXT(2) 
PARAMETRIC_REPRESENTATION_CONTEXT() REPRESENTATION_CONTEXT('2D SPACE',''
  ) );
#13592 = PCURVE('',#13593,#13598);
#13593 = PLANE('',#13594);
#13594 = AXIS2_PLACEMENT_3D('',#13595,#13596,#13597);
#13595 = CARTESIAN_POINT('',(2.3000001,51.531541615175,1.00000008274E-07
    ));
#13596 = DIRECTION('',(-0.880471099922,-0.474099823035,0.));
#13597 = DIRECTION('',(-0.474099823035,0.880471099922,0.));
#13598 = DEFINITIONAL_REPRESENTATION('',(#13599),#13603);
#13599 = LINE('',#13600,#13601);
#13600 = CARTESIAN_POINT('',(0.,0.));
#13601 = VECTOR('',#13602,1.);
#13602 = DIRECTION('',(0.,-1.));
#13603 = ( GEOMETRIC_REPRESENTATION_CONTEXT(2) 
PARAMETRIC_REPRESENTATION_CONTEXT() REPRESENTATION_CONTEXT('2D SPACE',''
  ) );
#13604 = ORIENTED_EDGE('',*,*,#13605,.F.);
#13605 = EDGE_CURVE('',#13502,#13578,#13606,.T.);
#13606 = SURFACE_CURVE('',#13607,(#13611,#13618),.PCURVE_S1.);
#13607 = LINE('',#13608,#13609);
#13608 = CARTESIAN_POINT('',(3.1050001,53.026541615175,1.00000008274E-07
    ));
#13609 = VECTOR('',#13610,1.);
#13610 = DIRECTION('',(-0.474099823035,-0.880471099922,0.));
#13611 = PCURVE('',#13517,#13612);
#13612 = DEFINITIONAL_REPRESENTATION('',(#13613),#13617);
#13613 = LINE('',#13614,#13615);
#13614 = CARTESIAN_POINT('',(0.,0.));
#13615 = VECTOR('',#13616,1.);
#13616 = DIRECTION('',(1.,0.));
#13617 = ( GEOMETRIC_REPRESENTATION_CONTEXT(2) 
PARAMETRIC_REPRESENTATION_CONTEXT() REPRESENTATION_CONTEXT('2D SPACE',''
  ) );
#13618 = PCURVE('',#13386,#13619);
#13619 = DEFINITIONAL_REPRESENTATION('',(#13620),#13624);
#13620 = LINE('',#13621,#13622);
#13621 = CARTESIAN_POINT('',(-0.805,-0.805));
#13622 = VECTOR('',#13623,1.);
#13623 = DIRECTION('',(0.474099823035,-0.880471099922));
#13624 = ( GEOMETRIC_REPRESENTATION_CONTEXT(2) 
PARAMETRIC_REPRESENTATION_CONTEXT() REPRESENTATION_CONTEXT('2D SPACE',''
  ) );
#13625 = ADVANCED_FACE('',(#13626),#13593,.T.);
#13626 = FACE_BOUND('',#13627,.T.);
#13627 = EDGE_LOOP('',(#13628,#13629,#13652,#13680));
#13628 = ORIENTED_EDGE('',*,*,#13577,.T.);
#13629 = ORIENTED_EDGE('',*,*,#13630,.T.);
#13630 = EDGE_CURVE('',#13555,#13631,#13633,.T.);
#13631 = VERTEX_POINT('',#13632);
#13632 = CARTESIAN_POINT('',(1.4950001,53.026541615175,0.4800001));
#13633 = SURFACE_CURVE('',#13634,(#13638,#13645),.PCURVE_S1.);
#13634 = LINE('',#13635,#13636);
#13635 = CARTESIAN_POINT('',(2.3000001,51.531541615175,0.4800001));
#13636 = VECTOR('',#13637,1.);
#13637 = DIRECTION('',(-0.474099823035,0.880471099922,0.));
#13638 = PCURVE('',#13593,#13639);
#13639 = DEFINITIONAL_REPRESENTATION('',(#13640),#13644);
#13640 = LINE('',#13641,#13642);
#13641 = CARTESIAN_POINT('',(0.,-0.48));
#13642 = VECTOR('',#13643,1.);
#13643 = DIRECTION('',(1.,0.));
#13644 = ( GEOMETRIC_REPRESENTATION_CONTEXT(2) 
PARAMETRIC_REPRESENTATION_CONTEXT() REPRESENTATION_CONTEXT('2D SPACE',''
  ) );
#13645 = PCURVE('',#13332,#13646);
#13646 = DEFINITIONAL_REPRESENTATION('',(#13647),#13651);
#13647 = LINE('',#13648,#13649);
#13648 = CARTESIAN_POINT('',(0.,-2.3));
#13649 = VECTOR('',#13650,1.);
#13650 = DIRECTION('',(0.474099823035,0.880471099922));
#13651 = ( GEOMETRIC_REPRESENTATION_CONTEXT(2) 
PARAMETRIC_REPRESENTATION_CONTEXT() REPRESENTATION_CONTEXT('2D SPACE',''
  ) );
#13652 = ORIENTED_EDGE('',*,*,#13653,.F.);
#13653 = EDGE_CURVE('',#13654,#13631,#13656,.T.);
#13654 = VERTEX_POINT('',#13655);
#13655 = CARTESIAN_POINT('',(1.4950001,53.026541615175,1.00000008274E-07
    ));
#13656 = SURFACE_CURVE('',#13657,(#13661,#13668),.PCURVE_S1.);
#13657 = LINE('',#13658,#13659);
#13658 = CARTESIAN_POINT('',(1.4950001,53.026541615175,1.00000008274E-07
    ));
#13659 = VECTOR('',#13660,1.);
#13660 = DIRECTION('',(0.,0.,1.));
#13661 = PCURVE('',#13593,#13662);
#13662 = DEFINITIONAL_REPRESENTATION('',(#13663),#13667);
#13663 = LINE('',#13664,#13665);
#13664 = CARTESIAN_POINT('',(1.697954651927,0.));
#13665 = VECTOR('',#13666,1.);
#13666 = DIRECTION('',(0.,-1.));
#13667 = ( GEOMETRIC_REPRESENTATION_CONTEXT(2) 
PARAMETRIC_REPRESENTATION_CONTEXT() REPRESENTATION_CONTEXT('2D SPACE',''
  ) );
#13668 = PCURVE('',#13669,#13674);
#13669 = PLANE('',#13670);
#13670 = AXIS2_PLACEMENT_3D('',#13671,#13672,#13673);
#13671 = CARTESIAN_POINT('',(1.4950001,53.026541615175,1.00000008274E-07
    ));
#13672 = DIRECTION('',(-0.474099823035,-0.880471099922,0.));
#13673 = DIRECTION('',(-0.880471099922,0.474099823035,0.));
#13674 = DEFINITIONAL_REPRESENTATION('',(#13675),#13679);
#13675 = LINE('',#13676,#13677);
#13676 = CARTESIAN_POINT('',(0.,0.));
#13677 = VECTOR('',#13678,1.);
#13678 = DIRECTION('',(0.,-1.));
#13679 = ( GEOMETRIC_REPRESENTATION_CONTEXT(2) 
PARAMETRIC_REPRESENTATION_CONTEXT() REPRESENTATION_CONTEXT('2D SPACE',''
  ) );
#13680 = ORIENTED_EDGE('',*,*,#13681,.F.);
#13681 = EDGE_CURVE('',#13578,#13654,#13682,.T.);
#13682 = SURFACE_CURVE('',#13683,(#13687,#13694),.PCURVE_S1.);
#13683 = LINE('',#13684,#13685);
#13684 = CARTESIAN_POINT('',(2.3000001,51.531541615175,1.00000008274E-07
    ));
#13685 = VECTOR('',#13686,1.);
#13686 = DIRECTION('',(-0.474099823035,0.880471099922,0.));
#13687 = PCURVE('',#13593,#13688);
#13688 = DEFINITIONAL_REPRESENTATION('',(#13689),#13693);
#13689 = LINE('',#13690,#13691);
#13690 = CARTESIAN_POINT('',(0.,0.));
#13691 = VECTOR('',#13692,1.);
#13692 = DIRECTION('',(1.,0.));
#13693 = ( GEOMETRIC_REPRESENTATION_CONTEXT(2) 
PARAMETRIC_REPRESENTATION_CONTEXT() REPRESENTATION_CONTEXT('2D SPACE',''
  ) );
#13694 = PCURVE('',#13386,#13695);
#13695 = DEFINITIONAL_REPRESENTATION('',(#13696),#13700);
#13696 = LINE('',#13697,#13698);
#13697 = CARTESIAN_POINT('',(0.,-2.3));
#13698 = VECTOR('',#13699,1.);
#13699 = DIRECTION('',(0.474099823035,0.880471099922));
#13700 = ( GEOMETRIC_REPRESENTATION_CONTEXT(2) 
PARAMETRIC_REPRESENTATION_CONTEXT() REPRESENTATION_CONTEXT('2D SPACE',''
  ) );
#13701 = ADVANCED_FACE('',(#13702),#13669,.T.);
#13702 = FACE_BOUND('',#13703,.T.);
#13703 = EDGE_LOOP('',(#13704,#13705,#13728,#13756));
#13704 = ORIENTED_EDGE('',*,*,#13653,.T.);
#13705 = ORIENTED_EDGE('',*,*,#13706,.T.);
#13706 = EDGE_CURVE('',#13631,#13707,#13709,.T.);
#13707 = VERTEX_POINT('',#13708);
#13708 = CARTESIAN_POINT('',(1.00000008274E-07,53.831541615175,0.4800001
    ));
#13709 = SURFACE_CURVE('',#13710,(#13714,#13721),.PCURVE_S1.);
#13710 = LINE('',#13711,#13712);
#13711 = CARTESIAN_POINT('',(1.4950001,53.026541615175,0.4800001));
#13712 = VECTOR('',#13713,1.);
#13713 = DIRECTION('',(-0.880471099922,0.474099823035,0.));
#13714 = PCURVE('',#13669,#13715);
#13715 = DEFINITIONAL_REPRESENTATION('',(#13716),#13720);
#13716 = LINE('',#13717,#13718);
#13717 = CARTESIAN_POINT('',(0.,-0.48));
#13718 = VECTOR('',#13719,1.);
#13719 = DIRECTION('',(1.,0.));
#13720 = ( GEOMETRIC_REPRESENTATION_CONTEXT(2) 
PARAMETRIC_REPRESENTATION_CONTEXT() REPRESENTATION_CONTEXT('2D SPACE',''
  ) );
#13721 = PCURVE('',#13332,#13722);
#13722 = DEFINITIONAL_REPRESENTATION('',(#13723),#13727);
#13723 = LINE('',#13724,#13725);
#13724 = CARTESIAN_POINT('',(0.805,-0.805));
#13725 = VECTOR('',#13726,1.);
#13726 = DIRECTION('',(0.880471099922,0.474099823035));
#13727 = ( GEOMETRIC_REPRESENTATION_CONTEXT(2) 
PARAMETRIC_REPRESENTATION_CONTEXT() REPRESENTATION_CONTEXT('2D SPACE',''
  ) );
#13728 = ORIENTED_EDGE('',*,*,#13729,.F.);
#13729 = EDGE_CURVE('',#13730,#13707,#13732,.T.);
#13730 = VERTEX_POINT('',#13731);
#13731 = CARTESIAN_POINT('',(1.00000008274E-07,53.831541615175,
    1.00000008274E-07));
#13732 = SURFACE_CURVE('',#13733,(#13737,#13744),.PCURVE_S1.);
#13733 = LINE('',#13734,#13735);
#13734 = CARTESIAN_POINT('',(1.00000008274E-07,53.831541615175,
    1.00000008274E-07));
#13735 = VECTOR('',#13736,1.);
#13736 = DIRECTION('',(0.,0.,1.));
#13737 = PCURVE('',#13669,#13738);
#13738 = DEFINITIONAL_REPRESENTATION('',(#13739),#13743);
#13739 = LINE('',#13740,#13741);
#13740 = CARTESIAN_POINT('',(1.697954651927,0.));
#13741 = VECTOR('',#13742,1.);
#13742 = DIRECTION('',(0.,-1.));
#13743 = ( GEOMETRIC_REPRESENTATION_CONTEXT(2) 
PARAMETRIC_REPRESENTATION_CONTEXT() REPRESENTATION_CONTEXT('2D SPACE',''
  ) );
#13744 = PCURVE('',#13745,#13750);
#13745 = PLANE('',#13746);
#13746 = AXIS2_PLACEMENT_3D('',#13747,#13748,#13749);
#13747 = CARTESIAN_POINT('',(1.00000008274E-07,53.831541615175,
    1.00000008274E-07));
#13748 = DIRECTION('',(-0.474099823035,0.880471099922,0.));
#13749 = DIRECTION('',(0.880471099922,0.474099823035,0.));
#13750 = DEFINITIONAL_REPRESENTATION('',(#13751),#13755);
#13751 = LINE('',#13752,#13753);
#13752 = CARTESIAN_POINT('',(0.,0.));
#13753 = VECTOR('',#13754,1.);
#13754 = DIRECTION('',(0.,-1.));
#13755 = ( GEOMETRIC_REPRESENTATION_CONTEXT(2) 
PARAMETRIC_REPRESENTATION_CONTEXT() REPRESENTATION_CONTEXT('2D SPACE',''
  ) );
#13756 = ORIENTED_EDGE('',*,*,#13757,.F.);
#13757 = EDGE_CURVE('',#13654,#13730,#13758,.T.);
#13758 = SURFACE_CURVE('',#13759,(#13763,#13770),.PCURVE_S1.);
#13759 = LINE('',#13760,#13761);
#13760 = CARTESIAN_POINT('',(1.4950001,53.026541615175,1.00000008274E-07
    ));
#13761 = VECTOR('',#13762,1.);
#13762 = DIRECTION('',(-0.880471099922,0.474099823035,0.));
#13763 = PCURVE('',#13669,#13764);
#13764 = DEFINITIONAL_REPRESENTATION('',(#13765),#13769);
#13765 = LINE('',#13766,#13767);
#13766 = CARTESIAN_POINT('',(0.,0.));
#13767 = VECTOR('',#13768,1.);
#13768 = DIRECTION('',(1.,0.));
#13769 = ( GEOMETRIC_REPRESENTATION_CONTEXT(2) 
PARAMETRIC_REPRESENTATION_CONTEXT() REPRESENTATION_CONTEXT('2D SPACE',''
  ) );
#13770 = PCURVE('',#13386,#13771);
#13771 = DEFINITIONAL_REPRESENTATION('',(#13772),#13776);
#13772 = LINE('',#13773,#13774);
#13773 = CARTESIAN_POINT('',(0.805,-0.805));
#13774 = VECTOR('',#13775,1.);
#13775 = DIRECTION('',(0.880471099922,0.474099823035));
#13776 = ( GEOMETRIC_REPRESENTATION_CONTEXT(2) 
PARAMETRIC_REPRESENTATION_CONTEXT() REPRESENTATION_CONTEXT('2D SPACE',''
  ) );
#13777 = ADVANCED_FACE('',(#13778),#13745,.T.);
#13778 = FACE_BOUND('',#13779,.T.);
#13779 = EDGE_LOOP('',(#13780,#13781,#13804,#13827));
#13780 = ORIENTED_EDGE('',*,*,#13729,.T.);
#13781 = ORIENTED_EDGE('',*,*,#13782,.T.);
#13782 = EDGE_CURVE('',#13707,#13783,#13785,.T.);
#13783 = VERTEX_POINT('',#13784);
#13784 = CARTESIAN_POINT('',(1.4950001,54.636541615175,0.4800001));
#13785 = SURFACE_CURVE('',#13786,(#13790,#13797),.PCURVE_S1.);
#13786 = LINE('',#13787,#13788);
#13787 = CARTESIAN_POINT('',(1.00000008274E-07,53.831541615175,0.4800001
    ));
#13788 = VECTOR('',#13789,1.);
#13789 = DIRECTION('',(0.880471099922,0.474099823035,0.));
#13790 = PCURVE('',#13745,#13791);
#13791 = DEFINITIONAL_REPRESENTATION('',(#13792),#13796);
#13792 = LINE('',#13793,#13794);
#13793 = CARTESIAN_POINT('',(0.,-0.48));
#13794 = VECTOR('',#13795,1.);
#13795 = DIRECTION('',(1.,0.));
#13796 = ( GEOMETRIC_REPRESENTATION_CONTEXT(2) 
PARAMETRIC_REPRESENTATION_CONTEXT() REPRESENTATION_CONTEXT('2D SPACE',''
  ) );
#13797 = PCURVE('',#13332,#13798);
#13798 = DEFINITIONAL_REPRESENTATION('',(#13799),#13803);
#13799 = LINE('',#13800,#13801);
#13800 = CARTESIAN_POINT('',(2.3,0.));
#13801 = VECTOR('',#13802,1.);
#13802 = DIRECTION('',(-0.880471099922,0.474099823035));
#13803 = ( GEOMETRIC_REPRESENTATION_CONTEXT(2) 
PARAMETRIC_REPRESENTATION_CONTEXT() REPRESENTATION_CONTEXT('2D SPACE',''
  ) );
#13804 = ORIENTED_EDGE('',*,*,#13805,.F.);
#13805 = EDGE_CURVE('',#13806,#13783,#13808,.T.);
#13806 = VERTEX_POINT('',#13807);
#13807 = CARTESIAN_POINT('',(1.4950001,54.636541615175,1.00000008274E-07
    ));
#13808 = SURFACE_CURVE('',#13809,(#13813,#13820),.PCURVE_S1.);
#13809 = LINE('',#13810,#13811);
#13810 = CARTESIAN_POINT('',(1.4950001,54.636541615175,1.00000008274E-07
    ));
#13811 = VECTOR('',#13812,1.);
#13812 = DIRECTION('',(0.,0.,1.));
#13813 = PCURVE('',#13745,#13814);
#13814 = DEFINITIONAL_REPRESENTATION('',(#13815),#13819);
#13815 = LINE('',#13816,#13817);
#13816 = CARTESIAN_POINT('',(1.697954651927,0.));
#13817 = VECTOR('',#13818,1.);
#13818 = DIRECTION('',(0.,-1.));
#13819 = ( GEOMETRIC_REPRESENTATION_CONTEXT(2) 
PARAMETRIC_REPRESENTATION_CONTEXT() REPRESENTATION_CONTEXT('2D SPACE',''
  ) );
#13820 = PCURVE('',#13304,#13821);
#13821 = DEFINITIONAL_REPRESENTATION('',(#13822),#13826);
#13822 = LINE('',#13823,#13824);
#13823 = CARTESIAN_POINT('',(0.,0.));
#13824 = VECTOR('',#13825,1.);
#13825 = DIRECTION('',(0.,-1.));
#13826 = ( GEOMETRIC_REPRESENTATION_CONTEXT(2) 
PARAMETRIC_REPRESENTATION_CONTEXT() REPRESENTATION_CONTEXT('2D SPACE',''
  ) );
#13827 = ORIENTED_EDGE('',*,*,#13828,.F.);
#13828 = EDGE_CURVE('',#13730,#13806,#13829,.T.);
#13829 = SURFACE_CURVE('',#13830,(#13834,#13841),.PCURVE_S1.);
#13830 = LINE('',#13831,#13832);
#13831 = CARTESIAN_POINT('',(1.00000008274E-07,53.831541615175,
    1.00000008274E-07));
#13832 = VECTOR('',#13833,1.);
#13833 = DIRECTION('',(0.880471099922,0.474099823035,0.));
#13834 = PCURVE('',#13745,#13835);
#13835 = DEFINITIONAL_REPRESENTATION('',(#13836),#13840);
#13836 = LINE('',#13837,#13838);
#13837 = CARTESIAN_POINT('',(0.,0.));
#13838 = VECTOR('',#13839,1.);
#13839 = DIRECTION('',(1.,0.));
#13840 = ( GEOMETRIC_REPRESENTATION_CONTEXT(2) 
PARAMETRIC_REPRESENTATION_CONTEXT() REPRESENTATION_CONTEXT('2D SPACE',''
  ) );
#13841 = PCURVE('',#13386,#13842);
#13842 = DEFINITIONAL_REPRESENTATION('',(#13843),#13847);
#13843 = LINE('',#13844,#13845);
#13844 = CARTESIAN_POINT('',(2.3,0.));
#13845 = VECTOR('',#13846,1.);
#13846 = DIRECTION('',(-0.880471099922,0.474099823035));
#13847 = ( GEOMETRIC_REPRESENTATION_CONTEXT(2) 
PARAMETRIC_REPRESENTATION_CONTEXT() REPRESENTATION_CONTEXT('2D SPACE',''
  ) );
#13848 = ADVANCED_FACE('',(#13849),#13304,.T.);
#13849 = FACE_BOUND('',#13850,.T.);
#13850 = EDGE_LOOP('',(#13851,#13852,#13873,#13874));
#13851 = ORIENTED_EDGE('',*,*,#13805,.T.);
#13852 = ORIENTED_EDGE('',*,*,#13853,.T.);
#13853 = EDGE_CURVE('',#13783,#13284,#13854,.T.);
#13854 = SURFACE_CURVE('',#13855,(#13859,#13866),.PCURVE_S1.);
#13855 = LINE('',#13856,#13857);
#13856 = CARTESIAN_POINT('',(1.4950001,54.636541615175,0.4800001));
#13857 = VECTOR('',#13858,1.);
#13858 = DIRECTION('',(0.474099823035,0.880471099922,0.));
#13859 = PCURVE('',#13304,#13860);
#13860 = DEFINITIONAL_REPRESENTATION('',(#13861),#13865);
#13861 = LINE('',#13862,#13863);
#13862 = CARTESIAN_POINT('',(0.,-0.48));
#13863 = VECTOR('',#13864,1.);
#13864 = DIRECTION('',(1.,0.));
#13865 = ( GEOMETRIC_REPRESENTATION_CONTEXT(2) 
PARAMETRIC_REPRESENTATION_CONTEXT() REPRESENTATION_CONTEXT('2D SPACE',''
  ) );
#13866 = PCURVE('',#13332,#13867);
#13867 = DEFINITIONAL_REPRESENTATION('',(#13868),#13872);
#13868 = LINE('',#13869,#13870);
#13869 = CARTESIAN_POINT('',(0.805,0.805));
#13870 = VECTOR('',#13871,1.);
#13871 = DIRECTION('',(-0.474099823035,0.880471099922));
#13872 = ( GEOMETRIC_REPRESENTATION_CONTEXT(2) 
PARAMETRIC_REPRESENTATION_CONTEXT() REPRESENTATION_CONTEXT('2D SPACE',''
  ) );
#13873 = ORIENTED_EDGE('',*,*,#13281,.F.);
#13874 = ORIENTED_EDGE('',*,*,#13875,.F.);
#13875 = EDGE_CURVE('',#13806,#13282,#13876,.T.);
#13876 = SURFACE_CURVE('',#13877,(#13881,#13888),.PCURVE_S1.);
#13877 = LINE('',#13878,#13879);
#13878 = CARTESIAN_POINT('',(1.4950001,54.636541615175,1.00000008274E-07
    ));
#13879 = VECTOR('',#13880,1.);
#13880 = DIRECTION('',(0.474099823035,0.880471099922,0.));
#13881 = PCURVE('',#13304,#13882);
#13882 = DEFINITIONAL_REPRESENTATION('',(#13883),#13887);
#13883 = LINE('',#13884,#13885);
#13884 = CARTESIAN_POINT('',(0.,0.));
#13885 = VECTOR('',#13886,1.);
#13886 = DIRECTION('',(1.,0.));
#13887 = ( GEOMETRIC_REPRESENTATION_CONTEXT(2) 
PARAMETRIC_REPRESENTATION_CONTEXT() REPRESENTATION_CONTEXT('2D SPACE',''
  ) );
#13888 = PCURVE('',#13386,#13889);
#13889 = DEFINITIONAL_REPRESENTATION('',(#13890),#13894);
#13890 = LINE('',#13891,#13892);
#13891 = CARTESIAN_POINT('',(0.805,0.805));
#13892 = VECTOR('',#13893,1.);
#13893 = DIRECTION('',(-0.474099823035,0.880471099922));
#13894 = ( GEOMETRIC_REPRESENTATION_CONTEXT(2) 
PARAMETRIC_REPRESENTATION_CONTEXT() REPRESENTATION_CONTEXT('2D SPACE',''
  ) );
#13895 = ADVANCED_FACE('',(#13896),#13386,.T.);
#13896 = FACE_BOUND('',#13897,.T.);
#13897 = EDGE_LOOP('',(#13898,#13899,#13900,#13901,#13902,#13903,#13904,
    #13905));
#13898 = ORIENTED_EDGE('',*,*,#13372,.T.);
#13899 = ORIENTED_EDGE('',*,*,#13453,.T.);
#13900 = ORIENTED_EDGE('',*,*,#13529,.T.);
#13901 = ORIENTED_EDGE('',*,*,#13605,.T.);
#13902 = ORIENTED_EDGE('',*,*,#13681,.T.);
#13903 = ORIENTED_EDGE('',*,*,#13757,.T.);
#13904 = ORIENTED_EDGE('',*,*,#13828,.T.);
#13905 = ORIENTED_EDGE('',*,*,#13875,.T.);
#13906 = ADVANCED_FACE('',(#13907),#13332,.F.);
#13907 = FACE_BOUND('',#13908,.F.);
#13908 = EDGE_LOOP('',(#13909,#13910,#13911,#13912,#13913,#13914,#13915,
    #13916));
#13909 = ORIENTED_EDGE('',*,*,#13316,.T.);
#13910 = ORIENTED_EDGE('',*,*,#13402,.T.);
#13911 = ORIENTED_EDGE('',*,*,#13478,.T.);
#13912 = ORIENTED_EDGE('',*,*,#13554,.T.);
#13913 = ORIENTED_EDGE('',*,*,#13630,.T.);
#13914 = ORIENTED_EDGE('',*,*,#13706,.T.);
#13915 = ORIENTED_EDGE('',*,*,#13782,.T.);
#13916 = ORIENTED_EDGE('',*,*,#13853,.T.);
#13917 = ( GEOMETRIC_REPRESENTATION_CONTEXT(3) 
GLOBAL_UNCERTAINTY_ASSIGNED_CONTEXT((#13921)) 
GLOBAL_UNIT_ASSIGNED_CONTEXT((#13918,#13919,#13920)) 
REPRESENTATION_CONTEXT('Context #1',
  '3D Context with UNIT and UNCERTAINTY') );
#13918 = ( LENGTH_UNIT() NAMED_UNIT(*) SI_UNIT(.MILLI.,.METRE.) );
#13919 = ( NAMED_UNIT(*) PLANE_ANGLE_UNIT() SI_UNIT($,.RADIAN.) );
#13920 = ( NAMED_UNIT(*) SI_UNIT($,.STERADIAN.) SOLID_ANGLE_UNIT() );
#13921 = UNCERTAINTY_MEASURE_WITH_UNIT(LENGTH_MEASURE(1.E-07),#13918,
  'distance_accuracy_value','confusion accuracy');
#13922 = CONTEXT_DEPENDENT_SHAPE_REPRESENTATION(#13923,#13925);
#13923 = ( REPRESENTATION_RELATIONSHIP('','',#13274,#10) 
REPRESENTATION_RELATIONSHIP_WITH_TRANSFORMATION(#13924) 
SHAPE_REPRESENTATION_RELATIONSHIP() );
#13924 = ITEM_DEFINED_TRANSFORMATION('','',#11,#95);
#13925 = PRODUCT_DEFINITION_SHAPE('Placement','Placement of an item',
  #13926);
#13926 = NEXT_ASSEMBLY_USAGE_OCCURRENCE('271','','',#5,#13269,$);
#13927 = PRODUCT_RELATED_PRODUCT_CATEGORY('part',$,(#13271));
#13928 = SHAPE_DEFINITION_REPRESENTATION(#13929,#13935);
#13929 = PRODUCT_DEFINITION_SHAPE('','',#13930);
#13930 = PRODUCT_DEFINITION('design','',#13931,#13934);
#13931 = PRODUCT_DEFINITION_FORMATION('','',#13932);
#13932 = PRODUCT('Open CASCADE STEP translator 7.8 2.22',
  'Open CASCADE STEP translator 7.8 2.22','',(#13933));
#13933 = PRODUCT_CONTEXT('',#2,'mechanical');
#13934 = PRODUCT_DEFINITION_CONTEXT('part definition',#2,'design');
#13935 = ADVANCED_BREP_SHAPE_REPRESENTATION('',(#11,#13936),#14578);
#13936 = MANIFOLD_SOLID_BREP('',#13937);
#13937 = CLOSED_SHELL('',(#13938,#14058,#14134,#14210,#14286,#14362,
    #14438,#14509,#14556,#14567));
#13938 = ADVANCED_FACE('',(#13939),#13953,.T.);
#13939 = FACE_BOUND('',#13940,.T.);
#13940 = EDGE_LOOP('',(#13941,#13976,#14004,#14032));
#13941 = ORIENTED_EDGE('',*,*,#13942,.T.);
#13942 = EDGE_CURVE('',#13943,#13945,#13947,.T.);
#13943 = VERTEX_POINT('',#13944);
#13944 = CARTESIAN_POINT('',(10.8000003,55.931541615175,
    1.000000073859E-07));
#13945 = VERTEX_POINT('',#13946);
#13946 = CARTESIAN_POINT('',(10.8000003,55.931541615175,0.4800001));
#13947 = SURFACE_CURVE('',#13948,(#13952,#13964),.PCURVE_S1.);
#13948 = LINE('',#13949,#13950);
#13949 = CARTESIAN_POINT('',(10.8000003,55.931541615175,
    1.000000073859E-07));
#13950 = VECTOR('',#13951,1.);
#13951 = DIRECTION('',(0.,0.,1.));
#13952 = PCURVE('',#13953,#13958);
#13953 = PLANE('',#13954);
#13954 = AXIS2_PLACEMENT_3D('',#13955,#13956,#13957);
#13955 = CARTESIAN_POINT('',(10.8000003,55.931541615175,
    1.000000073859E-07));
#13956 = DIRECTION('',(0.880471099922,0.474099823035,-0.));
#13957 = DIRECTION('',(0.474099823035,-0.880471099922,0.));
#13958 = DEFINITIONAL_REPRESENTATION('',(#13959),#13963);
#13959 = LINE('',#13960,#13961);
#13960 = CARTESIAN_POINT('',(0.,0.));
#13961 = VECTOR('',#13962,1.);
#13962 = DIRECTION('',(0.,-1.));
#13963 = ( GEOMETRIC_REPRESENTATION_CONTEXT(2) 
PARAMETRIC_REPRESENTATION_CONTEXT() REPRESENTATION_CONTEXT('2D SPACE',''
  ) );
#13964 = PCURVE('',#13965,#13970);
#13965 = PLANE('',#13966);
#13966 = AXIS2_PLACEMENT_3D('',#13967,#13968,#13969);
#13967 = CARTESIAN_POINT('',(10.0300003,54.501541615175,
    1.000000073859E-07));
#13968 = DIRECTION('',(-0.880471099922,0.474099823035,0.));
#13969 = DIRECTION('',(0.474099823035,0.880471099922,0.));
#13970 = DEFINITIONAL_REPRESENTATION('',(#13971),#13975);
#13971 = LINE('',#13972,#13973);
#13972 = CARTESIAN_POINT('',(1.624130536626,0.));
#13973 = VECTOR('',#13974,1.);
#13974 = DIRECTION('',(0.,-1.));
#13975 = ( GEOMETRIC_REPRESENTATION_CONTEXT(2) 
PARAMETRIC_REPRESENTATION_CONTEXT() REPRESENTATION_CONTEXT('2D SPACE',''
  ) );
#13976 = ORIENTED_EDGE('',*,*,#13977,.T.);
#13977 = EDGE_CURVE('',#13945,#13978,#13980,.T.);
#13978 = VERTEX_POINT('',#13979);
#13979 = CARTESIAN_POINT('',(11.5700003,54.501541615175,0.4800001));
#13980 = SURFACE_CURVE('',#13981,(#13985,#13992),.PCURVE_S1.);
#13981 = LINE('',#13982,#13983);
#13982 = CARTESIAN_POINT('',(10.8000003,55.931541615175,0.4800001));
#13983 = VECTOR('',#13984,1.);
#13984 = DIRECTION('',(0.474099823035,-0.880471099922,0.));
#13985 = PCURVE('',#13953,#13986);
#13986 = DEFINITIONAL_REPRESENTATION('',(#13987),#13991);
#13987 = LINE('',#13988,#13989);
#13988 = CARTESIAN_POINT('',(0.,-0.48));
#13989 = VECTOR('',#13990,1.);
#13990 = DIRECTION('',(1.,0.));
#13991 = ( GEOMETRIC_REPRESENTATION_CONTEXT(2) 
PARAMETRIC_REPRESENTATION_CONTEXT() REPRESENTATION_CONTEXT('2D SPACE',''
  ) );
#13992 = PCURVE('',#13993,#13998);
#13993 = PLANE('',#13994);
#13994 = AXIS2_PLACEMENT_3D('',#13995,#13996,#13997);
#13995 = CARTESIAN_POINT('',(10.8000003,53.731541615175,0.4800001));
#13996 = DIRECTION('',(-0.,-0.,-1.));
#13997 = DIRECTION('',(-1.,0.,0.));
#13998 = DEFINITIONAL_REPRESENTATION('',(#13999),#14003);
#13999 = LINE('',#14000,#14001);
#14000 = CARTESIAN_POINT('',(0.,2.2));
#14001 = VECTOR('',#14002,1.);
#14002 = DIRECTION('',(-0.474099823035,-0.880471099922));
#14003 = ( GEOMETRIC_REPRESENTATION_CONTEXT(2) 
PARAMETRIC_REPRESENTATION_CONTEXT() REPRESENTATION_CONTEXT('2D SPACE',''
  ) );
#14004 = ORIENTED_EDGE('',*,*,#14005,.F.);
#14005 = EDGE_CURVE('',#14006,#13978,#14008,.T.);
#14006 = VERTEX_POINT('',#14007);
#14007 = CARTESIAN_POINT('',(11.5700003,54.501541615175,
    1.000000073859E-07));
#14008 = SURFACE_CURVE('',#14009,(#14013,#14020),.PCURVE_S1.);
#14009 = LINE('',#14010,#14011);
#14010 = CARTESIAN_POINT('',(11.5700003,54.501541615175,
    1.000000073859E-07));
#14011 = VECTOR('',#14012,1.);
#14012 = DIRECTION('',(0.,0.,1.));
#14013 = PCURVE('',#13953,#14014);
#14014 = DEFINITIONAL_REPRESENTATION('',(#14015),#14019);
#14015 = LINE('',#14016,#14017);
#14016 = CARTESIAN_POINT('',(1.624130536626,0.));
#14017 = VECTOR('',#14018,1.);
#14018 = DIRECTION('',(0.,-1.));
#14019 = ( GEOMETRIC_REPRESENTATION_CONTEXT(2) 
PARAMETRIC_REPRESENTATION_CONTEXT() REPRESENTATION_CONTEXT('2D SPACE',''
  ) );
#14020 = PCURVE('',#14021,#14026);
#14021 = PLANE('',#14022);
#14022 = AXIS2_PLACEMENT_3D('',#14023,#14024,#14025);
#14023 = CARTESIAN_POINT('',(11.5700003,54.501541615175,
    1.000000073859E-07));
#14024 = DIRECTION('',(0.474099823035,0.880471099922,-0.));
#14025 = DIRECTION('',(0.880471099922,-0.474099823035,0.));
#14026 = DEFINITIONAL_REPRESENTATION('',(#14027),#14031);
#14027 = LINE('',#14028,#14029);
#14028 = CARTESIAN_POINT('',(0.,0.));
#14029 = VECTOR('',#14030,1.);
#14030 = DIRECTION('',(0.,-1.));
#14031 = ( GEOMETRIC_REPRESENTATION_CONTEXT(2) 
PARAMETRIC_REPRESENTATION_CONTEXT() REPRESENTATION_CONTEXT('2D SPACE',''
  ) );
#14032 = ORIENTED_EDGE('',*,*,#14033,.F.);
#14033 = EDGE_CURVE('',#13943,#14006,#14034,.T.);
#14034 = SURFACE_CURVE('',#14035,(#14039,#14046),.PCURVE_S1.);
#14035 = LINE('',#14036,#14037);
#14036 = CARTESIAN_POINT('',(10.8000003,55.931541615175,
    1.000000073859E-07));
#14037 = VECTOR('',#14038,1.);
#14038 = DIRECTION('',(0.474099823035,-0.880471099922,0.));
#14039 = PCURVE('',#13953,#14040);
#14040 = DEFINITIONAL_REPRESENTATION('',(#14041),#14045);
#14041 = LINE('',#14042,#14043);
#14042 = CARTESIAN_POINT('',(0.,0.));
#14043 = VECTOR('',#14044,1.);
#14044 = DIRECTION('',(1.,0.));
#14045 = ( GEOMETRIC_REPRESENTATION_CONTEXT(2) 
PARAMETRIC_REPRESENTATION_CONTEXT() REPRESENTATION_CONTEXT('2D SPACE',''
  ) );
#14046 = PCURVE('',#14047,#14052);
#14047 = PLANE('',#14048);
#14048 = AXIS2_PLACEMENT_3D('',#14049,#14050,#14051);
#14049 = CARTESIAN_POINT('',(10.8000003,53.731541615175,
    1.000000073859E-07));
#14050 = DIRECTION('',(-0.,-0.,-1.));
#14051 = DIRECTION('',(-1.,0.,0.));
#14052 = DEFINITIONAL_REPRESENTATION('',(#14053),#14057);
#14053 = LINE('',#14054,#14055);
#14054 = CARTESIAN_POINT('',(0.,2.2));
#14055 = VECTOR('',#14056,1.);
#14056 = DIRECTION('',(-0.474099823035,-0.880471099922));
#14057 = ( GEOMETRIC_REPRESENTATION_CONTEXT(2) 
PARAMETRIC_REPRESENTATION_CONTEXT() REPRESENTATION_CONTEXT('2D SPACE',''
  ) );
#14058 = ADVANCED_FACE('',(#14059),#14021,.T.);
#14059 = FACE_BOUND('',#14060,.T.);
#14060 = EDGE_LOOP('',(#14061,#14062,#14085,#14113));
#14061 = ORIENTED_EDGE('',*,*,#14005,.T.);
#14062 = ORIENTED_EDGE('',*,*,#14063,.T.);
#14063 = EDGE_CURVE('',#13978,#14064,#14066,.T.);
#14064 = VERTEX_POINT('',#14065);
#14065 = CARTESIAN_POINT('',(13.0000003,53.731541615175,0.4800001));
#14066 = SURFACE_CURVE('',#14067,(#14071,#14078),.PCURVE_S1.);
#14067 = LINE('',#14068,#14069);
#14068 = CARTESIAN_POINT('',(11.5700003,54.501541615175,0.4800001));
#14069 = VECTOR('',#14070,1.);
#14070 = DIRECTION('',(0.880471099922,-0.474099823035,0.));
#14071 = PCURVE('',#14021,#14072);
#14072 = DEFINITIONAL_REPRESENTATION('',(#14073),#14077);
#14073 = LINE('',#14074,#14075);
#14074 = CARTESIAN_POINT('',(0.,-0.48));
#14075 = VECTOR('',#14076,1.);
#14076 = DIRECTION('',(1.,0.));
#14077 = ( GEOMETRIC_REPRESENTATION_CONTEXT(2) 
PARAMETRIC_REPRESENTATION_CONTEXT() REPRESENTATION_CONTEXT('2D SPACE',''
  ) );
#14078 = PCURVE('',#13993,#14079);
#14079 = DEFINITIONAL_REPRESENTATION('',(#14080),#14084);
#14080 = LINE('',#14081,#14082);
#14081 = CARTESIAN_POINT('',(-0.77,0.77));
#14082 = VECTOR('',#14083,1.);
#14083 = DIRECTION('',(-0.880471099922,-0.474099823035));
#14084 = ( GEOMETRIC_REPRESENTATION_CONTEXT(2) 
PARAMETRIC_REPRESENTATION_CONTEXT() REPRESENTATION_CONTEXT('2D SPACE',''
  ) );
#14085 = ORIENTED_EDGE('',*,*,#14086,.F.);
#14086 = EDGE_CURVE('',#14087,#14064,#14089,.T.);
#14087 = VERTEX_POINT('',#14088);
#14088 = CARTESIAN_POINT('',(13.0000003,53.731541615175,
    1.000000073859E-07));
#14089 = SURFACE_CURVE('',#14090,(#14094,#14101),.PCURVE_S1.);
#14090 = LINE('',#14091,#14092);
#14091 = CARTESIAN_POINT('',(13.0000003,53.731541615175,
    1.000000073859E-07));
#14092 = VECTOR('',#14093,1.);
#14093 = DIRECTION('',(0.,0.,1.));
#14094 = PCURVE('',#14021,#14095);
#14095 = DEFINITIONAL_REPRESENTATION('',(#14096),#14100);
#14096 = LINE('',#14097,#14098);
#14097 = CARTESIAN_POINT('',(1.624130536626,0.));
#14098 = VECTOR('',#14099,1.);
#14099 = DIRECTION('',(0.,-1.));
#14100 = ( GEOMETRIC_REPRESENTATION_CONTEXT(2) 
PARAMETRIC_REPRESENTATION_CONTEXT() REPRESENTATION_CONTEXT('2D SPACE',''
  ) );
#14101 = PCURVE('',#14102,#14107);
#14102 = PLANE('',#14103);
#14103 = AXIS2_PLACEMENT_3D('',#14104,#14105,#14106);
#14104 = CARTESIAN_POINT('',(13.0000003,53.731541615175,
    1.000000073859E-07));
#14105 = DIRECTION('',(0.474099823035,-0.880471099922,0.));
#14106 = DIRECTION('',(-0.880471099922,-0.474099823035,0.));
#14107 = DEFINITIONAL_REPRESENTATION('',(#14108),#14112);
#14108 = LINE('',#14109,#14110);
#14109 = CARTESIAN_POINT('',(0.,0.));
#14110 = VECTOR('',#14111,1.);
#14111 = DIRECTION('',(0.,-1.));
#14112 = ( GEOMETRIC_REPRESENTATION_CONTEXT(2) 
PARAMETRIC_REPRESENTATION_CONTEXT() REPRESENTATION_CONTEXT('2D SPACE',''
  ) );
#14113 = ORIENTED_EDGE('',*,*,#14114,.F.);
#14114 = EDGE_CURVE('',#14006,#14087,#14115,.T.);
#14115 = SURFACE_CURVE('',#14116,(#14120,#14127),.PCURVE_S1.);
#14116 = LINE('',#14117,#14118);
#14117 = CARTESIAN_POINT('',(11.5700003,54.501541615175,
    1.000000073859E-07));
#14118 = VECTOR('',#14119,1.);
#14119 = DIRECTION('',(0.880471099922,-0.474099823035,0.));
#14120 = PCURVE('',#14021,#14121);
#14121 = DEFINITIONAL_REPRESENTATION('',(#14122),#14126);
#14122 = LINE('',#14123,#14124);
#14123 = CARTESIAN_POINT('',(0.,0.));
#14124 = VECTOR('',#14125,1.);
#14125 = DIRECTION('',(1.,0.));
#14126 = ( GEOMETRIC_REPRESENTATION_CONTEXT(2) 
PARAMETRIC_REPRESENTATION_CONTEXT() REPRESENTATION_CONTEXT('2D SPACE',''
  ) );
#14127 = PCURVE('',#14047,#14128);
#14128 = DEFINITIONAL_REPRESENTATION('',(#14129),#14133);
#14129 = LINE('',#14130,#14131);
#14130 = CARTESIAN_POINT('',(-0.77,0.77));
#14131 = VECTOR('',#14132,1.);
#14132 = DIRECTION('',(-0.880471099922,-0.474099823035));
#14133 = ( GEOMETRIC_REPRESENTATION_CONTEXT(2) 
PARAMETRIC_REPRESENTATION_CONTEXT() REPRESENTATION_CONTEXT('2D SPACE',''
  ) );
#14134 = ADVANCED_FACE('',(#14135),#14102,.T.);
#14135 = FACE_BOUND('',#14136,.T.);
#14136 = EDGE_LOOP('',(#14137,#14138,#14161,#14189));
#14137 = ORIENTED_EDGE('',*,*,#14086,.T.);
#14138 = ORIENTED_EDGE('',*,*,#14139,.T.);
#14139 = EDGE_CURVE('',#14064,#14140,#14142,.T.);
#14140 = VERTEX_POINT('',#14141);
#14141 = CARTESIAN_POINT('',(11.5700003,52.961541615175,0.4800001));
#14142 = SURFACE_CURVE('',#14143,(#14147,#14154),.PCURVE_S1.);
#14143 = LINE('',#14144,#14145);
#14144 = CARTESIAN_POINT('',(13.0000003,53.731541615175,0.4800001));
#14145 = VECTOR('',#14146,1.);
#14146 = DIRECTION('',(-0.880471099922,-0.474099823035,0.));
#14147 = PCURVE('',#14102,#14148);
#14148 = DEFINITIONAL_REPRESENTATION('',(#14149),#14153);
#14149 = LINE('',#14150,#14151);
#14150 = CARTESIAN_POINT('',(0.,-0.48));
#14151 = VECTOR('',#14152,1.);
#14152 = DIRECTION('',(1.,0.));
#14153 = ( GEOMETRIC_REPRESENTATION_CONTEXT(2) 
PARAMETRIC_REPRESENTATION_CONTEXT() REPRESENTATION_CONTEXT('2D SPACE',''
  ) );
#14154 = PCURVE('',#13993,#14155);
#14155 = DEFINITIONAL_REPRESENTATION('',(#14156),#14160);
#14156 = LINE('',#14157,#14158);
#14157 = CARTESIAN_POINT('',(-2.2,0.));
#14158 = VECTOR('',#14159,1.);
#14159 = DIRECTION('',(0.880471099922,-0.474099823035));
#14160 = ( GEOMETRIC_REPRESENTATION_CONTEXT(2) 
PARAMETRIC_REPRESENTATION_CONTEXT() REPRESENTATION_CONTEXT('2D SPACE',''
  ) );
#14161 = ORIENTED_EDGE('',*,*,#14162,.F.);
#14162 = EDGE_CURVE('',#14163,#14140,#14165,.T.);
#14163 = VERTEX_POINT('',#14164);
#14164 = CARTESIAN_POINT('',(11.5700003,52.961541615175,
    1.000000073859E-07));
#14165 = SURFACE_CURVE('',#14166,(#14170,#14177),.PCURVE_S1.);
#14166 = LINE('',#14167,#14168);
#14167 = CARTESIAN_POINT('',(11.5700003,52.961541615175,
    1.000000073859E-07));
#14168 = VECTOR('',#14169,1.);
#14169 = DIRECTION('',(0.,0.,1.));
#14170 = PCURVE('',#14102,#14171);
#14171 = DEFINITIONAL_REPRESENTATION('',(#14172),#14176);
#14172 = LINE('',#14173,#14174);
#14173 = CARTESIAN_POINT('',(1.624130536626,0.));
#14174 = VECTOR('',#14175,1.);
#14175 = DIRECTION('',(0.,-1.));
#14176 = ( GEOMETRIC_REPRESENTATION_CONTEXT(2) 
PARAMETRIC_REPRESENTATION_CONTEXT() REPRESENTATION_CONTEXT('2D SPACE',''
  ) );
#14177 = PCURVE('',#14178,#14183);
#14178 = PLANE('',#14179);
#14179 = AXIS2_PLACEMENT_3D('',#14180,#14181,#14182);
#14180 = CARTESIAN_POINT('',(11.5700003,52.961541615175,
    1.000000073859E-07));
#14181 = DIRECTION('',(0.880471099922,-0.474099823035,0.));
#14182 = DIRECTION('',(-0.474099823035,-0.880471099922,0.));
#14183 = DEFINITIONAL_REPRESENTATION('',(#14184),#14188);
#14184 = LINE('',#14185,#14186);
#14185 = CARTESIAN_POINT('',(0.,0.));
#14186 = VECTOR('',#14187,1.);
#14187 = DIRECTION('',(0.,-1.));
#14188 = ( GEOMETRIC_REPRESENTATION_CONTEXT(2) 
PARAMETRIC_REPRESENTATION_CONTEXT() REPRESENTATION_CONTEXT('2D SPACE',''
  ) );
#14189 = ORIENTED_EDGE('',*,*,#14190,.F.);
#14190 = EDGE_CURVE('',#14087,#14163,#14191,.T.);
#14191 = SURFACE_CURVE('',#14192,(#14196,#14203),.PCURVE_S1.);
#14192 = LINE('',#14193,#14194);
#14193 = CARTESIAN_POINT('',(13.0000003,53.731541615175,
    1.000000073859E-07));
#14194 = VECTOR('',#14195,1.);
#14195 = DIRECTION('',(-0.880471099922,-0.474099823035,0.));
#14196 = PCURVE('',#14102,#14197);
#14197 = DEFINITIONAL_REPRESENTATION('',(#14198),#14202);
#14198 = LINE('',#14199,#14200);
#14199 = CARTESIAN_POINT('',(0.,0.));
#14200 = VECTOR('',#14201,1.);
#14201 = DIRECTION('',(1.,0.));
#14202 = ( GEOMETRIC_REPRESENTATION_CONTEXT(2) 
PARAMETRIC_REPRESENTATION_CONTEXT() REPRESENTATION_CONTEXT('2D SPACE',''
  ) );
#14203 = PCURVE('',#14047,#14204);
#14204 = DEFINITIONAL_REPRESENTATION('',(#14205),#14209);
#14205 = LINE('',#14206,#14207);
#14206 = CARTESIAN_POINT('',(-2.2,0.));
#14207 = VECTOR('',#14208,1.);
#14208 = DIRECTION('',(0.880471099922,-0.474099823035));
#14209 = ( GEOMETRIC_REPRESENTATION_CONTEXT(2) 
PARAMETRIC_REPRESENTATION_CONTEXT() REPRESENTATION_CONTEXT('2D SPACE',''
  ) );
#14210 = ADVANCED_FACE('',(#14211),#14178,.T.);
#14211 = FACE_BOUND('',#14212,.T.);
#14212 = EDGE_LOOP('',(#14213,#14214,#14237,#14265));
#14213 = ORIENTED_EDGE('',*,*,#14162,.T.);
#14214 = ORIENTED_EDGE('',*,*,#14215,.T.);
#14215 = EDGE_CURVE('',#14140,#14216,#14218,.T.);
#14216 = VERTEX_POINT('',#14217);
#14217 = CARTESIAN_POINT('',(10.8000003,51.531541615175,0.4800001));
#14218 = SURFACE_CURVE('',#14219,(#14223,#14230),.PCURVE_S1.);
#14219 = LINE('',#14220,#14221);
#14220 = CARTESIAN_POINT('',(11.5700003,52.961541615175,0.4800001));
#14221 = VECTOR('',#14222,1.);
#14222 = DIRECTION('',(-0.474099823035,-0.880471099922,0.));
#14223 = PCURVE('',#14178,#14224);
#14224 = DEFINITIONAL_REPRESENTATION('',(#14225),#14229);
#14225 = LINE('',#14226,#14227);
#14226 = CARTESIAN_POINT('',(0.,-0.48));
#14227 = VECTOR('',#14228,1.);
#14228 = DIRECTION('',(1.,0.));
#14229 = ( GEOMETRIC_REPRESENTATION_CONTEXT(2) 
PARAMETRIC_REPRESENTATION_CONTEXT() REPRESENTATION_CONTEXT('2D SPACE',''
  ) );
#14230 = PCURVE('',#13993,#14231);
#14231 = DEFINITIONAL_REPRESENTATION('',(#14232),#14236);
#14232 = LINE('',#14233,#14234);
#14233 = CARTESIAN_POINT('',(-0.77,-0.77));
#14234 = VECTOR('',#14235,1.);
#14235 = DIRECTION('',(0.474099823035,-0.880471099922));
#14236 = ( GEOMETRIC_REPRESENTATION_CONTEXT(2) 
PARAMETRIC_REPRESENTATION_CONTEXT() REPRESENTATION_CONTEXT('2D SPACE',''
  ) );
#14237 = ORIENTED_EDGE('',*,*,#14238,.F.);
#14238 = EDGE_CURVE('',#14239,#14216,#14241,.T.);
#14239 = VERTEX_POINT('',#14240);
#14240 = CARTESIAN_POINT('',(10.8000003,51.531541615175,
    1.000000073859E-07));
#14241 = SURFACE_CURVE('',#14242,(#14246,#14253),.PCURVE_S1.);
#14242 = LINE('',#14243,#14244);
#14243 = CARTESIAN_POINT('',(10.8000003,51.531541615175,
    1.000000073859E-07));
#14244 = VECTOR('',#14245,1.);
#14245 = DIRECTION('',(0.,0.,1.));
#14246 = PCURVE('',#14178,#14247);
#14247 = DEFINITIONAL_REPRESENTATION('',(#14248),#14252);
#14248 = LINE('',#14249,#14250);
#14249 = CARTESIAN_POINT('',(1.624130536626,0.));
#14250 = VECTOR('',#14251,1.);
#14251 = DIRECTION('',(0.,-1.));
#14252 = ( GEOMETRIC_REPRESENTATION_CONTEXT(2) 
PARAMETRIC_REPRESENTATION_CONTEXT() REPRESENTATION_CONTEXT('2D SPACE',''
  ) );
#14253 = PCURVE('',#14254,#14259);
#14254 = PLANE('',#14255);
#14255 = AXIS2_PLACEMENT_3D('',#14256,#14257,#14258);
#14256 = CARTESIAN_POINT('',(10.8000003,51.531541615175,
    1.000000073859E-07));
#14257 = DIRECTION('',(-0.880471099922,-0.474099823035,0.));
#14258 = DIRECTION('',(-0.474099823035,0.880471099922,0.));
#14259 = DEFINITIONAL_REPRESENTATION('',(#14260),#14264);
#14260 = LINE('',#14261,#14262);
#14261 = CARTESIAN_POINT('',(0.,0.));
#14262 = VECTOR('',#14263,1.);
#14263 = DIRECTION('',(0.,-1.));
#14264 = ( GEOMETRIC_REPRESENTATION_CONTEXT(2) 
PARAMETRIC_REPRESENTATION_CONTEXT() REPRESENTATION_CONTEXT('2D SPACE',''
  ) );
#14265 = ORIENTED_EDGE('',*,*,#14266,.F.);
#14266 = EDGE_CURVE('',#14163,#14239,#14267,.T.);
#14267 = SURFACE_CURVE('',#14268,(#14272,#14279),.PCURVE_S1.);
#14268 = LINE('',#14269,#14270);
#14269 = CARTESIAN_POINT('',(11.5700003,52.961541615175,
    1.000000073859E-07));
#14270 = VECTOR('',#14271,1.);
#14271 = DIRECTION('',(-0.474099823035,-0.880471099922,0.));
#14272 = PCURVE('',#14178,#14273);
#14273 = DEFINITIONAL_REPRESENTATION('',(#14274),#14278);
#14274 = LINE('',#14275,#14276);
#14275 = CARTESIAN_POINT('',(0.,0.));
#14276 = VECTOR('',#14277,1.);
#14277 = DIRECTION('',(1.,0.));
#14278 = ( GEOMETRIC_REPRESENTATION_CONTEXT(2) 
PARAMETRIC_REPRESENTATION_CONTEXT() REPRESENTATION_CONTEXT('2D SPACE',''
  ) );
#14279 = PCURVE('',#14047,#14280);
#14280 = DEFINITIONAL_REPRESENTATION('',(#14281),#14285);
#14281 = LINE('',#14282,#14283);
#14282 = CARTESIAN_POINT('',(-0.77,-0.77));
#14283 = VECTOR('',#14284,1.);
#14284 = DIRECTION('',(0.474099823035,-0.880471099922));
#14285 = ( GEOMETRIC_REPRESENTATION_CONTEXT(2) 
PARAMETRIC_REPRESENTATION_CONTEXT() REPRESENTATION_CONTEXT('2D SPACE',''
  ) );
#14286 = ADVANCED_FACE('',(#14287),#14254,.T.);
#14287 = FACE_BOUND('',#14288,.T.);
#14288 = EDGE_LOOP('',(#14289,#14290,#14313,#14341));
#14289 = ORIENTED_EDGE('',*,*,#14238,.T.);
#14290 = ORIENTED_EDGE('',*,*,#14291,.T.);
#14291 = EDGE_CURVE('',#14216,#14292,#14294,.T.);
#14292 = VERTEX_POINT('',#14293);
#14293 = CARTESIAN_POINT('',(10.0300003,52.961541615175,0.4800001));
#14294 = SURFACE_CURVE('',#14295,(#14299,#14306),.PCURVE_S1.);
#14295 = LINE('',#14296,#14297);
#14296 = CARTESIAN_POINT('',(10.8000003,51.531541615175,0.4800001));
#14297 = VECTOR('',#14298,1.);
#14298 = DIRECTION('',(-0.474099823035,0.880471099922,0.));
#14299 = PCURVE('',#14254,#14300);
#14300 = DEFINITIONAL_REPRESENTATION('',(#14301),#14305);
#14301 = LINE('',#14302,#14303);
#14302 = CARTESIAN_POINT('',(0.,-0.48));
#14303 = VECTOR('',#14304,1.);
#14304 = DIRECTION('',(1.,0.));
#14305 = ( GEOMETRIC_REPRESENTATION_CONTEXT(2) 
PARAMETRIC_REPRESENTATION_CONTEXT() REPRESENTATION_CONTEXT('2D SPACE',''
  ) );
#14306 = PCURVE('',#13993,#14307);
#14307 = DEFINITIONAL_REPRESENTATION('',(#14308),#14312);
#14308 = LINE('',#14309,#14310);
#14309 = CARTESIAN_POINT('',(0.,-2.2));
#14310 = VECTOR('',#14311,1.);
#14311 = DIRECTION('',(0.474099823035,0.880471099922));
#14312 = ( GEOMETRIC_REPRESENTATION_CONTEXT(2) 
PARAMETRIC_REPRESENTATION_CONTEXT() REPRESENTATION_CONTEXT('2D SPACE',''
  ) );
#14313 = ORIENTED_EDGE('',*,*,#14314,.F.);
#14314 = EDGE_CURVE('',#14315,#14292,#14317,.T.);
#14315 = VERTEX_POINT('',#14316);
#14316 = CARTESIAN_POINT('',(10.0300003,52.961541615175,
    1.000000073859E-07));
#14317 = SURFACE_CURVE('',#14318,(#14322,#14329),.PCURVE_S1.);
#14318 = LINE('',#14319,#14320);
#14319 = CARTESIAN_POINT('',(10.0300003,52.961541615175,
    1.000000073859E-07));
#14320 = VECTOR('',#14321,1.);
#14321 = DIRECTION('',(0.,0.,1.));
#14322 = PCURVE('',#14254,#14323);
#14323 = DEFINITIONAL_REPRESENTATION('',(#14324),#14328);
#14324 = LINE('',#14325,#14326);
#14325 = CARTESIAN_POINT('',(1.624130536626,0.));
#14326 = VECTOR('',#14327,1.);
#14327 = DIRECTION('',(0.,-1.));
#14328 = ( GEOMETRIC_REPRESENTATION_CONTEXT(2) 
PARAMETRIC_REPRESENTATION_CONTEXT() REPRESENTATION_CONTEXT('2D SPACE',''
  ) );
#14329 = PCURVE('',#14330,#14335);
#14330 = PLANE('',#14331);
#14331 = AXIS2_PLACEMENT_3D('',#14332,#14333,#14334);
#14332 = CARTESIAN_POINT('',(10.0300003,52.961541615175,
    1.000000073859E-07));
#14333 = DIRECTION('',(-0.474099823035,-0.880471099922,0.));
#14334 = DIRECTION('',(-0.880471099922,0.474099823035,0.));
#14335 = DEFINITIONAL_REPRESENTATION('',(#14336),#14340);
#14336 = LINE('',#14337,#14338);
#14337 = CARTESIAN_POINT('',(0.,0.));
#14338 = VECTOR('',#14339,1.);
#14339 = DIRECTION('',(0.,-1.));
#14340 = ( GEOMETRIC_REPRESENTATION_CONTEXT(2) 
PARAMETRIC_REPRESENTATION_CONTEXT() REPRESENTATION_CONTEXT('2D SPACE',''
  ) );
#14341 = ORIENTED_EDGE('',*,*,#14342,.F.);
#14342 = EDGE_CURVE('',#14239,#14315,#14343,.T.);
#14343 = SURFACE_CURVE('',#14344,(#14348,#14355),.PCURVE_S1.);
#14344 = LINE('',#14345,#14346);
#14345 = CARTESIAN_POINT('',(10.8000003,51.531541615175,
    1.000000073859E-07));
#14346 = VECTOR('',#14347,1.);
#14347 = DIRECTION('',(-0.474099823035,0.880471099922,0.));
#14348 = PCURVE('',#14254,#14349);
#14349 = DEFINITIONAL_REPRESENTATION('',(#14350),#14354);
#14350 = LINE('',#14351,#14352);
#14351 = CARTESIAN_POINT('',(0.,0.));
#14352 = VECTOR('',#14353,1.);
#14353 = DIRECTION('',(1.,0.));
#14354 = ( GEOMETRIC_REPRESENTATION_CONTEXT(2) 
PARAMETRIC_REPRESENTATION_CONTEXT() REPRESENTATION_CONTEXT('2D SPACE',''
  ) );
#14355 = PCURVE('',#14047,#14356);
#14356 = DEFINITIONAL_REPRESENTATION('',(#14357),#14361);
#14357 = LINE('',#14358,#14359);
#14358 = CARTESIAN_POINT('',(0.,-2.2));
#14359 = VECTOR('',#14360,1.);
#14360 = DIRECTION('',(0.474099823035,0.880471099922));
#14361 = ( GEOMETRIC_REPRESENTATION_CONTEXT(2) 
PARAMETRIC_REPRESENTATION_CONTEXT() REPRESENTATION_CONTEXT('2D SPACE',''
  ) );
#14362 = ADVANCED_FACE('',(#14363),#14330,.T.);
#14363 = FACE_BOUND('',#14364,.T.);
#14364 = EDGE_LOOP('',(#14365,#14366,#14389,#14417));
#14365 = ORIENTED_EDGE('',*,*,#14314,.T.);
#14366 = ORIENTED_EDGE('',*,*,#14367,.T.);
#14367 = EDGE_CURVE('',#14292,#14368,#14370,.T.);
#14368 = VERTEX_POINT('',#14369);
#14369 = CARTESIAN_POINT('',(8.6000003,53.731541615175,0.4800001));
#14370 = SURFACE_CURVE('',#14371,(#14375,#14382),.PCURVE_S1.);
#14371 = LINE('',#14372,#14373);
#14372 = CARTESIAN_POINT('',(10.0300003,52.961541615175,0.4800001));
#14373 = VECTOR('',#14374,1.);
#14374 = DIRECTION('',(-0.880471099922,0.474099823035,0.));
#14375 = PCURVE('',#14330,#14376);
#14376 = DEFINITIONAL_REPRESENTATION('',(#14377),#14381);
#14377 = LINE('',#14378,#14379);
#14378 = CARTESIAN_POINT('',(0.,-0.48));
#14379 = VECTOR('',#14380,1.);
#14380 = DIRECTION('',(1.,0.));
#14381 = ( GEOMETRIC_REPRESENTATION_CONTEXT(2) 
PARAMETRIC_REPRESENTATION_CONTEXT() REPRESENTATION_CONTEXT('2D SPACE',''
  ) );
#14382 = PCURVE('',#13993,#14383);
#14383 = DEFINITIONAL_REPRESENTATION('',(#14384),#14388);
#14384 = LINE('',#14385,#14386);
#14385 = CARTESIAN_POINT('',(0.77,-0.77));
#14386 = VECTOR('',#14387,1.);
#14387 = DIRECTION('',(0.880471099922,0.474099823035));
#14388 = ( GEOMETRIC_REPRESENTATION_CONTEXT(2) 
PARAMETRIC_REPRESENTATION_CONTEXT() REPRESENTATION_CONTEXT('2D SPACE',''
  ) );
#14389 = ORIENTED_EDGE('',*,*,#14390,.F.);
#14390 = EDGE_CURVE('',#14391,#14368,#14393,.T.);
#14391 = VERTEX_POINT('',#14392);
#14392 = CARTESIAN_POINT('',(8.6000003,53.731541615175,
    1.000000073859E-07));
#14393 = SURFACE_CURVE('',#14394,(#14398,#14405),.PCURVE_S1.);
#14394 = LINE('',#14395,#14396);
#14395 = CARTESIAN_POINT('',(8.6000003,53.731541615175,
    1.000000073859E-07));
#14396 = VECTOR('',#14397,1.);
#14397 = DIRECTION('',(0.,0.,1.));
#14398 = PCURVE('',#14330,#14399);
#14399 = DEFINITIONAL_REPRESENTATION('',(#14400),#14404);
#14400 = LINE('',#14401,#14402);
#14401 = CARTESIAN_POINT('',(1.624130536626,0.));
#14402 = VECTOR('',#14403,1.);
#14403 = DIRECTION('',(0.,-1.));
#14404 = ( GEOMETRIC_REPRESENTATION_CONTEXT(2) 
PARAMETRIC_REPRESENTATION_CONTEXT() REPRESENTATION_CONTEXT('2D SPACE',''
  ) );
#14405 = PCURVE('',#14406,#14411);
#14406 = PLANE('',#14407);
#14407 = AXIS2_PLACEMENT_3D('',#14408,#14409,#14410);
#14408 = CARTESIAN_POINT('',(8.6000003,53.731541615175,
    1.000000073859E-07));
#14409 = DIRECTION('',(-0.474099823035,0.880471099922,0.));
#14410 = DIRECTION('',(0.880471099922,0.474099823035,0.));
#14411 = DEFINITIONAL_REPRESENTATION('',(#14412),#14416);
#14412 = LINE('',#14413,#14414);
#14413 = CARTESIAN_POINT('',(0.,0.));
#14414 = VECTOR('',#14415,1.);
#14415 = DIRECTION('',(0.,-1.));
#14416 = ( GEOMETRIC_REPRESENTATION_CONTEXT(2) 
PARAMETRIC_REPRESENTATION_CONTEXT() REPRESENTATION_CONTEXT('2D SPACE',''
  ) );
#14417 = ORIENTED_EDGE('',*,*,#14418,.F.);
#14418 = EDGE_CURVE('',#14315,#14391,#14419,.T.);
#14419 = SURFACE_CURVE('',#14420,(#14424,#14431),.PCURVE_S1.);
#14420 = LINE('',#14421,#14422);
#14421 = CARTESIAN_POINT('',(10.0300003,52.961541615175,
    1.000000073859E-07));
#14422 = VECTOR('',#14423,1.);
#14423 = DIRECTION('',(-0.880471099922,0.474099823035,0.));
#14424 = PCURVE('',#14330,#14425);
#14425 = DEFINITIONAL_REPRESENTATION('',(#14426),#14430);
#14426 = LINE('',#14427,#14428);
#14427 = CARTESIAN_POINT('',(0.,0.));
#14428 = VECTOR('',#14429,1.);
#14429 = DIRECTION('',(1.,0.));
#14430 = ( GEOMETRIC_REPRESENTATION_CONTEXT(2) 
PARAMETRIC_REPRESENTATION_CONTEXT() REPRESENTATION_CONTEXT('2D SPACE',''
  ) );
#14431 = PCURVE('',#14047,#14432);
#14432 = DEFINITIONAL_REPRESENTATION('',(#14433),#14437);
#14433 = LINE('',#14434,#14435);
#14434 = CARTESIAN_POINT('',(0.77,-0.77));
#14435 = VECTOR('',#14436,1.);
#14436 = DIRECTION('',(0.880471099922,0.474099823035));
#14437 = ( GEOMETRIC_REPRESENTATION_CONTEXT(2) 
PARAMETRIC_REPRESENTATION_CONTEXT() REPRESENTATION_CONTEXT('2D SPACE',''
  ) );
#14438 = ADVANCED_FACE('',(#14439),#14406,.T.);
#14439 = FACE_BOUND('',#14440,.T.);
#14440 = EDGE_LOOP('',(#14441,#14442,#14465,#14488));
#14441 = ORIENTED_EDGE('',*,*,#14390,.T.);
#14442 = ORIENTED_EDGE('',*,*,#14443,.T.);
#14443 = EDGE_CURVE('',#14368,#14444,#14446,.T.);
#14444 = VERTEX_POINT('',#14445);
#14445 = CARTESIAN_POINT('',(10.0300003,54.501541615175,0.4800001));
#14446 = SURFACE_CURVE('',#14447,(#14451,#14458),.PCURVE_S1.);
#14447 = LINE('',#14448,#14449);
#14448 = CARTESIAN_POINT('',(8.6000003,53.731541615175,0.4800001));
#14449 = VECTOR('',#14450,1.);
#14450 = DIRECTION('',(0.880471099922,0.474099823035,0.));
#14451 = PCURVE('',#14406,#14452);
#14452 = DEFINITIONAL_REPRESENTATION('',(#14453),#14457);
#14453 = LINE('',#14454,#14455);
#14454 = CARTESIAN_POINT('',(0.,-0.48));
#14455 = VECTOR('',#14456,1.);
#14456 = DIRECTION('',(1.,0.));
#14457 = ( GEOMETRIC_REPRESENTATION_CONTEXT(2) 
PARAMETRIC_REPRESENTATION_CONTEXT() REPRESENTATION_CONTEXT('2D SPACE',''
  ) );
#14458 = PCURVE('',#13993,#14459);
#14459 = DEFINITIONAL_REPRESENTATION('',(#14460),#14464);
#14460 = LINE('',#14461,#14462);
#14461 = CARTESIAN_POINT('',(2.2,0.));
#14462 = VECTOR('',#14463,1.);
#14463 = DIRECTION('',(-0.880471099922,0.474099823035));
#14464 = ( GEOMETRIC_REPRESENTATION_CONTEXT(2) 
PARAMETRIC_REPRESENTATION_CONTEXT() REPRESENTATION_CONTEXT('2D SPACE',''
  ) );
#14465 = ORIENTED_EDGE('',*,*,#14466,.F.);
#14466 = EDGE_CURVE('',#14467,#14444,#14469,.T.);
#14467 = VERTEX_POINT('',#14468);
#14468 = CARTESIAN_POINT('',(10.0300003,54.501541615175,
    1.000000073859E-07));
#14469 = SURFACE_CURVE('',#14470,(#14474,#14481),.PCURVE_S1.);
#14470 = LINE('',#14471,#14472);
#14471 = CARTESIAN_POINT('',(10.0300003,54.501541615175,
    1.000000073859E-07));
#14472 = VECTOR('',#14473,1.);
#14473 = DIRECTION('',(0.,0.,1.));
#14474 = PCURVE('',#14406,#14475);
#14475 = DEFINITIONAL_REPRESENTATION('',(#14476),#14480);
#14476 = LINE('',#14477,#14478);
#14477 = CARTESIAN_POINT('',(1.624130536626,0.));
#14478 = VECTOR('',#14479,1.);
#14479 = DIRECTION('',(0.,-1.));
#14480 = ( GEOMETRIC_REPRESENTATION_CONTEXT(2) 
PARAMETRIC_REPRESENTATION_CONTEXT() REPRESENTATION_CONTEXT('2D SPACE',''
  ) );
#14481 = PCURVE('',#13965,#14482);
#14482 = DEFINITIONAL_REPRESENTATION('',(#14483),#14487);
#14483 = LINE('',#14484,#14485);
#14484 = CARTESIAN_POINT('',(0.,0.));
#14485 = VECTOR('',#14486,1.);
#14486 = DIRECTION('',(0.,-1.));
#14487 = ( GEOMETRIC_REPRESENTATION_CONTEXT(2) 
PARAMETRIC_REPRESENTATION_CONTEXT() REPRESENTATION_CONTEXT('2D SPACE',''
  ) );
#14488 = ORIENTED_EDGE('',*,*,#14489,.F.);
#14489 = EDGE_CURVE('',#14391,#14467,#14490,.T.);
#14490 = SURFACE_CURVE('',#14491,(#14495,#14502),.PCURVE_S1.);
#14491 = LINE('',#14492,#14493);
#14492 = CARTESIAN_POINT('',(8.6000003,53.731541615175,
    1.000000073859E-07));
#14493 = VECTOR('',#14494,1.);
#14494 = DIRECTION('',(0.880471099922,0.474099823035,0.));
#14495 = PCURVE('',#14406,#14496);
#14496 = DEFINITIONAL_REPRESENTATION('',(#14497),#14501);
#14497 = LINE('',#14498,#14499);
#14498 = CARTESIAN_POINT('',(0.,0.));
#14499 = VECTOR('',#14500,1.);
#14500 = DIRECTION('',(1.,0.));
#14501 = ( GEOMETRIC_REPRESENTATION_CONTEXT(2) 
PARAMETRIC_REPRESENTATION_CONTEXT() REPRESENTATION_CONTEXT('2D SPACE',''
  ) );
#14502 = PCURVE('',#14047,#14503);
#14503 = DEFINITIONAL_REPRESENTATION('',(#14504),#14508);
#14504 = LINE('',#14505,#14506);
#14505 = CARTESIAN_POINT('',(2.2,0.));
#14506 = VECTOR('',#14507,1.);
#14507 = DIRECTION('',(-0.880471099922,0.474099823035));
#14508 = ( GEOMETRIC_REPRESENTATION_CONTEXT(2) 
PARAMETRIC_REPRESENTATION_CONTEXT() REPRESENTATION_CONTEXT('2D SPACE',''
  ) );
#14509 = ADVANCED_FACE('',(#14510),#13965,.T.);
#14510 = FACE_BOUND('',#14511,.T.);
#14511 = EDGE_LOOP('',(#14512,#14513,#14534,#14535));
#14512 = ORIENTED_EDGE('',*,*,#14466,.T.);
#14513 = ORIENTED_EDGE('',*,*,#14514,.T.);
#14514 = EDGE_CURVE('',#14444,#13945,#14515,.T.);
#14515 = SURFACE_CURVE('',#14516,(#14520,#14527),.PCURVE_S1.);
#14516 = LINE('',#14517,#14518);
#14517 = CARTESIAN_POINT('',(10.0300003,54.501541615175,0.4800001));
#14518 = VECTOR('',#14519,1.);
#14519 = DIRECTION('',(0.474099823035,0.880471099922,0.));
#14520 = PCURVE('',#13965,#14521);
#14521 = DEFINITIONAL_REPRESENTATION('',(#14522),#14526);
#14522 = LINE('',#14523,#14524);
#14523 = CARTESIAN_POINT('',(0.,-0.48));
#14524 = VECTOR('',#14525,1.);
#14525 = DIRECTION('',(1.,0.));
#14526 = ( GEOMETRIC_REPRESENTATION_CONTEXT(2) 
PARAMETRIC_REPRESENTATION_CONTEXT() REPRESENTATION_CONTEXT('2D SPACE',''
  ) );
#14527 = PCURVE('',#13993,#14528);
#14528 = DEFINITIONAL_REPRESENTATION('',(#14529),#14533);
#14529 = LINE('',#14530,#14531);
#14530 = CARTESIAN_POINT('',(0.77,0.77));
#14531 = VECTOR('',#14532,1.);
#14532 = DIRECTION('',(-0.474099823035,0.880471099922));
#14533 = ( GEOMETRIC_REPRESENTATION_CONTEXT(2) 
PARAMETRIC_REPRESENTATION_CONTEXT() REPRESENTATION_CONTEXT('2D SPACE',''
  ) );
#14534 = ORIENTED_EDGE('',*,*,#13942,.F.);
#14535 = ORIENTED_EDGE('',*,*,#14536,.F.);
#14536 = EDGE_CURVE('',#14467,#13943,#14537,.T.);
#14537 = SURFACE_CURVE('',#14538,(#14542,#14549),.PCURVE_S1.);
#14538 = LINE('',#14539,#14540);
#14539 = CARTESIAN_POINT('',(10.0300003,54.501541615175,
    1.000000073859E-07));
#14540 = VECTOR('',#14541,1.);
#14541 = DIRECTION('',(0.474099823035,0.880471099922,0.));
#14542 = PCURVE('',#13965,#14543);
#14543 = DEFINITIONAL_REPRESENTATION('',(#14544),#14548);
#14544 = LINE('',#14545,#14546);
#14545 = CARTESIAN_POINT('',(0.,0.));
#14546 = VECTOR('',#14547,1.);
#14547 = DIRECTION('',(1.,0.));
#14548 = ( GEOMETRIC_REPRESENTATION_CONTEXT(2) 
PARAMETRIC_REPRESENTATION_CONTEXT() REPRESENTATION_CONTEXT('2D SPACE',''
  ) );
#14549 = PCURVE('',#14047,#14550);
#14550 = DEFINITIONAL_REPRESENTATION('',(#14551),#14555);
#14551 = LINE('',#14552,#14553);
#14552 = CARTESIAN_POINT('',(0.77,0.77));
#14553 = VECTOR('',#14554,1.);
#14554 = DIRECTION('',(-0.474099823035,0.880471099922));
#14555 = ( GEOMETRIC_REPRESENTATION_CONTEXT(2) 
PARAMETRIC_REPRESENTATION_CONTEXT() REPRESENTATION_CONTEXT('2D SPACE',''
  ) );
#14556 = ADVANCED_FACE('',(#14557),#14047,.T.);
#14557 = FACE_BOUND('',#14558,.T.);
#14558 = EDGE_LOOP('',(#14559,#14560,#14561,#14562,#14563,#14564,#14565,
    #14566));
#14559 = ORIENTED_EDGE('',*,*,#14033,.T.);
#14560 = ORIENTED_EDGE('',*,*,#14114,.T.);
#14561 = ORIENTED_EDGE('',*,*,#14190,.T.);
#14562 = ORIENTED_EDGE('',*,*,#14266,.T.);
#14563 = ORIENTED_EDGE('',*,*,#14342,.T.);
#14564 = ORIENTED_EDGE('',*,*,#14418,.T.);
#14565 = ORIENTED_EDGE('',*,*,#14489,.T.);
#14566 = ORIENTED_EDGE('',*,*,#14536,.T.);
#14567 = ADVANCED_FACE('',(#14568),#13993,.F.);
#14568 = FACE_BOUND('',#14569,.F.);
#14569 = EDGE_LOOP('',(#14570,#14571,#14572,#14573,#14574,#14575,#14576,
    #14577));
#14570 = ORIENTED_EDGE('',*,*,#13977,.T.);
#14571 = ORIENTED_EDGE('',*,*,#14063,.T.);
#14572 = ORIENTED_EDGE('',*,*,#14139,.T.);
#14573 = ORIENTED_EDGE('',*,*,#14215,.T.);
#14574 = ORIENTED_EDGE('',*,*,#14291,.T.);
#14575 = ORIENTED_EDGE('',*,*,#14367,.T.);
#14576 = ORIENTED_EDGE('',*,*,#14443,.T.);
#14577 = ORIENTED_EDGE('',*,*,#14514,.T.);
#14578 = ( GEOMETRIC_REPRESENTATION_CONTEXT(3) 
GLOBAL_UNCERTAINTY_ASSIGNED_CONTEXT((#14582)) 
GLOBAL_UNIT_ASSIGNED_CONTEXT((#14579,#14580,#14581)) 
REPRESENTATION_CONTEXT('Context #1',
  '3D Context with UNIT and UNCERTAINTY') );
#14579 = ( LENGTH_UNIT() NAMED_UNIT(*) SI_UNIT(.MILLI.,.METRE.) );
#14580 = ( NAMED_UNIT(*) PLANE_ANGLE_UNIT() SI_UNIT($,.RADIAN.) );
#14581 = ( NAMED_UNIT(*) SI_UNIT($,.STERADIAN.) SOLID_ANGLE_UNIT() );
#14582 = UNCERTAINTY_MEASURE_WITH_UNIT(LENGTH_MEASURE(1.E-07),#14579,
  'distance_accuracy_value','confusion accuracy');
#14583 = CONTEXT_DEPENDENT_SHAPE_REPRESENTATION(#14584,#14586);
#14584 = ( REPRESENTATION_RELATIONSHIP('','',#13935,#10) 
REPRESENTATION_RELATIONSHIP_WITH_TRANSFORMATION(#14585) 
SHAPE_REPRESENTATION_RELATIONSHIP() );
#14585 = ITEM_DEFINED_TRANSFORMATION('','',#11,#99);
#14586 = PRODUCT_DEFINITION_SHAPE('Placement','Placement of an item',
  #14587);
#14587 = NEXT_ASSEMBLY_USAGE_OCCURRENCE('272','','',#5,#13930,$);
#14588 = PRODUCT_RELATED_PRODUCT_CATEGORY('part',$,(#13932));
#14589 = SHAPE_DEFINITION_REPRESENTATION(#14590,#14596);
#14590 = PRODUCT_DEFINITION_SHAPE('','',#14591);
#14591 = PRODUCT_DEFINITION('design','',#14592,#14595);
#14592 = PRODUCT_DEFINITION_FORMATION('','',#14593);
#14593 = PRODUCT('Open CASCADE STEP translator 7.8 2.23',
  'Open CASCADE STEP translator 7.8 2.23','',(#14594));
#14594 = PRODUCT_CONTEXT('',#2,'mechanical');
#14595 = PRODUCT_DEFINITION_CONTEXT('part definition',#2,'design');
#14596 = ADVANCED_BREP_SHAPE_REPRESENTATION('',(#11,#14597),#15239);
#14597 = MANIFOLD_SOLID_BREP('',#14598);
#14598 = CLOSED_SHELL('',(#14599,#14719,#14795,#14871,#14947,#15023,
    #15099,#15170,#15217,#15228));
#14599 = ADVANCED_FACE('',(#14600),#14614,.T.);
#14600 = FACE_BOUND('',#14601,.T.);
#14601 = EDGE_LOOP('',(#14602,#14637,#14665,#14693));
#14602 = ORIENTED_EDGE('',*,*,#14603,.T.);
#14603 = EDGE_CURVE('',#14604,#14606,#14608,.T.);
#14604 = VERTEX_POINT('',#14605);
#14605 = CARTESIAN_POINT('',(19.0000005,55.531541615175,
    1.000000073859E-07));
#14606 = VERTEX_POINT('',#14607);
#14607 = CARTESIAN_POINT('',(19.0000005,55.531541615175,0.4800001));
#14608 = SURFACE_CURVE('',#14609,(#14613,#14625),.PCURVE_S1.);
#14609 = LINE('',#14610,#14611);
#14610 = CARTESIAN_POINT('',(19.0000005,55.531541615175,
    1.000000073859E-07));
#14611 = VECTOR('',#14612,1.);
#14612 = DIRECTION('',(0.,0.,1.));
#14613 = PCURVE('',#14614,#14619);
#14614 = PLANE('',#14615);
#14615 = AXIS2_PLACEMENT_3D('',#14616,#14617,#14618);
#14616 = CARTESIAN_POINT('',(19.0000005,55.531541615175,
    1.000000073859E-07));
#14617 = DIRECTION('',(0.880471099922,0.474099823035,-0.));
#14618 = DIRECTION('',(0.474099823035,-0.880471099922,0.));
#14619 = DEFINITIONAL_REPRESENTATION('',(#14620),#14624);
#14620 = LINE('',#14621,#14622);
#14621 = CARTESIAN_POINT('',(0.,0.));
#14622 = VECTOR('',#14623,1.);
#14623 = DIRECTION('',(0.,-1.));
#14624 = ( GEOMETRIC_REPRESENTATION_CONTEXT(2) 
PARAMETRIC_REPRESENTATION_CONTEXT() REPRESENTATION_CONTEXT('2D SPACE',''
  ) );
#14625 = PCURVE('',#14626,#14631);
#14626 = PLANE('',#14627);
#14627 = AXIS2_PLACEMENT_3D('',#14628,#14629,#14630);
#14628 = CARTESIAN_POINT('',(18.3000005,54.231541615175,
    1.000000073859E-07));
#14629 = DIRECTION('',(-0.880471099922,0.474099823035,0.));
#14630 = DIRECTION('',(0.474099823035,0.880471099922,0.));
#14631 = DEFINITIONAL_REPRESENTATION('',(#14632),#14636);
#14632 = LINE('',#14633,#14634);
#14633 = CARTESIAN_POINT('',(1.476482306023,0.));
#14634 = VECTOR('',#14635,1.);
#14635 = DIRECTION('',(0.,-1.));
#14636 = ( GEOMETRIC_REPRESENTATION_CONTEXT(2) 
PARAMETRIC_REPRESENTATION_CONTEXT() REPRESENTATION_CONTEXT('2D SPACE',''
  ) );
#14637 = ORIENTED_EDGE('',*,*,#14638,.T.);
#14638 = EDGE_CURVE('',#14606,#14639,#14641,.T.);
#14639 = VERTEX_POINT('',#14640);
#14640 = CARTESIAN_POINT('',(19.7000005,54.231541615175,0.4800001));
#14641 = SURFACE_CURVE('',#14642,(#14646,#14653),.PCURVE_S1.);
#14642 = LINE('',#14643,#14644);
#14643 = CARTESIAN_POINT('',(19.0000005,55.531541615175,0.4800001));
#14644 = VECTOR('',#14645,1.);
#14645 = DIRECTION('',(0.474099823035,-0.880471099922,0.));
#14646 = PCURVE('',#14614,#14647);
#14647 = DEFINITIONAL_REPRESENTATION('',(#14648),#14652);
#14648 = LINE('',#14649,#14650);
#14649 = CARTESIAN_POINT('',(0.,-0.48));
#14650 = VECTOR('',#14651,1.);
#14651 = DIRECTION('',(1.,0.));
#14652 = ( GEOMETRIC_REPRESENTATION_CONTEXT(2) 
PARAMETRIC_REPRESENTATION_CONTEXT() REPRESENTATION_CONTEXT('2D SPACE',''
  ) );
#14653 = PCURVE('',#14654,#14659);
#14654 = PLANE('',#14655);
#14655 = AXIS2_PLACEMENT_3D('',#14656,#14657,#14658);
#14656 = CARTESIAN_POINT('',(19.0000005,53.531541615175,0.4800001));
#14657 = DIRECTION('',(-0.,-0.,-1.));
#14658 = DIRECTION('',(-1.,0.,0.));
#14659 = DEFINITIONAL_REPRESENTATION('',(#14660),#14664);
#14660 = LINE('',#14661,#14662);
#14661 = CARTESIAN_POINT('',(0.,2.));
#14662 = VECTOR('',#14663,1.);
#14663 = DIRECTION('',(-0.474099823035,-0.880471099922));
#14664 = ( GEOMETRIC_REPRESENTATION_CONTEXT(2) 
PARAMETRIC_REPRESENTATION_CONTEXT() REPRESENTATION_CONTEXT('2D SPACE',''
  ) );
#14665 = ORIENTED_EDGE('',*,*,#14666,.F.);
#14666 = EDGE_CURVE('',#14667,#14639,#14669,.T.);
#14667 = VERTEX_POINT('',#14668);
#14668 = CARTESIAN_POINT('',(19.7000005,54.231541615175,
    1.000000073859E-07));
#14669 = SURFACE_CURVE('',#14670,(#14674,#14681),.PCURVE_S1.);
#14670 = LINE('',#14671,#14672);
#14671 = CARTESIAN_POINT('',(19.7000005,54.231541615175,
    1.000000073859E-07));
#14672 = VECTOR('',#14673,1.);
#14673 = DIRECTION('',(0.,0.,1.));
#14674 = PCURVE('',#14614,#14675);
#14675 = DEFINITIONAL_REPRESENTATION('',(#14676),#14680);
#14676 = LINE('',#14677,#14678);
#14677 = CARTESIAN_POINT('',(1.476482306023,0.));
#14678 = VECTOR('',#14679,1.);
#14679 = DIRECTION('',(0.,-1.));
#14680 = ( GEOMETRIC_REPRESENTATION_CONTEXT(2) 
PARAMETRIC_REPRESENTATION_CONTEXT() REPRESENTATION_CONTEXT('2D SPACE',''
  ) );
#14681 = PCURVE('',#14682,#14687);
#14682 = PLANE('',#14683);
#14683 = AXIS2_PLACEMENT_3D('',#14684,#14685,#14686);
#14684 = CARTESIAN_POINT('',(19.7000005,54.231541615175,
    1.000000073859E-07));
#14685 = DIRECTION('',(0.474099823035,0.880471099922,-0.));
#14686 = DIRECTION('',(0.880471099922,-0.474099823035,0.));
#14687 = DEFINITIONAL_REPRESENTATION('',(#14688),#14692);
#14688 = LINE('',#14689,#14690);
#14689 = CARTESIAN_POINT('',(0.,0.));
#14690 = VECTOR('',#14691,1.);
#14691 = DIRECTION('',(0.,-1.));
#14692 = ( GEOMETRIC_REPRESENTATION_CONTEXT(2) 
PARAMETRIC_REPRESENTATION_CONTEXT() REPRESENTATION_CONTEXT('2D SPACE',''
  ) );
#14693 = ORIENTED_EDGE('',*,*,#14694,.F.);
#14694 = EDGE_CURVE('',#14604,#14667,#14695,.T.);
#14695 = SURFACE_CURVE('',#14696,(#14700,#14707),.PCURVE_S1.);
#14696 = LINE('',#14697,#14698);
#14697 = CARTESIAN_POINT('',(19.0000005,55.531541615175,
    1.000000073859E-07));
#14698 = VECTOR('',#14699,1.);
#14699 = DIRECTION('',(0.474099823035,-0.880471099922,0.));
#14700 = PCURVE('',#14614,#14701);
#14701 = DEFINITIONAL_REPRESENTATION('',(#14702),#14706);
#14702 = LINE('',#14703,#14704);
#14703 = CARTESIAN_POINT('',(0.,0.));
#14704 = VECTOR('',#14705,1.);
#14705 = DIRECTION('',(1.,0.));
#14706 = ( GEOMETRIC_REPRESENTATION_CONTEXT(2) 
PARAMETRIC_REPRESENTATION_CONTEXT() REPRESENTATION_CONTEXT('2D SPACE',''
  ) );
#14707 = PCURVE('',#14708,#14713);
#14708 = PLANE('',#14709);
#14709 = AXIS2_PLACEMENT_3D('',#14710,#14711,#14712);
#14710 = CARTESIAN_POINT('',(19.0000005,53.531541615175,
    1.000000073859E-07));
#14711 = DIRECTION('',(-0.,-0.,-1.));
#14712 = DIRECTION('',(-1.,0.,0.));
#14713 = DEFINITIONAL_REPRESENTATION('',(#14714),#14718);
#14714 = LINE('',#14715,#14716);
#14715 = CARTESIAN_POINT('',(0.,2.));
#14716 = VECTOR('',#14717,1.);
#14717 = DIRECTION('',(-0.474099823035,-0.880471099922));
#14718 = ( GEOMETRIC_REPRESENTATION_CONTEXT(2) 
PARAMETRIC_REPRESENTATION_CONTEXT() REPRESENTATION_CONTEXT('2D SPACE',''
  ) );
#14719 = ADVANCED_FACE('',(#14720),#14682,.T.);
#14720 = FACE_BOUND('',#14721,.T.);
#14721 = EDGE_LOOP('',(#14722,#14723,#14746,#14774));
#14722 = ORIENTED_EDGE('',*,*,#14666,.T.);
#14723 = ORIENTED_EDGE('',*,*,#14724,.T.);
#14724 = EDGE_CURVE('',#14639,#14725,#14727,.T.);
#14725 = VERTEX_POINT('',#14726);
#14726 = CARTESIAN_POINT('',(21.0000005,53.531541615175,0.4800001));
#14727 = SURFACE_CURVE('',#14728,(#14732,#14739),.PCURVE_S1.);
#14728 = LINE('',#14729,#14730);
#14729 = CARTESIAN_POINT('',(19.7000005,54.231541615175,0.4800001));
#14730 = VECTOR('',#14731,1.);
#14731 = DIRECTION('',(0.880471099922,-0.474099823035,0.));
#14732 = PCURVE('',#14682,#14733);
#14733 = DEFINITIONAL_REPRESENTATION('',(#14734),#14738);
#14734 = LINE('',#14735,#14736);
#14735 = CARTESIAN_POINT('',(0.,-0.48));
#14736 = VECTOR('',#14737,1.);
#14737 = DIRECTION('',(1.,0.));
#14738 = ( GEOMETRIC_REPRESENTATION_CONTEXT(2) 
PARAMETRIC_REPRESENTATION_CONTEXT() REPRESENTATION_CONTEXT('2D SPACE',''
  ) );
#14739 = PCURVE('',#14654,#14740);
#14740 = DEFINITIONAL_REPRESENTATION('',(#14741),#14745);
#14741 = LINE('',#14742,#14743);
#14742 = CARTESIAN_POINT('',(-0.7,0.7));
#14743 = VECTOR('',#14744,1.);
#14744 = DIRECTION('',(-0.880471099922,-0.474099823035));
#14745 = ( GEOMETRIC_REPRESENTATION_CONTEXT(2) 
PARAMETRIC_REPRESENTATION_CONTEXT() REPRESENTATION_CONTEXT('2D SPACE',''
  ) );
#14746 = ORIENTED_EDGE('',*,*,#14747,.F.);
#14747 = EDGE_CURVE('',#14748,#14725,#14750,.T.);
#14748 = VERTEX_POINT('',#14749);
#14749 = CARTESIAN_POINT('',(21.0000005,53.531541615175,
    1.000000073859E-07));
#14750 = SURFACE_CURVE('',#14751,(#14755,#14762),.PCURVE_S1.);
#14751 = LINE('',#14752,#14753);
#14752 = CARTESIAN_POINT('',(21.0000005,53.531541615175,
    1.000000073859E-07));
#14753 = VECTOR('',#14754,1.);
#14754 = DIRECTION('',(0.,0.,1.));
#14755 = PCURVE('',#14682,#14756);
#14756 = DEFINITIONAL_REPRESENTATION('',(#14757),#14761);
#14757 = LINE('',#14758,#14759);
#14758 = CARTESIAN_POINT('',(1.476482306023,0.));
#14759 = VECTOR('',#14760,1.);
#14760 = DIRECTION('',(0.,-1.));
#14761 = ( GEOMETRIC_REPRESENTATION_CONTEXT(2) 
PARAMETRIC_REPRESENTATION_CONTEXT() REPRESENTATION_CONTEXT('2D SPACE',''
  ) );
#14762 = PCURVE('',#14763,#14768);
#14763 = PLANE('',#14764);
#14764 = AXIS2_PLACEMENT_3D('',#14765,#14766,#14767);
#14765 = CARTESIAN_POINT('',(21.0000005,53.531541615175,
    1.000000073859E-07));
#14766 = DIRECTION('',(0.474099823035,-0.880471099922,0.));
#14767 = DIRECTION('',(-0.880471099922,-0.474099823035,0.));
#14768 = DEFINITIONAL_REPRESENTATION('',(#14769),#14773);
#14769 = LINE('',#14770,#14771);
#14770 = CARTESIAN_POINT('',(0.,0.));
#14771 = VECTOR('',#14772,1.);
#14772 = DIRECTION('',(0.,-1.));
#14773 = ( GEOMETRIC_REPRESENTATION_CONTEXT(2) 
PARAMETRIC_REPRESENTATION_CONTEXT() REPRESENTATION_CONTEXT('2D SPACE',''
  ) );
#14774 = ORIENTED_EDGE('',*,*,#14775,.F.);
#14775 = EDGE_CURVE('',#14667,#14748,#14776,.T.);
#14776 = SURFACE_CURVE('',#14777,(#14781,#14788),.PCURVE_S1.);
#14777 = LINE('',#14778,#14779);
#14778 = CARTESIAN_POINT('',(19.7000005,54.231541615175,
    1.000000073859E-07));
#14779 = VECTOR('',#14780,1.);
#14780 = DIRECTION('',(0.880471099922,-0.474099823035,0.));
#14781 = PCURVE('',#14682,#14782);
#14782 = DEFINITIONAL_REPRESENTATION('',(#14783),#14787);
#14783 = LINE('',#14784,#14785);
#14784 = CARTESIAN_POINT('',(0.,0.));
#14785 = VECTOR('',#14786,1.);
#14786 = DIRECTION('',(1.,0.));
#14787 = ( GEOMETRIC_REPRESENTATION_CONTEXT(2) 
PARAMETRIC_REPRESENTATION_CONTEXT() REPRESENTATION_CONTEXT('2D SPACE',''
  ) );
#14788 = PCURVE('',#14708,#14789);
#14789 = DEFINITIONAL_REPRESENTATION('',(#14790),#14794);
#14790 = LINE('',#14791,#14792);
#14791 = CARTESIAN_POINT('',(-0.7,0.7));
#14792 = VECTOR('',#14793,1.);
#14793 = DIRECTION('',(-0.880471099922,-0.474099823035));
#14794 = ( GEOMETRIC_REPRESENTATION_CONTEXT(2) 
PARAMETRIC_REPRESENTATION_CONTEXT() REPRESENTATION_CONTEXT('2D SPACE',''
  ) );
#14795 = ADVANCED_FACE('',(#14796),#14763,.T.);
#14796 = FACE_BOUND('',#14797,.T.);
#14797 = EDGE_LOOP('',(#14798,#14799,#14822,#14850));
#14798 = ORIENTED_EDGE('',*,*,#14747,.T.);
#14799 = ORIENTED_EDGE('',*,*,#14800,.T.);
#14800 = EDGE_CURVE('',#14725,#14801,#14803,.T.);
#14801 = VERTEX_POINT('',#14802);
#14802 = CARTESIAN_POINT('',(19.7000005,52.831541615175,0.4800001));
#14803 = SURFACE_CURVE('',#14804,(#14808,#14815),.PCURVE_S1.);
#14804 = LINE('',#14805,#14806);
#14805 = CARTESIAN_POINT('',(21.0000005,53.531541615175,0.4800001));
#14806 = VECTOR('',#14807,1.);
#14807 = DIRECTION('',(-0.880471099922,-0.474099823035,0.));
#14808 = PCURVE('',#14763,#14809);
#14809 = DEFINITIONAL_REPRESENTATION('',(#14810),#14814);
#14810 = LINE('',#14811,#14812);
#14811 = CARTESIAN_POINT('',(0.,-0.48));
#14812 = VECTOR('',#14813,1.);
#14813 = DIRECTION('',(1.,0.));
#14814 = ( GEOMETRIC_REPRESENTATION_CONTEXT(2) 
PARAMETRIC_REPRESENTATION_CONTEXT() REPRESENTATION_CONTEXT('2D SPACE',''
  ) );
#14815 = PCURVE('',#14654,#14816);
#14816 = DEFINITIONAL_REPRESENTATION('',(#14817),#14821);
#14817 = LINE('',#14818,#14819);
#14818 = CARTESIAN_POINT('',(-2.,0.));
#14819 = VECTOR('',#14820,1.);
#14820 = DIRECTION('',(0.880471099922,-0.474099823035));
#14821 = ( GEOMETRIC_REPRESENTATION_CONTEXT(2) 
PARAMETRIC_REPRESENTATION_CONTEXT() REPRESENTATION_CONTEXT('2D SPACE',''
  ) );
#14822 = ORIENTED_EDGE('',*,*,#14823,.F.);
#14823 = EDGE_CURVE('',#14824,#14801,#14826,.T.);
#14824 = VERTEX_POINT('',#14825);
#14825 = CARTESIAN_POINT('',(19.7000005,52.831541615175,
    1.000000073859E-07));
#14826 = SURFACE_CURVE('',#14827,(#14831,#14838),.PCURVE_S1.);
#14827 = LINE('',#14828,#14829);
#14828 = CARTESIAN_POINT('',(19.7000005,52.831541615175,
    1.000000073859E-07));
#14829 = VECTOR('',#14830,1.);
#14830 = DIRECTION('',(0.,0.,1.));
#14831 = PCURVE('',#14763,#14832);
#14832 = DEFINITIONAL_REPRESENTATION('',(#14833),#14837);
#14833 = LINE('',#14834,#14835);
#14834 = CARTESIAN_POINT('',(1.476482306023,0.));
#14835 = VECTOR('',#14836,1.);
#14836 = DIRECTION('',(0.,-1.));
#14837 = ( GEOMETRIC_REPRESENTATION_CONTEXT(2) 
PARAMETRIC_REPRESENTATION_CONTEXT() REPRESENTATION_CONTEXT('2D SPACE',''
  ) );
#14838 = PCURVE('',#14839,#14844);
#14839 = PLANE('',#14840);
#14840 = AXIS2_PLACEMENT_3D('',#14841,#14842,#14843);
#14841 = CARTESIAN_POINT('',(19.7000005,52.831541615175,
    1.000000073859E-07));
#14842 = DIRECTION('',(0.880471099922,-0.474099823035,0.));
#14843 = DIRECTION('',(-0.474099823035,-0.880471099922,0.));
#14844 = DEFINITIONAL_REPRESENTATION('',(#14845),#14849);
#14845 = LINE('',#14846,#14847);
#14846 = CARTESIAN_POINT('',(0.,0.));
#14847 = VECTOR('',#14848,1.);
#14848 = DIRECTION('',(0.,-1.));
#14849 = ( GEOMETRIC_REPRESENTATION_CONTEXT(2) 
PARAMETRIC_REPRESENTATION_CONTEXT() REPRESENTATION_CONTEXT('2D SPACE',''
  ) );
#14850 = ORIENTED_EDGE('',*,*,#14851,.F.);
#14851 = EDGE_CURVE('',#14748,#14824,#14852,.T.);
#14852 = SURFACE_CURVE('',#14853,(#14857,#14864),.PCURVE_S1.);
#14853 = LINE('',#14854,#14855);
#14854 = CARTESIAN_POINT('',(21.0000005,53.531541615175,
    1.000000073859E-07));
#14855 = VECTOR('',#14856,1.);
#14856 = DIRECTION('',(-0.880471099922,-0.474099823035,0.));
#14857 = PCURVE('',#14763,#14858);
#14858 = DEFINITIONAL_REPRESENTATION('',(#14859),#14863);
#14859 = LINE('',#14860,#14861);
#14860 = CARTESIAN_POINT('',(0.,0.));
#14861 = VECTOR('',#14862,1.);
#14862 = DIRECTION('',(1.,0.));
#14863 = ( GEOMETRIC_REPRESENTATION_CONTEXT(2) 
PARAMETRIC_REPRESENTATION_CONTEXT() REPRESENTATION_CONTEXT('2D SPACE',''
  ) );
#14864 = PCURVE('',#14708,#14865);
#14865 = DEFINITIONAL_REPRESENTATION('',(#14866),#14870);
#14866 = LINE('',#14867,#14868);
#14867 = CARTESIAN_POINT('',(-2.,0.));
#14868 = VECTOR('',#14869,1.);
#14869 = DIRECTION('',(0.880471099922,-0.474099823035));
#14870 = ( GEOMETRIC_REPRESENTATION_CONTEXT(2) 
PARAMETRIC_REPRESENTATION_CONTEXT() REPRESENTATION_CONTEXT('2D SPACE',''
  ) );
#14871 = ADVANCED_FACE('',(#14872),#14839,.T.);
#14872 = FACE_BOUND('',#14873,.T.);
#14873 = EDGE_LOOP('',(#14874,#14875,#14898,#14926));
#14874 = ORIENTED_EDGE('',*,*,#14823,.T.);
#14875 = ORIENTED_EDGE('',*,*,#14876,.T.);
#14876 = EDGE_CURVE('',#14801,#14877,#14879,.T.);
#14877 = VERTEX_POINT('',#14878);
#14878 = CARTESIAN_POINT('',(19.0000005,51.531541615175,0.4800001));
#14879 = SURFACE_CURVE('',#14880,(#14884,#14891),.PCURVE_S1.);
#14880 = LINE('',#14881,#14882);
#14881 = CARTESIAN_POINT('',(19.7000005,52.831541615175,0.4800001));
#14882 = VECTOR('',#14883,1.);
#14883 = DIRECTION('',(-0.474099823035,-0.880471099922,0.));
#14884 = PCURVE('',#14839,#14885);
#14885 = DEFINITIONAL_REPRESENTATION('',(#14886),#14890);
#14886 = LINE('',#14887,#14888);
#14887 = CARTESIAN_POINT('',(0.,-0.48));
#14888 = VECTOR('',#14889,1.);
#14889 = DIRECTION('',(1.,0.));
#14890 = ( GEOMETRIC_REPRESENTATION_CONTEXT(2) 
PARAMETRIC_REPRESENTATION_CONTEXT() REPRESENTATION_CONTEXT('2D SPACE',''
  ) );
#14891 = PCURVE('',#14654,#14892);
#14892 = DEFINITIONAL_REPRESENTATION('',(#14893),#14897);
#14893 = LINE('',#14894,#14895);
#14894 = CARTESIAN_POINT('',(-0.7,-0.7));
#14895 = VECTOR('',#14896,1.);
#14896 = DIRECTION('',(0.474099823035,-0.880471099922));
#14897 = ( GEOMETRIC_REPRESENTATION_CONTEXT(2) 
PARAMETRIC_REPRESENTATION_CONTEXT() REPRESENTATION_CONTEXT('2D SPACE',''
  ) );
#14898 = ORIENTED_EDGE('',*,*,#14899,.F.);
#14899 = EDGE_CURVE('',#14900,#14877,#14902,.T.);
#14900 = VERTEX_POINT('',#14901);
#14901 = CARTESIAN_POINT('',(19.0000005,51.531541615175,
    1.000000073859E-07));
#14902 = SURFACE_CURVE('',#14903,(#14907,#14914),.PCURVE_S1.);
#14903 = LINE('',#14904,#14905);
#14904 = CARTESIAN_POINT('',(19.0000005,51.531541615175,
    1.000000073859E-07));
#14905 = VECTOR('',#14906,1.);
#14906 = DIRECTION('',(0.,0.,1.));
#14907 = PCURVE('',#14839,#14908);
#14908 = DEFINITIONAL_REPRESENTATION('',(#14909),#14913);
#14909 = LINE('',#14910,#14911);
#14910 = CARTESIAN_POINT('',(1.476482306023,0.));
#14911 = VECTOR('',#14912,1.);
#14912 = DIRECTION('',(0.,-1.));
#14913 = ( GEOMETRIC_REPRESENTATION_CONTEXT(2) 
PARAMETRIC_REPRESENTATION_CONTEXT() REPRESENTATION_CONTEXT('2D SPACE',''
  ) );
#14914 = PCURVE('',#14915,#14920);
#14915 = PLANE('',#14916);
#14916 = AXIS2_PLACEMENT_3D('',#14917,#14918,#14919);
#14917 = CARTESIAN_POINT('',(19.0000005,51.531541615175,
    1.000000073859E-07));
#14918 = DIRECTION('',(-0.880471099922,-0.474099823035,0.));
#14919 = DIRECTION('',(-0.474099823035,0.880471099922,0.));
#14920 = DEFINITIONAL_REPRESENTATION('',(#14921),#14925);
#14921 = LINE('',#14922,#14923);
#14922 = CARTESIAN_POINT('',(0.,0.));
#14923 = VECTOR('',#14924,1.);
#14924 = DIRECTION('',(0.,-1.));
#14925 = ( GEOMETRIC_REPRESENTATION_CONTEXT(2) 
PARAMETRIC_REPRESENTATION_CONTEXT() REPRESENTATION_CONTEXT('2D SPACE',''
  ) );
#14926 = ORIENTED_EDGE('',*,*,#14927,.F.);
#14927 = EDGE_CURVE('',#14824,#14900,#14928,.T.);
#14928 = SURFACE_CURVE('',#14929,(#14933,#14940),.PCURVE_S1.);
#14929 = LINE('',#14930,#14931);
#14930 = CARTESIAN_POINT('',(19.7000005,52.831541615175,
    1.000000073859E-07));
#14931 = VECTOR('',#14932,1.);
#14932 = DIRECTION('',(-0.474099823035,-0.880471099922,0.));
#14933 = PCURVE('',#14839,#14934);
#14934 = DEFINITIONAL_REPRESENTATION('',(#14935),#14939);
#14935 = LINE('',#14936,#14937);
#14936 = CARTESIAN_POINT('',(0.,0.));
#14937 = VECTOR('',#14938,1.);
#14938 = DIRECTION('',(1.,0.));
#14939 = ( GEOMETRIC_REPRESENTATION_CONTEXT(2) 
PARAMETRIC_REPRESENTATION_CONTEXT() REPRESENTATION_CONTEXT('2D SPACE',''
  ) );
#14940 = PCURVE('',#14708,#14941);
#14941 = DEFINITIONAL_REPRESENTATION('',(#14942),#14946);
#14942 = LINE('',#14943,#14944);
#14943 = CARTESIAN_POINT('',(-0.7,-0.7));
#14944 = VECTOR('',#14945,1.);
#14945 = DIRECTION('',(0.474099823035,-0.880471099922));
#14946 = ( GEOMETRIC_REPRESENTATION_CONTEXT(2) 
PARAMETRIC_REPRESENTATION_CONTEXT() REPRESENTATION_CONTEXT('2D SPACE',''
  ) );
#14947 = ADVANCED_FACE('',(#14948),#14915,.T.);
#14948 = FACE_BOUND('',#14949,.T.);
#14949 = EDGE_LOOP('',(#14950,#14951,#14974,#15002));
#14950 = ORIENTED_EDGE('',*,*,#14899,.T.);
#14951 = ORIENTED_EDGE('',*,*,#14952,.T.);
#14952 = EDGE_CURVE('',#14877,#14953,#14955,.T.);
#14953 = VERTEX_POINT('',#14954);
#14954 = CARTESIAN_POINT('',(18.3000005,52.831541615175,0.4800001));
#14955 = SURFACE_CURVE('',#14956,(#14960,#14967),.PCURVE_S1.);
#14956 = LINE('',#14957,#14958);
#14957 = CARTESIAN_POINT('',(19.0000005,51.531541615175,0.4800001));
#14958 = VECTOR('',#14959,1.);
#14959 = DIRECTION('',(-0.474099823035,0.880471099922,0.));
#14960 = PCURVE('',#14915,#14961);
#14961 = DEFINITIONAL_REPRESENTATION('',(#14962),#14966);
#14962 = LINE('',#14963,#14964);
#14963 = CARTESIAN_POINT('',(0.,-0.48));
#14964 = VECTOR('',#14965,1.);
#14965 = DIRECTION('',(1.,0.));
#14966 = ( GEOMETRIC_REPRESENTATION_CONTEXT(2) 
PARAMETRIC_REPRESENTATION_CONTEXT() REPRESENTATION_CONTEXT('2D SPACE',''
  ) );
#14967 = PCURVE('',#14654,#14968);
#14968 = DEFINITIONAL_REPRESENTATION('',(#14969),#14973);
#14969 = LINE('',#14970,#14971);
#14970 = CARTESIAN_POINT('',(0.,-2.));
#14971 = VECTOR('',#14972,1.);
#14972 = DIRECTION('',(0.474099823035,0.880471099922));
#14973 = ( GEOMETRIC_REPRESENTATION_CONTEXT(2) 
PARAMETRIC_REPRESENTATION_CONTEXT() REPRESENTATION_CONTEXT('2D SPACE',''
  ) );
#14974 = ORIENTED_EDGE('',*,*,#14975,.F.);
#14975 = EDGE_CURVE('',#14976,#14953,#14978,.T.);
#14976 = VERTEX_POINT('',#14977);
#14977 = CARTESIAN_POINT('',(18.3000005,52.831541615175,
    1.000000073859E-07));
#14978 = SURFACE_CURVE('',#14979,(#14983,#14990),.PCURVE_S1.);
#14979 = LINE('',#14980,#14981);
#14980 = CARTESIAN_POINT('',(18.3000005,52.831541615175,
    1.000000073859E-07));
#14981 = VECTOR('',#14982,1.);
#14982 = DIRECTION('',(0.,0.,1.));
#14983 = PCURVE('',#14915,#14984);
#14984 = DEFINITIONAL_REPRESENTATION('',(#14985),#14989);
#14985 = LINE('',#14986,#14987);
#14986 = CARTESIAN_POINT('',(1.476482306023,0.));
#14987 = VECTOR('',#14988,1.);
#14988 = DIRECTION('',(0.,-1.));
#14989 = ( GEOMETRIC_REPRESENTATION_CONTEXT(2) 
PARAMETRIC_REPRESENTATION_CONTEXT() REPRESENTATION_CONTEXT('2D SPACE',''
  ) );
#14990 = PCURVE('',#14991,#14996);
#14991 = PLANE('',#14992);
#14992 = AXIS2_PLACEMENT_3D('',#14993,#14994,#14995);
#14993 = CARTESIAN_POINT('',(18.3000005,52.831541615175,
    1.000000073859E-07));
#14994 = DIRECTION('',(-0.474099823035,-0.880471099922,0.));
#14995 = DIRECTION('',(-0.880471099922,0.474099823035,0.));
#14996 = DEFINITIONAL_REPRESENTATION('',(#14997),#15001);
#14997 = LINE('',#14998,#14999);
#14998 = CARTESIAN_POINT('',(0.,0.));
#14999 = VECTOR('',#15000,1.);
#15000 = DIRECTION('',(0.,-1.));
#15001 = ( GEOMETRIC_REPRESENTATION_CONTEXT(2) 
PARAMETRIC_REPRESENTATION_CONTEXT() REPRESENTATION_CONTEXT('2D SPACE',''
  ) );
#15002 = ORIENTED_EDGE('',*,*,#15003,.F.);
#15003 = EDGE_CURVE('',#14900,#14976,#15004,.T.);
#15004 = SURFACE_CURVE('',#15005,(#15009,#15016),.PCURVE_S1.);
#15005 = LINE('',#15006,#15007);
#15006 = CARTESIAN_POINT('',(19.0000005,51.531541615175,
    1.000000073859E-07));
#15007 = VECTOR('',#15008,1.);
#15008 = DIRECTION('',(-0.474099823035,0.880471099922,0.));
#15009 = PCURVE('',#14915,#15010);
#15010 = DEFINITIONAL_REPRESENTATION('',(#15011),#15015);
#15011 = LINE('',#15012,#15013);
#15012 = CARTESIAN_POINT('',(0.,0.));
#15013 = VECTOR('',#15014,1.);
#15014 = DIRECTION('',(1.,0.));
#15015 = ( GEOMETRIC_REPRESENTATION_CONTEXT(2) 
PARAMETRIC_REPRESENTATION_CONTEXT() REPRESENTATION_CONTEXT('2D SPACE',''
  ) );
#15016 = PCURVE('',#14708,#15017);
#15017 = DEFINITIONAL_REPRESENTATION('',(#15018),#15022);
#15018 = LINE('',#15019,#15020);
#15019 = CARTESIAN_POINT('',(0.,-2.));
#15020 = VECTOR('',#15021,1.);
#15021 = DIRECTION('',(0.474099823035,0.880471099922));
#15022 = ( GEOMETRIC_REPRESENTATION_CONTEXT(2) 
PARAMETRIC_REPRESENTATION_CONTEXT() REPRESENTATION_CONTEXT('2D SPACE',''
  ) );
#15023 = ADVANCED_FACE('',(#15024),#14991,.T.);
#15024 = FACE_BOUND('',#15025,.T.);
#15025 = EDGE_LOOP('',(#15026,#15027,#15050,#15078));
#15026 = ORIENTED_EDGE('',*,*,#14975,.T.);
#15027 = ORIENTED_EDGE('',*,*,#15028,.T.);
#15028 = EDGE_CURVE('',#14953,#15029,#15031,.T.);
#15029 = VERTEX_POINT('',#15030);
#15030 = CARTESIAN_POINT('',(17.0000005,53.531541615175,0.4800001));
#15031 = SURFACE_CURVE('',#15032,(#15036,#15043),.PCURVE_S1.);
#15032 = LINE('',#15033,#15034);
#15033 = CARTESIAN_POINT('',(18.3000005,52.831541615175,0.4800001));
#15034 = VECTOR('',#15035,1.);
#15035 = DIRECTION('',(-0.880471099922,0.474099823035,0.));
#15036 = PCURVE('',#14991,#15037);
#15037 = DEFINITIONAL_REPRESENTATION('',(#15038),#15042);
#15038 = LINE('',#15039,#15040);
#15039 = CARTESIAN_POINT('',(0.,-0.48));
#15040 = VECTOR('',#15041,1.);
#15041 = DIRECTION('',(1.,0.));
#15042 = ( GEOMETRIC_REPRESENTATION_CONTEXT(2) 
PARAMETRIC_REPRESENTATION_CONTEXT() REPRESENTATION_CONTEXT('2D SPACE',''
  ) );
#15043 = PCURVE('',#14654,#15044);
#15044 = DEFINITIONAL_REPRESENTATION('',(#15045),#15049);
#15045 = LINE('',#15046,#15047);
#15046 = CARTESIAN_POINT('',(0.7,-0.7));
#15047 = VECTOR('',#15048,1.);
#15048 = DIRECTION('',(0.880471099922,0.474099823035));
#15049 = ( GEOMETRIC_REPRESENTATION_CONTEXT(2) 
PARAMETRIC_REPRESENTATION_CONTEXT() REPRESENTATION_CONTEXT('2D SPACE',''
  ) );
#15050 = ORIENTED_EDGE('',*,*,#15051,.F.);
#15051 = EDGE_CURVE('',#15052,#15029,#15054,.T.);
#15052 = VERTEX_POINT('',#15053);
#15053 = CARTESIAN_POINT('',(17.0000005,53.531541615175,
    1.000000073859E-07));
#15054 = SURFACE_CURVE('',#15055,(#15059,#15066),.PCURVE_S1.);
#15055 = LINE('',#15056,#15057);
#15056 = CARTESIAN_POINT('',(17.0000005,53.531541615175,
    1.000000073859E-07));
#15057 = VECTOR('',#15058,1.);
#15058 = DIRECTION('',(0.,0.,1.));
#15059 = PCURVE('',#14991,#15060);
#15060 = DEFINITIONAL_REPRESENTATION('',(#15061),#15065);
#15061 = LINE('',#15062,#15063);
#15062 = CARTESIAN_POINT('',(1.476482306023,0.));
#15063 = VECTOR('',#15064,1.);
#15064 = DIRECTION('',(0.,-1.));
#15065 = ( GEOMETRIC_REPRESENTATION_CONTEXT(2) 
PARAMETRIC_REPRESENTATION_CONTEXT() REPRESENTATION_CONTEXT('2D SPACE',''
  ) );
#15066 = PCURVE('',#15067,#15072);
#15067 = PLANE('',#15068);
#15068 = AXIS2_PLACEMENT_3D('',#15069,#15070,#15071);
#15069 = CARTESIAN_POINT('',(17.0000005,53.531541615175,
    1.000000073859E-07));
#15070 = DIRECTION('',(-0.474099823035,0.880471099922,0.));
#15071 = DIRECTION('',(0.880471099922,0.474099823035,0.));
#15072 = DEFINITIONAL_REPRESENTATION('',(#15073),#15077);
#15073 = LINE('',#15074,#15075);
#15074 = CARTESIAN_POINT('',(0.,0.));
#15075 = VECTOR('',#15076,1.);
#15076 = DIRECTION('',(0.,-1.));
#15077 = ( GEOMETRIC_REPRESENTATION_CONTEXT(2) 
PARAMETRIC_REPRESENTATION_CONTEXT() REPRESENTATION_CONTEXT('2D SPACE',''
  ) );
#15078 = ORIENTED_EDGE('',*,*,#15079,.F.);
#15079 = EDGE_CURVE('',#14976,#15052,#15080,.T.);
#15080 = SURFACE_CURVE('',#15081,(#15085,#15092),.PCURVE_S1.);
#15081 = LINE('',#15082,#15083);
#15082 = CARTESIAN_POINT('',(18.3000005,52.831541615175,
    1.000000073859E-07));
#15083 = VECTOR('',#15084,1.);
#15084 = DIRECTION('',(-0.880471099922,0.474099823035,0.));
#15085 = PCURVE('',#14991,#15086);
#15086 = DEFINITIONAL_REPRESENTATION('',(#15087),#15091);
#15087 = LINE('',#15088,#15089);
#15088 = CARTESIAN_POINT('',(0.,0.));
#15089 = VECTOR('',#15090,1.);
#15090 = DIRECTION('',(1.,0.));
#15091 = ( GEOMETRIC_REPRESENTATION_CONTEXT(2) 
PARAMETRIC_REPRESENTATION_CONTEXT() REPRESENTATION_CONTEXT('2D SPACE',''
  ) );
#15092 = PCURVE('',#14708,#15093);
#15093 = DEFINITIONAL_REPRESENTATION('',(#15094),#15098);
#15094 = LINE('',#15095,#15096);
#15095 = CARTESIAN_POINT('',(0.7,-0.7));
#15096 = VECTOR('',#15097,1.);
#15097 = DIRECTION('',(0.880471099922,0.474099823035));
#15098 = ( GEOMETRIC_REPRESENTATION_CONTEXT(2) 
PARAMETRIC_REPRESENTATION_CONTEXT() REPRESENTATION_CONTEXT('2D SPACE',''
  ) );
#15099 = ADVANCED_FACE('',(#15100),#15067,.T.);
#15100 = FACE_BOUND('',#15101,.T.);
#15101 = EDGE_LOOP('',(#15102,#15103,#15126,#15149));
#15102 = ORIENTED_EDGE('',*,*,#15051,.T.);
#15103 = ORIENTED_EDGE('',*,*,#15104,.T.);
#15104 = EDGE_CURVE('',#15029,#15105,#15107,.T.);
#15105 = VERTEX_POINT('',#15106);
#15106 = CARTESIAN_POINT('',(18.3000005,54.231541615175,0.4800001));
#15107 = SURFACE_CURVE('',#15108,(#15112,#15119),.PCURVE_S1.);
#15108 = LINE('',#15109,#15110);
#15109 = CARTESIAN_POINT('',(17.0000005,53.531541615175,0.4800001));
#15110 = VECTOR('',#15111,1.);
#15111 = DIRECTION('',(0.880471099922,0.474099823035,0.));
#15112 = PCURVE('',#15067,#15113);
#15113 = DEFINITIONAL_REPRESENTATION('',(#15114),#15118);
#15114 = LINE('',#15115,#15116);
#15115 = CARTESIAN_POINT('',(0.,-0.48));
#15116 = VECTOR('',#15117,1.);
#15117 = DIRECTION('',(1.,0.));
#15118 = ( GEOMETRIC_REPRESENTATION_CONTEXT(2) 
PARAMETRIC_REPRESENTATION_CONTEXT() REPRESENTATION_CONTEXT('2D SPACE',''
  ) );
#15119 = PCURVE('',#14654,#15120);
#15120 = DEFINITIONAL_REPRESENTATION('',(#15121),#15125);
#15121 = LINE('',#15122,#15123);
#15122 = CARTESIAN_POINT('',(2.,0.));
#15123 = VECTOR('',#15124,1.);
#15124 = DIRECTION('',(-0.880471099922,0.474099823035));
#15125 = ( GEOMETRIC_REPRESENTATION_CONTEXT(2) 
PARAMETRIC_REPRESENTATION_CONTEXT() REPRESENTATION_CONTEXT('2D SPACE',''
  ) );
#15126 = ORIENTED_EDGE('',*,*,#15127,.F.);
#15127 = EDGE_CURVE('',#15128,#15105,#15130,.T.);
#15128 = VERTEX_POINT('',#15129);
#15129 = CARTESIAN_POINT('',(18.3000005,54.231541615175,
    1.000000073859E-07));
#15130 = SURFACE_CURVE('',#15131,(#15135,#15142),.PCURVE_S1.);
#15131 = LINE('',#15132,#15133);
#15132 = CARTESIAN_POINT('',(18.3000005,54.231541615175,
    1.000000073859E-07));
#15133 = VECTOR('',#15134,1.);
#15134 = DIRECTION('',(0.,0.,1.));
#15135 = PCURVE('',#15067,#15136);
#15136 = DEFINITIONAL_REPRESENTATION('',(#15137),#15141);
#15137 = LINE('',#15138,#15139);
#15138 = CARTESIAN_POINT('',(1.476482306023,0.));
#15139 = VECTOR('',#15140,1.);
#15140 = DIRECTION('',(0.,-1.));
#15141 = ( GEOMETRIC_REPRESENTATION_CONTEXT(2) 
PARAMETRIC_REPRESENTATION_CONTEXT() REPRESENTATION_CONTEXT('2D SPACE',''
  ) );
#15142 = PCURVE('',#14626,#15143);
#15143 = DEFINITIONAL_REPRESENTATION('',(#15144),#15148);
#15144 = LINE('',#15145,#15146);
#15145 = CARTESIAN_POINT('',(0.,0.));
#15146 = VECTOR('',#15147,1.);
#15147 = DIRECTION('',(0.,-1.));
#15148 = ( GEOMETRIC_REPRESENTATION_CONTEXT(2) 
PARAMETRIC_REPRESENTATION_CONTEXT() REPRESENTATION_CONTEXT('2D SPACE',''
  ) );
#15149 = ORIENTED_EDGE('',*,*,#15150,.F.);
#15150 = EDGE_CURVE('',#15052,#15128,#15151,.T.);
#15151 = SURFACE_CURVE('',#15152,(#15156,#15163),.PCURVE_S1.);
#15152 = LINE('',#15153,#15154);
#15153 = CARTESIAN_POINT('',(17.0000005,53.531541615175,
    1.000000073859E-07));
#15154 = VECTOR('',#15155,1.);
#15155 = DIRECTION('',(0.880471099922,0.474099823035,0.));
#15156 = PCURVE('',#15067,#15157);
#15157 = DEFINITIONAL_REPRESENTATION('',(#15158),#15162);
#15158 = LINE('',#15159,#15160);
#15159 = CARTESIAN_POINT('',(0.,0.));
#15160 = VECTOR('',#15161,1.);
#15161 = DIRECTION('',(1.,0.));
#15162 = ( GEOMETRIC_REPRESENTATION_CONTEXT(2) 
PARAMETRIC_REPRESENTATION_CONTEXT() REPRESENTATION_CONTEXT('2D SPACE',''
  ) );
#15163 = PCURVE('',#14708,#15164);
#15164 = DEFINITIONAL_REPRESENTATION('',(#15165),#15169);
#15165 = LINE('',#15166,#15167);
#15166 = CARTESIAN_POINT('',(2.,0.));
#15167 = VECTOR('',#15168,1.);
#15168 = DIRECTION('',(-0.880471099922,0.474099823035));
#15169 = ( GEOMETRIC_REPRESENTATION_CONTEXT(2) 
PARAMETRIC_REPRESENTATION_CONTEXT() REPRESENTATION_CONTEXT('2D SPACE',''
  ) );
#15170 = ADVANCED_FACE('',(#15171),#14626,.T.);
#15171 = FACE_BOUND('',#15172,.T.);
#15172 = EDGE_LOOP('',(#15173,#15174,#15195,#15196));
#15173 = ORIENTED_EDGE('',*,*,#15127,.T.);
#15174 = ORIENTED_EDGE('',*,*,#15175,.T.);
#15175 = EDGE_CURVE('',#15105,#14606,#15176,.T.);
#15176 = SURFACE_CURVE('',#15177,(#15181,#15188),.PCURVE_S1.);
#15177 = LINE('',#15178,#15179);
#15178 = CARTESIAN_POINT('',(18.3000005,54.231541615175,0.4800001));
#15179 = VECTOR('',#15180,1.);
#15180 = DIRECTION('',(0.474099823035,0.880471099922,0.));
#15181 = PCURVE('',#14626,#15182);
#15182 = DEFINITIONAL_REPRESENTATION('',(#15183),#15187);
#15183 = LINE('',#15184,#15185);
#15184 = CARTESIAN_POINT('',(0.,-0.48));
#15185 = VECTOR('',#15186,1.);
#15186 = DIRECTION('',(1.,0.));
#15187 = ( GEOMETRIC_REPRESENTATION_CONTEXT(2) 
PARAMETRIC_REPRESENTATION_CONTEXT() REPRESENTATION_CONTEXT('2D SPACE',''
  ) );
#15188 = PCURVE('',#14654,#15189);
#15189 = DEFINITIONAL_REPRESENTATION('',(#15190),#15194);
#15190 = LINE('',#15191,#15192);
#15191 = CARTESIAN_POINT('',(0.7,0.7));
#15192 = VECTOR('',#15193,1.);
#15193 = DIRECTION('',(-0.474099823035,0.880471099922));
#15194 = ( GEOMETRIC_REPRESENTATION_CONTEXT(2) 
PARAMETRIC_REPRESENTATION_CONTEXT() REPRESENTATION_CONTEXT('2D SPACE',''
  ) );
#15195 = ORIENTED_EDGE('',*,*,#14603,.F.);
#15196 = ORIENTED_EDGE('',*,*,#15197,.F.);
#15197 = EDGE_CURVE('',#15128,#14604,#15198,.T.);
#15198 = SURFACE_CURVE('',#15199,(#15203,#15210),.PCURVE_S1.);
#15199 = LINE('',#15200,#15201);
#15200 = CARTESIAN_POINT('',(18.3000005,54.231541615175,
    1.000000073859E-07));
#15201 = VECTOR('',#15202,1.);
#15202 = DIRECTION('',(0.474099823035,0.880471099922,0.));
#15203 = PCURVE('',#14626,#15204);
#15204 = DEFINITIONAL_REPRESENTATION('',(#15205),#15209);
#15205 = LINE('',#15206,#15207);
#15206 = CARTESIAN_POINT('',(0.,0.));
#15207 = VECTOR('',#15208,1.);
#15208 = DIRECTION('',(1.,0.));
#15209 = ( GEOMETRIC_REPRESENTATION_CONTEXT(2) 
PARAMETRIC_REPRESENTATION_CONTEXT() REPRESENTATION_CONTEXT('2D SPACE',''
  ) );
#15210 = PCURVE('',#14708,#15211);
#15211 = DEFINITIONAL_REPRESENTATION('',(#15212),#15216);
#15212 = LINE('',#15213,#15214);
#15213 = CARTESIAN_POINT('',(0.7,0.7));
#15214 = VECTOR('',#15215,1.);
#15215 = DIRECTION('',(-0.474099823035,0.880471099922));
#15216 = ( GEOMETRIC_REPRESENTATION_CONTEXT(2) 
PARAMETRIC_REPRESENTATION_CONTEXT() REPRESENTATION_CONTEXT('2D SPACE',''
  ) );
#15217 = ADVANCED_FACE('',(#15218),#14708,.T.);
#15218 = FACE_BOUND('',#15219,.T.);
#15219 = EDGE_LOOP('',(#15220,#15221,#15222,#15223,#15224,#15225,#15226,
    #15227));
#15220 = ORIENTED_EDGE('',*,*,#14694,.T.);
#15221 = ORIENTED_EDGE('',*,*,#14775,.T.);
#15222 = ORIENTED_EDGE('',*,*,#14851,.T.);
#15223 = ORIENTED_EDGE('',*,*,#14927,.T.);
#15224 = ORIENTED_EDGE('',*,*,#15003,.T.);
#15225 = ORIENTED_EDGE('',*,*,#15079,.T.);
#15226 = ORIENTED_EDGE('',*,*,#15150,.T.);
#15227 = ORIENTED_EDGE('',*,*,#15197,.T.);
#15228 = ADVANCED_FACE('',(#15229),#14654,.F.);
#15229 = FACE_BOUND('',#15230,.F.);
#15230 = EDGE_LOOP('',(#15231,#15232,#15233,#15234,#15235,#15236,#15237,
    #15238));
#15231 = ORIENTED_EDGE('',*,*,#14638,.T.);
#15232 = ORIENTED_EDGE('',*,*,#14724,.T.);
#15233 = ORIENTED_EDGE('',*,*,#14800,.T.);
#15234 = ORIENTED_EDGE('',*,*,#14876,.T.);
#15235 = ORIENTED_EDGE('',*,*,#14952,.T.);
#15236 = ORIENTED_EDGE('',*,*,#15028,.T.);
#15237 = ORIENTED_EDGE('',*,*,#15104,.T.);
#15238 = ORIENTED_EDGE('',*,*,#15175,.T.);
#15239 = ( GEOMETRIC_REPRESENTATION_CONTEXT(3) 
GLOBAL_UNCERTAINTY_ASSIGNED_CONTEXT((#15243)) 
GLOBAL_UNIT_ASSIGNED_CONTEXT((#15240,#15241,#15242)) 
REPRESENTATION_CONTEXT('Context #1',
  '3D Context with UNIT and UNCERTAINTY') );
#15240 = ( LENGTH_UNIT() NAMED_UNIT(*) SI_UNIT(.MILLI.,.METRE.) );
#15241 = ( NAMED_UNIT(*) PLANE_ANGLE_UNIT() SI_UNIT($,.RADIAN.) );
#15242 = ( NAMED_UNIT(*) SI_UNIT($,.STERADIAN.) SOLID_ANGLE_UNIT() );
#15243 = UNCERTAINTY_MEASURE_WITH_UNIT(LENGTH_MEASURE(1.E-07),#15240,
  'distance_accuracy_value','confusion accuracy');
#15244 = CONTEXT_DEPENDENT_SHAPE_REPRESENTATION(#15245,#15247);
#15245 = ( REPRESENTATION_RELATIONSHIP('','',#14596,#10) 
REPRESENTATION_RELATIONSHIP_WITH_TRANSFORMATION(#15246) 
SHAPE_REPRESENTATION_RELATIONSHIP() );
#15246 = ITEM_DEFINED_TRANSFORMATION('','',#11,#103);
#15247 = PRODUCT_DEFINITION_SHAPE('Placement','Placement of an item',
  #15248);
#15248 = NEXT_ASSEMBLY_USAGE_OCCURRENCE('273','','',#5,#14591,$);
#15249 = PRODUCT_RELATED_PRODUCT_CATEGORY('part',$,(#14593));
#15250 = SHAPE_DEFINITION_REPRESENTATION(#15251,#15257);
#15251 = PRODUCT_DEFINITION_SHAPE('','',#15252);
#15252 = PRODUCT_DEFINITION('design','',#15253,#15256);
#15253 = PRODUCT_DEFINITION_FORMATION('','',#15254);
#15254 = PRODUCT('Open CASCADE STEP translator 7.8 2.24',
  'Open CASCADE STEP translator 7.8 2.24','',(#15255));
#15255 = PRODUCT_CONTEXT('',#2,'mechanical');
#15256 = PRODUCT_DEFINITION_CONTEXT('part definition',#2,'design');
#15257 = ADVANCED_BREP_SHAPE_REPRESENTATION('',(#11,#15258),#15900);
#15258 = MANIFOLD_SOLID_BREP('',#15259);
#15259 = CLOSED_SHELL('',(#15260,#15380,#15456,#15532,#15608,#15684,
    #15760,#15831,#15878,#15889));
#15260 = ADVANCED_FACE('',(#15261),#15275,.T.);
#15261 = FACE_BOUND('',#15262,.T.);
#15262 = EDGE_LOOP('',(#15263,#15298,#15326,#15354));
#15263 = ORIENTED_EDGE('',*,*,#15264,.T.);
#15264 = EDGE_CURVE('',#15265,#15267,#15269,.T.);
#15265 = VERTEX_POINT('',#15266);
#15266 = CARTESIAN_POINT('',(26.9000007,55.331541615175,
    1.00000008274E-07));
#15267 = VERTEX_POINT('',#15268);
#15268 = CARTESIAN_POINT('',(26.9000007,55.331541615175,0.4800001));
#15269 = SURFACE_CURVE('',#15270,(#15274,#15286),.PCURVE_S1.);
#15270 = LINE('',#15271,#15272);
#15271 = CARTESIAN_POINT('',(26.9000007,55.331541615175,
    1.00000008274E-07));
#15272 = VECTOR('',#15273,1.);
#15273 = DIRECTION('',(0.,0.,1.));
#15274 = PCURVE('',#15275,#15280);
#15275 = PLANE('',#15276);
#15276 = AXIS2_PLACEMENT_3D('',#15277,#15278,#15279);
#15277 = CARTESIAN_POINT('',(26.9000007,55.331541615175,
    1.00000008274E-07));
#15278 = DIRECTION('',(0.880471099922,0.474099823035,-0.));
#15279 = DIRECTION('',(0.474099823035,-0.880471099922,0.));
#15280 = DEFINITIONAL_REPRESENTATION('',(#15281),#15285);
#15281 = LINE('',#15282,#15283);
#15282 = CARTESIAN_POINT('',(0.,0.));
#15283 = VECTOR('',#15284,1.);
#15284 = DIRECTION('',(0.,-1.));
#15285 = ( GEOMETRIC_REPRESENTATION_CONTEXT(2) 
PARAMETRIC_REPRESENTATION_CONTEXT() REPRESENTATION_CONTEXT('2D SPACE',''
  ) );
#15286 = PCURVE('',#15287,#15292);
#15287 = PLANE('',#15288);
#15288 = AXIS2_PLACEMENT_3D('',#15289,#15290,#15291);
#15289 = CARTESIAN_POINT('',(26.2350007,54.096541615175,
    1.00000008274E-07));
#15290 = DIRECTION('',(-0.880471099922,0.474099823035,0.));
#15291 = DIRECTION('',(0.474099823035,0.880471099922,0.));
#15292 = DEFINITIONAL_REPRESENTATION('',(#15293),#15297);
#15293 = LINE('',#15294,#15295);
#15294 = CARTESIAN_POINT('',(1.402658190722,0.));
#15295 = VECTOR('',#15296,1.);
#15296 = DIRECTION('',(0.,-1.));
#15297 = ( GEOMETRIC_REPRESENTATION_CONTEXT(2) 
PARAMETRIC_REPRESENTATION_CONTEXT() REPRESENTATION_CONTEXT('2D SPACE',''
  ) );
#15298 = ORIENTED_EDGE('',*,*,#15299,.T.);
#15299 = EDGE_CURVE('',#15267,#15300,#15302,.T.);
#15300 = VERTEX_POINT('',#15301);
#15301 = CARTESIAN_POINT('',(27.5650007,54.096541615175,0.4800001));
#15302 = SURFACE_CURVE('',#15303,(#15307,#15314),.PCURVE_S1.);
#15303 = LINE('',#15304,#15305);
#15304 = CARTESIAN_POINT('',(26.9000007,55.331541615175,0.4800001));
#15305 = VECTOR('',#15306,1.);
#15306 = DIRECTION('',(0.474099823035,-0.880471099922,0.));
#15307 = PCURVE('',#15275,#15308);
#15308 = DEFINITIONAL_REPRESENTATION('',(#15309),#15313);
#15309 = LINE('',#15310,#15311);
#15310 = CARTESIAN_POINT('',(0.,-0.48));
#15311 = VECTOR('',#15312,1.);
#15312 = DIRECTION('',(1.,0.));
#15313 = ( GEOMETRIC_REPRESENTATION_CONTEXT(2) 
PARAMETRIC_REPRESENTATION_CONTEXT() REPRESENTATION_CONTEXT('2D SPACE',''
  ) );
#15314 = PCURVE('',#15315,#15320);
#15315 = PLANE('',#15316);
#15316 = AXIS2_PLACEMENT_3D('',#15317,#15318,#15319);
#15317 = CARTESIAN_POINT('',(26.9000007,53.431541615175,0.4800001));
#15318 = DIRECTION('',(-0.,-0.,-1.));
#15319 = DIRECTION('',(-1.,0.,0.));
#15320 = DEFINITIONAL_REPRESENTATION('',(#15321),#15325);
#15321 = LINE('',#15322,#15323);
#15322 = CARTESIAN_POINT('',(0.,1.9));
#15323 = VECTOR('',#15324,1.);
#15324 = DIRECTION('',(-0.474099823035,-0.880471099922));
#15325 = ( GEOMETRIC_REPRESENTATION_CONTEXT(2) 
PARAMETRIC_REPRESENTATION_CONTEXT() REPRESENTATION_CONTEXT('2D SPACE',''
  ) );
#15326 = ORIENTED_EDGE('',*,*,#15327,.F.);
#15327 = EDGE_CURVE('',#15328,#15300,#15330,.T.);
#15328 = VERTEX_POINT('',#15329);
#15329 = CARTESIAN_POINT('',(27.5650007,54.096541615175,
    1.00000008274E-07));
#15330 = SURFACE_CURVE('',#15331,(#15335,#15342),.PCURVE_S1.);
#15331 = LINE('',#15332,#15333);
#15332 = CARTESIAN_POINT('',(27.5650007,54.096541615175,
    1.00000008274E-07));
#15333 = VECTOR('',#15334,1.);
#15334 = DIRECTION('',(0.,0.,1.));
#15335 = PCURVE('',#15275,#15336);
#15336 = DEFINITIONAL_REPRESENTATION('',(#15337),#15341);
#15337 = LINE('',#15338,#15339);
#15338 = CARTESIAN_POINT('',(1.402658190722,0.));
#15339 = VECTOR('',#15340,1.);
#15340 = DIRECTION('',(0.,-1.));
#15341 = ( GEOMETRIC_REPRESENTATION_CONTEXT(2) 
PARAMETRIC_REPRESENTATION_CONTEXT() REPRESENTATION_CONTEXT('2D SPACE',''
  ) );
#15342 = PCURVE('',#15343,#15348);
#15343 = PLANE('',#15344);
#15344 = AXIS2_PLACEMENT_3D('',#15345,#15346,#15347);
#15345 = CARTESIAN_POINT('',(27.5650007,54.096541615175,
    1.00000008274E-07));
#15346 = DIRECTION('',(0.474099823035,0.880471099922,-0.));
#15347 = DIRECTION('',(0.880471099922,-0.474099823035,0.));
#15348 = DEFINITIONAL_REPRESENTATION('',(#15349),#15353);
#15349 = LINE('',#15350,#15351);
#15350 = CARTESIAN_POINT('',(0.,0.));
#15351 = VECTOR('',#15352,1.);
#15352 = DIRECTION('',(0.,-1.));
#15353 = ( GEOMETRIC_REPRESENTATION_CONTEXT(2) 
PARAMETRIC_REPRESENTATION_CONTEXT() REPRESENTATION_CONTEXT('2D SPACE',''
  ) );
#15354 = ORIENTED_EDGE('',*,*,#15355,.F.);
#15355 = EDGE_CURVE('',#15265,#15328,#15356,.T.);
#15356 = SURFACE_CURVE('',#15357,(#15361,#15368),.PCURVE_S1.);
#15357 = LINE('',#15358,#15359);
#15358 = CARTESIAN_POINT('',(26.9000007,55.331541615175,
    1.00000008274E-07));
#15359 = VECTOR('',#15360,1.);
#15360 = DIRECTION('',(0.474099823035,-0.880471099922,0.));
#15361 = PCURVE('',#15275,#15362);
#15362 = DEFINITIONAL_REPRESENTATION('',(#15363),#15367);
#15363 = LINE('',#15364,#15365);
#15364 = CARTESIAN_POINT('',(0.,0.));
#15365 = VECTOR('',#15366,1.);
#15366 = DIRECTION('',(1.,0.));
#15367 = ( GEOMETRIC_REPRESENTATION_CONTEXT(2) 
PARAMETRIC_REPRESENTATION_CONTEXT() REPRESENTATION_CONTEXT('2D SPACE',''
  ) );
#15368 = PCURVE('',#15369,#15374);
#15369 = PLANE('',#15370);
#15370 = AXIS2_PLACEMENT_3D('',#15371,#15372,#15373);
#15371 = CARTESIAN_POINT('',(26.9000007,53.431541615175,
    1.00000008274E-07));
#15372 = DIRECTION('',(-0.,-0.,-1.));
#15373 = DIRECTION('',(-1.,0.,0.));
#15374 = DEFINITIONAL_REPRESENTATION('',(#15375),#15379);
#15375 = LINE('',#15376,#15377);
#15376 = CARTESIAN_POINT('',(0.,1.9));
#15377 = VECTOR('',#15378,1.);
#15378 = DIRECTION('',(-0.474099823035,-0.880471099922));
#15379 = ( GEOMETRIC_REPRESENTATION_CONTEXT(2) 
PARAMETRIC_REPRESENTATION_CONTEXT() REPRESENTATION_CONTEXT('2D SPACE',''
  ) );
#15380 = ADVANCED_FACE('',(#15381),#15343,.T.);
#15381 = FACE_BOUND('',#15382,.T.);
#15382 = EDGE_LOOP('',(#15383,#15384,#15407,#15435));
#15383 = ORIENTED_EDGE('',*,*,#15327,.T.);
#15384 = ORIENTED_EDGE('',*,*,#15385,.T.);
#15385 = EDGE_CURVE('',#15300,#15386,#15388,.T.);
#15386 = VERTEX_POINT('',#15387);
#15387 = CARTESIAN_POINT('',(28.8000007,53.431541615175,0.4800001));
#15388 = SURFACE_CURVE('',#15389,(#15393,#15400),.PCURVE_S1.);
#15389 = LINE('',#15390,#15391);
#15390 = CARTESIAN_POINT('',(27.5650007,54.096541615175,0.4800001));
#15391 = VECTOR('',#15392,1.);
#15392 = DIRECTION('',(0.880471099922,-0.474099823035,0.));
#15393 = PCURVE('',#15343,#15394);
#15394 = DEFINITIONAL_REPRESENTATION('',(#15395),#15399);
#15395 = LINE('',#15396,#15397);
#15396 = CARTESIAN_POINT('',(0.,-0.48));
#15397 = VECTOR('',#15398,1.);
#15398 = DIRECTION('',(1.,0.));
#15399 = ( GEOMETRIC_REPRESENTATION_CONTEXT(2) 
PARAMETRIC_REPRESENTATION_CONTEXT() REPRESENTATION_CONTEXT('2D SPACE',''
  ) );
#15400 = PCURVE('',#15315,#15401);
#15401 = DEFINITIONAL_REPRESENTATION('',(#15402),#15406);
#15402 = LINE('',#15403,#15404);
#15403 = CARTESIAN_POINT('',(-0.665,0.665));
#15404 = VECTOR('',#15405,1.);
#15405 = DIRECTION('',(-0.880471099922,-0.474099823035));
#15406 = ( GEOMETRIC_REPRESENTATION_CONTEXT(2) 
PARAMETRIC_REPRESENTATION_CONTEXT() REPRESENTATION_CONTEXT('2D SPACE',''
  ) );
#15407 = ORIENTED_EDGE('',*,*,#15408,.F.);
#15408 = EDGE_CURVE('',#15409,#15386,#15411,.T.);
#15409 = VERTEX_POINT('',#15410);
#15410 = CARTESIAN_POINT('',(28.8000007,53.431541615175,
    1.00000008274E-07));
#15411 = SURFACE_CURVE('',#15412,(#15416,#15423),.PCURVE_S1.);
#15412 = LINE('',#15413,#15414);
#15413 = CARTESIAN_POINT('',(28.8000007,53.431541615175,
    1.00000008274E-07));
#15414 = VECTOR('',#15415,1.);
#15415 = DIRECTION('',(0.,0.,1.));
#15416 = PCURVE('',#15343,#15417);
#15417 = DEFINITIONAL_REPRESENTATION('',(#15418),#15422);
#15418 = LINE('',#15419,#15420);
#15419 = CARTESIAN_POINT('',(1.402658190722,0.));
#15420 = VECTOR('',#15421,1.);
#15421 = DIRECTION('',(0.,-1.));
#15422 = ( GEOMETRIC_REPRESENTATION_CONTEXT(2) 
PARAMETRIC_REPRESENTATION_CONTEXT() REPRESENTATION_CONTEXT('2D SPACE',''
  ) );
#15423 = PCURVE('',#15424,#15429);
#15424 = PLANE('',#15425);
#15425 = AXIS2_PLACEMENT_3D('',#15426,#15427,#15428);
#15426 = CARTESIAN_POINT('',(28.8000007,53.431541615175,
    1.00000008274E-07));
#15427 = DIRECTION('',(0.474099823035,-0.880471099922,0.));
#15428 = DIRECTION('',(-0.880471099922,-0.474099823035,0.));
#15429 = DEFINITIONAL_REPRESENTATION('',(#15430),#15434);
#15430 = LINE('',#15431,#15432);
#15431 = CARTESIAN_POINT('',(0.,0.));
#15432 = VECTOR('',#15433,1.);
#15433 = DIRECTION('',(0.,-1.));
#15434 = ( GEOMETRIC_REPRESENTATION_CONTEXT(2) 
PARAMETRIC_REPRESENTATION_CONTEXT() REPRESENTATION_CONTEXT('2D SPACE',''
  ) );
#15435 = ORIENTED_EDGE('',*,*,#15436,.F.);
#15436 = EDGE_CURVE('',#15328,#15409,#15437,.T.);
#15437 = SURFACE_CURVE('',#15438,(#15442,#15449),.PCURVE_S1.);
#15438 = LINE('',#15439,#15440);
#15439 = CARTESIAN_POINT('',(27.5650007,54.096541615175,
    1.00000008274E-07));
#15440 = VECTOR('',#15441,1.);
#15441 = DIRECTION('',(0.880471099922,-0.474099823035,0.));
#15442 = PCURVE('',#15343,#15443);
#15443 = DEFINITIONAL_REPRESENTATION('',(#15444),#15448);
#15444 = LINE('',#15445,#15446);
#15445 = CARTESIAN_POINT('',(0.,0.));
#15446 = VECTOR('',#15447,1.);
#15447 = DIRECTION('',(1.,0.));
#15448 = ( GEOMETRIC_REPRESENTATION_CONTEXT(2) 
PARAMETRIC_REPRESENTATION_CONTEXT() REPRESENTATION_CONTEXT('2D SPACE',''
  ) );
#15449 = PCURVE('',#15369,#15450);
#15450 = DEFINITIONAL_REPRESENTATION('',(#15451),#15455);
#15451 = LINE('',#15452,#15453);
#15452 = CARTESIAN_POINT('',(-0.665,0.665));
#15453 = VECTOR('',#15454,1.);
#15454 = DIRECTION('',(-0.880471099922,-0.474099823035));
#15455 = ( GEOMETRIC_REPRESENTATION_CONTEXT(2) 
PARAMETRIC_REPRESENTATION_CONTEXT() REPRESENTATION_CONTEXT('2D SPACE',''
  ) );
#15456 = ADVANCED_FACE('',(#15457),#15424,.T.);
#15457 = FACE_BOUND('',#15458,.T.);
#15458 = EDGE_LOOP('',(#15459,#15460,#15483,#15511));
#15459 = ORIENTED_EDGE('',*,*,#15408,.T.);
#15460 = ORIENTED_EDGE('',*,*,#15461,.T.);
#15461 = EDGE_CURVE('',#15386,#15462,#15464,.T.);
#15462 = VERTEX_POINT('',#15463);
#15463 = CARTESIAN_POINT('',(27.5650007,52.766541615175,0.4800001));
#15464 = SURFACE_CURVE('',#15465,(#15469,#15476),.PCURVE_S1.);
#15465 = LINE('',#15466,#15467);
#15466 = CARTESIAN_POINT('',(28.8000007,53.431541615175,0.4800001));
#15467 = VECTOR('',#15468,1.);
#15468 = DIRECTION('',(-0.880471099922,-0.474099823035,0.));
#15469 = PCURVE('',#15424,#15470);
#15470 = DEFINITIONAL_REPRESENTATION('',(#15471),#15475);
#15471 = LINE('',#15472,#15473);
#15472 = CARTESIAN_POINT('',(0.,-0.48));
#15473 = VECTOR('',#15474,1.);
#15474 = DIRECTION('',(1.,0.));
#15475 = ( GEOMETRIC_REPRESENTATION_CONTEXT(2) 
PARAMETRIC_REPRESENTATION_CONTEXT() REPRESENTATION_CONTEXT('2D SPACE',''
  ) );
#15476 = PCURVE('',#15315,#15477);
#15477 = DEFINITIONAL_REPRESENTATION('',(#15478),#15482);
#15478 = LINE('',#15479,#15480);
#15479 = CARTESIAN_POINT('',(-1.9,0.));
#15480 = VECTOR('',#15481,1.);
#15481 = DIRECTION('',(0.880471099922,-0.474099823035));
#15482 = ( GEOMETRIC_REPRESENTATION_CONTEXT(2) 
PARAMETRIC_REPRESENTATION_CONTEXT() REPRESENTATION_CONTEXT('2D SPACE',''
  ) );
#15483 = ORIENTED_EDGE('',*,*,#15484,.F.);
#15484 = EDGE_CURVE('',#15485,#15462,#15487,.T.);
#15485 = VERTEX_POINT('',#15486);
#15486 = CARTESIAN_POINT('',(27.5650007,52.766541615175,
    1.00000008274E-07));
#15487 = SURFACE_CURVE('',#15488,(#15492,#15499),.PCURVE_S1.);
#15488 = LINE('',#15489,#15490);
#15489 = CARTESIAN_POINT('',(27.5650007,52.766541615175,
    1.00000008274E-07));
#15490 = VECTOR('',#15491,1.);
#15491 = DIRECTION('',(0.,0.,1.));
#15492 = PCURVE('',#15424,#15493);
#15493 = DEFINITIONAL_REPRESENTATION('',(#15494),#15498);
#15494 = LINE('',#15495,#15496);
#15495 = CARTESIAN_POINT('',(1.402658190722,0.));
#15496 = VECTOR('',#15497,1.);
#15497 = DIRECTION('',(0.,-1.));
#15498 = ( GEOMETRIC_REPRESENTATION_CONTEXT(2) 
PARAMETRIC_REPRESENTATION_CONTEXT() REPRESENTATION_CONTEXT('2D SPACE',''
  ) );
#15499 = PCURVE('',#15500,#15505);
#15500 = PLANE('',#15501);
#15501 = AXIS2_PLACEMENT_3D('',#15502,#15503,#15504);
#15502 = CARTESIAN_POINT('',(27.5650007,52.766541615175,
    1.00000008274E-07));
#15503 = DIRECTION('',(0.880471099922,-0.474099823035,0.));
#15504 = DIRECTION('',(-0.474099823035,-0.880471099922,0.));
#15505 = DEFINITIONAL_REPRESENTATION('',(#15506),#15510);
#15506 = LINE('',#15507,#15508);
#15507 = CARTESIAN_POINT('',(0.,0.));
#15508 = VECTOR('',#15509,1.);
#15509 = DIRECTION('',(0.,-1.));
#15510 = ( GEOMETRIC_REPRESENTATION_CONTEXT(2) 
PARAMETRIC_REPRESENTATION_CONTEXT() REPRESENTATION_CONTEXT('2D SPACE',''
  ) );
#15511 = ORIENTED_EDGE('',*,*,#15512,.F.);
#15512 = EDGE_CURVE('',#15409,#15485,#15513,.T.);
#15513 = SURFACE_CURVE('',#15514,(#15518,#15525),.PCURVE_S1.);
#15514 = LINE('',#15515,#15516);
#15515 = CARTESIAN_POINT('',(28.8000007,53.431541615175,
    1.00000008274E-07));
#15516 = VECTOR('',#15517,1.);
#15517 = DIRECTION('',(-0.880471099922,-0.474099823035,0.));
#15518 = PCURVE('',#15424,#15519);
#15519 = DEFINITIONAL_REPRESENTATION('',(#15520),#15524);
#15520 = LINE('',#15521,#15522);
#15521 = CARTESIAN_POINT('',(0.,0.));
#15522 = VECTOR('',#15523,1.);
#15523 = DIRECTION('',(1.,0.));
#15524 = ( GEOMETRIC_REPRESENTATION_CONTEXT(2) 
PARAMETRIC_REPRESENTATION_CONTEXT() REPRESENTATION_CONTEXT('2D SPACE',''
  ) );
#15525 = PCURVE('',#15369,#15526);
#15526 = DEFINITIONAL_REPRESENTATION('',(#15527),#15531);
#15527 = LINE('',#15528,#15529);
#15528 = CARTESIAN_POINT('',(-1.9,0.));
#15529 = VECTOR('',#15530,1.);
#15530 = DIRECTION('',(0.880471099922,-0.474099823035));
#15531 = ( GEOMETRIC_REPRESENTATION_CONTEXT(2) 
PARAMETRIC_REPRESENTATION_CONTEXT() REPRESENTATION_CONTEXT('2D SPACE',''
  ) );
#15532 = ADVANCED_FACE('',(#15533),#15500,.T.);
#15533 = FACE_BOUND('',#15534,.T.);
#15534 = EDGE_LOOP('',(#15535,#15536,#15559,#15587));
#15535 = ORIENTED_EDGE('',*,*,#15484,.T.);
#15536 = ORIENTED_EDGE('',*,*,#15537,.T.);
#15537 = EDGE_CURVE('',#15462,#15538,#15540,.T.);
#15538 = VERTEX_POINT('',#15539);
#15539 = CARTESIAN_POINT('',(26.9000007,51.531541615175,0.4800001));
#15540 = SURFACE_CURVE('',#15541,(#15545,#15552),.PCURVE_S1.);
#15541 = LINE('',#15542,#15543);
#15542 = CARTESIAN_POINT('',(27.5650007,52.766541615175,0.4800001));
#15543 = VECTOR('',#15544,1.);
#15544 = DIRECTION('',(-0.474099823035,-0.880471099922,0.));
#15545 = PCURVE('',#15500,#15546);
#15546 = DEFINITIONAL_REPRESENTATION('',(#15547),#15551);
#15547 = LINE('',#15548,#15549);
#15548 = CARTESIAN_POINT('',(0.,-0.48));
#15549 = VECTOR('',#15550,1.);
#15550 = DIRECTION('',(1.,0.));
#15551 = ( GEOMETRIC_REPRESENTATION_CONTEXT(2) 
PARAMETRIC_REPRESENTATION_CONTEXT() REPRESENTATION_CONTEXT('2D SPACE',''
  ) );
#15552 = PCURVE('',#15315,#15553);
#15553 = DEFINITIONAL_REPRESENTATION('',(#15554),#15558);
#15554 = LINE('',#15555,#15556);
#15555 = CARTESIAN_POINT('',(-0.665,-0.665));
#15556 = VECTOR('',#15557,1.);
#15557 = DIRECTION('',(0.474099823035,-0.880471099922));
#15558 = ( GEOMETRIC_REPRESENTATION_CONTEXT(2) 
PARAMETRIC_REPRESENTATION_CONTEXT() REPRESENTATION_CONTEXT('2D SPACE',''
  ) );
#15559 = ORIENTED_EDGE('',*,*,#15560,.F.);
#15560 = EDGE_CURVE('',#15561,#15538,#15563,.T.);
#15561 = VERTEX_POINT('',#15562);
#15562 = CARTESIAN_POINT('',(26.9000007,51.531541615175,
    1.00000008274E-07));
#15563 = SURFACE_CURVE('',#15564,(#15568,#15575),.PCURVE_S1.);
#15564 = LINE('',#15565,#15566);
#15565 = CARTESIAN_POINT('',(26.9000007,51.531541615175,
    1.00000008274E-07));
#15566 = VECTOR('',#15567,1.);
#15567 = DIRECTION('',(0.,0.,1.));
#15568 = PCURVE('',#15500,#15569);
#15569 = DEFINITIONAL_REPRESENTATION('',(#15570),#15574);
#15570 = LINE('',#15571,#15572);
#15571 = CARTESIAN_POINT('',(1.402658190722,0.));
#15572 = VECTOR('',#15573,1.);
#15573 = DIRECTION('',(0.,-1.));
#15574 = ( GEOMETRIC_REPRESENTATION_CONTEXT(2) 
PARAMETRIC_REPRESENTATION_CONTEXT() REPRESENTATION_CONTEXT('2D SPACE',''
  ) );
#15575 = PCURVE('',#15576,#15581);
#15576 = PLANE('',#15577);
#15577 = AXIS2_PLACEMENT_3D('',#15578,#15579,#15580);
#15578 = CARTESIAN_POINT('',(26.9000007,51.531541615175,
    1.00000008274E-07));
#15579 = DIRECTION('',(-0.880471099922,-0.474099823035,0.));
#15580 = DIRECTION('',(-0.474099823035,0.880471099922,0.));
#15581 = DEFINITIONAL_REPRESENTATION('',(#15582),#15586);
#15582 = LINE('',#15583,#15584);
#15583 = CARTESIAN_POINT('',(0.,0.));
#15584 = VECTOR('',#15585,1.);
#15585 = DIRECTION('',(0.,-1.));
#15586 = ( GEOMETRIC_REPRESENTATION_CONTEXT(2) 
PARAMETRIC_REPRESENTATION_CONTEXT() REPRESENTATION_CONTEXT('2D SPACE',''
  ) );
#15587 = ORIENTED_EDGE('',*,*,#15588,.F.);
#15588 = EDGE_CURVE('',#15485,#15561,#15589,.T.);
#15589 = SURFACE_CURVE('',#15590,(#15594,#15601),.PCURVE_S1.);
#15590 = LINE('',#15591,#15592);
#15591 = CARTESIAN_POINT('',(27.5650007,52.766541615175,
    1.00000008274E-07));
#15592 = VECTOR('',#15593,1.);
#15593 = DIRECTION('',(-0.474099823035,-0.880471099922,0.));
#15594 = PCURVE('',#15500,#15595);
#15595 = DEFINITIONAL_REPRESENTATION('',(#15596),#15600);
#15596 = LINE('',#15597,#15598);
#15597 = CARTESIAN_POINT('',(0.,0.));
#15598 = VECTOR('',#15599,1.);
#15599 = DIRECTION('',(1.,0.));
#15600 = ( GEOMETRIC_REPRESENTATION_CONTEXT(2) 
PARAMETRIC_REPRESENTATION_CONTEXT() REPRESENTATION_CONTEXT('2D SPACE',''
  ) );
#15601 = PCURVE('',#15369,#15602);
#15602 = DEFINITIONAL_REPRESENTATION('',(#15603),#15607);
#15603 = LINE('',#15604,#15605);
#15604 = CARTESIAN_POINT('',(-0.665,-0.665));
#15605 = VECTOR('',#15606,1.);
#15606 = DIRECTION('',(0.474099823035,-0.880471099922));
#15607 = ( GEOMETRIC_REPRESENTATION_CONTEXT(2) 
PARAMETRIC_REPRESENTATION_CONTEXT() REPRESENTATION_CONTEXT('2D SPACE',''
  ) );
#15608 = ADVANCED_FACE('',(#15609),#15576,.T.);
#15609 = FACE_BOUND('',#15610,.T.);
#15610 = EDGE_LOOP('',(#15611,#15612,#15635,#15663));
#15611 = ORIENTED_EDGE('',*,*,#15560,.T.);
#15612 = ORIENTED_EDGE('',*,*,#15613,.T.);
#15613 = EDGE_CURVE('',#15538,#15614,#15616,.T.);
#15614 = VERTEX_POINT('',#15615);
#15615 = CARTESIAN_POINT('',(26.2350007,52.766541615175,0.4800001));
#15616 = SURFACE_CURVE('',#15617,(#15621,#15628),.PCURVE_S1.);
#15617 = LINE('',#15618,#15619);
#15618 = CARTESIAN_POINT('',(26.9000007,51.531541615175,0.4800001));
#15619 = VECTOR('',#15620,1.);
#15620 = DIRECTION('',(-0.474099823035,0.880471099922,0.));
#15621 = PCURVE('',#15576,#15622);
#15622 = DEFINITIONAL_REPRESENTATION('',(#15623),#15627);
#15623 = LINE('',#15624,#15625);
#15624 = CARTESIAN_POINT('',(0.,-0.48));
#15625 = VECTOR('',#15626,1.);
#15626 = DIRECTION('',(1.,0.));
#15627 = ( GEOMETRIC_REPRESENTATION_CONTEXT(2) 
PARAMETRIC_REPRESENTATION_CONTEXT() REPRESENTATION_CONTEXT('2D SPACE',''
  ) );
#15628 = PCURVE('',#15315,#15629);
#15629 = DEFINITIONAL_REPRESENTATION('',(#15630),#15634);
#15630 = LINE('',#15631,#15632);
#15631 = CARTESIAN_POINT('',(0.,-1.9));
#15632 = VECTOR('',#15633,1.);
#15633 = DIRECTION('',(0.474099823035,0.880471099922));
#15634 = ( GEOMETRIC_REPRESENTATION_CONTEXT(2) 
PARAMETRIC_REPRESENTATION_CONTEXT() REPRESENTATION_CONTEXT('2D SPACE',''
  ) );
#15635 = ORIENTED_EDGE('',*,*,#15636,.F.);
#15636 = EDGE_CURVE('',#15637,#15614,#15639,.T.);
#15637 = VERTEX_POINT('',#15638);
#15638 = CARTESIAN_POINT('',(26.2350007,52.766541615175,
    1.00000008274E-07));
#15639 = SURFACE_CURVE('',#15640,(#15644,#15651),.PCURVE_S1.);
#15640 = LINE('',#15641,#15642);
#15641 = CARTESIAN_POINT('',(26.2350007,52.766541615175,
    1.00000008274E-07));
#15642 = VECTOR('',#15643,1.);
#15643 = DIRECTION('',(0.,0.,1.));
#15644 = PCURVE('',#15576,#15645);
#15645 = DEFINITIONAL_REPRESENTATION('',(#15646),#15650);
#15646 = LINE('',#15647,#15648);
#15647 = CARTESIAN_POINT('',(1.402658190722,0.));
#15648 = VECTOR('',#15649,1.);
#15649 = DIRECTION('',(0.,-1.));
#15650 = ( GEOMETRIC_REPRESENTATION_CONTEXT(2) 
PARAMETRIC_REPRESENTATION_CONTEXT() REPRESENTATION_CONTEXT('2D SPACE',''
  ) );
#15651 = PCURVE('',#15652,#15657);
#15652 = PLANE('',#15653);
#15653 = AXIS2_PLACEMENT_3D('',#15654,#15655,#15656);
#15654 = CARTESIAN_POINT('',(26.2350007,52.766541615175,
    1.00000008274E-07));
#15655 = DIRECTION('',(-0.474099823035,-0.880471099922,0.));
#15656 = DIRECTION('',(-0.880471099922,0.474099823035,0.));
#15657 = DEFINITIONAL_REPRESENTATION('',(#15658),#15662);
#15658 = LINE('',#15659,#15660);
#15659 = CARTESIAN_POINT('',(0.,0.));
#15660 = VECTOR('',#15661,1.);
#15661 = DIRECTION('',(0.,-1.));
#15662 = ( GEOMETRIC_REPRESENTATION_CONTEXT(2) 
PARAMETRIC_REPRESENTATION_CONTEXT() REPRESENTATION_CONTEXT('2D SPACE',''
  ) );
#15663 = ORIENTED_EDGE('',*,*,#15664,.F.);
#15664 = EDGE_CURVE('',#15561,#15637,#15665,.T.);
#15665 = SURFACE_CURVE('',#15666,(#15670,#15677),.PCURVE_S1.);
#15666 = LINE('',#15667,#15668);
#15667 = CARTESIAN_POINT('',(26.9000007,51.531541615175,
    1.00000008274E-07));
#15668 = VECTOR('',#15669,1.);
#15669 = DIRECTION('',(-0.474099823035,0.880471099922,0.));
#15670 = PCURVE('',#15576,#15671);
#15671 = DEFINITIONAL_REPRESENTATION('',(#15672),#15676);
#15672 = LINE('',#15673,#15674);
#15673 = CARTESIAN_POINT('',(0.,0.));
#15674 = VECTOR('',#15675,1.);
#15675 = DIRECTION('',(1.,0.));
#15676 = ( GEOMETRIC_REPRESENTATION_CONTEXT(2) 
PARAMETRIC_REPRESENTATION_CONTEXT() REPRESENTATION_CONTEXT('2D SPACE',''
  ) );
#15677 = PCURVE('',#15369,#15678);
#15678 = DEFINITIONAL_REPRESENTATION('',(#15679),#15683);
#15679 = LINE('',#15680,#15681);
#15680 = CARTESIAN_POINT('',(0.,-1.9));
#15681 = VECTOR('',#15682,1.);
#15682 = DIRECTION('',(0.474099823035,0.880471099922));
#15683 = ( GEOMETRIC_REPRESENTATION_CONTEXT(2) 
PARAMETRIC_REPRESENTATION_CONTEXT() REPRESENTATION_CONTEXT('2D SPACE',''
  ) );
#15684 = ADVANCED_FACE('',(#15685),#15652,.T.);
#15685 = FACE_BOUND('',#15686,.T.);
#15686 = EDGE_LOOP('',(#15687,#15688,#15711,#15739));
#15687 = ORIENTED_EDGE('',*,*,#15636,.T.);
#15688 = ORIENTED_EDGE('',*,*,#15689,.T.);
#15689 = EDGE_CURVE('',#15614,#15690,#15692,.T.);
#15690 = VERTEX_POINT('',#15691);
#15691 = CARTESIAN_POINT('',(25.0000007,53.431541615175,0.4800001));
#15692 = SURFACE_CURVE('',#15693,(#15697,#15704),.PCURVE_S1.);
#15693 = LINE('',#15694,#15695);
#15694 = CARTESIAN_POINT('',(26.2350007,52.766541615175,0.4800001));
#15695 = VECTOR('',#15696,1.);
#15696 = DIRECTION('',(-0.880471099922,0.474099823035,0.));
#15697 = PCURVE('',#15652,#15698);
#15698 = DEFINITIONAL_REPRESENTATION('',(#15699),#15703);
#15699 = LINE('',#15700,#15701);
#15700 = CARTESIAN_POINT('',(0.,-0.48));
#15701 = VECTOR('',#15702,1.);
#15702 = DIRECTION('',(1.,0.));
#15703 = ( GEOMETRIC_REPRESENTATION_CONTEXT(2) 
PARAMETRIC_REPRESENTATION_CONTEXT() REPRESENTATION_CONTEXT('2D SPACE',''
  ) );
#15704 = PCURVE('',#15315,#15705);
#15705 = DEFINITIONAL_REPRESENTATION('',(#15706),#15710);
#15706 = LINE('',#15707,#15708);
#15707 = CARTESIAN_POINT('',(0.665,-0.665));
#15708 = VECTOR('',#15709,1.);
#15709 = DIRECTION('',(0.880471099922,0.474099823035));
#15710 = ( GEOMETRIC_REPRESENTATION_CONTEXT(2) 
PARAMETRIC_REPRESENTATION_CONTEXT() REPRESENTATION_CONTEXT('2D SPACE',''
  ) );
#15711 = ORIENTED_EDGE('',*,*,#15712,.F.);
#15712 = EDGE_CURVE('',#15713,#15690,#15715,.T.);
#15713 = VERTEX_POINT('',#15714);
#15714 = CARTESIAN_POINT('',(25.0000007,53.431541615175,
    1.00000008274E-07));
#15715 = SURFACE_CURVE('',#15716,(#15720,#15727),.PCURVE_S1.);
#15716 = LINE('',#15717,#15718);
#15717 = CARTESIAN_POINT('',(25.0000007,53.431541615175,
    1.00000008274E-07));
#15718 = VECTOR('',#15719,1.);
#15719 = DIRECTION('',(0.,0.,1.));
#15720 = PCURVE('',#15652,#15721);
#15721 = DEFINITIONAL_REPRESENTATION('',(#15722),#15726);
#15722 = LINE('',#15723,#15724);
#15723 = CARTESIAN_POINT('',(1.402658190722,0.));
#15724 = VECTOR('',#15725,1.);
#15725 = DIRECTION('',(0.,-1.));
#15726 = ( GEOMETRIC_REPRESENTATION_CONTEXT(2) 
PARAMETRIC_REPRESENTATION_CONTEXT() REPRESENTATION_CONTEXT('2D SPACE',''
  ) );
#15727 = PCURVE('',#15728,#15733);
#15728 = PLANE('',#15729);
#15729 = AXIS2_PLACEMENT_3D('',#15730,#15731,#15732);
#15730 = CARTESIAN_POINT('',(25.0000007,53.431541615175,
    1.00000008274E-07));
#15731 = DIRECTION('',(-0.474099823035,0.880471099922,0.));
#15732 = DIRECTION('',(0.880471099922,0.474099823035,0.));
#15733 = DEFINITIONAL_REPRESENTATION('',(#15734),#15738);
#15734 = LINE('',#15735,#15736);
#15735 = CARTESIAN_POINT('',(0.,0.));
#15736 = VECTOR('',#15737,1.);
#15737 = DIRECTION('',(0.,-1.));
#15738 = ( GEOMETRIC_REPRESENTATION_CONTEXT(2) 
PARAMETRIC_REPRESENTATION_CONTEXT() REPRESENTATION_CONTEXT('2D SPACE',''
  ) );
#15739 = ORIENTED_EDGE('',*,*,#15740,.F.);
#15740 = EDGE_CURVE('',#15637,#15713,#15741,.T.);
#15741 = SURFACE_CURVE('',#15742,(#15746,#15753),.PCURVE_S1.);
#15742 = LINE('',#15743,#15744);
#15743 = CARTESIAN_POINT('',(26.2350007,52.766541615175,
    1.00000008274E-07));
#15744 = VECTOR('',#15745,1.);
#15745 = DIRECTION('',(-0.880471099922,0.474099823035,0.));
#15746 = PCURVE('',#15652,#15747);
#15747 = DEFINITIONAL_REPRESENTATION('',(#15748),#15752);
#15748 = LINE('',#15749,#15750);
#15749 = CARTESIAN_POINT('',(0.,0.));
#15750 = VECTOR('',#15751,1.);
#15751 = DIRECTION('',(1.,0.));
#15752 = ( GEOMETRIC_REPRESENTATION_CONTEXT(2) 
PARAMETRIC_REPRESENTATION_CONTEXT() REPRESENTATION_CONTEXT('2D SPACE',''
  ) );
#15753 = PCURVE('',#15369,#15754);
#15754 = DEFINITIONAL_REPRESENTATION('',(#15755),#15759);
#15755 = LINE('',#15756,#15757);
#15756 = CARTESIAN_POINT('',(0.665,-0.665));
#15757 = VECTOR('',#15758,1.);
#15758 = DIRECTION('',(0.880471099922,0.474099823035));
#15759 = ( GEOMETRIC_REPRESENTATION_CONTEXT(2) 
PARAMETRIC_REPRESENTATION_CONTEXT() REPRESENTATION_CONTEXT('2D SPACE',''
  ) );
#15760 = ADVANCED_FACE('',(#15761),#15728,.T.);
#15761 = FACE_BOUND('',#15762,.T.);
#15762 = EDGE_LOOP('',(#15763,#15764,#15787,#15810));
#15763 = ORIENTED_EDGE('',*,*,#15712,.T.);
#15764 = ORIENTED_EDGE('',*,*,#15765,.T.);
#15765 = EDGE_CURVE('',#15690,#15766,#15768,.T.);
#15766 = VERTEX_POINT('',#15767);
#15767 = CARTESIAN_POINT('',(26.2350007,54.096541615175,0.4800001));
#15768 = SURFACE_CURVE('',#15769,(#15773,#15780),.PCURVE_S1.);
#15769 = LINE('',#15770,#15771);
#15770 = CARTESIAN_POINT('',(25.0000007,53.431541615175,0.4800001));
#15771 = VECTOR('',#15772,1.);
#15772 = DIRECTION('',(0.880471099922,0.474099823035,0.));
#15773 = PCURVE('',#15728,#15774);
#15774 = DEFINITIONAL_REPRESENTATION('',(#15775),#15779);
#15775 = LINE('',#15776,#15777);
#15776 = CARTESIAN_POINT('',(0.,-0.48));
#15777 = VECTOR('',#15778,1.);
#15778 = DIRECTION('',(1.,0.));
#15779 = ( GEOMETRIC_REPRESENTATION_CONTEXT(2) 
PARAMETRIC_REPRESENTATION_CONTEXT() REPRESENTATION_CONTEXT('2D SPACE',''
  ) );
#15780 = PCURVE('',#15315,#15781);
#15781 = DEFINITIONAL_REPRESENTATION('',(#15782),#15786);
#15782 = LINE('',#15783,#15784);
#15783 = CARTESIAN_POINT('',(1.9,0.));
#15784 = VECTOR('',#15785,1.);
#15785 = DIRECTION('',(-0.880471099922,0.474099823035));
#15786 = ( GEOMETRIC_REPRESENTATION_CONTEXT(2) 
PARAMETRIC_REPRESENTATION_CONTEXT() REPRESENTATION_CONTEXT('2D SPACE',''
  ) );
#15787 = ORIENTED_EDGE('',*,*,#15788,.F.);
#15788 = EDGE_CURVE('',#15789,#15766,#15791,.T.);
#15789 = VERTEX_POINT('',#15790);
#15790 = CARTESIAN_POINT('',(26.2350007,54.096541615175,
    1.00000008274E-07));
#15791 = SURFACE_CURVE('',#15792,(#15796,#15803),.PCURVE_S1.);
#15792 = LINE('',#15793,#15794);
#15793 = CARTESIAN_POINT('',(26.2350007,54.096541615175,
    1.00000008274E-07));
#15794 = VECTOR('',#15795,1.);
#15795 = DIRECTION('',(0.,0.,1.));
#15796 = PCURVE('',#15728,#15797);
#15797 = DEFINITIONAL_REPRESENTATION('',(#15798),#15802);
#15798 = LINE('',#15799,#15800);
#15799 = CARTESIAN_POINT('',(1.402658190722,0.));
#15800 = VECTOR('',#15801,1.);
#15801 = DIRECTION('',(0.,-1.));
#15802 = ( GEOMETRIC_REPRESENTATION_CONTEXT(2) 
PARAMETRIC_REPRESENTATION_CONTEXT() REPRESENTATION_CONTEXT('2D SPACE',''
  ) );
#15803 = PCURVE('',#15287,#15804);
#15804 = DEFINITIONAL_REPRESENTATION('',(#15805),#15809);
#15805 = LINE('',#15806,#15807);
#15806 = CARTESIAN_POINT('',(0.,0.));
#15807 = VECTOR('',#15808,1.);
#15808 = DIRECTION('',(0.,-1.));
#15809 = ( GEOMETRIC_REPRESENTATION_CONTEXT(2) 
PARAMETRIC_REPRESENTATION_CONTEXT() REPRESENTATION_CONTEXT('2D SPACE',''
  ) );
#15810 = ORIENTED_EDGE('',*,*,#15811,.F.);
#15811 = EDGE_CURVE('',#15713,#15789,#15812,.T.);
#15812 = SURFACE_CURVE('',#15813,(#15817,#15824),.PCURVE_S1.);
#15813 = LINE('',#15814,#15815);
#15814 = CARTESIAN_POINT('',(25.0000007,53.431541615175,
    1.00000008274E-07));
#15815 = VECTOR('',#15816,1.);
#15816 = DIRECTION('',(0.880471099922,0.474099823035,0.));
#15817 = PCURVE('',#15728,#15818);
#15818 = DEFINITIONAL_REPRESENTATION('',(#15819),#15823);
#15819 = LINE('',#15820,#15821);
#15820 = CARTESIAN_POINT('',(0.,0.));
#15821 = VECTOR('',#15822,1.);
#15822 = DIRECTION('',(1.,0.));
#15823 = ( GEOMETRIC_REPRESENTATION_CONTEXT(2) 
PARAMETRIC_REPRESENTATION_CONTEXT() REPRESENTATION_CONTEXT('2D SPACE',''
  ) );
#15824 = PCURVE('',#15369,#15825);
#15825 = DEFINITIONAL_REPRESENTATION('',(#15826),#15830);
#15826 = LINE('',#15827,#15828);
#15827 = CARTESIAN_POINT('',(1.9,0.));
#15828 = VECTOR('',#15829,1.);
#15829 = DIRECTION('',(-0.880471099922,0.474099823035));
#15830 = ( GEOMETRIC_REPRESENTATION_CONTEXT(2) 
PARAMETRIC_REPRESENTATION_CONTEXT() REPRESENTATION_CONTEXT('2D SPACE',''
  ) );
#15831 = ADVANCED_FACE('',(#15832),#15287,.T.);
#15832 = FACE_BOUND('',#15833,.T.);
#15833 = EDGE_LOOP('',(#15834,#15835,#15856,#15857));
#15834 = ORIENTED_EDGE('',*,*,#15788,.T.);
#15835 = ORIENTED_EDGE('',*,*,#15836,.T.);
#15836 = EDGE_CURVE('',#15766,#15267,#15837,.T.);
#15837 = SURFACE_CURVE('',#15838,(#15842,#15849),.PCURVE_S1.);
#15838 = LINE('',#15839,#15840);
#15839 = CARTESIAN_POINT('',(26.2350007,54.096541615175,0.4800001));
#15840 = VECTOR('',#15841,1.);
#15841 = DIRECTION('',(0.474099823035,0.880471099922,0.));
#15842 = PCURVE('',#15287,#15843);
#15843 = DEFINITIONAL_REPRESENTATION('',(#15844),#15848);
#15844 = LINE('',#15845,#15846);
#15845 = CARTESIAN_POINT('',(0.,-0.48));
#15846 = VECTOR('',#15847,1.);
#15847 = DIRECTION('',(1.,0.));
#15848 = ( GEOMETRIC_REPRESENTATION_CONTEXT(2) 
PARAMETRIC_REPRESENTATION_CONTEXT() REPRESENTATION_CONTEXT('2D SPACE',''
  ) );
#15849 = PCURVE('',#15315,#15850);
#15850 = DEFINITIONAL_REPRESENTATION('',(#15851),#15855);
#15851 = LINE('',#15852,#15853);
#15852 = CARTESIAN_POINT('',(0.665,0.665));
#15853 = VECTOR('',#15854,1.);
#15854 = DIRECTION('',(-0.474099823035,0.880471099922));
#15855 = ( GEOMETRIC_REPRESENTATION_CONTEXT(2) 
PARAMETRIC_REPRESENTATION_CONTEXT() REPRESENTATION_CONTEXT('2D SPACE',''
  ) );
#15856 = ORIENTED_EDGE('',*,*,#15264,.F.);
#15857 = ORIENTED_EDGE('',*,*,#15858,.F.);
#15858 = EDGE_CURVE('',#15789,#15265,#15859,.T.);
#15859 = SURFACE_CURVE('',#15860,(#15864,#15871),.PCURVE_S1.);
#15860 = LINE('',#15861,#15862);
#15861 = CARTESIAN_POINT('',(26.2350007,54.096541615175,
    1.00000008274E-07));
#15862 = VECTOR('',#15863,1.);
#15863 = DIRECTION('',(0.474099823035,0.880471099922,0.));
#15864 = PCURVE('',#15287,#15865);
#15865 = DEFINITIONAL_REPRESENTATION('',(#15866),#15870);
#15866 = LINE('',#15867,#15868);
#15867 = CARTESIAN_POINT('',(0.,0.));
#15868 = VECTOR('',#15869,1.);
#15869 = DIRECTION('',(1.,0.));
#15870 = ( GEOMETRIC_REPRESENTATION_CONTEXT(2) 
PARAMETRIC_REPRESENTATION_CONTEXT() REPRESENTATION_CONTEXT('2D SPACE',''
  ) );
#15871 = PCURVE('',#15369,#15872);
#15872 = DEFINITIONAL_REPRESENTATION('',(#15873),#15877);
#15873 = LINE('',#15874,#15875);
#15874 = CARTESIAN_POINT('',(0.665,0.665));
#15875 = VECTOR('',#15876,1.);
#15876 = DIRECTION('',(-0.474099823035,0.880471099922));
#15877 = ( GEOMETRIC_REPRESENTATION_CONTEXT(2) 
PARAMETRIC_REPRESENTATION_CONTEXT() REPRESENTATION_CONTEXT('2D SPACE',''
  ) );
#15878 = ADVANCED_FACE('',(#15879),#15369,.T.);
#15879 = FACE_BOUND('',#15880,.T.);
#15880 = EDGE_LOOP('',(#15881,#15882,#15883,#15884,#15885,#15886,#15887,
    #15888));
#15881 = ORIENTED_EDGE('',*,*,#15355,.T.);
#15882 = ORIENTED_EDGE('',*,*,#15436,.T.);
#15883 = ORIENTED_EDGE('',*,*,#15512,.T.);
#15884 = ORIENTED_EDGE('',*,*,#15588,.T.);
#15885 = ORIENTED_EDGE('',*,*,#15664,.T.);
#15886 = ORIENTED_EDGE('',*,*,#15740,.T.);
#15887 = ORIENTED_EDGE('',*,*,#15811,.T.);
#15888 = ORIENTED_EDGE('',*,*,#15858,.T.);
#15889 = ADVANCED_FACE('',(#15890),#15315,.F.);
#15890 = FACE_BOUND('',#15891,.F.);
#15891 = EDGE_LOOP('',(#15892,#15893,#15894,#15895,#15896,#15897,#15898,
    #15899));
#15892 = ORIENTED_EDGE('',*,*,#15299,.T.);
#15893 = ORIENTED_EDGE('',*,*,#15385,.T.);
#15894 = ORIENTED_EDGE('',*,*,#15461,.T.);
#15895 = ORIENTED_EDGE('',*,*,#15537,.T.);
#15896 = ORIENTED_EDGE('',*,*,#15613,.T.);
#15897 = ORIENTED_EDGE('',*,*,#15689,.T.);
#15898 = ORIENTED_EDGE('',*,*,#15765,.T.);
#15899 = ORIENTED_EDGE('',*,*,#15836,.T.);
#15900 = ( GEOMETRIC_REPRESENTATION_CONTEXT(3) 
GLOBAL_UNCERTAINTY_ASSIGNED_CONTEXT((#15904)) 
GLOBAL_UNIT_ASSIGNED_CONTEXT((#15901,#15902,#15903)) 
REPRESENTATION_CONTEXT('Context #1',
  '3D Context with UNIT and UNCERTAINTY') );
#15901 = ( LENGTH_UNIT() NAMED_UNIT(*) SI_UNIT(.MILLI.,.METRE.) );
#15902 = ( NAMED_UNIT(*) PLANE_ANGLE_UNIT() SI_UNIT($,.RADIAN.) );
#15903 = ( NAMED_UNIT(*) SI_UNIT($,.STERADIAN.) SOLID_ANGLE_UNIT() );
#15904 = UNCERTAINTY_MEASURE_WITH_UNIT(LENGTH_MEASURE(1.E-07),#15901,
  'distance_accuracy_value','confusion accuracy');
#15905 = CONTEXT_DEPENDENT_SHAPE_REPRESENTATION(#15906,#15908);
#15906 = ( REPRESENTATION_RELATIONSHIP('','',#15257,#10) 
REPRESENTATION_RELATIONSHIP_WITH_TRANSFORMATION(#15907) 
SHAPE_REPRESENTATION_RELATIONSHIP() );
#15907 = ITEM_DEFINED_TRANSFORMATION('','',#11,#107);
#15908 = PRODUCT_DEFINITION_SHAPE('Placement','Placement of an item',
  #15909);
#15909 = NEXT_ASSEMBLY_USAGE_OCCURRENCE('274','','',#5,#15252,$);
#15910 = PRODUCT_RELATED_PRODUCT_CATEGORY('part',$,(#15254));
#15911 = SHAPE_DEFINITION_REPRESENTATION(#15912,#15918);
#15912 = PRODUCT_DEFINITION_SHAPE('','',#15913);
#15913 = PRODUCT_DEFINITION('design','',#15914,#15917);
#15914 = PRODUCT_DEFINITION_FORMATION('','',#15915);
#15915 = PRODUCT('Open CASCADE STEP translator 7.8 2.25',
  'Open CASCADE STEP translator 7.8 2.25','',(#15916));
#15916 = PRODUCT_CONTEXT('',#2,'mechanical');
#15917 = PRODUCT_DEFINITION_CONTEXT('part definition',#2,'design');
#15918 = ADVANCED_BREP_SHAPE_REPRESENTATION('',(#11,#15919),#16561);
#15919 = MANIFOLD_SOLID_BREP('',#15920);
#15920 = CLOSED_SHELL('',(#15921,#16041,#16117,#16193,#16269,#16345,
    #16421,#16492,#16539,#16550));
#15921 = ADVANCED_FACE('',(#15922),#15936,.T.);
#15922 = FACE_BOUND('',#15923,.T.);
#15923 = EDGE_LOOP('',(#15924,#15959,#15987,#16015));
#15924 = ORIENTED_EDGE('',*,*,#15925,.T.);
#15925 = EDGE_CURVE('',#15926,#15928,#15930,.T.);
#15926 = VERTEX_POINT('',#15927);
#15927 = CARTESIAN_POINT('',(34.4000009,54.731541615175,
    1.000000073859E-07));
#15928 = VERTEX_POINT('',#15929);
#15929 = CARTESIAN_POINT('',(34.4000009,54.731541615175,0.4800001));
#15930 = SURFACE_CURVE('',#15931,(#15935,#15947),.PCURVE_S1.);
#15931 = LINE('',#15932,#15933);
#15932 = CARTESIAN_POINT('',(34.4000009,54.731541615175,
    1.000000073859E-07));
#15933 = VECTOR('',#15934,1.);
#15934 = DIRECTION('',(0.,0.,1.));
#15935 = PCURVE('',#15936,#15941);
#15936 = PLANE('',#15937);
#15937 = AXIS2_PLACEMENT_3D('',#15938,#15939,#15940);
#15938 = CARTESIAN_POINT('',(34.4000009,54.731541615175,
    1.000000073859E-07));
#15939 = DIRECTION('',(0.880471099922,0.474099823035,-0.));
#15940 = DIRECTION('',(0.474099823035,-0.880471099922,0.));
#15941 = DEFINITIONAL_REPRESENTATION('',(#15942),#15946);
#15942 = LINE('',#15943,#15944);
#15943 = CARTESIAN_POINT('',(0.,0.));
#15944 = VECTOR('',#15945,1.);
#15945 = DIRECTION('',(0.,-1.));
#15946 = ( GEOMETRIC_REPRESENTATION_CONTEXT(2) 
PARAMETRIC_REPRESENTATION_CONTEXT() REPRESENTATION_CONTEXT('2D SPACE',''
  ) );
#15947 = PCURVE('',#15948,#15953);
#15948 = PLANE('',#15949);
#15949 = AXIS2_PLACEMENT_3D('',#15950,#15951,#15952);
#15950 = CARTESIAN_POINT('',(33.8400009,53.691541615175,
    1.000000073859E-07));
#15951 = DIRECTION('',(-0.880471099922,0.474099823035,0.));
#15952 = DIRECTION('',(0.474099823035,0.880471099922,0.));
#15953 = DEFINITIONAL_REPRESENTATION('',(#15954),#15958);
#15954 = LINE('',#15955,#15956);
#15955 = CARTESIAN_POINT('',(1.181185844819,0.));
#15956 = VECTOR('',#15957,1.);
#15957 = DIRECTION('',(0.,-1.));
#15958 = ( GEOMETRIC_REPRESENTATION_CONTEXT(2) 
PARAMETRIC_REPRESENTATION_CONTEXT() REPRESENTATION_CONTEXT('2D SPACE',''
  ) );
#15959 = ORIENTED_EDGE('',*,*,#15960,.T.);
#15960 = EDGE_CURVE('',#15928,#15961,#15963,.T.);
#15961 = VERTEX_POINT('',#15962);
#15962 = CARTESIAN_POINT('',(34.9600009,53.691541615175,0.4800001));
#15963 = SURFACE_CURVE('',#15964,(#15968,#15975),.PCURVE_S1.);
#15964 = LINE('',#15965,#15966);
#15965 = CARTESIAN_POINT('',(34.4000009,54.731541615175,0.4800001));
#15966 = VECTOR('',#15967,1.);
#15967 = DIRECTION('',(0.474099823035,-0.880471099922,0.));
#15968 = PCURVE('',#15936,#15969);
#15969 = DEFINITIONAL_REPRESENTATION('',(#15970),#15974);
#15970 = LINE('',#15971,#15972);
#15971 = CARTESIAN_POINT('',(0.,-0.48));
#15972 = VECTOR('',#15973,1.);
#15973 = DIRECTION('',(1.,0.));
#15974 = ( GEOMETRIC_REPRESENTATION_CONTEXT(2) 
PARAMETRIC_REPRESENTATION_CONTEXT() REPRESENTATION_CONTEXT('2D SPACE',''
  ) );
#15975 = PCURVE('',#15976,#15981);
#15976 = PLANE('',#15977);
#15977 = AXIS2_PLACEMENT_3D('',#15978,#15979,#15980);
#15978 = CARTESIAN_POINT('',(34.4000009,53.131541615175,0.4800001));
#15979 = DIRECTION('',(-0.,-0.,-1.));
#15980 = DIRECTION('',(-1.,0.,0.));
#15981 = DEFINITIONAL_REPRESENTATION('',(#15982),#15986);
#15982 = LINE('',#15983,#15984);
#15983 = CARTESIAN_POINT('',(0.,1.6));
#15984 = VECTOR('',#15985,1.);
#15985 = DIRECTION('',(-0.474099823035,-0.880471099922));
#15986 = ( GEOMETRIC_REPRESENTATION_CONTEXT(2) 
PARAMETRIC_REPRESENTATION_CONTEXT() REPRESENTATION_CONTEXT('2D SPACE',''
  ) );
#15987 = ORIENTED_EDGE('',*,*,#15988,.F.);
#15988 = EDGE_CURVE('',#15989,#15961,#15991,.T.);
#15989 = VERTEX_POINT('',#15990);
#15990 = CARTESIAN_POINT('',(34.9600009,53.691541615175,
    1.000000073859E-07));
#15991 = SURFACE_CURVE('',#15992,(#15996,#16003),.PCURVE_S1.);
#15992 = LINE('',#15993,#15994);
#15993 = CARTESIAN_POINT('',(34.9600009,53.691541615175,
    1.000000073859E-07));
#15994 = VECTOR('',#15995,1.);
#15995 = DIRECTION('',(0.,0.,1.));
#15996 = PCURVE('',#15936,#15997);
#15997 = DEFINITIONAL_REPRESENTATION('',(#15998),#16002);
#15998 = LINE('',#15999,#16000);
#15999 = CARTESIAN_POINT('',(1.181185844819,0.));
#16000 = VECTOR('',#16001,1.);
#16001 = DIRECTION('',(0.,-1.));
#16002 = ( GEOMETRIC_REPRESENTATION_CONTEXT(2) 
PARAMETRIC_REPRESENTATION_CONTEXT() REPRESENTATION_CONTEXT('2D SPACE',''
  ) );
#16003 = PCURVE('',#16004,#16009);
#16004 = PLANE('',#16005);
#16005 = AXIS2_PLACEMENT_3D('',#16006,#16007,#16008);
#16006 = CARTESIAN_POINT('',(34.9600009,53.691541615175,
    1.000000073859E-07));
#16007 = DIRECTION('',(0.474099823035,0.880471099922,-0.));
#16008 = DIRECTION('',(0.880471099922,-0.474099823035,0.));
#16009 = DEFINITIONAL_REPRESENTATION('',(#16010),#16014);
#16010 = LINE('',#16011,#16012);
#16011 = CARTESIAN_POINT('',(0.,0.));
#16012 = VECTOR('',#16013,1.);
#16013 = DIRECTION('',(0.,-1.));
#16014 = ( GEOMETRIC_REPRESENTATION_CONTEXT(2) 
PARAMETRIC_REPRESENTATION_CONTEXT() REPRESENTATION_CONTEXT('2D SPACE',''
  ) );
#16015 = ORIENTED_EDGE('',*,*,#16016,.F.);
#16016 = EDGE_CURVE('',#15926,#15989,#16017,.T.);
#16017 = SURFACE_CURVE('',#16018,(#16022,#16029),.PCURVE_S1.);
#16018 = LINE('',#16019,#16020);
#16019 = CARTESIAN_POINT('',(34.4000009,54.731541615175,
    1.000000073859E-07));
#16020 = VECTOR('',#16021,1.);
#16021 = DIRECTION('',(0.474099823035,-0.880471099922,0.));
#16022 = PCURVE('',#15936,#16023);
#16023 = DEFINITIONAL_REPRESENTATION('',(#16024),#16028);
#16024 = LINE('',#16025,#16026);
#16025 = CARTESIAN_POINT('',(0.,0.));
#16026 = VECTOR('',#16027,1.);
#16027 = DIRECTION('',(1.,0.));
#16028 = ( GEOMETRIC_REPRESENTATION_CONTEXT(2) 
PARAMETRIC_REPRESENTATION_CONTEXT() REPRESENTATION_CONTEXT('2D SPACE',''
  ) );
#16029 = PCURVE('',#16030,#16035);
#16030 = PLANE('',#16031);
#16031 = AXIS2_PLACEMENT_3D('',#16032,#16033,#16034);
#16032 = CARTESIAN_POINT('',(34.4000009,53.131541615175,
    1.000000073859E-07));
#16033 = DIRECTION('',(-0.,-0.,-1.));
#16034 = DIRECTION('',(-1.,0.,0.));
#16035 = DEFINITIONAL_REPRESENTATION('',(#16036),#16040);
#16036 = LINE('',#16037,#16038);
#16037 = CARTESIAN_POINT('',(0.,1.6));
#16038 = VECTOR('',#16039,1.);
#16039 = DIRECTION('',(-0.474099823035,-0.880471099922));
#16040 = ( GEOMETRIC_REPRESENTATION_CONTEXT(2) 
PARAMETRIC_REPRESENTATION_CONTEXT() REPRESENTATION_CONTEXT('2D SPACE',''
  ) );
#16041 = ADVANCED_FACE('',(#16042),#16004,.T.);
#16042 = FACE_BOUND('',#16043,.T.);
#16043 = EDGE_LOOP('',(#16044,#16045,#16068,#16096));
#16044 = ORIENTED_EDGE('',*,*,#15988,.T.);
#16045 = ORIENTED_EDGE('',*,*,#16046,.T.);
#16046 = EDGE_CURVE('',#15961,#16047,#16049,.T.);
#16047 = VERTEX_POINT('',#16048);
#16048 = CARTESIAN_POINT('',(36.0000009,53.131541615175,0.4800001));
#16049 = SURFACE_CURVE('',#16050,(#16054,#16061),.PCURVE_S1.);
#16050 = LINE('',#16051,#16052);
#16051 = CARTESIAN_POINT('',(34.9600009,53.691541615175,0.4800001));
#16052 = VECTOR('',#16053,1.);
#16053 = DIRECTION('',(0.880471099922,-0.474099823035,0.));
#16054 = PCURVE('',#16004,#16055);
#16055 = DEFINITIONAL_REPRESENTATION('',(#16056),#16060);
#16056 = LINE('',#16057,#16058);
#16057 = CARTESIAN_POINT('',(0.,-0.48));
#16058 = VECTOR('',#16059,1.);
#16059 = DIRECTION('',(1.,0.));
#16060 = ( GEOMETRIC_REPRESENTATION_CONTEXT(2) 
PARAMETRIC_REPRESENTATION_CONTEXT() REPRESENTATION_CONTEXT('2D SPACE',''
  ) );
#16061 = PCURVE('',#15976,#16062);
#16062 = DEFINITIONAL_REPRESENTATION('',(#16063),#16067);
#16063 = LINE('',#16064,#16065);
#16064 = CARTESIAN_POINT('',(-0.56,0.56));
#16065 = VECTOR('',#16066,1.);
#16066 = DIRECTION('',(-0.880471099922,-0.474099823035));
#16067 = ( GEOMETRIC_REPRESENTATION_CONTEXT(2) 
PARAMETRIC_REPRESENTATION_CONTEXT() REPRESENTATION_CONTEXT('2D SPACE',''
  ) );
#16068 = ORIENTED_EDGE('',*,*,#16069,.F.);
#16069 = EDGE_CURVE('',#16070,#16047,#16072,.T.);
#16070 = VERTEX_POINT('',#16071);
#16071 = CARTESIAN_POINT('',(36.0000009,53.131541615175,
    1.000000073859E-07));
#16072 = SURFACE_CURVE('',#16073,(#16077,#16084),.PCURVE_S1.);
#16073 = LINE('',#16074,#16075);
#16074 = CARTESIAN_POINT('',(36.0000009,53.131541615175,
    1.000000073859E-07));
#16075 = VECTOR('',#16076,1.);
#16076 = DIRECTION('',(0.,0.,1.));
#16077 = PCURVE('',#16004,#16078);
#16078 = DEFINITIONAL_REPRESENTATION('',(#16079),#16083);
#16079 = LINE('',#16080,#16081);
#16080 = CARTESIAN_POINT('',(1.181185844819,0.));
#16081 = VECTOR('',#16082,1.);
#16082 = DIRECTION('',(0.,-1.));
#16083 = ( GEOMETRIC_REPRESENTATION_CONTEXT(2) 
PARAMETRIC_REPRESENTATION_CONTEXT() REPRESENTATION_CONTEXT('2D SPACE',''
  ) );
#16084 = PCURVE('',#16085,#16090);
#16085 = PLANE('',#16086);
#16086 = AXIS2_PLACEMENT_3D('',#16087,#16088,#16089);
#16087 = CARTESIAN_POINT('',(36.0000009,53.131541615175,
    1.000000073859E-07));
#16088 = DIRECTION('',(0.474099823035,-0.880471099922,0.));
#16089 = DIRECTION('',(-0.880471099922,-0.474099823035,0.));
#16090 = DEFINITIONAL_REPRESENTATION('',(#16091),#16095);
#16091 = LINE('',#16092,#16093);
#16092 = CARTESIAN_POINT('',(0.,0.));
#16093 = VECTOR('',#16094,1.);
#16094 = DIRECTION('',(0.,-1.));
#16095 = ( GEOMETRIC_REPRESENTATION_CONTEXT(2) 
PARAMETRIC_REPRESENTATION_CONTEXT() REPRESENTATION_CONTEXT('2D SPACE',''
  ) );
#16096 = ORIENTED_EDGE('',*,*,#16097,.F.);
#16097 = EDGE_CURVE('',#15989,#16070,#16098,.T.);
#16098 = SURFACE_CURVE('',#16099,(#16103,#16110),.PCURVE_S1.);
#16099 = LINE('',#16100,#16101);
#16100 = CARTESIAN_POINT('',(34.9600009,53.691541615175,
    1.000000073859E-07));
#16101 = VECTOR('',#16102,1.);
#16102 = DIRECTION('',(0.880471099922,-0.474099823035,0.));
#16103 = PCURVE('',#16004,#16104);
#16104 = DEFINITIONAL_REPRESENTATION('',(#16105),#16109);
#16105 = LINE('',#16106,#16107);
#16106 = CARTESIAN_POINT('',(0.,0.));
#16107 = VECTOR('',#16108,1.);
#16108 = DIRECTION('',(1.,0.));
#16109 = ( GEOMETRIC_REPRESENTATION_CONTEXT(2) 
PARAMETRIC_REPRESENTATION_CONTEXT() REPRESENTATION_CONTEXT('2D SPACE',''
  ) );
#16110 = PCURVE('',#16030,#16111);
#16111 = DEFINITIONAL_REPRESENTATION('',(#16112),#16116);
#16112 = LINE('',#16113,#16114);
#16113 = CARTESIAN_POINT('',(-0.56,0.56));
#16114 = VECTOR('',#16115,1.);
#16115 = DIRECTION('',(-0.880471099922,-0.474099823035));
#16116 = ( GEOMETRIC_REPRESENTATION_CONTEXT(2) 
PARAMETRIC_REPRESENTATION_CONTEXT() REPRESENTATION_CONTEXT('2D SPACE',''
  ) );
#16117 = ADVANCED_FACE('',(#16118),#16085,.T.);
#16118 = FACE_BOUND('',#16119,.T.);
#16119 = EDGE_LOOP('',(#16120,#16121,#16144,#16172));
#16120 = ORIENTED_EDGE('',*,*,#16069,.T.);
#16121 = ORIENTED_EDGE('',*,*,#16122,.T.);
#16122 = EDGE_CURVE('',#16047,#16123,#16125,.T.);
#16123 = VERTEX_POINT('',#16124);
#16124 = CARTESIAN_POINT('',(34.9600009,52.571541615175,0.4800001));
#16125 = SURFACE_CURVE('',#16126,(#16130,#16137),.PCURVE_S1.);
#16126 = LINE('',#16127,#16128);
#16127 = CARTESIAN_POINT('',(36.0000009,53.131541615175,0.4800001));
#16128 = VECTOR('',#16129,1.);
#16129 = DIRECTION('',(-0.880471099922,-0.474099823035,0.));
#16130 = PCURVE('',#16085,#16131);
#16131 = DEFINITIONAL_REPRESENTATION('',(#16132),#16136);
#16132 = LINE('',#16133,#16134);
#16133 = CARTESIAN_POINT('',(0.,-0.48));
#16134 = VECTOR('',#16135,1.);
#16135 = DIRECTION('',(1.,0.));
#16136 = ( GEOMETRIC_REPRESENTATION_CONTEXT(2) 
PARAMETRIC_REPRESENTATION_CONTEXT() REPRESENTATION_CONTEXT('2D SPACE',''
  ) );
#16137 = PCURVE('',#15976,#16138);
#16138 = DEFINITIONAL_REPRESENTATION('',(#16139),#16143);
#16139 = LINE('',#16140,#16141);
#16140 = CARTESIAN_POINT('',(-1.6,0.));
#16141 = VECTOR('',#16142,1.);
#16142 = DIRECTION('',(0.880471099922,-0.474099823035));
#16143 = ( GEOMETRIC_REPRESENTATION_CONTEXT(2) 
PARAMETRIC_REPRESENTATION_CONTEXT() REPRESENTATION_CONTEXT('2D SPACE',''
  ) );
#16144 = ORIENTED_EDGE('',*,*,#16145,.F.);
#16145 = EDGE_CURVE('',#16146,#16123,#16148,.T.);
#16146 = VERTEX_POINT('',#16147);
#16147 = CARTESIAN_POINT('',(34.9600009,52.571541615175,
    1.000000073859E-07));
#16148 = SURFACE_CURVE('',#16149,(#16153,#16160),.PCURVE_S1.);
#16149 = LINE('',#16150,#16151);
#16150 = CARTESIAN_POINT('',(34.9600009,52.571541615175,
    1.000000073859E-07));
#16151 = VECTOR('',#16152,1.);
#16152 = DIRECTION('',(0.,0.,1.));
#16153 = PCURVE('',#16085,#16154);
#16154 = DEFINITIONAL_REPRESENTATION('',(#16155),#16159);
#16155 = LINE('',#16156,#16157);
#16156 = CARTESIAN_POINT('',(1.181185844819,0.));
#16157 = VECTOR('',#16158,1.);
#16158 = DIRECTION('',(0.,-1.));
#16159 = ( GEOMETRIC_REPRESENTATION_CONTEXT(2) 
PARAMETRIC_REPRESENTATION_CONTEXT() REPRESENTATION_CONTEXT('2D SPACE',''
  ) );
#16160 = PCURVE('',#16161,#16166);
#16161 = PLANE('',#16162);
#16162 = AXIS2_PLACEMENT_3D('',#16163,#16164,#16165);
#16163 = CARTESIAN_POINT('',(34.9600009,52.571541615175,
    1.000000073859E-07));
#16164 = DIRECTION('',(0.880471099922,-0.474099823035,0.));
#16165 = DIRECTION('',(-0.474099823035,-0.880471099922,0.));
#16166 = DEFINITIONAL_REPRESENTATION('',(#16167),#16171);
#16167 = LINE('',#16168,#16169);
#16168 = CARTESIAN_POINT('',(0.,0.));
#16169 = VECTOR('',#16170,1.);
#16170 = DIRECTION('',(0.,-1.));
#16171 = ( GEOMETRIC_REPRESENTATION_CONTEXT(2) 
PARAMETRIC_REPRESENTATION_CONTEXT() REPRESENTATION_CONTEXT('2D SPACE',''
  ) );
#16172 = ORIENTED_EDGE('',*,*,#16173,.F.);
#16173 = EDGE_CURVE('',#16070,#16146,#16174,.T.);
#16174 = SURFACE_CURVE('',#16175,(#16179,#16186),.PCURVE_S1.);
#16175 = LINE('',#16176,#16177);
#16176 = CARTESIAN_POINT('',(36.0000009,53.131541615175,
    1.000000073859E-07));
#16177 = VECTOR('',#16178,1.);
#16178 = DIRECTION('',(-0.880471099922,-0.474099823035,0.));
#16179 = PCURVE('',#16085,#16180);
#16180 = DEFINITIONAL_REPRESENTATION('',(#16181),#16185);
#16181 = LINE('',#16182,#16183);
#16182 = CARTESIAN_POINT('',(0.,0.));
#16183 = VECTOR('',#16184,1.);
#16184 = DIRECTION('',(1.,0.));
#16185 = ( GEOMETRIC_REPRESENTATION_CONTEXT(2) 
PARAMETRIC_REPRESENTATION_CONTEXT() REPRESENTATION_CONTEXT('2D SPACE',''
  ) );
#16186 = PCURVE('',#16030,#16187);
#16187 = DEFINITIONAL_REPRESENTATION('',(#16188),#16192);
#16188 = LINE('',#16189,#16190);
#16189 = CARTESIAN_POINT('',(-1.6,0.));
#16190 = VECTOR('',#16191,1.);
#16191 = DIRECTION('',(0.880471099922,-0.474099823035));
#16192 = ( GEOMETRIC_REPRESENTATION_CONTEXT(2) 
PARAMETRIC_REPRESENTATION_CONTEXT() REPRESENTATION_CONTEXT('2D SPACE',''
  ) );
#16193 = ADVANCED_FACE('',(#16194),#16161,.T.);
#16194 = FACE_BOUND('',#16195,.T.);
#16195 = EDGE_LOOP('',(#16196,#16197,#16220,#16248));
#16196 = ORIENTED_EDGE('',*,*,#16145,.T.);
#16197 = ORIENTED_EDGE('',*,*,#16198,.T.);
#16198 = EDGE_CURVE('',#16123,#16199,#16201,.T.);
#16199 = VERTEX_POINT('',#16200);
#16200 = CARTESIAN_POINT('',(34.4000009,51.531541615175,0.4800001));
#16201 = SURFACE_CURVE('',#16202,(#16206,#16213),.PCURVE_S1.);
#16202 = LINE('',#16203,#16204);
#16203 = CARTESIAN_POINT('',(34.9600009,52.571541615175,0.4800001));
#16204 = VECTOR('',#16205,1.);
#16205 = DIRECTION('',(-0.474099823035,-0.880471099922,0.));
#16206 = PCURVE('',#16161,#16207);
#16207 = DEFINITIONAL_REPRESENTATION('',(#16208),#16212);
#16208 = LINE('',#16209,#16210);
#16209 = CARTESIAN_POINT('',(0.,-0.48));
#16210 = VECTOR('',#16211,1.);
#16211 = DIRECTION('',(1.,0.));
#16212 = ( GEOMETRIC_REPRESENTATION_CONTEXT(2) 
PARAMETRIC_REPRESENTATION_CONTEXT() REPRESENTATION_CONTEXT('2D SPACE',''
  ) );
#16213 = PCURVE('',#15976,#16214);
#16214 = DEFINITIONAL_REPRESENTATION('',(#16215),#16219);
#16215 = LINE('',#16216,#16217);
#16216 = CARTESIAN_POINT('',(-0.56,-0.56));
#16217 = VECTOR('',#16218,1.);
#16218 = DIRECTION('',(0.474099823035,-0.880471099922));
#16219 = ( GEOMETRIC_REPRESENTATION_CONTEXT(2) 
PARAMETRIC_REPRESENTATION_CONTEXT() REPRESENTATION_CONTEXT('2D SPACE',''
  ) );
#16220 = ORIENTED_EDGE('',*,*,#16221,.F.);
#16221 = EDGE_CURVE('',#16222,#16199,#16224,.T.);
#16222 = VERTEX_POINT('',#16223);
#16223 = CARTESIAN_POINT('',(34.4000009,51.531541615175,
    1.000000073859E-07));
#16224 = SURFACE_CURVE('',#16225,(#16229,#16236),.PCURVE_S1.);
#16225 = LINE('',#16226,#16227);
#16226 = CARTESIAN_POINT('',(34.4000009,51.531541615175,
    1.000000073859E-07));
#16227 = VECTOR('',#16228,1.);
#16228 = DIRECTION('',(0.,0.,1.));
#16229 = PCURVE('',#16161,#16230);
#16230 = DEFINITIONAL_REPRESENTATION('',(#16231),#16235);
#16231 = LINE('',#16232,#16233);
#16232 = CARTESIAN_POINT('',(1.181185844819,0.));
#16233 = VECTOR('',#16234,1.);
#16234 = DIRECTION('',(0.,-1.));
#16235 = ( GEOMETRIC_REPRESENTATION_CONTEXT(2) 
PARAMETRIC_REPRESENTATION_CONTEXT() REPRESENTATION_CONTEXT('2D SPACE',''
  ) );
#16236 = PCURVE('',#16237,#16242);
#16237 = PLANE('',#16238);
#16238 = AXIS2_PLACEMENT_3D('',#16239,#16240,#16241);
#16239 = CARTESIAN_POINT('',(34.4000009,51.531541615175,
    1.000000073859E-07));
#16240 = DIRECTION('',(-0.880471099922,-0.474099823035,0.));
#16241 = DIRECTION('',(-0.474099823035,0.880471099922,0.));
#16242 = DEFINITIONAL_REPRESENTATION('',(#16243),#16247);
#16243 = LINE('',#16244,#16245);
#16244 = CARTESIAN_POINT('',(0.,0.));
#16245 = VECTOR('',#16246,1.);
#16246 = DIRECTION('',(0.,-1.));
#16247 = ( GEOMETRIC_REPRESENTATION_CONTEXT(2) 
PARAMETRIC_REPRESENTATION_CONTEXT() REPRESENTATION_CONTEXT('2D SPACE',''
  ) );
#16248 = ORIENTED_EDGE('',*,*,#16249,.F.);
#16249 = EDGE_CURVE('',#16146,#16222,#16250,.T.);
#16250 = SURFACE_CURVE('',#16251,(#16255,#16262),.PCURVE_S1.);
#16251 = LINE('',#16252,#16253);
#16252 = CARTESIAN_POINT('',(34.9600009,52.571541615175,
    1.000000073859E-07));
#16253 = VECTOR('',#16254,1.);
#16254 = DIRECTION('',(-0.474099823035,-0.880471099922,0.));
#16255 = PCURVE('',#16161,#16256);
#16256 = DEFINITIONAL_REPRESENTATION('',(#16257),#16261);
#16257 = LINE('',#16258,#16259);
#16258 = CARTESIAN_POINT('',(0.,0.));
#16259 = VECTOR('',#16260,1.);
#16260 = DIRECTION('',(1.,0.));
#16261 = ( GEOMETRIC_REPRESENTATION_CONTEXT(2) 
PARAMETRIC_REPRESENTATION_CONTEXT() REPRESENTATION_CONTEXT('2D SPACE',''
  ) );
#16262 = PCURVE('',#16030,#16263);
#16263 = DEFINITIONAL_REPRESENTATION('',(#16264),#16268);
#16264 = LINE('',#16265,#16266);
#16265 = CARTESIAN_POINT('',(-0.56,-0.56));
#16266 = VECTOR('',#16267,1.);
#16267 = DIRECTION('',(0.474099823035,-0.880471099922));
#16268 = ( GEOMETRIC_REPRESENTATION_CONTEXT(2) 
PARAMETRIC_REPRESENTATION_CONTEXT() REPRESENTATION_CONTEXT('2D SPACE',''
  ) );
#16269 = ADVANCED_FACE('',(#16270),#16237,.T.);
#16270 = FACE_BOUND('',#16271,.T.);
#16271 = EDGE_LOOP('',(#16272,#16273,#16296,#16324));
#16272 = ORIENTED_EDGE('',*,*,#16221,.T.);
#16273 = ORIENTED_EDGE('',*,*,#16274,.T.);
#16274 = EDGE_CURVE('',#16199,#16275,#16277,.T.);
#16275 = VERTEX_POINT('',#16276);
#16276 = CARTESIAN_POINT('',(33.8400009,52.571541615175,0.4800001));
#16277 = SURFACE_CURVE('',#16278,(#16282,#16289),.PCURVE_S1.);
#16278 = LINE('',#16279,#16280);
#16279 = CARTESIAN_POINT('',(34.4000009,51.531541615175,0.4800001));
#16280 = VECTOR('',#16281,1.);
#16281 = DIRECTION('',(-0.474099823035,0.880471099922,0.));
#16282 = PCURVE('',#16237,#16283);
#16283 = DEFINITIONAL_REPRESENTATION('',(#16284),#16288);
#16284 = LINE('',#16285,#16286);
#16285 = CARTESIAN_POINT('',(0.,-0.48));
#16286 = VECTOR('',#16287,1.);
#16287 = DIRECTION('',(1.,0.));
#16288 = ( GEOMETRIC_REPRESENTATION_CONTEXT(2) 
PARAMETRIC_REPRESENTATION_CONTEXT() REPRESENTATION_CONTEXT('2D SPACE',''
  ) );
#16289 = PCURVE('',#15976,#16290);
#16290 = DEFINITIONAL_REPRESENTATION('',(#16291),#16295);
#16291 = LINE('',#16292,#16293);
#16292 = CARTESIAN_POINT('',(0.,-1.6));
#16293 = VECTOR('',#16294,1.);
#16294 = DIRECTION('',(0.474099823035,0.880471099922));
#16295 = ( GEOMETRIC_REPRESENTATION_CONTEXT(2) 
PARAMETRIC_REPRESENTATION_CONTEXT() REPRESENTATION_CONTEXT('2D SPACE',''
  ) );
#16296 = ORIENTED_EDGE('',*,*,#16297,.F.);
#16297 = EDGE_CURVE('',#16298,#16275,#16300,.T.);
#16298 = VERTEX_POINT('',#16299);
#16299 = CARTESIAN_POINT('',(33.8400009,52.571541615175,
    1.000000073859E-07));
#16300 = SURFACE_CURVE('',#16301,(#16305,#16312),.PCURVE_S1.);
#16301 = LINE('',#16302,#16303);
#16302 = CARTESIAN_POINT('',(33.8400009,52.571541615175,
    1.000000073859E-07));
#16303 = VECTOR('',#16304,1.);
#16304 = DIRECTION('',(0.,0.,1.));
#16305 = PCURVE('',#16237,#16306);
#16306 = DEFINITIONAL_REPRESENTATION('',(#16307),#16311);
#16307 = LINE('',#16308,#16309);
#16308 = CARTESIAN_POINT('',(1.181185844819,0.));
#16309 = VECTOR('',#16310,1.);
#16310 = DIRECTION('',(0.,-1.));
#16311 = ( GEOMETRIC_REPRESENTATION_CONTEXT(2) 
PARAMETRIC_REPRESENTATION_CONTEXT() REPRESENTATION_CONTEXT('2D SPACE',''
  ) );
#16312 = PCURVE('',#16313,#16318);
#16313 = PLANE('',#16314);
#16314 = AXIS2_PLACEMENT_3D('',#16315,#16316,#16317);
#16315 = CARTESIAN_POINT('',(33.8400009,52.571541615175,
    1.000000073859E-07));
#16316 = DIRECTION('',(-0.474099823035,-0.880471099922,0.));
#16317 = DIRECTION('',(-0.880471099922,0.474099823035,0.));
#16318 = DEFINITIONAL_REPRESENTATION('',(#16319),#16323);
#16319 = LINE('',#16320,#16321);
#16320 = CARTESIAN_POINT('',(0.,0.));
#16321 = VECTOR('',#16322,1.);
#16322 = DIRECTION('',(0.,-1.));
#16323 = ( GEOMETRIC_REPRESENTATION_CONTEXT(2) 
PARAMETRIC_REPRESENTATION_CONTEXT() REPRESENTATION_CONTEXT('2D SPACE',''
  ) );
#16324 = ORIENTED_EDGE('',*,*,#16325,.F.);
#16325 = EDGE_CURVE('',#16222,#16298,#16326,.T.);
#16326 = SURFACE_CURVE('',#16327,(#16331,#16338),.PCURVE_S1.);
#16327 = LINE('',#16328,#16329);
#16328 = CARTESIAN_POINT('',(34.4000009,51.531541615175,
    1.000000073859E-07));
#16329 = VECTOR('',#16330,1.);
#16330 = DIRECTION('',(-0.474099823035,0.880471099922,0.));
#16331 = PCURVE('',#16237,#16332);
#16332 = DEFINITIONAL_REPRESENTATION('',(#16333),#16337);
#16333 = LINE('',#16334,#16335);
#16334 = CARTESIAN_POINT('',(0.,0.));
#16335 = VECTOR('',#16336,1.);
#16336 = DIRECTION('',(1.,0.));
#16337 = ( GEOMETRIC_REPRESENTATION_CONTEXT(2) 
PARAMETRIC_REPRESENTATION_CONTEXT() REPRESENTATION_CONTEXT('2D SPACE',''
  ) );
#16338 = PCURVE('',#16030,#16339);
#16339 = DEFINITIONAL_REPRESENTATION('',(#16340),#16344);
#16340 = LINE('',#16341,#16342);
#16341 = CARTESIAN_POINT('',(0.,-1.6));
#16342 = VECTOR('',#16343,1.);
#16343 = DIRECTION('',(0.474099823035,0.880471099922));
#16344 = ( GEOMETRIC_REPRESENTATION_CONTEXT(2) 
PARAMETRIC_REPRESENTATION_CONTEXT() REPRESENTATION_CONTEXT('2D SPACE',''
  ) );
#16345 = ADVANCED_FACE('',(#16346),#16313,.T.);
#16346 = FACE_BOUND('',#16347,.T.);
#16347 = EDGE_LOOP('',(#16348,#16349,#16372,#16400));
#16348 = ORIENTED_EDGE('',*,*,#16297,.T.);
#16349 = ORIENTED_EDGE('',*,*,#16350,.T.);
#16350 = EDGE_CURVE('',#16275,#16351,#16353,.T.);
#16351 = VERTEX_POINT('',#16352);
#16352 = CARTESIAN_POINT('',(32.8000009,53.131541615175,0.4800001));
#16353 = SURFACE_CURVE('',#16354,(#16358,#16365),.PCURVE_S1.);
#16354 = LINE('',#16355,#16356);
#16355 = CARTESIAN_POINT('',(33.8400009,52.571541615175,0.4800001));
#16356 = VECTOR('',#16357,1.);
#16357 = DIRECTION('',(-0.880471099922,0.474099823035,0.));
#16358 = PCURVE('',#16313,#16359);
#16359 = DEFINITIONAL_REPRESENTATION('',(#16360),#16364);
#16360 = LINE('',#16361,#16362);
#16361 = CARTESIAN_POINT('',(0.,-0.48));
#16362 = VECTOR('',#16363,1.);
#16363 = DIRECTION('',(1.,0.));
#16364 = ( GEOMETRIC_REPRESENTATION_CONTEXT(2) 
PARAMETRIC_REPRESENTATION_CONTEXT() REPRESENTATION_CONTEXT('2D SPACE',''
  ) );
#16365 = PCURVE('',#15976,#16366);
#16366 = DEFINITIONAL_REPRESENTATION('',(#16367),#16371);
#16367 = LINE('',#16368,#16369);
#16368 = CARTESIAN_POINT('',(0.56,-0.56));
#16369 = VECTOR('',#16370,1.);
#16370 = DIRECTION('',(0.880471099922,0.474099823035));
#16371 = ( GEOMETRIC_REPRESENTATION_CONTEXT(2) 
PARAMETRIC_REPRESENTATION_CONTEXT() REPRESENTATION_CONTEXT('2D SPACE',''
  ) );
#16372 = ORIENTED_EDGE('',*,*,#16373,.F.);
#16373 = EDGE_CURVE('',#16374,#16351,#16376,.T.);
#16374 = VERTEX_POINT('',#16375);
#16375 = CARTESIAN_POINT('',(32.8000009,53.131541615175,
    1.000000073859E-07));
#16376 = SURFACE_CURVE('',#16377,(#16381,#16388),.PCURVE_S1.);
#16377 = LINE('',#16378,#16379);
#16378 = CARTESIAN_POINT('',(32.8000009,53.131541615175,
    1.000000073859E-07));
#16379 = VECTOR('',#16380,1.);
#16380 = DIRECTION('',(0.,0.,1.));
#16381 = PCURVE('',#16313,#16382);
#16382 = DEFINITIONAL_REPRESENTATION('',(#16383),#16387);
#16383 = LINE('',#16384,#16385);
#16384 = CARTESIAN_POINT('',(1.181185844819,0.));
#16385 = VECTOR('',#16386,1.);
#16386 = DIRECTION('',(0.,-1.));
#16387 = ( GEOMETRIC_REPRESENTATION_CONTEXT(2) 
PARAMETRIC_REPRESENTATION_CONTEXT() REPRESENTATION_CONTEXT('2D SPACE',''
  ) );
#16388 = PCURVE('',#16389,#16394);
#16389 = PLANE('',#16390);
#16390 = AXIS2_PLACEMENT_3D('',#16391,#16392,#16393);
#16391 = CARTESIAN_POINT('',(32.8000009,53.131541615175,
    1.000000073859E-07));
#16392 = DIRECTION('',(-0.474099823035,0.880471099922,0.));
#16393 = DIRECTION('',(0.880471099922,0.474099823035,0.));
#16394 = DEFINITIONAL_REPRESENTATION('',(#16395),#16399);
#16395 = LINE('',#16396,#16397);
#16396 = CARTESIAN_POINT('',(0.,0.));
#16397 = VECTOR('',#16398,1.);
#16398 = DIRECTION('',(0.,-1.));
#16399 = ( GEOMETRIC_REPRESENTATION_CONTEXT(2) 
PARAMETRIC_REPRESENTATION_CONTEXT() REPRESENTATION_CONTEXT('2D SPACE',''
  ) );
#16400 = ORIENTED_EDGE('',*,*,#16401,.F.);
#16401 = EDGE_CURVE('',#16298,#16374,#16402,.T.);
#16402 = SURFACE_CURVE('',#16403,(#16407,#16414),.PCURVE_S1.);
#16403 = LINE('',#16404,#16405);
#16404 = CARTESIAN_POINT('',(33.8400009,52.571541615175,
    1.000000073859E-07));
#16405 = VECTOR('',#16406,1.);
#16406 = DIRECTION('',(-0.880471099922,0.474099823035,0.));
#16407 = PCURVE('',#16313,#16408);
#16408 = DEFINITIONAL_REPRESENTATION('',(#16409),#16413);
#16409 = LINE('',#16410,#16411);
#16410 = CARTESIAN_POINT('',(0.,0.));
#16411 = VECTOR('',#16412,1.);
#16412 = DIRECTION('',(1.,0.));
#16413 = ( GEOMETRIC_REPRESENTATION_CONTEXT(2) 
PARAMETRIC_REPRESENTATION_CONTEXT() REPRESENTATION_CONTEXT('2D SPACE',''
  ) );
#16414 = PCURVE('',#16030,#16415);
#16415 = DEFINITIONAL_REPRESENTATION('',(#16416),#16420);
#16416 = LINE('',#16417,#16418);
#16417 = CARTESIAN_POINT('',(0.56,-0.56));
#16418 = VECTOR('',#16419,1.);
#16419 = DIRECTION('',(0.880471099922,0.474099823035));
#16420 = ( GEOMETRIC_REPRESENTATION_CONTEXT(2) 
PARAMETRIC_REPRESENTATION_CONTEXT() REPRESENTATION_CONTEXT('2D SPACE',''
  ) );
#16421 = ADVANCED_FACE('',(#16422),#16389,.T.);
#16422 = FACE_BOUND('',#16423,.T.);
#16423 = EDGE_LOOP('',(#16424,#16425,#16448,#16471));
#16424 = ORIENTED_EDGE('',*,*,#16373,.T.);
#16425 = ORIENTED_EDGE('',*,*,#16426,.T.);
#16426 = EDGE_CURVE('',#16351,#16427,#16429,.T.);
#16427 = VERTEX_POINT('',#16428);
#16428 = CARTESIAN_POINT('',(33.8400009,53.691541615175,0.4800001));
#16429 = SURFACE_CURVE('',#16430,(#16434,#16441),.PCURVE_S1.);
#16430 = LINE('',#16431,#16432);
#16431 = CARTESIAN_POINT('',(32.8000009,53.131541615175,0.4800001));
#16432 = VECTOR('',#16433,1.);
#16433 = DIRECTION('',(0.880471099922,0.474099823035,0.));
#16434 = PCURVE('',#16389,#16435);
#16435 = DEFINITIONAL_REPRESENTATION('',(#16436),#16440);
#16436 = LINE('',#16437,#16438);
#16437 = CARTESIAN_POINT('',(0.,-0.48));
#16438 = VECTOR('',#16439,1.);
#16439 = DIRECTION('',(1.,0.));
#16440 = ( GEOMETRIC_REPRESENTATION_CONTEXT(2) 
PARAMETRIC_REPRESENTATION_CONTEXT() REPRESENTATION_CONTEXT('2D SPACE',''
  ) );
#16441 = PCURVE('',#15976,#16442);
#16442 = DEFINITIONAL_REPRESENTATION('',(#16443),#16447);
#16443 = LINE('',#16444,#16445);
#16444 = CARTESIAN_POINT('',(1.6,0.));
#16445 = VECTOR('',#16446,1.);
#16446 = DIRECTION('',(-0.880471099922,0.474099823035));
#16447 = ( GEOMETRIC_REPRESENTATION_CONTEXT(2) 
PARAMETRIC_REPRESENTATION_CONTEXT() REPRESENTATION_CONTEXT('2D SPACE',''
  ) );
#16448 = ORIENTED_EDGE('',*,*,#16449,.F.);
#16449 = EDGE_CURVE('',#16450,#16427,#16452,.T.);
#16450 = VERTEX_POINT('',#16451);
#16451 = CARTESIAN_POINT('',(33.8400009,53.691541615175,
    1.000000073859E-07));
#16452 = SURFACE_CURVE('',#16453,(#16457,#16464),.PCURVE_S1.);
#16453 = LINE('',#16454,#16455);
#16454 = CARTESIAN_POINT('',(33.8400009,53.691541615175,
    1.000000073859E-07));
#16455 = VECTOR('',#16456,1.);
#16456 = DIRECTION('',(0.,0.,1.));
#16457 = PCURVE('',#16389,#16458);
#16458 = DEFINITIONAL_REPRESENTATION('',(#16459),#16463);
#16459 = LINE('',#16460,#16461);
#16460 = CARTESIAN_POINT('',(1.181185844819,0.));
#16461 = VECTOR('',#16462,1.);
#16462 = DIRECTION('',(0.,-1.));
#16463 = ( GEOMETRIC_REPRESENTATION_CONTEXT(2) 
PARAMETRIC_REPRESENTATION_CONTEXT() REPRESENTATION_CONTEXT('2D SPACE',''
  ) );
#16464 = PCURVE('',#15948,#16465);
#16465 = DEFINITIONAL_REPRESENTATION('',(#16466),#16470);
#16466 = LINE('',#16467,#16468);
#16467 = CARTESIAN_POINT('',(0.,0.));
#16468 = VECTOR('',#16469,1.);
#16469 = DIRECTION('',(0.,-1.));
#16470 = ( GEOMETRIC_REPRESENTATION_CONTEXT(2) 
PARAMETRIC_REPRESENTATION_CONTEXT() REPRESENTATION_CONTEXT('2D SPACE',''
  ) );
#16471 = ORIENTED_EDGE('',*,*,#16472,.F.);
#16472 = EDGE_CURVE('',#16374,#16450,#16473,.T.);
#16473 = SURFACE_CURVE('',#16474,(#16478,#16485),.PCURVE_S1.);
#16474 = LINE('',#16475,#16476);
#16475 = CARTESIAN_POINT('',(32.8000009,53.131541615175,
    1.000000073859E-07));
#16476 = VECTOR('',#16477,1.);
#16477 = DIRECTION('',(0.880471099922,0.474099823035,0.));
#16478 = PCURVE('',#16389,#16479);
#16479 = DEFINITIONAL_REPRESENTATION('',(#16480),#16484);
#16480 = LINE('',#16481,#16482);
#16481 = CARTESIAN_POINT('',(0.,0.));
#16482 = VECTOR('',#16483,1.);
#16483 = DIRECTION('',(1.,0.));
#16484 = ( GEOMETRIC_REPRESENTATION_CONTEXT(2) 
PARAMETRIC_REPRESENTATION_CONTEXT() REPRESENTATION_CONTEXT('2D SPACE',''
  ) );
#16485 = PCURVE('',#16030,#16486);
#16486 = DEFINITIONAL_REPRESENTATION('',(#16487),#16491);
#16487 = LINE('',#16488,#16489);
#16488 = CARTESIAN_POINT('',(1.6,0.));
#16489 = VECTOR('',#16490,1.);
#16490 = DIRECTION('',(-0.880471099922,0.474099823035));
#16491 = ( GEOMETRIC_REPRESENTATION_CONTEXT(2) 
PARAMETRIC_REPRESENTATION_CONTEXT() REPRESENTATION_CONTEXT('2D SPACE',''
  ) );
#16492 = ADVANCED_FACE('',(#16493),#15948,.T.);
#16493 = FACE_BOUND('',#16494,.T.);
#16494 = EDGE_LOOP('',(#16495,#16496,#16517,#16518));
#16495 = ORIENTED_EDGE('',*,*,#16449,.T.);
#16496 = ORIENTED_EDGE('',*,*,#16497,.T.);
#16497 = EDGE_CURVE('',#16427,#15928,#16498,.T.);
#16498 = SURFACE_CURVE('',#16499,(#16503,#16510),.PCURVE_S1.);
#16499 = LINE('',#16500,#16501);
#16500 = CARTESIAN_POINT('',(33.8400009,53.691541615175,0.4800001));
#16501 = VECTOR('',#16502,1.);
#16502 = DIRECTION('',(0.474099823035,0.880471099922,0.));
#16503 = PCURVE('',#15948,#16504);
#16504 = DEFINITIONAL_REPRESENTATION('',(#16505),#16509);
#16505 = LINE('',#16506,#16507);
#16506 = CARTESIAN_POINT('',(0.,-0.48));
#16507 = VECTOR('',#16508,1.);
#16508 = DIRECTION('',(1.,0.));
#16509 = ( GEOMETRIC_REPRESENTATION_CONTEXT(2) 
PARAMETRIC_REPRESENTATION_CONTEXT() REPRESENTATION_CONTEXT('2D SPACE',''
  ) );
#16510 = PCURVE('',#15976,#16511);
#16511 = DEFINITIONAL_REPRESENTATION('',(#16512),#16516);
#16512 = LINE('',#16513,#16514);
#16513 = CARTESIAN_POINT('',(0.56,0.56));
#16514 = VECTOR('',#16515,1.);
#16515 = DIRECTION('',(-0.474099823035,0.880471099922));
#16516 = ( GEOMETRIC_REPRESENTATION_CONTEXT(2) 
PARAMETRIC_REPRESENTATION_CONTEXT() REPRESENTATION_CONTEXT('2D SPACE',''
  ) );
#16517 = ORIENTED_EDGE('',*,*,#15925,.F.);
#16518 = ORIENTED_EDGE('',*,*,#16519,.F.);
#16519 = EDGE_CURVE('',#16450,#15926,#16520,.T.);
#16520 = SURFACE_CURVE('',#16521,(#16525,#16532),.PCURVE_S1.);
#16521 = LINE('',#16522,#16523);
#16522 = CARTESIAN_POINT('',(33.8400009,53.691541615175,
    1.000000073859E-07));
#16523 = VECTOR('',#16524,1.);
#16524 = DIRECTION('',(0.474099823035,0.880471099922,0.));
#16525 = PCURVE('',#15948,#16526);
#16526 = DEFINITIONAL_REPRESENTATION('',(#16527),#16531);
#16527 = LINE('',#16528,#16529);
#16528 = CARTESIAN_POINT('',(0.,0.));
#16529 = VECTOR('',#16530,1.);
#16530 = DIRECTION('',(1.,0.));
#16531 = ( GEOMETRIC_REPRESENTATION_CONTEXT(2) 
PARAMETRIC_REPRESENTATION_CONTEXT() REPRESENTATION_CONTEXT('2D SPACE',''
  ) );
#16532 = PCURVE('',#16030,#16533);
#16533 = DEFINITIONAL_REPRESENTATION('',(#16534),#16538);
#16534 = LINE('',#16535,#16536);
#16535 = CARTESIAN_POINT('',(0.56,0.56));
#16536 = VECTOR('',#16537,1.);
#16537 = DIRECTION('',(-0.474099823035,0.880471099922));
#16538 = ( GEOMETRIC_REPRESENTATION_CONTEXT(2) 
PARAMETRIC_REPRESENTATION_CONTEXT() REPRESENTATION_CONTEXT('2D SPACE',''
  ) );
#16539 = ADVANCED_FACE('',(#16540),#16030,.T.);
#16540 = FACE_BOUND('',#16541,.T.);
#16541 = EDGE_LOOP('',(#16542,#16543,#16544,#16545,#16546,#16547,#16548,
    #16549));
#16542 = ORIENTED_EDGE('',*,*,#16016,.T.);
#16543 = ORIENTED_EDGE('',*,*,#16097,.T.);
#16544 = ORIENTED_EDGE('',*,*,#16173,.T.);
#16545 = ORIENTED_EDGE('',*,*,#16249,.T.);
#16546 = ORIENTED_EDGE('',*,*,#16325,.T.);
#16547 = ORIENTED_EDGE('',*,*,#16401,.T.);
#16548 = ORIENTED_EDGE('',*,*,#16472,.T.);
#16549 = ORIENTED_EDGE('',*,*,#16519,.T.);
#16550 = ADVANCED_FACE('',(#16551),#15976,.F.);
#16551 = FACE_BOUND('',#16552,.F.);
#16552 = EDGE_LOOP('',(#16553,#16554,#16555,#16556,#16557,#16558,#16559,
    #16560));
#16553 = ORIENTED_EDGE('',*,*,#15960,.T.);
#16554 = ORIENTED_EDGE('',*,*,#16046,.T.);
#16555 = ORIENTED_EDGE('',*,*,#16122,.T.);
#16556 = ORIENTED_EDGE('',*,*,#16198,.T.);
#16557 = ORIENTED_EDGE('',*,*,#16274,.T.);
#16558 = ORIENTED_EDGE('',*,*,#16350,.T.);
#16559 = ORIENTED_EDGE('',*,*,#16426,.T.);
#16560 = ORIENTED_EDGE('',*,*,#16497,.T.);
#16561 = ( GEOMETRIC_REPRESENTATION_CONTEXT(3) 
GLOBAL_UNCERTAINTY_ASSIGNED_CONTEXT((#16565)) 
GLOBAL_UNIT_ASSIGNED_CONTEXT((#16562,#16563,#16564)) 
REPRESENTATION_CONTEXT('Context #1',
  '3D Context with UNIT and UNCERTAINTY') );
#16562 = ( LENGTH_UNIT() NAMED_UNIT(*) SI_UNIT(.MILLI.,.METRE.) );
#16563 = ( NAMED_UNIT(*) PLANE_ANGLE_UNIT() SI_UNIT($,.RADIAN.) );
#16564 = ( NAMED_UNIT(*) SI_UNIT($,.STERADIAN.) SOLID_ANGLE_UNIT() );
#16565 = UNCERTAINTY_MEASURE_WITH_UNIT(LENGTH_MEASURE(1.E-07),#16562,
  'distance_accuracy_value','confusion accuracy');
#16566 = CONTEXT_DEPENDENT_SHAPE_REPRESENTATION(#16567,#16569);
#16567 = ( REPRESENTATION_RELATIONSHIP('','',#15918,#10) 
REPRESENTATION_RELATIONSHIP_WITH_TRANSFORMATION(#16568) 
SHAPE_REPRESENTATION_RELATIONSHIP() );
#16568 = ITEM_DEFINED_TRANSFORMATION('','',#11,#111);
#16569 = PRODUCT_DEFINITION_SHAPE('Placement','Placement of an item',
  #16570);
#16570 = NEXT_ASSEMBLY_USAGE_OCCURRENCE('275','','',#5,#15913,$);
#16571 = PRODUCT_RELATED_PRODUCT_CATEGORY('part',$,(#15915));
#16572 = SHAPE_DEFINITION_REPRESENTATION(#16573,#16579);
#16573 = PRODUCT_DEFINITION_SHAPE('','',#16574);
#16574 = PRODUCT_DEFINITION('design','',#16575,#16578);
#16575 = PRODUCT_DEFINITION_FORMATION('','',#16576);
#16576 = PRODUCT('Open CASCADE STEP translator 7.8 2.26',
  'Open CASCADE STEP translator 7.8 2.26','',(#16577));
#16577 = PRODUCT_CONTEXT('',#2,'mechanical');
#16578 = PRODUCT_DEFINITION_CONTEXT('part definition',#2,'design');
#16579 = ADVANCED_BREP_SHAPE_REPRESENTATION('',(#11,#16580),#17222);
#16580 = MANIFOLD_SOLID_BREP('',#16581);
#16581 = CLOSED_SHELL('',(#16582,#16702,#16778,#16854,#16930,#17006,
    #17082,#17153,#17200,#17211));
#16582 = ADVANCED_FACE('',(#16583),#16597,.T.);
#16583 = FACE_BOUND('',#16584,.T.);
#16584 = EDGE_LOOP('',(#16585,#16620,#16648,#16676));
#16585 = ORIENTED_EDGE('',*,*,#16586,.T.);
#16586 = EDGE_CURVE('',#16587,#16589,#16591,.T.);
#16587 = VERTEX_POINT('',#16588);
#16588 = CARTESIAN_POINT('',(41.6000011,54.731541615175,
    1.000000073859E-07));
#16589 = VERTEX_POINT('',#16590);
#16590 = CARTESIAN_POINT('',(41.6000011,54.731541615175,0.4800001));
#16591 = SURFACE_CURVE('',#16592,(#16596,#16608),.PCURVE_S1.);
#16592 = LINE('',#16593,#16594);
#16593 = CARTESIAN_POINT('',(41.6000011,54.731541615175,
    1.000000073859E-07));
#16594 = VECTOR('',#16595,1.);
#16595 = DIRECTION('',(0.,0.,1.));
#16596 = PCURVE('',#16597,#16602);
#16597 = PLANE('',#16598);
#16598 = AXIS2_PLACEMENT_3D('',#16599,#16600,#16601);
#16599 = CARTESIAN_POINT('',(41.6000011,54.731541615175,
    1.000000073859E-07));
#16600 = DIRECTION('',(0.880471099922,0.474099823035,-0.));
#16601 = DIRECTION('',(0.474099823035,-0.880471099922,0.));
#16602 = DEFINITIONAL_REPRESENTATION('',(#16603),#16607);
#16603 = LINE('',#16604,#16605);
#16604 = CARTESIAN_POINT('',(0.,0.));
#16605 = VECTOR('',#16606,1.);
#16606 = DIRECTION('',(0.,-1.));
#16607 = ( GEOMETRIC_REPRESENTATION_CONTEXT(2) 
PARAMETRIC_REPRESENTATION_CONTEXT() REPRESENTATION_CONTEXT('2D SPACE',''
  ) );
#16608 = PCURVE('',#16609,#16614);
#16609 = PLANE('',#16610);
#16610 = AXIS2_PLACEMENT_3D('',#16611,#16612,#16613);
#16611 = CARTESIAN_POINT('',(41.0400011,53.691541615175,
    1.000000073859E-07));
#16612 = DIRECTION('',(-0.880471099922,0.474099823035,0.));
#16613 = DIRECTION('',(0.474099823035,0.880471099922,0.));
#16614 = DEFINITIONAL_REPRESENTATION('',(#16615),#16619);
#16615 = LINE('',#16616,#16617);
#16616 = CARTESIAN_POINT('',(1.181185844819,0.));
#16617 = VECTOR('',#16618,1.);
#16618 = DIRECTION('',(0.,-1.));
#16619 = ( GEOMETRIC_REPRESENTATION_CONTEXT(2) 
PARAMETRIC_REPRESENTATION_CONTEXT() REPRESENTATION_CONTEXT('2D SPACE',''
  ) );
#16620 = ORIENTED_EDGE('',*,*,#16621,.T.);
#16621 = EDGE_CURVE('',#16589,#16622,#16624,.T.);
#16622 = VERTEX_POINT('',#16623);
#16623 = CARTESIAN_POINT('',(42.1600011,53.691541615175,0.4800001));
#16624 = SURFACE_CURVE('',#16625,(#16629,#16636),.PCURVE_S1.);
#16625 = LINE('',#16626,#16627);
#16626 = CARTESIAN_POINT('',(41.6000011,54.731541615175,0.4800001));
#16627 = VECTOR('',#16628,1.);
#16628 = DIRECTION('',(0.474099823035,-0.880471099922,0.));
#16629 = PCURVE('',#16597,#16630);
#16630 = DEFINITIONAL_REPRESENTATION('',(#16631),#16635);
#16631 = LINE('',#16632,#16633);
#16632 = CARTESIAN_POINT('',(0.,-0.48));
#16633 = VECTOR('',#16634,1.);
#16634 = DIRECTION('',(1.,0.));
#16635 = ( GEOMETRIC_REPRESENTATION_CONTEXT(2) 
PARAMETRIC_REPRESENTATION_CONTEXT() REPRESENTATION_CONTEXT('2D SPACE',''
  ) );
#16636 = PCURVE('',#16637,#16642);
#16637 = PLANE('',#16638);
#16638 = AXIS2_PLACEMENT_3D('',#16639,#16640,#16641);
#16639 = CARTESIAN_POINT('',(41.6000011,53.131541615175,0.4800001));
#16640 = DIRECTION('',(-0.,-0.,-1.));
#16641 = DIRECTION('',(-1.,0.,0.));
#16642 = DEFINITIONAL_REPRESENTATION('',(#16643),#16647);
#16643 = LINE('',#16644,#16645);
#16644 = CARTESIAN_POINT('',(0.,1.6));
#16645 = VECTOR('',#16646,1.);
#16646 = DIRECTION('',(-0.474099823035,-0.880471099922));
#16647 = ( GEOMETRIC_REPRESENTATION_CONTEXT(2) 
PARAMETRIC_REPRESENTATION_CONTEXT() REPRESENTATION_CONTEXT('2D SPACE',''
  ) );
#16648 = ORIENTED_EDGE('',*,*,#16649,.F.);
#16649 = EDGE_CURVE('',#16650,#16622,#16652,.T.);
#16650 = VERTEX_POINT('',#16651);
#16651 = CARTESIAN_POINT('',(42.1600011,53.691541615175,
    1.000000073859E-07));
#16652 = SURFACE_CURVE('',#16653,(#16657,#16664),.PCURVE_S1.);
#16653 = LINE('',#16654,#16655);
#16654 = CARTESIAN_POINT('',(42.1600011,53.691541615175,
    1.000000073859E-07));
#16655 = VECTOR('',#16656,1.);
#16656 = DIRECTION('',(0.,0.,1.));
#16657 = PCURVE('',#16597,#16658);
#16658 = DEFINITIONAL_REPRESENTATION('',(#16659),#16663);
#16659 = LINE('',#16660,#16661);
#16660 = CARTESIAN_POINT('',(1.181185844819,0.));
#16661 = VECTOR('',#16662,1.);
#16662 = DIRECTION('',(0.,-1.));
#16663 = ( GEOMETRIC_REPRESENTATION_CONTEXT(2) 
PARAMETRIC_REPRESENTATION_CONTEXT() REPRESENTATION_CONTEXT('2D SPACE',''
  ) );
#16664 = PCURVE('',#16665,#16670);
#16665 = PLANE('',#16666);
#16666 = AXIS2_PLACEMENT_3D('',#16667,#16668,#16669);
#16667 = CARTESIAN_POINT('',(42.1600011,53.691541615175,
    1.000000073859E-07));
#16668 = DIRECTION('',(0.474099823035,0.880471099922,-0.));
#16669 = DIRECTION('',(0.880471099922,-0.474099823035,0.));
#16670 = DEFINITIONAL_REPRESENTATION('',(#16671),#16675);
#16671 = LINE('',#16672,#16673);
#16672 = CARTESIAN_POINT('',(0.,0.));
#16673 = VECTOR('',#16674,1.);
#16674 = DIRECTION('',(0.,-1.));
#16675 = ( GEOMETRIC_REPRESENTATION_CONTEXT(2) 
PARAMETRIC_REPRESENTATION_CONTEXT() REPRESENTATION_CONTEXT('2D SPACE',''
  ) );
#16676 = ORIENTED_EDGE('',*,*,#16677,.F.);
#16677 = EDGE_CURVE('',#16587,#16650,#16678,.T.);
#16678 = SURFACE_CURVE('',#16679,(#16683,#16690),.PCURVE_S1.);
#16679 = LINE('',#16680,#16681);
#16680 = CARTESIAN_POINT('',(41.6000011,54.731541615175,
    1.000000073859E-07));
#16681 = VECTOR('',#16682,1.);
#16682 = DIRECTION('',(0.474099823035,-0.880471099922,0.));
#16683 = PCURVE('',#16597,#16684);
#16684 = DEFINITIONAL_REPRESENTATION('',(#16685),#16689);
#16685 = LINE('',#16686,#16687);
#16686 = CARTESIAN_POINT('',(0.,0.));
#16687 = VECTOR('',#16688,1.);
#16688 = DIRECTION('',(1.,0.));
#16689 = ( GEOMETRIC_REPRESENTATION_CONTEXT(2) 
PARAMETRIC_REPRESENTATION_CONTEXT() REPRESENTATION_CONTEXT('2D SPACE',''
  ) );
#16690 = PCURVE('',#16691,#16696);
#16691 = PLANE('',#16692);
#16692 = AXIS2_PLACEMENT_3D('',#16693,#16694,#16695);
#16693 = CARTESIAN_POINT('',(41.6000011,53.131541615175,
    1.000000073859E-07));
#16694 = DIRECTION('',(-0.,-0.,-1.));
#16695 = DIRECTION('',(-1.,0.,0.));
#16696 = DEFINITIONAL_REPRESENTATION('',(#16697),#16701);
#16697 = LINE('',#16698,#16699);
#16698 = CARTESIAN_POINT('',(0.,1.6));
#16699 = VECTOR('',#16700,1.);
#16700 = DIRECTION('',(-0.474099823035,-0.880471099922));
#16701 = ( GEOMETRIC_REPRESENTATION_CONTEXT(2) 
PARAMETRIC_REPRESENTATION_CONTEXT() REPRESENTATION_CONTEXT('2D SPACE',''
  ) );
#16702 = ADVANCED_FACE('',(#16703),#16665,.T.);
#16703 = FACE_BOUND('',#16704,.T.);
#16704 = EDGE_LOOP('',(#16705,#16706,#16729,#16757));
#16705 = ORIENTED_EDGE('',*,*,#16649,.T.);
#16706 = ORIENTED_EDGE('',*,*,#16707,.T.);
#16707 = EDGE_CURVE('',#16622,#16708,#16710,.T.);
#16708 = VERTEX_POINT('',#16709);
#16709 = CARTESIAN_POINT('',(43.2000011,53.131541615175,0.4800001));
#16710 = SURFACE_CURVE('',#16711,(#16715,#16722),.PCURVE_S1.);
#16711 = LINE('',#16712,#16713);
#16712 = CARTESIAN_POINT('',(42.1600011,53.691541615175,0.4800001));
#16713 = VECTOR('',#16714,1.);
#16714 = DIRECTION('',(0.880471099922,-0.474099823035,0.));
#16715 = PCURVE('',#16665,#16716);
#16716 = DEFINITIONAL_REPRESENTATION('',(#16717),#16721);
#16717 = LINE('',#16718,#16719);
#16718 = CARTESIAN_POINT('',(0.,-0.48));
#16719 = VECTOR('',#16720,1.);
#16720 = DIRECTION('',(1.,0.));
#16721 = ( GEOMETRIC_REPRESENTATION_CONTEXT(2) 
PARAMETRIC_REPRESENTATION_CONTEXT() REPRESENTATION_CONTEXT('2D SPACE',''
  ) );
#16722 = PCURVE('',#16637,#16723);
#16723 = DEFINITIONAL_REPRESENTATION('',(#16724),#16728);
#16724 = LINE('',#16725,#16726);
#16725 = CARTESIAN_POINT('',(-0.56,0.56));
#16726 = VECTOR('',#16727,1.);
#16727 = DIRECTION('',(-0.880471099922,-0.474099823035));
#16728 = ( GEOMETRIC_REPRESENTATION_CONTEXT(2) 
PARAMETRIC_REPRESENTATION_CONTEXT() REPRESENTATION_CONTEXT('2D SPACE',''
  ) );
#16729 = ORIENTED_EDGE('',*,*,#16730,.F.);
#16730 = EDGE_CURVE('',#16731,#16708,#16733,.T.);
#16731 = VERTEX_POINT('',#16732);
#16732 = CARTESIAN_POINT('',(43.2000011,53.131541615175,
    1.000000073859E-07));
#16733 = SURFACE_CURVE('',#16734,(#16738,#16745),.PCURVE_S1.);
#16734 = LINE('',#16735,#16736);
#16735 = CARTESIAN_POINT('',(43.2000011,53.131541615175,
    1.000000073859E-07));
#16736 = VECTOR('',#16737,1.);
#16737 = DIRECTION('',(0.,0.,1.));
#16738 = PCURVE('',#16665,#16739);
#16739 = DEFINITIONAL_REPRESENTATION('',(#16740),#16744);
#16740 = LINE('',#16741,#16742);
#16741 = CARTESIAN_POINT('',(1.181185844819,0.));
#16742 = VECTOR('',#16743,1.);
#16743 = DIRECTION('',(0.,-1.));
#16744 = ( GEOMETRIC_REPRESENTATION_CONTEXT(2) 
PARAMETRIC_REPRESENTATION_CONTEXT() REPRESENTATION_CONTEXT('2D SPACE',''
  ) );
#16745 = PCURVE('',#16746,#16751);
#16746 = PLANE('',#16747);
#16747 = AXIS2_PLACEMENT_3D('',#16748,#16749,#16750);
#16748 = CARTESIAN_POINT('',(43.2000011,53.131541615175,
    1.000000073859E-07));
#16749 = DIRECTION('',(0.474099823035,-0.880471099922,0.));
#16750 = DIRECTION('',(-0.880471099922,-0.474099823035,0.));
#16751 = DEFINITIONAL_REPRESENTATION('',(#16752),#16756);
#16752 = LINE('',#16753,#16754);
#16753 = CARTESIAN_POINT('',(0.,0.));
#16754 = VECTOR('',#16755,1.);
#16755 = DIRECTION('',(0.,-1.));
#16756 = ( GEOMETRIC_REPRESENTATION_CONTEXT(2) 
PARAMETRIC_REPRESENTATION_CONTEXT() REPRESENTATION_CONTEXT('2D SPACE',''
  ) );
#16757 = ORIENTED_EDGE('',*,*,#16758,.F.);
#16758 = EDGE_CURVE('',#16650,#16731,#16759,.T.);
#16759 = SURFACE_CURVE('',#16760,(#16764,#16771),.PCURVE_S1.);
#16760 = LINE('',#16761,#16762);
#16761 = CARTESIAN_POINT('',(42.1600011,53.691541615175,
    1.000000073859E-07));
#16762 = VECTOR('',#16763,1.);
#16763 = DIRECTION('',(0.880471099922,-0.474099823035,0.));
#16764 = PCURVE('',#16665,#16765);
#16765 = DEFINITIONAL_REPRESENTATION('',(#16766),#16770);
#16766 = LINE('',#16767,#16768);
#16767 = CARTESIAN_POINT('',(0.,0.));
#16768 = VECTOR('',#16769,1.);
#16769 = DIRECTION('',(1.,0.));
#16770 = ( GEOMETRIC_REPRESENTATION_CONTEXT(2) 
PARAMETRIC_REPRESENTATION_CONTEXT() REPRESENTATION_CONTEXT('2D SPACE',''
  ) );
#16771 = PCURVE('',#16691,#16772);
#16772 = DEFINITIONAL_REPRESENTATION('',(#16773),#16777);
#16773 = LINE('',#16774,#16775);
#16774 = CARTESIAN_POINT('',(-0.56,0.56));
#16775 = VECTOR('',#16776,1.);
#16776 = DIRECTION('',(-0.880471099922,-0.474099823035));
#16777 = ( GEOMETRIC_REPRESENTATION_CONTEXT(2) 
PARAMETRIC_REPRESENTATION_CONTEXT() REPRESENTATION_CONTEXT('2D SPACE',''
  ) );
#16778 = ADVANCED_FACE('',(#16779),#16746,.T.);
#16779 = FACE_BOUND('',#16780,.T.);
#16780 = EDGE_LOOP('',(#16781,#16782,#16805,#16833));
#16781 = ORIENTED_EDGE('',*,*,#16730,.T.);
#16782 = ORIENTED_EDGE('',*,*,#16783,.T.);
#16783 = EDGE_CURVE('',#16708,#16784,#16786,.T.);
#16784 = VERTEX_POINT('',#16785);
#16785 = CARTESIAN_POINT('',(42.1600011,52.571541615175,0.4800001));
#16786 = SURFACE_CURVE('',#16787,(#16791,#16798),.PCURVE_S1.);
#16787 = LINE('',#16788,#16789);
#16788 = CARTESIAN_POINT('',(43.2000011,53.131541615175,0.4800001));
#16789 = VECTOR('',#16790,1.);
#16790 = DIRECTION('',(-0.880471099922,-0.474099823035,0.));
#16791 = PCURVE('',#16746,#16792);
#16792 = DEFINITIONAL_REPRESENTATION('',(#16793),#16797);
#16793 = LINE('',#16794,#16795);
#16794 = CARTESIAN_POINT('',(0.,-0.48));
#16795 = VECTOR('',#16796,1.);
#16796 = DIRECTION('',(1.,0.));
#16797 = ( GEOMETRIC_REPRESENTATION_CONTEXT(2) 
PARAMETRIC_REPRESENTATION_CONTEXT() REPRESENTATION_CONTEXT('2D SPACE',''
  ) );
#16798 = PCURVE('',#16637,#16799);
#16799 = DEFINITIONAL_REPRESENTATION('',(#16800),#16804);
#16800 = LINE('',#16801,#16802);
#16801 = CARTESIAN_POINT('',(-1.6,0.));
#16802 = VECTOR('',#16803,1.);
#16803 = DIRECTION('',(0.880471099922,-0.474099823035));
#16804 = ( GEOMETRIC_REPRESENTATION_CONTEXT(2) 
PARAMETRIC_REPRESENTATION_CONTEXT() REPRESENTATION_CONTEXT('2D SPACE',''
  ) );
#16805 = ORIENTED_EDGE('',*,*,#16806,.F.);
#16806 = EDGE_CURVE('',#16807,#16784,#16809,.T.);
#16807 = VERTEX_POINT('',#16808);
#16808 = CARTESIAN_POINT('',(42.1600011,52.571541615175,
    1.000000073859E-07));
#16809 = SURFACE_CURVE('',#16810,(#16814,#16821),.PCURVE_S1.);
#16810 = LINE('',#16811,#16812);
#16811 = CARTESIAN_POINT('',(42.1600011,52.571541615175,
    1.000000073859E-07));
#16812 = VECTOR('',#16813,1.);
#16813 = DIRECTION('',(0.,0.,1.));
#16814 = PCURVE('',#16746,#16815);
#16815 = DEFINITIONAL_REPRESENTATION('',(#16816),#16820);
#16816 = LINE('',#16817,#16818);
#16817 = CARTESIAN_POINT('',(1.181185844819,0.));
#16818 = VECTOR('',#16819,1.);
#16819 = DIRECTION('',(0.,-1.));
#16820 = ( GEOMETRIC_REPRESENTATION_CONTEXT(2) 
PARAMETRIC_REPRESENTATION_CONTEXT() REPRESENTATION_CONTEXT('2D SPACE',''
  ) );
#16821 = PCURVE('',#16822,#16827);
#16822 = PLANE('',#16823);
#16823 = AXIS2_PLACEMENT_3D('',#16824,#16825,#16826);
#16824 = CARTESIAN_POINT('',(42.1600011,52.571541615175,
    1.000000073859E-07));
#16825 = DIRECTION('',(0.880471099922,-0.474099823035,0.));
#16826 = DIRECTION('',(-0.474099823035,-0.880471099922,0.));
#16827 = DEFINITIONAL_REPRESENTATION('',(#16828),#16832);
#16828 = LINE('',#16829,#16830);
#16829 = CARTESIAN_POINT('',(0.,0.));
#16830 = VECTOR('',#16831,1.);
#16831 = DIRECTION('',(0.,-1.));
#16832 = ( GEOMETRIC_REPRESENTATION_CONTEXT(2) 
PARAMETRIC_REPRESENTATION_CONTEXT() REPRESENTATION_CONTEXT('2D SPACE',''
  ) );
#16833 = ORIENTED_EDGE('',*,*,#16834,.F.);
#16834 = EDGE_CURVE('',#16731,#16807,#16835,.T.);
#16835 = SURFACE_CURVE('',#16836,(#16840,#16847),.PCURVE_S1.);
#16836 = LINE('',#16837,#16838);
#16837 = CARTESIAN_POINT('',(43.2000011,53.131541615175,
    1.000000073859E-07));
#16838 = VECTOR('',#16839,1.);
#16839 = DIRECTION('',(-0.880471099922,-0.474099823035,0.));
#16840 = PCURVE('',#16746,#16841);
#16841 = DEFINITIONAL_REPRESENTATION('',(#16842),#16846);
#16842 = LINE('',#16843,#16844);
#16843 = CARTESIAN_POINT('',(0.,0.));
#16844 = VECTOR('',#16845,1.);
#16845 = DIRECTION('',(1.,0.));
#16846 = ( GEOMETRIC_REPRESENTATION_CONTEXT(2) 
PARAMETRIC_REPRESENTATION_CONTEXT() REPRESENTATION_CONTEXT('2D SPACE',''
  ) );
#16847 = PCURVE('',#16691,#16848);
#16848 = DEFINITIONAL_REPRESENTATION('',(#16849),#16853);
#16849 = LINE('',#16850,#16851);
#16850 = CARTESIAN_POINT('',(-1.6,0.));
#16851 = VECTOR('',#16852,1.);
#16852 = DIRECTION('',(0.880471099922,-0.474099823035));
#16853 = ( GEOMETRIC_REPRESENTATION_CONTEXT(2) 
PARAMETRIC_REPRESENTATION_CONTEXT() REPRESENTATION_CONTEXT('2D SPACE',''
  ) );
#16854 = ADVANCED_FACE('',(#16855),#16822,.T.);
#16855 = FACE_BOUND('',#16856,.T.);
#16856 = EDGE_LOOP('',(#16857,#16858,#16881,#16909));
#16857 = ORIENTED_EDGE('',*,*,#16806,.T.);
#16858 = ORIENTED_EDGE('',*,*,#16859,.T.);
#16859 = EDGE_CURVE('',#16784,#16860,#16862,.T.);
#16860 = VERTEX_POINT('',#16861);
#16861 = CARTESIAN_POINT('',(41.6000011,51.531541615175,0.4800001));
#16862 = SURFACE_CURVE('',#16863,(#16867,#16874),.PCURVE_S1.);
#16863 = LINE('',#16864,#16865);
#16864 = CARTESIAN_POINT('',(42.1600011,52.571541615175,0.4800001));
#16865 = VECTOR('',#16866,1.);
#16866 = DIRECTION('',(-0.474099823035,-0.880471099922,0.));
#16867 = PCURVE('',#16822,#16868);
#16868 = DEFINITIONAL_REPRESENTATION('',(#16869),#16873);
#16869 = LINE('',#16870,#16871);
#16870 = CARTESIAN_POINT('',(0.,-0.48));
#16871 = VECTOR('',#16872,1.);
#16872 = DIRECTION('',(1.,0.));
#16873 = ( GEOMETRIC_REPRESENTATION_CONTEXT(2) 
PARAMETRIC_REPRESENTATION_CONTEXT() REPRESENTATION_CONTEXT('2D SPACE',''
  ) );
#16874 = PCURVE('',#16637,#16875);
#16875 = DEFINITIONAL_REPRESENTATION('',(#16876),#16880);
#16876 = LINE('',#16877,#16878);
#16877 = CARTESIAN_POINT('',(-0.56,-0.56));
#16878 = VECTOR('',#16879,1.);
#16879 = DIRECTION('',(0.474099823035,-0.880471099922));
#16880 = ( GEOMETRIC_REPRESENTATION_CONTEXT(2) 
PARAMETRIC_REPRESENTATION_CONTEXT() REPRESENTATION_CONTEXT('2D SPACE',''
  ) );
#16881 = ORIENTED_EDGE('',*,*,#16882,.F.);
#16882 = EDGE_CURVE('',#16883,#16860,#16885,.T.);
#16883 = VERTEX_POINT('',#16884);
#16884 = CARTESIAN_POINT('',(41.6000011,51.531541615175,
    1.000000073859E-07));
#16885 = SURFACE_CURVE('',#16886,(#16890,#16897),.PCURVE_S1.);
#16886 = LINE('',#16887,#16888);
#16887 = CARTESIAN_POINT('',(41.6000011,51.531541615175,
    1.000000073859E-07));
#16888 = VECTOR('',#16889,1.);
#16889 = DIRECTION('',(0.,0.,1.));
#16890 = PCURVE('',#16822,#16891);
#16891 = DEFINITIONAL_REPRESENTATION('',(#16892),#16896);
#16892 = LINE('',#16893,#16894);
#16893 = CARTESIAN_POINT('',(1.181185844819,0.));
#16894 = VECTOR('',#16895,1.);
#16895 = DIRECTION('',(0.,-1.));
#16896 = ( GEOMETRIC_REPRESENTATION_CONTEXT(2) 
PARAMETRIC_REPRESENTATION_CONTEXT() REPRESENTATION_CONTEXT('2D SPACE',''
  ) );
#16897 = PCURVE('',#16898,#16903);
#16898 = PLANE('',#16899);
#16899 = AXIS2_PLACEMENT_3D('',#16900,#16901,#16902);
#16900 = CARTESIAN_POINT('',(41.6000011,51.531541615175,
    1.000000073859E-07));
#16901 = DIRECTION('',(-0.880471099922,-0.474099823035,0.));
#16902 = DIRECTION('',(-0.474099823035,0.880471099922,0.));
#16903 = DEFINITIONAL_REPRESENTATION('',(#16904),#16908);
#16904 = LINE('',#16905,#16906);
#16905 = CARTESIAN_POINT('',(0.,0.));
#16906 = VECTOR('',#16907,1.);
#16907 = DIRECTION('',(0.,-1.));
#16908 = ( GEOMETRIC_REPRESENTATION_CONTEXT(2) 
PARAMETRIC_REPRESENTATION_CONTEXT() REPRESENTATION_CONTEXT('2D SPACE',''
  ) );
#16909 = ORIENTED_EDGE('',*,*,#16910,.F.);
#16910 = EDGE_CURVE('',#16807,#16883,#16911,.T.);
#16911 = SURFACE_CURVE('',#16912,(#16916,#16923),.PCURVE_S1.);
#16912 = LINE('',#16913,#16914);
#16913 = CARTESIAN_POINT('',(42.1600011,52.571541615175,
    1.000000073859E-07));
#16914 = VECTOR('',#16915,1.);
#16915 = DIRECTION('',(-0.474099823035,-0.880471099922,0.));
#16916 = PCURVE('',#16822,#16917);
#16917 = DEFINITIONAL_REPRESENTATION('',(#16918),#16922);
#16918 = LINE('',#16919,#16920);
#16919 = CARTESIAN_POINT('',(0.,0.));
#16920 = VECTOR('',#16921,1.);
#16921 = DIRECTION('',(1.,0.));
#16922 = ( GEOMETRIC_REPRESENTATION_CONTEXT(2) 
PARAMETRIC_REPRESENTATION_CONTEXT() REPRESENTATION_CONTEXT('2D SPACE',''
  ) );
#16923 = PCURVE('',#16691,#16924);
#16924 = DEFINITIONAL_REPRESENTATION('',(#16925),#16929);
#16925 = LINE('',#16926,#16927);
#16926 = CARTESIAN_POINT('',(-0.56,-0.56));
#16927 = VECTOR('',#16928,1.);
#16928 = DIRECTION('',(0.474099823035,-0.880471099922));
#16929 = ( GEOMETRIC_REPRESENTATION_CONTEXT(2) 
PARAMETRIC_REPRESENTATION_CONTEXT() REPRESENTATION_CONTEXT('2D SPACE',''
  ) );
#16930 = ADVANCED_FACE('',(#16931),#16898,.T.);
#16931 = FACE_BOUND('',#16932,.T.);
#16932 = EDGE_LOOP('',(#16933,#16934,#16957,#16985));
#16933 = ORIENTED_EDGE('',*,*,#16882,.T.);
#16934 = ORIENTED_EDGE('',*,*,#16935,.T.);
#16935 = EDGE_CURVE('',#16860,#16936,#16938,.T.);
#16936 = VERTEX_POINT('',#16937);
#16937 = CARTESIAN_POINT('',(41.0400011,52.571541615175,0.4800001));
#16938 = SURFACE_CURVE('',#16939,(#16943,#16950),.PCURVE_S1.);
#16939 = LINE('',#16940,#16941);
#16940 = CARTESIAN_POINT('',(41.6000011,51.531541615175,0.4800001));
#16941 = VECTOR('',#16942,1.);
#16942 = DIRECTION('',(-0.474099823035,0.880471099922,0.));
#16943 = PCURVE('',#16898,#16944);
#16944 = DEFINITIONAL_REPRESENTATION('',(#16945),#16949);
#16945 = LINE('',#16946,#16947);
#16946 = CARTESIAN_POINT('',(0.,-0.48));
#16947 = VECTOR('',#16948,1.);
#16948 = DIRECTION('',(1.,0.));
#16949 = ( GEOMETRIC_REPRESENTATION_CONTEXT(2) 
PARAMETRIC_REPRESENTATION_CONTEXT() REPRESENTATION_CONTEXT('2D SPACE',''
  ) );
#16950 = PCURVE('',#16637,#16951);
#16951 = DEFINITIONAL_REPRESENTATION('',(#16952),#16956);
#16952 = LINE('',#16953,#16954);
#16953 = CARTESIAN_POINT('',(0.,-1.6));
#16954 = VECTOR('',#16955,1.);
#16955 = DIRECTION('',(0.474099823035,0.880471099922));
#16956 = ( GEOMETRIC_REPRESENTATION_CONTEXT(2) 
PARAMETRIC_REPRESENTATION_CONTEXT() REPRESENTATION_CONTEXT('2D SPACE',''
  ) );
#16957 = ORIENTED_EDGE('',*,*,#16958,.F.);
#16958 = EDGE_CURVE('',#16959,#16936,#16961,.T.);
#16959 = VERTEX_POINT('',#16960);
#16960 = CARTESIAN_POINT('',(41.0400011,52.571541615175,
    1.000000073859E-07));
#16961 = SURFACE_CURVE('',#16962,(#16966,#16973),.PCURVE_S1.);
#16962 = LINE('',#16963,#16964);
#16963 = CARTESIAN_POINT('',(41.0400011,52.571541615175,
    1.000000073859E-07));
#16964 = VECTOR('',#16965,1.);
#16965 = DIRECTION('',(0.,0.,1.));
#16966 = PCURVE('',#16898,#16967);
#16967 = DEFINITIONAL_REPRESENTATION('',(#16968),#16972);
#16968 = LINE('',#16969,#16970);
#16969 = CARTESIAN_POINT('',(1.181185844819,0.));
#16970 = VECTOR('',#16971,1.);
#16971 = DIRECTION('',(0.,-1.));
#16972 = ( GEOMETRIC_REPRESENTATION_CONTEXT(2) 
PARAMETRIC_REPRESENTATION_CONTEXT() REPRESENTATION_CONTEXT('2D SPACE',''
  ) );
#16973 = PCURVE('',#16974,#16979);
#16974 = PLANE('',#16975);
#16975 = AXIS2_PLACEMENT_3D('',#16976,#16977,#16978);
#16976 = CARTESIAN_POINT('',(41.0400011,52.571541615175,
    1.000000073859E-07));
#16977 = DIRECTION('',(-0.474099823035,-0.880471099922,0.));
#16978 = DIRECTION('',(-0.880471099922,0.474099823035,0.));
#16979 = DEFINITIONAL_REPRESENTATION('',(#16980),#16984);
#16980 = LINE('',#16981,#16982);
#16981 = CARTESIAN_POINT('',(0.,0.));
#16982 = VECTOR('',#16983,1.);
#16983 = DIRECTION('',(0.,-1.));
#16984 = ( GEOMETRIC_REPRESENTATION_CONTEXT(2) 
PARAMETRIC_REPRESENTATION_CONTEXT() REPRESENTATION_CONTEXT('2D SPACE',''
  ) );
#16985 = ORIENTED_EDGE('',*,*,#16986,.F.);
#16986 = EDGE_CURVE('',#16883,#16959,#16987,.T.);
#16987 = SURFACE_CURVE('',#16988,(#16992,#16999),.PCURVE_S1.);
#16988 = LINE('',#16989,#16990);
#16989 = CARTESIAN_POINT('',(41.6000011,51.531541615175,
    1.000000073859E-07));
#16990 = VECTOR('',#16991,1.);
#16991 = DIRECTION('',(-0.474099823035,0.880471099922,0.));
#16992 = PCURVE('',#16898,#16993);
#16993 = DEFINITIONAL_REPRESENTATION('',(#16994),#16998);
#16994 = LINE('',#16995,#16996);
#16995 = CARTESIAN_POINT('',(0.,0.));
#16996 = VECTOR('',#16997,1.);
#16997 = DIRECTION('',(1.,0.));
#16998 = ( GEOMETRIC_REPRESENTATION_CONTEXT(2) 
PARAMETRIC_REPRESENTATION_CONTEXT() REPRESENTATION_CONTEXT('2D SPACE',''
  ) );
#16999 = PCURVE('',#16691,#17000);
#17000 = DEFINITIONAL_REPRESENTATION('',(#17001),#17005);
#17001 = LINE('',#17002,#17003);
#17002 = CARTESIAN_POINT('',(0.,-1.6));
#17003 = VECTOR('',#17004,1.);
#17004 = DIRECTION('',(0.474099823035,0.880471099922));
#17005 = ( GEOMETRIC_REPRESENTATION_CONTEXT(2) 
PARAMETRIC_REPRESENTATION_CONTEXT() REPRESENTATION_CONTEXT('2D SPACE',''
  ) );
#17006 = ADVANCED_FACE('',(#17007),#16974,.T.);
#17007 = FACE_BOUND('',#17008,.T.);
#17008 = EDGE_LOOP('',(#17009,#17010,#17033,#17061));
#17009 = ORIENTED_EDGE('',*,*,#16958,.T.);
#17010 = ORIENTED_EDGE('',*,*,#17011,.T.);
#17011 = EDGE_CURVE('',#16936,#17012,#17014,.T.);
#17012 = VERTEX_POINT('',#17013);
#17013 = CARTESIAN_POINT('',(40.0000011,53.131541615175,0.4800001));
#17014 = SURFACE_CURVE('',#17015,(#17019,#17026),.PCURVE_S1.);
#17015 = LINE('',#17016,#17017);
#17016 = CARTESIAN_POINT('',(41.0400011,52.571541615175,0.4800001));
#17017 = VECTOR('',#17018,1.);
#17018 = DIRECTION('',(-0.880471099922,0.474099823035,0.));
#17019 = PCURVE('',#16974,#17020);
#17020 = DEFINITIONAL_REPRESENTATION('',(#17021),#17025);
#17021 = LINE('',#17022,#17023);
#17022 = CARTESIAN_POINT('',(0.,-0.48));
#17023 = VECTOR('',#17024,1.);
#17024 = DIRECTION('',(1.,0.));
#17025 = ( GEOMETRIC_REPRESENTATION_CONTEXT(2) 
PARAMETRIC_REPRESENTATION_CONTEXT() REPRESENTATION_CONTEXT('2D SPACE',''
  ) );
#17026 = PCURVE('',#16637,#17027);
#17027 = DEFINITIONAL_REPRESENTATION('',(#17028),#17032);
#17028 = LINE('',#17029,#17030);
#17029 = CARTESIAN_POINT('',(0.56,-0.56));
#17030 = VECTOR('',#17031,1.);
#17031 = DIRECTION('',(0.880471099922,0.474099823035));
#17032 = ( GEOMETRIC_REPRESENTATION_CONTEXT(2) 
PARAMETRIC_REPRESENTATION_CONTEXT() REPRESENTATION_CONTEXT('2D SPACE',''
  ) );
#17033 = ORIENTED_EDGE('',*,*,#17034,.F.);
#17034 = EDGE_CURVE('',#17035,#17012,#17037,.T.);
#17035 = VERTEX_POINT('',#17036);
#17036 = CARTESIAN_POINT('',(40.0000011,53.131541615175,
    1.000000073859E-07));
#17037 = SURFACE_CURVE('',#17038,(#17042,#17049),.PCURVE_S1.);
#17038 = LINE('',#17039,#17040);
#17039 = CARTESIAN_POINT('',(40.0000011,53.131541615175,
    1.000000073859E-07));
#17040 = VECTOR('',#17041,1.);
#17041 = DIRECTION('',(0.,0.,1.));
#17042 = PCURVE('',#16974,#17043);
#17043 = DEFINITIONAL_REPRESENTATION('',(#17044),#17048);
#17044 = LINE('',#17045,#17046);
#17045 = CARTESIAN_POINT('',(1.181185844819,0.));
#17046 = VECTOR('',#17047,1.);
#17047 = DIRECTION('',(0.,-1.));
#17048 = ( GEOMETRIC_REPRESENTATION_CONTEXT(2) 
PARAMETRIC_REPRESENTATION_CONTEXT() REPRESENTATION_CONTEXT('2D SPACE',''
  ) );
#17049 = PCURVE('',#17050,#17055);
#17050 = PLANE('',#17051);
#17051 = AXIS2_PLACEMENT_3D('',#17052,#17053,#17054);
#17052 = CARTESIAN_POINT('',(40.0000011,53.131541615175,
    1.000000073859E-07));
#17053 = DIRECTION('',(-0.474099823035,0.880471099922,0.));
#17054 = DIRECTION('',(0.880471099922,0.474099823035,0.));
#17055 = DEFINITIONAL_REPRESENTATION('',(#17056),#17060);
#17056 = LINE('',#17057,#17058);
#17057 = CARTESIAN_POINT('',(0.,0.));
#17058 = VECTOR('',#17059,1.);
#17059 = DIRECTION('',(0.,-1.));
#17060 = ( GEOMETRIC_REPRESENTATION_CONTEXT(2) 
PARAMETRIC_REPRESENTATION_CONTEXT() REPRESENTATION_CONTEXT('2D SPACE',''
  ) );
#17061 = ORIENTED_EDGE('',*,*,#17062,.F.);
#17062 = EDGE_CURVE('',#16959,#17035,#17063,.T.);
#17063 = SURFACE_CURVE('',#17064,(#17068,#17075),.PCURVE_S1.);
#17064 = LINE('',#17065,#17066);
#17065 = CARTESIAN_POINT('',(41.0400011,52.571541615175,
    1.000000073859E-07));
#17066 = VECTOR('',#17067,1.);
#17067 = DIRECTION('',(-0.880471099922,0.474099823035,0.));
#17068 = PCURVE('',#16974,#17069);
#17069 = DEFINITIONAL_REPRESENTATION('',(#17070),#17074);
#17070 = LINE('',#17071,#17072);
#17071 = CARTESIAN_POINT('',(0.,0.));
#17072 = VECTOR('',#17073,1.);
#17073 = DIRECTION('',(1.,0.));
#17074 = ( GEOMETRIC_REPRESENTATION_CONTEXT(2) 
PARAMETRIC_REPRESENTATION_CONTEXT() REPRESENTATION_CONTEXT('2D SPACE',''
  ) );
#17075 = PCURVE('',#16691,#17076);
#17076 = DEFINITIONAL_REPRESENTATION('',(#17077),#17081);
#17077 = LINE('',#17078,#17079);
#17078 = CARTESIAN_POINT('',(0.56,-0.56));
#17079 = VECTOR('',#17080,1.);
#17080 = DIRECTION('',(0.880471099922,0.474099823035));
#17081 = ( GEOMETRIC_REPRESENTATION_CONTEXT(2) 
PARAMETRIC_REPRESENTATION_CONTEXT() REPRESENTATION_CONTEXT('2D SPACE',''
  ) );
#17082 = ADVANCED_FACE('',(#17083),#17050,.T.);
#17083 = FACE_BOUND('',#17084,.T.);
#17084 = EDGE_LOOP('',(#17085,#17086,#17109,#17132));
#17085 = ORIENTED_EDGE('',*,*,#17034,.T.);
#17086 = ORIENTED_EDGE('',*,*,#17087,.T.);
#17087 = EDGE_CURVE('',#17012,#17088,#17090,.T.);
#17088 = VERTEX_POINT('',#17089);
#17089 = CARTESIAN_POINT('',(41.0400011,53.691541615175,0.4800001));
#17090 = SURFACE_CURVE('',#17091,(#17095,#17102),.PCURVE_S1.);
#17091 = LINE('',#17092,#17093);
#17092 = CARTESIAN_POINT('',(40.0000011,53.131541615175,0.4800001));
#17093 = VECTOR('',#17094,1.);
#17094 = DIRECTION('',(0.880471099922,0.474099823035,0.));
#17095 = PCURVE('',#17050,#17096);
#17096 = DEFINITIONAL_REPRESENTATION('',(#17097),#17101);
#17097 = LINE('',#17098,#17099);
#17098 = CARTESIAN_POINT('',(0.,-0.48));
#17099 = VECTOR('',#17100,1.);
#17100 = DIRECTION('',(1.,0.));
#17101 = ( GEOMETRIC_REPRESENTATION_CONTEXT(2) 
PARAMETRIC_REPRESENTATION_CONTEXT() REPRESENTATION_CONTEXT('2D SPACE',''
  ) );
#17102 = PCURVE('',#16637,#17103);
#17103 = DEFINITIONAL_REPRESENTATION('',(#17104),#17108);
#17104 = LINE('',#17105,#17106);
#17105 = CARTESIAN_POINT('',(1.6,0.));
#17106 = VECTOR('',#17107,1.);
#17107 = DIRECTION('',(-0.880471099922,0.474099823035));
#17108 = ( GEOMETRIC_REPRESENTATION_CONTEXT(2) 
PARAMETRIC_REPRESENTATION_CONTEXT() REPRESENTATION_CONTEXT('2D SPACE',''
  ) );
#17109 = ORIENTED_EDGE('',*,*,#17110,.F.);
#17110 = EDGE_CURVE('',#17111,#17088,#17113,.T.);
#17111 = VERTEX_POINT('',#17112);
#17112 = CARTESIAN_POINT('',(41.0400011,53.691541615175,
    1.000000073859E-07));
#17113 = SURFACE_CURVE('',#17114,(#17118,#17125),.PCURVE_S1.);
#17114 = LINE('',#17115,#17116);
#17115 = CARTESIAN_POINT('',(41.0400011,53.691541615175,
    1.000000073859E-07));
#17116 = VECTOR('',#17117,1.);
#17117 = DIRECTION('',(0.,0.,1.));
#17118 = PCURVE('',#17050,#17119);
#17119 = DEFINITIONAL_REPRESENTATION('',(#17120),#17124);
#17120 = LINE('',#17121,#17122);
#17121 = CARTESIAN_POINT('',(1.181185844819,0.));
#17122 = VECTOR('',#17123,1.);
#17123 = DIRECTION('',(0.,-1.));
#17124 = ( GEOMETRIC_REPRESENTATION_CONTEXT(2) 
PARAMETRIC_REPRESENTATION_CONTEXT() REPRESENTATION_CONTEXT('2D SPACE',''
  ) );
#17125 = PCURVE('',#16609,#17126);
#17126 = DEFINITIONAL_REPRESENTATION('',(#17127),#17131);
#17127 = LINE('',#17128,#17129);
#17128 = CARTESIAN_POINT('',(0.,0.));
#17129 = VECTOR('',#17130,1.);
#17130 = DIRECTION('',(0.,-1.));
#17131 = ( GEOMETRIC_REPRESENTATION_CONTEXT(2) 
PARAMETRIC_REPRESENTATION_CONTEXT() REPRESENTATION_CONTEXT('2D SPACE',''
  ) );
#17132 = ORIENTED_EDGE('',*,*,#17133,.F.);
#17133 = EDGE_CURVE('',#17035,#17111,#17134,.T.);
#17134 = SURFACE_CURVE('',#17135,(#17139,#17146),.PCURVE_S1.);
#17135 = LINE('',#17136,#17137);
#17136 = CARTESIAN_POINT('',(40.0000011,53.131541615175,
    1.000000073859E-07));
#17137 = VECTOR('',#17138,1.);
#17138 = DIRECTION('',(0.880471099922,0.474099823035,0.));
#17139 = PCURVE('',#17050,#17140);
#17140 = DEFINITIONAL_REPRESENTATION('',(#17141),#17145);
#17141 = LINE('',#17142,#17143);
#17142 = CARTESIAN_POINT('',(0.,0.));
#17143 = VECTOR('',#17144,1.);
#17144 = DIRECTION('',(1.,0.));
#17145 = ( GEOMETRIC_REPRESENTATION_CONTEXT(2) 
PARAMETRIC_REPRESENTATION_CONTEXT() REPRESENTATION_CONTEXT('2D SPACE',''
  ) );
#17146 = PCURVE('',#16691,#17147);
#17147 = DEFINITIONAL_REPRESENTATION('',(#17148),#17152);
#17148 = LINE('',#17149,#17150);
#17149 = CARTESIAN_POINT('',(1.6,0.));
#17150 = VECTOR('',#17151,1.);
#17151 = DIRECTION('',(-0.880471099922,0.474099823035));
#17152 = ( GEOMETRIC_REPRESENTATION_CONTEXT(2) 
PARAMETRIC_REPRESENTATION_CONTEXT() REPRESENTATION_CONTEXT('2D SPACE',''
  ) );
#17153 = ADVANCED_FACE('',(#17154),#16609,.T.);
#17154 = FACE_BOUND('',#17155,.T.);
#17155 = EDGE_LOOP('',(#17156,#17157,#17178,#17179));
#17156 = ORIENTED_EDGE('',*,*,#17110,.T.);
#17157 = ORIENTED_EDGE('',*,*,#17158,.T.);
#17158 = EDGE_CURVE('',#17088,#16589,#17159,.T.);
#17159 = SURFACE_CURVE('',#17160,(#17164,#17171),.PCURVE_S1.);
#17160 = LINE('',#17161,#17162);
#17161 = CARTESIAN_POINT('',(41.0400011,53.691541615175,0.4800001));
#17162 = VECTOR('',#17163,1.);
#17163 = DIRECTION('',(0.474099823035,0.880471099922,0.));
#17164 = PCURVE('',#16609,#17165);
#17165 = DEFINITIONAL_REPRESENTATION('',(#17166),#17170);
#17166 = LINE('',#17167,#17168);
#17167 = CARTESIAN_POINT('',(0.,-0.48));
#17168 = VECTOR('',#17169,1.);
#17169 = DIRECTION('',(1.,0.));
#17170 = ( GEOMETRIC_REPRESENTATION_CONTEXT(2) 
PARAMETRIC_REPRESENTATION_CONTEXT() REPRESENTATION_CONTEXT('2D SPACE',''
  ) );
#17171 = PCURVE('',#16637,#17172);
#17172 = DEFINITIONAL_REPRESENTATION('',(#17173),#17177);
#17173 = LINE('',#17174,#17175);
#17174 = CARTESIAN_POINT('',(0.56,0.56));
#17175 = VECTOR('',#17176,1.);
#17176 = DIRECTION('',(-0.474099823035,0.880471099922));
#17177 = ( GEOMETRIC_REPRESENTATION_CONTEXT(2) 
PARAMETRIC_REPRESENTATION_CONTEXT() REPRESENTATION_CONTEXT('2D SPACE',''
  ) );
#17178 = ORIENTED_EDGE('',*,*,#16586,.F.);
#17179 = ORIENTED_EDGE('',*,*,#17180,.F.);
#17180 = EDGE_CURVE('',#17111,#16587,#17181,.T.);
#17181 = SURFACE_CURVE('',#17182,(#17186,#17193),.PCURVE_S1.);
#17182 = LINE('',#17183,#17184);
#17183 = CARTESIAN_POINT('',(41.0400011,53.691541615175,
    1.000000073859E-07));
#17184 = VECTOR('',#17185,1.);
#17185 = DIRECTION('',(0.474099823035,0.880471099922,0.));
#17186 = PCURVE('',#16609,#17187);
#17187 = DEFINITIONAL_REPRESENTATION('',(#17188),#17192);
#17188 = LINE('',#17189,#17190);
#17189 = CARTESIAN_POINT('',(0.,0.));
#17190 = VECTOR('',#17191,1.);
#17191 = DIRECTION('',(1.,0.));
#17192 = ( GEOMETRIC_REPRESENTATION_CONTEXT(2) 
PARAMETRIC_REPRESENTATION_CONTEXT() REPRESENTATION_CONTEXT('2D SPACE',''
  ) );
#17193 = PCURVE('',#16691,#17194);
#17194 = DEFINITIONAL_REPRESENTATION('',(#17195),#17199);
#17195 = LINE('',#17196,#17197);
#17196 = CARTESIAN_POINT('',(0.56,0.56));
#17197 = VECTOR('',#17198,1.);
#17198 = DIRECTION('',(-0.474099823035,0.880471099922));
#17199 = ( GEOMETRIC_REPRESENTATION_CONTEXT(2) 
PARAMETRIC_REPRESENTATION_CONTEXT() REPRESENTATION_CONTEXT('2D SPACE',''
  ) );
#17200 = ADVANCED_FACE('',(#17201),#16691,.T.);
#17201 = FACE_BOUND('',#17202,.T.);
#17202 = EDGE_LOOP('',(#17203,#17204,#17205,#17206,#17207,#17208,#17209,
    #17210));
#17203 = ORIENTED_EDGE('',*,*,#16677,.T.);
#17204 = ORIENTED_EDGE('',*,*,#16758,.T.);
#17205 = ORIENTED_EDGE('',*,*,#16834,.T.);
#17206 = ORIENTED_EDGE('',*,*,#16910,.T.);
#17207 = ORIENTED_EDGE('',*,*,#16986,.T.);
#17208 = ORIENTED_EDGE('',*,*,#17062,.T.);
#17209 = ORIENTED_EDGE('',*,*,#17133,.T.);
#17210 = ORIENTED_EDGE('',*,*,#17180,.T.);
#17211 = ADVANCED_FACE('',(#17212),#16637,.F.);
#17212 = FACE_BOUND('',#17213,.F.);
#17213 = EDGE_LOOP('',(#17214,#17215,#17216,#17217,#17218,#17219,#17220,
    #17221));
#17214 = ORIENTED_EDGE('',*,*,#16621,.T.);
#17215 = ORIENTED_EDGE('',*,*,#16707,.T.);
#17216 = ORIENTED_EDGE('',*,*,#16783,.T.);
#17217 = ORIENTED_EDGE('',*,*,#16859,.T.);
#17218 = ORIENTED_EDGE('',*,*,#16935,.T.);
#17219 = ORIENTED_EDGE('',*,*,#17011,.T.);
#17220 = ORIENTED_EDGE('',*,*,#17087,.T.);
#17221 = ORIENTED_EDGE('',*,*,#17158,.T.);
#17222 = ( GEOMETRIC_REPRESENTATION_CONTEXT(3) 
GLOBAL_UNCERTAINTY_ASSIGNED_CONTEXT((#17226)) 
GLOBAL_UNIT_ASSIGNED_CONTEXT((#17223,#17224,#17225)) 
REPRESENTATION_CONTEXT('Context #1',
  '3D Context with UNIT and UNCERTAINTY') );
#17223 = ( LENGTH_UNIT() NAMED_UNIT(*) SI_UNIT(.MILLI.,.METRE.) );
#17224 = ( NAMED_UNIT(*) PLANE_ANGLE_UNIT() SI_UNIT($,.RADIAN.) );
#17225 = ( NAMED_UNIT(*) SI_UNIT($,.STERADIAN.) SOLID_ANGLE_UNIT() );
#17226 = UNCERTAINTY_MEASURE_WITH_UNIT(LENGTH_MEASURE(1.E-07),#17223,
  'distance_accuracy_value','confusion accuracy');
#17227 = CONTEXT_DEPENDENT_SHAPE_REPRESENTATION(#17228,#17230);
#17228 = ( REPRESENTATION_RELATIONSHIP('','',#16579,#10) 
REPRESENTATION_RELATIONSHIP_WITH_TRANSFORMATION(#17229) 
SHAPE_REPRESENTATION_RELATIONSHIP() );
#17229 = ITEM_DEFINED_TRANSFORMATION('','',#11,#115);
#17230 = PRODUCT_DEFINITION_SHAPE('Placement','Placement of an item',
  #17231);
#17231 = NEXT_ASSEMBLY_USAGE_OCCURRENCE('276','','',#5,#16574,$);
#17232 = PRODUCT_RELATED_PRODUCT_CATEGORY('part',$,(#16576));
#17233 = SHAPE_DEFINITION_REPRESENTATION(#17234,#17240);
#17234 = PRODUCT_DEFINITION_SHAPE('','',#17235);
#17235 = PRODUCT_DEFINITION('design','',#17236,#17239);
#17236 = PRODUCT_DEFINITION_FORMATION('','',#17237);
#17237 = PRODUCT('Open CASCADE STEP translator 7.8 2.27',
  'Open CASCADE STEP translator 7.8 2.27','',(#17238));
#17238 = PRODUCT_CONTEXT('',#2,'mechanical');
#17239 = PRODUCT_DEFINITION_CONTEXT('part definition',#2,'design');
#17240 = ADVANCED_BREP_SHAPE_REPRESENTATION('',(#11,#17241),#17883);
#17241 = MANIFOLD_SOLID_BREP('',#17242);
#17242 = CLOSED_SHELL('',(#17243,#17363,#17439,#17515,#17591,#17667,
    #17743,#17814,#17861,#17872));
#17243 = ADVANCED_FACE('',(#17244),#17258,.T.);
#17244 = FACE_BOUND('',#17245,.T.);
#17245 = EDGE_LOOP('',(#17246,#17281,#17309,#17337));
#17246 = ORIENTED_EDGE('',*,*,#17247,.T.);
#17247 = EDGE_CURVE('',#17248,#17250,#17252,.T.);
#17248 = VERTEX_POINT('',#17249);
#17249 = CARTESIAN_POINT('',(48.7000013,54.531541615175,
    1.000000073859E-07));
#17250 = VERTEX_POINT('',#17251);
#17251 = CARTESIAN_POINT('',(48.7000013,54.531541615175,0.4800001));
#17252 = SURFACE_CURVE('',#17253,(#17257,#17269),.PCURVE_S1.);
#17253 = LINE('',#17254,#17255);
#17254 = CARTESIAN_POINT('',(48.7000013,54.531541615175,
    1.000000073859E-07));
#17255 = VECTOR('',#17256,1.);
#17256 = DIRECTION('',(0.,0.,1.));
#17257 = PCURVE('',#17258,#17263);
#17258 = PLANE('',#17259);
#17259 = AXIS2_PLACEMENT_3D('',#17260,#17261,#17262);
#17260 = CARTESIAN_POINT('',(48.7000013,54.531541615175,
    1.000000073859E-07));
#17261 = DIRECTION('',(0.880471099922,0.474099823035,-0.));
#17262 = DIRECTION('',(0.474099823035,-0.880471099922,0.));
#17263 = DEFINITIONAL_REPRESENTATION('',(#17264),#17268);
#17264 = LINE('',#17265,#17266);
#17265 = CARTESIAN_POINT('',(0.,0.));
#17266 = VECTOR('',#17267,1.);
#17267 = DIRECTION('',(0.,-1.));
#17268 = ( GEOMETRIC_REPRESENTATION_CONTEXT(2) 
PARAMETRIC_REPRESENTATION_CONTEXT() REPRESENTATION_CONTEXT('2D SPACE',''
  ) );
#17269 = PCURVE('',#17270,#17275);
#17270 = PLANE('',#17271);
#17271 = AXIS2_PLACEMENT_3D('',#17272,#17273,#17274);
#17272 = CARTESIAN_POINT('',(48.1750013,53.556541615175,
    1.000000073859E-07));
#17273 = DIRECTION('',(-0.880471099922,0.474099823035,0.));
#17274 = DIRECTION('',(0.474099823035,0.880471099922,0.));
#17275 = DEFINITIONAL_REPRESENTATION('',(#17276),#17280);
#17276 = LINE('',#17277,#17278);
#17277 = CARTESIAN_POINT('',(1.107361729518,0.));
#17278 = VECTOR('',#17279,1.);
#17279 = DIRECTION('',(0.,-1.));
#17280 = ( GEOMETRIC_REPRESENTATION_CONTEXT(2) 
PARAMETRIC_REPRESENTATION_CONTEXT() REPRESENTATION_CONTEXT('2D SPACE',''
  ) );
#17281 = ORIENTED_EDGE('',*,*,#17282,.T.);
#17282 = EDGE_CURVE('',#17250,#17283,#17285,.T.);
#17283 = VERTEX_POINT('',#17284);
#17284 = CARTESIAN_POINT('',(49.2250013,53.556541615175,0.4800001));
#17285 = SURFACE_CURVE('',#17286,(#17290,#17297),.PCURVE_S1.);
#17286 = LINE('',#17287,#17288);
#17287 = CARTESIAN_POINT('',(48.7000013,54.531541615175,0.4800001));
#17288 = VECTOR('',#17289,1.);
#17289 = DIRECTION('',(0.474099823035,-0.880471099922,0.));
#17290 = PCURVE('',#17258,#17291);
#17291 = DEFINITIONAL_REPRESENTATION('',(#17292),#17296);
#17292 = LINE('',#17293,#17294);
#17293 = CARTESIAN_POINT('',(0.,-0.48));
#17294 = VECTOR('',#17295,1.);
#17295 = DIRECTION('',(1.,0.));
#17296 = ( GEOMETRIC_REPRESENTATION_CONTEXT(2) 
PARAMETRIC_REPRESENTATION_CONTEXT() REPRESENTATION_CONTEXT('2D SPACE',''
  ) );
#17297 = PCURVE('',#17298,#17303);
#17298 = PLANE('',#17299);
#17299 = AXIS2_PLACEMENT_3D('',#17300,#17301,#17302);
#17300 = CARTESIAN_POINT('',(48.7000013,53.031541615175,0.4800001));
#17301 = DIRECTION('',(-0.,-0.,-1.));
#17302 = DIRECTION('',(-1.,0.,0.));
#17303 = DEFINITIONAL_REPRESENTATION('',(#17304),#17308);
#17304 = LINE('',#17305,#17306);
#17305 = CARTESIAN_POINT('',(0.,1.5));
#17306 = VECTOR('',#17307,1.);
#17307 = DIRECTION('',(-0.474099823035,-0.880471099922));
#17308 = ( GEOMETRIC_REPRESENTATION_CONTEXT(2) 
PARAMETRIC_REPRESENTATION_CONTEXT() REPRESENTATION_CONTEXT('2D SPACE',''
  ) );
#17309 = ORIENTED_EDGE('',*,*,#17310,.F.);
#17310 = EDGE_CURVE('',#17311,#17283,#17313,.T.);
#17311 = VERTEX_POINT('',#17312);
#17312 = CARTESIAN_POINT('',(49.2250013,53.556541615175,
    1.000000073859E-07));
#17313 = SURFACE_CURVE('',#17314,(#17318,#17325),.PCURVE_S1.);
#17314 = LINE('',#17315,#17316);
#17315 = CARTESIAN_POINT('',(49.2250013,53.556541615175,
    1.000000073859E-07));
#17316 = VECTOR('',#17317,1.);
#17317 = DIRECTION('',(0.,0.,1.));
#17318 = PCURVE('',#17258,#17319);
#17319 = DEFINITIONAL_REPRESENTATION('',(#17320),#17324);
#17320 = LINE('',#17321,#17322);
#17321 = CARTESIAN_POINT('',(1.107361729518,0.));
#17322 = VECTOR('',#17323,1.);
#17323 = DIRECTION('',(0.,-1.));
#17324 = ( GEOMETRIC_REPRESENTATION_CONTEXT(2) 
PARAMETRIC_REPRESENTATION_CONTEXT() REPRESENTATION_CONTEXT('2D SPACE',''
  ) );
#17325 = PCURVE('',#17326,#17331);
#17326 = PLANE('',#17327);
#17327 = AXIS2_PLACEMENT_3D('',#17328,#17329,#17330);
#17328 = CARTESIAN_POINT('',(49.2250013,53.556541615175,
    1.000000073859E-07));
#17329 = DIRECTION('',(0.474099823035,0.880471099922,-0.));
#17330 = DIRECTION('',(0.880471099922,-0.474099823035,0.));
#17331 = DEFINITIONAL_REPRESENTATION('',(#17332),#17336);
#17332 = LINE('',#17333,#17334);
#17333 = CARTESIAN_POINT('',(0.,0.));
#17334 = VECTOR('',#17335,1.);
#17335 = DIRECTION('',(0.,-1.));
#17336 = ( GEOMETRIC_REPRESENTATION_CONTEXT(2) 
PARAMETRIC_REPRESENTATION_CONTEXT() REPRESENTATION_CONTEXT('2D SPACE',''
  ) );
#17337 = ORIENTED_EDGE('',*,*,#17338,.F.);
#17338 = EDGE_CURVE('',#17248,#17311,#17339,.T.);
#17339 = SURFACE_CURVE('',#17340,(#17344,#17351),.PCURVE_S1.);
#17340 = LINE('',#17341,#17342);
#17341 = CARTESIAN_POINT('',(48.7000013,54.531541615175,
    1.000000073859E-07));
#17342 = VECTOR('',#17343,1.);
#17343 = DIRECTION('',(0.474099823035,-0.880471099922,0.));
#17344 = PCURVE('',#17258,#17345);
#17345 = DEFINITIONAL_REPRESENTATION('',(#17346),#17350);
#17346 = LINE('',#17347,#17348);
#17347 = CARTESIAN_POINT('',(0.,0.));
#17348 = VECTOR('',#17349,1.);
#17349 = DIRECTION('',(1.,0.));
#17350 = ( GEOMETRIC_REPRESENTATION_CONTEXT(2) 
PARAMETRIC_REPRESENTATION_CONTEXT() REPRESENTATION_CONTEXT('2D SPACE',''
  ) );
#17351 = PCURVE('',#17352,#17357);
#17352 = PLANE('',#17353);
#17353 = AXIS2_PLACEMENT_3D('',#17354,#17355,#17356);
#17354 = CARTESIAN_POINT('',(48.7000013,53.031541615175,
    1.000000073859E-07));
#17355 = DIRECTION('',(-0.,-0.,-1.));
#17356 = DIRECTION('',(-1.,0.,0.));
#17357 = DEFINITIONAL_REPRESENTATION('',(#17358),#17362);
#17358 = LINE('',#17359,#17360);
#17359 = CARTESIAN_POINT('',(0.,1.5));
#17360 = VECTOR('',#17361,1.);
#17361 = DIRECTION('',(-0.474099823035,-0.880471099922));
#17362 = ( GEOMETRIC_REPRESENTATION_CONTEXT(2) 
PARAMETRIC_REPRESENTATION_CONTEXT() REPRESENTATION_CONTEXT('2D SPACE',''
  ) );
#17363 = ADVANCED_FACE('',(#17364),#17326,.T.);
#17364 = FACE_BOUND('',#17365,.T.);
#17365 = EDGE_LOOP('',(#17366,#17367,#17390,#17418));
#17366 = ORIENTED_EDGE('',*,*,#17310,.T.);
#17367 = ORIENTED_EDGE('',*,*,#17368,.T.);
#17368 = EDGE_CURVE('',#17283,#17369,#17371,.T.);
#17369 = VERTEX_POINT('',#17370);
#17370 = CARTESIAN_POINT('',(50.2000013,53.031541615175,0.4800001));
#17371 = SURFACE_CURVE('',#17372,(#17376,#17383),.PCURVE_S1.);
#17372 = LINE('',#17373,#17374);
#17373 = CARTESIAN_POINT('',(49.2250013,53.556541615175,0.4800001));
#17374 = VECTOR('',#17375,1.);
#17375 = DIRECTION('',(0.880471099922,-0.474099823035,0.));
#17376 = PCURVE('',#17326,#17377);
#17377 = DEFINITIONAL_REPRESENTATION('',(#17378),#17382);
#17378 = LINE('',#17379,#17380);
#17379 = CARTESIAN_POINT('',(0.,-0.48));
#17380 = VECTOR('',#17381,1.);
#17381 = DIRECTION('',(1.,0.));
#17382 = ( GEOMETRIC_REPRESENTATION_CONTEXT(2) 
PARAMETRIC_REPRESENTATION_CONTEXT() REPRESENTATION_CONTEXT('2D SPACE',''
  ) );
#17383 = PCURVE('',#17298,#17384);
#17384 = DEFINITIONAL_REPRESENTATION('',(#17385),#17389);
#17385 = LINE('',#17386,#17387);
#17386 = CARTESIAN_POINT('',(-0.525,0.525));
#17387 = VECTOR('',#17388,1.);
#17388 = DIRECTION('',(-0.880471099922,-0.474099823035));
#17389 = ( GEOMETRIC_REPRESENTATION_CONTEXT(2) 
PARAMETRIC_REPRESENTATION_CONTEXT() REPRESENTATION_CONTEXT('2D SPACE',''
  ) );
#17390 = ORIENTED_EDGE('',*,*,#17391,.F.);
#17391 = EDGE_CURVE('',#17392,#17369,#17394,.T.);
#17392 = VERTEX_POINT('',#17393);
#17393 = CARTESIAN_POINT('',(50.2000013,53.031541615175,
    1.000000073859E-07));
#17394 = SURFACE_CURVE('',#17395,(#17399,#17406),.PCURVE_S1.);
#17395 = LINE('',#17396,#17397);
#17396 = CARTESIAN_POINT('',(50.2000013,53.031541615175,
    1.000000073859E-07));
#17397 = VECTOR('',#17398,1.);
#17398 = DIRECTION('',(0.,0.,1.));
#17399 = PCURVE('',#17326,#17400);
#17400 = DEFINITIONAL_REPRESENTATION('',(#17401),#17405);
#17401 = LINE('',#17402,#17403);
#17402 = CARTESIAN_POINT('',(1.107361729518,0.));
#17403 = VECTOR('',#17404,1.);
#17404 = DIRECTION('',(0.,-1.));
#17405 = ( GEOMETRIC_REPRESENTATION_CONTEXT(2) 
PARAMETRIC_REPRESENTATION_CONTEXT() REPRESENTATION_CONTEXT('2D SPACE',''
  ) );
#17406 = PCURVE('',#17407,#17412);
#17407 = PLANE('',#17408);
#17408 = AXIS2_PLACEMENT_3D('',#17409,#17410,#17411);
#17409 = CARTESIAN_POINT('',(50.2000013,53.031541615175,
    1.000000073859E-07));
#17410 = DIRECTION('',(0.474099823035,-0.880471099922,0.));
#17411 = DIRECTION('',(-0.880471099922,-0.474099823035,0.));
#17412 = DEFINITIONAL_REPRESENTATION('',(#17413),#17417);
#17413 = LINE('',#17414,#17415);
#17414 = CARTESIAN_POINT('',(0.,0.));
#17415 = VECTOR('',#17416,1.);
#17416 = DIRECTION('',(0.,-1.));
#17417 = ( GEOMETRIC_REPRESENTATION_CONTEXT(2) 
PARAMETRIC_REPRESENTATION_CONTEXT() REPRESENTATION_CONTEXT('2D SPACE',''
  ) );
#17418 = ORIENTED_EDGE('',*,*,#17419,.F.);
#17419 = EDGE_CURVE('',#17311,#17392,#17420,.T.);
#17420 = SURFACE_CURVE('',#17421,(#17425,#17432),.PCURVE_S1.);
#17421 = LINE('',#17422,#17423);
#17422 = CARTESIAN_POINT('',(49.2250013,53.556541615175,
    1.000000073859E-07));
#17423 = VECTOR('',#17424,1.);
#17424 = DIRECTION('',(0.880471099922,-0.474099823035,0.));
#17425 = PCURVE('',#17326,#17426);
#17426 = DEFINITIONAL_REPRESENTATION('',(#17427),#17431);
#17427 = LINE('',#17428,#17429);
#17428 = CARTESIAN_POINT('',(0.,0.));
#17429 = VECTOR('',#17430,1.);
#17430 = DIRECTION('',(1.,0.));
#17431 = ( GEOMETRIC_REPRESENTATION_CONTEXT(2) 
PARAMETRIC_REPRESENTATION_CONTEXT() REPRESENTATION_CONTEXT('2D SPACE',''
  ) );
#17432 = PCURVE('',#17352,#17433);
#17433 = DEFINITIONAL_REPRESENTATION('',(#17434),#17438);
#17434 = LINE('',#17435,#17436);
#17435 = CARTESIAN_POINT('',(-0.525,0.525));
#17436 = VECTOR('',#17437,1.);
#17437 = DIRECTION('',(-0.880471099922,-0.474099823035));
#17438 = ( GEOMETRIC_REPRESENTATION_CONTEXT(2) 
PARAMETRIC_REPRESENTATION_CONTEXT() REPRESENTATION_CONTEXT('2D SPACE',''
  ) );
#17439 = ADVANCED_FACE('',(#17440),#17407,.T.);
#17440 = FACE_BOUND('',#17441,.T.);
#17441 = EDGE_LOOP('',(#17442,#17443,#17466,#17494));
#17442 = ORIENTED_EDGE('',*,*,#17391,.T.);
#17443 = ORIENTED_EDGE('',*,*,#17444,.T.);
#17444 = EDGE_CURVE('',#17369,#17445,#17447,.T.);
#17445 = VERTEX_POINT('',#17446);
#17446 = CARTESIAN_POINT('',(49.2250013,52.506541615175,0.4800001));
#17447 = SURFACE_CURVE('',#17448,(#17452,#17459),.PCURVE_S1.);
#17448 = LINE('',#17449,#17450);
#17449 = CARTESIAN_POINT('',(50.2000013,53.031541615175,0.4800001));
#17450 = VECTOR('',#17451,1.);
#17451 = DIRECTION('',(-0.880471099922,-0.474099823035,0.));
#17452 = PCURVE('',#17407,#17453);
#17453 = DEFINITIONAL_REPRESENTATION('',(#17454),#17458);
#17454 = LINE('',#17455,#17456);
#17455 = CARTESIAN_POINT('',(0.,-0.48));
#17456 = VECTOR('',#17457,1.);
#17457 = DIRECTION('',(1.,0.));
#17458 = ( GEOMETRIC_REPRESENTATION_CONTEXT(2) 
PARAMETRIC_REPRESENTATION_CONTEXT() REPRESENTATION_CONTEXT('2D SPACE',''
  ) );
#17459 = PCURVE('',#17298,#17460);
#17460 = DEFINITIONAL_REPRESENTATION('',(#17461),#17465);
#17461 = LINE('',#17462,#17463);
#17462 = CARTESIAN_POINT('',(-1.5,0.));
#17463 = VECTOR('',#17464,1.);
#17464 = DIRECTION('',(0.880471099922,-0.474099823035));
#17465 = ( GEOMETRIC_REPRESENTATION_CONTEXT(2) 
PARAMETRIC_REPRESENTATION_CONTEXT() REPRESENTATION_CONTEXT('2D SPACE',''
  ) );
#17466 = ORIENTED_EDGE('',*,*,#17467,.F.);
#17467 = EDGE_CURVE('',#17468,#17445,#17470,.T.);
#17468 = VERTEX_POINT('',#17469);
#17469 = CARTESIAN_POINT('',(49.2250013,52.506541615175,
    1.000000073859E-07));
#17470 = SURFACE_CURVE('',#17471,(#17475,#17482),.PCURVE_S1.);
#17471 = LINE('',#17472,#17473);
#17472 = CARTESIAN_POINT('',(49.2250013,52.506541615175,
    1.000000073859E-07));
#17473 = VECTOR('',#17474,1.);
#17474 = DIRECTION('',(0.,0.,1.));
#17475 = PCURVE('',#17407,#17476);
#17476 = DEFINITIONAL_REPRESENTATION('',(#17477),#17481);
#17477 = LINE('',#17478,#17479);
#17478 = CARTESIAN_POINT('',(1.107361729518,0.));
#17479 = VECTOR('',#17480,1.);
#17480 = DIRECTION('',(0.,-1.));
#17481 = ( GEOMETRIC_REPRESENTATION_CONTEXT(2) 
PARAMETRIC_REPRESENTATION_CONTEXT() REPRESENTATION_CONTEXT('2D SPACE',''
  ) );
#17482 = PCURVE('',#17483,#17488);
#17483 = PLANE('',#17484);
#17484 = AXIS2_PLACEMENT_3D('',#17485,#17486,#17487);
#17485 = CARTESIAN_POINT('',(49.2250013,52.506541615175,
    1.000000073859E-07));
#17486 = DIRECTION('',(0.880471099922,-0.474099823035,0.));
#17487 = DIRECTION('',(-0.474099823035,-0.880471099922,0.));
#17488 = DEFINITIONAL_REPRESENTATION('',(#17489),#17493);
#17489 = LINE('',#17490,#17491);
#17490 = CARTESIAN_POINT('',(0.,0.));
#17491 = VECTOR('',#17492,1.);
#17492 = DIRECTION('',(0.,-1.));
#17493 = ( GEOMETRIC_REPRESENTATION_CONTEXT(2) 
PARAMETRIC_REPRESENTATION_CONTEXT() REPRESENTATION_CONTEXT('2D SPACE',''
  ) );
#17494 = ORIENTED_EDGE('',*,*,#17495,.F.);
#17495 = EDGE_CURVE('',#17392,#17468,#17496,.T.);
#17496 = SURFACE_CURVE('',#17497,(#17501,#17508),.PCURVE_S1.);
#17497 = LINE('',#17498,#17499);
#17498 = CARTESIAN_POINT('',(50.2000013,53.031541615175,
    1.000000073859E-07));
#17499 = VECTOR('',#17500,1.);
#17500 = DIRECTION('',(-0.880471099922,-0.474099823035,0.));
#17501 = PCURVE('',#17407,#17502);
#17502 = DEFINITIONAL_REPRESENTATION('',(#17503),#17507);
#17503 = LINE('',#17504,#17505);
#17504 = CARTESIAN_POINT('',(0.,0.));
#17505 = VECTOR('',#17506,1.);
#17506 = DIRECTION('',(1.,0.));
#17507 = ( GEOMETRIC_REPRESENTATION_CONTEXT(2) 
PARAMETRIC_REPRESENTATION_CONTEXT() REPRESENTATION_CONTEXT('2D SPACE',''
  ) );
#17508 = PCURVE('',#17352,#17509);
#17509 = DEFINITIONAL_REPRESENTATION('',(#17510),#17514);
#17510 = LINE('',#17511,#17512);
#17511 = CARTESIAN_POINT('',(-1.5,0.));
#17512 = VECTOR('',#17513,1.);
#17513 = DIRECTION('',(0.880471099922,-0.474099823035));
#17514 = ( GEOMETRIC_REPRESENTATION_CONTEXT(2) 
PARAMETRIC_REPRESENTATION_CONTEXT() REPRESENTATION_CONTEXT('2D SPACE',''
  ) );
#17515 = ADVANCED_FACE('',(#17516),#17483,.T.);
#17516 = FACE_BOUND('',#17517,.T.);
#17517 = EDGE_LOOP('',(#17518,#17519,#17542,#17570));
#17518 = ORIENTED_EDGE('',*,*,#17467,.T.);
#17519 = ORIENTED_EDGE('',*,*,#17520,.T.);
#17520 = EDGE_CURVE('',#17445,#17521,#17523,.T.);
#17521 = VERTEX_POINT('',#17522);
#17522 = CARTESIAN_POINT('',(48.7000013,51.531541615175,0.4800001));
#17523 = SURFACE_CURVE('',#17524,(#17528,#17535),.PCURVE_S1.);
#17524 = LINE('',#17525,#17526);
#17525 = CARTESIAN_POINT('',(49.2250013,52.506541615175,0.4800001));
#17526 = VECTOR('',#17527,1.);
#17527 = DIRECTION('',(-0.474099823035,-0.880471099922,0.));
#17528 = PCURVE('',#17483,#17529);
#17529 = DEFINITIONAL_REPRESENTATION('',(#17530),#17534);
#17530 = LINE('',#17531,#17532);
#17531 = CARTESIAN_POINT('',(0.,-0.48));
#17532 = VECTOR('',#17533,1.);
#17533 = DIRECTION('',(1.,0.));
#17534 = ( GEOMETRIC_REPRESENTATION_CONTEXT(2) 
PARAMETRIC_REPRESENTATION_CONTEXT() REPRESENTATION_CONTEXT('2D SPACE',''
  ) );
#17535 = PCURVE('',#17298,#17536);
#17536 = DEFINITIONAL_REPRESENTATION('',(#17537),#17541);
#17537 = LINE('',#17538,#17539);
#17538 = CARTESIAN_POINT('',(-0.525,-0.525));
#17539 = VECTOR('',#17540,1.);
#17540 = DIRECTION('',(0.474099823035,-0.880471099922));
#17541 = ( GEOMETRIC_REPRESENTATION_CONTEXT(2) 
PARAMETRIC_REPRESENTATION_CONTEXT() REPRESENTATION_CONTEXT('2D SPACE',''
  ) );
#17542 = ORIENTED_EDGE('',*,*,#17543,.F.);
#17543 = EDGE_CURVE('',#17544,#17521,#17546,.T.);
#17544 = VERTEX_POINT('',#17545);
#17545 = CARTESIAN_POINT('',(48.7000013,51.531541615175,
    1.000000073859E-07));
#17546 = SURFACE_CURVE('',#17547,(#17551,#17558),.PCURVE_S1.);
#17547 = LINE('',#17548,#17549);
#17548 = CARTESIAN_POINT('',(48.7000013,51.531541615175,
    1.000000073859E-07));
#17549 = VECTOR('',#17550,1.);
#17550 = DIRECTION('',(0.,0.,1.));
#17551 = PCURVE('',#17483,#17552);
#17552 = DEFINITIONAL_REPRESENTATION('',(#17553),#17557);
#17553 = LINE('',#17554,#17555);
#17554 = CARTESIAN_POINT('',(1.107361729518,0.));
#17555 = VECTOR('',#17556,1.);
#17556 = DIRECTION('',(0.,-1.));
#17557 = ( GEOMETRIC_REPRESENTATION_CONTEXT(2) 
PARAMETRIC_REPRESENTATION_CONTEXT() REPRESENTATION_CONTEXT('2D SPACE',''
  ) );
#17558 = PCURVE('',#17559,#17564);
#17559 = PLANE('',#17560);
#17560 = AXIS2_PLACEMENT_3D('',#17561,#17562,#17563);
#17561 = CARTESIAN_POINT('',(48.7000013,51.531541615175,
    1.000000073859E-07));
#17562 = DIRECTION('',(-0.880471099922,-0.474099823035,0.));
#17563 = DIRECTION('',(-0.474099823035,0.880471099922,0.));
#17564 = DEFINITIONAL_REPRESENTATION('',(#17565),#17569);
#17565 = LINE('',#17566,#17567);
#17566 = CARTESIAN_POINT('',(0.,0.));
#17567 = VECTOR('',#17568,1.);
#17568 = DIRECTION('',(0.,-1.));
#17569 = ( GEOMETRIC_REPRESENTATION_CONTEXT(2) 
PARAMETRIC_REPRESENTATION_CONTEXT() REPRESENTATION_CONTEXT('2D SPACE',''
  ) );
#17570 = ORIENTED_EDGE('',*,*,#17571,.F.);
#17571 = EDGE_CURVE('',#17468,#17544,#17572,.T.);
#17572 = SURFACE_CURVE('',#17573,(#17577,#17584),.PCURVE_S1.);
#17573 = LINE('',#17574,#17575);
#17574 = CARTESIAN_POINT('',(49.2250013,52.506541615175,
    1.000000073859E-07));
#17575 = VECTOR('',#17576,1.);
#17576 = DIRECTION('',(-0.474099823035,-0.880471099922,0.));
#17577 = PCURVE('',#17483,#17578);
#17578 = DEFINITIONAL_REPRESENTATION('',(#17579),#17583);
#17579 = LINE('',#17580,#17581);
#17580 = CARTESIAN_POINT('',(0.,0.));
#17581 = VECTOR('',#17582,1.);
#17582 = DIRECTION('',(1.,0.));
#17583 = ( GEOMETRIC_REPRESENTATION_CONTEXT(2) 
PARAMETRIC_REPRESENTATION_CONTEXT() REPRESENTATION_CONTEXT('2D SPACE',''
  ) );
#17584 = PCURVE('',#17352,#17585);
#17585 = DEFINITIONAL_REPRESENTATION('',(#17586),#17590);
#17586 = LINE('',#17587,#17588);
#17587 = CARTESIAN_POINT('',(-0.525,-0.525));
#17588 = VECTOR('',#17589,1.);
#17589 = DIRECTION('',(0.474099823035,-0.880471099922));
#17590 = ( GEOMETRIC_REPRESENTATION_CONTEXT(2) 
PARAMETRIC_REPRESENTATION_CONTEXT() REPRESENTATION_CONTEXT('2D SPACE',''
  ) );
#17591 = ADVANCED_FACE('',(#17592),#17559,.T.);
#17592 = FACE_BOUND('',#17593,.T.);
#17593 = EDGE_LOOP('',(#17594,#17595,#17618,#17646));
#17594 = ORIENTED_EDGE('',*,*,#17543,.T.);
#17595 = ORIENTED_EDGE('',*,*,#17596,.T.);
#17596 = EDGE_CURVE('',#17521,#17597,#17599,.T.);
#17597 = VERTEX_POINT('',#17598);
#17598 = CARTESIAN_POINT('',(48.1750013,52.506541615175,0.4800001));
#17599 = SURFACE_CURVE('',#17600,(#17604,#17611),.PCURVE_S1.);
#17600 = LINE('',#17601,#17602);
#17601 = CARTESIAN_POINT('',(48.7000013,51.531541615175,0.4800001));
#17602 = VECTOR('',#17603,1.);
#17603 = DIRECTION('',(-0.474099823035,0.880471099922,0.));
#17604 = PCURVE('',#17559,#17605);
#17605 = DEFINITIONAL_REPRESENTATION('',(#17606),#17610);
#17606 = LINE('',#17607,#17608);
#17607 = CARTESIAN_POINT('',(0.,-0.48));
#17608 = VECTOR('',#17609,1.);
#17609 = DIRECTION('',(1.,0.));
#17610 = ( GEOMETRIC_REPRESENTATION_CONTEXT(2) 
PARAMETRIC_REPRESENTATION_CONTEXT() REPRESENTATION_CONTEXT('2D SPACE',''
  ) );
#17611 = PCURVE('',#17298,#17612);
#17612 = DEFINITIONAL_REPRESENTATION('',(#17613),#17617);
#17613 = LINE('',#17614,#17615);
#17614 = CARTESIAN_POINT('',(0.,-1.5));
#17615 = VECTOR('',#17616,1.);
#17616 = DIRECTION('',(0.474099823035,0.880471099922));
#17617 = ( GEOMETRIC_REPRESENTATION_CONTEXT(2) 
PARAMETRIC_REPRESENTATION_CONTEXT() REPRESENTATION_CONTEXT('2D SPACE',''
  ) );
#17618 = ORIENTED_EDGE('',*,*,#17619,.F.);
#17619 = EDGE_CURVE('',#17620,#17597,#17622,.T.);
#17620 = VERTEX_POINT('',#17621);
#17621 = CARTESIAN_POINT('',(48.1750013,52.506541615175,
    1.000000073859E-07));
#17622 = SURFACE_CURVE('',#17623,(#17627,#17634),.PCURVE_S1.);
#17623 = LINE('',#17624,#17625);
#17624 = CARTESIAN_POINT('',(48.1750013,52.506541615175,
    1.000000073859E-07));
#17625 = VECTOR('',#17626,1.);
#17626 = DIRECTION('',(0.,0.,1.));
#17627 = PCURVE('',#17559,#17628);
#17628 = DEFINITIONAL_REPRESENTATION('',(#17629),#17633);
#17629 = LINE('',#17630,#17631);
#17630 = CARTESIAN_POINT('',(1.107361729518,0.));
#17631 = VECTOR('',#17632,1.);
#17632 = DIRECTION('',(0.,-1.));
#17633 = ( GEOMETRIC_REPRESENTATION_CONTEXT(2) 
PARAMETRIC_REPRESENTATION_CONTEXT() REPRESENTATION_CONTEXT('2D SPACE',''
  ) );
#17634 = PCURVE('',#17635,#17640);
#17635 = PLANE('',#17636);
#17636 = AXIS2_PLACEMENT_3D('',#17637,#17638,#17639);
#17637 = CARTESIAN_POINT('',(48.1750013,52.506541615175,
    1.000000073859E-07));
#17638 = DIRECTION('',(-0.474099823035,-0.880471099922,0.));
#17639 = DIRECTION('',(-0.880471099922,0.474099823035,0.));
#17640 = DEFINITIONAL_REPRESENTATION('',(#17641),#17645);
#17641 = LINE('',#17642,#17643);
#17642 = CARTESIAN_POINT('',(0.,0.));
#17643 = VECTOR('',#17644,1.);
#17644 = DIRECTION('',(0.,-1.));
#17645 = ( GEOMETRIC_REPRESENTATION_CONTEXT(2) 
PARAMETRIC_REPRESENTATION_CONTEXT() REPRESENTATION_CONTEXT('2D SPACE',''
  ) );
#17646 = ORIENTED_EDGE('',*,*,#17647,.F.);
#17647 = EDGE_CURVE('',#17544,#17620,#17648,.T.);
#17648 = SURFACE_CURVE('',#17649,(#17653,#17660),.PCURVE_S1.);
#17649 = LINE('',#17650,#17651);
#17650 = CARTESIAN_POINT('',(48.7000013,51.531541615175,
    1.000000073859E-07));
#17651 = VECTOR('',#17652,1.);
#17652 = DIRECTION('',(-0.474099823035,0.880471099922,0.));
#17653 = PCURVE('',#17559,#17654);
#17654 = DEFINITIONAL_REPRESENTATION('',(#17655),#17659);
#17655 = LINE('',#17656,#17657);
#17656 = CARTESIAN_POINT('',(0.,0.));
#17657 = VECTOR('',#17658,1.);
#17658 = DIRECTION('',(1.,0.));
#17659 = ( GEOMETRIC_REPRESENTATION_CONTEXT(2) 
PARAMETRIC_REPRESENTATION_CONTEXT() REPRESENTATION_CONTEXT('2D SPACE',''
  ) );
#17660 = PCURVE('',#17352,#17661);
#17661 = DEFINITIONAL_REPRESENTATION('',(#17662),#17666);
#17662 = LINE('',#17663,#17664);
#17663 = CARTESIAN_POINT('',(0.,-1.5));
#17664 = VECTOR('',#17665,1.);
#17665 = DIRECTION('',(0.474099823035,0.880471099922));
#17666 = ( GEOMETRIC_REPRESENTATION_CONTEXT(2) 
PARAMETRIC_REPRESENTATION_CONTEXT() REPRESENTATION_CONTEXT('2D SPACE',''
  ) );
#17667 = ADVANCED_FACE('',(#17668),#17635,.T.);
#17668 = FACE_BOUND('',#17669,.T.);
#17669 = EDGE_LOOP('',(#17670,#17671,#17694,#17722));
#17670 = ORIENTED_EDGE('',*,*,#17619,.T.);
#17671 = ORIENTED_EDGE('',*,*,#17672,.T.);
#17672 = EDGE_CURVE('',#17597,#17673,#17675,.T.);
#17673 = VERTEX_POINT('',#17674);
#17674 = CARTESIAN_POINT('',(47.2000013,53.031541615175,0.4800001));
#17675 = SURFACE_CURVE('',#17676,(#17680,#17687),.PCURVE_S1.);
#17676 = LINE('',#17677,#17678);
#17677 = CARTESIAN_POINT('',(48.1750013,52.506541615175,0.4800001));
#17678 = VECTOR('',#17679,1.);
#17679 = DIRECTION('',(-0.880471099922,0.474099823035,0.));
#17680 = PCURVE('',#17635,#17681);
#17681 = DEFINITIONAL_REPRESENTATION('',(#17682),#17686);
#17682 = LINE('',#17683,#17684);
#17683 = CARTESIAN_POINT('',(0.,-0.48));
#17684 = VECTOR('',#17685,1.);
#17685 = DIRECTION('',(1.,0.));
#17686 = ( GEOMETRIC_REPRESENTATION_CONTEXT(2) 
PARAMETRIC_REPRESENTATION_CONTEXT() REPRESENTATION_CONTEXT('2D SPACE',''
  ) );
#17687 = PCURVE('',#17298,#17688);
#17688 = DEFINITIONAL_REPRESENTATION('',(#17689),#17693);
#17689 = LINE('',#17690,#17691);
#17690 = CARTESIAN_POINT('',(0.525,-0.525));
#17691 = VECTOR('',#17692,1.);
#17692 = DIRECTION('',(0.880471099922,0.474099823035));
#17693 = ( GEOMETRIC_REPRESENTATION_CONTEXT(2) 
PARAMETRIC_REPRESENTATION_CONTEXT() REPRESENTATION_CONTEXT('2D SPACE',''
  ) );
#17694 = ORIENTED_EDGE('',*,*,#17695,.F.);
#17695 = EDGE_CURVE('',#17696,#17673,#17698,.T.);
#17696 = VERTEX_POINT('',#17697);
#17697 = CARTESIAN_POINT('',(47.2000013,53.031541615175,
    1.000000073859E-07));
#17698 = SURFACE_CURVE('',#17699,(#17703,#17710),.PCURVE_S1.);
#17699 = LINE('',#17700,#17701);
#17700 = CARTESIAN_POINT('',(47.2000013,53.031541615175,
    1.000000073859E-07));
#17701 = VECTOR('',#17702,1.);
#17702 = DIRECTION('',(0.,0.,1.));
#17703 = PCURVE('',#17635,#17704);
#17704 = DEFINITIONAL_REPRESENTATION('',(#17705),#17709);
#17705 = LINE('',#17706,#17707);
#17706 = CARTESIAN_POINT('',(1.107361729518,0.));
#17707 = VECTOR('',#17708,1.);
#17708 = DIRECTION('',(0.,-1.));
#17709 = ( GEOMETRIC_REPRESENTATION_CONTEXT(2) 
PARAMETRIC_REPRESENTATION_CONTEXT() REPRESENTATION_CONTEXT('2D SPACE',''
  ) );
#17710 = PCURVE('',#17711,#17716);
#17711 = PLANE('',#17712);
#17712 = AXIS2_PLACEMENT_3D('',#17713,#17714,#17715);
#17713 = CARTESIAN_POINT('',(47.2000013,53.031541615175,
    1.000000073859E-07));
#17714 = DIRECTION('',(-0.474099823035,0.880471099922,0.));
#17715 = DIRECTION('',(0.880471099922,0.474099823035,0.));
#17716 = DEFINITIONAL_REPRESENTATION('',(#17717),#17721);
#17717 = LINE('',#17718,#17719);
#17718 = CARTESIAN_POINT('',(0.,0.));
#17719 = VECTOR('',#17720,1.);
#17720 = DIRECTION('',(0.,-1.));
#17721 = ( GEOMETRIC_REPRESENTATION_CONTEXT(2) 
PARAMETRIC_REPRESENTATION_CONTEXT() REPRESENTATION_CONTEXT('2D SPACE',''
  ) );
#17722 = ORIENTED_EDGE('',*,*,#17723,.F.);
#17723 = EDGE_CURVE('',#17620,#17696,#17724,.T.);
#17724 = SURFACE_CURVE('',#17725,(#17729,#17736),.PCURVE_S1.);
#17725 = LINE('',#17726,#17727);
#17726 = CARTESIAN_POINT('',(48.1750013,52.506541615175,
    1.000000073859E-07));
#17727 = VECTOR('',#17728,1.);
#17728 = DIRECTION('',(-0.880471099922,0.474099823035,0.));
#17729 = PCURVE('',#17635,#17730);
#17730 = DEFINITIONAL_REPRESENTATION('',(#17731),#17735);
#17731 = LINE('',#17732,#17733);
#17732 = CARTESIAN_POINT('',(0.,0.));
#17733 = VECTOR('',#17734,1.);
#17734 = DIRECTION('',(1.,0.));
#17735 = ( GEOMETRIC_REPRESENTATION_CONTEXT(2) 
PARAMETRIC_REPRESENTATION_CONTEXT() REPRESENTATION_CONTEXT('2D SPACE',''
  ) );
#17736 = PCURVE('',#17352,#17737);
#17737 = DEFINITIONAL_REPRESENTATION('',(#17738),#17742);
#17738 = LINE('',#17739,#17740);
#17739 = CARTESIAN_POINT('',(0.525,-0.525));
#17740 = VECTOR('',#17741,1.);
#17741 = DIRECTION('',(0.880471099922,0.474099823035));
#17742 = ( GEOMETRIC_REPRESENTATION_CONTEXT(2) 
PARAMETRIC_REPRESENTATION_CONTEXT() REPRESENTATION_CONTEXT('2D SPACE',''
  ) );
#17743 = ADVANCED_FACE('',(#17744),#17711,.T.);
#17744 = FACE_BOUND('',#17745,.T.);
#17745 = EDGE_LOOP('',(#17746,#17747,#17770,#17793));
#17746 = ORIENTED_EDGE('',*,*,#17695,.T.);
#17747 = ORIENTED_EDGE('',*,*,#17748,.T.);
#17748 = EDGE_CURVE('',#17673,#17749,#17751,.T.);
#17749 = VERTEX_POINT('',#17750);
#17750 = CARTESIAN_POINT('',(48.1750013,53.556541615175,0.4800001));
#17751 = SURFACE_CURVE('',#17752,(#17756,#17763),.PCURVE_S1.);
#17752 = LINE('',#17753,#17754);
#17753 = CARTESIAN_POINT('',(47.2000013,53.031541615175,0.4800001));
#17754 = VECTOR('',#17755,1.);
#17755 = DIRECTION('',(0.880471099922,0.474099823035,0.));
#17756 = PCURVE('',#17711,#17757);
#17757 = DEFINITIONAL_REPRESENTATION('',(#17758),#17762);
#17758 = LINE('',#17759,#17760);
#17759 = CARTESIAN_POINT('',(0.,-0.48));
#17760 = VECTOR('',#17761,1.);
#17761 = DIRECTION('',(1.,0.));
#17762 = ( GEOMETRIC_REPRESENTATION_CONTEXT(2) 
PARAMETRIC_REPRESENTATION_CONTEXT() REPRESENTATION_CONTEXT('2D SPACE',''
  ) );
#17763 = PCURVE('',#17298,#17764);
#17764 = DEFINITIONAL_REPRESENTATION('',(#17765),#17769);
#17765 = LINE('',#17766,#17767);
#17766 = CARTESIAN_POINT('',(1.5,0.));
#17767 = VECTOR('',#17768,1.);
#17768 = DIRECTION('',(-0.880471099922,0.474099823035));
#17769 = ( GEOMETRIC_REPRESENTATION_CONTEXT(2) 
PARAMETRIC_REPRESENTATION_CONTEXT() REPRESENTATION_CONTEXT('2D SPACE',''
  ) );
#17770 = ORIENTED_EDGE('',*,*,#17771,.F.);
#17771 = EDGE_CURVE('',#17772,#17749,#17774,.T.);
#17772 = VERTEX_POINT('',#17773);
#17773 = CARTESIAN_POINT('',(48.1750013,53.556541615175,
    1.000000073859E-07));
#17774 = SURFACE_CURVE('',#17775,(#17779,#17786),.PCURVE_S1.);
#17775 = LINE('',#17776,#17777);
#17776 = CARTESIAN_POINT('',(48.1750013,53.556541615175,
    1.000000073859E-07));
#17777 = VECTOR('',#17778,1.);
#17778 = DIRECTION('',(0.,0.,1.));
#17779 = PCURVE('',#17711,#17780);
#17780 = DEFINITIONAL_REPRESENTATION('',(#17781),#17785);
#17781 = LINE('',#17782,#17783);
#17782 = CARTESIAN_POINT('',(1.107361729518,0.));
#17783 = VECTOR('',#17784,1.);
#17784 = DIRECTION('',(0.,-1.));
#17785 = ( GEOMETRIC_REPRESENTATION_CONTEXT(2) 
PARAMETRIC_REPRESENTATION_CONTEXT() REPRESENTATION_CONTEXT('2D SPACE',''
  ) );
#17786 = PCURVE('',#17270,#17787);
#17787 = DEFINITIONAL_REPRESENTATION('',(#17788),#17792);
#17788 = LINE('',#17789,#17790);
#17789 = CARTESIAN_POINT('',(0.,0.));
#17790 = VECTOR('',#17791,1.);
#17791 = DIRECTION('',(0.,-1.));
#17792 = ( GEOMETRIC_REPRESENTATION_CONTEXT(2) 
PARAMETRIC_REPRESENTATION_CONTEXT() REPRESENTATION_CONTEXT('2D SPACE',''
  ) );
#17793 = ORIENTED_EDGE('',*,*,#17794,.F.);
#17794 = EDGE_CURVE('',#17696,#17772,#17795,.T.);
#17795 = SURFACE_CURVE('',#17796,(#17800,#17807),.PCURVE_S1.);
#17796 = LINE('',#17797,#17798);
#17797 = CARTESIAN_POINT('',(47.2000013,53.031541615175,
    1.000000073859E-07));
#17798 = VECTOR('',#17799,1.);
#17799 = DIRECTION('',(0.880471099922,0.474099823035,0.));
#17800 = PCURVE('',#17711,#17801);
#17801 = DEFINITIONAL_REPRESENTATION('',(#17802),#17806);
#17802 = LINE('',#17803,#17804);
#17803 = CARTESIAN_POINT('',(0.,0.));
#17804 = VECTOR('',#17805,1.);
#17805 = DIRECTION('',(1.,0.));
#17806 = ( GEOMETRIC_REPRESENTATION_CONTEXT(2) 
PARAMETRIC_REPRESENTATION_CONTEXT() REPRESENTATION_CONTEXT('2D SPACE',''
  ) );
#17807 = PCURVE('',#17352,#17808);
#17808 = DEFINITIONAL_REPRESENTATION('',(#17809),#17813);
#17809 = LINE('',#17810,#17811);
#17810 = CARTESIAN_POINT('',(1.5,0.));
#17811 = VECTOR('',#17812,1.);
#17812 = DIRECTION('',(-0.880471099922,0.474099823035));
#17813 = ( GEOMETRIC_REPRESENTATION_CONTEXT(2) 
PARAMETRIC_REPRESENTATION_CONTEXT() REPRESENTATION_CONTEXT('2D SPACE',''
  ) );
#17814 = ADVANCED_FACE('',(#17815),#17270,.T.);
#17815 = FACE_BOUND('',#17816,.T.);
#17816 = EDGE_LOOP('',(#17817,#17818,#17839,#17840));
#17817 = ORIENTED_EDGE('',*,*,#17771,.T.);
#17818 = ORIENTED_EDGE('',*,*,#17819,.T.);
#17819 = EDGE_CURVE('',#17749,#17250,#17820,.T.);
#17820 = SURFACE_CURVE('',#17821,(#17825,#17832),.PCURVE_S1.);
#17821 = LINE('',#17822,#17823);
#17822 = CARTESIAN_POINT('',(48.1750013,53.556541615175,0.4800001));
#17823 = VECTOR('',#17824,1.);
#17824 = DIRECTION('',(0.474099823035,0.880471099922,0.));
#17825 = PCURVE('',#17270,#17826);
#17826 = DEFINITIONAL_REPRESENTATION('',(#17827),#17831);
#17827 = LINE('',#17828,#17829);
#17828 = CARTESIAN_POINT('',(0.,-0.48));
#17829 = VECTOR('',#17830,1.);
#17830 = DIRECTION('',(1.,0.));
#17831 = ( GEOMETRIC_REPRESENTATION_CONTEXT(2) 
PARAMETRIC_REPRESENTATION_CONTEXT() REPRESENTATION_CONTEXT('2D SPACE',''
  ) );
#17832 = PCURVE('',#17298,#17833);
#17833 = DEFINITIONAL_REPRESENTATION('',(#17834),#17838);
#17834 = LINE('',#17835,#17836);
#17835 = CARTESIAN_POINT('',(0.525,0.525));
#17836 = VECTOR('',#17837,1.);
#17837 = DIRECTION('',(-0.474099823035,0.880471099922));
#17838 = ( GEOMETRIC_REPRESENTATION_CONTEXT(2) 
PARAMETRIC_REPRESENTATION_CONTEXT() REPRESENTATION_CONTEXT('2D SPACE',''
  ) );
#17839 = ORIENTED_EDGE('',*,*,#17247,.F.);
#17840 = ORIENTED_EDGE('',*,*,#17841,.F.);
#17841 = EDGE_CURVE('',#17772,#17248,#17842,.T.);
#17842 = SURFACE_CURVE('',#17843,(#17847,#17854),.PCURVE_S1.);
#17843 = LINE('',#17844,#17845);
#17844 = CARTESIAN_POINT('',(48.1750013,53.556541615175,
    1.000000073859E-07));
#17845 = VECTOR('',#17846,1.);
#17846 = DIRECTION('',(0.474099823035,0.880471099922,0.));
#17847 = PCURVE('',#17270,#17848);
#17848 = DEFINITIONAL_REPRESENTATION('',(#17849),#17853);
#17849 = LINE('',#17850,#17851);
#17850 = CARTESIAN_POINT('',(0.,0.));
#17851 = VECTOR('',#17852,1.);
#17852 = DIRECTION('',(1.,0.));
#17853 = ( GEOMETRIC_REPRESENTATION_CONTEXT(2) 
PARAMETRIC_REPRESENTATION_CONTEXT() REPRESENTATION_CONTEXT('2D SPACE',''
  ) );
#17854 = PCURVE('',#17352,#17855);
#17855 = DEFINITIONAL_REPRESENTATION('',(#17856),#17860);
#17856 = LINE('',#17857,#17858);
#17857 = CARTESIAN_POINT('',(0.525,0.525));
#17858 = VECTOR('',#17859,1.);
#17859 = DIRECTION('',(-0.474099823035,0.880471099922));
#17860 = ( GEOMETRIC_REPRESENTATION_CONTEXT(2) 
PARAMETRIC_REPRESENTATION_CONTEXT() REPRESENTATION_CONTEXT('2D SPACE',''
  ) );
#17861 = ADVANCED_FACE('',(#17862),#17352,.T.);
#17862 = FACE_BOUND('',#17863,.T.);
#17863 = EDGE_LOOP('',(#17864,#17865,#17866,#17867,#17868,#17869,#17870,
    #17871));
#17864 = ORIENTED_EDGE('',*,*,#17338,.T.);
#17865 = ORIENTED_EDGE('',*,*,#17419,.T.);
#17866 = ORIENTED_EDGE('',*,*,#17495,.T.);
#17867 = ORIENTED_EDGE('',*,*,#17571,.T.);
#17868 = ORIENTED_EDGE('',*,*,#17647,.T.);
#17869 = ORIENTED_EDGE('',*,*,#17723,.T.);
#17870 = ORIENTED_EDGE('',*,*,#17794,.T.);
#17871 = ORIENTED_EDGE('',*,*,#17841,.T.);
#17872 = ADVANCED_FACE('',(#17873),#17298,.F.);
#17873 = FACE_BOUND('',#17874,.F.);
#17874 = EDGE_LOOP('',(#17875,#17876,#17877,#17878,#17879,#17880,#17881,
    #17882));
#17875 = ORIENTED_EDGE('',*,*,#17282,.T.);
#17876 = ORIENTED_EDGE('',*,*,#17368,.T.);
#17877 = ORIENTED_EDGE('',*,*,#17444,.T.);
#17878 = ORIENTED_EDGE('',*,*,#17520,.T.);
#17879 = ORIENTED_EDGE('',*,*,#17596,.T.);
#17880 = ORIENTED_EDGE('',*,*,#17672,.T.);
#17881 = ORIENTED_EDGE('',*,*,#17748,.T.);
#17882 = ORIENTED_EDGE('',*,*,#17819,.T.);
#17883 = ( GEOMETRIC_REPRESENTATION_CONTEXT(3) 
GLOBAL_UNCERTAINTY_ASSIGNED_CONTEXT((#17887)) 
GLOBAL_UNIT_ASSIGNED_CONTEXT((#17884,#17885,#17886)) 
REPRESENTATION_CONTEXT('Context #1',
  '3D Context with UNIT and UNCERTAINTY') );
#17884 = ( LENGTH_UNIT() NAMED_UNIT(*) SI_UNIT(.MILLI.,.METRE.) );
#17885 = ( NAMED_UNIT(*) PLANE_ANGLE_UNIT() SI_UNIT($,.RADIAN.) );
#17886 = ( NAMED_UNIT(*) SI_UNIT($,.STERADIAN.) SOLID_ANGLE_UNIT() );
#17887 = UNCERTAINTY_MEASURE_WITH_UNIT(LENGTH_MEASURE(1.E-07),#17884,
  'distance_accuracy_value','confusion accuracy');
#17888 = CONTEXT_DEPENDENT_SHAPE_REPRESENTATION(#17889,#17891);
#17889 = ( REPRESENTATION_RELATIONSHIP('','',#17240,#10) 
REPRESENTATION_RELATIONSHIP_WITH_TRANSFORMATION(#17890) 
SHAPE_REPRESENTATION_RELATIONSHIP() );
#17890 = ITEM_DEFINED_TRANSFORMATION('','',#11,#119);
#17891 = PRODUCT_DEFINITION_SHAPE('Placement','Placement of an item',
  #17892);
#17892 = NEXT_ASSEMBLY_USAGE_OCCURRENCE('277','','',#5,#17235,$);
#17893 = PRODUCT_RELATED_PRODUCT_CATEGORY('part',$,(#17237));
#17894 = SHAPE_DEFINITION_REPRESENTATION(#17895,#17901);
#17895 = PRODUCT_DEFINITION_SHAPE('','',#17896);
#17896 = PRODUCT_DEFINITION('design','',#17897,#17900);
#17897 = PRODUCT_DEFINITION_FORMATION('','',#17898);
#17898 = PRODUCT('Open CASCADE STEP translator 7.8 2.28',
  'Open CASCADE STEP translator 7.8 2.28','',(#17899));
#17899 = PRODUCT_CONTEXT('',#2,'mechanical');
#17900 = PRODUCT_DEFINITION_CONTEXT('part definition',#2,'design');
#17901 = ADVANCED_BREP_SHAPE_REPRESENTATION('',(#11,#17902),#18544);
#17902 = MANIFOLD_SOLID_BREP('',#17903);
#17903 = CLOSED_SHELL('',(#17904,#18024,#18100,#18176,#18252,#18328,
    #18404,#18475,#18522,#18533));
#17904 = ADVANCED_FACE('',(#17905),#17919,.T.);
#17905 = FACE_BOUND('',#17906,.T.);
#17906 = EDGE_LOOP('',(#17907,#17942,#17970,#17998));
#17907 = ORIENTED_EDGE('',*,*,#17908,.T.);
#17908 = EDGE_CURVE('',#17909,#17911,#17913,.T.);
#17909 = VERTEX_POINT('',#17910);
#17910 = CARTESIAN_POINT('',(55.7000015,54.531541615175,
    1.000000073859E-07));
#17911 = VERTEX_POINT('',#17912);
#17912 = CARTESIAN_POINT('',(55.7000015,54.531541615175,0.4800001));
#17913 = SURFACE_CURVE('',#17914,(#17918,#17930),.PCURVE_S1.);
#17914 = LINE('',#17915,#17916);
#17915 = CARTESIAN_POINT('',(55.7000015,54.531541615175,
    1.000000073859E-07));
#17916 = VECTOR('',#17917,1.);
#17917 = DIRECTION('',(0.,0.,1.));
#17918 = PCURVE('',#17919,#17924);
#17919 = PLANE('',#17920);
#17920 = AXIS2_PLACEMENT_3D('',#17921,#17922,#17923);
#17921 = CARTESIAN_POINT('',(55.7000015,54.531541615175,
    1.000000073859E-07));
#17922 = DIRECTION('',(0.880471099922,0.474099823035,-0.));
#17923 = DIRECTION('',(0.474099823035,-0.880471099922,0.));
#17924 = DEFINITIONAL_REPRESENTATION('',(#17925),#17929);
#17925 = LINE('',#17926,#17927);
#17926 = CARTESIAN_POINT('',(0.,0.));
#17927 = VECTOR('',#17928,1.);
#17928 = DIRECTION('',(0.,-1.));
#17929 = ( GEOMETRIC_REPRESENTATION_CONTEXT(2) 
PARAMETRIC_REPRESENTATION_CONTEXT() REPRESENTATION_CONTEXT('2D SPACE',''
  ) );
#17930 = PCURVE('',#17931,#17936);
#17931 = PLANE('',#17932);
#17932 = AXIS2_PLACEMENT_3D('',#17933,#17934,#17935);
#17933 = CARTESIAN_POINT('',(55.1750015,53.556541615175,
    1.000000073859E-07));
#17934 = DIRECTION('',(-0.880471099922,0.474099823035,0.));
#17935 = DIRECTION('',(0.474099823035,0.880471099922,0.));
#17936 = DEFINITIONAL_REPRESENTATION('',(#17937),#17941);
#17937 = LINE('',#17938,#17939);
#17938 = CARTESIAN_POINT('',(1.107361729518,0.));
#17939 = VECTOR('',#17940,1.);
#17940 = DIRECTION('',(0.,-1.));
#17941 = ( GEOMETRIC_REPRESENTATION_CONTEXT(2) 
PARAMETRIC_REPRESENTATION_CONTEXT() REPRESENTATION_CONTEXT('2D SPACE',''
  ) );
#17942 = ORIENTED_EDGE('',*,*,#17943,.T.);
#17943 = EDGE_CURVE('',#17911,#17944,#17946,.T.);
#17944 = VERTEX_POINT('',#17945);
#17945 = CARTESIAN_POINT('',(56.2250015,53.556541615175,0.4800001));
#17946 = SURFACE_CURVE('',#17947,(#17951,#17958),.PCURVE_S1.);
#17947 = LINE('',#17948,#17949);
#17948 = CARTESIAN_POINT('',(55.7000015,54.531541615175,0.4800001));
#17949 = VECTOR('',#17950,1.);
#17950 = DIRECTION('',(0.474099823035,-0.880471099922,0.));
#17951 = PCURVE('',#17919,#17952);
#17952 = DEFINITIONAL_REPRESENTATION('',(#17953),#17957);
#17953 = LINE('',#17954,#17955);
#17954 = CARTESIAN_POINT('',(0.,-0.48));
#17955 = VECTOR('',#17956,1.);
#17956 = DIRECTION('',(1.,0.));
#17957 = ( GEOMETRIC_REPRESENTATION_CONTEXT(2) 
PARAMETRIC_REPRESENTATION_CONTEXT() REPRESENTATION_CONTEXT('2D SPACE',''
  ) );
#17958 = PCURVE('',#17959,#17964);
#17959 = PLANE('',#17960);
#17960 = AXIS2_PLACEMENT_3D('',#17961,#17962,#17963);
#17961 = CARTESIAN_POINT('',(55.7000015,53.031541615175,0.4800001));
#17962 = DIRECTION('',(-0.,-0.,-1.));
#17963 = DIRECTION('',(-1.,0.,0.));
#17964 = DEFINITIONAL_REPRESENTATION('',(#17965),#17969);
#17965 = LINE('',#17966,#17967);
#17966 = CARTESIAN_POINT('',(0.,1.5));
#17967 = VECTOR('',#17968,1.);
#17968 = DIRECTION('',(-0.474099823035,-0.880471099922));
#17969 = ( GEOMETRIC_REPRESENTATION_CONTEXT(2) 
PARAMETRIC_REPRESENTATION_CONTEXT() REPRESENTATION_CONTEXT('2D SPACE',''
  ) );
#17970 = ORIENTED_EDGE('',*,*,#17971,.F.);
#17971 = EDGE_CURVE('',#17972,#17944,#17974,.T.);
#17972 = VERTEX_POINT('',#17973);
#17973 = CARTESIAN_POINT('',(56.2250015,53.556541615175,
    1.000000073859E-07));
#17974 = SURFACE_CURVE('',#17975,(#17979,#17986),.PCURVE_S1.);
#17975 = LINE('',#17976,#17977);
#17976 = CARTESIAN_POINT('',(56.2250015,53.556541615175,
    1.000000073859E-07));
#17977 = VECTOR('',#17978,1.);
#17978 = DIRECTION('',(0.,0.,1.));
#17979 = PCURVE('',#17919,#17980);
#17980 = DEFINITIONAL_REPRESENTATION('',(#17981),#17985);
#17981 = LINE('',#17982,#17983);
#17982 = CARTESIAN_POINT('',(1.107361729518,0.));
#17983 = VECTOR('',#17984,1.);
#17984 = DIRECTION('',(0.,-1.));
#17985 = ( GEOMETRIC_REPRESENTATION_CONTEXT(2) 
PARAMETRIC_REPRESENTATION_CONTEXT() REPRESENTATION_CONTEXT('2D SPACE',''
  ) );
#17986 = PCURVE('',#17987,#17992);
#17987 = PLANE('',#17988);
#17988 = AXIS2_PLACEMENT_3D('',#17989,#17990,#17991);
#17989 = CARTESIAN_POINT('',(56.2250015,53.556541615175,
    1.000000073859E-07));
#17990 = DIRECTION('',(0.474099823035,0.880471099922,-0.));
#17991 = DIRECTION('',(0.880471099922,-0.474099823035,0.));
#17992 = DEFINITIONAL_REPRESENTATION('',(#17993),#17997);
#17993 = LINE('',#17994,#17995);
#17994 = CARTESIAN_POINT('',(0.,0.));
#17995 = VECTOR('',#17996,1.);
#17996 = DIRECTION('',(0.,-1.));
#17997 = ( GEOMETRIC_REPRESENTATION_CONTEXT(2) 
PARAMETRIC_REPRESENTATION_CONTEXT() REPRESENTATION_CONTEXT('2D SPACE',''
  ) );
#17998 = ORIENTED_EDGE('',*,*,#17999,.F.);
#17999 = EDGE_CURVE('',#17909,#17972,#18000,.T.);
#18000 = SURFACE_CURVE('',#18001,(#18005,#18012),.PCURVE_S1.);
#18001 = LINE('',#18002,#18003);
#18002 = CARTESIAN_POINT('',(55.7000015,54.531541615175,
    1.000000073859E-07));
#18003 = VECTOR('',#18004,1.);
#18004 = DIRECTION('',(0.474099823035,-0.880471099922,0.));
#18005 = PCURVE('',#17919,#18006);
#18006 = DEFINITIONAL_REPRESENTATION('',(#18007),#18011);
#18007 = LINE('',#18008,#18009);
#18008 = CARTESIAN_POINT('',(0.,0.));
#18009 = VECTOR('',#18010,1.);
#18010 = DIRECTION('',(1.,0.));
#18011 = ( GEOMETRIC_REPRESENTATION_CONTEXT(2) 
PARAMETRIC_REPRESENTATION_CONTEXT() REPRESENTATION_CONTEXT('2D SPACE',''
  ) );
#18012 = PCURVE('',#18013,#18018);
#18013 = PLANE('',#18014);
#18014 = AXIS2_PLACEMENT_3D('',#18015,#18016,#18017);
#18015 = CARTESIAN_POINT('',(55.7000015,53.031541615175,
    1.000000073859E-07));
#18016 = DIRECTION('',(-0.,-0.,-1.));
#18017 = DIRECTION('',(-1.,0.,0.));
#18018 = DEFINITIONAL_REPRESENTATION('',(#18019),#18023);
#18019 = LINE('',#18020,#18021);
#18020 = CARTESIAN_POINT('',(0.,1.5));
#18021 = VECTOR('',#18022,1.);
#18022 = DIRECTION('',(-0.474099823035,-0.880471099922));
#18023 = ( GEOMETRIC_REPRESENTATION_CONTEXT(2) 
PARAMETRIC_REPRESENTATION_CONTEXT() REPRESENTATION_CONTEXT('2D SPACE',''
  ) );
#18024 = ADVANCED_FACE('',(#18025),#17987,.T.);
#18025 = FACE_BOUND('',#18026,.T.);
#18026 = EDGE_LOOP('',(#18027,#18028,#18051,#18079));
#18027 = ORIENTED_EDGE('',*,*,#17971,.T.);
#18028 = ORIENTED_EDGE('',*,*,#18029,.T.);
#18029 = EDGE_CURVE('',#17944,#18030,#18032,.T.);
#18030 = VERTEX_POINT('',#18031);
#18031 = CARTESIAN_POINT('',(57.2000015,53.031541615175,0.4800001));
#18032 = SURFACE_CURVE('',#18033,(#18037,#18044),.PCURVE_S1.);
#18033 = LINE('',#18034,#18035);
#18034 = CARTESIAN_POINT('',(56.2250015,53.556541615175,0.4800001));
#18035 = VECTOR('',#18036,1.);
#18036 = DIRECTION('',(0.880471099922,-0.474099823035,0.));
#18037 = PCURVE('',#17987,#18038);
#18038 = DEFINITIONAL_REPRESENTATION('',(#18039),#18043);
#18039 = LINE('',#18040,#18041);
#18040 = CARTESIAN_POINT('',(0.,-0.48));
#18041 = VECTOR('',#18042,1.);
#18042 = DIRECTION('',(1.,0.));
#18043 = ( GEOMETRIC_REPRESENTATION_CONTEXT(2) 
PARAMETRIC_REPRESENTATION_CONTEXT() REPRESENTATION_CONTEXT('2D SPACE',''
  ) );
#18044 = PCURVE('',#17959,#18045);
#18045 = DEFINITIONAL_REPRESENTATION('',(#18046),#18050);
#18046 = LINE('',#18047,#18048);
#18047 = CARTESIAN_POINT('',(-0.525,0.525));
#18048 = VECTOR('',#18049,1.);
#18049 = DIRECTION('',(-0.880471099922,-0.474099823035));
#18050 = ( GEOMETRIC_REPRESENTATION_CONTEXT(2) 
PARAMETRIC_REPRESENTATION_CONTEXT() REPRESENTATION_CONTEXT('2D SPACE',''
  ) );
#18051 = ORIENTED_EDGE('',*,*,#18052,.F.);
#18052 = EDGE_CURVE('',#18053,#18030,#18055,.T.);
#18053 = VERTEX_POINT('',#18054);
#18054 = CARTESIAN_POINT('',(57.2000015,53.031541615175,
    1.000000073859E-07));
#18055 = SURFACE_CURVE('',#18056,(#18060,#18067),.PCURVE_S1.);
#18056 = LINE('',#18057,#18058);
#18057 = CARTESIAN_POINT('',(57.2000015,53.031541615175,
    1.000000073859E-07));
#18058 = VECTOR('',#18059,1.);
#18059 = DIRECTION('',(0.,0.,1.));
#18060 = PCURVE('',#17987,#18061);
#18061 = DEFINITIONAL_REPRESENTATION('',(#18062),#18066);
#18062 = LINE('',#18063,#18064);
#18063 = CARTESIAN_POINT('',(1.107361729518,0.));
#18064 = VECTOR('',#18065,1.);
#18065 = DIRECTION('',(0.,-1.));
#18066 = ( GEOMETRIC_REPRESENTATION_CONTEXT(2) 
PARAMETRIC_REPRESENTATION_CONTEXT() REPRESENTATION_CONTEXT('2D SPACE',''
  ) );
#18067 = PCURVE('',#18068,#18073);
#18068 = PLANE('',#18069);
#18069 = AXIS2_PLACEMENT_3D('',#18070,#18071,#18072);
#18070 = CARTESIAN_POINT('',(57.2000015,53.031541615175,
    1.000000073859E-07));
#18071 = DIRECTION('',(0.474099823035,-0.880471099922,0.));
#18072 = DIRECTION('',(-0.880471099922,-0.474099823035,0.));
#18073 = DEFINITIONAL_REPRESENTATION('',(#18074),#18078);
#18074 = LINE('',#18075,#18076);
#18075 = CARTESIAN_POINT('',(0.,0.));
#18076 = VECTOR('',#18077,1.);
#18077 = DIRECTION('',(0.,-1.));
#18078 = ( GEOMETRIC_REPRESENTATION_CONTEXT(2) 
PARAMETRIC_REPRESENTATION_CONTEXT() REPRESENTATION_CONTEXT('2D SPACE',''
  ) );
#18079 = ORIENTED_EDGE('',*,*,#18080,.F.);
#18080 = EDGE_CURVE('',#17972,#18053,#18081,.T.);
#18081 = SURFACE_CURVE('',#18082,(#18086,#18093),.PCURVE_S1.);
#18082 = LINE('',#18083,#18084);
#18083 = CARTESIAN_POINT('',(56.2250015,53.556541615175,
    1.000000073859E-07));
#18084 = VECTOR('',#18085,1.);
#18085 = DIRECTION('',(0.880471099922,-0.474099823035,0.));
#18086 = PCURVE('',#17987,#18087);
#18087 = DEFINITIONAL_REPRESENTATION('',(#18088),#18092);
#18088 = LINE('',#18089,#18090);
#18089 = CARTESIAN_POINT('',(0.,0.));
#18090 = VECTOR('',#18091,1.);
#18091 = DIRECTION('',(1.,0.));
#18092 = ( GEOMETRIC_REPRESENTATION_CONTEXT(2) 
PARAMETRIC_REPRESENTATION_CONTEXT() REPRESENTATION_CONTEXT('2D SPACE',''
  ) );
#18093 = PCURVE('',#18013,#18094);
#18094 = DEFINITIONAL_REPRESENTATION('',(#18095),#18099);
#18095 = LINE('',#18096,#18097);
#18096 = CARTESIAN_POINT('',(-0.525,0.525));
#18097 = VECTOR('',#18098,1.);
#18098 = DIRECTION('',(-0.880471099922,-0.474099823035));
#18099 = ( GEOMETRIC_REPRESENTATION_CONTEXT(2) 
PARAMETRIC_REPRESENTATION_CONTEXT() REPRESENTATION_CONTEXT('2D SPACE',''
  ) );
#18100 = ADVANCED_FACE('',(#18101),#18068,.T.);
#18101 = FACE_BOUND('',#18102,.T.);
#18102 = EDGE_LOOP('',(#18103,#18104,#18127,#18155));
#18103 = ORIENTED_EDGE('',*,*,#18052,.T.);
#18104 = ORIENTED_EDGE('',*,*,#18105,.T.);
#18105 = EDGE_CURVE('',#18030,#18106,#18108,.T.);
#18106 = VERTEX_POINT('',#18107);
#18107 = CARTESIAN_POINT('',(56.2250015,52.506541615175,0.4800001));
#18108 = SURFACE_CURVE('',#18109,(#18113,#18120),.PCURVE_S1.);
#18109 = LINE('',#18110,#18111);
#18110 = CARTESIAN_POINT('',(57.2000015,53.031541615175,0.4800001));
#18111 = VECTOR('',#18112,1.);
#18112 = DIRECTION('',(-0.880471099922,-0.474099823035,0.));
#18113 = PCURVE('',#18068,#18114);
#18114 = DEFINITIONAL_REPRESENTATION('',(#18115),#18119);
#18115 = LINE('',#18116,#18117);
#18116 = CARTESIAN_POINT('',(0.,-0.48));
#18117 = VECTOR('',#18118,1.);
#18118 = DIRECTION('',(1.,0.));
#18119 = ( GEOMETRIC_REPRESENTATION_CONTEXT(2) 
PARAMETRIC_REPRESENTATION_CONTEXT() REPRESENTATION_CONTEXT('2D SPACE',''
  ) );
#18120 = PCURVE('',#17959,#18121);
#18121 = DEFINITIONAL_REPRESENTATION('',(#18122),#18126);
#18122 = LINE('',#18123,#18124);
#18123 = CARTESIAN_POINT('',(-1.5,0.));
#18124 = VECTOR('',#18125,1.);
#18125 = DIRECTION('',(0.880471099922,-0.474099823035));
#18126 = ( GEOMETRIC_REPRESENTATION_CONTEXT(2) 
PARAMETRIC_REPRESENTATION_CONTEXT() REPRESENTATION_CONTEXT('2D SPACE',''
  ) );
#18127 = ORIENTED_EDGE('',*,*,#18128,.F.);
#18128 = EDGE_CURVE('',#18129,#18106,#18131,.T.);
#18129 = VERTEX_POINT('',#18130);
#18130 = CARTESIAN_POINT('',(56.2250015,52.506541615175,
    1.000000073859E-07));
#18131 = SURFACE_CURVE('',#18132,(#18136,#18143),.PCURVE_S1.);
#18132 = LINE('',#18133,#18134);
#18133 = CARTESIAN_POINT('',(56.2250015,52.506541615175,
    1.000000073859E-07));
#18134 = VECTOR('',#18135,1.);
#18135 = DIRECTION('',(0.,0.,1.));
#18136 = PCURVE('',#18068,#18137);
#18137 = DEFINITIONAL_REPRESENTATION('',(#18138),#18142);
#18138 = LINE('',#18139,#18140);
#18139 = CARTESIAN_POINT('',(1.107361729518,0.));
#18140 = VECTOR('',#18141,1.);
#18141 = DIRECTION('',(0.,-1.));
#18142 = ( GEOMETRIC_REPRESENTATION_CONTEXT(2) 
PARAMETRIC_REPRESENTATION_CONTEXT() REPRESENTATION_CONTEXT('2D SPACE',''
  ) );
#18143 = PCURVE('',#18144,#18149);
#18144 = PLANE('',#18145);
#18145 = AXIS2_PLACEMENT_3D('',#18146,#18147,#18148);
#18146 = CARTESIAN_POINT('',(56.2250015,52.506541615175,
    1.000000073859E-07));
#18147 = DIRECTION('',(0.880471099922,-0.474099823035,0.));
#18148 = DIRECTION('',(-0.474099823035,-0.880471099922,0.));
#18149 = DEFINITIONAL_REPRESENTATION('',(#18150),#18154);
#18150 = LINE('',#18151,#18152);
#18151 = CARTESIAN_POINT('',(0.,0.));
#18152 = VECTOR('',#18153,1.);
#18153 = DIRECTION('',(0.,-1.));
#18154 = ( GEOMETRIC_REPRESENTATION_CONTEXT(2) 
PARAMETRIC_REPRESENTATION_CONTEXT() REPRESENTATION_CONTEXT('2D SPACE',''
  ) );
#18155 = ORIENTED_EDGE('',*,*,#18156,.F.);
#18156 = EDGE_CURVE('',#18053,#18129,#18157,.T.);
#18157 = SURFACE_CURVE('',#18158,(#18162,#18169),.PCURVE_S1.);
#18158 = LINE('',#18159,#18160);
#18159 = CARTESIAN_POINT('',(57.2000015,53.031541615175,
    1.000000073859E-07));
#18160 = VECTOR('',#18161,1.);
#18161 = DIRECTION('',(-0.880471099922,-0.474099823035,0.));
#18162 = PCURVE('',#18068,#18163);
#18163 = DEFINITIONAL_REPRESENTATION('',(#18164),#18168);
#18164 = LINE('',#18165,#18166);
#18165 = CARTESIAN_POINT('',(0.,0.));
#18166 = VECTOR('',#18167,1.);
#18167 = DIRECTION('',(1.,0.));
#18168 = ( GEOMETRIC_REPRESENTATION_CONTEXT(2) 
PARAMETRIC_REPRESENTATION_CONTEXT() REPRESENTATION_CONTEXT('2D SPACE',''
  ) );
#18169 = PCURVE('',#18013,#18170);
#18170 = DEFINITIONAL_REPRESENTATION('',(#18171),#18175);
#18171 = LINE('',#18172,#18173);
#18172 = CARTESIAN_POINT('',(-1.5,0.));
#18173 = VECTOR('',#18174,1.);
#18174 = DIRECTION('',(0.880471099922,-0.474099823035));
#18175 = ( GEOMETRIC_REPRESENTATION_CONTEXT(2) 
PARAMETRIC_REPRESENTATION_CONTEXT() REPRESENTATION_CONTEXT('2D SPACE',''
  ) );
#18176 = ADVANCED_FACE('',(#18177),#18144,.T.);
#18177 = FACE_BOUND('',#18178,.T.);
#18178 = EDGE_LOOP('',(#18179,#18180,#18203,#18231));
#18179 = ORIENTED_EDGE('',*,*,#18128,.T.);
#18180 = ORIENTED_EDGE('',*,*,#18181,.T.);
#18181 = EDGE_CURVE('',#18106,#18182,#18184,.T.);
#18182 = VERTEX_POINT('',#18183);
#18183 = CARTESIAN_POINT('',(55.7000015,51.531541615175,0.4800001));
#18184 = SURFACE_CURVE('',#18185,(#18189,#18196),.PCURVE_S1.);
#18185 = LINE('',#18186,#18187);
#18186 = CARTESIAN_POINT('',(56.2250015,52.506541615175,0.4800001));
#18187 = VECTOR('',#18188,1.);
#18188 = DIRECTION('',(-0.474099823035,-0.880471099922,0.));
#18189 = PCURVE('',#18144,#18190);
#18190 = DEFINITIONAL_REPRESENTATION('',(#18191),#18195);
#18191 = LINE('',#18192,#18193);
#18192 = CARTESIAN_POINT('',(0.,-0.48));
#18193 = VECTOR('',#18194,1.);
#18194 = DIRECTION('',(1.,0.));
#18195 = ( GEOMETRIC_REPRESENTATION_CONTEXT(2) 
PARAMETRIC_REPRESENTATION_CONTEXT() REPRESENTATION_CONTEXT('2D SPACE',''
  ) );
#18196 = PCURVE('',#17959,#18197);
#18197 = DEFINITIONAL_REPRESENTATION('',(#18198),#18202);
#18198 = LINE('',#18199,#18200);
#18199 = CARTESIAN_POINT('',(-0.525,-0.525));
#18200 = VECTOR('',#18201,1.);
#18201 = DIRECTION('',(0.474099823035,-0.880471099922));
#18202 = ( GEOMETRIC_REPRESENTATION_CONTEXT(2) 
PARAMETRIC_REPRESENTATION_CONTEXT() REPRESENTATION_CONTEXT('2D SPACE',''
  ) );
#18203 = ORIENTED_EDGE('',*,*,#18204,.F.);
#18204 = EDGE_CURVE('',#18205,#18182,#18207,.T.);
#18205 = VERTEX_POINT('',#18206);
#18206 = CARTESIAN_POINT('',(55.7000015,51.531541615175,
    1.000000073859E-07));
#18207 = SURFACE_CURVE('',#18208,(#18212,#18219),.PCURVE_S1.);
#18208 = LINE('',#18209,#18210);
#18209 = CARTESIAN_POINT('',(55.7000015,51.531541615175,
    1.000000073859E-07));
#18210 = VECTOR('',#18211,1.);
#18211 = DIRECTION('',(0.,0.,1.));
#18212 = PCURVE('',#18144,#18213);
#18213 = DEFINITIONAL_REPRESENTATION('',(#18214),#18218);
#18214 = LINE('',#18215,#18216);
#18215 = CARTESIAN_POINT('',(1.107361729518,0.));
#18216 = VECTOR('',#18217,1.);
#18217 = DIRECTION('',(0.,-1.));
#18218 = ( GEOMETRIC_REPRESENTATION_CONTEXT(2) 
PARAMETRIC_REPRESENTATION_CONTEXT() REPRESENTATION_CONTEXT('2D SPACE',''
  ) );
#18219 = PCURVE('',#18220,#18225);
#18220 = PLANE('',#18221);
#18221 = AXIS2_PLACEMENT_3D('',#18222,#18223,#18224);
#18222 = CARTESIAN_POINT('',(55.7000015,51.531541615175,
    1.000000073859E-07));
#18223 = DIRECTION('',(-0.880471099922,-0.474099823035,0.));
#18224 = DIRECTION('',(-0.474099823035,0.880471099922,0.));
#18225 = DEFINITIONAL_REPRESENTATION('',(#18226),#18230);
#18226 = LINE('',#18227,#18228);
#18227 = CARTESIAN_POINT('',(0.,0.));
#18228 = VECTOR('',#18229,1.);
#18229 = DIRECTION('',(0.,-1.));
#18230 = ( GEOMETRIC_REPRESENTATION_CONTEXT(2) 
PARAMETRIC_REPRESENTATION_CONTEXT() REPRESENTATION_CONTEXT('2D SPACE',''
  ) );
#18231 = ORIENTED_EDGE('',*,*,#18232,.F.);
#18232 = EDGE_CURVE('',#18129,#18205,#18233,.T.);
#18233 = SURFACE_CURVE('',#18234,(#18238,#18245),.PCURVE_S1.);
#18234 = LINE('',#18235,#18236);
#18235 = CARTESIAN_POINT('',(56.2250015,52.506541615175,
    1.000000073859E-07));
#18236 = VECTOR('',#18237,1.);
#18237 = DIRECTION('',(-0.474099823035,-0.880471099922,0.));
#18238 = PCURVE('',#18144,#18239);
#18239 = DEFINITIONAL_REPRESENTATION('',(#18240),#18244);
#18240 = LINE('',#18241,#18242);
#18241 = CARTESIAN_POINT('',(0.,0.));
#18242 = VECTOR('',#18243,1.);
#18243 = DIRECTION('',(1.,0.));
#18244 = ( GEOMETRIC_REPRESENTATION_CONTEXT(2) 
PARAMETRIC_REPRESENTATION_CONTEXT() REPRESENTATION_CONTEXT('2D SPACE',''
  ) );
#18245 = PCURVE('',#18013,#18246);
#18246 = DEFINITIONAL_REPRESENTATION('',(#18247),#18251);
#18247 = LINE('',#18248,#18249);
#18248 = CARTESIAN_POINT('',(-0.525,-0.525));
#18249 = VECTOR('',#18250,1.);
#18250 = DIRECTION('',(0.474099823035,-0.880471099922));
#18251 = ( GEOMETRIC_REPRESENTATION_CONTEXT(2) 
PARAMETRIC_REPRESENTATION_CONTEXT() REPRESENTATION_CONTEXT('2D SPACE',''
  ) );
#18252 = ADVANCED_FACE('',(#18253),#18220,.T.);
#18253 = FACE_BOUND('',#18254,.T.);
#18254 = EDGE_LOOP('',(#18255,#18256,#18279,#18307));
#18255 = ORIENTED_EDGE('',*,*,#18204,.T.);
#18256 = ORIENTED_EDGE('',*,*,#18257,.T.);
#18257 = EDGE_CURVE('',#18182,#18258,#18260,.T.);
#18258 = VERTEX_POINT('',#18259);
#18259 = CARTESIAN_POINT('',(55.1750015,52.506541615175,0.4800001));
#18260 = SURFACE_CURVE('',#18261,(#18265,#18272),.PCURVE_S1.);
#18261 = LINE('',#18262,#18263);
#18262 = CARTESIAN_POINT('',(55.7000015,51.531541615175,0.4800001));
#18263 = VECTOR('',#18264,1.);
#18264 = DIRECTION('',(-0.474099823035,0.880471099922,0.));
#18265 = PCURVE('',#18220,#18266);
#18266 = DEFINITIONAL_REPRESENTATION('',(#18267),#18271);
#18267 = LINE('',#18268,#18269);
#18268 = CARTESIAN_POINT('',(0.,-0.48));
#18269 = VECTOR('',#18270,1.);
#18270 = DIRECTION('',(1.,0.));
#18271 = ( GEOMETRIC_REPRESENTATION_CONTEXT(2) 
PARAMETRIC_REPRESENTATION_CONTEXT() REPRESENTATION_CONTEXT('2D SPACE',''
  ) );
#18272 = PCURVE('',#17959,#18273);
#18273 = DEFINITIONAL_REPRESENTATION('',(#18274),#18278);
#18274 = LINE('',#18275,#18276);
#18275 = CARTESIAN_POINT('',(0.,-1.5));
#18276 = VECTOR('',#18277,1.);
#18277 = DIRECTION('',(0.474099823035,0.880471099922));
#18278 = ( GEOMETRIC_REPRESENTATION_CONTEXT(2) 
PARAMETRIC_REPRESENTATION_CONTEXT() REPRESENTATION_CONTEXT('2D SPACE',''
  ) );
#18279 = ORIENTED_EDGE('',*,*,#18280,.F.);
#18280 = EDGE_CURVE('',#18281,#18258,#18283,.T.);
#18281 = VERTEX_POINT('',#18282);
#18282 = CARTESIAN_POINT('',(55.1750015,52.506541615175,
    1.000000073859E-07));
#18283 = SURFACE_CURVE('',#18284,(#18288,#18295),.PCURVE_S1.);
#18284 = LINE('',#18285,#18286);
#18285 = CARTESIAN_POINT('',(55.1750015,52.506541615175,
    1.000000073859E-07));
#18286 = VECTOR('',#18287,1.);
#18287 = DIRECTION('',(0.,0.,1.));
#18288 = PCURVE('',#18220,#18289);
#18289 = DEFINITIONAL_REPRESENTATION('',(#18290),#18294);
#18290 = LINE('',#18291,#18292);
#18291 = CARTESIAN_POINT('',(1.107361729518,0.));
#18292 = VECTOR('',#18293,1.);
#18293 = DIRECTION('',(0.,-1.));
#18294 = ( GEOMETRIC_REPRESENTATION_CONTEXT(2) 
PARAMETRIC_REPRESENTATION_CONTEXT() REPRESENTATION_CONTEXT('2D SPACE',''
  ) );
#18295 = PCURVE('',#18296,#18301);
#18296 = PLANE('',#18297);
#18297 = AXIS2_PLACEMENT_3D('',#18298,#18299,#18300);
#18298 = CARTESIAN_POINT('',(55.1750015,52.506541615175,
    1.000000073859E-07));
#18299 = DIRECTION('',(-0.474099823035,-0.880471099922,0.));
#18300 = DIRECTION('',(-0.880471099922,0.474099823035,0.));
#18301 = DEFINITIONAL_REPRESENTATION('',(#18302),#18306);
#18302 = LINE('',#18303,#18304);
#18303 = CARTESIAN_POINT('',(0.,0.));
#18304 = VECTOR('',#18305,1.);
#18305 = DIRECTION('',(0.,-1.));
#18306 = ( GEOMETRIC_REPRESENTATION_CONTEXT(2) 
PARAMETRIC_REPRESENTATION_CONTEXT() REPRESENTATION_CONTEXT('2D SPACE',''
  ) );
#18307 = ORIENTED_EDGE('',*,*,#18308,.F.);
#18308 = EDGE_CURVE('',#18205,#18281,#18309,.T.);
#18309 = SURFACE_CURVE('',#18310,(#18314,#18321),.PCURVE_S1.);
#18310 = LINE('',#18311,#18312);
#18311 = CARTESIAN_POINT('',(55.7000015,51.531541615175,
    1.000000073859E-07));
#18312 = VECTOR('',#18313,1.);
#18313 = DIRECTION('',(-0.474099823035,0.880471099922,0.));
#18314 = PCURVE('',#18220,#18315);
#18315 = DEFINITIONAL_REPRESENTATION('',(#18316),#18320);
#18316 = LINE('',#18317,#18318);
#18317 = CARTESIAN_POINT('',(0.,0.));
#18318 = VECTOR('',#18319,1.);
#18319 = DIRECTION('',(1.,0.));
#18320 = ( GEOMETRIC_REPRESENTATION_CONTEXT(2) 
PARAMETRIC_REPRESENTATION_CONTEXT() REPRESENTATION_CONTEXT('2D SPACE',''
  ) );
#18321 = PCURVE('',#18013,#18322);
#18322 = DEFINITIONAL_REPRESENTATION('',(#18323),#18327);
#18323 = LINE('',#18324,#18325);
#18324 = CARTESIAN_POINT('',(0.,-1.5));
#18325 = VECTOR('',#18326,1.);
#18326 = DIRECTION('',(0.474099823035,0.880471099922));
#18327 = ( GEOMETRIC_REPRESENTATION_CONTEXT(2) 
PARAMETRIC_REPRESENTATION_CONTEXT() REPRESENTATION_CONTEXT('2D SPACE',''
  ) );
#18328 = ADVANCED_FACE('',(#18329),#18296,.T.);
#18329 = FACE_BOUND('',#18330,.T.);
#18330 = EDGE_LOOP('',(#18331,#18332,#18355,#18383));
#18331 = ORIENTED_EDGE('',*,*,#18280,.T.);
#18332 = ORIENTED_EDGE('',*,*,#18333,.T.);
#18333 = EDGE_CURVE('',#18258,#18334,#18336,.T.);
#18334 = VERTEX_POINT('',#18335);
#18335 = CARTESIAN_POINT('',(54.2000015,53.031541615175,0.4800001));
#18336 = SURFACE_CURVE('',#18337,(#18341,#18348),.PCURVE_S1.);
#18337 = LINE('',#18338,#18339);
#18338 = CARTESIAN_POINT('',(55.1750015,52.506541615175,0.4800001));
#18339 = VECTOR('',#18340,1.);
#18340 = DIRECTION('',(-0.880471099922,0.474099823035,0.));
#18341 = PCURVE('',#18296,#18342);
#18342 = DEFINITIONAL_REPRESENTATION('',(#18343),#18347);
#18343 = LINE('',#18344,#18345);
#18344 = CARTESIAN_POINT('',(0.,-0.48));
#18345 = VECTOR('',#18346,1.);
#18346 = DIRECTION('',(1.,0.));
#18347 = ( GEOMETRIC_REPRESENTATION_CONTEXT(2) 
PARAMETRIC_REPRESENTATION_CONTEXT() REPRESENTATION_CONTEXT('2D SPACE',''
  ) );
#18348 = PCURVE('',#17959,#18349);
#18349 = DEFINITIONAL_REPRESENTATION('',(#18350),#18354);
#18350 = LINE('',#18351,#18352);
#18351 = CARTESIAN_POINT('',(0.525,-0.525));
#18352 = VECTOR('',#18353,1.);
#18353 = DIRECTION('',(0.880471099922,0.474099823035));
#18354 = ( GEOMETRIC_REPRESENTATION_CONTEXT(2) 
PARAMETRIC_REPRESENTATION_CONTEXT() REPRESENTATION_CONTEXT('2D SPACE',''
  ) );
#18355 = ORIENTED_EDGE('',*,*,#18356,.F.);
#18356 = EDGE_CURVE('',#18357,#18334,#18359,.T.);
#18357 = VERTEX_POINT('',#18358);
#18358 = CARTESIAN_POINT('',(54.2000015,53.031541615175,
    1.000000073859E-07));
#18359 = SURFACE_CURVE('',#18360,(#18364,#18371),.PCURVE_S1.);
#18360 = LINE('',#18361,#18362);
#18361 = CARTESIAN_POINT('',(54.2000015,53.031541615175,
    1.000000073859E-07));
#18362 = VECTOR('',#18363,1.);
#18363 = DIRECTION('',(0.,0.,1.));
#18364 = PCURVE('',#18296,#18365);
#18365 = DEFINITIONAL_REPRESENTATION('',(#18366),#18370);
#18366 = LINE('',#18367,#18368);
#18367 = CARTESIAN_POINT('',(1.107361729518,0.));
#18368 = VECTOR('',#18369,1.);
#18369 = DIRECTION('',(0.,-1.));
#18370 = ( GEOMETRIC_REPRESENTATION_CONTEXT(2) 
PARAMETRIC_REPRESENTATION_CONTEXT() REPRESENTATION_CONTEXT('2D SPACE',''
  ) );
#18371 = PCURVE('',#18372,#18377);
#18372 = PLANE('',#18373);
#18373 = AXIS2_PLACEMENT_3D('',#18374,#18375,#18376);
#18374 = CARTESIAN_POINT('',(54.2000015,53.031541615175,
    1.000000073859E-07));
#18375 = DIRECTION('',(-0.474099823035,0.880471099922,0.));
#18376 = DIRECTION('',(0.880471099922,0.474099823035,0.));
#18377 = DEFINITIONAL_REPRESENTATION('',(#18378),#18382);
#18378 = LINE('',#18379,#18380);
#18379 = CARTESIAN_POINT('',(0.,0.));
#18380 = VECTOR('',#18381,1.);
#18381 = DIRECTION('',(0.,-1.));
#18382 = ( GEOMETRIC_REPRESENTATION_CONTEXT(2) 
PARAMETRIC_REPRESENTATION_CONTEXT() REPRESENTATION_CONTEXT('2D SPACE',''
  ) );
#18383 = ORIENTED_EDGE('',*,*,#18384,.F.);
#18384 = EDGE_CURVE('',#18281,#18357,#18385,.T.);
#18385 = SURFACE_CURVE('',#18386,(#18390,#18397),.PCURVE_S1.);
#18386 = LINE('',#18387,#18388);
#18387 = CARTESIAN_POINT('',(55.1750015,52.506541615175,
    1.000000073859E-07));
#18388 = VECTOR('',#18389,1.);
#18389 = DIRECTION('',(-0.880471099922,0.474099823035,0.));
#18390 = PCURVE('',#18296,#18391);
#18391 = DEFINITIONAL_REPRESENTATION('',(#18392),#18396);
#18392 = LINE('',#18393,#18394);
#18393 = CARTESIAN_POINT('',(0.,0.));
#18394 = VECTOR('',#18395,1.);
#18395 = DIRECTION('',(1.,0.));
#18396 = ( GEOMETRIC_REPRESENTATION_CONTEXT(2) 
PARAMETRIC_REPRESENTATION_CONTEXT() REPRESENTATION_CONTEXT('2D SPACE',''
  ) );
#18397 = PCURVE('',#18013,#18398);
#18398 = DEFINITIONAL_REPRESENTATION('',(#18399),#18403);
#18399 = LINE('',#18400,#18401);
#18400 = CARTESIAN_POINT('',(0.525,-0.525));
#18401 = VECTOR('',#18402,1.);
#18402 = DIRECTION('',(0.880471099922,0.474099823035));
#18403 = ( GEOMETRIC_REPRESENTATION_CONTEXT(2) 
PARAMETRIC_REPRESENTATION_CONTEXT() REPRESENTATION_CONTEXT('2D SPACE',''
  ) );
#18404 = ADVANCED_FACE('',(#18405),#18372,.T.);
#18405 = FACE_BOUND('',#18406,.T.);
#18406 = EDGE_LOOP('',(#18407,#18408,#18431,#18454));
#18407 = ORIENTED_EDGE('',*,*,#18356,.T.);
#18408 = ORIENTED_EDGE('',*,*,#18409,.T.);
#18409 = EDGE_CURVE('',#18334,#18410,#18412,.T.);
#18410 = VERTEX_POINT('',#18411);
#18411 = CARTESIAN_POINT('',(55.1750015,53.556541615175,0.4800001));
#18412 = SURFACE_CURVE('',#18413,(#18417,#18424),.PCURVE_S1.);
#18413 = LINE('',#18414,#18415);
#18414 = CARTESIAN_POINT('',(54.2000015,53.031541615175,0.4800001));
#18415 = VECTOR('',#18416,1.);
#18416 = DIRECTION('',(0.880471099922,0.474099823035,0.));
#18417 = PCURVE('',#18372,#18418);
#18418 = DEFINITIONAL_REPRESENTATION('',(#18419),#18423);
#18419 = LINE('',#18420,#18421);
#18420 = CARTESIAN_POINT('',(0.,-0.48));
#18421 = VECTOR('',#18422,1.);
#18422 = DIRECTION('',(1.,0.));
#18423 = ( GEOMETRIC_REPRESENTATION_CONTEXT(2) 
PARAMETRIC_REPRESENTATION_CONTEXT() REPRESENTATION_CONTEXT('2D SPACE',''
  ) );
#18424 = PCURVE('',#17959,#18425);
#18425 = DEFINITIONAL_REPRESENTATION('',(#18426),#18430);
#18426 = LINE('',#18427,#18428);
#18427 = CARTESIAN_POINT('',(1.5,0.));
#18428 = VECTOR('',#18429,1.);
#18429 = DIRECTION('',(-0.880471099922,0.474099823035));
#18430 = ( GEOMETRIC_REPRESENTATION_CONTEXT(2) 
PARAMETRIC_REPRESENTATION_CONTEXT() REPRESENTATION_CONTEXT('2D SPACE',''
  ) );
#18431 = ORIENTED_EDGE('',*,*,#18432,.F.);
#18432 = EDGE_CURVE('',#18433,#18410,#18435,.T.);
#18433 = VERTEX_POINT('',#18434);
#18434 = CARTESIAN_POINT('',(55.1750015,53.556541615175,
    1.000000073859E-07));
#18435 = SURFACE_CURVE('',#18436,(#18440,#18447),.PCURVE_S1.);
#18436 = LINE('',#18437,#18438);
#18437 = CARTESIAN_POINT('',(55.1750015,53.556541615175,
    1.000000073859E-07));
#18438 = VECTOR('',#18439,1.);
#18439 = DIRECTION('',(0.,0.,1.));
#18440 = PCURVE('',#18372,#18441);
#18441 = DEFINITIONAL_REPRESENTATION('',(#18442),#18446);
#18442 = LINE('',#18443,#18444);
#18443 = CARTESIAN_POINT('',(1.107361729518,0.));
#18444 = VECTOR('',#18445,1.);
#18445 = DIRECTION('',(0.,-1.));
#18446 = ( GEOMETRIC_REPRESENTATION_CONTEXT(2) 
PARAMETRIC_REPRESENTATION_CONTEXT() REPRESENTATION_CONTEXT('2D SPACE',''
  ) );
#18447 = PCURVE('',#17931,#18448);
#18448 = DEFINITIONAL_REPRESENTATION('',(#18449),#18453);
#18449 = LINE('',#18450,#18451);
#18450 = CARTESIAN_POINT('',(0.,0.));
#18451 = VECTOR('',#18452,1.);
#18452 = DIRECTION('',(0.,-1.));
#18453 = ( GEOMETRIC_REPRESENTATION_CONTEXT(2) 
PARAMETRIC_REPRESENTATION_CONTEXT() REPRESENTATION_CONTEXT('2D SPACE',''
  ) );
#18454 = ORIENTED_EDGE('',*,*,#18455,.F.);
#18455 = EDGE_CURVE('',#18357,#18433,#18456,.T.);
#18456 = SURFACE_CURVE('',#18457,(#18461,#18468),.PCURVE_S1.);
#18457 = LINE('',#18458,#18459);
#18458 = CARTESIAN_POINT('',(54.2000015,53.031541615175,
    1.000000073859E-07));
#18459 = VECTOR('',#18460,1.);
#18460 = DIRECTION('',(0.880471099922,0.474099823035,0.));
#18461 = PCURVE('',#18372,#18462);
#18462 = DEFINITIONAL_REPRESENTATION('',(#18463),#18467);
#18463 = LINE('',#18464,#18465);
#18464 = CARTESIAN_POINT('',(0.,0.));
#18465 = VECTOR('',#18466,1.);
#18466 = DIRECTION('',(1.,0.));
#18467 = ( GEOMETRIC_REPRESENTATION_CONTEXT(2) 
PARAMETRIC_REPRESENTATION_CONTEXT() REPRESENTATION_CONTEXT('2D SPACE',''
  ) );
#18468 = PCURVE('',#18013,#18469);
#18469 = DEFINITIONAL_REPRESENTATION('',(#18470),#18474);
#18470 = LINE('',#18471,#18472);
#18471 = CARTESIAN_POINT('',(1.5,0.));
#18472 = VECTOR('',#18473,1.);
#18473 = DIRECTION('',(-0.880471099922,0.474099823035));
#18474 = ( GEOMETRIC_REPRESENTATION_CONTEXT(2) 
PARAMETRIC_REPRESENTATION_CONTEXT() REPRESENTATION_CONTEXT('2D SPACE',''
  ) );
#18475 = ADVANCED_FACE('',(#18476),#17931,.T.);
#18476 = FACE_BOUND('',#18477,.T.);
#18477 = EDGE_LOOP('',(#18478,#18479,#18500,#18501));
#18478 = ORIENTED_EDGE('',*,*,#18432,.T.);
#18479 = ORIENTED_EDGE('',*,*,#18480,.T.);
#18480 = EDGE_CURVE('',#18410,#17911,#18481,.T.);
#18481 = SURFACE_CURVE('',#18482,(#18486,#18493),.PCURVE_S1.);
#18482 = LINE('',#18483,#18484);
#18483 = CARTESIAN_POINT('',(55.1750015,53.556541615175,0.4800001));
#18484 = VECTOR('',#18485,1.);
#18485 = DIRECTION('',(0.474099823035,0.880471099922,0.));
#18486 = PCURVE('',#17931,#18487);
#18487 = DEFINITIONAL_REPRESENTATION('',(#18488),#18492);
#18488 = LINE('',#18489,#18490);
#18489 = CARTESIAN_POINT('',(0.,-0.48));
#18490 = VECTOR('',#18491,1.);
#18491 = DIRECTION('',(1.,0.));
#18492 = ( GEOMETRIC_REPRESENTATION_CONTEXT(2) 
PARAMETRIC_REPRESENTATION_CONTEXT() REPRESENTATION_CONTEXT('2D SPACE',''
  ) );
#18493 = PCURVE('',#17959,#18494);
#18494 = DEFINITIONAL_REPRESENTATION('',(#18495),#18499);
#18495 = LINE('',#18496,#18497);
#18496 = CARTESIAN_POINT('',(0.525,0.525));
#18497 = VECTOR('',#18498,1.);
#18498 = DIRECTION('',(-0.474099823035,0.880471099922));
#18499 = ( GEOMETRIC_REPRESENTATION_CONTEXT(2) 
PARAMETRIC_REPRESENTATION_CONTEXT() REPRESENTATION_CONTEXT('2D SPACE',''
  ) );
#18500 = ORIENTED_EDGE('',*,*,#17908,.F.);
#18501 = ORIENTED_EDGE('',*,*,#18502,.F.);
#18502 = EDGE_CURVE('',#18433,#17909,#18503,.T.);
#18503 = SURFACE_CURVE('',#18504,(#18508,#18515),.PCURVE_S1.);
#18504 = LINE('',#18505,#18506);
#18505 = CARTESIAN_POINT('',(55.1750015,53.556541615175,
    1.000000073859E-07));
#18506 = VECTOR('',#18507,1.);
#18507 = DIRECTION('',(0.474099823035,0.880471099922,0.));
#18508 = PCURVE('',#17931,#18509);
#18509 = DEFINITIONAL_REPRESENTATION('',(#18510),#18514);
#18510 = LINE('',#18511,#18512);
#18511 = CARTESIAN_POINT('',(0.,0.));
#18512 = VECTOR('',#18513,1.);
#18513 = DIRECTION('',(1.,0.));
#18514 = ( GEOMETRIC_REPRESENTATION_CONTEXT(2) 
PARAMETRIC_REPRESENTATION_CONTEXT() REPRESENTATION_CONTEXT('2D SPACE',''
  ) );
#18515 = PCURVE('',#18013,#18516);
#18516 = DEFINITIONAL_REPRESENTATION('',(#18517),#18521);
#18517 = LINE('',#18518,#18519);
#18518 = CARTESIAN_POINT('',(0.525,0.525));
#18519 = VECTOR('',#18520,1.);
#18520 = DIRECTION('',(-0.474099823035,0.880471099922));
#18521 = ( GEOMETRIC_REPRESENTATION_CONTEXT(2) 
PARAMETRIC_REPRESENTATION_CONTEXT() REPRESENTATION_CONTEXT('2D SPACE',''
  ) );
#18522 = ADVANCED_FACE('',(#18523),#18013,.T.);
#18523 = FACE_BOUND('',#18524,.T.);
#18524 = EDGE_LOOP('',(#18525,#18526,#18527,#18528,#18529,#18530,#18531,
    #18532));
#18525 = ORIENTED_EDGE('',*,*,#17999,.T.);
#18526 = ORIENTED_EDGE('',*,*,#18080,.T.);
#18527 = ORIENTED_EDGE('',*,*,#18156,.T.);
#18528 = ORIENTED_EDGE('',*,*,#18232,.T.);
#18529 = ORIENTED_EDGE('',*,*,#18308,.T.);
#18530 = ORIENTED_EDGE('',*,*,#18384,.T.);
#18531 = ORIENTED_EDGE('',*,*,#18455,.T.);
#18532 = ORIENTED_EDGE('',*,*,#18502,.T.);
#18533 = ADVANCED_FACE('',(#18534),#17959,.F.);
#18534 = FACE_BOUND('',#18535,.F.);
#18535 = EDGE_LOOP('',(#18536,#18537,#18538,#18539,#18540,#18541,#18542,
    #18543));
#18536 = ORIENTED_EDGE('',*,*,#17943,.T.);
#18537 = ORIENTED_EDGE('',*,*,#18029,.T.);
#18538 = ORIENTED_EDGE('',*,*,#18105,.T.);
#18539 = ORIENTED_EDGE('',*,*,#18181,.T.);
#18540 = ORIENTED_EDGE('',*,*,#18257,.T.);
#18541 = ORIENTED_EDGE('',*,*,#18333,.T.);
#18542 = ORIENTED_EDGE('',*,*,#18409,.T.);
#18543 = ORIENTED_EDGE('',*,*,#18480,.T.);
#18544 = ( GEOMETRIC_REPRESENTATION_CONTEXT(3) 
GLOBAL_UNCERTAINTY_ASSIGNED_CONTEXT((#18548)) 
GLOBAL_UNIT_ASSIGNED_CONTEXT((#18545,#18546,#18547)) 
REPRESENTATION_CONTEXT('Context #1',
  '3D Context with UNIT and UNCERTAINTY') );
#18545 = ( LENGTH_UNIT() NAMED_UNIT(*) SI_UNIT(.MILLI.,.METRE.) );
#18546 = ( NAMED_UNIT(*) PLANE_ANGLE_UNIT() SI_UNIT($,.RADIAN.) );
#18547 = ( NAMED_UNIT(*) SI_UNIT($,.STERADIAN.) SOLID_ANGLE_UNIT() );
#18548 = UNCERTAINTY_MEASURE_WITH_UNIT(LENGTH_MEASURE(1.E-07),#18545,
  'distance_accuracy_value','confusion accuracy');
#18549 = CONTEXT_DEPENDENT_SHAPE_REPRESENTATION(#18550,#18552);
#18550 = ( REPRESENTATION_RELATIONSHIP('','',#17901,#10) 
REPRESENTATION_RELATIONSHIP_WITH_TRANSFORMATION(#18551) 
SHAPE_REPRESENTATION_RELATIONSHIP() );
#18551 = ITEM_DEFINED_TRANSFORMATION('','',#11,#123);
#18552 = PRODUCT_DEFINITION_SHAPE('Placement','Placement of an item',
  #18553);
#18553 = NEXT_ASSEMBLY_USAGE_OCCURRENCE('278','','',#5,#17896,$);
#18554 = PRODUCT_RELATED_PRODUCT_CATEGORY('part',$,(#17898));
#18555 = SHAPE_DEFINITION_REPRESENTATION(#18556,#18562);
#18556 = PRODUCT_DEFINITION_SHAPE('','',#18557);
#18557 = PRODUCT_DEFINITION('design','',#18558,#18561);
#18558 = PRODUCT_DEFINITION_FORMATION('','',#18559);
#18559 = PRODUCT('Open CASCADE STEP translator 7.8 2.29',
  'Open CASCADE STEP translator 7.8 2.29','',(#18560));
#18560 = PRODUCT_CONTEXT('',#2,'mechanical');
#18561 = PRODUCT_DEFINITION_CONTEXT('part definition',#2,'design');
#18562 = ADVANCED_BREP_SHAPE_REPRESENTATION('',(#11,#18563),#19205);
#18563 = MANIFOLD_SOLID_BREP('',#18564);
#18564 = CLOSED_SHELL('',(#18565,#18685,#18761,#18837,#18913,#18989,
    #19065,#19136,#19183,#19194));
#18565 = ADVANCED_FACE('',(#18566),#18580,.T.);
#18566 = FACE_BOUND('',#18567,.T.);
#18567 = EDGE_LOOP('',(#18568,#18603,#18631,#18659));
#18568 = ORIENTED_EDGE('',*,*,#18569,.T.);
#18569 = EDGE_CURVE('',#18570,#18572,#18574,.T.);
#18570 = VERTEX_POINT('',#18571);
#18571 = CARTESIAN_POINT('',(62.5000017,54.131541615175,
    1.00000008274E-07));
#18572 = VERTEX_POINT('',#18573);
#18573 = CARTESIAN_POINT('',(62.5000017,54.131541615175,0.4800001));
#18574 = SURFACE_CURVE('',#18575,(#18579,#18591),.PCURVE_S1.);
#18575 = LINE('',#18576,#18577);
#18576 = CARTESIAN_POINT('',(62.5000017,54.131541615175,
    1.00000008274E-07));
#18577 = VECTOR('',#18578,1.);
#18578 = DIRECTION('',(0.,0.,1.));
#18579 = PCURVE('',#18580,#18585);
#18580 = PLANE('',#18581);
#18581 = AXIS2_PLACEMENT_3D('',#18582,#18583,#18584);
#18582 = CARTESIAN_POINT('',(62.5000017,54.131541615175,
    1.00000008274E-07));
#18583 = DIRECTION('',(0.880471099922,0.474099823035,-0.));
#18584 = DIRECTION('',(0.474099823035,-0.880471099922,0.));
#18585 = DEFINITIONAL_REPRESENTATION('',(#18586),#18590);
#18586 = LINE('',#18587,#18588);
#18587 = CARTESIAN_POINT('',(0.,0.));
#18588 = VECTOR('',#18589,1.);
#18589 = DIRECTION('',(0.,-1.));
#18590 = ( GEOMETRIC_REPRESENTATION_CONTEXT(2) 
PARAMETRIC_REPRESENTATION_CONTEXT() REPRESENTATION_CONTEXT('2D SPACE',''
  ) );
#18591 = PCURVE('',#18592,#18597);
#18592 = PLANE('',#18593);
#18593 = AXIS2_PLACEMENT_3D('',#18594,#18595,#18596);
#18594 = CARTESIAN_POINT('',(62.0450017,53.286541615175,
    1.00000008274E-07));
#18595 = DIRECTION('',(-0.880471099922,0.474099823035,0.));
#18596 = DIRECTION('',(0.474099823035,0.880471099922,0.));
#18597 = DEFINITIONAL_REPRESENTATION('',(#18598),#18602);
#18598 = LINE('',#18599,#18600);
#18599 = CARTESIAN_POINT('',(0.959713498915,0.));
#18600 = VECTOR('',#18601,1.);
#18601 = DIRECTION('',(0.,-1.));
#18602 = ( GEOMETRIC_REPRESENTATION_CONTEXT(2) 
PARAMETRIC_REPRESENTATION_CONTEXT() REPRESENTATION_CONTEXT('2D SPACE',''
  ) );
#18603 = ORIENTED_EDGE('',*,*,#18604,.T.);
#18604 = EDGE_CURVE('',#18572,#18605,#18607,.T.);
#18605 = VERTEX_POINT('',#18606);
#18606 = CARTESIAN_POINT('',(62.9550017,53.286541615175,0.4800001));
#18607 = SURFACE_CURVE('',#18608,(#18612,#18619),.PCURVE_S1.);
#18608 = LINE('',#18609,#18610);
#18609 = CARTESIAN_POINT('',(62.5000017,54.131541615175,0.4800001));
#18610 = VECTOR('',#18611,1.);
#18611 = DIRECTION('',(0.474099823035,-0.880471099922,0.));
#18612 = PCURVE('',#18580,#18613);
#18613 = DEFINITIONAL_REPRESENTATION('',(#18614),#18618);
#18614 = LINE('',#18615,#18616);
#18615 = CARTESIAN_POINT('',(0.,-0.48));
#18616 = VECTOR('',#18617,1.);
#18617 = DIRECTION('',(1.,0.));
#18618 = ( GEOMETRIC_REPRESENTATION_CONTEXT(2) 
PARAMETRIC_REPRESENTATION_CONTEXT() REPRESENTATION_CONTEXT('2D SPACE',''
  ) );
#18619 = PCURVE('',#18620,#18625);
#18620 = PLANE('',#18621);
#18621 = AXIS2_PLACEMENT_3D('',#18622,#18623,#18624);
#18622 = CARTESIAN_POINT('',(62.5000017,52.831541615175,0.4800001));
#18623 = DIRECTION('',(-0.,-0.,-1.));
#18624 = DIRECTION('',(-1.,0.,0.));
#18625 = DEFINITIONAL_REPRESENTATION('',(#18626),#18630);
#18626 = LINE('',#18627,#18628);
#18627 = CARTESIAN_POINT('',(0.,1.3));
#18628 = VECTOR('',#18629,1.);
#18629 = DIRECTION('',(-0.474099823035,-0.880471099922));
#18630 = ( GEOMETRIC_REPRESENTATION_CONTEXT(2) 
PARAMETRIC_REPRESENTATION_CONTEXT() REPRESENTATION_CONTEXT('2D SPACE',''
  ) );
#18631 = ORIENTED_EDGE('',*,*,#18632,.F.);
#18632 = EDGE_CURVE('',#18633,#18605,#18635,.T.);
#18633 = VERTEX_POINT('',#18634);
#18634 = CARTESIAN_POINT('',(62.9550017,53.286541615175,
    1.00000008274E-07));
#18635 = SURFACE_CURVE('',#18636,(#18640,#18647),.PCURVE_S1.);
#18636 = LINE('',#18637,#18638);
#18637 = CARTESIAN_POINT('',(62.9550017,53.286541615175,
    1.00000008274E-07));
#18638 = VECTOR('',#18639,1.);
#18639 = DIRECTION('',(0.,0.,1.));
#18640 = PCURVE('',#18580,#18641);
#18641 = DEFINITIONAL_REPRESENTATION('',(#18642),#18646);
#18642 = LINE('',#18643,#18644);
#18643 = CARTESIAN_POINT('',(0.959713498915,0.));
#18644 = VECTOR('',#18645,1.);
#18645 = DIRECTION('',(0.,-1.));
#18646 = ( GEOMETRIC_REPRESENTATION_CONTEXT(2) 
PARAMETRIC_REPRESENTATION_CONTEXT() REPRESENTATION_CONTEXT('2D SPACE',''
  ) );
#18647 = PCURVE('',#18648,#18653);
#18648 = PLANE('',#18649);
#18649 = AXIS2_PLACEMENT_3D('',#18650,#18651,#18652);
#18650 = CARTESIAN_POINT('',(62.9550017,53.286541615175,
    1.00000008274E-07));
#18651 = DIRECTION('',(0.474099823035,0.880471099922,-0.));
#18652 = DIRECTION('',(0.880471099922,-0.474099823035,0.));
#18653 = DEFINITIONAL_REPRESENTATION('',(#18654),#18658);
#18654 = LINE('',#18655,#18656);
#18655 = CARTESIAN_POINT('',(0.,0.));
#18656 = VECTOR('',#18657,1.);
#18657 = DIRECTION('',(0.,-1.));
#18658 = ( GEOMETRIC_REPRESENTATION_CONTEXT(2) 
PARAMETRIC_REPRESENTATION_CONTEXT() REPRESENTATION_CONTEXT('2D SPACE',''
  ) );
#18659 = ORIENTED_EDGE('',*,*,#18660,.F.);
#18660 = EDGE_CURVE('',#18570,#18633,#18661,.T.);
#18661 = SURFACE_CURVE('',#18662,(#18666,#18673),.PCURVE_S1.);
#18662 = LINE('',#18663,#18664);
#18663 = CARTESIAN_POINT('',(62.5000017,54.131541615175,
    1.00000008274E-07));
#18664 = VECTOR('',#18665,1.);
#18665 = DIRECTION('',(0.474099823035,-0.880471099922,0.));
#18666 = PCURVE('',#18580,#18667);
#18667 = DEFINITIONAL_REPRESENTATION('',(#18668),#18672);
#18668 = LINE('',#18669,#18670);
#18669 = CARTESIAN_POINT('',(0.,0.));
#18670 = VECTOR('',#18671,1.);
#18671 = DIRECTION('',(1.,0.));
#18672 = ( GEOMETRIC_REPRESENTATION_CONTEXT(2) 
PARAMETRIC_REPRESENTATION_CONTEXT() REPRESENTATION_CONTEXT('2D SPACE',''
  ) );
#18673 = PCURVE('',#18674,#18679);
#18674 = PLANE('',#18675);
#18675 = AXIS2_PLACEMENT_3D('',#18676,#18677,#18678);
#18676 = CARTESIAN_POINT('',(62.5000017,52.831541615175,
    1.00000008274E-07));
#18677 = DIRECTION('',(-0.,-0.,-1.));
#18678 = DIRECTION('',(-1.,0.,0.));
#18679 = DEFINITIONAL_REPRESENTATION('',(#18680),#18684);
#18680 = LINE('',#18681,#18682);
#18681 = CARTESIAN_POINT('',(0.,1.3));
#18682 = VECTOR('',#18683,1.);
#18683 = DIRECTION('',(-0.474099823035,-0.880471099922));
#18684 = ( GEOMETRIC_REPRESENTATION_CONTEXT(2) 
PARAMETRIC_REPRESENTATION_CONTEXT() REPRESENTATION_CONTEXT('2D SPACE',''
  ) );
#18685 = ADVANCED_FACE('',(#18686),#18648,.T.);
#18686 = FACE_BOUND('',#18687,.T.);
#18687 = EDGE_LOOP('',(#18688,#18689,#18712,#18740));
#18688 = ORIENTED_EDGE('',*,*,#18632,.T.);
#18689 = ORIENTED_EDGE('',*,*,#18690,.T.);
#18690 = EDGE_CURVE('',#18605,#18691,#18693,.T.);
#18691 = VERTEX_POINT('',#18692);
#18692 = CARTESIAN_POINT('',(63.8000017,52.831541615175,0.4800001));
#18693 = SURFACE_CURVE('',#18694,(#18698,#18705),.PCURVE_S1.);
#18694 = LINE('',#18695,#18696);
#18695 = CARTESIAN_POINT('',(62.9550017,53.286541615175,0.4800001));
#18696 = VECTOR('',#18697,1.);
#18697 = DIRECTION('',(0.880471099922,-0.474099823035,0.));
#18698 = PCURVE('',#18648,#18699);
#18699 = DEFINITIONAL_REPRESENTATION('',(#18700),#18704);
#18700 = LINE('',#18701,#18702);
#18701 = CARTESIAN_POINT('',(0.,-0.48));
#18702 = VECTOR('',#18703,1.);
#18703 = DIRECTION('',(1.,0.));
#18704 = ( GEOMETRIC_REPRESENTATION_CONTEXT(2) 
PARAMETRIC_REPRESENTATION_CONTEXT() REPRESENTATION_CONTEXT('2D SPACE',''
  ) );
#18705 = PCURVE('',#18620,#18706);
#18706 = DEFINITIONAL_REPRESENTATION('',(#18707),#18711);
#18707 = LINE('',#18708,#18709);
#18708 = CARTESIAN_POINT('',(-0.455,0.455));
#18709 = VECTOR('',#18710,1.);
#18710 = DIRECTION('',(-0.880471099922,-0.474099823035));
#18711 = ( GEOMETRIC_REPRESENTATION_CONTEXT(2) 
PARAMETRIC_REPRESENTATION_CONTEXT() REPRESENTATION_CONTEXT('2D SPACE',''
  ) );
#18712 = ORIENTED_EDGE('',*,*,#18713,.F.);
#18713 = EDGE_CURVE('',#18714,#18691,#18716,.T.);
#18714 = VERTEX_POINT('',#18715);
#18715 = CARTESIAN_POINT('',(63.8000017,52.831541615175,
    1.00000008274E-07));
#18716 = SURFACE_CURVE('',#18717,(#18721,#18728),.PCURVE_S1.);
#18717 = LINE('',#18718,#18719);
#18718 = CARTESIAN_POINT('',(63.8000017,52.831541615175,
    1.00000008274E-07));
#18719 = VECTOR('',#18720,1.);
#18720 = DIRECTION('',(0.,0.,1.));
#18721 = PCURVE('',#18648,#18722);
#18722 = DEFINITIONAL_REPRESENTATION('',(#18723),#18727);
#18723 = LINE('',#18724,#18725);
#18724 = CARTESIAN_POINT('',(0.959713498915,0.));
#18725 = VECTOR('',#18726,1.);
#18726 = DIRECTION('',(0.,-1.));
#18727 = ( GEOMETRIC_REPRESENTATION_CONTEXT(2) 
PARAMETRIC_REPRESENTATION_CONTEXT() REPRESENTATION_CONTEXT('2D SPACE',''
  ) );
#18728 = PCURVE('',#18729,#18734);
#18729 = PLANE('',#18730);
#18730 = AXIS2_PLACEMENT_3D('',#18731,#18732,#18733);
#18731 = CARTESIAN_POINT('',(63.8000017,52.831541615175,
    1.00000008274E-07));
#18732 = DIRECTION('',(0.474099823035,-0.880471099922,0.));
#18733 = DIRECTION('',(-0.880471099922,-0.474099823035,0.));
#18734 = DEFINITIONAL_REPRESENTATION('',(#18735),#18739);
#18735 = LINE('',#18736,#18737);
#18736 = CARTESIAN_POINT('',(0.,0.));
#18737 = VECTOR('',#18738,1.);
#18738 = DIRECTION('',(0.,-1.));
#18739 = ( GEOMETRIC_REPRESENTATION_CONTEXT(2) 
PARAMETRIC_REPRESENTATION_CONTEXT() REPRESENTATION_CONTEXT('2D SPACE',''
  ) );
#18740 = ORIENTED_EDGE('',*,*,#18741,.F.);
#18741 = EDGE_CURVE('',#18633,#18714,#18742,.T.);
#18742 = SURFACE_CURVE('',#18743,(#18747,#18754),.PCURVE_S1.);
#18743 = LINE('',#18744,#18745);
#18744 = CARTESIAN_POINT('',(62.9550017,53.286541615175,
    1.00000008274E-07));
#18745 = VECTOR('',#18746,1.);
#18746 = DIRECTION('',(0.880471099922,-0.474099823035,0.));
#18747 = PCURVE('',#18648,#18748);
#18748 = DEFINITIONAL_REPRESENTATION('',(#18749),#18753);
#18749 = LINE('',#18750,#18751);
#18750 = CARTESIAN_POINT('',(0.,0.));
#18751 = VECTOR('',#18752,1.);
#18752 = DIRECTION('',(1.,0.));
#18753 = ( GEOMETRIC_REPRESENTATION_CONTEXT(2) 
PARAMETRIC_REPRESENTATION_CONTEXT() REPRESENTATION_CONTEXT('2D SPACE',''
  ) );
#18754 = PCURVE('',#18674,#18755);
#18755 = DEFINITIONAL_REPRESENTATION('',(#18756),#18760);
#18756 = LINE('',#18757,#18758);
#18757 = CARTESIAN_POINT('',(-0.455,0.455));
#18758 = VECTOR('',#18759,1.);
#18759 = DIRECTION('',(-0.880471099922,-0.474099823035));
#18760 = ( GEOMETRIC_REPRESENTATION_CONTEXT(2) 
PARAMETRIC_REPRESENTATION_CONTEXT() REPRESENTATION_CONTEXT('2D SPACE',''
  ) );
#18761 = ADVANCED_FACE('',(#18762),#18729,.T.);
#18762 = FACE_BOUND('',#18763,.T.);
#18763 = EDGE_LOOP('',(#18764,#18765,#18788,#18816));
#18764 = ORIENTED_EDGE('',*,*,#18713,.T.);
#18765 = ORIENTED_EDGE('',*,*,#18766,.T.);
#18766 = EDGE_CURVE('',#18691,#18767,#18769,.T.);
#18767 = VERTEX_POINT('',#18768);
#18768 = CARTESIAN_POINT('',(62.9550017,52.376541615175,0.4800001));
#18769 = SURFACE_CURVE('',#18770,(#18774,#18781),.PCURVE_S1.);
#18770 = LINE('',#18771,#18772);
#18771 = CARTESIAN_POINT('',(63.8000017,52.831541615175,0.4800001));
#18772 = VECTOR('',#18773,1.);
#18773 = DIRECTION('',(-0.880471099922,-0.474099823035,0.));
#18774 = PCURVE('',#18729,#18775);
#18775 = DEFINITIONAL_REPRESENTATION('',(#18776),#18780);
#18776 = LINE('',#18777,#18778);
#18777 = CARTESIAN_POINT('',(0.,-0.48));
#18778 = VECTOR('',#18779,1.);
#18779 = DIRECTION('',(1.,0.));
#18780 = ( GEOMETRIC_REPRESENTATION_CONTEXT(2) 
PARAMETRIC_REPRESENTATION_CONTEXT() REPRESENTATION_CONTEXT('2D SPACE',''
  ) );
#18781 = PCURVE('',#18620,#18782);
#18782 = DEFINITIONAL_REPRESENTATION('',(#18783),#18787);
#18783 = LINE('',#18784,#18785);
#18784 = CARTESIAN_POINT('',(-1.3,0.));
#18785 = VECTOR('',#18786,1.);
#18786 = DIRECTION('',(0.880471099922,-0.474099823035));
#18787 = ( GEOMETRIC_REPRESENTATION_CONTEXT(2) 
PARAMETRIC_REPRESENTATION_CONTEXT() REPRESENTATION_CONTEXT('2D SPACE',''
  ) );
#18788 = ORIENTED_EDGE('',*,*,#18789,.F.);
#18789 = EDGE_CURVE('',#18790,#18767,#18792,.T.);
#18790 = VERTEX_POINT('',#18791);
#18791 = CARTESIAN_POINT('',(62.9550017,52.376541615175,
    1.00000008274E-07));
#18792 = SURFACE_CURVE('',#18793,(#18797,#18804),.PCURVE_S1.);
#18793 = LINE('',#18794,#18795);
#18794 = CARTESIAN_POINT('',(62.9550017,52.376541615175,
    1.00000008274E-07));
#18795 = VECTOR('',#18796,1.);
#18796 = DIRECTION('',(0.,0.,1.));
#18797 = PCURVE('',#18729,#18798);
#18798 = DEFINITIONAL_REPRESENTATION('',(#18799),#18803);
#18799 = LINE('',#18800,#18801);
#18800 = CARTESIAN_POINT('',(0.959713498915,0.));
#18801 = VECTOR('',#18802,1.);
#18802 = DIRECTION('',(0.,-1.));
#18803 = ( GEOMETRIC_REPRESENTATION_CONTEXT(2) 
PARAMETRIC_REPRESENTATION_CONTEXT() REPRESENTATION_CONTEXT('2D SPACE',''
  ) );
#18804 = PCURVE('',#18805,#18810);
#18805 = PLANE('',#18806);
#18806 = AXIS2_PLACEMENT_3D('',#18807,#18808,#18809);
#18807 = CARTESIAN_POINT('',(62.9550017,52.376541615175,
    1.00000008274E-07));
#18808 = DIRECTION('',(0.880471099922,-0.474099823035,0.));
#18809 = DIRECTION('',(-0.474099823035,-0.880471099922,0.));
#18810 = DEFINITIONAL_REPRESENTATION('',(#18811),#18815);
#18811 = LINE('',#18812,#18813);
#18812 = CARTESIAN_POINT('',(0.,0.));
#18813 = VECTOR('',#18814,1.);
#18814 = DIRECTION('',(0.,-1.));
#18815 = ( GEOMETRIC_REPRESENTATION_CONTEXT(2) 
PARAMETRIC_REPRESENTATION_CONTEXT() REPRESENTATION_CONTEXT('2D SPACE',''
  ) );
#18816 = ORIENTED_EDGE('',*,*,#18817,.F.);
#18817 = EDGE_CURVE('',#18714,#18790,#18818,.T.);
#18818 = SURFACE_CURVE('',#18819,(#18823,#18830),.PCURVE_S1.);
#18819 = LINE('',#18820,#18821);
#18820 = CARTESIAN_POINT('',(63.8000017,52.831541615175,
    1.00000008274E-07));
#18821 = VECTOR('',#18822,1.);
#18822 = DIRECTION('',(-0.880471099922,-0.474099823035,0.));
#18823 = PCURVE('',#18729,#18824);
#18824 = DEFINITIONAL_REPRESENTATION('',(#18825),#18829);
#18825 = LINE('',#18826,#18827);
#18826 = CARTESIAN_POINT('',(0.,0.));
#18827 = VECTOR('',#18828,1.);
#18828 = DIRECTION('',(1.,0.));
#18829 = ( GEOMETRIC_REPRESENTATION_CONTEXT(2) 
PARAMETRIC_REPRESENTATION_CONTEXT() REPRESENTATION_CONTEXT('2D SPACE',''
  ) );
#18830 = PCURVE('',#18674,#18831);
#18831 = DEFINITIONAL_REPRESENTATION('',(#18832),#18836);
#18832 = LINE('',#18833,#18834);
#18833 = CARTESIAN_POINT('',(-1.3,0.));
#18834 = VECTOR('',#18835,1.);
#18835 = DIRECTION('',(0.880471099922,-0.474099823035));
#18836 = ( GEOMETRIC_REPRESENTATION_CONTEXT(2) 
PARAMETRIC_REPRESENTATION_CONTEXT() REPRESENTATION_CONTEXT('2D SPACE',''
  ) );
#18837 = ADVANCED_FACE('',(#18838),#18805,.T.);
#18838 = FACE_BOUND('',#18839,.T.);
#18839 = EDGE_LOOP('',(#18840,#18841,#18864,#18892));
#18840 = ORIENTED_EDGE('',*,*,#18789,.T.);
#18841 = ORIENTED_EDGE('',*,*,#18842,.T.);
#18842 = EDGE_CURVE('',#18767,#18843,#18845,.T.);
#18843 = VERTEX_POINT('',#18844);
#18844 = CARTESIAN_POINT('',(62.5000017,51.531541615175,0.4800001));
#18845 = SURFACE_CURVE('',#18846,(#18850,#18857),.PCURVE_S1.);
#18846 = LINE('',#18847,#18848);
#18847 = CARTESIAN_POINT('',(62.9550017,52.376541615175,0.4800001));
#18848 = VECTOR('',#18849,1.);
#18849 = DIRECTION('',(-0.474099823035,-0.880471099922,0.));
#18850 = PCURVE('',#18805,#18851);
#18851 = DEFINITIONAL_REPRESENTATION('',(#18852),#18856);
#18852 = LINE('',#18853,#18854);
#18853 = CARTESIAN_POINT('',(0.,-0.48));
#18854 = VECTOR('',#18855,1.);
#18855 = DIRECTION('',(1.,0.));
#18856 = ( GEOMETRIC_REPRESENTATION_CONTEXT(2) 
PARAMETRIC_REPRESENTATION_CONTEXT() REPRESENTATION_CONTEXT('2D SPACE',''
  ) );
#18857 = PCURVE('',#18620,#18858);
#18858 = DEFINITIONAL_REPRESENTATION('',(#18859),#18863);
#18859 = LINE('',#18860,#18861);
#18860 = CARTESIAN_POINT('',(-0.455,-0.455));
#18861 = VECTOR('',#18862,1.);
#18862 = DIRECTION('',(0.474099823035,-0.880471099922));
#18863 = ( GEOMETRIC_REPRESENTATION_CONTEXT(2) 
PARAMETRIC_REPRESENTATION_CONTEXT() REPRESENTATION_CONTEXT('2D SPACE',''
  ) );
#18864 = ORIENTED_EDGE('',*,*,#18865,.F.);
#18865 = EDGE_CURVE('',#18866,#18843,#18868,.T.);
#18866 = VERTEX_POINT('',#18867);
#18867 = CARTESIAN_POINT('',(62.5000017,51.531541615175,
    1.00000008274E-07));
#18868 = SURFACE_CURVE('',#18869,(#18873,#18880),.PCURVE_S1.);
#18869 = LINE('',#18870,#18871);
#18870 = CARTESIAN_POINT('',(62.5000017,51.531541615175,
    1.00000008274E-07));
#18871 = VECTOR('',#18872,1.);
#18872 = DIRECTION('',(0.,0.,1.));
#18873 = PCURVE('',#18805,#18874);
#18874 = DEFINITIONAL_REPRESENTATION('',(#18875),#18879);
#18875 = LINE('',#18876,#18877);
#18876 = CARTESIAN_POINT('',(0.959713498915,0.));
#18877 = VECTOR('',#18878,1.);
#18878 = DIRECTION('',(0.,-1.));
#18879 = ( GEOMETRIC_REPRESENTATION_CONTEXT(2) 
PARAMETRIC_REPRESENTATION_CONTEXT() REPRESENTATION_CONTEXT('2D SPACE',''
  ) );
#18880 = PCURVE('',#18881,#18886);
#18881 = PLANE('',#18882);
#18882 = AXIS2_PLACEMENT_3D('',#18883,#18884,#18885);
#18883 = CARTESIAN_POINT('',(62.5000017,51.531541615175,
    1.00000008274E-07));
#18884 = DIRECTION('',(-0.880471099922,-0.474099823035,0.));
#18885 = DIRECTION('',(-0.474099823035,0.880471099922,0.));
#18886 = DEFINITIONAL_REPRESENTATION('',(#18887),#18891);
#18887 = LINE('',#18888,#18889);
#18888 = CARTESIAN_POINT('',(0.,0.));
#18889 = VECTOR('',#18890,1.);
#18890 = DIRECTION('',(0.,-1.));
#18891 = ( GEOMETRIC_REPRESENTATION_CONTEXT(2) 
PARAMETRIC_REPRESENTATION_CONTEXT() REPRESENTATION_CONTEXT('2D SPACE',''
  ) );
#18892 = ORIENTED_EDGE('',*,*,#18893,.F.);
#18893 = EDGE_CURVE('',#18790,#18866,#18894,.T.);
#18894 = SURFACE_CURVE('',#18895,(#18899,#18906),.PCURVE_S1.);
#18895 = LINE('',#18896,#18897);
#18896 = CARTESIAN_POINT('',(62.9550017,52.376541615175,
    1.00000008274E-07));
#18897 = VECTOR('',#18898,1.);
#18898 = DIRECTION('',(-0.474099823035,-0.880471099922,0.));
#18899 = PCURVE('',#18805,#18900);
#18900 = DEFINITIONAL_REPRESENTATION('',(#18901),#18905);
#18901 = LINE('',#18902,#18903);
#18902 = CARTESIAN_POINT('',(0.,0.));
#18903 = VECTOR('',#18904,1.);
#18904 = DIRECTION('',(1.,0.));
#18905 = ( GEOMETRIC_REPRESENTATION_CONTEXT(2) 
PARAMETRIC_REPRESENTATION_CONTEXT() REPRESENTATION_CONTEXT('2D SPACE',''
  ) );
#18906 = PCURVE('',#18674,#18907);
#18907 = DEFINITIONAL_REPRESENTATION('',(#18908),#18912);
#18908 = LINE('',#18909,#18910);
#18909 = CARTESIAN_POINT('',(-0.455,-0.455));
#18910 = VECTOR('',#18911,1.);
#18911 = DIRECTION('',(0.474099823035,-0.880471099922));
#18912 = ( GEOMETRIC_REPRESENTATION_CONTEXT(2) 
PARAMETRIC_REPRESENTATION_CONTEXT() REPRESENTATION_CONTEXT('2D SPACE',''
  ) );
#18913 = ADVANCED_FACE('',(#18914),#18881,.T.);
#18914 = FACE_BOUND('',#18915,.T.);
#18915 = EDGE_LOOP('',(#18916,#18917,#18940,#18968));
#18916 = ORIENTED_EDGE('',*,*,#18865,.T.);
#18917 = ORIENTED_EDGE('',*,*,#18918,.T.);
#18918 = EDGE_CURVE('',#18843,#18919,#18921,.T.);
#18919 = VERTEX_POINT('',#18920);
#18920 = CARTESIAN_POINT('',(62.0450017,52.376541615175,0.4800001));
#18921 = SURFACE_CURVE('',#18922,(#18926,#18933),.PCURVE_S1.);
#18922 = LINE('',#18923,#18924);
#18923 = CARTESIAN_POINT('',(62.5000017,51.531541615175,0.4800001));
#18924 = VECTOR('',#18925,1.);
#18925 = DIRECTION('',(-0.474099823035,0.880471099922,0.));
#18926 = PCURVE('',#18881,#18927);
#18927 = DEFINITIONAL_REPRESENTATION('',(#18928),#18932);
#18928 = LINE('',#18929,#18930);
#18929 = CARTESIAN_POINT('',(0.,-0.48));
#18930 = VECTOR('',#18931,1.);
#18931 = DIRECTION('',(1.,0.));
#18932 = ( GEOMETRIC_REPRESENTATION_CONTEXT(2) 
PARAMETRIC_REPRESENTATION_CONTEXT() REPRESENTATION_CONTEXT('2D SPACE',''
  ) );
#18933 = PCURVE('',#18620,#18934);
#18934 = DEFINITIONAL_REPRESENTATION('',(#18935),#18939);
#18935 = LINE('',#18936,#18937);
#18936 = CARTESIAN_POINT('',(0.,-1.3));
#18937 = VECTOR('',#18938,1.);
#18938 = DIRECTION('',(0.474099823035,0.880471099922));
#18939 = ( GEOMETRIC_REPRESENTATION_CONTEXT(2) 
PARAMETRIC_REPRESENTATION_CONTEXT() REPRESENTATION_CONTEXT('2D SPACE',''
  ) );
#18940 = ORIENTED_EDGE('',*,*,#18941,.F.);
#18941 = EDGE_CURVE('',#18942,#18919,#18944,.T.);
#18942 = VERTEX_POINT('',#18943);
#18943 = CARTESIAN_POINT('',(62.0450017,52.376541615175,
    1.00000008274E-07));
#18944 = SURFACE_CURVE('',#18945,(#18949,#18956),.PCURVE_S1.);
#18945 = LINE('',#18946,#18947);
#18946 = CARTESIAN_POINT('',(62.0450017,52.376541615175,
    1.00000008274E-07));
#18947 = VECTOR('',#18948,1.);
#18948 = DIRECTION('',(0.,0.,1.));
#18949 = PCURVE('',#18881,#18950);
#18950 = DEFINITIONAL_REPRESENTATION('',(#18951),#18955);
#18951 = LINE('',#18952,#18953);
#18952 = CARTESIAN_POINT('',(0.959713498915,0.));
#18953 = VECTOR('',#18954,1.);
#18954 = DIRECTION('',(0.,-1.));
#18955 = ( GEOMETRIC_REPRESENTATION_CONTEXT(2) 
PARAMETRIC_REPRESENTATION_CONTEXT() REPRESENTATION_CONTEXT('2D SPACE',''
  ) );
#18956 = PCURVE('',#18957,#18962);
#18957 = PLANE('',#18958);
#18958 = AXIS2_PLACEMENT_3D('',#18959,#18960,#18961);
#18959 = CARTESIAN_POINT('',(62.0450017,52.376541615175,
    1.00000008274E-07));
#18960 = DIRECTION('',(-0.474099823035,-0.880471099922,0.));
#18961 = DIRECTION('',(-0.880471099922,0.474099823035,0.));
#18962 = DEFINITIONAL_REPRESENTATION('',(#18963),#18967);
#18963 = LINE('',#18964,#18965);
#18964 = CARTESIAN_POINT('',(0.,0.));
#18965 = VECTOR('',#18966,1.);
#18966 = DIRECTION('',(0.,-1.));
#18967 = ( GEOMETRIC_REPRESENTATION_CONTEXT(2) 
PARAMETRIC_REPRESENTATION_CONTEXT() REPRESENTATION_CONTEXT('2D SPACE',''
  ) );
#18968 = ORIENTED_EDGE('',*,*,#18969,.F.);
#18969 = EDGE_CURVE('',#18866,#18942,#18970,.T.);
#18970 = SURFACE_CURVE('',#18971,(#18975,#18982),.PCURVE_S1.);
#18971 = LINE('',#18972,#18973);
#18972 = CARTESIAN_POINT('',(62.5000017,51.531541615175,
    1.00000008274E-07));
#18973 = VECTOR('',#18974,1.);
#18974 = DIRECTION('',(-0.474099823035,0.880471099922,0.));
#18975 = PCURVE('',#18881,#18976);
#18976 = DEFINITIONAL_REPRESENTATION('',(#18977),#18981);
#18977 = LINE('',#18978,#18979);
#18978 = CARTESIAN_POINT('',(0.,0.));
#18979 = VECTOR('',#18980,1.);
#18980 = DIRECTION('',(1.,0.));
#18981 = ( GEOMETRIC_REPRESENTATION_CONTEXT(2) 
PARAMETRIC_REPRESENTATION_CONTEXT() REPRESENTATION_CONTEXT('2D SPACE',''
  ) );
#18982 = PCURVE('',#18674,#18983);
#18983 = DEFINITIONAL_REPRESENTATION('',(#18984),#18988);
#18984 = LINE('',#18985,#18986);
#18985 = CARTESIAN_POINT('',(0.,-1.3));
#18986 = VECTOR('',#18987,1.);
#18987 = DIRECTION('',(0.474099823035,0.880471099922));
#18988 = ( GEOMETRIC_REPRESENTATION_CONTEXT(2) 
PARAMETRIC_REPRESENTATION_CONTEXT() REPRESENTATION_CONTEXT('2D SPACE',''
  ) );
#18989 = ADVANCED_FACE('',(#18990),#18957,.T.);
#18990 = FACE_BOUND('',#18991,.T.);
#18991 = EDGE_LOOP('',(#18992,#18993,#19016,#19044));
#18992 = ORIENTED_EDGE('',*,*,#18941,.T.);
#18993 = ORIENTED_EDGE('',*,*,#18994,.T.);
#18994 = EDGE_CURVE('',#18919,#18995,#18997,.T.);
#18995 = VERTEX_POINT('',#18996);
#18996 = CARTESIAN_POINT('',(61.2000017,52.831541615175,0.4800001));
#18997 = SURFACE_CURVE('',#18998,(#19002,#19009),.PCURVE_S1.);
#18998 = LINE('',#18999,#19000);
#18999 = CARTESIAN_POINT('',(62.0450017,52.376541615175,0.4800001));
#19000 = VECTOR('',#19001,1.);
#19001 = DIRECTION('',(-0.880471099922,0.474099823035,0.));
#19002 = PCURVE('',#18957,#19003);
#19003 = DEFINITIONAL_REPRESENTATION('',(#19004),#19008);
#19004 = LINE('',#19005,#19006);
#19005 = CARTESIAN_POINT('',(0.,-0.48));
#19006 = VECTOR('',#19007,1.);
#19007 = DIRECTION('',(1.,0.));
#19008 = ( GEOMETRIC_REPRESENTATION_CONTEXT(2) 
PARAMETRIC_REPRESENTATION_CONTEXT() REPRESENTATION_CONTEXT('2D SPACE',''
  ) );
#19009 = PCURVE('',#18620,#19010);
#19010 = DEFINITIONAL_REPRESENTATION('',(#19011),#19015);
#19011 = LINE('',#19012,#19013);
#19012 = CARTESIAN_POINT('',(0.455,-0.455));
#19013 = VECTOR('',#19014,1.);
#19014 = DIRECTION('',(0.880471099922,0.474099823035));
#19015 = ( GEOMETRIC_REPRESENTATION_CONTEXT(2) 
PARAMETRIC_REPRESENTATION_CONTEXT() REPRESENTATION_CONTEXT('2D SPACE',''
  ) );
#19016 = ORIENTED_EDGE('',*,*,#19017,.F.);
#19017 = EDGE_CURVE('',#19018,#18995,#19020,.T.);
#19018 = VERTEX_POINT('',#19019);
#19019 = CARTESIAN_POINT('',(61.2000017,52.831541615175,
    1.00000008274E-07));
#19020 = SURFACE_CURVE('',#19021,(#19025,#19032),.PCURVE_S1.);
#19021 = LINE('',#19022,#19023);
#19022 = CARTESIAN_POINT('',(61.2000017,52.831541615175,
    1.00000008274E-07));
#19023 = VECTOR('',#19024,1.);
#19024 = DIRECTION('',(0.,0.,1.));
#19025 = PCURVE('',#18957,#19026);
#19026 = DEFINITIONAL_REPRESENTATION('',(#19027),#19031);
#19027 = LINE('',#19028,#19029);
#19028 = CARTESIAN_POINT('',(0.959713498915,0.));
#19029 = VECTOR('',#19030,1.);
#19030 = DIRECTION('',(0.,-1.));
#19031 = ( GEOMETRIC_REPRESENTATION_CONTEXT(2) 
PARAMETRIC_REPRESENTATION_CONTEXT() REPRESENTATION_CONTEXT('2D SPACE',''
  ) );
#19032 = PCURVE('',#19033,#19038);
#19033 = PLANE('',#19034);
#19034 = AXIS2_PLACEMENT_3D('',#19035,#19036,#19037);
#19035 = CARTESIAN_POINT('',(61.2000017,52.831541615175,
    1.00000008274E-07));
#19036 = DIRECTION('',(-0.474099823035,0.880471099922,0.));
#19037 = DIRECTION('',(0.880471099922,0.474099823035,0.));
#19038 = DEFINITIONAL_REPRESENTATION('',(#19039),#19043);
#19039 = LINE('',#19040,#19041);
#19040 = CARTESIAN_POINT('',(0.,0.));
#19041 = VECTOR('',#19042,1.);
#19042 = DIRECTION('',(0.,-1.));
#19043 = ( GEOMETRIC_REPRESENTATION_CONTEXT(2) 
PARAMETRIC_REPRESENTATION_CONTEXT() REPRESENTATION_CONTEXT('2D SPACE',''
  ) );
#19044 = ORIENTED_EDGE('',*,*,#19045,.F.);
#19045 = EDGE_CURVE('',#18942,#19018,#19046,.T.);
#19046 = SURFACE_CURVE('',#19047,(#19051,#19058),.PCURVE_S1.);
#19047 = LINE('',#19048,#19049);
#19048 = CARTESIAN_POINT('',(62.0450017,52.376541615175,
    1.00000008274E-07));
#19049 = VECTOR('',#19050,1.);
#19050 = DIRECTION('',(-0.880471099922,0.474099823035,0.));
#19051 = PCURVE('',#18957,#19052);
#19052 = DEFINITIONAL_REPRESENTATION('',(#19053),#19057);
#19053 = LINE('',#19054,#19055);
#19054 = CARTESIAN_POINT('',(0.,0.));
#19055 = VECTOR('',#19056,1.);
#19056 = DIRECTION('',(1.,0.));
#19057 = ( GEOMETRIC_REPRESENTATION_CONTEXT(2) 
PARAMETRIC_REPRESENTATION_CONTEXT() REPRESENTATION_CONTEXT('2D SPACE',''
  ) );
#19058 = PCURVE('',#18674,#19059);
#19059 = DEFINITIONAL_REPRESENTATION('',(#19060),#19064);
#19060 = LINE('',#19061,#19062);
#19061 = CARTESIAN_POINT('',(0.455,-0.455));
#19062 = VECTOR('',#19063,1.);
#19063 = DIRECTION('',(0.880471099922,0.474099823035));
#19064 = ( GEOMETRIC_REPRESENTATION_CONTEXT(2) 
PARAMETRIC_REPRESENTATION_CONTEXT() REPRESENTATION_CONTEXT('2D SPACE',''
  ) );
#19065 = ADVANCED_FACE('',(#19066),#19033,.T.);
#19066 = FACE_BOUND('',#19067,.T.);
#19067 = EDGE_LOOP('',(#19068,#19069,#19092,#19115));
#19068 = ORIENTED_EDGE('',*,*,#19017,.T.);
#19069 = ORIENTED_EDGE('',*,*,#19070,.T.);
#19070 = EDGE_CURVE('',#18995,#19071,#19073,.T.);
#19071 = VERTEX_POINT('',#19072);
#19072 = CARTESIAN_POINT('',(62.0450017,53.286541615175,0.4800001));
#19073 = SURFACE_CURVE('',#19074,(#19078,#19085),.PCURVE_S1.);
#19074 = LINE('',#19075,#19076);
#19075 = CARTESIAN_POINT('',(61.2000017,52.831541615175,0.4800001));
#19076 = VECTOR('',#19077,1.);
#19077 = DIRECTION('',(0.880471099922,0.474099823035,0.));
#19078 = PCURVE('',#19033,#19079);
#19079 = DEFINITIONAL_REPRESENTATION('',(#19080),#19084);
#19080 = LINE('',#19081,#19082);
#19081 = CARTESIAN_POINT('',(0.,-0.48));
#19082 = VECTOR('',#19083,1.);
#19083 = DIRECTION('',(1.,0.));
#19084 = ( GEOMETRIC_REPRESENTATION_CONTEXT(2) 
PARAMETRIC_REPRESENTATION_CONTEXT() REPRESENTATION_CONTEXT('2D SPACE',''
  ) );
#19085 = PCURVE('',#18620,#19086);
#19086 = DEFINITIONAL_REPRESENTATION('',(#19087),#19091);
#19087 = LINE('',#19088,#19089);
#19088 = CARTESIAN_POINT('',(1.3,0.));
#19089 = VECTOR('',#19090,1.);
#19090 = DIRECTION('',(-0.880471099922,0.474099823035));
#19091 = ( GEOMETRIC_REPRESENTATION_CONTEXT(2) 
PARAMETRIC_REPRESENTATION_CONTEXT() REPRESENTATION_CONTEXT('2D SPACE',''
  ) );
#19092 = ORIENTED_EDGE('',*,*,#19093,.F.);
#19093 = EDGE_CURVE('',#19094,#19071,#19096,.T.);
#19094 = VERTEX_POINT('',#19095);
#19095 = CARTESIAN_POINT('',(62.0450017,53.286541615175,
    1.00000008274E-07));
#19096 = SURFACE_CURVE('',#19097,(#19101,#19108),.PCURVE_S1.);
#19097 = LINE('',#19098,#19099);
#19098 = CARTESIAN_POINT('',(62.0450017,53.286541615175,
    1.00000008274E-07));
#19099 = VECTOR('',#19100,1.);
#19100 = DIRECTION('',(0.,0.,1.));
#19101 = PCURVE('',#19033,#19102);
#19102 = DEFINITIONAL_REPRESENTATION('',(#19103),#19107);
#19103 = LINE('',#19104,#19105);
#19104 = CARTESIAN_POINT('',(0.959713498915,0.));
#19105 = VECTOR('',#19106,1.);
#19106 = DIRECTION('',(0.,-1.));
#19107 = ( GEOMETRIC_REPRESENTATION_CONTEXT(2) 
PARAMETRIC_REPRESENTATION_CONTEXT() REPRESENTATION_CONTEXT('2D SPACE',''
  ) );
#19108 = PCURVE('',#18592,#19109);
#19109 = DEFINITIONAL_REPRESENTATION('',(#19110),#19114);
#19110 = LINE('',#19111,#19112);
#19111 = CARTESIAN_POINT('',(0.,0.));
#19112 = VECTOR('',#19113,1.);
#19113 = DIRECTION('',(0.,-1.));
#19114 = ( GEOMETRIC_REPRESENTATION_CONTEXT(2) 
PARAMETRIC_REPRESENTATION_CONTEXT() REPRESENTATION_CONTEXT('2D SPACE',''
  ) );
#19115 = ORIENTED_EDGE('',*,*,#19116,.F.);
#19116 = EDGE_CURVE('',#19018,#19094,#19117,.T.);
#19117 = SURFACE_CURVE('',#19118,(#19122,#19129),.PCURVE_S1.);
#19118 = LINE('',#19119,#19120);
#19119 = CARTESIAN_POINT('',(61.2000017,52.831541615175,
    1.00000008274E-07));
#19120 = VECTOR('',#19121,1.);
#19121 = DIRECTION('',(0.880471099922,0.474099823035,0.));
#19122 = PCURVE('',#19033,#19123);
#19123 = DEFINITIONAL_REPRESENTATION('',(#19124),#19128);
#19124 = LINE('',#19125,#19126);
#19125 = CARTESIAN_POINT('',(0.,0.));
#19126 = VECTOR('',#19127,1.);
#19127 = DIRECTION('',(1.,0.));
#19128 = ( GEOMETRIC_REPRESENTATION_CONTEXT(2) 
PARAMETRIC_REPRESENTATION_CONTEXT() REPRESENTATION_CONTEXT('2D SPACE',''
  ) );
#19129 = PCURVE('',#18674,#19130);
#19130 = DEFINITIONAL_REPRESENTATION('',(#19131),#19135);
#19131 = LINE('',#19132,#19133);
#19132 = CARTESIAN_POINT('',(1.3,0.));
#19133 = VECTOR('',#19134,1.);
#19134 = DIRECTION('',(-0.880471099922,0.474099823035));
#19135 = ( GEOMETRIC_REPRESENTATION_CONTEXT(2) 
PARAMETRIC_REPRESENTATION_CONTEXT() REPRESENTATION_CONTEXT('2D SPACE',''
  ) );
#19136 = ADVANCED_FACE('',(#19137),#18592,.T.);
#19137 = FACE_BOUND('',#19138,.T.);
#19138 = EDGE_LOOP('',(#19139,#19140,#19161,#19162));
#19139 = ORIENTED_EDGE('',*,*,#19093,.T.);
#19140 = ORIENTED_EDGE('',*,*,#19141,.T.);
#19141 = EDGE_CURVE('',#19071,#18572,#19142,.T.);
#19142 = SURFACE_CURVE('',#19143,(#19147,#19154),.PCURVE_S1.);
#19143 = LINE('',#19144,#19145);
#19144 = CARTESIAN_POINT('',(62.0450017,53.286541615175,0.4800001));
#19145 = VECTOR('',#19146,1.);
#19146 = DIRECTION('',(0.474099823035,0.880471099922,0.));
#19147 = PCURVE('',#18592,#19148);
#19148 = DEFINITIONAL_REPRESENTATION('',(#19149),#19153);
#19149 = LINE('',#19150,#19151);
#19150 = CARTESIAN_POINT('',(0.,-0.48));
#19151 = VECTOR('',#19152,1.);
#19152 = DIRECTION('',(1.,0.));
#19153 = ( GEOMETRIC_REPRESENTATION_CONTEXT(2) 
PARAMETRIC_REPRESENTATION_CONTEXT() REPRESENTATION_CONTEXT('2D SPACE',''
  ) );
#19154 = PCURVE('',#18620,#19155);
#19155 = DEFINITIONAL_REPRESENTATION('',(#19156),#19160);
#19156 = LINE('',#19157,#19158);
#19157 = CARTESIAN_POINT('',(0.455,0.455));
#19158 = VECTOR('',#19159,1.);
#19159 = DIRECTION('',(-0.474099823035,0.880471099922));
#19160 = ( GEOMETRIC_REPRESENTATION_CONTEXT(2) 
PARAMETRIC_REPRESENTATION_CONTEXT() REPRESENTATION_CONTEXT('2D SPACE',''
  ) );
#19161 = ORIENTED_EDGE('',*,*,#18569,.F.);
#19162 = ORIENTED_EDGE('',*,*,#19163,.F.);
#19163 = EDGE_CURVE('',#19094,#18570,#19164,.T.);
#19164 = SURFACE_CURVE('',#19165,(#19169,#19176),.PCURVE_S1.);
#19165 = LINE('',#19166,#19167);
#19166 = CARTESIAN_POINT('',(62.0450017,53.286541615175,
    1.00000008274E-07));
#19167 = VECTOR('',#19168,1.);
#19168 = DIRECTION('',(0.474099823035,0.880471099922,0.));
#19169 = PCURVE('',#18592,#19170);
#19170 = DEFINITIONAL_REPRESENTATION('',(#19171),#19175);
#19171 = LINE('',#19172,#19173);
#19172 = CARTESIAN_POINT('',(0.,0.));
#19173 = VECTOR('',#19174,1.);
#19174 = DIRECTION('',(1.,0.));
#19175 = ( GEOMETRIC_REPRESENTATION_CONTEXT(2) 
PARAMETRIC_REPRESENTATION_CONTEXT() REPRESENTATION_CONTEXT('2D SPACE',''
  ) );
#19176 = PCURVE('',#18674,#19177);
#19177 = DEFINITIONAL_REPRESENTATION('',(#19178),#19182);
#19178 = LINE('',#19179,#19180);
#19179 = CARTESIAN_POINT('',(0.455,0.455));
#19180 = VECTOR('',#19181,1.);
#19181 = DIRECTION('',(-0.474099823035,0.880471099922));
#19182 = ( GEOMETRIC_REPRESENTATION_CONTEXT(2) 
PARAMETRIC_REPRESENTATION_CONTEXT() REPRESENTATION_CONTEXT('2D SPACE',''
  ) );
#19183 = ADVANCED_FACE('',(#19184),#18674,.T.);
#19184 = FACE_BOUND('',#19185,.T.);
#19185 = EDGE_LOOP('',(#19186,#19187,#19188,#19189,#19190,#19191,#19192,
    #19193));
#19186 = ORIENTED_EDGE('',*,*,#18660,.T.);
#19187 = ORIENTED_EDGE('',*,*,#18741,.T.);
#19188 = ORIENTED_EDGE('',*,*,#18817,.T.);
#19189 = ORIENTED_EDGE('',*,*,#18893,.T.);
#19190 = ORIENTED_EDGE('',*,*,#18969,.T.);
#19191 = ORIENTED_EDGE('',*,*,#19045,.T.);
#19192 = ORIENTED_EDGE('',*,*,#19116,.T.);
#19193 = ORIENTED_EDGE('',*,*,#19163,.T.);
#19194 = ADVANCED_FACE('',(#19195),#18620,.F.);
#19195 = FACE_BOUND('',#19196,.F.);
#19196 = EDGE_LOOP('',(#19197,#19198,#19199,#19200,#19201,#19202,#19203,
    #19204));
#19197 = ORIENTED_EDGE('',*,*,#18604,.T.);
#19198 = ORIENTED_EDGE('',*,*,#18690,.T.);
#19199 = ORIENTED_EDGE('',*,*,#18766,.T.);
#19200 = ORIENTED_EDGE('',*,*,#18842,.T.);
#19201 = ORIENTED_EDGE('',*,*,#18918,.T.);
#19202 = ORIENTED_EDGE('',*,*,#18994,.T.);
#19203 = ORIENTED_EDGE('',*,*,#19070,.T.);
#19204 = ORIENTED_EDGE('',*,*,#19141,.T.);
#19205 = ( GEOMETRIC_REPRESENTATION_CONTEXT(3) 
GLOBAL_UNCERTAINTY_ASSIGNED_CONTEXT((#19209)) 
GLOBAL_UNIT_ASSIGNED_CONTEXT((#19206,#19207,#19208)) 
REPRESENTATION_CONTEXT('Context #1',
  '3D Context with UNIT and UNCERTAINTY') );
#19206 = ( LENGTH_UNIT() NAMED_UNIT(*) SI_UNIT(.MILLI.,.METRE.) );
#19207 = ( NAMED_UNIT(*) PLANE_ANGLE_UNIT() SI_UNIT($,.RADIAN.) );
#19208 = ( NAMED_UNIT(*) SI_UNIT($,.STERADIAN.) SOLID_ANGLE_UNIT() );
#19209 = UNCERTAINTY_MEASURE_WITH_UNIT(LENGTH_MEASURE(1.E-07),#19206,
  'distance_accuracy_value','confusion accuracy');
#19210 = CONTEXT_DEPENDENT_SHAPE_REPRESENTATION(#19211,#19213);
#19211 = ( REPRESENTATION_RELATIONSHIP('','',#18562,#10) 
REPRESENTATION_RELATIONSHIP_WITH_TRANSFORMATION(#19212) 
SHAPE_REPRESENTATION_RELATIONSHIP() );
#19212 = ITEM_DEFINED_TRANSFORMATION('','',#11,#127);
#19213 = PRODUCT_DEFINITION_SHAPE('Placement','Placement of an item',
  #19214);
#19214 = NEXT_ASSEMBLY_USAGE_OCCURRENCE('279','','',#5,#18557,$);
#19215 = PRODUCT_RELATED_PRODUCT_CATEGORY('part',$,(#18559));
ENDSEC;
END-ISO-10303-21;
