ISO-10303-21;
HEADER;
FILE_DESCRIPTION(('Open CASCADE Model'),'2;1');
FILE_NAME('Open CASCADE Shape Model','2026-09-16T22:06:19',('Author'),(
    'Open CASCADE'),'Open CASCADE STEP processor 7.8','Open CASCADE 7.8'
  ,'Unknown');
FILE_SCHEMA(('AUTOMOTIVE_DESIGN { 1 0 10303 214 1 1 1 1 }'));
ENDSEC;
DATA;
#1 = APPLICATION_PROTOCOL_DEFINITION('international standard',
  'automotive_design',2000,#2);
#2 = APPLICATION_CONTEXT(
  'core data for automotive mechanical design processes');
#3 = SHAPE_DEFINITION_REPRESENTATION(#4,#10);
#4 = PRODUCT_DEFINITION_SHAPE('','',#5);
#5 = PRODUCT_DEFINITION('design','',#6,#9);
#6 = PRODUCT_DEFINITION_FORMATION('','',#7);
#7 = PRODUCT('Open CASCADE STEP translator 7.8 5',
  'Open CASCADE STEP translator 7.8 5','',(#8));
#8 = PRODUCT_CONTEXT('',#2,'mechanical');
#9 = PRODUCT_DEFINITION_CONTEXT('part definition',#2,'design');
#10 = SHAPE_REPRESENTATION('',(#11,#15,#19,#23,#27,#31,#35,#39,#43,#47,
    #51,#55,#59,#63,#67,#71,#75,#79,#83,#87,#91,#95,#99,#103,#107,#111,
    #115,#119,#123,#127,#131,#135,#139,#143,#147,#151,#155,#159),#163);
#11 = AXIS2_PLACEMENT_3D('',#12,#13,#14);
#12 = CARTESIAN_POINT('',(0.,0.,0.));
#13 = DIRECTION('',(0.,0.,1.));
#14 = DIRECTION('',(1.,0.,-0.));
#15 = AXIS2_PLACEMENT_3D('',#16,#17,#18);
#16 = CARTESIAN_POINT('',(0.,0.,0.));
#17 = DIRECTION('',(0.,0.,1.));
#18 = DIRECTION('',(1.,0.,-0.));
#19 = AXIS2_PLACEMENT_3D('',#20,#21,#22);
#20 = CARTESIAN_POINT('',(0.,0.,0.));
#21 = DIRECTION('',(0.,0.,1.));
#22 = DIRECTION('',(1.,0.,-0.));
#23 = AXIS2_PLACEMENT_3D('',#24,#25,#26);
#24 = CARTESIAN_POINT('',(0.,0.,0.));
#25 = DIRECTION('',(0.,0.,1.));
#26 = DIRECTION('',(1.,0.,-0.));
#27 = AXIS2_PLACEMENT_3D('',#28,#29,#30);
#28 = CARTESIAN_POINT('',(0.,0.,0.));
#29 = DIRECTION('',(0.,0.,1.));
#30 = DIRECTION('',(1.,0.,-0.));
#31 = AXIS2_PLACEMENT_3D('',#32,#33,#34);
#32 = CARTESIAN_POINT('',(0.,0.,0.));
#33 = DIRECTION('',(0.,0.,1.));
#34 = DIRECTION('',(1.,0.,-0.));
#35 = AXIS2_PLACEMENT_3D('',#36,#37,#38);
#36 = CARTESIAN_POINT('',(0.,0.,0.));
#37 = DIRECTION('',(0.,0.,1.));
#38 = DIRECTION('',(1.,0.,-0.));
#39 = AXIS2_PLACEMENT_3D('',#40,#41,#42);
#40 = CARTESIAN_POINT('',(0.,0.,0.));
#41 = DIRECTION('',(0.,0.,1.));
#42 = DIRECTION('',(1.,0.,-0.));
#43 = AXIS2_PLACEMENT_3D('',#44,#45,#46);
#44 = CARTESIAN_POINT('',(0.,0.,0.));
#45 = DIRECTION('',(0.,0.,1.));
#46 = DIRECTION('',(1.,0.,-0.));
#47 = AXIS2_PLACEMENT_3D('',#48,#49,#50);
#48 = CARTESIAN_POINT('',(0.,0.,0.));
#49 = DIRECTION('',(0.,0.,1.));
#50 = DIRECTION('',(1.,0.,-0.));
#51 = AXIS2_PLACEMENT_3D('',#52,#53,#54);
#52 = CARTESIAN_POINT('',(0.,0.,0.));
#53 = DIRECTION('',(0.,0.,1.));
#54 = DIRECTION('',(1.,0.,-0.));
#55 = AXIS2_PLACEMENT_3D('',#56,#57,#58);
#56 = CARTESIAN_POINT('',(0.,0.,0.));
#57 = DIRECTION('',(0.,0.,1.));
#58 = DIRECTION('',(1.,0.,-0.));
#59 = AXIS2_PLACEMENT_3D('',#60,#61,#62);
#60 = CARTESIAN_POINT('',(0.,0.,0.));
#61 = DIRECTION('',(0.,0.,1.));
#62 = DIRECTION('',(1.,0.,0.));
#63 = AXIS2_PLACEMENT_3D('',#64,#65,#66);
#64 = CARTESIAN_POINT('',(0.,0.,0.));
#65 = DIRECTION('',(0.,0.,1.));
#66 = DIRECTION('',(1.,0.,0.));
#67 = AXIS2_PLACEMENT_3D('',#68,#69,#70);
#68 = CARTESIAN_POINT('',(0.,0.,0.));
#69 = DIRECTION('',(0.,0.,1.));
#70 = DIRECTION('',(1.,0.,0.));
#71 = AXIS2_PLACEMENT_3D('',#72,#73,#74);
#72 = CARTESIAN_POINT('',(0.,0.,0.));
#73 = DIRECTION('',(0.,0.,1.));
#74 = DIRECTION('',(1.,0.,0.));
#75 = AXIS2_PLACEMENT_3D('',#76,#77,#78);
#76 = CARTESIAN_POINT('',(0.,0.,0.));
#77 = DIRECTION('',(0.,0.,1.));
#78 = DIRECTION('',(1.,0.,0.));
#79 = AXIS2_PLACEMENT_3D('',#80,#81,#82);
#80 = CARTESIAN_POINT('',(0.,0.,0.));
#81 = DIRECTION('',(0.,0.,1.));
#82 = DIRECTION('',(1.,0.,0.));
#83 = AXIS2_PLACEMENT_3D('',#84,#85,#86);
#84 = CARTESIAN_POINT('',(0.,0.,0.));
#85 = DIRECTION('',(0.,0.,1.));
#86 = DIRECTION('',(1.,0.,-0.));
#87 = AXIS2_PLACEMENT_3D('',#88,#89,#90);
#88 = CARTESIAN_POINT('',(0.,0.,0.));
#89 = DIRECTION('',(0.,0.,1.));
#90 = DIRECTION('',(1.,0.,-0.));
#91 = AXIS2_PLACEMENT_3D('',#92,#93,#94);
#92 = CARTESIAN_POINT('',(0.,0.,0.));
#93 = DIRECTION('',(0.,0.,1.));
#94 = DIRECTION('',(1.,0.,-0.));
#95 = AXIS2_PLACEMENT_3D('',#96,#97,#98);
#96 = CARTESIAN_POINT('',(0.,0.,0.));
#97 = DIRECTION('',(0.,0.,1.));
#98 = DIRECTION('',(1.,0.,-0.));
#99 = AXIS2_PLACEMENT_3D('',#100,#101,#102);
#100 = CARTESIAN_POINT('',(0.,0.,0.));
#101 = DIRECTION('',(0.,0.,1.));
#102 = DIRECTION('',(1.,0.,-0.));
#103 = AXIS2_PLACEMENT_3D('',#104,#105,#106);
#104 = CARTESIAN_POINT('',(0.,0.,0.));
#105 = DIRECTION('',(0.,0.,1.));
#106 = DIRECTION('',(1.,0.,-0.));
#107 = AXIS2_PLACEMENT_3D('',#108,#109,#110);
#108 = CARTESIAN_POINT('',(0.,0.,0.));
#109 = DIRECTION('',(0.,0.,1.));
#110 = DIRECTION('',(1.,0.,-0.));
#111 = AXIS2_PLACEMENT_3D('',#112,#113,#114);
#112 = CARTESIAN_POINT('',(0.,0.,0.));
#113 = DIRECTION('',(0.,0.,1.));
#114 = DIRECTION('',(1.,0.,-0.));
#115 = AXIS2_PLACEMENT_3D('',#116,#117,#118);
#116 = CARTESIAN_POINT('',(0.,0.,0.));
#117 = DIRECTION('',(0.,0.,1.));
#118 = DIRECTION('',(1.,0.,-0.));
#119 = AXIS2_PLACEMENT_3D('',#120,#121,#122);
#120 = CARTESIAN_POINT('',(0.,0.,0.));
#121 = DIRECTION('',(0.,0.,1.));
#122 = DIRECTION('',(1.,0.,-0.));
#123 = AXIS2_PLACEMENT_3D('',#124,#125,#126);
#124 = CARTESIAN_POINT('',(0.,0.,0.));
#125 = DIRECTION('',(0.,0.,1.));
#126 = DIRECTION('',(1.,0.,-0.));
#127 = AXIS2_PLACEMENT_3D('',#128,#129,#130);
#128 = CARTESIAN_POINT('',(0.,0.,0.));
#129 = DIRECTION('',(0.,0.,1.));
#130 = DIRECTION('',(1.,0.,-0.));
#131 = AXIS2_PLACEMENT_3D('',#132,#133,#134);
#132 = CARTESIAN_POINT('',(0.,0.,0.));
#133 = DIRECTION('',(0.,0.,1.));
#134 = DIRECTION('',(1.,0.,-0.));
#135 = AXIS2_PLACEMENT_3D('',#136,#137,#138);
#136 = CARTESIAN_POINT('',(0.,0.,0.));
#137 = DIRECTION('',(0.,0.,1.));
#138 = DIRECTION('',(1.,0.,-0.));
#139 = AXIS2_PLACEMENT_3D('',#140,#141,#142);
#140 = CARTESIAN_POINT('',(0.,0.,0.));
#141 = DIRECTION('',(0.,0.,1.));
#142 = DIRECTION('',(1.,0.,-0.));
#143 = AXIS2_PLACEMENT_3D('',#144,#145,#146);
#144 = CARTESIAN_POINT('',(0.,0.,0.));
#145 = DIRECTION('',(0.,0.,1.));
#146 = DIRECTION('',(1.,0.,-0.));
#147 = AXIS2_PLACEMENT_3D('',#148,#149,#150);
#148 = CARTESIAN_POINT('',(0.,0.,0.));
#149 = DIRECTION('',(0.,0.,1.));
#150 = DIRECTION('',(1.,0.,-0.));
#151 = AXIS2_PLACEMENT_3D('',#152,#153,#154);
#152 = CARTESIAN_POINT('',(0.,0.,0.));
#153 = DIRECTION('',(0.,0.,1.));
#154 = DIRECTION('',(1.,0.,-0.));
#155 = AXIS2_PLACEMENT_3D('',#156,#157,#158);
#156 = CARTESIAN_POINT('',(0.,0.,0.));
#157 = DIRECTION('',(0.,0.,1.));
#158 = DIRECTION('',(1.,0.,-0.));
#159 = AXIS2_PLACEMENT_3D('',#160,#161,#162);
#160 = CARTESIAN_POINT('',(0.,0.,0.));
#161 = DIRECTION('',(0.,0.,1.));
#162 = DIRECTION('',(1.,0.,-0.));
#163 = ( GEOMETRIC_REPRESENTATION_CONTEXT(3) 
GLOBAL_UNCERTAINTY_ASSIGNED_CONTEXT((#167)) GLOBAL_UNIT_ASSIGNED_CONTEXT
((#164,#165,#166)) REPRESENTATION_CONTEXT('Context #1',
  '3D Context with UNIT and UNCERTAINTY') );
#164 = ( LENGTH_UNIT() NAMED_UNIT(*) SI_UNIT(.MILLI.,.METRE.) );
#165 = ( NAMED_UNIT(*) PLANE_ANGLE_UNIT() SI_UNIT($,.RADIAN.) );
#166 = ( NAMED_UNIT(*) SI_UNIT($,.STERADIAN.) SOLID_ANGLE_UNIT() );
#167 = UNCERTAINTY_MEASURE_WITH_UNIT(LENGTH_MEASURE(1.E-06),#164,
  'distance_accuracy_value','confusion accuracy');
#168 = PRODUCT_RELATED_PRODUCT_CATEGORY('part',$,(#7));
#169 = SHAPE_DEFINITION_REPRESENTATION(#170,#176);
#170 = PRODUCT_DEFINITION_SHAPE('','',#171);
#171 = PRODUCT_DEFINITION('design','',#172,#175);
#172 = PRODUCT_DEFINITION_FORMATION('','',#173);
#173 = PRODUCT('Open CASCADE STEP translator 7.8 5.1',
  'Open CASCADE STEP translator 7.8 5.1','',(#174));
#174 = PRODUCT_CONTEXT('',#2,'mechanical');
#175 = PRODUCT_DEFINITION_CONTEXT('part definition',#2,'design');
#176 = ADVANCED_BREP_SHAPE_REPRESENTATION('',(#11,#177),#463);
#177 = MANIFOLD_SOLID_BREP('',#178);
#178 = CLOSED_SHELL('',(#179,#219,#250,#308,#332,#383,#395,#417,#434,
    #451));
#179 = ADVANCED_FACE('',(#180),#214,.F.);
#180 = FACE_BOUND('',#181,.F.);
#181 = EDGE_LOOP('',(#182,#192,#200,#208));
#182 = ORIENTED_EDGE('',*,*,#183,.F.);
#183 = EDGE_CURVE('',#184,#186,#188,.T.);
#184 = VERTEX_POINT('',#185);
#185 = CARTESIAN_POINT('',(-35.125,33.39,5.38));
#186 = VERTEX_POINT('',#187);
#187 = CARTESIAN_POINT('',(-35.125,33.39,5.86));
#188 = LINE('',#189,#190);
#189 = CARTESIAN_POINT('',(-35.125,33.39,5.38));
#190 = VECTOR('',#191,1.);
#191 = DIRECTION('',(0.,0.,1.));
#192 = ORIENTED_EDGE('',*,*,#193,.T.);
#193 = EDGE_CURVE('',#184,#194,#196,.T.);
#194 = VERTEX_POINT('',#195);
#195 = CARTESIAN_POINT('',(-35.125,48.24,5.38));
#196 = LINE('',#197,#198);
#197 = CARTESIAN_POINT('',(-35.125,33.39,5.38));
#198 = VECTOR('',#199,1.);
#199 = DIRECTION('',(0.,1.,0.));
#200 = ORIENTED_EDGE('',*,*,#201,.T.);
#201 = EDGE_CURVE('',#194,#202,#204,.T.);
#202 = VERTEX_POINT('',#203);
#203 = CARTESIAN_POINT('',(-35.125,48.24,5.86));
#204 = LINE('',#205,#206);
#205 = CARTESIAN_POINT('',(-35.125,48.24,5.38));
#206 = VECTOR('',#207,1.);
#207 = DIRECTION('',(0.,0.,1.));
#208 = ORIENTED_EDGE('',*,*,#209,.F.);
#209 = EDGE_CURVE('',#186,#202,#210,.T.);
#210 = LINE('',#211,#212);
#211 = CARTESIAN_POINT('',(-35.125,33.39,5.86));
#212 = VECTOR('',#213,1.);
#213 = DIRECTION('',(0.,1.,0.));
#214 = PLANE('',#215);
#215 = AXIS2_PLACEMENT_3D('',#216,#217,#218);
#216 = CARTESIAN_POINT('',(-35.125,33.39,5.38));
#217 = DIRECTION('',(1.,0.,0.));
#218 = DIRECTION('',(0.,0.,1.));
#219 = ADVANCED_FACE('',(#220),#245,.F.);
#220 = FACE_BOUND('',#221,.F.);
#221 = EDGE_LOOP('',(#222,#230,#231,#239));
#222 = ORIENTED_EDGE('',*,*,#223,.F.);
#223 = EDGE_CURVE('',#184,#224,#226,.T.);
#224 = VERTEX_POINT('',#225);
#225 = CARTESIAN_POINT('',(-1.275,33.39,5.38));
#226 = LINE('',#227,#228);
#227 = CARTESIAN_POINT('',(-35.125,33.39,5.38));
#228 = VECTOR('',#229,1.);
#229 = DIRECTION('',(1.,0.,0.));
#230 = ORIENTED_EDGE('',*,*,#183,.T.);
#231 = ORIENTED_EDGE('',*,*,#232,.T.);
#232 = EDGE_CURVE('',#186,#233,#235,.T.);
#233 = VERTEX_POINT('',#234);
#234 = CARTESIAN_POINT('',(-1.275,33.39,5.86));
#235 = LINE('',#236,#237);
#236 = CARTESIAN_POINT('',(-35.125,33.39,5.86));
#237 = VECTOR('',#238,1.);
#238 = DIRECTION('',(1.,0.,0.));
#239 = ORIENTED_EDGE('',*,*,#240,.F.);
#240 = EDGE_CURVE('',#224,#233,#241,.T.);
#241 = LINE('',#242,#243);
#242 = CARTESIAN_POINT('',(-1.275,33.39,5.38));
#243 = VECTOR('',#244,1.);
#244 = DIRECTION('',(0.,0.,1.));
#245 = PLANE('',#246);
#246 = AXIS2_PLACEMENT_3D('',#247,#248,#249);
#247 = CARTESIAN_POINT('',(-35.125,33.39,5.38));
#248 = DIRECTION('',(0.,1.,0.));
#249 = DIRECTION('',(0.,0.,1.));
#250 = ADVANCED_FACE('',(#251,#269),#303,.T.);
#251 = FACE_BOUND('',#252,.T.);
#252 = EDGE_LOOP('',(#253,#254,#255,#263));
#253 = ORIENTED_EDGE('',*,*,#209,.F.);
#254 = ORIENTED_EDGE('',*,*,#232,.T.);
#255 = ORIENTED_EDGE('',*,*,#256,.T.);
#256 = EDGE_CURVE('',#233,#257,#259,.T.);
#257 = VERTEX_POINT('',#258);
#258 = CARTESIAN_POINT('',(-1.275,48.24,5.86));
#259 = LINE('',#260,#261);
#260 = CARTESIAN_POINT('',(-1.275,33.39,5.86));
#261 = VECTOR('',#262,1.);
#262 = DIRECTION('',(0.,1.,0.));
#263 = ORIENTED_EDGE('',*,*,#264,.F.);
#264 = EDGE_CURVE('',#202,#257,#265,.T.);
#265 = LINE('',#266,#267);
#266 = CARTESIAN_POINT('',(-35.125,48.24,5.86));
#267 = VECTOR('',#268,1.);
#268 = DIRECTION('',(1.,0.,0.));
#269 = FACE_BOUND('',#270,.T.);
#270 = EDGE_LOOP('',(#271,#281,#289,#297));
#271 = ORIENTED_EDGE('',*,*,#272,.T.);
#272 = EDGE_CURVE('',#273,#275,#277,.T.);
#273 = VERTEX_POINT('',#274);
#274 = CARTESIAN_POINT('',(-2.425,34.54,5.86));
#275 = VERTEX_POINT('',#276);
#276 = CARTESIAN_POINT('',(-33.975,34.54,5.86));
#277 = LINE('',#278,#279);
#278 = CARTESIAN_POINT('',(-34.55,34.54,5.86));
#279 = VECTOR('',#280,1.);
#280 = DIRECTION('',(-1.,0.,0.));
#281 = ORIENTED_EDGE('',*,*,#282,.T.);
#282 = EDGE_CURVE('',#275,#283,#285,.T.);
#283 = VERTEX_POINT('',#284);
#284 = CARTESIAN_POINT('',(-33.975,47.09,5.86));
#285 = LINE('',#286,#287);
#286 = CARTESIAN_POINT('',(-33.975,33.965,5.86));
#287 = VECTOR('',#288,1.);
#288 = DIRECTION('',(0.,1.,0.));
#289 = ORIENTED_EDGE('',*,*,#290,.F.);
#290 = EDGE_CURVE('',#291,#283,#293,.T.);
#291 = VERTEX_POINT('',#292);
#292 = CARTESIAN_POINT('',(-2.425,47.09,5.86));
#293 = LINE('',#294,#295);
#294 = CARTESIAN_POINT('',(-34.55,47.09,5.86));
#295 = VECTOR('',#296,1.);
#296 = DIRECTION('',(-1.,0.,0.));
#297 = ORIENTED_EDGE('',*,*,#298,.F.);
#298 = EDGE_CURVE('',#273,#291,#299,.T.);
#299 = LINE('',#300,#301);
#300 = CARTESIAN_POINT('',(-2.425,33.965,5.86));
#301 = VECTOR('',#302,1.);
#302 = DIRECTION('',(0.,1.,0.));
#303 = PLANE('',#304);
#304 = AXIS2_PLACEMENT_3D('',#305,#306,#307);
#305 = CARTESIAN_POINT('',(-35.125,33.39,5.86));
#306 = DIRECTION('',(0.,0.,1.));
#307 = DIRECTION('',(1.,0.,0.));
#308 = ADVANCED_FACE('',(#309),#327,.T.);
#309 = FACE_BOUND('',#310,.T.);
#310 = EDGE_LOOP('',(#311,#319,#320,#321));
#311 = ORIENTED_EDGE('',*,*,#312,.F.);
#312 = EDGE_CURVE('',#194,#313,#315,.T.);
#313 = VERTEX_POINT('',#314);
#314 = CARTESIAN_POINT('',(-1.275,48.24,5.38));
#315 = LINE('',#316,#317);
#316 = CARTESIAN_POINT('',(-35.125,48.24,5.38));
#317 = VECTOR('',#318,1.);
#318 = DIRECTION('',(1.,0.,0.));
#319 = ORIENTED_EDGE('',*,*,#201,.T.);
#320 = ORIENTED_EDGE('',*,*,#264,.T.);
#321 = ORIENTED_EDGE('',*,*,#322,.F.);
#322 = EDGE_CURVE('',#313,#257,#323,.T.);
#323 = LINE('',#324,#325);
#324 = CARTESIAN_POINT('',(-1.275,48.24,5.38));
#325 = VECTOR('',#326,1.);
#326 = DIRECTION('',(0.,0.,1.));
#327 = PLANE('',#328);
#328 = AXIS2_PLACEMENT_3D('',#329,#330,#331);
#329 = CARTESIAN_POINT('',(-35.125,48.24,5.38));
#330 = DIRECTION('',(0.,1.,0.));
#331 = DIRECTION('',(0.,0.,1.));
#332 = ADVANCED_FACE('',(#333,#344),#378,.F.);
#333 = FACE_BOUND('',#334,.F.);
#334 = EDGE_LOOP('',(#335,#336,#337,#343));
#335 = ORIENTED_EDGE('',*,*,#193,.F.);
#336 = ORIENTED_EDGE('',*,*,#223,.T.);
#337 = ORIENTED_EDGE('',*,*,#338,.T.);
#338 = EDGE_CURVE('',#224,#313,#339,.T.);
#339 = LINE('',#340,#341);
#340 = CARTESIAN_POINT('',(-1.275,33.39,5.38));
#341 = VECTOR('',#342,1.);
#342 = DIRECTION('',(0.,1.,0.));
#343 = ORIENTED_EDGE('',*,*,#312,.F.);
#344 = FACE_BOUND('',#345,.F.);
#345 = EDGE_LOOP('',(#346,#356,#364,#372));
#346 = ORIENTED_EDGE('',*,*,#347,.T.);
#347 = EDGE_CURVE('',#348,#350,#352,.T.);
#348 = VERTEX_POINT('',#349);
#349 = CARTESIAN_POINT('',(-2.425,34.54,5.38));
#350 = VERTEX_POINT('',#351);
#351 = CARTESIAN_POINT('',(-33.975,34.54,5.38));
#352 = LINE('',#353,#354);
#353 = CARTESIAN_POINT('',(-34.55,34.54,5.38));
#354 = VECTOR('',#355,1.);
#355 = DIRECTION('',(-1.,0.,0.));
#356 = ORIENTED_EDGE('',*,*,#357,.T.);
#357 = EDGE_CURVE('',#350,#358,#360,.T.);
#358 = VERTEX_POINT('',#359);
#359 = CARTESIAN_POINT('',(-33.975,47.09,5.38));
#360 = LINE('',#361,#362);
#361 = CARTESIAN_POINT('',(-33.975,33.965,5.38));
#362 = VECTOR('',#363,1.);
#363 = DIRECTION('',(0.,1.,0.));
#364 = ORIENTED_EDGE('',*,*,#365,.F.);
#365 = EDGE_CURVE('',#366,#358,#368,.T.);
#366 = VERTEX_POINT('',#367);
#367 = CARTESIAN_POINT('',(-2.425,47.09,5.38));
#368 = LINE('',#369,#370);
#369 = CARTESIAN_POINT('',(-34.55,47.09,5.38));
#370 = VECTOR('',#371,1.);
#371 = DIRECTION('',(-1.,0.,0.));
#372 = ORIENTED_EDGE('',*,*,#373,.F.);
#373 = EDGE_CURVE('',#348,#366,#374,.T.);
#374 = LINE('',#375,#376);
#375 = CARTESIAN_POINT('',(-2.425,33.965,5.38));
#376 = VECTOR('',#377,1.);
#377 = DIRECTION('',(0.,1.,0.));
#378 = PLANE('',#379);
#379 = AXIS2_PLACEMENT_3D('',#380,#381,#382);
#380 = CARTESIAN_POINT('',(-35.125,33.39,5.38));
#381 = DIRECTION('',(0.,0.,1.));
#382 = DIRECTION('',(1.,0.,0.));
#383 = ADVANCED_FACE('',(#384),#390,.T.);
#384 = FACE_BOUND('',#385,.T.);
#385 = EDGE_LOOP('',(#386,#387,#388,#389));
#386 = ORIENTED_EDGE('',*,*,#240,.F.);
#387 = ORIENTED_EDGE('',*,*,#338,.T.);
#388 = ORIENTED_EDGE('',*,*,#322,.T.);
#389 = ORIENTED_EDGE('',*,*,#256,.F.);
#390 = PLANE('',#391);
#391 = AXIS2_PLACEMENT_3D('',#392,#393,#394);
#392 = CARTESIAN_POINT('',(-1.275,33.39,5.38));
#393 = DIRECTION('',(1.,0.,0.));
#394 = DIRECTION('',(0.,0.,1.));
#395 = ADVANCED_FACE('',(#396),#412,.T.);
#396 = FACE_BOUND('',#397,.T.);
#397 = EDGE_LOOP('',(#398,#404,#405,#411));
#398 = ORIENTED_EDGE('',*,*,#399,.F.);
#399 = EDGE_CURVE('',#348,#273,#400,.T.);
#400 = LINE('',#401,#402);
#401 = CARTESIAN_POINT('',(-2.425,34.54,5.28));
#402 = VECTOR('',#403,1.);
#403 = DIRECTION('',(0.,0.,1.));
#404 = ORIENTED_EDGE('',*,*,#347,.T.);
#405 = ORIENTED_EDGE('',*,*,#406,.T.);
#406 = EDGE_CURVE('',#350,#275,#407,.T.);
#407 = LINE('',#408,#409);
#408 = CARTESIAN_POINT('',(-33.975,34.54,5.28));
#409 = VECTOR('',#410,1.);
#410 = DIRECTION('',(0.,0.,1.));
#411 = ORIENTED_EDGE('',*,*,#272,.F.);
#412 = PLANE('',#413);
#413 = AXIS2_PLACEMENT_3D('',#414,#415,#416);
#414 = CARTESIAN_POINT('',(-33.975,34.54,5.28));
#415 = DIRECTION('',(0.,1.,0.));
#416 = DIRECTION('',(0.,0.,1.));
#417 = ADVANCED_FACE('',(#418),#429,.F.);
#418 = FACE_BOUND('',#419,.F.);
#419 = EDGE_LOOP('',(#420,#421,#422,#428));
#420 = ORIENTED_EDGE('',*,*,#399,.F.);
#421 = ORIENTED_EDGE('',*,*,#373,.T.);
#422 = ORIENTED_EDGE('',*,*,#423,.T.);
#423 = EDGE_CURVE('',#366,#291,#424,.T.);
#424 = LINE('',#425,#426);
#425 = CARTESIAN_POINT('',(-2.425,47.09,5.28));
#426 = VECTOR('',#427,1.);
#427 = DIRECTION('',(0.,0.,1.));
#428 = ORIENTED_EDGE('',*,*,#298,.F.);
#429 = PLANE('',#430);
#430 = AXIS2_PLACEMENT_3D('',#431,#432,#433);
#431 = CARTESIAN_POINT('',(-2.425,34.54,5.28));
#432 = DIRECTION('',(1.,0.,0.));
#433 = DIRECTION('',(0.,0.,1.));
#434 = ADVANCED_FACE('',(#435),#446,.F.);
#435 = FACE_BOUND('',#436,.F.);
#436 = EDGE_LOOP('',(#437,#438,#439,#445));
#437 = ORIENTED_EDGE('',*,*,#423,.F.);
#438 = ORIENTED_EDGE('',*,*,#365,.T.);
#439 = ORIENTED_EDGE('',*,*,#440,.T.);
#440 = EDGE_CURVE('',#358,#283,#441,.T.);
#441 = LINE('',#442,#443);
#442 = CARTESIAN_POINT('',(-33.975,47.09,5.28));
#443 = VECTOR('',#444,1.);
#444 = DIRECTION('',(0.,0.,1.));
#445 = ORIENTED_EDGE('',*,*,#290,.F.);
#446 = PLANE('',#447);
#447 = AXIS2_PLACEMENT_3D('',#448,#449,#450);
#448 = CARTESIAN_POINT('',(-33.975,47.09,5.28));
#449 = DIRECTION('',(0.,1.,0.));
#450 = DIRECTION('',(0.,0.,1.));
#451 = ADVANCED_FACE('',(#452),#458,.T.);
#452 = FACE_BOUND('',#453,.T.);
#453 = EDGE_LOOP('',(#454,#455,#456,#457));
#454 = ORIENTED_EDGE('',*,*,#406,.F.);
#455 = ORIENTED_EDGE('',*,*,#357,.T.);
#456 = ORIENTED_EDGE('',*,*,#440,.T.);
#457 = ORIENTED_EDGE('',*,*,#282,.F.);
#458 = PLANE('',#459);
#459 = AXIS2_PLACEMENT_3D('',#460,#461,#462);
#460 = CARTESIAN_POINT('',(-33.975,34.54,5.28));
#461 = DIRECTION('',(1.,0.,0.));
#462 = DIRECTION('',(0.,0.,1.));
#463 = ( GEOMETRIC_REPRESENTATION_CONTEXT(3) 
GLOBAL_UNCERTAINTY_ASSIGNED_CONTEXT((#467)) GLOBAL_UNIT_ASSIGNED_CONTEXT
((#464,#465,#466)) REPRESENTATION_CONTEXT('Context #1',
  '3D Context with UNIT and UNCERTAINTY') );
#464 = ( LENGTH_UNIT() NAMED_UNIT(*) SI_UNIT(.MILLI.,.METRE.) );
#465 = ( NAMED_UNIT(*) PLANE_ANGLE_UNIT() SI_UNIT($,.RADIAN.) );
#466 = ( NAMED_UNIT(*) SI_UNIT($,.STERADIAN.) SOLID_ANGLE_UNIT() );
#467 = UNCERTAINTY_MEASURE_WITH_UNIT(LENGTH_MEASURE(1.E-07),#464,
  'distance_accuracy_value','confusion accuracy');
#468 = CONTEXT_DEPENDENT_SHAPE_REPRESENTATION(#469,#471);
#469 = ( REPRESENTATION_RELATIONSHIP('','',#176,#10) 
REPRESENTATION_RELATIONSHIP_WITH_TRANSFORMATION(#470) 
SHAPE_REPRESENTATION_RELATIONSHIP() );
#470 = ITEM_DEFINED_TRANSFORMATION('','',#11,#15);
#471 = PRODUCT_DEFINITION_SHAPE('Placement','Placement of an item',#472
  );
#472 = NEXT_ASSEMBLY_USAGE_OCCURRENCE('218','','',#5,#171,$);
#473 = PRODUCT_RELATED_PRODUCT_CATEGORY('part',$,(#173));
#474 = SHAPE_DEFINITION_REPRESENTATION(#475,#481);
#475 = PRODUCT_DEFINITION_SHAPE('','',#476);
#476 = PRODUCT_DEFINITION('design','',#477,#480);
#477 = PRODUCT_DEFINITION_FORMATION('','',#478);
#478 = PRODUCT('Open CASCADE STEP translator 7.8 5.2',
  'Open CASCADE STEP translator 7.8 5.2','',(#479));
#479 = PRODUCT_CONTEXT('',#2,'mechanical');
#480 = PRODUCT_DEFINITION_CONTEXT('part definition',#2,'design');
#481 = ADVANCED_BREP_SHAPE_REPRESENTATION('',(#11,#482),#1118);
#482 = MANIFOLD_SOLID_BREP('',#483);
#483 = CLOSED_SHELL('',(#484,#526,#680,#698,#846,#868,#885,#902,#919,
    #936,#953,#970,#987,#1004,#1021,#1038,#1055,#1072,#1089,#1106));
#484 = ADVANCED_FACE('',(#485),#521,.T.);
#485 = FACE_BOUND('',#486,.F.);
#486 = EDGE_LOOP('',(#487,#498,#506,#515));
#487 = ORIENTED_EDGE('',*,*,#488,.F.);
#488 = EDGE_CURVE('',#489,#491,#493,.T.);
#489 = VERTEX_POINT('',#490);
#490 = CARTESIAN_POINT('',(32.746211644938,31.006569766828,5.38));
#491 = VERTEX_POINT('',#492);
#492 = CARTESIAN_POINT('',(28.146160517442,30.640435299441,5.38));
#493 = CIRCLE('',#494,9.5);
#494 = AXIS2_PLACEMENT_3D('',#495,#496,#497);
#495 = CARTESIAN_POINT('',(29.715,40.01,5.38));
#496 = DIRECTION('',(-0.,0.,1.));
#497 = DIRECTION('',(0.319074909993,-0.947729498229,0.));
#498 = ORIENTED_EDGE('',*,*,#499,.F.);
#499 = EDGE_CURVE('',#500,#489,#502,.T.);
#500 = VERTEX_POINT('',#501);
#501 = CARTESIAN_POINT('',(32.746211644938,31.006569766828,5.86));
#502 = LINE('',#503,#504);
#503 = CARTESIAN_POINT('',(32.746211644938,31.006569766828,5.38));
#504 = VECTOR('',#505,1.);
#505 = DIRECTION('',(-0.,-0.,-1.));
#506 = ORIENTED_EDGE('',*,*,#507,.F.);
#507 = EDGE_CURVE('',#508,#500,#510,.T.);
#508 = VERTEX_POINT('',#509);
#509 = CARTESIAN_POINT('',(28.146160517442,30.640435299441,5.86));
#510 = CIRCLE('',#511,9.5);
#511 = AXIS2_PLACEMENT_3D('',#512,#513,#514);
#512 = CARTESIAN_POINT('',(29.715,40.01,5.86));
#513 = DIRECTION('',(-0.,0.,-1.));
#514 = DIRECTION('',(-0.165140998164,-0.98626996848,0.));
#515 = ORIENTED_EDGE('',*,*,#516,.T.);
#516 = EDGE_CURVE('',#508,#491,#517,.T.);
#517 = LINE('',#518,#519);
#518 = CARTESIAN_POINT('',(28.146160517442,30.640435299441,5.38));
#519 = VECTOR('',#520,1.);
#520 = DIRECTION('',(-0.,-0.,-1.));
#521 = CYLINDRICAL_SURFACE('',#522,9.5);
#522 = AXIS2_PLACEMENT_3D('',#523,#524,#525);
#523 = CARTESIAN_POINT('',(29.715,40.01,5.38));
#524 = DIRECTION('',(-0.,-0.,-1.));
#525 = DIRECTION('',(1.,0.,0.));
#526 = ADVANCED_FACE('',(#527,#537),#675,.F.);
#527 = FACE_BOUND('',#528,.F.);
#528 = EDGE_LOOP('',(#529,#530));
#529 = ORIENTED_EDGE('',*,*,#488,.T.);
#530 = ORIENTED_EDGE('',*,*,#531,.T.);
#531 = EDGE_CURVE('',#491,#489,#532,.T.);
#532 = CIRCLE('',#533,3.5);
#533 = AXIS2_PLACEMENT_3D('',#534,#535,#536);
#534 = CARTESIAN_POINT('',(30.655,28.2,5.38));
#535 = DIRECTION('',(0.,0.,-1.));
#536 = DIRECTION('',(1.,0.,0.));
#537 = FACE_BOUND('',#538,.F.);
#538 = EDGE_LOOP('',(#539,#549,#558,#566,#575,#583,#592,#600,#609,#617,
    #626,#634,#643,#651,#660,#668));
#539 = ORIENTED_EDGE('',*,*,#540,.F.);
#540 = EDGE_CURVE('',#541,#543,#545,.T.);
#541 = VERTEX_POINT('',#542);
#542 = CARTESIAN_POINT('',(36.415,42.844717799006,5.38));
#543 = VERTEX_POINT('',#544);
#544 = CARTESIAN_POINT('',(36.415,46.06,5.38));
#545 = LINE('',#546,#547);
#546 = CARTESIAN_POINT('',(36.415,36.76,5.38));
#547 = VECTOR('',#548,1.);
#548 = DIRECTION('',(0.,1.,0.));
#549 = ORIENTED_EDGE('',*,*,#550,.F.);
#550 = EDGE_CURVE('',#551,#541,#553,.T.);
#551 = VERTEX_POINT('',#552);
#552 = CARTESIAN_POINT('',(36.415,37.175282200994,5.38));
#553 = CIRCLE('',#554,7.275);
#554 = AXIS2_PLACEMENT_3D('',#555,#556,#557);
#555 = CARTESIAN_POINT('',(29.715,40.01,5.38));
#556 = DIRECTION('',(-0.,0.,1.));
#557 = DIRECTION('',(0.920962199313,-0.389651931135,0.));
#558 = ORIENTED_EDGE('',*,*,#559,.F.);
#559 = EDGE_CURVE('',#560,#551,#562,.T.);
#560 = VERTEX_POINT('',#561);
#561 = CARTESIAN_POINT('',(36.415,33.96,5.38));
#562 = LINE('',#563,#564);
#563 = CARTESIAN_POINT('',(36.415,36.76,5.38));
#564 = VECTOR('',#565,1.);
#565 = DIRECTION('',(0.,1.,0.));
#566 = ORIENTED_EDGE('',*,*,#567,.F.);
#567 = EDGE_CURVE('',#568,#560,#570,.T.);
#568 = VERTEX_POINT('',#569);
#569 = CARTESIAN_POINT('',(35.965,33.51,5.38));
#570 = CIRCLE('',#571,0.45);
#571 = AXIS2_PLACEMENT_3D('',#572,#573,#574);
#572 = CARTESIAN_POINT('',(35.965,33.96,5.38));
#573 = DIRECTION('',(0.,0.,1.));
#574 = DIRECTION('',(1.,0.,-0.));
#575 = ORIENTED_EDGE('',*,*,#576,.T.);
#576 = EDGE_CURVE('',#568,#577,#579,.T.);
#577 = VERTEX_POINT('',#578);
#578 = CARTESIAN_POINT('',(32.98235749498,33.51,5.38));
#579 = LINE('',#580,#581);
#580 = CARTESIAN_POINT('',(26.365,33.51,5.38));
#581 = VECTOR('',#582,1.);
#582 = DIRECTION('',(-1.,0.,0.));
#583 = ORIENTED_EDGE('',*,*,#584,.F.);
#584 = EDGE_CURVE('',#585,#577,#587,.T.);
#585 = VERTEX_POINT('',#586);
#586 = CARTESIAN_POINT('',(26.44764250502,33.51,5.38));
#587 = CIRCLE('',#588,7.275);
#588 = AXIS2_PLACEMENT_3D('',#589,#590,#591);
#589 = CARTESIAN_POINT('',(29.715,40.01,5.38));
#590 = DIRECTION('',(0.,0.,1.));
#591 = DIRECTION('',(1.,0.,0.));
#592 = ORIENTED_EDGE('',*,*,#593,.T.);
#593 = EDGE_CURVE('',#585,#594,#596,.T.);
#594 = VERTEX_POINT('',#595);
#595 = CARTESIAN_POINT('',(23.465,33.51,5.38));
#596 = LINE('',#597,#598);
#597 = CARTESIAN_POINT('',(26.365,33.51,5.38));
#598 = VECTOR('',#599,1.);
#599 = DIRECTION('',(-1.,0.,0.));
#600 = ORIENTED_EDGE('',*,*,#601,.F.);
#601 = EDGE_CURVE('',#602,#594,#604,.T.);
#602 = VERTEX_POINT('',#603);
#603 = CARTESIAN_POINT('',(23.015,33.96,5.38));
#604 = CIRCLE('',#605,0.45);
#605 = AXIS2_PLACEMENT_3D('',#606,#607,#608);
#606 = CARTESIAN_POINT('',(23.465,33.96,5.38));
#607 = DIRECTION('',(0.,0.,1.));
#608 = DIRECTION('',(-1.,-0.,0.));
#609 = ORIENTED_EDGE('',*,*,#610,.T.);
#610 = EDGE_CURVE('',#602,#611,#613,.T.);
#611 = VERTEX_POINT('',#612);
#612 = CARTESIAN_POINT('',(23.015,37.175282200994,5.38));
#613 = LINE('',#614,#615);
#614 = CARTESIAN_POINT('',(23.015,36.76,5.38));
#615 = VECTOR('',#616,1.);
#616 = DIRECTION('',(0.,1.,0.));
#617 = ORIENTED_EDGE('',*,*,#618,.F.);
#618 = EDGE_CURVE('',#619,#611,#621,.T.);
#619 = VERTEX_POINT('',#620);
#620 = CARTESIAN_POINT('',(23.015,42.844717799006,5.38));
#621 = CIRCLE('',#622,7.275);
#622 = AXIS2_PLACEMENT_3D('',#623,#624,#625);
#623 = CARTESIAN_POINT('',(29.715,40.01,5.38));
#624 = DIRECTION('',(0.,0.,1.));
#625 = DIRECTION('',(1.,0.,0.));
#626 = ORIENTED_EDGE('',*,*,#627,.T.);
#627 = EDGE_CURVE('',#619,#628,#630,.T.);
#628 = VERTEX_POINT('',#629);
#629 = CARTESIAN_POINT('',(23.015,46.06,5.38));
#630 = LINE('',#631,#632);
#631 = CARTESIAN_POINT('',(23.015,36.76,5.38));
#632 = VECTOR('',#633,1.);
#633 = DIRECTION('',(0.,1.,0.));
#634 = ORIENTED_EDGE('',*,*,#635,.F.);
#635 = EDGE_CURVE('',#636,#628,#638,.T.);
#636 = VERTEX_POINT('',#637);
#637 = CARTESIAN_POINT('',(23.465,46.51,5.38));
#638 = CIRCLE('',#639,0.45);
#639 = AXIS2_PLACEMENT_3D('',#640,#641,#642);
#640 = CARTESIAN_POINT('',(23.465,46.06,5.38));
#641 = DIRECTION('',(0.,0.,1.));
#642 = DIRECTION('',(-1.,-0.,0.));
#643 = ORIENTED_EDGE('',*,*,#644,.F.);
#644 = EDGE_CURVE('',#645,#636,#647,.T.);
#645 = VERTEX_POINT('',#646);
#646 = CARTESIAN_POINT('',(26.44764250502,46.51,5.38));
#647 = LINE('',#648,#649);
#648 = CARTESIAN_POINT('',(26.365,46.51,5.38));
#649 = VECTOR('',#650,1.);
#650 = DIRECTION('',(-1.,0.,0.));
#651 = ORIENTED_EDGE('',*,*,#652,.F.);
#652 = EDGE_CURVE('',#653,#645,#655,.T.);
#653 = VERTEX_POINT('',#654);
#654 = CARTESIAN_POINT('',(32.98235749498,46.51,5.38));
#655 = CIRCLE('',#656,7.275);
#656 = AXIS2_PLACEMENT_3D('',#657,#658,#659);
#657 = CARTESIAN_POINT('',(29.715,40.01,5.38));
#658 = DIRECTION('',(0.,0.,1.));
#659 = DIRECTION('',(1.,0.,0.));
#660 = ORIENTED_EDGE('',*,*,#661,.F.);
#661 = EDGE_CURVE('',#662,#653,#664,.T.);
#662 = VERTEX_POINT('',#663);
#663 = CARTESIAN_POINT('',(35.965,46.51,5.38));
#664 = LINE('',#665,#666);
#665 = CARTESIAN_POINT('',(26.365,46.51,5.38));
#666 = VECTOR('',#667,1.);
#667 = DIRECTION('',(-1.,0.,0.));
#668 = ORIENTED_EDGE('',*,*,#669,.F.);
#669 = EDGE_CURVE('',#543,#662,#670,.T.);
#670 = CIRCLE('',#671,0.45);
#671 = AXIS2_PLACEMENT_3D('',#672,#673,#674);
#672 = CARTESIAN_POINT('',(35.965,46.06,5.38));
#673 = DIRECTION('',(0.,0.,1.));
#674 = DIRECTION('',(1.,0.,-0.));
#675 = PLANE('',#676);
#676 = AXIS2_PLACEMENT_3D('',#677,#678,#679);
#677 = CARTESIAN_POINT('',(29.715,40.01,5.38));
#678 = DIRECTION('',(0.,0.,1.));
#679 = DIRECTION('',(1.,0.,-0.));
#680 = ADVANCED_FACE('',(#681),#693,.F.);
#681 = FACE_BOUND('',#682,.T.);
#682 = EDGE_LOOP('',(#683,#684,#691,#692));
#683 = ORIENTED_EDGE('',*,*,#499,.F.);
#684 = ORIENTED_EDGE('',*,*,#685,.F.);
#685 = EDGE_CURVE('',#508,#500,#686,.T.);
#686 = CIRCLE('',#687,3.5);
#687 = AXIS2_PLACEMENT_3D('',#688,#689,#690);
#688 = CARTESIAN_POINT('',(30.655,28.2,5.86));
#689 = DIRECTION('',(0.,0.,-1.));
#690 = DIRECTION('',(1.,0.,0.));
#691 = ORIENTED_EDGE('',*,*,#516,.T.);
#692 = ORIENTED_EDGE('',*,*,#531,.T.);
#693 = CYLINDRICAL_SURFACE('',#694,3.5);
#694 = AXIS2_PLACEMENT_3D('',#695,#696,#697);
#695 = CARTESIAN_POINT('',(30.655,28.2,5.28));
#696 = DIRECTION('',(-0.,-0.,-1.));
#697 = DIRECTION('',(1.,0.,0.));
#698 = ADVANCED_FACE('',(#699,#703),#841,.T.);
#699 = FACE_BOUND('',#700,.T.);
#700 = EDGE_LOOP('',(#701,#702));
#701 = ORIENTED_EDGE('',*,*,#685,.T.);
#702 = ORIENTED_EDGE('',*,*,#507,.F.);
#703 = FACE_BOUND('',#704,.T.);
#704 = EDGE_LOOP('',(#705,#716,#724,#733,#741,#750,#758,#767,#775,#784,
    #792,#801,#809,#818,#826,#835));
#705 = ORIENTED_EDGE('',*,*,#706,.T.);
#706 = EDGE_CURVE('',#707,#709,#711,.T.);
#707 = VERTEX_POINT('',#708);
#708 = CARTESIAN_POINT('',(36.415,42.844717799006,5.86));
#709 = VERTEX_POINT('',#710);
#710 = CARTESIAN_POINT('',(36.415,37.175282200994,5.86));
#711 = CIRCLE('',#712,7.275);
#712 = AXIS2_PLACEMENT_3D('',#713,#714,#715);
#713 = CARTESIAN_POINT('',(29.715,40.01,5.86));
#714 = DIRECTION('',(0.,0.,-1.));
#715 = DIRECTION('',(0.920962199313,0.389651931135,0.));
#716 = ORIENTED_EDGE('',*,*,#717,.F.);
#717 = EDGE_CURVE('',#718,#709,#720,.T.);
#718 = VERTEX_POINT('',#719);
#719 = CARTESIAN_POINT('',(36.415,33.96,5.86));
#720 = LINE('',#721,#722);
#721 = CARTESIAN_POINT('',(36.415,36.76,5.86));
#722 = VECTOR('',#723,1.);
#723 = DIRECTION('',(0.,1.,0.));
#724 = ORIENTED_EDGE('',*,*,#725,.F.);
#725 = EDGE_CURVE('',#726,#718,#728,.T.);
#726 = VERTEX_POINT('',#727);
#727 = CARTESIAN_POINT('',(35.965,33.51,5.86));
#728 = CIRCLE('',#729,0.45);
#729 = AXIS2_PLACEMENT_3D('',#730,#731,#732);
#730 = CARTESIAN_POINT('',(35.965,33.96,5.86));
#731 = DIRECTION('',(0.,0.,1.));
#732 = DIRECTION('',(1.,0.,-0.));
#733 = ORIENTED_EDGE('',*,*,#734,.T.);
#734 = EDGE_CURVE('',#726,#735,#737,.T.);
#735 = VERTEX_POINT('',#736);
#736 = CARTESIAN_POINT('',(32.98235749498,33.51,5.86));
#737 = LINE('',#738,#739);
#738 = CARTESIAN_POINT('',(26.365,33.51,5.86));
#739 = VECTOR('',#740,1.);
#740 = DIRECTION('',(-1.,0.,0.));
#741 = ORIENTED_EDGE('',*,*,#742,.F.);
#742 = EDGE_CURVE('',#743,#735,#745,.T.);
#743 = VERTEX_POINT('',#744);
#744 = CARTESIAN_POINT('',(26.44764250502,33.51,5.86));
#745 = CIRCLE('',#746,7.275);
#746 = AXIS2_PLACEMENT_3D('',#747,#748,#749);
#747 = CARTESIAN_POINT('',(29.715,40.01,5.86));
#748 = DIRECTION('',(0.,0.,1.));
#749 = DIRECTION('',(1.,0.,0.));
#750 = ORIENTED_EDGE('',*,*,#751,.T.);
#751 = EDGE_CURVE('',#743,#752,#754,.T.);
#752 = VERTEX_POINT('',#753);
#753 = CARTESIAN_POINT('',(23.465,33.51,5.86));
#754 = LINE('',#755,#756);
#755 = CARTESIAN_POINT('',(26.365,33.51,5.86));
#756 = VECTOR('',#757,1.);
#757 = DIRECTION('',(-1.,0.,0.));
#758 = ORIENTED_EDGE('',*,*,#759,.F.);
#759 = EDGE_CURVE('',#760,#752,#762,.T.);
#760 = VERTEX_POINT('',#761);
#761 = CARTESIAN_POINT('',(23.015,33.96,5.86));
#762 = CIRCLE('',#763,0.45);
#763 = AXIS2_PLACEMENT_3D('',#764,#765,#766);
#764 = CARTESIAN_POINT('',(23.465,33.96,5.86));
#765 = DIRECTION('',(0.,0.,1.));
#766 = DIRECTION('',(-1.,-0.,0.));
#767 = ORIENTED_EDGE('',*,*,#768,.T.);
#768 = EDGE_CURVE('',#760,#769,#771,.T.);
#769 = VERTEX_POINT('',#770);
#770 = CARTESIAN_POINT('',(23.015,37.175282200994,5.86));
#771 = LINE('',#772,#773);
#772 = CARTESIAN_POINT('',(23.015,36.76,5.86));
#773 = VECTOR('',#774,1.);
#774 = DIRECTION('',(0.,1.,0.));
#775 = ORIENTED_EDGE('',*,*,#776,.F.);
#776 = EDGE_CURVE('',#777,#769,#779,.T.);
#777 = VERTEX_POINT('',#778);
#778 = CARTESIAN_POINT('',(23.015,42.844717799006,5.86));
#779 = CIRCLE('',#780,7.275);
#780 = AXIS2_PLACEMENT_3D('',#781,#782,#783);
#781 = CARTESIAN_POINT('',(29.715,40.01,5.86));
#782 = DIRECTION('',(0.,0.,1.));
#783 = DIRECTION('',(1.,0.,0.));
#784 = ORIENTED_EDGE('',*,*,#785,.T.);
#785 = EDGE_CURVE('',#777,#786,#788,.T.);
#786 = VERTEX_POINT('',#787);
#787 = CARTESIAN_POINT('',(23.015,46.06,5.86));
#788 = LINE('',#789,#790);
#789 = CARTESIAN_POINT('',(23.015,36.76,5.86));
#790 = VECTOR('',#791,1.);
#791 = DIRECTION('',(0.,1.,0.));
#792 = ORIENTED_EDGE('',*,*,#793,.F.);
#793 = EDGE_CURVE('',#794,#786,#796,.T.);
#794 = VERTEX_POINT('',#795);
#795 = CARTESIAN_POINT('',(23.465,46.51,5.86));
#796 = CIRCLE('',#797,0.45);
#797 = AXIS2_PLACEMENT_3D('',#798,#799,#800);
#798 = CARTESIAN_POINT('',(23.465,46.06,5.86));
#799 = DIRECTION('',(0.,0.,1.));
#800 = DIRECTION('',(-1.,-0.,0.));
#801 = ORIENTED_EDGE('',*,*,#802,.F.);
#802 = EDGE_CURVE('',#803,#794,#805,.T.);
#803 = VERTEX_POINT('',#804);
#804 = CARTESIAN_POINT('',(26.44764250502,46.51,5.86));
#805 = LINE('',#806,#807);
#806 = CARTESIAN_POINT('',(26.365,46.51,5.86));
#807 = VECTOR('',#808,1.);
#808 = DIRECTION('',(-1.,0.,0.));
#809 = ORIENTED_EDGE('',*,*,#810,.F.);
#810 = EDGE_CURVE('',#811,#803,#813,.T.);
#811 = VERTEX_POINT('',#812);
#812 = CARTESIAN_POINT('',(32.98235749498,46.51,5.86));
#813 = CIRCLE('',#814,7.275);
#814 = AXIS2_PLACEMENT_3D('',#815,#816,#817);
#815 = CARTESIAN_POINT('',(29.715,40.01,5.86));
#816 = DIRECTION('',(0.,0.,1.));
#817 = DIRECTION('',(1.,0.,0.));
#818 = ORIENTED_EDGE('',*,*,#819,.F.);
#819 = EDGE_CURVE('',#820,#811,#822,.T.);
#820 = VERTEX_POINT('',#821);
#821 = CARTESIAN_POINT('',(35.965,46.51,5.86));
#822 = LINE('',#823,#824);
#823 = CARTESIAN_POINT('',(26.365,46.51,5.86));
#824 = VECTOR('',#825,1.);
#825 = DIRECTION('',(-1.,0.,0.));
#826 = ORIENTED_EDGE('',*,*,#827,.F.);
#827 = EDGE_CURVE('',#828,#820,#830,.T.);
#828 = VERTEX_POINT('',#829);
#829 = CARTESIAN_POINT('',(36.415,46.06,5.86));
#830 = CIRCLE('',#831,0.45);
#831 = AXIS2_PLACEMENT_3D('',#832,#833,#834);
#832 = CARTESIAN_POINT('',(35.965,46.06,5.86));
#833 = DIRECTION('',(0.,0.,1.));
#834 = DIRECTION('',(1.,0.,-0.));
#835 = ORIENTED_EDGE('',*,*,#836,.F.);
#836 = EDGE_CURVE('',#707,#828,#837,.T.);
#837 = LINE('',#838,#839);
#838 = CARTESIAN_POINT('',(36.415,36.76,5.86));
#839 = VECTOR('',#840,1.);
#840 = DIRECTION('',(0.,1.,0.));
#841 = PLANE('',#842);
#842 = AXIS2_PLACEMENT_3D('',#843,#844,#845);
#843 = CARTESIAN_POINT('',(29.715,40.01,5.86));
#844 = DIRECTION('',(0.,0.,1.));
#845 = DIRECTION('',(1.,0.,-0.));
#846 = ADVANCED_FACE('',(#847),#863,.F.);
#847 = FACE_BOUND('',#848,.T.);
#848 = EDGE_LOOP('',(#849,#850,#856,#857));
#849 = ORIENTED_EDGE('',*,*,#550,.F.);
#850 = ORIENTED_EDGE('',*,*,#851,.F.);
#851 = EDGE_CURVE('',#709,#551,#852,.T.);
#852 = LINE('',#853,#854);
#853 = CARTESIAN_POINT('',(36.415,37.175282200994,5.38));
#854 = VECTOR('',#855,1.);
#855 = DIRECTION('',(-0.,-0.,-1.));
#856 = ORIENTED_EDGE('',*,*,#706,.F.);
#857 = ORIENTED_EDGE('',*,*,#858,.T.);
#858 = EDGE_CURVE('',#707,#541,#859,.T.);
#859 = LINE('',#860,#861);
#860 = CARTESIAN_POINT('',(36.415,42.844717799006,5.38));
#861 = VECTOR('',#862,1.);
#862 = DIRECTION('',(-0.,-0.,-1.));
#863 = CYLINDRICAL_SURFACE('',#864,7.275);
#864 = AXIS2_PLACEMENT_3D('',#865,#866,#867);
#865 = CARTESIAN_POINT('',(29.715,40.01,5.38));
#866 = DIRECTION('',(-0.,-0.,-1.));
#867 = DIRECTION('',(1.,0.,0.));
#868 = ADVANCED_FACE('',(#869),#880,.F.);
#869 = FACE_BOUND('',#870,.F.);
#870 = EDGE_LOOP('',(#871,#877,#878,#879));
#871 = ORIENTED_EDGE('',*,*,#872,.T.);
#872 = EDGE_CURVE('',#543,#828,#873,.T.);
#873 = LINE('',#874,#875);
#874 = CARTESIAN_POINT('',(36.415,46.06,5.1));
#875 = VECTOR('',#876,1.);
#876 = DIRECTION('',(0.,0.,1.));
#877 = ORIENTED_EDGE('',*,*,#836,.F.);
#878 = ORIENTED_EDGE('',*,*,#858,.T.);
#879 = ORIENTED_EDGE('',*,*,#540,.T.);
#880 = PLANE('',#881);
#881 = AXIS2_PLACEMENT_3D('',#882,#883,#884);
#882 = CARTESIAN_POINT('',(36.415,33.51,5.1));
#883 = DIRECTION('',(1.,0.,0.));
#884 = DIRECTION('',(0.,0.,1.));
#885 = ADVANCED_FACE('',(#886),#897,.F.);
#886 = FACE_BOUND('',#887,.F.);
#887 = EDGE_LOOP('',(#888,#889,#890,#896));
#888 = ORIENTED_EDGE('',*,*,#872,.F.);
#889 = ORIENTED_EDGE('',*,*,#669,.T.);
#890 = ORIENTED_EDGE('',*,*,#891,.T.);
#891 = EDGE_CURVE('',#662,#820,#892,.T.);
#892 = LINE('',#893,#894);
#893 = CARTESIAN_POINT('',(35.965,46.51,5.1));
#894 = VECTOR('',#895,1.);
#895 = DIRECTION('',(0.,0.,1.));
#896 = ORIENTED_EDGE('',*,*,#827,.F.);
#897 = CYLINDRICAL_SURFACE('',#898,0.45);
#898 = AXIS2_PLACEMENT_3D('',#899,#900,#901);
#899 = CARTESIAN_POINT('',(35.965,46.06,5.1));
#900 = DIRECTION('',(0.,0.,1.));
#901 = DIRECTION('',(1.,0.,-0.));
#902 = ADVANCED_FACE('',(#903),#914,.F.);
#903 = FACE_BOUND('',#904,.F.);
#904 = EDGE_LOOP('',(#905,#906,#907,#913));
#905 = ORIENTED_EDGE('',*,*,#891,.F.);
#906 = ORIENTED_EDGE('',*,*,#661,.T.);
#907 = ORIENTED_EDGE('',*,*,#908,.F.);
#908 = EDGE_CURVE('',#811,#653,#909,.T.);
#909 = LINE('',#910,#911);
#910 = CARTESIAN_POINT('',(32.98235749498,46.51,5.38));
#911 = VECTOR('',#912,1.);
#912 = DIRECTION('',(-0.,-0.,-1.));
#913 = ORIENTED_EDGE('',*,*,#819,.F.);
#914 = PLANE('',#915);
#915 = AXIS2_PLACEMENT_3D('',#916,#917,#918);
#916 = CARTESIAN_POINT('',(23.015,46.51,5.1));
#917 = DIRECTION('',(0.,1.,0.));
#918 = DIRECTION('',(0.,0.,1.));
#919 = ADVANCED_FACE('',(#920),#931,.F.);
#920 = FACE_BOUND('',#921,.T.);
#921 = EDGE_LOOP('',(#922,#923,#924,#925));
#922 = ORIENTED_EDGE('',*,*,#652,.F.);
#923 = ORIENTED_EDGE('',*,*,#908,.F.);
#924 = ORIENTED_EDGE('',*,*,#810,.T.);
#925 = ORIENTED_EDGE('',*,*,#926,.T.);
#926 = EDGE_CURVE('',#803,#645,#927,.T.);
#927 = LINE('',#928,#929);
#928 = CARTESIAN_POINT('',(26.44764250502,46.51,5.38));
#929 = VECTOR('',#930,1.);
#930 = DIRECTION('',(-0.,-0.,-1.));
#931 = CYLINDRICAL_SURFACE('',#932,7.275);
#932 = AXIS2_PLACEMENT_3D('',#933,#934,#935);
#933 = CARTESIAN_POINT('',(29.715,40.01,5.38));
#934 = DIRECTION('',(-0.,-0.,-1.));
#935 = DIRECTION('',(1.,0.,0.));
#936 = ADVANCED_FACE('',(#937),#948,.F.);
#937 = FACE_BOUND('',#938,.F.);
#938 = EDGE_LOOP('',(#939,#940,#946,#947));
#939 = ORIENTED_EDGE('',*,*,#644,.T.);
#940 = ORIENTED_EDGE('',*,*,#941,.T.);
#941 = EDGE_CURVE('',#636,#794,#942,.T.);
#942 = LINE('',#943,#944);
#943 = CARTESIAN_POINT('',(23.465,46.51,5.1));
#944 = VECTOR('',#945,1.);
#945 = DIRECTION('',(0.,0.,1.));
#946 = ORIENTED_EDGE('',*,*,#802,.F.);
#947 = ORIENTED_EDGE('',*,*,#926,.T.);
#948 = PLANE('',#949);
#949 = AXIS2_PLACEMENT_3D('',#950,#951,#952);
#950 = CARTESIAN_POINT('',(23.015,46.51,5.1));
#951 = DIRECTION('',(0.,1.,0.));
#952 = DIRECTION('',(0.,0.,1.));
#953 = ADVANCED_FACE('',(#954),#965,.F.);
#954 = FACE_BOUND('',#955,.T.);
#955 = EDGE_LOOP('',(#956,#962,#963,#964));
#956 = ORIENTED_EDGE('',*,*,#957,.F.);
#957 = EDGE_CURVE('',#628,#786,#958,.T.);
#958 = LINE('',#959,#960);
#959 = CARTESIAN_POINT('',(23.015,46.06,5.1));
#960 = VECTOR('',#961,1.);
#961 = DIRECTION('',(0.,0.,1.));
#962 = ORIENTED_EDGE('',*,*,#635,.F.);
#963 = ORIENTED_EDGE('',*,*,#941,.T.);
#964 = ORIENTED_EDGE('',*,*,#793,.T.);
#965 = CYLINDRICAL_SURFACE('',#966,0.45);
#966 = AXIS2_PLACEMENT_3D('',#967,#968,#969);
#967 = CARTESIAN_POINT('',(23.465,46.06,5.1));
#968 = DIRECTION('',(0.,0.,1.));
#969 = DIRECTION('',(-1.,-0.,0.));
#970 = ADVANCED_FACE('',(#971),#982,.T.);
#971 = FACE_BOUND('',#972,.T.);
#972 = EDGE_LOOP('',(#973,#974,#975,#981));
#973 = ORIENTED_EDGE('',*,*,#957,.T.);
#974 = ORIENTED_EDGE('',*,*,#785,.F.);
#975 = ORIENTED_EDGE('',*,*,#976,.T.);
#976 = EDGE_CURVE('',#777,#619,#977,.T.);
#977 = LINE('',#978,#979);
#978 = CARTESIAN_POINT('',(23.015,42.844717799006,5.38));
#979 = VECTOR('',#980,1.);
#980 = DIRECTION('',(-0.,-0.,-1.));
#981 = ORIENTED_EDGE('',*,*,#627,.T.);
#982 = PLANE('',#983);
#983 = AXIS2_PLACEMENT_3D('',#984,#985,#986);
#984 = CARTESIAN_POINT('',(23.015,33.51,5.1));
#985 = DIRECTION('',(1.,0.,0.));
#986 = DIRECTION('',(0.,0.,1.));
#987 = ADVANCED_FACE('',(#988),#999,.F.);
#988 = FACE_BOUND('',#989,.T.);
#989 = EDGE_LOOP('',(#990,#991,#992,#993));
#990 = ORIENTED_EDGE('',*,*,#618,.F.);
#991 = ORIENTED_EDGE('',*,*,#976,.F.);
#992 = ORIENTED_EDGE('',*,*,#776,.T.);
#993 = ORIENTED_EDGE('',*,*,#994,.T.);
#994 = EDGE_CURVE('',#769,#611,#995,.T.);
#995 = LINE('',#996,#997);
#996 = CARTESIAN_POINT('',(23.015,37.175282200994,5.38));
#997 = VECTOR('',#998,1.);
#998 = DIRECTION('',(-0.,-0.,-1.));
#999 = CYLINDRICAL_SURFACE('',#1000,7.275);
#1000 = AXIS2_PLACEMENT_3D('',#1001,#1002,#1003);
#1001 = CARTESIAN_POINT('',(29.715,40.01,5.38));
#1002 = DIRECTION('',(-0.,-0.,-1.));
#1003 = DIRECTION('',(1.,0.,0.));
#1004 = ADVANCED_FACE('',(#1005),#1016,.T.);
#1005 = FACE_BOUND('',#1006,.T.);
#1006 = EDGE_LOOP('',(#1007,#1008,#1014,#1015));
#1007 = ORIENTED_EDGE('',*,*,#768,.F.);
#1008 = ORIENTED_EDGE('',*,*,#1009,.F.);
#1009 = EDGE_CURVE('',#602,#760,#1010,.T.);
#1010 = LINE('',#1011,#1012);
#1011 = CARTESIAN_POINT('',(23.015,33.96,5.1));
#1012 = VECTOR('',#1013,1.);
#1013 = DIRECTION('',(0.,0.,1.));
#1014 = ORIENTED_EDGE('',*,*,#610,.T.);
#1015 = ORIENTED_EDGE('',*,*,#994,.F.);
#1016 = PLANE('',#1017);
#1017 = AXIS2_PLACEMENT_3D('',#1018,#1019,#1020);
#1018 = CARTESIAN_POINT('',(23.015,33.51,5.1));
#1019 = DIRECTION('',(1.,0.,0.));
#1020 = DIRECTION('',(0.,0.,1.));
#1021 = ADVANCED_FACE('',(#1022),#1033,.F.);
#1022 = FACE_BOUND('',#1023,.F.);
#1023 = EDGE_LOOP('',(#1024,#1025,#1026,#1032));
#1024 = ORIENTED_EDGE('',*,*,#1009,.F.);
#1025 = ORIENTED_EDGE('',*,*,#601,.T.);
#1026 = ORIENTED_EDGE('',*,*,#1027,.T.);
#1027 = EDGE_CURVE('',#594,#752,#1028,.T.);
#1028 = LINE('',#1029,#1030);
#1029 = CARTESIAN_POINT('',(23.465,33.51,5.1));
#1030 = VECTOR('',#1031,1.);
#1031 = DIRECTION('',(0.,0.,1.));
#1032 = ORIENTED_EDGE('',*,*,#759,.F.);
#1033 = CYLINDRICAL_SURFACE('',#1034,0.45);
#1034 = AXIS2_PLACEMENT_3D('',#1035,#1036,#1037);
#1035 = CARTESIAN_POINT('',(23.465,33.96,5.1));
#1036 = DIRECTION('',(0.,0.,1.));
#1037 = DIRECTION('',(-1.,-0.,0.));
#1038 = ADVANCED_FACE('',(#1039),#1050,.T.);
#1039 = FACE_BOUND('',#1040,.T.);
#1040 = EDGE_LOOP('',(#1041,#1042,#1043,#1044));
#1041 = ORIENTED_EDGE('',*,*,#593,.T.);
#1042 = ORIENTED_EDGE('',*,*,#1027,.T.);
#1043 = ORIENTED_EDGE('',*,*,#751,.F.);
#1044 = ORIENTED_EDGE('',*,*,#1045,.T.);
#1045 = EDGE_CURVE('',#743,#585,#1046,.T.);
#1046 = LINE('',#1047,#1048);
#1047 = CARTESIAN_POINT('',(26.44764250502,33.51,5.38));
#1048 = VECTOR('',#1049,1.);
#1049 = DIRECTION('',(-0.,-0.,-1.));
#1050 = PLANE('',#1051);
#1051 = AXIS2_PLACEMENT_3D('',#1052,#1053,#1054);
#1052 = CARTESIAN_POINT('',(23.015,33.51,5.1));
#1053 = DIRECTION('',(0.,1.,0.));
#1054 = DIRECTION('',(0.,0.,1.));
#1055 = ADVANCED_FACE('',(#1056),#1067,.F.);
#1056 = FACE_BOUND('',#1057,.T.);
#1057 = EDGE_LOOP('',(#1058,#1064,#1065,#1066));
#1058 = ORIENTED_EDGE('',*,*,#1059,.T.);
#1059 = EDGE_CURVE('',#735,#577,#1060,.T.);
#1060 = LINE('',#1061,#1062);
#1061 = CARTESIAN_POINT('',(32.98235749498,33.51,5.38));
#1062 = VECTOR('',#1063,1.);
#1063 = DIRECTION('',(-0.,-0.,-1.));
#1064 = ORIENTED_EDGE('',*,*,#584,.F.);
#1065 = ORIENTED_EDGE('',*,*,#1045,.F.);
#1066 = ORIENTED_EDGE('',*,*,#742,.T.);
#1067 = CYLINDRICAL_SURFACE('',#1068,7.275);
#1068 = AXIS2_PLACEMENT_3D('',#1069,#1070,#1071);
#1069 = CARTESIAN_POINT('',(29.715,40.01,5.38));
#1070 = DIRECTION('',(-0.,-0.,-1.));
#1071 = DIRECTION('',(1.,0.,0.));
#1072 = ADVANCED_FACE('',(#1073),#1084,.T.);
#1073 = FACE_BOUND('',#1074,.T.);
#1074 = EDGE_LOOP('',(#1075,#1081,#1082,#1083));
#1075 = ORIENTED_EDGE('',*,*,#1076,.F.);
#1076 = EDGE_CURVE('',#568,#726,#1077,.T.);
#1077 = LINE('',#1078,#1079);
#1078 = CARTESIAN_POINT('',(35.965,33.51,5.1));
#1079 = VECTOR('',#1080,1.);
#1080 = DIRECTION('',(0.,0.,1.));
#1081 = ORIENTED_EDGE('',*,*,#576,.T.);
#1082 = ORIENTED_EDGE('',*,*,#1059,.F.);
#1083 = ORIENTED_EDGE('',*,*,#734,.F.);
#1084 = PLANE('',#1085);
#1085 = AXIS2_PLACEMENT_3D('',#1086,#1087,#1088);
#1086 = CARTESIAN_POINT('',(23.015,33.51,5.1));
#1087 = DIRECTION('',(0.,1.,0.));
#1088 = DIRECTION('',(0.,0.,1.));
#1089 = ADVANCED_FACE('',(#1090),#1101,.F.);
#1090 = FACE_BOUND('',#1091,.T.);
#1091 = EDGE_LOOP('',(#1092,#1098,#1099,#1100));
#1092 = ORIENTED_EDGE('',*,*,#1093,.F.);
#1093 = EDGE_CURVE('',#560,#718,#1094,.T.);
#1094 = LINE('',#1095,#1096);
#1095 = CARTESIAN_POINT('',(36.415,33.96,5.1));
#1096 = VECTOR('',#1097,1.);
#1097 = DIRECTION('',(0.,0.,1.));
#1098 = ORIENTED_EDGE('',*,*,#567,.F.);
#1099 = ORIENTED_EDGE('',*,*,#1076,.T.);
#1100 = ORIENTED_EDGE('',*,*,#725,.T.);
#1101 = CYLINDRICAL_SURFACE('',#1102,0.45);
#1102 = AXIS2_PLACEMENT_3D('',#1103,#1104,#1105);
#1103 = CARTESIAN_POINT('',(35.965,33.96,5.1));
#1104 = DIRECTION('',(0.,0.,1.));
#1105 = DIRECTION('',(1.,0.,-0.));
#1106 = ADVANCED_FACE('',(#1107),#1113,.F.);
#1107 = FACE_BOUND('',#1108,.F.);
#1108 = EDGE_LOOP('',(#1109,#1110,#1111,#1112));
#1109 = ORIENTED_EDGE('',*,*,#717,.F.);
#1110 = ORIENTED_EDGE('',*,*,#1093,.F.);
#1111 = ORIENTED_EDGE('',*,*,#559,.T.);
#1112 = ORIENTED_EDGE('',*,*,#851,.F.);
#1113 = PLANE('',#1114);
#1114 = AXIS2_PLACEMENT_3D('',#1115,#1116,#1117);
#1115 = CARTESIAN_POINT('',(36.415,33.51,5.1));
#1116 = DIRECTION('',(1.,0.,0.));
#1117 = DIRECTION('',(0.,0.,1.));
#1118 = ( GEOMETRIC_REPRESENTATION_CONTEXT(3) 
GLOBAL_UNCERTAINTY_ASSIGNED_CONTEXT((#1122)) 
GLOBAL_UNIT_ASSIGNED_CONTEXT((#1119,#1120,#1121)) REPRESENTATION_CONTEXT
('Context #1','3D Context with UNIT and UNCERTAINTY') );
#1119 = ( LENGTH_UNIT() NAMED_UNIT(*) SI_UNIT(.MILLI.,.METRE.) );
#1120 = ( NAMED_UNIT(*) PLANE_ANGLE_UNIT() SI_UNIT($,.RADIAN.) );
#1121 = ( NAMED_UNIT(*) SI_UNIT($,.STERADIAN.) SOLID_ANGLE_UNIT() );
#1122 = UNCERTAINTY_MEASURE_WITH_UNIT(LENGTH_MEASURE(2.E-07),#1119,
  'distance_accuracy_value','confusion accuracy');
#1123 = CONTEXT_DEPENDENT_SHAPE_REPRESENTATION(#1124,#1126);
#1124 = ( REPRESENTATION_RELATIONSHIP('','',#481,#10) 
REPRESENTATION_RELATIONSHIP_WITH_TRANSFORMATION(#1125) 
SHAPE_REPRESENTATION_RELATIONSHIP() );
#1125 = ITEM_DEFINED_TRANSFORMATION('','',#11,#19);
#1126 = PRODUCT_DEFINITION_SHAPE('Placement','Placement of an item',
  #1127);
#1127 = NEXT_ASSEMBLY_USAGE_OCCURRENCE('219','','',#5,#476,$);
#1128 = PRODUCT_RELATED_PRODUCT_CATEGORY('part',$,(#478));
#1129 = SHAPE_DEFINITION_REPRESENTATION(#1130,#1136);
#1130 = PRODUCT_DEFINITION_SHAPE('','',#1131);
#1131 = PRODUCT_DEFINITION('design','',#1132,#1135);
#1132 = PRODUCT_DEFINITION_FORMATION('','',#1133);
#1133 = PRODUCT('Open CASCADE STEP translator 7.8 5.3',
  'Open CASCADE STEP translator 7.8 5.3','',(#1134));
#1134 = PRODUCT_CONTEXT('',#2,'mechanical');
#1135 = PRODUCT_DEFINITION_CONTEXT('part definition',#2,'design');
#1136 = ADVANCED_BREP_SHAPE_REPRESENTATION('',(#11,#1137),#1423);
#1137 = MANIFOLD_SOLID_BREP('',#1138);
#1138 = CLOSED_SHELL('',(#1139,#1179,#1210,#1268,#1292,#1343,#1355,#1377
    ,#1394,#1411));
#1139 = ADVANCED_FACE('',(#1140),#1174,.F.);
#1140 = FACE_BOUND('',#1141,.F.);
#1141 = EDGE_LOOP('',(#1142,#1152,#1160,#1168));
#1142 = ORIENTED_EDGE('',*,*,#1143,.F.);
#1143 = EDGE_CURVE('',#1144,#1146,#1148,.T.);
#1144 = VERTEX_POINT('',#1145);
#1145 = CARTESIAN_POINT('',(-27.91,-32.18,5.38));
#1146 = VERTEX_POINT('',#1147);
#1147 = CARTESIAN_POINT('',(-27.91,-32.18,5.86));
#1148 = LINE('',#1149,#1150);
#1149 = CARTESIAN_POINT('',(-27.91,-32.18,5.38));
#1150 = VECTOR('',#1151,1.);
#1151 = DIRECTION('',(0.,0.,1.));
#1152 = ORIENTED_EDGE('',*,*,#1153,.T.);
#1153 = EDGE_CURVE('',#1144,#1154,#1156,.T.);
#1154 = VERTEX_POINT('',#1155);
#1155 = CARTESIAN_POINT('',(-27.91,-14.46,5.38));
#1156 = LINE('',#1157,#1158);
#1157 = CARTESIAN_POINT('',(-27.91,-32.18,5.38));
#1158 = VECTOR('',#1159,1.);
#1159 = DIRECTION('',(0.,1.,0.));
#1160 = ORIENTED_EDGE('',*,*,#1161,.T.);
#1161 = EDGE_CURVE('',#1154,#1162,#1164,.T.);
#1162 = VERTEX_POINT('',#1163);
#1163 = CARTESIAN_POINT('',(-27.91,-14.46,5.86));
#1164 = LINE('',#1165,#1166);
#1165 = CARTESIAN_POINT('',(-27.91,-14.46,5.38));
#1166 = VECTOR('',#1167,1.);
#1167 = DIRECTION('',(0.,0.,1.));
#1168 = ORIENTED_EDGE('',*,*,#1169,.F.);
#1169 = EDGE_CURVE('',#1146,#1162,#1170,.T.);
#1170 = LINE('',#1171,#1172);
#1171 = CARTESIAN_POINT('',(-27.91,-32.18,5.86));
#1172 = VECTOR('',#1173,1.);
#1173 = DIRECTION('',(0.,1.,0.));
#1174 = PLANE('',#1175);
#1175 = AXIS2_PLACEMENT_3D('',#1176,#1177,#1178);
#1176 = CARTESIAN_POINT('',(-27.91,-32.18,5.38));
#1177 = DIRECTION('',(1.,0.,0.));
#1178 = DIRECTION('',(0.,0.,1.));
#1179 = ADVANCED_FACE('',(#1180),#1205,.F.);
#1180 = FACE_BOUND('',#1181,.F.);
#1181 = EDGE_LOOP('',(#1182,#1190,#1191,#1199));
#1182 = ORIENTED_EDGE('',*,*,#1183,.F.);
#1183 = EDGE_CURVE('',#1144,#1184,#1186,.T.);
#1184 = VERTEX_POINT('',#1185);
#1185 = CARTESIAN_POINT('',(-10.19,-32.18,5.38));
#1186 = LINE('',#1187,#1188);
#1187 = CARTESIAN_POINT('',(-27.91,-32.18,5.38));
#1188 = VECTOR('',#1189,1.);
#1189 = DIRECTION('',(1.,0.,0.));
#1190 = ORIENTED_EDGE('',*,*,#1143,.T.);
#1191 = ORIENTED_EDGE('',*,*,#1192,.T.);
#1192 = EDGE_CURVE('',#1146,#1193,#1195,.T.);
#1193 = VERTEX_POINT('',#1194);
#1194 = CARTESIAN_POINT('',(-10.19,-32.18,5.86));
#1195 = LINE('',#1196,#1197);
#1196 = CARTESIAN_POINT('',(-27.91,-32.18,5.86));
#1197 = VECTOR('',#1198,1.);
#1198 = DIRECTION('',(1.,0.,0.));
#1199 = ORIENTED_EDGE('',*,*,#1200,.F.);
#1200 = EDGE_CURVE('',#1184,#1193,#1201,.T.);
#1201 = LINE('',#1202,#1203);
#1202 = CARTESIAN_POINT('',(-10.19,-32.18,5.38));
#1203 = VECTOR('',#1204,1.);
#1204 = DIRECTION('',(0.,0.,1.));
#1205 = PLANE('',#1206);
#1206 = AXIS2_PLACEMENT_3D('',#1207,#1208,#1209);
#1207 = CARTESIAN_POINT('',(-27.91,-32.18,5.38));
#1208 = DIRECTION('',(0.,1.,0.));
#1209 = DIRECTION('',(0.,0.,1.));
#1210 = ADVANCED_FACE('',(#1211,#1229),#1263,.T.);
#1211 = FACE_BOUND('',#1212,.T.);
#1212 = EDGE_LOOP('',(#1213,#1214,#1215,#1223));
#1213 = ORIENTED_EDGE('',*,*,#1169,.F.);
#1214 = ORIENTED_EDGE('',*,*,#1192,.T.);
#1215 = ORIENTED_EDGE('',*,*,#1216,.T.);
#1216 = EDGE_CURVE('',#1193,#1217,#1219,.T.);
#1217 = VERTEX_POINT('',#1218);
#1218 = CARTESIAN_POINT('',(-10.19,-14.46,5.86));
#1219 = LINE('',#1220,#1221);
#1220 = CARTESIAN_POINT('',(-10.19,-32.18,5.86));
#1221 = VECTOR('',#1222,1.);
#1222 = DIRECTION('',(0.,1.,0.));
#1223 = ORIENTED_EDGE('',*,*,#1224,.F.);
#1224 = EDGE_CURVE('',#1162,#1217,#1225,.T.);
#1225 = LINE('',#1226,#1227);
#1226 = CARTESIAN_POINT('',(-27.91,-14.46,5.86));
#1227 = VECTOR('',#1228,1.);
#1228 = DIRECTION('',(1.,0.,0.));
#1229 = FACE_BOUND('',#1230,.T.);
#1230 = EDGE_LOOP('',(#1231,#1241,#1249,#1257));
#1231 = ORIENTED_EDGE('',*,*,#1232,.T.);
#1232 = EDGE_CURVE('',#1233,#1235,#1237,.T.);
#1233 = VERTEX_POINT('',#1234);
#1234 = CARTESIAN_POINT('',(-10.675,-31.695,5.86));
#1235 = VERTEX_POINT('',#1236);
#1236 = CARTESIAN_POINT('',(-27.425,-31.695,5.86));
#1237 = LINE('',#1238,#1239);
#1238 = CARTESIAN_POINT('',(-27.6675,-31.695,5.86));
#1239 = VECTOR('',#1240,1.);
#1240 = DIRECTION('',(-1.,0.,0.));
#1241 = ORIENTED_EDGE('',*,*,#1242,.T.);
#1242 = EDGE_CURVE('',#1235,#1243,#1245,.T.);
#1243 = VERTEX_POINT('',#1244);
#1244 = CARTESIAN_POINT('',(-27.425,-14.945,5.86));
#1245 = LINE('',#1246,#1247);
#1246 = CARTESIAN_POINT('',(-27.425,-31.9375,5.86));
#1247 = VECTOR('',#1248,1.);
#1248 = DIRECTION('',(0.,1.,0.));
#1249 = ORIENTED_EDGE('',*,*,#1250,.F.);
#1250 = EDGE_CURVE('',#1251,#1243,#1253,.T.);
#1251 = VERTEX_POINT('',#1252);
#1252 = CARTESIAN_POINT('',(-10.675,-14.945,5.86));
#1253 = LINE('',#1254,#1255);
#1254 = CARTESIAN_POINT('',(-27.6675,-14.945,5.86));
#1255 = VECTOR('',#1256,1.);
#1256 = DIRECTION('',(-1.,0.,0.));
#1257 = ORIENTED_EDGE('',*,*,#1258,.F.);
#1258 = EDGE_CURVE('',#1233,#1251,#1259,.T.);
#1259 = LINE('',#1260,#1261);
#1260 = CARTESIAN_POINT('',(-10.675,-31.9375,5.86));
#1261 = VECTOR('',#1262,1.);
#1262 = DIRECTION('',(0.,1.,0.));
#1263 = PLANE('',#1264);
#1264 = AXIS2_PLACEMENT_3D('',#1265,#1266,#1267);
#1265 = CARTESIAN_POINT('',(-27.91,-32.18,5.86));
#1266 = DIRECTION('',(0.,0.,1.));
#1267 = DIRECTION('',(1.,0.,0.));
#1268 = ADVANCED_FACE('',(#1269),#1287,.T.);
#1269 = FACE_BOUND('',#1270,.T.);
#1270 = EDGE_LOOP('',(#1271,#1279,#1280,#1281));
#1271 = ORIENTED_EDGE('',*,*,#1272,.F.);
#1272 = EDGE_CURVE('',#1154,#1273,#1275,.T.);
#1273 = VERTEX_POINT('',#1274);
#1274 = CARTESIAN_POINT('',(-10.19,-14.46,5.38));
#1275 = LINE('',#1276,#1277);
#1276 = CARTESIAN_POINT('',(-27.91,-14.46,5.38));
#1277 = VECTOR('',#1278,1.);
#1278 = DIRECTION('',(1.,0.,0.));
#1279 = ORIENTED_EDGE('',*,*,#1161,.T.);
#1280 = ORIENTED_EDGE('',*,*,#1224,.T.);
#1281 = ORIENTED_EDGE('',*,*,#1282,.F.);
#1282 = EDGE_CURVE('',#1273,#1217,#1283,.T.);
#1283 = LINE('',#1284,#1285);
#1284 = CARTESIAN_POINT('',(-10.19,-14.46,5.38));
#1285 = VECTOR('',#1286,1.);
#1286 = DIRECTION('',(0.,0.,1.));
#1287 = PLANE('',#1288);
#1288 = AXIS2_PLACEMENT_3D('',#1289,#1290,#1291);
#1289 = CARTESIAN_POINT('',(-27.91,-14.46,5.38));
#1290 = DIRECTION('',(0.,1.,0.));
#1291 = DIRECTION('',(0.,0.,1.));
#1292 = ADVANCED_FACE('',(#1293,#1304),#1338,.F.);
#1293 = FACE_BOUND('',#1294,.F.);
#1294 = EDGE_LOOP('',(#1295,#1296,#1297,#1303));
#1295 = ORIENTED_EDGE('',*,*,#1153,.F.);
#1296 = ORIENTED_EDGE('',*,*,#1183,.T.);
#1297 = ORIENTED_EDGE('',*,*,#1298,.T.);
#1298 = EDGE_CURVE('',#1184,#1273,#1299,.T.);
#1299 = LINE('',#1300,#1301);
#1300 = CARTESIAN_POINT('',(-10.19,-32.18,5.38));
#1301 = VECTOR('',#1302,1.);
#1302 = DIRECTION('',(0.,1.,0.));
#1303 = ORIENTED_EDGE('',*,*,#1272,.F.);
#1304 = FACE_BOUND('',#1305,.F.);
#1305 = EDGE_LOOP('',(#1306,#1316,#1324,#1332));
#1306 = ORIENTED_EDGE('',*,*,#1307,.T.);
#1307 = EDGE_CURVE('',#1308,#1310,#1312,.T.);
#1308 = VERTEX_POINT('',#1309);
#1309 = CARTESIAN_POINT('',(-10.675,-31.695,5.38));
#1310 = VERTEX_POINT('',#1311);
#1311 = CARTESIAN_POINT('',(-27.425,-31.695,5.38));
#1312 = LINE('',#1313,#1314);
#1313 = CARTESIAN_POINT('',(-27.6675,-31.695,5.38));
#1314 = VECTOR('',#1315,1.);
#1315 = DIRECTION('',(-1.,0.,0.));
#1316 = ORIENTED_EDGE('',*,*,#1317,.T.);
#1317 = EDGE_CURVE('',#1310,#1318,#1320,.T.);
#1318 = VERTEX_POINT('',#1319);
#1319 = CARTESIAN_POINT('',(-27.425,-14.945,5.38));
#1320 = LINE('',#1321,#1322);
#1321 = CARTESIAN_POINT('',(-27.425,-31.9375,5.38));
#1322 = VECTOR('',#1323,1.);
#1323 = DIRECTION('',(0.,1.,0.));
#1324 = ORIENTED_EDGE('',*,*,#1325,.F.);
#1325 = EDGE_CURVE('',#1326,#1318,#1328,.T.);
#1326 = VERTEX_POINT('',#1327);
#1327 = CARTESIAN_POINT('',(-10.675,-14.945,5.38));
#1328 = LINE('',#1329,#1330);
#1329 = CARTESIAN_POINT('',(-27.6675,-14.945,5.38));
#1330 = VECTOR('',#1331,1.);
#1331 = DIRECTION('',(-1.,0.,0.));
#1332 = ORIENTED_EDGE('',*,*,#1333,.F.);
#1333 = EDGE_CURVE('',#1308,#1326,#1334,.T.);
#1334 = LINE('',#1335,#1336);
#1335 = CARTESIAN_POINT('',(-10.675,-31.9375,5.38));
#1336 = VECTOR('',#1337,1.);
#1337 = DIRECTION('',(0.,1.,0.));
#1338 = PLANE('',#1339);
#1339 = AXIS2_PLACEMENT_3D('',#1340,#1341,#1342);
#1340 = CARTESIAN_POINT('',(-27.91,-32.18,5.38));
#1341 = DIRECTION('',(0.,0.,1.));
#1342 = DIRECTION('',(1.,0.,0.));
#1343 = ADVANCED_FACE('',(#1344),#1350,.T.);
#1344 = FACE_BOUND('',#1345,.T.);
#1345 = EDGE_LOOP('',(#1346,#1347,#1348,#1349));
#1346 = ORIENTED_EDGE('',*,*,#1200,.F.);
#1347 = ORIENTED_EDGE('',*,*,#1298,.T.);
#1348 = ORIENTED_EDGE('',*,*,#1282,.T.);
#1349 = ORIENTED_EDGE('',*,*,#1216,.F.);
#1350 = PLANE('',#1351);
#1351 = AXIS2_PLACEMENT_3D('',#1352,#1353,#1354);
#1352 = CARTESIAN_POINT('',(-10.19,-32.18,5.38));
#1353 = DIRECTION('',(1.,0.,0.));
#1354 = DIRECTION('',(0.,0.,1.));
#1355 = ADVANCED_FACE('',(#1356),#1372,.T.);
#1356 = FACE_BOUND('',#1357,.T.);
#1357 = EDGE_LOOP('',(#1358,#1364,#1365,#1371));
#1358 = ORIENTED_EDGE('',*,*,#1359,.F.);
#1359 = EDGE_CURVE('',#1308,#1233,#1360,.T.);
#1360 = LINE('',#1361,#1362);
#1361 = CARTESIAN_POINT('',(-10.675,-31.695,5.28));
#1362 = VECTOR('',#1363,1.);
#1363 = DIRECTION('',(0.,0.,1.));
#1364 = ORIENTED_EDGE('',*,*,#1307,.T.);
#1365 = ORIENTED_EDGE('',*,*,#1366,.T.);
#1366 = EDGE_CURVE('',#1310,#1235,#1367,.T.);
#1367 = LINE('',#1368,#1369);
#1368 = CARTESIAN_POINT('',(-27.425,-31.695,5.28));
#1369 = VECTOR('',#1370,1.);
#1370 = DIRECTION('',(0.,0.,1.));
#1371 = ORIENTED_EDGE('',*,*,#1232,.F.);
#1372 = PLANE('',#1373);
#1373 = AXIS2_PLACEMENT_3D('',#1374,#1375,#1376);
#1374 = CARTESIAN_POINT('',(-27.425,-31.695,5.28));
#1375 = DIRECTION('',(0.,1.,0.));
#1376 = DIRECTION('',(0.,0.,1.));
#1377 = ADVANCED_FACE('',(#1378),#1389,.F.);
#1378 = FACE_BOUND('',#1379,.F.);
#1379 = EDGE_LOOP('',(#1380,#1381,#1382,#1388));
#1380 = ORIENTED_EDGE('',*,*,#1359,.F.);
#1381 = ORIENTED_EDGE('',*,*,#1333,.T.);
#1382 = ORIENTED_EDGE('',*,*,#1383,.T.);
#1383 = EDGE_CURVE('',#1326,#1251,#1384,.T.);
#1384 = LINE('',#1385,#1386);
#1385 = CARTESIAN_POINT('',(-10.675,-14.945,5.28));
#1386 = VECTOR('',#1387,1.);
#1387 = DIRECTION('',(0.,0.,1.));
#1388 = ORIENTED_EDGE('',*,*,#1258,.F.);
#1389 = PLANE('',#1390);
#1390 = AXIS2_PLACEMENT_3D('',#1391,#1392,#1393);
#1391 = CARTESIAN_POINT('',(-10.675,-31.695,5.28));
#1392 = DIRECTION('',(1.,0.,0.));
#1393 = DIRECTION('',(0.,0.,1.));
#1394 = ADVANCED_FACE('',(#1395),#1406,.F.);
#1395 = FACE_BOUND('',#1396,.F.);
#1396 = EDGE_LOOP('',(#1397,#1398,#1399,#1405));
#1397 = ORIENTED_EDGE('',*,*,#1383,.F.);
#1398 = ORIENTED_EDGE('',*,*,#1325,.T.);
#1399 = ORIENTED_EDGE('',*,*,#1400,.T.);
#1400 = EDGE_CURVE('',#1318,#1243,#1401,.T.);
#1401 = LINE('',#1402,#1403);
#1402 = CARTESIAN_POINT('',(-27.425,-14.945,5.28));
#1403 = VECTOR('',#1404,1.);
#1404 = DIRECTION('',(0.,0.,1.));
#1405 = ORIENTED_EDGE('',*,*,#1250,.F.);
#1406 = PLANE('',#1407);
#1407 = AXIS2_PLACEMENT_3D('',#1408,#1409,#1410);
#1408 = CARTESIAN_POINT('',(-27.425,-14.945,5.28));
#1409 = DIRECTION('',(0.,1.,0.));
#1410 = DIRECTION('',(0.,0.,1.));
#1411 = ADVANCED_FACE('',(#1412),#1418,.T.);
#1412 = FACE_BOUND('',#1413,.T.);
#1413 = EDGE_LOOP('',(#1414,#1415,#1416,#1417));
#1414 = ORIENTED_EDGE('',*,*,#1366,.F.);
#1415 = ORIENTED_EDGE('',*,*,#1317,.T.);
#1416 = ORIENTED_EDGE('',*,*,#1400,.T.);
#1417 = ORIENTED_EDGE('',*,*,#1242,.F.);
#1418 = PLANE('',#1419);
#1419 = AXIS2_PLACEMENT_3D('',#1420,#1421,#1422);
#1420 = CARTESIAN_POINT('',(-27.425,-31.695,5.28));
#1421 = DIRECTION('',(1.,0.,0.));
#1422 = DIRECTION('',(0.,0.,1.));
#1423 = ( GEOMETRIC_REPRESENTATION_CONTEXT(3) 
GLOBAL_UNCERTAINTY_ASSIGNED_CONTEXT((#1427)) 
GLOBAL_UNIT_ASSIGNED_CONTEXT((#1424,#1425,#1426)) REPRESENTATION_CONTEXT
('Context #1','3D Context with UNIT and UNCERTAINTY') );
#1424 = ( LENGTH_UNIT() NAMED_UNIT(*) SI_UNIT(.MILLI.,.METRE.) );
#1425 = ( NAMED_UNIT(*) PLANE_ANGLE_UNIT() SI_UNIT($,.RADIAN.) );
#1426 = ( NAMED_UNIT(*) SI_UNIT($,.STERADIAN.) SOLID_ANGLE_UNIT() );
#1427 = UNCERTAINTY_MEASURE_WITH_UNIT(LENGTH_MEASURE(1.E-07),#1424,
  'distance_accuracy_value','confusion accuracy');
#1428 = CONTEXT_DEPENDENT_SHAPE_REPRESENTATION(#1429,#1431);
#1429 = ( REPRESENTATION_RELATIONSHIP('','',#1136,#10) 
REPRESENTATION_RELATIONSHIP_WITH_TRANSFORMATION(#1430) 
SHAPE_REPRESENTATION_RELATIONSHIP() );
#1430 = ITEM_DEFINED_TRANSFORMATION('','',#11,#23);
#1431 = PRODUCT_DEFINITION_SHAPE('Placement','Placement of an item',
  #1432);
#1432 = NEXT_ASSEMBLY_USAGE_OCCURRENCE('220','','',#5,#1131,$);
#1433 = PRODUCT_RELATED_PRODUCT_CATEGORY('part',$,(#1133));
#1434 = SHAPE_DEFINITION_REPRESENTATION(#1435,#1441);
#1435 = PRODUCT_DEFINITION_SHAPE('','',#1436);
#1436 = PRODUCT_DEFINITION('design','',#1437,#1440);
#1437 = PRODUCT_DEFINITION_FORMATION('','',#1438);
#1438 = PRODUCT('Open CASCADE STEP translator 7.8 5.4',
  'Open CASCADE STEP translator 7.8 5.4','',(#1439));
#1439 = PRODUCT_CONTEXT('',#2,'mechanical');
#1440 = PRODUCT_DEFINITION_CONTEXT('part definition',#2,'design');
#1441 = ADVANCED_BREP_SHAPE_REPRESENTATION('',(#11,#1442),#1728);
#1442 = MANIFOLD_SOLID_BREP('',#1443);
#1443 = CLOSED_SHELL('',(#1444,#1484,#1515,#1573,#1597,#1648,#1660,#1682
    ,#1699,#1716));
#1444 = ADVANCED_FACE('',(#1445),#1479,.F.);
#1445 = FACE_BOUND('',#1446,.F.);
#1446 = EDGE_LOOP('',(#1447,#1457,#1465,#1473));
#1447 = ORIENTED_EDGE('',*,*,#1448,.F.);
#1448 = EDGE_CURVE('',#1449,#1451,#1453,.T.);
#1449 = VERTEX_POINT('',#1450);
#1450 = CARTESIAN_POINT('',(-8.86,-32.18,5.38));
#1451 = VERTEX_POINT('',#1452);
#1452 = CARTESIAN_POINT('',(-8.86,-32.18,5.86));
#1453 = LINE('',#1454,#1455);
#1454 = CARTESIAN_POINT('',(-8.86,-32.18,5.38));
#1455 = VECTOR('',#1456,1.);
#1456 = DIRECTION('',(0.,0.,1.));
#1457 = ORIENTED_EDGE('',*,*,#1458,.T.);
#1458 = EDGE_CURVE('',#1449,#1459,#1461,.T.);
#1459 = VERTEX_POINT('',#1460);
#1460 = CARTESIAN_POINT('',(-8.86,-14.46,5.38));
#1461 = LINE('',#1462,#1463);
#1462 = CARTESIAN_POINT('',(-8.86,-32.18,5.38));
#1463 = VECTOR('',#1464,1.);
#1464 = DIRECTION('',(0.,1.,0.));
#1465 = ORIENTED_EDGE('',*,*,#1466,.T.);
#1466 = EDGE_CURVE('',#1459,#1467,#1469,.T.);
#1467 = VERTEX_POINT('',#1468);
#1468 = CARTESIAN_POINT('',(-8.86,-14.46,5.86));
#1469 = LINE('',#1470,#1471);
#1470 = CARTESIAN_POINT('',(-8.86,-14.46,5.38));
#1471 = VECTOR('',#1472,1.);
#1472 = DIRECTION('',(0.,0.,1.));
#1473 = ORIENTED_EDGE('',*,*,#1474,.F.);
#1474 = EDGE_CURVE('',#1451,#1467,#1475,.T.);
#1475 = LINE('',#1476,#1477);
#1476 = CARTESIAN_POINT('',(-8.86,-32.18,5.86));
#1477 = VECTOR('',#1478,1.);
#1478 = DIRECTION('',(0.,1.,0.));
#1479 = PLANE('',#1480);
#1480 = AXIS2_PLACEMENT_3D('',#1481,#1482,#1483);
#1481 = CARTESIAN_POINT('',(-8.86,-32.18,5.38));
#1482 = DIRECTION('',(1.,0.,0.));
#1483 = DIRECTION('',(0.,0.,1.));
#1484 = ADVANCED_FACE('',(#1485),#1510,.F.);
#1485 = FACE_BOUND('',#1486,.F.);
#1486 = EDGE_LOOP('',(#1487,#1495,#1496,#1504));
#1487 = ORIENTED_EDGE('',*,*,#1488,.F.);
#1488 = EDGE_CURVE('',#1449,#1489,#1491,.T.);
#1489 = VERTEX_POINT('',#1490);
#1490 = CARTESIAN_POINT('',(8.86,-32.18,5.38));
#1491 = LINE('',#1492,#1493);
#1492 = CARTESIAN_POINT('',(-8.86,-32.18,5.38));
#1493 = VECTOR('',#1494,1.);
#1494 = DIRECTION('',(1.,0.,0.));
#1495 = ORIENTED_EDGE('',*,*,#1448,.T.);
#1496 = ORIENTED_EDGE('',*,*,#1497,.T.);
#1497 = EDGE_CURVE('',#1451,#1498,#1500,.T.);
#1498 = VERTEX_POINT('',#1499);
#1499 = CARTESIAN_POINT('',(8.86,-32.18,5.86));
#1500 = LINE('',#1501,#1502);
#1501 = CARTESIAN_POINT('',(-8.86,-32.18,5.86));
#1502 = VECTOR('',#1503,1.);
#1503 = DIRECTION('',(1.,0.,0.));
#1504 = ORIENTED_EDGE('',*,*,#1505,.F.);
#1505 = EDGE_CURVE('',#1489,#1498,#1506,.T.);
#1506 = LINE('',#1507,#1508);
#1507 = CARTESIAN_POINT('',(8.86,-32.18,5.38));
#1508 = VECTOR('',#1509,1.);
#1509 = DIRECTION('',(0.,0.,1.));
#1510 = PLANE('',#1511);
#1511 = AXIS2_PLACEMENT_3D('',#1512,#1513,#1514);
#1512 = CARTESIAN_POINT('',(-8.86,-32.18,5.38));
#1513 = DIRECTION('',(0.,1.,0.));
#1514 = DIRECTION('',(0.,0.,1.));
#1515 = ADVANCED_FACE('',(#1516,#1534),#1568,.T.);
#1516 = FACE_BOUND('',#1517,.T.);
#1517 = EDGE_LOOP('',(#1518,#1519,#1520,#1528));
#1518 = ORIENTED_EDGE('',*,*,#1474,.F.);
#1519 = ORIENTED_EDGE('',*,*,#1497,.T.);
#1520 = ORIENTED_EDGE('',*,*,#1521,.T.);
#1521 = EDGE_CURVE('',#1498,#1522,#1524,.T.);
#1522 = VERTEX_POINT('',#1523);
#1523 = CARTESIAN_POINT('',(8.86,-14.46,5.86));
#1524 = LINE('',#1525,#1526);
#1525 = CARTESIAN_POINT('',(8.86,-32.18,5.86));
#1526 = VECTOR('',#1527,1.);
#1527 = DIRECTION('',(0.,1.,0.));
#1528 = ORIENTED_EDGE('',*,*,#1529,.F.);
#1529 = EDGE_CURVE('',#1467,#1522,#1530,.T.);
#1530 = LINE('',#1531,#1532);
#1531 = CARTESIAN_POINT('',(-8.86,-14.46,5.86));
#1532 = VECTOR('',#1533,1.);
#1533 = DIRECTION('',(1.,0.,0.));
#1534 = FACE_BOUND('',#1535,.T.);
#1535 = EDGE_LOOP('',(#1536,#1546,#1554,#1562));
#1536 = ORIENTED_EDGE('',*,*,#1537,.T.);
#1537 = EDGE_CURVE('',#1538,#1540,#1542,.T.);
#1538 = VERTEX_POINT('',#1539);
#1539 = CARTESIAN_POINT('',(8.375,-31.695,5.86));
#1540 = VERTEX_POINT('',#1541);
#1541 = CARTESIAN_POINT('',(-8.375,-31.695,5.86));
#1542 = LINE('',#1543,#1544);
#1543 = CARTESIAN_POINT('',(-8.6175,-31.695,5.86));
#1544 = VECTOR('',#1545,1.);
#1545 = DIRECTION('',(-1.,0.,0.));
#1546 = ORIENTED_EDGE('',*,*,#1547,.T.);
#1547 = EDGE_CURVE('',#1540,#1548,#1550,.T.);
#1548 = VERTEX_POINT('',#1549);
#1549 = CARTESIAN_POINT('',(-8.375,-14.945,5.86));
#1550 = LINE('',#1551,#1552);
#1551 = CARTESIAN_POINT('',(-8.375,-31.9375,5.86));
#1552 = VECTOR('',#1553,1.);
#1553 = DIRECTION('',(0.,1.,0.));
#1554 = ORIENTED_EDGE('',*,*,#1555,.F.);
#1555 = EDGE_CURVE('',#1556,#1548,#1558,.T.);
#1556 = VERTEX_POINT('',#1557);
#1557 = CARTESIAN_POINT('',(8.375,-14.945,5.86));
#1558 = LINE('',#1559,#1560);
#1559 = CARTESIAN_POINT('',(-8.6175,-14.945,5.86));
#1560 = VECTOR('',#1561,1.);
#1561 = DIRECTION('',(-1.,0.,0.));
#1562 = ORIENTED_EDGE('',*,*,#1563,.F.);
#1563 = EDGE_CURVE('',#1538,#1556,#1564,.T.);
#1564 = LINE('',#1565,#1566);
#1565 = CARTESIAN_POINT('',(8.375,-31.9375,5.86));
#1566 = VECTOR('',#1567,1.);
#1567 = DIRECTION('',(0.,1.,0.));
#1568 = PLANE('',#1569);
#1569 = AXIS2_PLACEMENT_3D('',#1570,#1571,#1572);
#1570 = CARTESIAN_POINT('',(-8.86,-32.18,5.86));
#1571 = DIRECTION('',(0.,0.,1.));
#1572 = DIRECTION('',(1.,0.,0.));
#1573 = ADVANCED_FACE('',(#1574),#1592,.T.);
#1574 = FACE_BOUND('',#1575,.T.);
#1575 = EDGE_LOOP('',(#1576,#1584,#1585,#1586));
#1576 = ORIENTED_EDGE('',*,*,#1577,.F.);
#1577 = EDGE_CURVE('',#1459,#1578,#1580,.T.);
#1578 = VERTEX_POINT('',#1579);
#1579 = CARTESIAN_POINT('',(8.86,-14.46,5.38));
#1580 = LINE('',#1581,#1582);
#1581 = CARTESIAN_POINT('',(-8.86,-14.46,5.38));
#1582 = VECTOR('',#1583,1.);
#1583 = DIRECTION('',(1.,0.,0.));
#1584 = ORIENTED_EDGE('',*,*,#1466,.T.);
#1585 = ORIENTED_EDGE('',*,*,#1529,.T.);
#1586 = ORIENTED_EDGE('',*,*,#1587,.F.);
#1587 = EDGE_CURVE('',#1578,#1522,#1588,.T.);
#1588 = LINE('',#1589,#1590);
#1589 = CARTESIAN_POINT('',(8.86,-14.46,5.38));
#1590 = VECTOR('',#1591,1.);
#1591 = DIRECTION('',(0.,0.,1.));
#1592 = PLANE('',#1593);
#1593 = AXIS2_PLACEMENT_3D('',#1594,#1595,#1596);
#1594 = CARTESIAN_POINT('',(-8.86,-14.46,5.38));
#1595 = DIRECTION('',(0.,1.,0.));
#1596 = DIRECTION('',(0.,0.,1.));
#1597 = ADVANCED_FACE('',(#1598,#1609),#1643,.F.);
#1598 = FACE_BOUND('',#1599,.F.);
#1599 = EDGE_LOOP('',(#1600,#1601,#1602,#1608));
#1600 = ORIENTED_EDGE('',*,*,#1458,.F.);
#1601 = ORIENTED_EDGE('',*,*,#1488,.T.);
#1602 = ORIENTED_EDGE('',*,*,#1603,.T.);
#1603 = EDGE_CURVE('',#1489,#1578,#1604,.T.);
#1604 = LINE('',#1605,#1606);
#1605 = CARTESIAN_POINT('',(8.86,-32.18,5.38));
#1606 = VECTOR('',#1607,1.);
#1607 = DIRECTION('',(0.,1.,0.));
#1608 = ORIENTED_EDGE('',*,*,#1577,.F.);
#1609 = FACE_BOUND('',#1610,.F.);
#1610 = EDGE_LOOP('',(#1611,#1621,#1629,#1637));
#1611 = ORIENTED_EDGE('',*,*,#1612,.T.);
#1612 = EDGE_CURVE('',#1613,#1615,#1617,.T.);
#1613 = VERTEX_POINT('',#1614);
#1614 = CARTESIAN_POINT('',(8.375,-31.695,5.38));
#1615 = VERTEX_POINT('',#1616);
#1616 = CARTESIAN_POINT('',(-8.375,-31.695,5.38));
#1617 = LINE('',#1618,#1619);
#1618 = CARTESIAN_POINT('',(-8.6175,-31.695,5.38));
#1619 = VECTOR('',#1620,1.);
#1620 = DIRECTION('',(-1.,0.,0.));
#1621 = ORIENTED_EDGE('',*,*,#1622,.T.);
#1622 = EDGE_CURVE('',#1615,#1623,#1625,.T.);
#1623 = VERTEX_POINT('',#1624);
#1624 = CARTESIAN_POINT('',(-8.375,-14.945,5.38));
#1625 = LINE('',#1626,#1627);
#1626 = CARTESIAN_POINT('',(-8.375,-31.9375,5.38));
#1627 = VECTOR('',#1628,1.);
#1628 = DIRECTION('',(0.,1.,0.));
#1629 = ORIENTED_EDGE('',*,*,#1630,.F.);
#1630 = EDGE_CURVE('',#1631,#1623,#1633,.T.);
#1631 = VERTEX_POINT('',#1632);
#1632 = CARTESIAN_POINT('',(8.375,-14.945,5.38));
#1633 = LINE('',#1634,#1635);
#1634 = CARTESIAN_POINT('',(-8.6175,-14.945,5.38));
#1635 = VECTOR('',#1636,1.);
#1636 = DIRECTION('',(-1.,0.,0.));
#1637 = ORIENTED_EDGE('',*,*,#1638,.F.);
#1638 = EDGE_CURVE('',#1613,#1631,#1639,.T.);
#1639 = LINE('',#1640,#1641);
#1640 = CARTESIAN_POINT('',(8.375,-31.9375,5.38));
#1641 = VECTOR('',#1642,1.);
#1642 = DIRECTION('',(0.,1.,0.));
#1643 = PLANE('',#1644);
#1644 = AXIS2_PLACEMENT_3D('',#1645,#1646,#1647);
#1645 = CARTESIAN_POINT('',(-8.86,-32.18,5.38));
#1646 = DIRECTION('',(0.,0.,1.));
#1647 = DIRECTION('',(1.,0.,0.));
#1648 = ADVANCED_FACE('',(#1649),#1655,.T.);
#1649 = FACE_BOUND('',#1650,.T.);
#1650 = EDGE_LOOP('',(#1651,#1652,#1653,#1654));
#1651 = ORIENTED_EDGE('',*,*,#1505,.F.);
#1652 = ORIENTED_EDGE('',*,*,#1603,.T.);
#1653 = ORIENTED_EDGE('',*,*,#1587,.T.);
#1654 = ORIENTED_EDGE('',*,*,#1521,.F.);
#1655 = PLANE('',#1656);
#1656 = AXIS2_PLACEMENT_3D('',#1657,#1658,#1659);
#1657 = CARTESIAN_POINT('',(8.86,-32.18,5.38));
#1658 = DIRECTION('',(1.,0.,0.));
#1659 = DIRECTION('',(0.,0.,1.));
#1660 = ADVANCED_FACE('',(#1661),#1677,.T.);
#1661 = FACE_BOUND('',#1662,.T.);
#1662 = EDGE_LOOP('',(#1663,#1669,#1670,#1676));
#1663 = ORIENTED_EDGE('',*,*,#1664,.F.);
#1664 = EDGE_CURVE('',#1613,#1538,#1665,.T.);
#1665 = LINE('',#1666,#1667);
#1666 = CARTESIAN_POINT('',(8.375,-31.695,5.28));
#1667 = VECTOR('',#1668,1.);
#1668 = DIRECTION('',(0.,0.,1.));
#1669 = ORIENTED_EDGE('',*,*,#1612,.T.);
#1670 = ORIENTED_EDGE('',*,*,#1671,.T.);
#1671 = EDGE_CURVE('',#1615,#1540,#1672,.T.);
#1672 = LINE('',#1673,#1674);
#1673 = CARTESIAN_POINT('',(-8.375,-31.695,5.28));
#1674 = VECTOR('',#1675,1.);
#1675 = DIRECTION('',(0.,0.,1.));
#1676 = ORIENTED_EDGE('',*,*,#1537,.F.);
#1677 = PLANE('',#1678);
#1678 = AXIS2_PLACEMENT_3D('',#1679,#1680,#1681);
#1679 = CARTESIAN_POINT('',(-8.375,-31.695,5.28));
#1680 = DIRECTION('',(0.,1.,0.));
#1681 = DIRECTION('',(0.,0.,1.));
#1682 = ADVANCED_FACE('',(#1683),#1694,.F.);
#1683 = FACE_BOUND('',#1684,.F.);
#1684 = EDGE_LOOP('',(#1685,#1686,#1687,#1693));
#1685 = ORIENTED_EDGE('',*,*,#1664,.F.);
#1686 = ORIENTED_EDGE('',*,*,#1638,.T.);
#1687 = ORIENTED_EDGE('',*,*,#1688,.T.);
#1688 = EDGE_CURVE('',#1631,#1556,#1689,.T.);
#1689 = LINE('',#1690,#1691);
#1690 = CARTESIAN_POINT('',(8.375,-14.945,5.28));
#1691 = VECTOR('',#1692,1.);
#1692 = DIRECTION('',(0.,0.,1.));
#1693 = ORIENTED_EDGE('',*,*,#1563,.F.);
#1694 = PLANE('',#1695);
#1695 = AXIS2_PLACEMENT_3D('',#1696,#1697,#1698);
#1696 = CARTESIAN_POINT('',(8.375,-31.695,5.28));
#1697 = DIRECTION('',(1.,0.,0.));
#1698 = DIRECTION('',(0.,0.,1.));
#1699 = ADVANCED_FACE('',(#1700),#1711,.F.);
#1700 = FACE_BOUND('',#1701,.F.);
#1701 = EDGE_LOOP('',(#1702,#1703,#1704,#1710));
#1702 = ORIENTED_EDGE('',*,*,#1688,.F.);
#1703 = ORIENTED_EDGE('',*,*,#1630,.T.);
#1704 = ORIENTED_EDGE('',*,*,#1705,.T.);
#1705 = EDGE_CURVE('',#1623,#1548,#1706,.T.);
#1706 = LINE('',#1707,#1708);
#1707 = CARTESIAN_POINT('',(-8.375,-14.945,5.28));
#1708 = VECTOR('',#1709,1.);
#1709 = DIRECTION('',(0.,0.,1.));
#1710 = ORIENTED_EDGE('',*,*,#1555,.F.);
#1711 = PLANE('',#1712);
#1712 = AXIS2_PLACEMENT_3D('',#1713,#1714,#1715);
#1713 = CARTESIAN_POINT('',(-8.375,-14.945,5.28));
#1714 = DIRECTION('',(0.,1.,0.));
#1715 = DIRECTION('',(0.,0.,1.));
#1716 = ADVANCED_FACE('',(#1717),#1723,.T.);
#1717 = FACE_BOUND('',#1718,.T.);
#1718 = EDGE_LOOP('',(#1719,#1720,#1721,#1722));
#1719 = ORIENTED_EDGE('',*,*,#1671,.F.);
#1720 = ORIENTED_EDGE('',*,*,#1622,.T.);
#1721 = ORIENTED_EDGE('',*,*,#1705,.T.);
#1722 = ORIENTED_EDGE('',*,*,#1547,.F.);
#1723 = PLANE('',#1724);
#1724 = AXIS2_PLACEMENT_3D('',#1725,#1726,#1727);
#1725 = CARTESIAN_POINT('',(-8.375,-31.695,5.28));
#1726 = DIRECTION('',(1.,0.,0.));
#1727 = DIRECTION('',(0.,0.,1.));
#1728 = ( GEOMETRIC_REPRESENTATION_CONTEXT(3) 
GLOBAL_UNCERTAINTY_ASSIGNED_CONTEXT((#1732)) 
GLOBAL_UNIT_ASSIGNED_CONTEXT((#1729,#1730,#1731)) REPRESENTATION_CONTEXT
('Context #1','3D Context with UNIT and UNCERTAINTY') );
#1729 = ( LENGTH_UNIT() NAMED_UNIT(*) SI_UNIT(.MILLI.,.METRE.) );
#1730 = ( NAMED_UNIT(*) PLANE_ANGLE_UNIT() SI_UNIT($,.RADIAN.) );
#1731 = ( NAMED_UNIT(*) SI_UNIT($,.STERADIAN.) SOLID_ANGLE_UNIT() );
#1732 = UNCERTAINTY_MEASURE_WITH_UNIT(LENGTH_MEASURE(1.E-07),#1729,
  'distance_accuracy_value','confusion accuracy');
#1733 = CONTEXT_DEPENDENT_SHAPE_REPRESENTATION(#1734,#1736);
#1734 = ( REPRESENTATION_RELATIONSHIP('','',#1441,#10) 
REPRESENTATION_RELATIONSHIP_WITH_TRANSFORMATION(#1735) 
SHAPE_REPRESENTATION_RELATIONSHIP() );
#1735 = ITEM_DEFINED_TRANSFORMATION('','',#11,#27);
#1736 = PRODUCT_DEFINITION_SHAPE('Placement','Placement of an item',
  #1737);
#1737 = NEXT_ASSEMBLY_USAGE_OCCURRENCE('221','','',#5,#1436,$);
#1738 = PRODUCT_RELATED_PRODUCT_CATEGORY('part',$,(#1438));
#1739 = SHAPE_DEFINITION_REPRESENTATION(#1740,#1746);
#1740 = PRODUCT_DEFINITION_SHAPE('','',#1741);
#1741 = PRODUCT_DEFINITION('design','',#1742,#1745);
#1742 = PRODUCT_DEFINITION_FORMATION('','',#1743);
#1743 = PRODUCT('Open CASCADE STEP translator 7.8 5.5',
  'Open CASCADE STEP translator 7.8 5.5','',(#1744));
#1744 = PRODUCT_CONTEXT('',#2,'mechanical');
#1745 = PRODUCT_DEFINITION_CONTEXT('part definition',#2,'design');
#1746 = ADVANCED_BREP_SHAPE_REPRESENTATION('',(#11,#1747),#2033);
#1747 = MANIFOLD_SOLID_BREP('',#1748);
#1748 = CLOSED_SHELL('',(#1749,#1789,#1820,#1878,#1902,#1953,#1965,#1987
    ,#2004,#2021));
#1749 = ADVANCED_FACE('',(#1750),#1784,.F.);
#1750 = FACE_BOUND('',#1751,.F.);
#1751 = EDGE_LOOP('',(#1752,#1762,#1770,#1778));
#1752 = ORIENTED_EDGE('',*,*,#1753,.F.);
#1753 = EDGE_CURVE('',#1754,#1756,#1758,.T.);
#1754 = VERTEX_POINT('',#1755);
#1755 = CARTESIAN_POINT('',(10.19,-32.18,5.38));
#1756 = VERTEX_POINT('',#1757);
#1757 = CARTESIAN_POINT('',(10.19,-32.18,5.86));
#1758 = LINE('',#1759,#1760);
#1759 = CARTESIAN_POINT('',(10.19,-32.18,5.38));
#1760 = VECTOR('',#1761,1.);
#1761 = DIRECTION('',(0.,0.,1.));
#1762 = ORIENTED_EDGE('',*,*,#1763,.T.);
#1763 = EDGE_CURVE('',#1754,#1764,#1766,.T.);
#1764 = VERTEX_POINT('',#1765);
#1765 = CARTESIAN_POINT('',(10.19,-14.46,5.38));
#1766 = LINE('',#1767,#1768);
#1767 = CARTESIAN_POINT('',(10.19,-32.18,5.38));
#1768 = VECTOR('',#1769,1.);
#1769 = DIRECTION('',(0.,1.,0.));
#1770 = ORIENTED_EDGE('',*,*,#1771,.T.);
#1771 = EDGE_CURVE('',#1764,#1772,#1774,.T.);
#1772 = VERTEX_POINT('',#1773);
#1773 = CARTESIAN_POINT('',(10.19,-14.46,5.86));
#1774 = LINE('',#1775,#1776);
#1775 = CARTESIAN_POINT('',(10.19,-14.46,5.38));
#1776 = VECTOR('',#1777,1.);
#1777 = DIRECTION('',(0.,0.,1.));
#1778 = ORIENTED_EDGE('',*,*,#1779,.F.);
#1779 = EDGE_CURVE('',#1756,#1772,#1780,.T.);
#1780 = LINE('',#1781,#1782);
#1781 = CARTESIAN_POINT('',(10.19,-32.18,5.86));
#1782 = VECTOR('',#1783,1.);
#1783 = DIRECTION('',(0.,1.,0.));
#1784 = PLANE('',#1785);
#1785 = AXIS2_PLACEMENT_3D('',#1786,#1787,#1788);
#1786 = CARTESIAN_POINT('',(10.19,-32.18,5.38));
#1787 = DIRECTION('',(1.,0.,0.));
#1788 = DIRECTION('',(0.,0.,1.));
#1789 = ADVANCED_FACE('',(#1790),#1815,.F.);
#1790 = FACE_BOUND('',#1791,.F.);
#1791 = EDGE_LOOP('',(#1792,#1800,#1801,#1809));
#1792 = ORIENTED_EDGE('',*,*,#1793,.F.);
#1793 = EDGE_CURVE('',#1754,#1794,#1796,.T.);
#1794 = VERTEX_POINT('',#1795);
#1795 = CARTESIAN_POINT('',(27.91,-32.18,5.38));
#1796 = LINE('',#1797,#1798);
#1797 = CARTESIAN_POINT('',(10.19,-32.18,5.38));
#1798 = VECTOR('',#1799,1.);
#1799 = DIRECTION('',(1.,0.,0.));
#1800 = ORIENTED_EDGE('',*,*,#1753,.T.);
#1801 = ORIENTED_EDGE('',*,*,#1802,.T.);
#1802 = EDGE_CURVE('',#1756,#1803,#1805,.T.);
#1803 = VERTEX_POINT('',#1804);
#1804 = CARTESIAN_POINT('',(27.91,-32.18,5.86));
#1805 = LINE('',#1806,#1807);
#1806 = CARTESIAN_POINT('',(10.19,-32.18,5.86));
#1807 = VECTOR('',#1808,1.);
#1808 = DIRECTION('',(1.,0.,0.));
#1809 = ORIENTED_EDGE('',*,*,#1810,.F.);
#1810 = EDGE_CURVE('',#1794,#1803,#1811,.T.);
#1811 = LINE('',#1812,#1813);
#1812 = CARTESIAN_POINT('',(27.91,-32.18,5.38));
#1813 = VECTOR('',#1814,1.);
#1814 = DIRECTION('',(0.,0.,1.));
#1815 = PLANE('',#1816);
#1816 = AXIS2_PLACEMENT_3D('',#1817,#1818,#1819);
#1817 = CARTESIAN_POINT('',(10.19,-32.18,5.38));
#1818 = DIRECTION('',(0.,1.,0.));
#1819 = DIRECTION('',(0.,0.,1.));
#1820 = ADVANCED_FACE('',(#1821,#1839),#1873,.T.);
#1821 = FACE_BOUND('',#1822,.T.);
#1822 = EDGE_LOOP('',(#1823,#1824,#1825,#1833));
#1823 = ORIENTED_EDGE('',*,*,#1779,.F.);
#1824 = ORIENTED_EDGE('',*,*,#1802,.T.);
#1825 = ORIENTED_EDGE('',*,*,#1826,.T.);
#1826 = EDGE_CURVE('',#1803,#1827,#1829,.T.);
#1827 = VERTEX_POINT('',#1828);
#1828 = CARTESIAN_POINT('',(27.91,-14.46,5.86));
#1829 = LINE('',#1830,#1831);
#1830 = CARTESIAN_POINT('',(27.91,-32.18,5.86));
#1831 = VECTOR('',#1832,1.);
#1832 = DIRECTION('',(0.,1.,0.));
#1833 = ORIENTED_EDGE('',*,*,#1834,.F.);
#1834 = EDGE_CURVE('',#1772,#1827,#1835,.T.);
#1835 = LINE('',#1836,#1837);
#1836 = CARTESIAN_POINT('',(10.19,-14.46,5.86));
#1837 = VECTOR('',#1838,1.);
#1838 = DIRECTION('',(1.,0.,0.));
#1839 = FACE_BOUND('',#1840,.T.);
#1840 = EDGE_LOOP('',(#1841,#1851,#1859,#1867));
#1841 = ORIENTED_EDGE('',*,*,#1842,.T.);
#1842 = EDGE_CURVE('',#1843,#1845,#1847,.T.);
#1843 = VERTEX_POINT('',#1844);
#1844 = CARTESIAN_POINT('',(27.425,-31.695,5.86));
#1845 = VERTEX_POINT('',#1846);
#1846 = CARTESIAN_POINT('',(10.675,-31.695,5.86));
#1847 = LINE('',#1848,#1849);
#1848 = CARTESIAN_POINT('',(10.4325,-31.695,5.86));
#1849 = VECTOR('',#1850,1.);
#1850 = DIRECTION('',(-1.,0.,0.));
#1851 = ORIENTED_EDGE('',*,*,#1852,.T.);
#1852 = EDGE_CURVE('',#1845,#1853,#1855,.T.);
#1853 = VERTEX_POINT('',#1854);
#1854 = CARTESIAN_POINT('',(10.675,-14.945,5.86));
#1855 = LINE('',#1856,#1857);
#1856 = CARTESIAN_POINT('',(10.675,-31.9375,5.86));
#1857 = VECTOR('',#1858,1.);
#1858 = DIRECTION('',(0.,1.,0.));
#1859 = ORIENTED_EDGE('',*,*,#1860,.F.);
#1860 = EDGE_CURVE('',#1861,#1853,#1863,.T.);
#1861 = VERTEX_POINT('',#1862);
#1862 = CARTESIAN_POINT('',(27.425,-14.945,5.86));
#1863 = LINE('',#1864,#1865);
#1864 = CARTESIAN_POINT('',(10.4325,-14.945,5.86));
#1865 = VECTOR('',#1866,1.);
#1866 = DIRECTION('',(-1.,0.,0.));
#1867 = ORIENTED_EDGE('',*,*,#1868,.F.);
#1868 = EDGE_CURVE('',#1843,#1861,#1869,.T.);
#1869 = LINE('',#1870,#1871);
#1870 = CARTESIAN_POINT('',(27.425,-31.9375,5.86));
#1871 = VECTOR('',#1872,1.);
#1872 = DIRECTION('',(0.,1.,0.));
#1873 = PLANE('',#1874);
#1874 = AXIS2_PLACEMENT_3D('',#1875,#1876,#1877);
#1875 = CARTESIAN_POINT('',(10.19,-32.18,5.86));
#1876 = DIRECTION('',(0.,0.,1.));
#1877 = DIRECTION('',(1.,0.,0.));
#1878 = ADVANCED_FACE('',(#1879),#1897,.T.);
#1879 = FACE_BOUND('',#1880,.T.);
#1880 = EDGE_LOOP('',(#1881,#1889,#1890,#1891));
#1881 = ORIENTED_EDGE('',*,*,#1882,.F.);
#1882 = EDGE_CURVE('',#1764,#1883,#1885,.T.);
#1883 = VERTEX_POINT('',#1884);
#1884 = CARTESIAN_POINT('',(27.91,-14.46,5.38));
#1885 = LINE('',#1886,#1887);
#1886 = CARTESIAN_POINT('',(10.19,-14.46,5.38));
#1887 = VECTOR('',#1888,1.);
#1888 = DIRECTION('',(1.,0.,0.));
#1889 = ORIENTED_EDGE('',*,*,#1771,.T.);
#1890 = ORIENTED_EDGE('',*,*,#1834,.T.);
#1891 = ORIENTED_EDGE('',*,*,#1892,.F.);
#1892 = EDGE_CURVE('',#1883,#1827,#1893,.T.);
#1893 = LINE('',#1894,#1895);
#1894 = CARTESIAN_POINT('',(27.91,-14.46,5.38));
#1895 = VECTOR('',#1896,1.);
#1896 = DIRECTION('',(0.,0.,1.));
#1897 = PLANE('',#1898);
#1898 = AXIS2_PLACEMENT_3D('',#1899,#1900,#1901);
#1899 = CARTESIAN_POINT('',(10.19,-14.46,5.38));
#1900 = DIRECTION('',(0.,1.,0.));
#1901 = DIRECTION('',(0.,0.,1.));
#1902 = ADVANCED_FACE('',(#1903,#1914),#1948,.F.);
#1903 = FACE_BOUND('',#1904,.F.);
#1904 = EDGE_LOOP('',(#1905,#1906,#1907,#1913));
#1905 = ORIENTED_EDGE('',*,*,#1763,.F.);
#1906 = ORIENTED_EDGE('',*,*,#1793,.T.);
#1907 = ORIENTED_EDGE('',*,*,#1908,.T.);
#1908 = EDGE_CURVE('',#1794,#1883,#1909,.T.);
#1909 = LINE('',#1910,#1911);
#1910 = CARTESIAN_POINT('',(27.91,-32.18,5.38));
#1911 = VECTOR('',#1912,1.);
#1912 = DIRECTION('',(0.,1.,0.));
#1913 = ORIENTED_EDGE('',*,*,#1882,.F.);
#1914 = FACE_BOUND('',#1915,.F.);
#1915 = EDGE_LOOP('',(#1916,#1926,#1934,#1942));
#1916 = ORIENTED_EDGE('',*,*,#1917,.T.);
#1917 = EDGE_CURVE('',#1918,#1920,#1922,.T.);
#1918 = VERTEX_POINT('',#1919);
#1919 = CARTESIAN_POINT('',(27.425,-31.695,5.38));
#1920 = VERTEX_POINT('',#1921);
#1921 = CARTESIAN_POINT('',(10.675,-31.695,5.38));
#1922 = LINE('',#1923,#1924);
#1923 = CARTESIAN_POINT('',(10.4325,-31.695,5.38));
#1924 = VECTOR('',#1925,1.);
#1925 = DIRECTION('',(-1.,0.,0.));
#1926 = ORIENTED_EDGE('',*,*,#1927,.T.);
#1927 = EDGE_CURVE('',#1920,#1928,#1930,.T.);
#1928 = VERTEX_POINT('',#1929);
#1929 = CARTESIAN_POINT('',(10.675,-14.945,5.38));
#1930 = LINE('',#1931,#1932);
#1931 = CARTESIAN_POINT('',(10.675,-31.9375,5.38));
#1932 = VECTOR('',#1933,1.);
#1933 = DIRECTION('',(0.,1.,0.));
#1934 = ORIENTED_EDGE('',*,*,#1935,.F.);
#1935 = EDGE_CURVE('',#1936,#1928,#1938,.T.);
#1936 = VERTEX_POINT('',#1937);
#1937 = CARTESIAN_POINT('',(27.425,-14.945,5.38));
#1938 = LINE('',#1939,#1940);
#1939 = CARTESIAN_POINT('',(10.4325,-14.945,5.38));
#1940 = VECTOR('',#1941,1.);
#1941 = DIRECTION('',(-1.,0.,0.));
#1942 = ORIENTED_EDGE('',*,*,#1943,.F.);
#1943 = EDGE_CURVE('',#1918,#1936,#1944,.T.);
#1944 = LINE('',#1945,#1946);
#1945 = CARTESIAN_POINT('',(27.425,-31.9375,5.38));
#1946 = VECTOR('',#1947,1.);
#1947 = DIRECTION('',(0.,1.,0.));
#1948 = PLANE('',#1949);
#1949 = AXIS2_PLACEMENT_3D('',#1950,#1951,#1952);
#1950 = CARTESIAN_POINT('',(10.19,-32.18,5.38));
#1951 = DIRECTION('',(0.,0.,1.));
#1952 = DIRECTION('',(1.,0.,0.));
#1953 = ADVANCED_FACE('',(#1954),#1960,.T.);
#1954 = FACE_BOUND('',#1955,.T.);
#1955 = EDGE_LOOP('',(#1956,#1957,#1958,#1959));
#1956 = ORIENTED_EDGE('',*,*,#1810,.F.);
#1957 = ORIENTED_EDGE('',*,*,#1908,.T.);
#1958 = ORIENTED_EDGE('',*,*,#1892,.T.);
#1959 = ORIENTED_EDGE('',*,*,#1826,.F.);
#1960 = PLANE('',#1961);
#1961 = AXIS2_PLACEMENT_3D('',#1962,#1963,#1964);
#1962 = CARTESIAN_POINT('',(27.91,-32.18,5.38));
#1963 = DIRECTION('',(1.,0.,0.));
#1964 = DIRECTION('',(0.,0.,1.));
#1965 = ADVANCED_FACE('',(#1966),#1982,.T.);
#1966 = FACE_BOUND('',#1967,.T.);
#1967 = EDGE_LOOP('',(#1968,#1974,#1975,#1981));
#1968 = ORIENTED_EDGE('',*,*,#1969,.F.);
#1969 = EDGE_CURVE('',#1918,#1843,#1970,.T.);
#1970 = LINE('',#1971,#1972);
#1971 = CARTESIAN_POINT('',(27.425,-31.695,5.28));
#1972 = VECTOR('',#1973,1.);
#1973 = DIRECTION('',(0.,0.,1.));
#1974 = ORIENTED_EDGE('',*,*,#1917,.T.);
#1975 = ORIENTED_EDGE('',*,*,#1976,.T.);
#1976 = EDGE_CURVE('',#1920,#1845,#1977,.T.);
#1977 = LINE('',#1978,#1979);
#1978 = CARTESIAN_POINT('',(10.675,-31.695,5.28));
#1979 = VECTOR('',#1980,1.);
#1980 = DIRECTION('',(0.,0.,1.));
#1981 = ORIENTED_EDGE('',*,*,#1842,.F.);
#1982 = PLANE('',#1983);
#1983 = AXIS2_PLACEMENT_3D('',#1984,#1985,#1986);
#1984 = CARTESIAN_POINT('',(10.675,-31.695,5.28));
#1985 = DIRECTION('',(0.,1.,0.));
#1986 = DIRECTION('',(0.,0.,1.));
#1987 = ADVANCED_FACE('',(#1988),#1999,.F.);
#1988 = FACE_BOUND('',#1989,.F.);
#1989 = EDGE_LOOP('',(#1990,#1991,#1992,#1998));
#1990 = ORIENTED_EDGE('',*,*,#1969,.F.);
#1991 = ORIENTED_EDGE('',*,*,#1943,.T.);
#1992 = ORIENTED_EDGE('',*,*,#1993,.T.);
#1993 = EDGE_CURVE('',#1936,#1861,#1994,.T.);
#1994 = LINE('',#1995,#1996);
#1995 = CARTESIAN_POINT('',(27.425,-14.945,5.28));
#1996 = VECTOR('',#1997,1.);
#1997 = DIRECTION('',(0.,0.,1.));
#1998 = ORIENTED_EDGE('',*,*,#1868,.F.);
#1999 = PLANE('',#2000);
#2000 = AXIS2_PLACEMENT_3D('',#2001,#2002,#2003);
#2001 = CARTESIAN_POINT('',(27.425,-31.695,5.28));
#2002 = DIRECTION('',(1.,0.,0.));
#2003 = DIRECTION('',(0.,0.,1.));
#2004 = ADVANCED_FACE('',(#2005),#2016,.F.);
#2005 = FACE_BOUND('',#2006,.F.);
#2006 = EDGE_LOOP('',(#2007,#2008,#2009,#2015));
#2007 = ORIENTED_EDGE('',*,*,#1993,.F.);
#2008 = ORIENTED_EDGE('',*,*,#1935,.T.);
#2009 = ORIENTED_EDGE('',*,*,#2010,.T.);
#2010 = EDGE_CURVE('',#1928,#1853,#2011,.T.);
#2011 = LINE('',#2012,#2013);
#2012 = CARTESIAN_POINT('',(10.675,-14.945,5.28));
#2013 = VECTOR('',#2014,1.);
#2014 = DIRECTION('',(0.,0.,1.));
#2015 = ORIENTED_EDGE('',*,*,#1860,.F.);
#2016 = PLANE('',#2017);
#2017 = AXIS2_PLACEMENT_3D('',#2018,#2019,#2020);
#2018 = CARTESIAN_POINT('',(10.675,-14.945,5.28));
#2019 = DIRECTION('',(0.,1.,0.));
#2020 = DIRECTION('',(0.,0.,1.));
#2021 = ADVANCED_FACE('',(#2022),#2028,.T.);
#2022 = FACE_BOUND('',#2023,.T.);
#2023 = EDGE_LOOP('',(#2024,#2025,#2026,#2027));
#2024 = ORIENTED_EDGE('',*,*,#1976,.F.);
#2025 = ORIENTED_EDGE('',*,*,#1927,.T.);
#2026 = ORIENTED_EDGE('',*,*,#2010,.T.);
#2027 = ORIENTED_EDGE('',*,*,#1852,.F.);
#2028 = PLANE('',#2029);
#2029 = AXIS2_PLACEMENT_3D('',#2030,#2031,#2032);
#2030 = CARTESIAN_POINT('',(10.675,-31.695,5.28));
#2031 = DIRECTION('',(1.,0.,0.));
#2032 = DIRECTION('',(0.,0.,1.));
#2033 = ( GEOMETRIC_REPRESENTATION_CONTEXT(3) 
GLOBAL_UNCERTAINTY_ASSIGNED_CONTEXT((#2037)) 
GLOBAL_UNIT_ASSIGNED_CONTEXT((#2034,#2035,#2036)) REPRESENTATION_CONTEXT
('Context #1','3D Context with UNIT and UNCERTAINTY') );
#2034 = ( LENGTH_UNIT() NAMED_UNIT(*) SI_UNIT(.MILLI.,.METRE.) );
#2035 = ( NAMED_UNIT(*) PLANE_ANGLE_UNIT() SI_UNIT($,.RADIAN.) );
#2036 = ( NAMED_UNIT(*) SI_UNIT($,.STERADIAN.) SOLID_ANGLE_UNIT() );
#2037 = UNCERTAINTY_MEASURE_WITH_UNIT(LENGTH_MEASURE(1.E-07),#2034,
  'distance_accuracy_value','confusion accuracy');
#2038 = CONTEXT_DEPENDENT_SHAPE_REPRESENTATION(#2039,#2041);
#2039 = ( REPRESENTATION_RELATIONSHIP('','',#1746,#10) 
REPRESENTATION_RELATIONSHIP_WITH_TRANSFORMATION(#2040) 
SHAPE_REPRESENTATION_RELATIONSHIP() );
#2040 = ITEM_DEFINED_TRANSFORMATION('','',#11,#31);
#2041 = PRODUCT_DEFINITION_SHAPE('Placement','Placement of an item',
  #2042);
#2042 = NEXT_ASSEMBLY_USAGE_OCCURRENCE('222','','',#5,#1741,$);
#2043 = PRODUCT_RELATED_PRODUCT_CATEGORY('part',$,(#1743));
#2044 = SHAPE_DEFINITION_REPRESENTATION(#2045,#2051);
#2045 = PRODUCT_DEFINITION_SHAPE('','',#2046);
#2046 = PRODUCT_DEFINITION('design','',#2047,#2050);
#2047 = PRODUCT_DEFINITION_FORMATION('','',#2048);
#2048 = PRODUCT('Open CASCADE STEP translator 7.8 5.6',
  'Open CASCADE STEP translator 7.8 5.6','',(#2049));
#2049 = PRODUCT_CONTEXT('',#2,'mechanical');
#2050 = PRODUCT_DEFINITION_CONTEXT('part definition',#2,'design');
#2051 = ADVANCED_BREP_SHAPE_REPRESENTATION('',(#11,#2052),#2338);
#2052 = MANIFOLD_SOLID_BREP('',#2053);
#2053 = CLOSED_SHELL('',(#2054,#2094,#2125,#2183,#2207,#2258,#2270,#2292
    ,#2309,#2326));
#2054 = ADVANCED_FACE('',(#2055),#2089,.F.);
#2055 = FACE_BOUND('',#2056,.F.);
#2056 = EDGE_LOOP('',(#2057,#2067,#2075,#2083));
#2057 = ORIENTED_EDGE('',*,*,#2058,.F.);
#2058 = EDGE_CURVE('',#2059,#2061,#2063,.T.);
#2059 = VERTEX_POINT('',#2060);
#2060 = CARTESIAN_POINT('',(-27.91,-13.13,5.38));
#2061 = VERTEX_POINT('',#2062);
#2062 = CARTESIAN_POINT('',(-27.91,-13.13,5.86));
#2063 = LINE('',#2064,#2065);
#2064 = CARTESIAN_POINT('',(-27.91,-13.13,5.38));
#2065 = VECTOR('',#2066,1.);
#2066 = DIRECTION('',(0.,0.,1.));
#2067 = ORIENTED_EDGE('',*,*,#2068,.T.);
#2068 = EDGE_CURVE('',#2059,#2069,#2071,.T.);
#2069 = VERTEX_POINT('',#2070);
#2070 = CARTESIAN_POINT('',(-27.91,4.59,5.38));
#2071 = LINE('',#2072,#2073);
#2072 = CARTESIAN_POINT('',(-27.91,-13.13,5.38));
#2073 = VECTOR('',#2074,1.);
#2074 = DIRECTION('',(0.,1.,0.));
#2075 = ORIENTED_EDGE('',*,*,#2076,.T.);
#2076 = EDGE_CURVE('',#2069,#2077,#2079,.T.);
#2077 = VERTEX_POINT('',#2078);
#2078 = CARTESIAN_POINT('',(-27.91,4.59,5.86));
#2079 = LINE('',#2080,#2081);
#2080 = CARTESIAN_POINT('',(-27.91,4.59,5.38));
#2081 = VECTOR('',#2082,1.);
#2082 = DIRECTION('',(0.,0.,1.));
#2083 = ORIENTED_EDGE('',*,*,#2084,.F.);
#2084 = EDGE_CURVE('',#2061,#2077,#2085,.T.);
#2085 = LINE('',#2086,#2087);
#2086 = CARTESIAN_POINT('',(-27.91,-13.13,5.86));
#2087 = VECTOR('',#2088,1.);
#2088 = DIRECTION('',(0.,1.,0.));
#2089 = PLANE('',#2090);
#2090 = AXIS2_PLACEMENT_3D('',#2091,#2092,#2093);
#2091 = CARTESIAN_POINT('',(-27.91,-13.13,5.38));
#2092 = DIRECTION('',(1.,0.,0.));
#2093 = DIRECTION('',(0.,0.,1.));
#2094 = ADVANCED_FACE('',(#2095),#2120,.F.);
#2095 = FACE_BOUND('',#2096,.F.);
#2096 = EDGE_LOOP('',(#2097,#2105,#2106,#2114));
#2097 = ORIENTED_EDGE('',*,*,#2098,.F.);
#2098 = EDGE_CURVE('',#2059,#2099,#2101,.T.);
#2099 = VERTEX_POINT('',#2100);
#2100 = CARTESIAN_POINT('',(-10.19,-13.13,5.38));
#2101 = LINE('',#2102,#2103);
#2102 = CARTESIAN_POINT('',(-27.91,-13.13,5.38));
#2103 = VECTOR('',#2104,1.);
#2104 = DIRECTION('',(1.,0.,0.));
#2105 = ORIENTED_EDGE('',*,*,#2058,.T.);
#2106 = ORIENTED_EDGE('',*,*,#2107,.T.);
#2107 = EDGE_CURVE('',#2061,#2108,#2110,.T.);
#2108 = VERTEX_POINT('',#2109);
#2109 = CARTESIAN_POINT('',(-10.19,-13.13,5.86));
#2110 = LINE('',#2111,#2112);
#2111 = CARTESIAN_POINT('',(-27.91,-13.13,5.86));
#2112 = VECTOR('',#2113,1.);
#2113 = DIRECTION('',(1.,0.,0.));
#2114 = ORIENTED_EDGE('',*,*,#2115,.F.);
#2115 = EDGE_CURVE('',#2099,#2108,#2116,.T.);
#2116 = LINE('',#2117,#2118);
#2117 = CARTESIAN_POINT('',(-10.19,-13.13,5.38));
#2118 = VECTOR('',#2119,1.);
#2119 = DIRECTION('',(0.,0.,1.));
#2120 = PLANE('',#2121);
#2121 = AXIS2_PLACEMENT_3D('',#2122,#2123,#2124);
#2122 = CARTESIAN_POINT('',(-27.91,-13.13,5.38));
#2123 = DIRECTION('',(0.,1.,0.));
#2124 = DIRECTION('',(0.,0.,1.));
#2125 = ADVANCED_FACE('',(#2126,#2144),#2178,.T.);
#2126 = FACE_BOUND('',#2127,.T.);
#2127 = EDGE_LOOP('',(#2128,#2129,#2130,#2138));
#2128 = ORIENTED_EDGE('',*,*,#2084,.F.);
#2129 = ORIENTED_EDGE('',*,*,#2107,.T.);
#2130 = ORIENTED_EDGE('',*,*,#2131,.T.);
#2131 = EDGE_CURVE('',#2108,#2132,#2134,.T.);
#2132 = VERTEX_POINT('',#2133);
#2133 = CARTESIAN_POINT('',(-10.19,4.59,5.86));
#2134 = LINE('',#2135,#2136);
#2135 = CARTESIAN_POINT('',(-10.19,-13.13,5.86));
#2136 = VECTOR('',#2137,1.);
#2137 = DIRECTION('',(0.,1.,0.));
#2138 = ORIENTED_EDGE('',*,*,#2139,.F.);
#2139 = EDGE_CURVE('',#2077,#2132,#2140,.T.);
#2140 = LINE('',#2141,#2142);
#2141 = CARTESIAN_POINT('',(-27.91,4.59,5.86));
#2142 = VECTOR('',#2143,1.);
#2143 = DIRECTION('',(1.,0.,0.));
#2144 = FACE_BOUND('',#2145,.T.);
#2145 = EDGE_LOOP('',(#2146,#2156,#2164,#2172));
#2146 = ORIENTED_EDGE('',*,*,#2147,.T.);
#2147 = EDGE_CURVE('',#2148,#2150,#2152,.T.);
#2148 = VERTEX_POINT('',#2149);
#2149 = CARTESIAN_POINT('',(-10.675,-12.645,5.86));
#2150 = VERTEX_POINT('',#2151);
#2151 = CARTESIAN_POINT('',(-27.425,-12.645,5.86));
#2152 = LINE('',#2153,#2154);
#2153 = CARTESIAN_POINT('',(-27.6675,-12.645,5.86));
#2154 = VECTOR('',#2155,1.);
#2155 = DIRECTION('',(-1.,0.,0.));
#2156 = ORIENTED_EDGE('',*,*,#2157,.T.);
#2157 = EDGE_CURVE('',#2150,#2158,#2160,.T.);
#2158 = VERTEX_POINT('',#2159);
#2159 = CARTESIAN_POINT('',(-27.425,4.105,5.86));
#2160 = LINE('',#2161,#2162);
#2161 = CARTESIAN_POINT('',(-27.425,-12.8875,5.86));
#2162 = VECTOR('',#2163,1.);
#2163 = DIRECTION('',(0.,1.,0.));
#2164 = ORIENTED_EDGE('',*,*,#2165,.F.);
#2165 = EDGE_CURVE('',#2166,#2158,#2168,.T.);
#2166 = VERTEX_POINT('',#2167);
#2167 = CARTESIAN_POINT('',(-10.675,4.105,5.86));
#2168 = LINE('',#2169,#2170);
#2169 = CARTESIAN_POINT('',(-27.6675,4.105,5.86));
#2170 = VECTOR('',#2171,1.);
#2171 = DIRECTION('',(-1.,0.,0.));
#2172 = ORIENTED_EDGE('',*,*,#2173,.F.);
#2173 = EDGE_CURVE('',#2148,#2166,#2174,.T.);
#2174 = LINE('',#2175,#2176);
#2175 = CARTESIAN_POINT('',(-10.675,-12.8875,5.86));
#2176 = VECTOR('',#2177,1.);
#2177 = DIRECTION('',(0.,1.,0.));
#2178 = PLANE('',#2179);
#2179 = AXIS2_PLACEMENT_3D('',#2180,#2181,#2182);
#2180 = CARTESIAN_POINT('',(-27.91,-13.13,5.86));
#2181 = DIRECTION('',(0.,0.,1.));
#2182 = DIRECTION('',(1.,0.,0.));
#2183 = ADVANCED_FACE('',(#2184),#2202,.T.);
#2184 = FACE_BOUND('',#2185,.T.);
#2185 = EDGE_LOOP('',(#2186,#2194,#2195,#2196));
#2186 = ORIENTED_EDGE('',*,*,#2187,.F.);
#2187 = EDGE_CURVE('',#2069,#2188,#2190,.T.);
#2188 = VERTEX_POINT('',#2189);
#2189 = CARTESIAN_POINT('',(-10.19,4.59,5.38));
#2190 = LINE('',#2191,#2192);
#2191 = CARTESIAN_POINT('',(-27.91,4.59,5.38));
#2192 = VECTOR('',#2193,1.);
#2193 = DIRECTION('',(1.,0.,0.));
#2194 = ORIENTED_EDGE('',*,*,#2076,.T.);
#2195 = ORIENTED_EDGE('',*,*,#2139,.T.);
#2196 = ORIENTED_EDGE('',*,*,#2197,.F.);
#2197 = EDGE_CURVE('',#2188,#2132,#2198,.T.);
#2198 = LINE('',#2199,#2200);
#2199 = CARTESIAN_POINT('',(-10.19,4.59,5.38));
#2200 = VECTOR('',#2201,1.);
#2201 = DIRECTION('',(0.,0.,1.));
#2202 = PLANE('',#2203);
#2203 = AXIS2_PLACEMENT_3D('',#2204,#2205,#2206);
#2204 = CARTESIAN_POINT('',(-27.91,4.59,5.38));
#2205 = DIRECTION('',(0.,1.,0.));
#2206 = DIRECTION('',(0.,0.,1.));
#2207 = ADVANCED_FACE('',(#2208,#2219),#2253,.F.);
#2208 = FACE_BOUND('',#2209,.F.);
#2209 = EDGE_LOOP('',(#2210,#2211,#2212,#2218));
#2210 = ORIENTED_EDGE('',*,*,#2068,.F.);
#2211 = ORIENTED_EDGE('',*,*,#2098,.T.);
#2212 = ORIENTED_EDGE('',*,*,#2213,.T.);
#2213 = EDGE_CURVE('',#2099,#2188,#2214,.T.);
#2214 = LINE('',#2215,#2216);
#2215 = CARTESIAN_POINT('',(-10.19,-13.13,5.38));
#2216 = VECTOR('',#2217,1.);
#2217 = DIRECTION('',(0.,1.,0.));
#2218 = ORIENTED_EDGE('',*,*,#2187,.F.);
#2219 = FACE_BOUND('',#2220,.F.);
#2220 = EDGE_LOOP('',(#2221,#2231,#2239,#2247));
#2221 = ORIENTED_EDGE('',*,*,#2222,.T.);
#2222 = EDGE_CURVE('',#2223,#2225,#2227,.T.);
#2223 = VERTEX_POINT('',#2224);
#2224 = CARTESIAN_POINT('',(-10.675,-12.645,5.38));
#2225 = VERTEX_POINT('',#2226);
#2226 = CARTESIAN_POINT('',(-27.425,-12.645,5.38));
#2227 = LINE('',#2228,#2229);
#2228 = CARTESIAN_POINT('',(-27.6675,-12.645,5.38));
#2229 = VECTOR('',#2230,1.);
#2230 = DIRECTION('',(-1.,0.,0.));
#2231 = ORIENTED_EDGE('',*,*,#2232,.T.);
#2232 = EDGE_CURVE('',#2225,#2233,#2235,.T.);
#2233 = VERTEX_POINT('',#2234);
#2234 = CARTESIAN_POINT('',(-27.425,4.105,5.38));
#2235 = LINE('',#2236,#2237);
#2236 = CARTESIAN_POINT('',(-27.425,-12.8875,5.38));
#2237 = VECTOR('',#2238,1.);
#2238 = DIRECTION('',(0.,1.,0.));
#2239 = ORIENTED_EDGE('',*,*,#2240,.F.);
#2240 = EDGE_CURVE('',#2241,#2233,#2243,.T.);
#2241 = VERTEX_POINT('',#2242);
#2242 = CARTESIAN_POINT('',(-10.675,4.105,5.38));
#2243 = LINE('',#2244,#2245);
#2244 = CARTESIAN_POINT('',(-27.6675,4.105,5.38));
#2245 = VECTOR('',#2246,1.);
#2246 = DIRECTION('',(-1.,0.,0.));
#2247 = ORIENTED_EDGE('',*,*,#2248,.F.);
#2248 = EDGE_CURVE('',#2223,#2241,#2249,.T.);
#2249 = LINE('',#2250,#2251);
#2250 = CARTESIAN_POINT('',(-10.675,-12.8875,5.38));
#2251 = VECTOR('',#2252,1.);
#2252 = DIRECTION('',(0.,1.,0.));
#2253 = PLANE('',#2254);
#2254 = AXIS2_PLACEMENT_3D('',#2255,#2256,#2257);
#2255 = CARTESIAN_POINT('',(-27.91,-13.13,5.38));
#2256 = DIRECTION('',(0.,0.,1.));
#2257 = DIRECTION('',(1.,0.,0.));
#2258 = ADVANCED_FACE('',(#2259),#2265,.T.);
#2259 = FACE_BOUND('',#2260,.T.);
#2260 = EDGE_LOOP('',(#2261,#2262,#2263,#2264));
#2261 = ORIENTED_EDGE('',*,*,#2115,.F.);
#2262 = ORIENTED_EDGE('',*,*,#2213,.T.);
#2263 = ORIENTED_EDGE('',*,*,#2197,.T.);
#2264 = ORIENTED_EDGE('',*,*,#2131,.F.);
#2265 = PLANE('',#2266);
#2266 = AXIS2_PLACEMENT_3D('',#2267,#2268,#2269);
#2267 = CARTESIAN_POINT('',(-10.19,-13.13,5.38));
#2268 = DIRECTION('',(1.,0.,0.));
#2269 = DIRECTION('',(0.,0.,1.));
#2270 = ADVANCED_FACE('',(#2271),#2287,.T.);
#2271 = FACE_BOUND('',#2272,.T.);
#2272 = EDGE_LOOP('',(#2273,#2279,#2280,#2286));
#2273 = ORIENTED_EDGE('',*,*,#2274,.F.);
#2274 = EDGE_CURVE('',#2223,#2148,#2275,.T.);
#2275 = LINE('',#2276,#2277);
#2276 = CARTESIAN_POINT('',(-10.675,-12.645,5.28));
#2277 = VECTOR('',#2278,1.);
#2278 = DIRECTION('',(0.,0.,1.));
#2279 = ORIENTED_EDGE('',*,*,#2222,.T.);
#2280 = ORIENTED_EDGE('',*,*,#2281,.T.);
#2281 = EDGE_CURVE('',#2225,#2150,#2282,.T.);
#2282 = LINE('',#2283,#2284);
#2283 = CARTESIAN_POINT('',(-27.425,-12.645,5.28));
#2284 = VECTOR('',#2285,1.);
#2285 = DIRECTION('',(0.,0.,1.));
#2286 = ORIENTED_EDGE('',*,*,#2147,.F.);
#2287 = PLANE('',#2288);
#2288 = AXIS2_PLACEMENT_3D('',#2289,#2290,#2291);
#2289 = CARTESIAN_POINT('',(-27.425,-12.645,5.28));
#2290 = DIRECTION('',(0.,1.,0.));
#2291 = DIRECTION('',(0.,0.,1.));
#2292 = ADVANCED_FACE('',(#2293),#2304,.F.);
#2293 = FACE_BOUND('',#2294,.F.);
#2294 = EDGE_LOOP('',(#2295,#2296,#2297,#2303));
#2295 = ORIENTED_EDGE('',*,*,#2274,.F.);
#2296 = ORIENTED_EDGE('',*,*,#2248,.T.);
#2297 = ORIENTED_EDGE('',*,*,#2298,.T.);
#2298 = EDGE_CURVE('',#2241,#2166,#2299,.T.);
#2299 = LINE('',#2300,#2301);
#2300 = CARTESIAN_POINT('',(-10.675,4.105,5.28));
#2301 = VECTOR('',#2302,1.);
#2302 = DIRECTION('',(0.,0.,1.));
#2303 = ORIENTED_EDGE('',*,*,#2173,.F.);
#2304 = PLANE('',#2305);
#2305 = AXIS2_PLACEMENT_3D('',#2306,#2307,#2308);
#2306 = CARTESIAN_POINT('',(-10.675,-12.645,5.28));
#2307 = DIRECTION('',(1.,0.,0.));
#2308 = DIRECTION('',(0.,0.,1.));
#2309 = ADVANCED_FACE('',(#2310),#2321,.F.);
#2310 = FACE_BOUND('',#2311,.F.);
#2311 = EDGE_LOOP('',(#2312,#2313,#2314,#2320));
#2312 = ORIENTED_EDGE('',*,*,#2298,.F.);
#2313 = ORIENTED_EDGE('',*,*,#2240,.T.);
#2314 = ORIENTED_EDGE('',*,*,#2315,.T.);
#2315 = EDGE_CURVE('',#2233,#2158,#2316,.T.);
#2316 = LINE('',#2317,#2318);
#2317 = CARTESIAN_POINT('',(-27.425,4.105,5.28));
#2318 = VECTOR('',#2319,1.);
#2319 = DIRECTION('',(0.,0.,1.));
#2320 = ORIENTED_EDGE('',*,*,#2165,.F.);
#2321 = PLANE('',#2322);
#2322 = AXIS2_PLACEMENT_3D('',#2323,#2324,#2325);
#2323 = CARTESIAN_POINT('',(-27.425,4.105,5.28));
#2324 = DIRECTION('',(0.,1.,0.));
#2325 = DIRECTION('',(0.,0.,1.));
#2326 = ADVANCED_FACE('',(#2327),#2333,.T.);
#2327 = FACE_BOUND('',#2328,.T.);
#2328 = EDGE_LOOP('',(#2329,#2330,#2331,#2332));
#2329 = ORIENTED_EDGE('',*,*,#2281,.F.);
#2330 = ORIENTED_EDGE('',*,*,#2232,.T.);
#2331 = ORIENTED_EDGE('',*,*,#2315,.T.);
#2332 = ORIENTED_EDGE('',*,*,#2157,.F.);
#2333 = PLANE('',#2334);
#2334 = AXIS2_PLACEMENT_3D('',#2335,#2336,#2337);
#2335 = CARTESIAN_POINT('',(-27.425,-12.645,5.28));
#2336 = DIRECTION('',(1.,0.,0.));
#2337 = DIRECTION('',(0.,0.,1.));
#2338 = ( GEOMETRIC_REPRESENTATION_CONTEXT(3) 
GLOBAL_UNCERTAINTY_ASSIGNED_CONTEXT((#2342)) 
GLOBAL_UNIT_ASSIGNED_CONTEXT((#2339,#2340,#2341)) REPRESENTATION_CONTEXT
('Context #1','3D Context with UNIT and UNCERTAINTY') );
#2339 = ( LENGTH_UNIT() NAMED_UNIT(*) SI_UNIT(.MILLI.,.METRE.) );
#2340 = ( NAMED_UNIT(*) PLANE_ANGLE_UNIT() SI_UNIT($,.RADIAN.) );
#2341 = ( NAMED_UNIT(*) SI_UNIT($,.STERADIAN.) SOLID_ANGLE_UNIT() );
#2342 = UNCERTAINTY_MEASURE_WITH_UNIT(LENGTH_MEASURE(1.E-07),#2339,
  'distance_accuracy_value','confusion accuracy');
#2343 = CONTEXT_DEPENDENT_SHAPE_REPRESENTATION(#2344,#2346);
#2344 = ( REPRESENTATION_RELATIONSHIP('','',#2051,#10) 
REPRESENTATION_RELATIONSHIP_WITH_TRANSFORMATION(#2345) 
SHAPE_REPRESENTATION_RELATIONSHIP() );
#2345 = ITEM_DEFINED_TRANSFORMATION('','',#11,#35);
#2346 = PRODUCT_DEFINITION_SHAPE('Placement','Placement of an item',
  #2347);
#2347 = NEXT_ASSEMBLY_USAGE_OCCURRENCE('223','','',#5,#2046,$);
#2348 = PRODUCT_RELATED_PRODUCT_CATEGORY('part',$,(#2048));
#2349 = SHAPE_DEFINITION_REPRESENTATION(#2350,#2356);
#2350 = PRODUCT_DEFINITION_SHAPE('','',#2351);
#2351 = PRODUCT_DEFINITION('design','',#2352,#2355);
#2352 = PRODUCT_DEFINITION_FORMATION('','',#2353);
#2353 = PRODUCT('Open CASCADE STEP translator 7.8 5.7',
  'Open CASCADE STEP translator 7.8 5.7','',(#2354));
#2354 = PRODUCT_CONTEXT('',#2,'mechanical');
#2355 = PRODUCT_DEFINITION_CONTEXT('part definition',#2,'design');
#2356 = ADVANCED_BREP_SHAPE_REPRESENTATION('',(#11,#2357),#2643);
#2357 = MANIFOLD_SOLID_BREP('',#2358);
#2358 = CLOSED_SHELL('',(#2359,#2399,#2430,#2488,#2512,#2563,#2575,#2597
    ,#2614,#2631));
#2359 = ADVANCED_FACE('',(#2360),#2394,.F.);
#2360 = FACE_BOUND('',#2361,.F.);
#2361 = EDGE_LOOP('',(#2362,#2372,#2380,#2388));
#2362 = ORIENTED_EDGE('',*,*,#2363,.F.);
#2363 = EDGE_CURVE('',#2364,#2366,#2368,.T.);
#2364 = VERTEX_POINT('',#2365);
#2365 = CARTESIAN_POINT('',(-8.86,-13.13,5.38));
#2366 = VERTEX_POINT('',#2367);
#2367 = CARTESIAN_POINT('',(-8.86,-13.13,5.86));
#2368 = LINE('',#2369,#2370);
#2369 = CARTESIAN_POINT('',(-8.86,-13.13,5.38));
#2370 = VECTOR('',#2371,1.);
#2371 = DIRECTION('',(0.,0.,1.));
#2372 = ORIENTED_EDGE('',*,*,#2373,.T.);
#2373 = EDGE_CURVE('',#2364,#2374,#2376,.T.);
#2374 = VERTEX_POINT('',#2375);
#2375 = CARTESIAN_POINT('',(-8.86,4.59,5.38));
#2376 = LINE('',#2377,#2378);
#2377 = CARTESIAN_POINT('',(-8.86,-13.13,5.38));
#2378 = VECTOR('',#2379,1.);
#2379 = DIRECTION('',(0.,1.,0.));
#2380 = ORIENTED_EDGE('',*,*,#2381,.T.);
#2381 = EDGE_CURVE('',#2374,#2382,#2384,.T.);
#2382 = VERTEX_POINT('',#2383);
#2383 = CARTESIAN_POINT('',(-8.86,4.59,5.86));
#2384 = LINE('',#2385,#2386);
#2385 = CARTESIAN_POINT('',(-8.86,4.59,5.38));
#2386 = VECTOR('',#2387,1.);
#2387 = DIRECTION('',(0.,0.,1.));
#2388 = ORIENTED_EDGE('',*,*,#2389,.F.);
#2389 = EDGE_CURVE('',#2366,#2382,#2390,.T.);
#2390 = LINE('',#2391,#2392);
#2391 = CARTESIAN_POINT('',(-8.86,-13.13,5.86));
#2392 = VECTOR('',#2393,1.);
#2393 = DIRECTION('',(0.,1.,0.));
#2394 = PLANE('',#2395);
#2395 = AXIS2_PLACEMENT_3D('',#2396,#2397,#2398);
#2396 = CARTESIAN_POINT('',(-8.86,-13.13,5.38));
#2397 = DIRECTION('',(1.,0.,0.));
#2398 = DIRECTION('',(0.,0.,1.));
#2399 = ADVANCED_FACE('',(#2400),#2425,.F.);
#2400 = FACE_BOUND('',#2401,.F.);
#2401 = EDGE_LOOP('',(#2402,#2410,#2411,#2419));
#2402 = ORIENTED_EDGE('',*,*,#2403,.F.);
#2403 = EDGE_CURVE('',#2364,#2404,#2406,.T.);
#2404 = VERTEX_POINT('',#2405);
#2405 = CARTESIAN_POINT('',(8.86,-13.13,5.38));
#2406 = LINE('',#2407,#2408);
#2407 = CARTESIAN_POINT('',(-8.86,-13.13,5.38));
#2408 = VECTOR('',#2409,1.);
#2409 = DIRECTION('',(1.,0.,0.));
#2410 = ORIENTED_EDGE('',*,*,#2363,.T.);
#2411 = ORIENTED_EDGE('',*,*,#2412,.T.);
#2412 = EDGE_CURVE('',#2366,#2413,#2415,.T.);
#2413 = VERTEX_POINT('',#2414);
#2414 = CARTESIAN_POINT('',(8.86,-13.13,5.86));
#2415 = LINE('',#2416,#2417);
#2416 = CARTESIAN_POINT('',(-8.86,-13.13,5.86));
#2417 = VECTOR('',#2418,1.);
#2418 = DIRECTION('',(1.,0.,0.));
#2419 = ORIENTED_EDGE('',*,*,#2420,.F.);
#2420 = EDGE_CURVE('',#2404,#2413,#2421,.T.);
#2421 = LINE('',#2422,#2423);
#2422 = CARTESIAN_POINT('',(8.86,-13.13,5.38));
#2423 = VECTOR('',#2424,1.);
#2424 = DIRECTION('',(0.,0.,1.));
#2425 = PLANE('',#2426);
#2426 = AXIS2_PLACEMENT_3D('',#2427,#2428,#2429);
#2427 = CARTESIAN_POINT('',(-8.86,-13.13,5.38));
#2428 = DIRECTION('',(0.,1.,0.));
#2429 = DIRECTION('',(0.,0.,1.));
#2430 = ADVANCED_FACE('',(#2431,#2449),#2483,.T.);
#2431 = FACE_BOUND('',#2432,.T.);
#2432 = EDGE_LOOP('',(#2433,#2434,#2435,#2443));
#2433 = ORIENTED_EDGE('',*,*,#2389,.F.);
#2434 = ORIENTED_EDGE('',*,*,#2412,.T.);
#2435 = ORIENTED_EDGE('',*,*,#2436,.T.);
#2436 = EDGE_CURVE('',#2413,#2437,#2439,.T.);
#2437 = VERTEX_POINT('',#2438);
#2438 = CARTESIAN_POINT('',(8.86,4.59,5.86));
#2439 = LINE('',#2440,#2441);
#2440 = CARTESIAN_POINT('',(8.86,-13.13,5.86));
#2441 = VECTOR('',#2442,1.);
#2442 = DIRECTION('',(0.,1.,0.));
#2443 = ORIENTED_EDGE('',*,*,#2444,.F.);
#2444 = EDGE_CURVE('',#2382,#2437,#2445,.T.);
#2445 = LINE('',#2446,#2447);
#2446 = CARTESIAN_POINT('',(-8.86,4.59,5.86));
#2447 = VECTOR('',#2448,1.);
#2448 = DIRECTION('',(1.,0.,0.));
#2449 = FACE_BOUND('',#2450,.T.);
#2450 = EDGE_LOOP('',(#2451,#2461,#2469,#2477));
#2451 = ORIENTED_EDGE('',*,*,#2452,.T.);
#2452 = EDGE_CURVE('',#2453,#2455,#2457,.T.);
#2453 = VERTEX_POINT('',#2454);
#2454 = CARTESIAN_POINT('',(8.375,-12.645,5.86));
#2455 = VERTEX_POINT('',#2456);
#2456 = CARTESIAN_POINT('',(-8.375,-12.645,5.86));
#2457 = LINE('',#2458,#2459);
#2458 = CARTESIAN_POINT('',(-8.6175,-12.645,5.86));
#2459 = VECTOR('',#2460,1.);
#2460 = DIRECTION('',(-1.,0.,0.));
#2461 = ORIENTED_EDGE('',*,*,#2462,.T.);
#2462 = EDGE_CURVE('',#2455,#2463,#2465,.T.);
#2463 = VERTEX_POINT('',#2464);
#2464 = CARTESIAN_POINT('',(-8.375,4.105,5.86));
#2465 = LINE('',#2466,#2467);
#2466 = CARTESIAN_POINT('',(-8.375,-12.8875,5.86));
#2467 = VECTOR('',#2468,1.);
#2468 = DIRECTION('',(0.,1.,0.));
#2469 = ORIENTED_EDGE('',*,*,#2470,.F.);
#2470 = EDGE_CURVE('',#2471,#2463,#2473,.T.);
#2471 = VERTEX_POINT('',#2472);
#2472 = CARTESIAN_POINT('',(8.375,4.105,5.86));
#2473 = LINE('',#2474,#2475);
#2474 = CARTESIAN_POINT('',(-8.6175,4.105,5.86));
#2475 = VECTOR('',#2476,1.);
#2476 = DIRECTION('',(-1.,0.,0.));
#2477 = ORIENTED_EDGE('',*,*,#2478,.F.);
#2478 = EDGE_CURVE('',#2453,#2471,#2479,.T.);
#2479 = LINE('',#2480,#2481);
#2480 = CARTESIAN_POINT('',(8.375,-12.8875,5.86));
#2481 = VECTOR('',#2482,1.);
#2482 = DIRECTION('',(0.,1.,0.));
#2483 = PLANE('',#2484);
#2484 = AXIS2_PLACEMENT_3D('',#2485,#2486,#2487);
#2485 = CARTESIAN_POINT('',(-8.86,-13.13,5.86));
#2486 = DIRECTION('',(0.,0.,1.));
#2487 = DIRECTION('',(1.,0.,0.));
#2488 = ADVANCED_FACE('',(#2489),#2507,.T.);
#2489 = FACE_BOUND('',#2490,.T.);
#2490 = EDGE_LOOP('',(#2491,#2499,#2500,#2501));
#2491 = ORIENTED_EDGE('',*,*,#2492,.F.);
#2492 = EDGE_CURVE('',#2374,#2493,#2495,.T.);
#2493 = VERTEX_POINT('',#2494);
#2494 = CARTESIAN_POINT('',(8.86,4.59,5.38));
#2495 = LINE('',#2496,#2497);
#2496 = CARTESIAN_POINT('',(-8.86,4.59,5.38));
#2497 = VECTOR('',#2498,1.);
#2498 = DIRECTION('',(1.,0.,0.));
#2499 = ORIENTED_EDGE('',*,*,#2381,.T.);
#2500 = ORIENTED_EDGE('',*,*,#2444,.T.);
#2501 = ORIENTED_EDGE('',*,*,#2502,.F.);
#2502 = EDGE_CURVE('',#2493,#2437,#2503,.T.);
#2503 = LINE('',#2504,#2505);
#2504 = CARTESIAN_POINT('',(8.86,4.59,5.38));
#2505 = VECTOR('',#2506,1.);
#2506 = DIRECTION('',(0.,0.,1.));
#2507 = PLANE('',#2508);
#2508 = AXIS2_PLACEMENT_3D('',#2509,#2510,#2511);
#2509 = CARTESIAN_POINT('',(-8.86,4.59,5.38));
#2510 = DIRECTION('',(0.,1.,0.));
#2511 = DIRECTION('',(0.,0.,1.));
#2512 = ADVANCED_FACE('',(#2513,#2524),#2558,.F.);
#2513 = FACE_BOUND('',#2514,.F.);
#2514 = EDGE_LOOP('',(#2515,#2516,#2517,#2523));
#2515 = ORIENTED_EDGE('',*,*,#2373,.F.);
#2516 = ORIENTED_EDGE('',*,*,#2403,.T.);
#2517 = ORIENTED_EDGE('',*,*,#2518,.T.);
#2518 = EDGE_CURVE('',#2404,#2493,#2519,.T.);
#2519 = LINE('',#2520,#2521);
#2520 = CARTESIAN_POINT('',(8.86,-13.13,5.38));
#2521 = VECTOR('',#2522,1.);
#2522 = DIRECTION('',(0.,1.,0.));
#2523 = ORIENTED_EDGE('',*,*,#2492,.F.);
#2524 = FACE_BOUND('',#2525,.F.);
#2525 = EDGE_LOOP('',(#2526,#2536,#2544,#2552));
#2526 = ORIENTED_EDGE('',*,*,#2527,.T.);
#2527 = EDGE_CURVE('',#2528,#2530,#2532,.T.);
#2528 = VERTEX_POINT('',#2529);
#2529 = CARTESIAN_POINT('',(8.375,-12.645,5.38));
#2530 = VERTEX_POINT('',#2531);
#2531 = CARTESIAN_POINT('',(-8.375,-12.645,5.38));
#2532 = LINE('',#2533,#2534);
#2533 = CARTESIAN_POINT('',(-8.6175,-12.645,5.38));
#2534 = VECTOR('',#2535,1.);
#2535 = DIRECTION('',(-1.,0.,0.));
#2536 = ORIENTED_EDGE('',*,*,#2537,.T.);
#2537 = EDGE_CURVE('',#2530,#2538,#2540,.T.);
#2538 = VERTEX_POINT('',#2539);
#2539 = CARTESIAN_POINT('',(-8.375,4.105,5.38));
#2540 = LINE('',#2541,#2542);
#2541 = CARTESIAN_POINT('',(-8.375,-12.8875,5.38));
#2542 = VECTOR('',#2543,1.);
#2543 = DIRECTION('',(0.,1.,0.));
#2544 = ORIENTED_EDGE('',*,*,#2545,.F.);
#2545 = EDGE_CURVE('',#2546,#2538,#2548,.T.);
#2546 = VERTEX_POINT('',#2547);
#2547 = CARTESIAN_POINT('',(8.375,4.105,5.38));
#2548 = LINE('',#2549,#2550);
#2549 = CARTESIAN_POINT('',(-8.6175,4.105,5.38));
#2550 = VECTOR('',#2551,1.);
#2551 = DIRECTION('',(-1.,0.,0.));
#2552 = ORIENTED_EDGE('',*,*,#2553,.F.);
#2553 = EDGE_CURVE('',#2528,#2546,#2554,.T.);
#2554 = LINE('',#2555,#2556);
#2555 = CARTESIAN_POINT('',(8.375,-12.8875,5.38));
#2556 = VECTOR('',#2557,1.);
#2557 = DIRECTION('',(0.,1.,0.));
#2558 = PLANE('',#2559);
#2559 = AXIS2_PLACEMENT_3D('',#2560,#2561,#2562);
#2560 = CARTESIAN_POINT('',(-8.86,-13.13,5.38));
#2561 = DIRECTION('',(0.,0.,1.));
#2562 = DIRECTION('',(1.,0.,0.));
#2563 = ADVANCED_FACE('',(#2564),#2570,.T.);
#2564 = FACE_BOUND('',#2565,.T.);
#2565 = EDGE_LOOP('',(#2566,#2567,#2568,#2569));
#2566 = ORIENTED_EDGE('',*,*,#2420,.F.);
#2567 = ORIENTED_EDGE('',*,*,#2518,.T.);
#2568 = ORIENTED_EDGE('',*,*,#2502,.T.);
#2569 = ORIENTED_EDGE('',*,*,#2436,.F.);
#2570 = PLANE('',#2571);
#2571 = AXIS2_PLACEMENT_3D('',#2572,#2573,#2574);
#2572 = CARTESIAN_POINT('',(8.86,-13.13,5.38));
#2573 = DIRECTION('',(1.,0.,0.));
#2574 = DIRECTION('',(0.,0.,1.));
#2575 = ADVANCED_FACE('',(#2576),#2592,.T.);
#2576 = FACE_BOUND('',#2577,.T.);
#2577 = EDGE_LOOP('',(#2578,#2584,#2585,#2591));
#2578 = ORIENTED_EDGE('',*,*,#2579,.F.);
#2579 = EDGE_CURVE('',#2528,#2453,#2580,.T.);
#2580 = LINE('',#2581,#2582);
#2581 = CARTESIAN_POINT('',(8.375,-12.645,5.28));
#2582 = VECTOR('',#2583,1.);
#2583 = DIRECTION('',(0.,0.,1.));
#2584 = ORIENTED_EDGE('',*,*,#2527,.T.);
#2585 = ORIENTED_EDGE('',*,*,#2586,.T.);
#2586 = EDGE_CURVE('',#2530,#2455,#2587,.T.);
#2587 = LINE('',#2588,#2589);
#2588 = CARTESIAN_POINT('',(-8.375,-12.645,5.28));
#2589 = VECTOR('',#2590,1.);
#2590 = DIRECTION('',(0.,0.,1.));
#2591 = ORIENTED_EDGE('',*,*,#2452,.F.);
#2592 = PLANE('',#2593);
#2593 = AXIS2_PLACEMENT_3D('',#2594,#2595,#2596);
#2594 = CARTESIAN_POINT('',(-8.375,-12.645,5.28));
#2595 = DIRECTION('',(0.,1.,0.));
#2596 = DIRECTION('',(0.,0.,1.));
#2597 = ADVANCED_FACE('',(#2598),#2609,.F.);
#2598 = FACE_BOUND('',#2599,.F.);
#2599 = EDGE_LOOP('',(#2600,#2601,#2602,#2608));
#2600 = ORIENTED_EDGE('',*,*,#2579,.F.);
#2601 = ORIENTED_EDGE('',*,*,#2553,.T.);
#2602 = ORIENTED_EDGE('',*,*,#2603,.T.);
#2603 = EDGE_CURVE('',#2546,#2471,#2604,.T.);
#2604 = LINE('',#2605,#2606);
#2605 = CARTESIAN_POINT('',(8.375,4.105,5.28));
#2606 = VECTOR('',#2607,1.);
#2607 = DIRECTION('',(0.,0.,1.));
#2608 = ORIENTED_EDGE('',*,*,#2478,.F.);
#2609 = PLANE('',#2610);
#2610 = AXIS2_PLACEMENT_3D('',#2611,#2612,#2613);
#2611 = CARTESIAN_POINT('',(8.375,-12.645,5.28));
#2612 = DIRECTION('',(1.,0.,0.));
#2613 = DIRECTION('',(0.,0.,1.));
#2614 = ADVANCED_FACE('',(#2615),#2626,.F.);
#2615 = FACE_BOUND('',#2616,.F.);
#2616 = EDGE_LOOP('',(#2617,#2618,#2619,#2625));
#2617 = ORIENTED_EDGE('',*,*,#2603,.F.);
#2618 = ORIENTED_EDGE('',*,*,#2545,.T.);
#2619 = ORIENTED_EDGE('',*,*,#2620,.T.);
#2620 = EDGE_CURVE('',#2538,#2463,#2621,.T.);
#2621 = LINE('',#2622,#2623);
#2622 = CARTESIAN_POINT('',(-8.375,4.105,5.28));
#2623 = VECTOR('',#2624,1.);
#2624 = DIRECTION('',(0.,0.,1.));
#2625 = ORIENTED_EDGE('',*,*,#2470,.F.);
#2626 = PLANE('',#2627);
#2627 = AXIS2_PLACEMENT_3D('',#2628,#2629,#2630);
#2628 = CARTESIAN_POINT('',(-8.375,4.105,5.28));
#2629 = DIRECTION('',(0.,1.,0.));
#2630 = DIRECTION('',(0.,0.,1.));
#2631 = ADVANCED_FACE('',(#2632),#2638,.T.);
#2632 = FACE_BOUND('',#2633,.T.);
#2633 = EDGE_LOOP('',(#2634,#2635,#2636,#2637));
#2634 = ORIENTED_EDGE('',*,*,#2586,.F.);
#2635 = ORIENTED_EDGE('',*,*,#2537,.T.);
#2636 = ORIENTED_EDGE('',*,*,#2620,.T.);
#2637 = ORIENTED_EDGE('',*,*,#2462,.F.);
#2638 = PLANE('',#2639);
#2639 = AXIS2_PLACEMENT_3D('',#2640,#2641,#2642);
#2640 = CARTESIAN_POINT('',(-8.375,-12.645,5.28));
#2641 = DIRECTION('',(1.,0.,0.));
#2642 = DIRECTION('',(0.,0.,1.));
#2643 = ( GEOMETRIC_REPRESENTATION_CONTEXT(3) 
GLOBAL_UNCERTAINTY_ASSIGNED_CONTEXT((#2647)) 
GLOBAL_UNIT_ASSIGNED_CONTEXT((#2644,#2645,#2646)) REPRESENTATION_CONTEXT
('Context #1','3D Context with UNIT and UNCERTAINTY') );
#2644 = ( LENGTH_UNIT() NAMED_UNIT(*) SI_UNIT(.MILLI.,.METRE.) );
#2645 = ( NAMED_UNIT(*) PLANE_ANGLE_UNIT() SI_UNIT($,.RADIAN.) );
#2646 = ( NAMED_UNIT(*) SI_UNIT($,.STERADIAN.) SOLID_ANGLE_UNIT() );
#2647 = UNCERTAINTY_MEASURE_WITH_UNIT(LENGTH_MEASURE(1.E-07),#2644,
  'distance_accuracy_value','confusion accuracy');
#2648 = CONTEXT_DEPENDENT_SHAPE_REPRESENTATION(#2649,#2651);
#2649 = ( REPRESENTATION_RELATIONSHIP('','',#2356,#10) 
REPRESENTATION_RELATIONSHIP_WITH_TRANSFORMATION(#2650) 
SHAPE_REPRESENTATION_RELATIONSHIP() );
#2650 = ITEM_DEFINED_TRANSFORMATION('','',#11,#39);
#2651 = PRODUCT_DEFINITION_SHAPE('Placement','Placement of an item',
  #2652);
#2652 = NEXT_ASSEMBLY_USAGE_OCCURRENCE('224','','',#5,#2351,$);
#2653 = PRODUCT_RELATED_PRODUCT_CATEGORY('part',$,(#2353));
#2654 = SHAPE_DEFINITION_REPRESENTATION(#2655,#2661);
#2655 = PRODUCT_DEFINITION_SHAPE('','',#2656);
#2656 = PRODUCT_DEFINITION('design','',#2657,#2660);
#2657 = PRODUCT_DEFINITION_FORMATION('','',#2658);
#2658 = PRODUCT('Open CASCADE STEP translator 7.8 5.8',
  'Open CASCADE STEP translator 7.8 5.8','',(#2659));
#2659 = PRODUCT_CONTEXT('',#2,'mechanical');
#2660 = PRODUCT_DEFINITION_CONTEXT('part definition',#2,'design');
#2661 = ADVANCED_BREP_SHAPE_REPRESENTATION('',(#11,#2662),#2948);
#2662 = MANIFOLD_SOLID_BREP('',#2663);
#2663 = CLOSED_SHELL('',(#2664,#2704,#2735,#2793,#2817,#2868,#2880,#2902
    ,#2919,#2936));
#2664 = ADVANCED_FACE('',(#2665),#2699,.F.);
#2665 = FACE_BOUND('',#2666,.F.);
#2666 = EDGE_LOOP('',(#2667,#2677,#2685,#2693));
#2667 = ORIENTED_EDGE('',*,*,#2668,.F.);
#2668 = EDGE_CURVE('',#2669,#2671,#2673,.T.);
#2669 = VERTEX_POINT('',#2670);
#2670 = CARTESIAN_POINT('',(10.19,-13.13,5.38));
#2671 = VERTEX_POINT('',#2672);
#2672 = CARTESIAN_POINT('',(10.19,-13.13,5.86));
#2673 = LINE('',#2674,#2675);
#2674 = CARTESIAN_POINT('',(10.19,-13.13,5.38));
#2675 = VECTOR('',#2676,1.);
#2676 = DIRECTION('',(0.,0.,1.));
#2677 = ORIENTED_EDGE('',*,*,#2678,.T.);
#2678 = EDGE_CURVE('',#2669,#2679,#2681,.T.);
#2679 = VERTEX_POINT('',#2680);
#2680 = CARTESIAN_POINT('',(10.19,4.59,5.38));
#2681 = LINE('',#2682,#2683);
#2682 = CARTESIAN_POINT('',(10.19,-13.13,5.38));
#2683 = VECTOR('',#2684,1.);
#2684 = DIRECTION('',(0.,1.,0.));
#2685 = ORIENTED_EDGE('',*,*,#2686,.T.);
#2686 = EDGE_CURVE('',#2679,#2687,#2689,.T.);
#2687 = VERTEX_POINT('',#2688);
#2688 = CARTESIAN_POINT('',(10.19,4.59,5.86));
#2689 = LINE('',#2690,#2691);
#2690 = CARTESIAN_POINT('',(10.19,4.59,5.38));
#2691 = VECTOR('',#2692,1.);
#2692 = DIRECTION('',(0.,0.,1.));
#2693 = ORIENTED_EDGE('',*,*,#2694,.F.);
#2694 = EDGE_CURVE('',#2671,#2687,#2695,.T.);
#2695 = LINE('',#2696,#2697);
#2696 = CARTESIAN_POINT('',(10.19,-13.13,5.86));
#2697 = VECTOR('',#2698,1.);
#2698 = DIRECTION('',(0.,1.,0.));
#2699 = PLANE('',#2700);
#2700 = AXIS2_PLACEMENT_3D('',#2701,#2702,#2703);
#2701 = CARTESIAN_POINT('',(10.19,-13.13,5.38));
#2702 = DIRECTION('',(1.,0.,0.));
#2703 = DIRECTION('',(0.,0.,1.));
#2704 = ADVANCED_FACE('',(#2705),#2730,.F.);
#2705 = FACE_BOUND('',#2706,.F.);
#2706 = EDGE_LOOP('',(#2707,#2715,#2716,#2724));
#2707 = ORIENTED_EDGE('',*,*,#2708,.F.);
#2708 = EDGE_CURVE('',#2669,#2709,#2711,.T.);
#2709 = VERTEX_POINT('',#2710);
#2710 = CARTESIAN_POINT('',(27.91,-13.13,5.38));
#2711 = LINE('',#2712,#2713);
#2712 = CARTESIAN_POINT('',(10.19,-13.13,5.38));
#2713 = VECTOR('',#2714,1.);
#2714 = DIRECTION('',(1.,0.,0.));
#2715 = ORIENTED_EDGE('',*,*,#2668,.T.);
#2716 = ORIENTED_EDGE('',*,*,#2717,.T.);
#2717 = EDGE_CURVE('',#2671,#2718,#2720,.T.);
#2718 = VERTEX_POINT('',#2719);
#2719 = CARTESIAN_POINT('',(27.91,-13.13,5.86));
#2720 = LINE('',#2721,#2722);
#2721 = CARTESIAN_POINT('',(10.19,-13.13,5.86));
#2722 = VECTOR('',#2723,1.);
#2723 = DIRECTION('',(1.,0.,0.));
#2724 = ORIENTED_EDGE('',*,*,#2725,.F.);
#2725 = EDGE_CURVE('',#2709,#2718,#2726,.T.);
#2726 = LINE('',#2727,#2728);
#2727 = CARTESIAN_POINT('',(27.91,-13.13,5.38));
#2728 = VECTOR('',#2729,1.);
#2729 = DIRECTION('',(0.,0.,1.));
#2730 = PLANE('',#2731);
#2731 = AXIS2_PLACEMENT_3D('',#2732,#2733,#2734);
#2732 = CARTESIAN_POINT('',(10.19,-13.13,5.38));
#2733 = DIRECTION('',(0.,1.,0.));
#2734 = DIRECTION('',(0.,0.,1.));
#2735 = ADVANCED_FACE('',(#2736,#2754),#2788,.T.);
#2736 = FACE_BOUND('',#2737,.T.);
#2737 = EDGE_LOOP('',(#2738,#2739,#2740,#2748));
#2738 = ORIENTED_EDGE('',*,*,#2694,.F.);
#2739 = ORIENTED_EDGE('',*,*,#2717,.T.);
#2740 = ORIENTED_EDGE('',*,*,#2741,.T.);
#2741 = EDGE_CURVE('',#2718,#2742,#2744,.T.);
#2742 = VERTEX_POINT('',#2743);
#2743 = CARTESIAN_POINT('',(27.91,4.59,5.86));
#2744 = LINE('',#2745,#2746);
#2745 = CARTESIAN_POINT('',(27.91,-13.13,5.86));
#2746 = VECTOR('',#2747,1.);
#2747 = DIRECTION('',(0.,1.,0.));
#2748 = ORIENTED_EDGE('',*,*,#2749,.F.);
#2749 = EDGE_CURVE('',#2687,#2742,#2750,.T.);
#2750 = LINE('',#2751,#2752);
#2751 = CARTESIAN_POINT('',(10.19,4.59,5.86));
#2752 = VECTOR('',#2753,1.);
#2753 = DIRECTION('',(1.,0.,0.));
#2754 = FACE_BOUND('',#2755,.T.);
#2755 = EDGE_LOOP('',(#2756,#2766,#2774,#2782));
#2756 = ORIENTED_EDGE('',*,*,#2757,.T.);
#2757 = EDGE_CURVE('',#2758,#2760,#2762,.T.);
#2758 = VERTEX_POINT('',#2759);
#2759 = CARTESIAN_POINT('',(27.425,-12.645,5.86));
#2760 = VERTEX_POINT('',#2761);
#2761 = CARTESIAN_POINT('',(10.675,-12.645,5.86));
#2762 = LINE('',#2763,#2764);
#2763 = CARTESIAN_POINT('',(10.4325,-12.645,5.86));
#2764 = VECTOR('',#2765,1.);
#2765 = DIRECTION('',(-1.,0.,0.));
#2766 = ORIENTED_EDGE('',*,*,#2767,.T.);
#2767 = EDGE_CURVE('',#2760,#2768,#2770,.T.);
#2768 = VERTEX_POINT('',#2769);
#2769 = CARTESIAN_POINT('',(10.675,4.105,5.86));
#2770 = LINE('',#2771,#2772);
#2771 = CARTESIAN_POINT('',(10.675,-12.8875,5.86));
#2772 = VECTOR('',#2773,1.);
#2773 = DIRECTION('',(0.,1.,0.));
#2774 = ORIENTED_EDGE('',*,*,#2775,.F.);
#2775 = EDGE_CURVE('',#2776,#2768,#2778,.T.);
#2776 = VERTEX_POINT('',#2777);
#2777 = CARTESIAN_POINT('',(27.425,4.105,5.86));
#2778 = LINE('',#2779,#2780);
#2779 = CARTESIAN_POINT('',(10.4325,4.105,5.86));
#2780 = VECTOR('',#2781,1.);
#2781 = DIRECTION('',(-1.,0.,0.));
#2782 = ORIENTED_EDGE('',*,*,#2783,.F.);
#2783 = EDGE_CURVE('',#2758,#2776,#2784,.T.);
#2784 = LINE('',#2785,#2786);
#2785 = CARTESIAN_POINT('',(27.425,-12.8875,5.86));
#2786 = VECTOR('',#2787,1.);
#2787 = DIRECTION('',(0.,1.,0.));
#2788 = PLANE('',#2789);
#2789 = AXIS2_PLACEMENT_3D('',#2790,#2791,#2792);
#2790 = CARTESIAN_POINT('',(10.19,-13.13,5.86));
#2791 = DIRECTION('',(0.,0.,1.));
#2792 = DIRECTION('',(1.,0.,0.));
#2793 = ADVANCED_FACE('',(#2794),#2812,.T.);
#2794 = FACE_BOUND('',#2795,.T.);
#2795 = EDGE_LOOP('',(#2796,#2804,#2805,#2806));
#2796 = ORIENTED_EDGE('',*,*,#2797,.F.);
#2797 = EDGE_CURVE('',#2679,#2798,#2800,.T.);
#2798 = VERTEX_POINT('',#2799);
#2799 = CARTESIAN_POINT('',(27.91,4.59,5.38));
#2800 = LINE('',#2801,#2802);
#2801 = CARTESIAN_POINT('',(10.19,4.59,5.38));
#2802 = VECTOR('',#2803,1.);
#2803 = DIRECTION('',(1.,0.,0.));
#2804 = ORIENTED_EDGE('',*,*,#2686,.T.);
#2805 = ORIENTED_EDGE('',*,*,#2749,.T.);
#2806 = ORIENTED_EDGE('',*,*,#2807,.F.);
#2807 = EDGE_CURVE('',#2798,#2742,#2808,.T.);
#2808 = LINE('',#2809,#2810);
#2809 = CARTESIAN_POINT('',(27.91,4.59,5.38));
#2810 = VECTOR('',#2811,1.);
#2811 = DIRECTION('',(0.,0.,1.));
#2812 = PLANE('',#2813);
#2813 = AXIS2_PLACEMENT_3D('',#2814,#2815,#2816);
#2814 = CARTESIAN_POINT('',(10.19,4.59,5.38));
#2815 = DIRECTION('',(0.,1.,0.));
#2816 = DIRECTION('',(0.,0.,1.));
#2817 = ADVANCED_FACE('',(#2818,#2829),#2863,.F.);
#2818 = FACE_BOUND('',#2819,.F.);
#2819 = EDGE_LOOP('',(#2820,#2821,#2822,#2828));
#2820 = ORIENTED_EDGE('',*,*,#2678,.F.);
#2821 = ORIENTED_EDGE('',*,*,#2708,.T.);
#2822 = ORIENTED_EDGE('',*,*,#2823,.T.);
#2823 = EDGE_CURVE('',#2709,#2798,#2824,.T.);
#2824 = LINE('',#2825,#2826);
#2825 = CARTESIAN_POINT('',(27.91,-13.13,5.38));
#2826 = VECTOR('',#2827,1.);
#2827 = DIRECTION('',(0.,1.,0.));
#2828 = ORIENTED_EDGE('',*,*,#2797,.F.);
#2829 = FACE_BOUND('',#2830,.F.);
#2830 = EDGE_LOOP('',(#2831,#2841,#2849,#2857));
#2831 = ORIENTED_EDGE('',*,*,#2832,.T.);
#2832 = EDGE_CURVE('',#2833,#2835,#2837,.T.);
#2833 = VERTEX_POINT('',#2834);
#2834 = CARTESIAN_POINT('',(27.425,-12.645,5.38));
#2835 = VERTEX_POINT('',#2836);
#2836 = CARTESIAN_POINT('',(10.675,-12.645,5.38));
#2837 = LINE('',#2838,#2839);
#2838 = CARTESIAN_POINT('',(10.4325,-12.645,5.38));
#2839 = VECTOR('',#2840,1.);
#2840 = DIRECTION('',(-1.,0.,0.));
#2841 = ORIENTED_EDGE('',*,*,#2842,.T.);
#2842 = EDGE_CURVE('',#2835,#2843,#2845,.T.);
#2843 = VERTEX_POINT('',#2844);
#2844 = CARTESIAN_POINT('',(10.675,4.105,5.38));
#2845 = LINE('',#2846,#2847);
#2846 = CARTESIAN_POINT('',(10.675,-12.8875,5.38));
#2847 = VECTOR('',#2848,1.);
#2848 = DIRECTION('',(0.,1.,0.));
#2849 = ORIENTED_EDGE('',*,*,#2850,.F.);
#2850 = EDGE_CURVE('',#2851,#2843,#2853,.T.);
#2851 = VERTEX_POINT('',#2852);
#2852 = CARTESIAN_POINT('',(27.425,4.105,5.38));
#2853 = LINE('',#2854,#2855);
#2854 = CARTESIAN_POINT('',(10.4325,4.105,5.38));
#2855 = VECTOR('',#2856,1.);
#2856 = DIRECTION('',(-1.,0.,0.));
#2857 = ORIENTED_EDGE('',*,*,#2858,.F.);
#2858 = EDGE_CURVE('',#2833,#2851,#2859,.T.);
#2859 = LINE('',#2860,#2861);
#2860 = CARTESIAN_POINT('',(27.425,-12.8875,5.38));
#2861 = VECTOR('',#2862,1.);
#2862 = DIRECTION('',(0.,1.,0.));
#2863 = PLANE('',#2864);
#2864 = AXIS2_PLACEMENT_3D('',#2865,#2866,#2867);
#2865 = CARTESIAN_POINT('',(10.19,-13.13,5.38));
#2866 = DIRECTION('',(0.,0.,1.));
#2867 = DIRECTION('',(1.,0.,0.));
#2868 = ADVANCED_FACE('',(#2869),#2875,.T.);
#2869 = FACE_BOUND('',#2870,.T.);
#2870 = EDGE_LOOP('',(#2871,#2872,#2873,#2874));
#2871 = ORIENTED_EDGE('',*,*,#2725,.F.);
#2872 = ORIENTED_EDGE('',*,*,#2823,.T.);
#2873 = ORIENTED_EDGE('',*,*,#2807,.T.);
#2874 = ORIENTED_EDGE('',*,*,#2741,.F.);
#2875 = PLANE('',#2876);
#2876 = AXIS2_PLACEMENT_3D('',#2877,#2878,#2879);
#2877 = CARTESIAN_POINT('',(27.91,-13.13,5.38));
#2878 = DIRECTION('',(1.,0.,0.));
#2879 = DIRECTION('',(0.,0.,1.));
#2880 = ADVANCED_FACE('',(#2881),#2897,.T.);
#2881 = FACE_BOUND('',#2882,.T.);
#2882 = EDGE_LOOP('',(#2883,#2889,#2890,#2896));
#2883 = ORIENTED_EDGE('',*,*,#2884,.F.);
#2884 = EDGE_CURVE('',#2833,#2758,#2885,.T.);
#2885 = LINE('',#2886,#2887);
#2886 = CARTESIAN_POINT('',(27.425,-12.645,5.28));
#2887 = VECTOR('',#2888,1.);
#2888 = DIRECTION('',(0.,0.,1.));
#2889 = ORIENTED_EDGE('',*,*,#2832,.T.);
#2890 = ORIENTED_EDGE('',*,*,#2891,.T.);
#2891 = EDGE_CURVE('',#2835,#2760,#2892,.T.);
#2892 = LINE('',#2893,#2894);
#2893 = CARTESIAN_POINT('',(10.675,-12.645,5.28));
#2894 = VECTOR('',#2895,1.);
#2895 = DIRECTION('',(0.,0.,1.));
#2896 = ORIENTED_EDGE('',*,*,#2757,.F.);
#2897 = PLANE('',#2898);
#2898 = AXIS2_PLACEMENT_3D('',#2899,#2900,#2901);
#2899 = CARTESIAN_POINT('',(10.675,-12.645,5.28));
#2900 = DIRECTION('',(0.,1.,0.));
#2901 = DIRECTION('',(0.,0.,1.));
#2902 = ADVANCED_FACE('',(#2903),#2914,.F.);
#2903 = FACE_BOUND('',#2904,.F.);
#2904 = EDGE_LOOP('',(#2905,#2906,#2907,#2913));
#2905 = ORIENTED_EDGE('',*,*,#2884,.F.);
#2906 = ORIENTED_EDGE('',*,*,#2858,.T.);
#2907 = ORIENTED_EDGE('',*,*,#2908,.T.);
#2908 = EDGE_CURVE('',#2851,#2776,#2909,.T.);
#2909 = LINE('',#2910,#2911);
#2910 = CARTESIAN_POINT('',(27.425,4.105,5.28));
#2911 = VECTOR('',#2912,1.);
#2912 = DIRECTION('',(0.,0.,1.));
#2913 = ORIENTED_EDGE('',*,*,#2783,.F.);
#2914 = PLANE('',#2915);
#2915 = AXIS2_PLACEMENT_3D('',#2916,#2917,#2918);
#2916 = CARTESIAN_POINT('',(27.425,-12.645,5.28));
#2917 = DIRECTION('',(1.,0.,0.));
#2918 = DIRECTION('',(0.,0.,1.));
#2919 = ADVANCED_FACE('',(#2920),#2931,.F.);
#2920 = FACE_BOUND('',#2921,.F.);
#2921 = EDGE_LOOP('',(#2922,#2923,#2924,#2930));
#2922 = ORIENTED_EDGE('',*,*,#2908,.F.);
#2923 = ORIENTED_EDGE('',*,*,#2850,.T.);
#2924 = ORIENTED_EDGE('',*,*,#2925,.T.);
#2925 = EDGE_CURVE('',#2843,#2768,#2926,.T.);
#2926 = LINE('',#2927,#2928);
#2927 = CARTESIAN_POINT('',(10.675,4.105,5.28));
#2928 = VECTOR('',#2929,1.);
#2929 = DIRECTION('',(0.,0.,1.));
#2930 = ORIENTED_EDGE('',*,*,#2775,.F.);
#2931 = PLANE('',#2932);
#2932 = AXIS2_PLACEMENT_3D('',#2933,#2934,#2935);
#2933 = CARTESIAN_POINT('',(10.675,4.105,5.28));
#2934 = DIRECTION('',(0.,1.,0.));
#2935 = DIRECTION('',(0.,0.,1.));
#2936 = ADVANCED_FACE('',(#2937),#2943,.T.);
#2937 = FACE_BOUND('',#2938,.T.);
#2938 = EDGE_LOOP('',(#2939,#2940,#2941,#2942));
#2939 = ORIENTED_EDGE('',*,*,#2891,.F.);
#2940 = ORIENTED_EDGE('',*,*,#2842,.T.);
#2941 = ORIENTED_EDGE('',*,*,#2925,.T.);
#2942 = ORIENTED_EDGE('',*,*,#2767,.F.);
#2943 = PLANE('',#2944);
#2944 = AXIS2_PLACEMENT_3D('',#2945,#2946,#2947);
#2945 = CARTESIAN_POINT('',(10.675,-12.645,5.28));
#2946 = DIRECTION('',(1.,0.,0.));
#2947 = DIRECTION('',(0.,0.,1.));
#2948 = ( GEOMETRIC_REPRESENTATION_CONTEXT(3) 
GLOBAL_UNCERTAINTY_ASSIGNED_CONTEXT((#2952)) 
GLOBAL_UNIT_ASSIGNED_CONTEXT((#2949,#2950,#2951)) REPRESENTATION_CONTEXT
('Context #1','3D Context with UNIT and UNCERTAINTY') );
#2949 = ( LENGTH_UNIT() NAMED_UNIT(*) SI_UNIT(.MILLI.,.METRE.) );
#2950 = ( NAMED_UNIT(*) PLANE_ANGLE_UNIT() SI_UNIT($,.RADIAN.) );
#2951 = ( NAMED_UNIT(*) SI_UNIT($,.STERADIAN.) SOLID_ANGLE_UNIT() );
#2952 = UNCERTAINTY_MEASURE_WITH_UNIT(LENGTH_MEASURE(1.E-07),#2949,
  'distance_accuracy_value','confusion accuracy');
#2953 = CONTEXT_DEPENDENT_SHAPE_REPRESENTATION(#2954,#2956);
#2954 = ( REPRESENTATION_RELATIONSHIP('','',#2661,#10) 
REPRESENTATION_RELATIONSHIP_WITH_TRANSFORMATION(#2955) 
SHAPE_REPRESENTATION_RELATIONSHIP() );
#2955 = ITEM_DEFINED_TRANSFORMATION('','',#11,#43);
#2956 = PRODUCT_DEFINITION_SHAPE('Placement','Placement of an item',
  #2957);
#2957 = NEXT_ASSEMBLY_USAGE_OCCURRENCE('225','','',#5,#2656,$);
#2958 = PRODUCT_RELATED_PRODUCT_CATEGORY('part',$,(#2658));
#2959 = SHAPE_DEFINITION_REPRESENTATION(#2960,#2966);
#2960 = PRODUCT_DEFINITION_SHAPE('','',#2961);
#2961 = PRODUCT_DEFINITION('design','',#2962,#2965);
#2962 = PRODUCT_DEFINITION_FORMATION('','',#2963);
#2963 = PRODUCT('Open CASCADE STEP translator 7.8 5.9',
  'Open CASCADE STEP translator 7.8 5.9','',(#2964));
#2964 = PRODUCT_CONTEXT('',#2,'mechanical');
#2965 = PRODUCT_DEFINITION_CONTEXT('part definition',#2,'design');
#2966 = ADVANCED_BREP_SHAPE_REPRESENTATION('',(#11,#2967),#3253);
#2967 = MANIFOLD_SOLID_BREP('',#2968);
#2968 = CLOSED_SHELL('',(#2969,#3009,#3040,#3098,#3122,#3173,#3185,#3207
    ,#3224,#3241));
#2969 = ADVANCED_FACE('',(#2970),#3004,.F.);
#2970 = FACE_BOUND('',#2971,.F.);
#2971 = EDGE_LOOP('',(#2972,#2982,#2990,#2998));
#2972 = ORIENTED_EDGE('',*,*,#2973,.F.);
#2973 = EDGE_CURVE('',#2974,#2976,#2978,.T.);
#2974 = VERTEX_POINT('',#2975);
#2975 = CARTESIAN_POINT('',(-27.91,5.92,5.38));
#2976 = VERTEX_POINT('',#2977);
#2977 = CARTESIAN_POINT('',(-27.91,5.92,5.86));
#2978 = LINE('',#2979,#2980);
#2979 = CARTESIAN_POINT('',(-27.91,5.92,5.38));
#2980 = VECTOR('',#2981,1.);
#2981 = DIRECTION('',(0.,0.,1.));
#2982 = ORIENTED_EDGE('',*,*,#2983,.T.);
#2983 = EDGE_CURVE('',#2974,#2984,#2986,.T.);
#2984 = VERTEX_POINT('',#2985);
#2985 = CARTESIAN_POINT('',(-27.91,23.64,5.38));
#2986 = LINE('',#2987,#2988);
#2987 = CARTESIAN_POINT('',(-27.91,5.92,5.38));
#2988 = VECTOR('',#2989,1.);
#2989 = DIRECTION('',(0.,1.,0.));
#2990 = ORIENTED_EDGE('',*,*,#2991,.T.);
#2991 = EDGE_CURVE('',#2984,#2992,#2994,.T.);
#2992 = VERTEX_POINT('',#2993);
#2993 = CARTESIAN_POINT('',(-27.91,23.64,5.86));
#2994 = LINE('',#2995,#2996);
#2995 = CARTESIAN_POINT('',(-27.91,23.64,5.38));
#2996 = VECTOR('',#2997,1.);
#2997 = DIRECTION('',(0.,0.,1.));
#2998 = ORIENTED_EDGE('',*,*,#2999,.F.);
#2999 = EDGE_CURVE('',#2976,#2992,#3000,.T.);
#3000 = LINE('',#3001,#3002);
#3001 = CARTESIAN_POINT('',(-27.91,5.92,5.86));
#3002 = VECTOR('',#3003,1.);
#3003 = DIRECTION('',(0.,1.,0.));
#3004 = PLANE('',#3005);
#3005 = AXIS2_PLACEMENT_3D('',#3006,#3007,#3008);
#3006 = CARTESIAN_POINT('',(-27.91,5.92,5.38));
#3007 = DIRECTION('',(1.,0.,0.));
#3008 = DIRECTION('',(0.,0.,1.));
#3009 = ADVANCED_FACE('',(#3010),#3035,.F.);
#3010 = FACE_BOUND('',#3011,.F.);
#3011 = EDGE_LOOP('',(#3012,#3020,#3021,#3029));
#3012 = ORIENTED_EDGE('',*,*,#3013,.F.);
#3013 = EDGE_CURVE('',#2974,#3014,#3016,.T.);
#3014 = VERTEX_POINT('',#3015);
#3015 = CARTESIAN_POINT('',(-10.19,5.92,5.38));
#3016 = LINE('',#3017,#3018);
#3017 = CARTESIAN_POINT('',(-27.91,5.92,5.38));
#3018 = VECTOR('',#3019,1.);
#3019 = DIRECTION('',(1.,0.,0.));
#3020 = ORIENTED_EDGE('',*,*,#2973,.T.);
#3021 = ORIENTED_EDGE('',*,*,#3022,.T.);
#3022 = EDGE_CURVE('',#2976,#3023,#3025,.T.);
#3023 = VERTEX_POINT('',#3024);
#3024 = CARTESIAN_POINT('',(-10.19,5.92,5.86));
#3025 = LINE('',#3026,#3027);
#3026 = CARTESIAN_POINT('',(-27.91,5.92,5.86));
#3027 = VECTOR('',#3028,1.);
#3028 = DIRECTION('',(1.,0.,0.));
#3029 = ORIENTED_EDGE('',*,*,#3030,.F.);
#3030 = EDGE_CURVE('',#3014,#3023,#3031,.T.);
#3031 = LINE('',#3032,#3033);
#3032 = CARTESIAN_POINT('',(-10.19,5.92,5.38));
#3033 = VECTOR('',#3034,1.);
#3034 = DIRECTION('',(0.,0.,1.));
#3035 = PLANE('',#3036);
#3036 = AXIS2_PLACEMENT_3D('',#3037,#3038,#3039);
#3037 = CARTESIAN_POINT('',(-27.91,5.92,5.38));
#3038 = DIRECTION('',(0.,1.,0.));
#3039 = DIRECTION('',(0.,0.,1.));
#3040 = ADVANCED_FACE('',(#3041,#3059),#3093,.T.);
#3041 = FACE_BOUND('',#3042,.T.);
#3042 = EDGE_LOOP('',(#3043,#3044,#3045,#3053));
#3043 = ORIENTED_EDGE('',*,*,#2999,.F.);
#3044 = ORIENTED_EDGE('',*,*,#3022,.T.);
#3045 = ORIENTED_EDGE('',*,*,#3046,.T.);
#3046 = EDGE_CURVE('',#3023,#3047,#3049,.T.);
#3047 = VERTEX_POINT('',#3048);
#3048 = CARTESIAN_POINT('',(-10.19,23.64,5.86));
#3049 = LINE('',#3050,#3051);
#3050 = CARTESIAN_POINT('',(-10.19,5.92,5.86));
#3051 = VECTOR('',#3052,1.);
#3052 = DIRECTION('',(0.,1.,0.));
#3053 = ORIENTED_EDGE('',*,*,#3054,.F.);
#3054 = EDGE_CURVE('',#2992,#3047,#3055,.T.);
#3055 = LINE('',#3056,#3057);
#3056 = CARTESIAN_POINT('',(-27.91,23.64,5.86));
#3057 = VECTOR('',#3058,1.);
#3058 = DIRECTION('',(1.,0.,0.));
#3059 = FACE_BOUND('',#3060,.T.);
#3060 = EDGE_LOOP('',(#3061,#3071,#3079,#3087));
#3061 = ORIENTED_EDGE('',*,*,#3062,.T.);
#3062 = EDGE_CURVE('',#3063,#3065,#3067,.T.);
#3063 = VERTEX_POINT('',#3064);
#3064 = CARTESIAN_POINT('',(-10.675,6.405,5.86));
#3065 = VERTEX_POINT('',#3066);
#3066 = CARTESIAN_POINT('',(-27.425,6.405,5.86));
#3067 = LINE('',#3068,#3069);
#3068 = CARTESIAN_POINT('',(-27.6675,6.405,5.86));
#3069 = VECTOR('',#3070,1.);
#3070 = DIRECTION('',(-1.,0.,0.));
#3071 = ORIENTED_EDGE('',*,*,#3072,.T.);
#3072 = EDGE_CURVE('',#3065,#3073,#3075,.T.);
#3073 = VERTEX_POINT('',#3074);
#3074 = CARTESIAN_POINT('',(-27.425,23.155,5.86));
#3075 = LINE('',#3076,#3077);
#3076 = CARTESIAN_POINT('',(-27.425,6.1625,5.86));
#3077 = VECTOR('',#3078,1.);
#3078 = DIRECTION('',(0.,1.,0.));
#3079 = ORIENTED_EDGE('',*,*,#3080,.F.);
#3080 = EDGE_CURVE('',#3081,#3073,#3083,.T.);
#3081 = VERTEX_POINT('',#3082);
#3082 = CARTESIAN_POINT('',(-10.675,23.155,5.86));
#3083 = LINE('',#3084,#3085);
#3084 = CARTESIAN_POINT('',(-27.6675,23.155,5.86));
#3085 = VECTOR('',#3086,1.);
#3086 = DIRECTION('',(-1.,0.,0.));
#3087 = ORIENTED_EDGE('',*,*,#3088,.F.);
#3088 = EDGE_CURVE('',#3063,#3081,#3089,.T.);
#3089 = LINE('',#3090,#3091);
#3090 = CARTESIAN_POINT('',(-10.675,6.1625,5.86));
#3091 = VECTOR('',#3092,1.);
#3092 = DIRECTION('',(0.,1.,0.));
#3093 = PLANE('',#3094);
#3094 = AXIS2_PLACEMENT_3D('',#3095,#3096,#3097);
#3095 = CARTESIAN_POINT('',(-27.91,5.92,5.86));
#3096 = DIRECTION('',(0.,0.,1.));
#3097 = DIRECTION('',(1.,0.,0.));
#3098 = ADVANCED_FACE('',(#3099),#3117,.T.);
#3099 = FACE_BOUND('',#3100,.T.);
#3100 = EDGE_LOOP('',(#3101,#3109,#3110,#3111));
#3101 = ORIENTED_EDGE('',*,*,#3102,.F.);
#3102 = EDGE_CURVE('',#2984,#3103,#3105,.T.);
#3103 = VERTEX_POINT('',#3104);
#3104 = CARTESIAN_POINT('',(-10.19,23.64,5.38));
#3105 = LINE('',#3106,#3107);
#3106 = CARTESIAN_POINT('',(-27.91,23.64,5.38));
#3107 = VECTOR('',#3108,1.);
#3108 = DIRECTION('',(1.,0.,0.));
#3109 = ORIENTED_EDGE('',*,*,#2991,.T.);
#3110 = ORIENTED_EDGE('',*,*,#3054,.T.);
#3111 = ORIENTED_EDGE('',*,*,#3112,.F.);
#3112 = EDGE_CURVE('',#3103,#3047,#3113,.T.);
#3113 = LINE('',#3114,#3115);
#3114 = CARTESIAN_POINT('',(-10.19,23.64,5.38));
#3115 = VECTOR('',#3116,1.);
#3116 = DIRECTION('',(0.,0.,1.));
#3117 = PLANE('',#3118);
#3118 = AXIS2_PLACEMENT_3D('',#3119,#3120,#3121);
#3119 = CARTESIAN_POINT('',(-27.91,23.64,5.38));
#3120 = DIRECTION('',(0.,1.,0.));
#3121 = DIRECTION('',(0.,0.,1.));
#3122 = ADVANCED_FACE('',(#3123,#3134),#3168,.F.);
#3123 = FACE_BOUND('',#3124,.F.);
#3124 = EDGE_LOOP('',(#3125,#3126,#3127,#3133));
#3125 = ORIENTED_EDGE('',*,*,#2983,.F.);
#3126 = ORIENTED_EDGE('',*,*,#3013,.T.);
#3127 = ORIENTED_EDGE('',*,*,#3128,.T.);
#3128 = EDGE_CURVE('',#3014,#3103,#3129,.T.);
#3129 = LINE('',#3130,#3131);
#3130 = CARTESIAN_POINT('',(-10.19,5.92,5.38));
#3131 = VECTOR('',#3132,1.);
#3132 = DIRECTION('',(0.,1.,0.));
#3133 = ORIENTED_EDGE('',*,*,#3102,.F.);
#3134 = FACE_BOUND('',#3135,.F.);
#3135 = EDGE_LOOP('',(#3136,#3146,#3154,#3162));
#3136 = ORIENTED_EDGE('',*,*,#3137,.T.);
#3137 = EDGE_CURVE('',#3138,#3140,#3142,.T.);
#3138 = VERTEX_POINT('',#3139);
#3139 = CARTESIAN_POINT('',(-10.675,6.405,5.38));
#3140 = VERTEX_POINT('',#3141);
#3141 = CARTESIAN_POINT('',(-27.425,6.405,5.38));
#3142 = LINE('',#3143,#3144);
#3143 = CARTESIAN_POINT('',(-27.6675,6.405,5.38));
#3144 = VECTOR('',#3145,1.);
#3145 = DIRECTION('',(-1.,0.,0.));
#3146 = ORIENTED_EDGE('',*,*,#3147,.T.);
#3147 = EDGE_CURVE('',#3140,#3148,#3150,.T.);
#3148 = VERTEX_POINT('',#3149);
#3149 = CARTESIAN_POINT('',(-27.425,23.155,5.38));
#3150 = LINE('',#3151,#3152);
#3151 = CARTESIAN_POINT('',(-27.425,6.1625,5.38));
#3152 = VECTOR('',#3153,1.);
#3153 = DIRECTION('',(0.,1.,0.));
#3154 = ORIENTED_EDGE('',*,*,#3155,.F.);
#3155 = EDGE_CURVE('',#3156,#3148,#3158,.T.);
#3156 = VERTEX_POINT('',#3157);
#3157 = CARTESIAN_POINT('',(-10.675,23.155,5.38));
#3158 = LINE('',#3159,#3160);
#3159 = CARTESIAN_POINT('',(-27.6675,23.155,5.38));
#3160 = VECTOR('',#3161,1.);
#3161 = DIRECTION('',(-1.,0.,0.));
#3162 = ORIENTED_EDGE('',*,*,#3163,.F.);
#3163 = EDGE_CURVE('',#3138,#3156,#3164,.T.);
#3164 = LINE('',#3165,#3166);
#3165 = CARTESIAN_POINT('',(-10.675,6.1625,5.38));
#3166 = VECTOR('',#3167,1.);
#3167 = DIRECTION('',(0.,1.,0.));
#3168 = PLANE('',#3169);
#3169 = AXIS2_PLACEMENT_3D('',#3170,#3171,#3172);
#3170 = CARTESIAN_POINT('',(-27.91,5.92,5.38));
#3171 = DIRECTION('',(0.,0.,1.));
#3172 = DIRECTION('',(1.,0.,0.));
#3173 = ADVANCED_FACE('',(#3174),#3180,.T.);
#3174 = FACE_BOUND('',#3175,.T.);
#3175 = EDGE_LOOP('',(#3176,#3177,#3178,#3179));
#3176 = ORIENTED_EDGE('',*,*,#3030,.F.);
#3177 = ORIENTED_EDGE('',*,*,#3128,.T.);
#3178 = ORIENTED_EDGE('',*,*,#3112,.T.);
#3179 = ORIENTED_EDGE('',*,*,#3046,.F.);
#3180 = PLANE('',#3181);
#3181 = AXIS2_PLACEMENT_3D('',#3182,#3183,#3184);
#3182 = CARTESIAN_POINT('',(-10.19,5.92,5.38));
#3183 = DIRECTION('',(1.,0.,0.));
#3184 = DIRECTION('',(0.,0.,1.));
#3185 = ADVANCED_FACE('',(#3186),#3202,.T.);
#3186 = FACE_BOUND('',#3187,.T.);
#3187 = EDGE_LOOP('',(#3188,#3194,#3195,#3201));
#3188 = ORIENTED_EDGE('',*,*,#3189,.F.);
#3189 = EDGE_CURVE('',#3138,#3063,#3190,.T.);
#3190 = LINE('',#3191,#3192);
#3191 = CARTESIAN_POINT('',(-10.675,6.405,5.28));
#3192 = VECTOR('',#3193,1.);
#3193 = DIRECTION('',(0.,0.,1.));
#3194 = ORIENTED_EDGE('',*,*,#3137,.T.);
#3195 = ORIENTED_EDGE('',*,*,#3196,.T.);
#3196 = EDGE_CURVE('',#3140,#3065,#3197,.T.);
#3197 = LINE('',#3198,#3199);
#3198 = CARTESIAN_POINT('',(-27.425,6.405,5.28));
#3199 = VECTOR('',#3200,1.);
#3200 = DIRECTION('',(0.,0.,1.));
#3201 = ORIENTED_EDGE('',*,*,#3062,.F.);
#3202 = PLANE('',#3203);
#3203 = AXIS2_PLACEMENT_3D('',#3204,#3205,#3206);
#3204 = CARTESIAN_POINT('',(-27.425,6.405,5.28));
#3205 = DIRECTION('',(0.,1.,0.));
#3206 = DIRECTION('',(0.,0.,1.));
#3207 = ADVANCED_FACE('',(#3208),#3219,.F.);
#3208 = FACE_BOUND('',#3209,.F.);
#3209 = EDGE_LOOP('',(#3210,#3211,#3212,#3218));
#3210 = ORIENTED_EDGE('',*,*,#3189,.F.);
#3211 = ORIENTED_EDGE('',*,*,#3163,.T.);
#3212 = ORIENTED_EDGE('',*,*,#3213,.T.);
#3213 = EDGE_CURVE('',#3156,#3081,#3214,.T.);
#3214 = LINE('',#3215,#3216);
#3215 = CARTESIAN_POINT('',(-10.675,23.155,5.28));
#3216 = VECTOR('',#3217,1.);
#3217 = DIRECTION('',(0.,0.,1.));
#3218 = ORIENTED_EDGE('',*,*,#3088,.F.);
#3219 = PLANE('',#3220);
#3220 = AXIS2_PLACEMENT_3D('',#3221,#3222,#3223);
#3221 = CARTESIAN_POINT('',(-10.675,6.405,5.28));
#3222 = DIRECTION('',(1.,0.,0.));
#3223 = DIRECTION('',(0.,0.,1.));
#3224 = ADVANCED_FACE('',(#3225),#3236,.F.);
#3225 = FACE_BOUND('',#3226,.F.);
#3226 = EDGE_LOOP('',(#3227,#3228,#3229,#3235));
#3227 = ORIENTED_EDGE('',*,*,#3213,.F.);
#3228 = ORIENTED_EDGE('',*,*,#3155,.T.);
#3229 = ORIENTED_EDGE('',*,*,#3230,.T.);
#3230 = EDGE_CURVE('',#3148,#3073,#3231,.T.);
#3231 = LINE('',#3232,#3233);
#3232 = CARTESIAN_POINT('',(-27.425,23.155,5.28));
#3233 = VECTOR('',#3234,1.);
#3234 = DIRECTION('',(0.,0.,1.));
#3235 = ORIENTED_EDGE('',*,*,#3080,.F.);
#3236 = PLANE('',#3237);
#3237 = AXIS2_PLACEMENT_3D('',#3238,#3239,#3240);
#3238 = CARTESIAN_POINT('',(-27.425,23.155,5.28));
#3239 = DIRECTION('',(0.,1.,0.));
#3240 = DIRECTION('',(0.,0.,1.));
#3241 = ADVANCED_FACE('',(#3242),#3248,.T.);
#3242 = FACE_BOUND('',#3243,.T.);
#3243 = EDGE_LOOP('',(#3244,#3245,#3246,#3247));
#3244 = ORIENTED_EDGE('',*,*,#3196,.F.);
#3245 = ORIENTED_EDGE('',*,*,#3147,.T.);
#3246 = ORIENTED_EDGE('',*,*,#3230,.T.);
#3247 = ORIENTED_EDGE('',*,*,#3072,.F.);
#3248 = PLANE('',#3249);
#3249 = AXIS2_PLACEMENT_3D('',#3250,#3251,#3252);
#3250 = CARTESIAN_POINT('',(-27.425,6.405,5.28));
#3251 = DIRECTION('',(1.,0.,0.));
#3252 = DIRECTION('',(0.,0.,1.));
#3253 = ( GEOMETRIC_REPRESENTATION_CONTEXT(3) 
GLOBAL_UNCERTAINTY_ASSIGNED_CONTEXT((#3257)) 
GLOBAL_UNIT_ASSIGNED_CONTEXT((#3254,#3255,#3256)) REPRESENTATION_CONTEXT
('Context #1','3D Context with UNIT and UNCERTAINTY') );
#3254 = ( LENGTH_UNIT() NAMED_UNIT(*) SI_UNIT(.MILLI.,.METRE.) );
#3255 = ( NAMED_UNIT(*) PLANE_ANGLE_UNIT() SI_UNIT($,.RADIAN.) );
#3256 = ( NAMED_UNIT(*) SI_UNIT($,.STERADIAN.) SOLID_ANGLE_UNIT() );
#3257 = UNCERTAINTY_MEASURE_WITH_UNIT(LENGTH_MEASURE(1.E-07),#3254,
  'distance_accuracy_value','confusion accuracy');
#3258 = CONTEXT_DEPENDENT_SHAPE_REPRESENTATION(#3259,#3261);
#3259 = ( REPRESENTATION_RELATIONSHIP('','',#2966,#10) 
REPRESENTATION_RELATIONSHIP_WITH_TRANSFORMATION(#3260) 
SHAPE_REPRESENTATION_RELATIONSHIP() );
#3260 = ITEM_DEFINED_TRANSFORMATION('','',#11,#47);
#3261 = PRODUCT_DEFINITION_SHAPE('Placement','Placement of an item',
  #3262);
#3262 = NEXT_ASSEMBLY_USAGE_OCCURRENCE('226','','',#5,#2961,$);
#3263 = PRODUCT_RELATED_PRODUCT_CATEGORY('part',$,(#2963));
#3264 = SHAPE_DEFINITION_REPRESENTATION(#3265,#3271);
#3265 = PRODUCT_DEFINITION_SHAPE('','',#3266);
#3266 = PRODUCT_DEFINITION('design','',#3267,#3270);
#3267 = PRODUCT_DEFINITION_FORMATION('','',#3268);
#3268 = PRODUCT('Open CASCADE STEP translator 7.8 5.10',
  'Open CASCADE STEP translator 7.8 5.10','',(#3269));
#3269 = PRODUCT_CONTEXT('',#2,'mechanical');
#3270 = PRODUCT_DEFINITION_CONTEXT('part definition',#2,'design');
#3271 = ADVANCED_BREP_SHAPE_REPRESENTATION('',(#11,#3272),#3558);
#3272 = MANIFOLD_SOLID_BREP('',#3273);
#3273 = CLOSED_SHELL('',(#3274,#3314,#3345,#3403,#3427,#3478,#3490,#3512
    ,#3529,#3546));
#3274 = ADVANCED_FACE('',(#3275),#3309,.F.);
#3275 = FACE_BOUND('',#3276,.F.);
#3276 = EDGE_LOOP('',(#3277,#3287,#3295,#3303));
#3277 = ORIENTED_EDGE('',*,*,#3278,.F.);
#3278 = EDGE_CURVE('',#3279,#3281,#3283,.T.);
#3279 = VERTEX_POINT('',#3280);
#3280 = CARTESIAN_POINT('',(-8.86,5.92,5.38));
#3281 = VERTEX_POINT('',#3282);
#3282 = CARTESIAN_POINT('',(-8.86,5.92,5.86));
#3283 = LINE('',#3284,#3285);
#3284 = CARTESIAN_POINT('',(-8.86,5.92,5.38));
#3285 = VECTOR('',#3286,1.);
#3286 = DIRECTION('',(0.,0.,1.));
#3287 = ORIENTED_EDGE('',*,*,#3288,.T.);
#3288 = EDGE_CURVE('',#3279,#3289,#3291,.T.);
#3289 = VERTEX_POINT('',#3290);
#3290 = CARTESIAN_POINT('',(-8.86,23.64,5.38));
#3291 = LINE('',#3292,#3293);
#3292 = CARTESIAN_POINT('',(-8.86,5.92,5.38));
#3293 = VECTOR('',#3294,1.);
#3294 = DIRECTION('',(0.,1.,0.));
#3295 = ORIENTED_EDGE('',*,*,#3296,.T.);
#3296 = EDGE_CURVE('',#3289,#3297,#3299,.T.);
#3297 = VERTEX_POINT('',#3298);
#3298 = CARTESIAN_POINT('',(-8.86,23.64,5.86));
#3299 = LINE('',#3300,#3301);
#3300 = CARTESIAN_POINT('',(-8.86,23.64,5.38));
#3301 = VECTOR('',#3302,1.);
#3302 = DIRECTION('',(0.,0.,1.));
#3303 = ORIENTED_EDGE('',*,*,#3304,.F.);
#3304 = EDGE_CURVE('',#3281,#3297,#3305,.T.);
#3305 = LINE('',#3306,#3307);
#3306 = CARTESIAN_POINT('',(-8.86,5.92,5.86));
#3307 = VECTOR('',#3308,1.);
#3308 = DIRECTION('',(0.,1.,0.));
#3309 = PLANE('',#3310);
#3310 = AXIS2_PLACEMENT_3D('',#3311,#3312,#3313);
#3311 = CARTESIAN_POINT('',(-8.86,5.92,5.38));
#3312 = DIRECTION('',(1.,0.,0.));
#3313 = DIRECTION('',(0.,0.,1.));
#3314 = ADVANCED_FACE('',(#3315),#3340,.F.);
#3315 = FACE_BOUND('',#3316,.F.);
#3316 = EDGE_LOOP('',(#3317,#3325,#3326,#3334));
#3317 = ORIENTED_EDGE('',*,*,#3318,.F.);
#3318 = EDGE_CURVE('',#3279,#3319,#3321,.T.);
#3319 = VERTEX_POINT('',#3320);
#3320 = CARTESIAN_POINT('',(8.86,5.92,5.38));
#3321 = LINE('',#3322,#3323);
#3322 = CARTESIAN_POINT('',(-8.86,5.92,5.38));
#3323 = VECTOR('',#3324,1.);
#3324 = DIRECTION('',(1.,0.,0.));
#3325 = ORIENTED_EDGE('',*,*,#3278,.T.);
#3326 = ORIENTED_EDGE('',*,*,#3327,.T.);
#3327 = EDGE_CURVE('',#3281,#3328,#3330,.T.);
#3328 = VERTEX_POINT('',#3329);
#3329 = CARTESIAN_POINT('',(8.86,5.92,5.86));
#3330 = LINE('',#3331,#3332);
#3331 = CARTESIAN_POINT('',(-8.86,5.92,5.86));
#3332 = VECTOR('',#3333,1.);
#3333 = DIRECTION('',(1.,0.,0.));
#3334 = ORIENTED_EDGE('',*,*,#3335,.F.);
#3335 = EDGE_CURVE('',#3319,#3328,#3336,.T.);
#3336 = LINE('',#3337,#3338);
#3337 = CARTESIAN_POINT('',(8.86,5.92,5.38));
#3338 = VECTOR('',#3339,1.);
#3339 = DIRECTION('',(0.,0.,1.));
#3340 = PLANE('',#3341);
#3341 = AXIS2_PLACEMENT_3D('',#3342,#3343,#3344);
#3342 = CARTESIAN_POINT('',(-8.86,5.92,5.38));
#3343 = DIRECTION('',(0.,1.,0.));
#3344 = DIRECTION('',(0.,0.,1.));
#3345 = ADVANCED_FACE('',(#3346,#3364),#3398,.T.);
#3346 = FACE_BOUND('',#3347,.T.);
#3347 = EDGE_LOOP('',(#3348,#3349,#3350,#3358));
#3348 = ORIENTED_EDGE('',*,*,#3304,.F.);
#3349 = ORIENTED_EDGE('',*,*,#3327,.T.);
#3350 = ORIENTED_EDGE('',*,*,#3351,.T.);
#3351 = EDGE_CURVE('',#3328,#3352,#3354,.T.);
#3352 = VERTEX_POINT('',#3353);
#3353 = CARTESIAN_POINT('',(8.86,23.64,5.86));
#3354 = LINE('',#3355,#3356);
#3355 = CARTESIAN_POINT('',(8.86,5.92,5.86));
#3356 = VECTOR('',#3357,1.);
#3357 = DIRECTION('',(0.,1.,0.));
#3358 = ORIENTED_EDGE('',*,*,#3359,.F.);
#3359 = EDGE_CURVE('',#3297,#3352,#3360,.T.);
#3360 = LINE('',#3361,#3362);
#3361 = CARTESIAN_POINT('',(-8.86,23.64,5.86));
#3362 = VECTOR('',#3363,1.);
#3363 = DIRECTION('',(1.,0.,0.));
#3364 = FACE_BOUND('',#3365,.T.);
#3365 = EDGE_LOOP('',(#3366,#3376,#3384,#3392));
#3366 = ORIENTED_EDGE('',*,*,#3367,.T.);
#3367 = EDGE_CURVE('',#3368,#3370,#3372,.T.);
#3368 = VERTEX_POINT('',#3369);
#3369 = CARTESIAN_POINT('',(8.375,6.405,5.86));
#3370 = VERTEX_POINT('',#3371);
#3371 = CARTESIAN_POINT('',(-8.375,6.405,5.86));
#3372 = LINE('',#3373,#3374);
#3373 = CARTESIAN_POINT('',(-8.6175,6.405,5.86));
#3374 = VECTOR('',#3375,1.);
#3375 = DIRECTION('',(-1.,0.,0.));
#3376 = ORIENTED_EDGE('',*,*,#3377,.T.);
#3377 = EDGE_CURVE('',#3370,#3378,#3380,.T.);
#3378 = VERTEX_POINT('',#3379);
#3379 = CARTESIAN_POINT('',(-8.375,23.155,5.86));
#3380 = LINE('',#3381,#3382);
#3381 = CARTESIAN_POINT('',(-8.375,6.1625,5.86));
#3382 = VECTOR('',#3383,1.);
#3383 = DIRECTION('',(0.,1.,0.));
#3384 = ORIENTED_EDGE('',*,*,#3385,.F.);
#3385 = EDGE_CURVE('',#3386,#3378,#3388,.T.);
#3386 = VERTEX_POINT('',#3387);
#3387 = CARTESIAN_POINT('',(8.375,23.155,5.86));
#3388 = LINE('',#3389,#3390);
#3389 = CARTESIAN_POINT('',(-8.6175,23.155,5.86));
#3390 = VECTOR('',#3391,1.);
#3391 = DIRECTION('',(-1.,0.,0.));
#3392 = ORIENTED_EDGE('',*,*,#3393,.F.);
#3393 = EDGE_CURVE('',#3368,#3386,#3394,.T.);
#3394 = LINE('',#3395,#3396);
#3395 = CARTESIAN_POINT('',(8.375,6.1625,5.86));
#3396 = VECTOR('',#3397,1.);
#3397 = DIRECTION('',(0.,1.,0.));
#3398 = PLANE('',#3399);
#3399 = AXIS2_PLACEMENT_3D('',#3400,#3401,#3402);
#3400 = CARTESIAN_POINT('',(-8.86,5.92,5.86));
#3401 = DIRECTION('',(0.,0.,1.));
#3402 = DIRECTION('',(1.,0.,0.));
#3403 = ADVANCED_FACE('',(#3404),#3422,.T.);
#3404 = FACE_BOUND('',#3405,.T.);
#3405 = EDGE_LOOP('',(#3406,#3414,#3415,#3416));
#3406 = ORIENTED_EDGE('',*,*,#3407,.F.);
#3407 = EDGE_CURVE('',#3289,#3408,#3410,.T.);
#3408 = VERTEX_POINT('',#3409);
#3409 = CARTESIAN_POINT('',(8.86,23.64,5.38));
#3410 = LINE('',#3411,#3412);
#3411 = CARTESIAN_POINT('',(-8.86,23.64,5.38));
#3412 = VECTOR('',#3413,1.);
#3413 = DIRECTION('',(1.,0.,0.));
#3414 = ORIENTED_EDGE('',*,*,#3296,.T.);
#3415 = ORIENTED_EDGE('',*,*,#3359,.T.);
#3416 = ORIENTED_EDGE('',*,*,#3417,.F.);
#3417 = EDGE_CURVE('',#3408,#3352,#3418,.T.);
#3418 = LINE('',#3419,#3420);
#3419 = CARTESIAN_POINT('',(8.86,23.64,5.38));
#3420 = VECTOR('',#3421,1.);
#3421 = DIRECTION('',(0.,0.,1.));
#3422 = PLANE('',#3423);
#3423 = AXIS2_PLACEMENT_3D('',#3424,#3425,#3426);
#3424 = CARTESIAN_POINT('',(-8.86,23.64,5.38));
#3425 = DIRECTION('',(0.,1.,0.));
#3426 = DIRECTION('',(0.,0.,1.));
#3427 = ADVANCED_FACE('',(#3428,#3439),#3473,.F.);
#3428 = FACE_BOUND('',#3429,.F.);
#3429 = EDGE_LOOP('',(#3430,#3431,#3432,#3438));
#3430 = ORIENTED_EDGE('',*,*,#3288,.F.);
#3431 = ORIENTED_EDGE('',*,*,#3318,.T.);
#3432 = ORIENTED_EDGE('',*,*,#3433,.T.);
#3433 = EDGE_CURVE('',#3319,#3408,#3434,.T.);
#3434 = LINE('',#3435,#3436);
#3435 = CARTESIAN_POINT('',(8.86,5.92,5.38));
#3436 = VECTOR('',#3437,1.);
#3437 = DIRECTION('',(0.,1.,0.));
#3438 = ORIENTED_EDGE('',*,*,#3407,.F.);
#3439 = FACE_BOUND('',#3440,.F.);
#3440 = EDGE_LOOP('',(#3441,#3451,#3459,#3467));
#3441 = ORIENTED_EDGE('',*,*,#3442,.T.);
#3442 = EDGE_CURVE('',#3443,#3445,#3447,.T.);
#3443 = VERTEX_POINT('',#3444);
#3444 = CARTESIAN_POINT('',(8.375,6.405,5.38));
#3445 = VERTEX_POINT('',#3446);
#3446 = CARTESIAN_POINT('',(-8.375,6.405,5.38));
#3447 = LINE('',#3448,#3449);
#3448 = CARTESIAN_POINT('',(-8.6175,6.405,5.38));
#3449 = VECTOR('',#3450,1.);
#3450 = DIRECTION('',(-1.,0.,0.));
#3451 = ORIENTED_EDGE('',*,*,#3452,.T.);
#3452 = EDGE_CURVE('',#3445,#3453,#3455,.T.);
#3453 = VERTEX_POINT('',#3454);
#3454 = CARTESIAN_POINT('',(-8.375,23.155,5.38));
#3455 = LINE('',#3456,#3457);
#3456 = CARTESIAN_POINT('',(-8.375,6.1625,5.38));
#3457 = VECTOR('',#3458,1.);
#3458 = DIRECTION('',(0.,1.,0.));
#3459 = ORIENTED_EDGE('',*,*,#3460,.F.);
#3460 = EDGE_CURVE('',#3461,#3453,#3463,.T.);
#3461 = VERTEX_POINT('',#3462);
#3462 = CARTESIAN_POINT('',(8.375,23.155,5.38));
#3463 = LINE('',#3464,#3465);
#3464 = CARTESIAN_POINT('',(-8.6175,23.155,5.38));
#3465 = VECTOR('',#3466,1.);
#3466 = DIRECTION('',(-1.,0.,0.));
#3467 = ORIENTED_EDGE('',*,*,#3468,.F.);
#3468 = EDGE_CURVE('',#3443,#3461,#3469,.T.);
#3469 = LINE('',#3470,#3471);
#3470 = CARTESIAN_POINT('',(8.375,6.1625,5.38));
#3471 = VECTOR('',#3472,1.);
#3472 = DIRECTION('',(0.,1.,0.));
#3473 = PLANE('',#3474);
#3474 = AXIS2_PLACEMENT_3D('',#3475,#3476,#3477);
#3475 = CARTESIAN_POINT('',(-8.86,5.92,5.38));
#3476 = DIRECTION('',(0.,0.,1.));
#3477 = DIRECTION('',(1.,0.,0.));
#3478 = ADVANCED_FACE('',(#3479),#3485,.T.);
#3479 = FACE_BOUND('',#3480,.T.);
#3480 = EDGE_LOOP('',(#3481,#3482,#3483,#3484));
#3481 = ORIENTED_EDGE('',*,*,#3335,.F.);
#3482 = ORIENTED_EDGE('',*,*,#3433,.T.);
#3483 = ORIENTED_EDGE('',*,*,#3417,.T.);
#3484 = ORIENTED_EDGE('',*,*,#3351,.F.);
#3485 = PLANE('',#3486);
#3486 = AXIS2_PLACEMENT_3D('',#3487,#3488,#3489);
#3487 = CARTESIAN_POINT('',(8.86,5.92,5.38));
#3488 = DIRECTION('',(1.,0.,0.));
#3489 = DIRECTION('',(0.,0.,1.));
#3490 = ADVANCED_FACE('',(#3491),#3507,.T.);
#3491 = FACE_BOUND('',#3492,.T.);
#3492 = EDGE_LOOP('',(#3493,#3499,#3500,#3506));
#3493 = ORIENTED_EDGE('',*,*,#3494,.F.);
#3494 = EDGE_CURVE('',#3443,#3368,#3495,.T.);
#3495 = LINE('',#3496,#3497);
#3496 = CARTESIAN_POINT('',(8.375,6.405,5.28));
#3497 = VECTOR('',#3498,1.);
#3498 = DIRECTION('',(0.,0.,1.));
#3499 = ORIENTED_EDGE('',*,*,#3442,.T.);
#3500 = ORIENTED_EDGE('',*,*,#3501,.T.);
#3501 = EDGE_CURVE('',#3445,#3370,#3502,.T.);
#3502 = LINE('',#3503,#3504);
#3503 = CARTESIAN_POINT('',(-8.375,6.405,5.28));
#3504 = VECTOR('',#3505,1.);
#3505 = DIRECTION('',(0.,0.,1.));
#3506 = ORIENTED_EDGE('',*,*,#3367,.F.);
#3507 = PLANE('',#3508);
#3508 = AXIS2_PLACEMENT_3D('',#3509,#3510,#3511);
#3509 = CARTESIAN_POINT('',(-8.375,6.405,5.28));
#3510 = DIRECTION('',(0.,1.,0.));
#3511 = DIRECTION('',(0.,0.,1.));
#3512 = ADVANCED_FACE('',(#3513),#3524,.F.);
#3513 = FACE_BOUND('',#3514,.F.);
#3514 = EDGE_LOOP('',(#3515,#3516,#3517,#3523));
#3515 = ORIENTED_EDGE('',*,*,#3494,.F.);
#3516 = ORIENTED_EDGE('',*,*,#3468,.T.);
#3517 = ORIENTED_EDGE('',*,*,#3518,.T.);
#3518 = EDGE_CURVE('',#3461,#3386,#3519,.T.);
#3519 = LINE('',#3520,#3521);
#3520 = CARTESIAN_POINT('',(8.375,23.155,5.28));
#3521 = VECTOR('',#3522,1.);
#3522 = DIRECTION('',(0.,0.,1.));
#3523 = ORIENTED_EDGE('',*,*,#3393,.F.);
#3524 = PLANE('',#3525);
#3525 = AXIS2_PLACEMENT_3D('',#3526,#3527,#3528);
#3526 = CARTESIAN_POINT('',(8.375,6.405,5.28));
#3527 = DIRECTION('',(1.,0.,0.));
#3528 = DIRECTION('',(0.,0.,1.));
#3529 = ADVANCED_FACE('',(#3530),#3541,.F.);
#3530 = FACE_BOUND('',#3531,.F.);
#3531 = EDGE_LOOP('',(#3532,#3533,#3534,#3540));
#3532 = ORIENTED_EDGE('',*,*,#3518,.F.);
#3533 = ORIENTED_EDGE('',*,*,#3460,.T.);
#3534 = ORIENTED_EDGE('',*,*,#3535,.T.);
#3535 = EDGE_CURVE('',#3453,#3378,#3536,.T.);
#3536 = LINE('',#3537,#3538);
#3537 = CARTESIAN_POINT('',(-8.375,23.155,5.28));
#3538 = VECTOR('',#3539,1.);
#3539 = DIRECTION('',(0.,0.,1.));
#3540 = ORIENTED_EDGE('',*,*,#3385,.F.);
#3541 = PLANE('',#3542);
#3542 = AXIS2_PLACEMENT_3D('',#3543,#3544,#3545);
#3543 = CARTESIAN_POINT('',(-8.375,23.155,5.28));
#3544 = DIRECTION('',(0.,1.,0.));
#3545 = DIRECTION('',(0.,0.,1.));
#3546 = ADVANCED_FACE('',(#3547),#3553,.T.);
#3547 = FACE_BOUND('',#3548,.T.);
#3548 = EDGE_LOOP('',(#3549,#3550,#3551,#3552));
#3549 = ORIENTED_EDGE('',*,*,#3501,.F.);
#3550 = ORIENTED_EDGE('',*,*,#3452,.T.);
#3551 = ORIENTED_EDGE('',*,*,#3535,.T.);
#3552 = ORIENTED_EDGE('',*,*,#3377,.F.);
#3553 = PLANE('',#3554);
#3554 = AXIS2_PLACEMENT_3D('',#3555,#3556,#3557);
#3555 = CARTESIAN_POINT('',(-8.375,6.405,5.28));
#3556 = DIRECTION('',(1.,0.,0.));
#3557 = DIRECTION('',(0.,0.,1.));
#3558 = ( GEOMETRIC_REPRESENTATION_CONTEXT(3) 
GLOBAL_UNCERTAINTY_ASSIGNED_CONTEXT((#3562)) 
GLOBAL_UNIT_ASSIGNED_CONTEXT((#3559,#3560,#3561)) REPRESENTATION_CONTEXT
('Context #1','3D Context with UNIT and UNCERTAINTY') );
#3559 = ( LENGTH_UNIT() NAMED_UNIT(*) SI_UNIT(.MILLI.,.METRE.) );
#3560 = ( NAMED_UNIT(*) PLANE_ANGLE_UNIT() SI_UNIT($,.RADIAN.) );
#3561 = ( NAMED_UNIT(*) SI_UNIT($,.STERADIAN.) SOLID_ANGLE_UNIT() );
#3562 = UNCERTAINTY_MEASURE_WITH_UNIT(LENGTH_MEASURE(1.E-07),#3559,
  'distance_accuracy_value','confusion accuracy');
#3563 = CONTEXT_DEPENDENT_SHAPE_REPRESENTATION(#3564,#3566);
#3564 = ( REPRESENTATION_RELATIONSHIP('','',#3271,#10) 
REPRESENTATION_RELATIONSHIP_WITH_TRANSFORMATION(#3565) 
SHAPE_REPRESENTATION_RELATIONSHIP() );
#3565 = ITEM_DEFINED_TRANSFORMATION('','',#11,#51);
#3566 = PRODUCT_DEFINITION_SHAPE('Placement','Placement of an item',
  #3567);
#3567 = NEXT_ASSEMBLY_USAGE_OCCURRENCE('227','','',#5,#3266,$);
#3568 = PRODUCT_RELATED_PRODUCT_CATEGORY('part',$,(#3268));
#3569 = SHAPE_DEFINITION_REPRESENTATION(#3570,#3576);
#3570 = PRODUCT_DEFINITION_SHAPE('','',#3571);
#3571 = PRODUCT_DEFINITION('design','',#3572,#3575);
#3572 = PRODUCT_DEFINITION_FORMATION('','',#3573);
#3573 = PRODUCT('Open CASCADE STEP translator 7.8 5.11',
  'Open CASCADE STEP translator 7.8 5.11','',(#3574));
#3574 = PRODUCT_CONTEXT('',#2,'mechanical');
#3575 = PRODUCT_DEFINITION_CONTEXT('part definition',#2,'design');
#3576 = ADVANCED_BREP_SHAPE_REPRESENTATION('',(#11,#3577),#3863);
#3577 = MANIFOLD_SOLID_BREP('',#3578);
#3578 = CLOSED_SHELL('',(#3579,#3619,#3650,#3708,#3732,#3783,#3795,#3817
    ,#3834,#3851));
#3579 = ADVANCED_FACE('',(#3580),#3614,.F.);
#3580 = FACE_BOUND('',#3581,.F.);
#3581 = EDGE_LOOP('',(#3582,#3592,#3600,#3608));
#3582 = ORIENTED_EDGE('',*,*,#3583,.F.);
#3583 = EDGE_CURVE('',#3584,#3586,#3588,.T.);
#3584 = VERTEX_POINT('',#3585);
#3585 = CARTESIAN_POINT('',(10.19,5.92,5.38));
#3586 = VERTEX_POINT('',#3587);
#3587 = CARTESIAN_POINT('',(10.19,5.92,5.86));
#3588 = LINE('',#3589,#3590);
#3589 = CARTESIAN_POINT('',(10.19,5.92,5.38));
#3590 = VECTOR('',#3591,1.);
#3591 = DIRECTION('',(0.,0.,1.));
#3592 = ORIENTED_EDGE('',*,*,#3593,.T.);
#3593 = EDGE_CURVE('',#3584,#3594,#3596,.T.);
#3594 = VERTEX_POINT('',#3595);
#3595 = CARTESIAN_POINT('',(10.19,23.64,5.38));
#3596 = LINE('',#3597,#3598);
#3597 = CARTESIAN_POINT('',(10.19,5.92,5.38));
#3598 = VECTOR('',#3599,1.);
#3599 = DIRECTION('',(0.,1.,0.));
#3600 = ORIENTED_EDGE('',*,*,#3601,.T.);
#3601 = EDGE_CURVE('',#3594,#3602,#3604,.T.);
#3602 = VERTEX_POINT('',#3603);
#3603 = CARTESIAN_POINT('',(10.19,23.64,5.86));
#3604 = LINE('',#3605,#3606);
#3605 = CARTESIAN_POINT('',(10.19,23.64,5.38));
#3606 = VECTOR('',#3607,1.);
#3607 = DIRECTION('',(0.,0.,1.));
#3608 = ORIENTED_EDGE('',*,*,#3609,.F.);
#3609 = EDGE_CURVE('',#3586,#3602,#3610,.T.);
#3610 = LINE('',#3611,#3612);
#3611 = CARTESIAN_POINT('',(10.19,5.92,5.86));
#3612 = VECTOR('',#3613,1.);
#3613 = DIRECTION('',(0.,1.,0.));
#3614 = PLANE('',#3615);
#3615 = AXIS2_PLACEMENT_3D('',#3616,#3617,#3618);
#3616 = CARTESIAN_POINT('',(10.19,5.92,5.38));
#3617 = DIRECTION('',(1.,0.,0.));
#3618 = DIRECTION('',(0.,0.,1.));
#3619 = ADVANCED_FACE('',(#3620),#3645,.F.);
#3620 = FACE_BOUND('',#3621,.F.);
#3621 = EDGE_LOOP('',(#3622,#3630,#3631,#3639));
#3622 = ORIENTED_EDGE('',*,*,#3623,.F.);
#3623 = EDGE_CURVE('',#3584,#3624,#3626,.T.);
#3624 = VERTEX_POINT('',#3625);
#3625 = CARTESIAN_POINT('',(27.91,5.92,5.38));
#3626 = LINE('',#3627,#3628);
#3627 = CARTESIAN_POINT('',(10.19,5.92,5.38));
#3628 = VECTOR('',#3629,1.);
#3629 = DIRECTION('',(1.,0.,0.));
#3630 = ORIENTED_EDGE('',*,*,#3583,.T.);
#3631 = ORIENTED_EDGE('',*,*,#3632,.T.);
#3632 = EDGE_CURVE('',#3586,#3633,#3635,.T.);
#3633 = VERTEX_POINT('',#3634);
#3634 = CARTESIAN_POINT('',(27.91,5.92,5.86));
#3635 = LINE('',#3636,#3637);
#3636 = CARTESIAN_POINT('',(10.19,5.92,5.86));
#3637 = VECTOR('',#3638,1.);
#3638 = DIRECTION('',(1.,0.,0.));
#3639 = ORIENTED_EDGE('',*,*,#3640,.F.);
#3640 = EDGE_CURVE('',#3624,#3633,#3641,.T.);
#3641 = LINE('',#3642,#3643);
#3642 = CARTESIAN_POINT('',(27.91,5.92,5.38));
#3643 = VECTOR('',#3644,1.);
#3644 = DIRECTION('',(0.,0.,1.));
#3645 = PLANE('',#3646);
#3646 = AXIS2_PLACEMENT_3D('',#3647,#3648,#3649);
#3647 = CARTESIAN_POINT('',(10.19,5.92,5.38));
#3648 = DIRECTION('',(0.,1.,0.));
#3649 = DIRECTION('',(0.,0.,1.));
#3650 = ADVANCED_FACE('',(#3651,#3669),#3703,.T.);
#3651 = FACE_BOUND('',#3652,.T.);
#3652 = EDGE_LOOP('',(#3653,#3654,#3655,#3663));
#3653 = ORIENTED_EDGE('',*,*,#3609,.F.);
#3654 = ORIENTED_EDGE('',*,*,#3632,.T.);
#3655 = ORIENTED_EDGE('',*,*,#3656,.T.);
#3656 = EDGE_CURVE('',#3633,#3657,#3659,.T.);
#3657 = VERTEX_POINT('',#3658);
#3658 = CARTESIAN_POINT('',(27.91,23.64,5.86));
#3659 = LINE('',#3660,#3661);
#3660 = CARTESIAN_POINT('',(27.91,5.92,5.86));
#3661 = VECTOR('',#3662,1.);
#3662 = DIRECTION('',(0.,1.,0.));
#3663 = ORIENTED_EDGE('',*,*,#3664,.F.);
#3664 = EDGE_CURVE('',#3602,#3657,#3665,.T.);
#3665 = LINE('',#3666,#3667);
#3666 = CARTESIAN_POINT('',(10.19,23.64,5.86));
#3667 = VECTOR('',#3668,1.);
#3668 = DIRECTION('',(1.,0.,0.));
#3669 = FACE_BOUND('',#3670,.T.);
#3670 = EDGE_LOOP('',(#3671,#3681,#3689,#3697));
#3671 = ORIENTED_EDGE('',*,*,#3672,.T.);
#3672 = EDGE_CURVE('',#3673,#3675,#3677,.T.);
#3673 = VERTEX_POINT('',#3674);
#3674 = CARTESIAN_POINT('',(27.425,6.405,5.86));
#3675 = VERTEX_POINT('',#3676);
#3676 = CARTESIAN_POINT('',(10.675,6.405,5.86));
#3677 = LINE('',#3678,#3679);
#3678 = CARTESIAN_POINT('',(10.4325,6.405,5.86));
#3679 = VECTOR('',#3680,1.);
#3680 = DIRECTION('',(-1.,0.,0.));
#3681 = ORIENTED_EDGE('',*,*,#3682,.T.);
#3682 = EDGE_CURVE('',#3675,#3683,#3685,.T.);
#3683 = VERTEX_POINT('',#3684);
#3684 = CARTESIAN_POINT('',(10.675,23.155,5.86));
#3685 = LINE('',#3686,#3687);
#3686 = CARTESIAN_POINT('',(10.675,6.1625,5.86));
#3687 = VECTOR('',#3688,1.);
#3688 = DIRECTION('',(0.,1.,0.));
#3689 = ORIENTED_EDGE('',*,*,#3690,.F.);
#3690 = EDGE_CURVE('',#3691,#3683,#3693,.T.);
#3691 = VERTEX_POINT('',#3692);
#3692 = CARTESIAN_POINT('',(27.425,23.155,5.86));
#3693 = LINE('',#3694,#3695);
#3694 = CARTESIAN_POINT('',(10.4325,23.155,5.86));
#3695 = VECTOR('',#3696,1.);
#3696 = DIRECTION('',(-1.,0.,0.));
#3697 = ORIENTED_EDGE('',*,*,#3698,.F.);
#3698 = EDGE_CURVE('',#3673,#3691,#3699,.T.);
#3699 = LINE('',#3700,#3701);
#3700 = CARTESIAN_POINT('',(27.425,6.1625,5.86));
#3701 = VECTOR('',#3702,1.);
#3702 = DIRECTION('',(0.,1.,0.));
#3703 = PLANE('',#3704);
#3704 = AXIS2_PLACEMENT_3D('',#3705,#3706,#3707);
#3705 = CARTESIAN_POINT('',(10.19,5.92,5.86));
#3706 = DIRECTION('',(0.,0.,1.));
#3707 = DIRECTION('',(1.,0.,0.));
#3708 = ADVANCED_FACE('',(#3709),#3727,.T.);
#3709 = FACE_BOUND('',#3710,.T.);
#3710 = EDGE_LOOP('',(#3711,#3719,#3720,#3721));
#3711 = ORIENTED_EDGE('',*,*,#3712,.F.);
#3712 = EDGE_CURVE('',#3594,#3713,#3715,.T.);
#3713 = VERTEX_POINT('',#3714);
#3714 = CARTESIAN_POINT('',(27.91,23.64,5.38));
#3715 = LINE('',#3716,#3717);
#3716 = CARTESIAN_POINT('',(10.19,23.64,5.38));
#3717 = VECTOR('',#3718,1.);
#3718 = DIRECTION('',(1.,0.,0.));
#3719 = ORIENTED_EDGE('',*,*,#3601,.T.);
#3720 = ORIENTED_EDGE('',*,*,#3664,.T.);
#3721 = ORIENTED_EDGE('',*,*,#3722,.F.);
#3722 = EDGE_CURVE('',#3713,#3657,#3723,.T.);
#3723 = LINE('',#3724,#3725);
#3724 = CARTESIAN_POINT('',(27.91,23.64,5.38));
#3725 = VECTOR('',#3726,1.);
#3726 = DIRECTION('',(0.,0.,1.));
#3727 = PLANE('',#3728);
#3728 = AXIS2_PLACEMENT_3D('',#3729,#3730,#3731);
#3729 = CARTESIAN_POINT('',(10.19,23.64,5.38));
#3730 = DIRECTION('',(0.,1.,0.));
#3731 = DIRECTION('',(0.,0.,1.));
#3732 = ADVANCED_FACE('',(#3733,#3744),#3778,.F.);
#3733 = FACE_BOUND('',#3734,.F.);
#3734 = EDGE_LOOP('',(#3735,#3736,#3737,#3743));
#3735 = ORIENTED_EDGE('',*,*,#3593,.F.);
#3736 = ORIENTED_EDGE('',*,*,#3623,.T.);
#3737 = ORIENTED_EDGE('',*,*,#3738,.T.);
#3738 = EDGE_CURVE('',#3624,#3713,#3739,.T.);
#3739 = LINE('',#3740,#3741);
#3740 = CARTESIAN_POINT('',(27.91,5.92,5.38));
#3741 = VECTOR('',#3742,1.);
#3742 = DIRECTION('',(0.,1.,0.));
#3743 = ORIENTED_EDGE('',*,*,#3712,.F.);
#3744 = FACE_BOUND('',#3745,.F.);
#3745 = EDGE_LOOP('',(#3746,#3756,#3764,#3772));
#3746 = ORIENTED_EDGE('',*,*,#3747,.T.);
#3747 = EDGE_CURVE('',#3748,#3750,#3752,.T.);
#3748 = VERTEX_POINT('',#3749);
#3749 = CARTESIAN_POINT('',(27.425,6.405,5.38));
#3750 = VERTEX_POINT('',#3751);
#3751 = CARTESIAN_POINT('',(10.675,6.405,5.38));
#3752 = LINE('',#3753,#3754);
#3753 = CARTESIAN_POINT('',(10.4325,6.405,5.38));
#3754 = VECTOR('',#3755,1.);
#3755 = DIRECTION('',(-1.,0.,0.));
#3756 = ORIENTED_EDGE('',*,*,#3757,.T.);
#3757 = EDGE_CURVE('',#3750,#3758,#3760,.T.);
#3758 = VERTEX_POINT('',#3759);
#3759 = CARTESIAN_POINT('',(10.675,23.155,5.38));
#3760 = LINE('',#3761,#3762);
#3761 = CARTESIAN_POINT('',(10.675,6.1625,5.38));
#3762 = VECTOR('',#3763,1.);
#3763 = DIRECTION('',(0.,1.,0.));
#3764 = ORIENTED_EDGE('',*,*,#3765,.F.);
#3765 = EDGE_CURVE('',#3766,#3758,#3768,.T.);
#3766 = VERTEX_POINT('',#3767);
#3767 = CARTESIAN_POINT('',(27.425,23.155,5.38));
#3768 = LINE('',#3769,#3770);
#3769 = CARTESIAN_POINT('',(10.4325,23.155,5.38));
#3770 = VECTOR('',#3771,1.);
#3771 = DIRECTION('',(-1.,0.,0.));
#3772 = ORIENTED_EDGE('',*,*,#3773,.F.);
#3773 = EDGE_CURVE('',#3748,#3766,#3774,.T.);
#3774 = LINE('',#3775,#3776);
#3775 = CARTESIAN_POINT('',(27.425,6.1625,5.38));
#3776 = VECTOR('',#3777,1.);
#3777 = DIRECTION('',(0.,1.,0.));
#3778 = PLANE('',#3779);
#3779 = AXIS2_PLACEMENT_3D('',#3780,#3781,#3782);
#3780 = CARTESIAN_POINT('',(10.19,5.92,5.38));
#3781 = DIRECTION('',(0.,0.,1.));
#3782 = DIRECTION('',(1.,0.,0.));
#3783 = ADVANCED_FACE('',(#3784),#3790,.T.);
#3784 = FACE_BOUND('',#3785,.T.);
#3785 = EDGE_LOOP('',(#3786,#3787,#3788,#3789));
#3786 = ORIENTED_EDGE('',*,*,#3640,.F.);
#3787 = ORIENTED_EDGE('',*,*,#3738,.T.);
#3788 = ORIENTED_EDGE('',*,*,#3722,.T.);
#3789 = ORIENTED_EDGE('',*,*,#3656,.F.);
#3790 = PLANE('',#3791);
#3791 = AXIS2_PLACEMENT_3D('',#3792,#3793,#3794);
#3792 = CARTESIAN_POINT('',(27.91,5.92,5.38));
#3793 = DIRECTION('',(1.,0.,0.));
#3794 = DIRECTION('',(0.,0.,1.));
#3795 = ADVANCED_FACE('',(#3796),#3812,.T.);
#3796 = FACE_BOUND('',#3797,.T.);
#3797 = EDGE_LOOP('',(#3798,#3804,#3805,#3811));
#3798 = ORIENTED_EDGE('',*,*,#3799,.F.);
#3799 = EDGE_CURVE('',#3748,#3673,#3800,.T.);
#3800 = LINE('',#3801,#3802);
#3801 = CARTESIAN_POINT('',(27.425,6.405,5.28));
#3802 = VECTOR('',#3803,1.);
#3803 = DIRECTION('',(0.,0.,1.));
#3804 = ORIENTED_EDGE('',*,*,#3747,.T.);
#3805 = ORIENTED_EDGE('',*,*,#3806,.T.);
#3806 = EDGE_CURVE('',#3750,#3675,#3807,.T.);
#3807 = LINE('',#3808,#3809);
#3808 = CARTESIAN_POINT('',(10.675,6.405,5.28));
#3809 = VECTOR('',#3810,1.);
#3810 = DIRECTION('',(0.,0.,1.));
#3811 = ORIENTED_EDGE('',*,*,#3672,.F.);
#3812 = PLANE('',#3813);
#3813 = AXIS2_PLACEMENT_3D('',#3814,#3815,#3816);
#3814 = CARTESIAN_POINT('',(10.675,6.405,5.28));
#3815 = DIRECTION('',(0.,1.,0.));
#3816 = DIRECTION('',(0.,0.,1.));
#3817 = ADVANCED_FACE('',(#3818),#3829,.F.);
#3818 = FACE_BOUND('',#3819,.F.);
#3819 = EDGE_LOOP('',(#3820,#3821,#3822,#3828));
#3820 = ORIENTED_EDGE('',*,*,#3799,.F.);
#3821 = ORIENTED_EDGE('',*,*,#3773,.T.);
#3822 = ORIENTED_EDGE('',*,*,#3823,.T.);
#3823 = EDGE_CURVE('',#3766,#3691,#3824,.T.);
#3824 = LINE('',#3825,#3826);
#3825 = CARTESIAN_POINT('',(27.425,23.155,5.28));
#3826 = VECTOR('',#3827,1.);
#3827 = DIRECTION('',(0.,0.,1.));
#3828 = ORIENTED_EDGE('',*,*,#3698,.F.);
#3829 = PLANE('',#3830);
#3830 = AXIS2_PLACEMENT_3D('',#3831,#3832,#3833);
#3831 = CARTESIAN_POINT('',(27.425,6.405,5.28));
#3832 = DIRECTION('',(1.,0.,0.));
#3833 = DIRECTION('',(0.,0.,1.));
#3834 = ADVANCED_FACE('',(#3835),#3846,.F.);
#3835 = FACE_BOUND('',#3836,.F.);
#3836 = EDGE_LOOP('',(#3837,#3838,#3839,#3845));
#3837 = ORIENTED_EDGE('',*,*,#3823,.F.);
#3838 = ORIENTED_EDGE('',*,*,#3765,.T.);
#3839 = ORIENTED_EDGE('',*,*,#3840,.T.);
#3840 = EDGE_CURVE('',#3758,#3683,#3841,.T.);
#3841 = LINE('',#3842,#3843);
#3842 = CARTESIAN_POINT('',(10.675,23.155,5.28));
#3843 = VECTOR('',#3844,1.);
#3844 = DIRECTION('',(0.,0.,1.));
#3845 = ORIENTED_EDGE('',*,*,#3690,.F.);
#3846 = PLANE('',#3847);
#3847 = AXIS2_PLACEMENT_3D('',#3848,#3849,#3850);
#3848 = CARTESIAN_POINT('',(10.675,23.155,5.28));
#3849 = DIRECTION('',(0.,1.,0.));
#3850 = DIRECTION('',(0.,0.,1.));
#3851 = ADVANCED_FACE('',(#3852),#3858,.T.);
#3852 = FACE_BOUND('',#3853,.T.);
#3853 = EDGE_LOOP('',(#3854,#3855,#3856,#3857));
#3854 = ORIENTED_EDGE('',*,*,#3806,.F.);
#3855 = ORIENTED_EDGE('',*,*,#3757,.T.);
#3856 = ORIENTED_EDGE('',*,*,#3840,.T.);
#3857 = ORIENTED_EDGE('',*,*,#3682,.F.);
#3858 = PLANE('',#3859);
#3859 = AXIS2_PLACEMENT_3D('',#3860,#3861,#3862);
#3860 = CARTESIAN_POINT('',(10.675,6.405,5.28));
#3861 = DIRECTION('',(1.,0.,0.));
#3862 = DIRECTION('',(0.,0.,1.));
#3863 = ( GEOMETRIC_REPRESENTATION_CONTEXT(3) 
GLOBAL_UNCERTAINTY_ASSIGNED_CONTEXT((#3867)) 
GLOBAL_UNIT_ASSIGNED_CONTEXT((#3864,#3865,#3866)) REPRESENTATION_CONTEXT
('Context #1','3D Context with UNIT and UNCERTAINTY') );
#3864 = ( LENGTH_UNIT() NAMED_UNIT(*) SI_UNIT(.MILLI.,.METRE.) );
#3865 = ( NAMED_UNIT(*) PLANE_ANGLE_UNIT() SI_UNIT($,.RADIAN.) );
#3866 = ( NAMED_UNIT(*) SI_UNIT($,.STERADIAN.) SOLID_ANGLE_UNIT() );
#3867 = UNCERTAINTY_MEASURE_WITH_UNIT(LENGTH_MEASURE(1.E-07),#3864,
  'distance_accuracy_value','confusion accuracy');
#3868 = CONTEXT_DEPENDENT_SHAPE_REPRESENTATION(#3869,#3871);
#3869 = ( REPRESENTATION_RELATIONSHIP('','',#3576,#10) 
REPRESENTATION_RELATIONSHIP_WITH_TRANSFORMATION(#3870) 
SHAPE_REPRESENTATION_RELATIONSHIP() );
#3870 = ITEM_DEFINED_TRANSFORMATION('','',#11,#55);
#3871 = PRODUCT_DEFINITION_SHAPE('Placement','Placement of an item',
  #3872);
#3872 = NEXT_ASSEMBLY_USAGE_OCCURRENCE('228','','',#5,#3571,$);
#3873 = PRODUCT_RELATED_PRODUCT_CATEGORY('part',$,(#3573));
#3874 = SHAPE_DEFINITION_REPRESENTATION(#3875,#3881);
#3875 = PRODUCT_DEFINITION_SHAPE('','',#3876);
#3876 = PRODUCT_DEFINITION('design','',#3877,#3880);
#3877 = PRODUCT_DEFINITION_FORMATION('','',#3878);
#3878 = PRODUCT('Open CASCADE STEP translator 7.8 5.12',
  'Open CASCADE STEP translator 7.8 5.12','',(#3879));
#3879 = PRODUCT_CONTEXT('',#2,'mechanical');
#3880 = PRODUCT_DEFINITION_CONTEXT('part definition',#2,'design');
#3881 = ADVANCED_BREP_SHAPE_REPRESENTATION('',(#11,#3882),#4032);
#3882 = MANIFOLD_SOLID_BREP('',#3883);
#3883 = CLOSED_SHELL('',(#3884,#3924,#3955,#3986,#4008,#4020));
#3884 = ADVANCED_FACE('',(#3885),#3919,.F.);
#3885 = FACE_BOUND('',#3886,.F.);
#3886 = EDGE_LOOP('',(#3887,#3897,#3905,#3913));
#3887 = ORIENTED_EDGE('',*,*,#3888,.F.);
#3888 = EDGE_CURVE('',#3889,#3891,#3893,.T.);
#3889 = VERTEX_POINT('',#3890);
#3890 = CARTESIAN_POINT('',(-46.225,-27.325,5.38));
#3891 = VERTEX_POINT('',#3892);
#3892 = CARTESIAN_POINT('',(-46.225,-27.325,5.86));
#3893 = LINE('',#3894,#3895);
#3894 = CARTESIAN_POINT('',(-46.225,-27.325,5.38));
#3895 = VECTOR('',#3896,1.);
#3896 = DIRECTION('',(0.,0.,1.));
#3897 = ORIENTED_EDGE('',*,*,#3898,.T.);
#3898 = EDGE_CURVE('',#3889,#3899,#3901,.T.);
#3899 = VERTEX_POINT('',#3900);
#3900 = CARTESIAN_POINT('',(-46.225,3.325,5.38));
#3901 = LINE('',#3902,#3903);
#3902 = CARTESIAN_POINT('',(-46.225,-27.325,5.38));
#3903 = VECTOR('',#3904,1.);
#3904 = DIRECTION('',(0.,1.,0.));
#3905 = ORIENTED_EDGE('',*,*,#3906,.T.);
#3906 = EDGE_CURVE('',#3899,#3907,#3909,.T.);
#3907 = VERTEX_POINT('',#3908);
#3908 = CARTESIAN_POINT('',(-46.225,3.325,5.86));
#3909 = LINE('',#3910,#3911);
#3910 = CARTESIAN_POINT('',(-46.225,3.325,5.38));
#3911 = VECTOR('',#3912,1.);
#3912 = DIRECTION('',(0.,0.,1.));
#3913 = ORIENTED_EDGE('',*,*,#3914,.F.);
#3914 = EDGE_CURVE('',#3891,#3907,#3915,.T.);
#3915 = LINE('',#3916,#3917);
#3916 = CARTESIAN_POINT('',(-46.225,-27.325,5.86));
#3917 = VECTOR('',#3918,1.);
#3918 = DIRECTION('',(0.,1.,0.));
#3919 = PLANE('',#3920);
#3920 = AXIS2_PLACEMENT_3D('',#3921,#3922,#3923);
#3921 = CARTESIAN_POINT('',(-46.225,-27.325,5.38));
#3922 = DIRECTION('',(1.,0.,0.));
#3923 = DIRECTION('',(0.,0.,1.));
#3924 = ADVANCED_FACE('',(#3925),#3950,.F.);
#3925 = FACE_BOUND('',#3926,.F.);
#3926 = EDGE_LOOP('',(#3927,#3935,#3936,#3944));
#3927 = ORIENTED_EDGE('',*,*,#3928,.F.);
#3928 = EDGE_CURVE('',#3889,#3929,#3931,.T.);
#3929 = VERTEX_POINT('',#3930);
#3930 = CARTESIAN_POINT('',(-43.775,-27.325,5.38));
#3931 = LINE('',#3932,#3933);
#3932 = CARTESIAN_POINT('',(-46.225,-27.325,5.38));
#3933 = VECTOR('',#3934,1.);
#3934 = DIRECTION('',(1.,0.,0.));
#3935 = ORIENTED_EDGE('',*,*,#3888,.T.);
#3936 = ORIENTED_EDGE('',*,*,#3937,.T.);
#3937 = EDGE_CURVE('',#3891,#3938,#3940,.T.);
#3938 = VERTEX_POINT('',#3939);
#3939 = CARTESIAN_POINT('',(-43.775,-27.325,5.86));
#3940 = LINE('',#3941,#3942);
#3941 = CARTESIAN_POINT('',(-46.225,-27.325,5.86));
#3942 = VECTOR('',#3943,1.);
#3943 = DIRECTION('',(1.,0.,0.));
#3944 = ORIENTED_EDGE('',*,*,#3945,.F.);
#3945 = EDGE_CURVE('',#3929,#3938,#3946,.T.);
#3946 = LINE('',#3947,#3948);
#3947 = CARTESIAN_POINT('',(-43.775,-27.325,5.38));
#3948 = VECTOR('',#3949,1.);
#3949 = DIRECTION('',(0.,0.,1.));
#3950 = PLANE('',#3951);
#3951 = AXIS2_PLACEMENT_3D('',#3952,#3953,#3954);
#3952 = CARTESIAN_POINT('',(-46.225,-27.325,5.38));
#3953 = DIRECTION('',(0.,1.,0.));
#3954 = DIRECTION('',(0.,0.,1.));
#3955 = ADVANCED_FACE('',(#3956),#3981,.T.);
#3956 = FACE_BOUND('',#3957,.T.);
#3957 = EDGE_LOOP('',(#3958,#3959,#3967,#3975));
#3958 = ORIENTED_EDGE('',*,*,#3945,.F.);
#3959 = ORIENTED_EDGE('',*,*,#3960,.T.);
#3960 = EDGE_CURVE('',#3929,#3961,#3963,.T.);
#3961 = VERTEX_POINT('',#3962);
#3962 = CARTESIAN_POINT('',(-43.775,3.325,5.38));
#3963 = LINE('',#3964,#3965);
#3964 = CARTESIAN_POINT('',(-43.775,-27.325,5.38));
#3965 = VECTOR('',#3966,1.);
#3966 = DIRECTION('',(0.,1.,0.));
#3967 = ORIENTED_EDGE('',*,*,#3968,.T.);
#3968 = EDGE_CURVE('',#3961,#3969,#3971,.T.);
#3969 = VERTEX_POINT('',#3970);
#3970 = CARTESIAN_POINT('',(-43.775,3.325,5.86));
#3971 = LINE('',#3972,#3973);
#3972 = CARTESIAN_POINT('',(-43.775,3.325,5.38));
#3973 = VECTOR('',#3974,1.);
#3974 = DIRECTION('',(0.,0.,1.));
#3975 = ORIENTED_EDGE('',*,*,#3976,.F.);
#3976 = EDGE_CURVE('',#3938,#3969,#3977,.T.);
#3977 = LINE('',#3978,#3979);
#3978 = CARTESIAN_POINT('',(-43.775,-27.325,5.86));
#3979 = VECTOR('',#3980,1.);
#3980 = DIRECTION('',(0.,1.,0.));
#3981 = PLANE('',#3982);
#3982 = AXIS2_PLACEMENT_3D('',#3983,#3984,#3985);
#3983 = CARTESIAN_POINT('',(-43.775,-27.325,5.38));
#3984 = DIRECTION('',(1.,0.,0.));
#3985 = DIRECTION('',(0.,0.,1.));
#3986 = ADVANCED_FACE('',(#3987),#4003,.T.);
#3987 = FACE_BOUND('',#3988,.T.);
#3988 = EDGE_LOOP('',(#3989,#3995,#3996,#4002));
#3989 = ORIENTED_EDGE('',*,*,#3990,.F.);
#3990 = EDGE_CURVE('',#3899,#3961,#3991,.T.);
#3991 = LINE('',#3992,#3993);
#3992 = CARTESIAN_POINT('',(-46.225,3.325,5.38));
#3993 = VECTOR('',#3994,1.);
#3994 = DIRECTION('',(1.,0.,0.));
#3995 = ORIENTED_EDGE('',*,*,#3906,.T.);
#3996 = ORIENTED_EDGE('',*,*,#3997,.T.);
#3997 = EDGE_CURVE('',#3907,#3969,#3998,.T.);
#3998 = LINE('',#3999,#4000);
#3999 = CARTESIAN_POINT('',(-46.225,3.325,5.86));
#4000 = VECTOR('',#4001,1.);
#4001 = DIRECTION('',(1.,0.,0.));
#4002 = ORIENTED_EDGE('',*,*,#3968,.F.);
#4003 = PLANE('',#4004);
#4004 = AXIS2_PLACEMENT_3D('',#4005,#4006,#4007);
#4005 = CARTESIAN_POINT('',(-46.225,3.325,5.38));
#4006 = DIRECTION('',(0.,1.,0.));
#4007 = DIRECTION('',(0.,0.,1.));
#4008 = ADVANCED_FACE('',(#4009),#4015,.F.);
#4009 = FACE_BOUND('',#4010,.F.);
#4010 = EDGE_LOOP('',(#4011,#4012,#4013,#4014));
#4011 = ORIENTED_EDGE('',*,*,#3898,.F.);
#4012 = ORIENTED_EDGE('',*,*,#3928,.T.);
#4013 = ORIENTED_EDGE('',*,*,#3960,.T.);
#4014 = ORIENTED_EDGE('',*,*,#3990,.F.);
#4015 = PLANE('',#4016);
#4016 = AXIS2_PLACEMENT_3D('',#4017,#4018,#4019);
#4017 = CARTESIAN_POINT('',(-46.225,-27.325,5.38));
#4018 = DIRECTION('',(0.,0.,1.));
#4019 = DIRECTION('',(1.,0.,0.));
#4020 = ADVANCED_FACE('',(#4021),#4027,.T.);
#4021 = FACE_BOUND('',#4022,.T.);
#4022 = EDGE_LOOP('',(#4023,#4024,#4025,#4026));
#4023 = ORIENTED_EDGE('',*,*,#3914,.F.);
#4024 = ORIENTED_EDGE('',*,*,#3937,.T.);
#4025 = ORIENTED_EDGE('',*,*,#3976,.T.);
#4026 = ORIENTED_EDGE('',*,*,#3997,.F.);
#4027 = PLANE('',#4028);
#4028 = AXIS2_PLACEMENT_3D('',#4029,#4030,#4031);
#4029 = CARTESIAN_POINT('',(-46.225,-27.325,5.86));
#4030 = DIRECTION('',(0.,0.,1.));
#4031 = DIRECTION('',(1.,0.,0.));
#4032 = ( GEOMETRIC_REPRESENTATION_CONTEXT(3) 
GLOBAL_UNCERTAINTY_ASSIGNED_CONTEXT((#4036)) 
GLOBAL_UNIT_ASSIGNED_CONTEXT((#4033,#4034,#4035)) REPRESENTATION_CONTEXT
('Context #1','3D Context with UNIT and UNCERTAINTY') );
#4033 = ( LENGTH_UNIT() NAMED_UNIT(*) SI_UNIT(.MILLI.,.METRE.) );
#4034 = ( NAMED_UNIT(*) PLANE_ANGLE_UNIT() SI_UNIT($,.RADIAN.) );
#4035 = ( NAMED_UNIT(*) SI_UNIT($,.STERADIAN.) SOLID_ANGLE_UNIT() );
#4036 = UNCERTAINTY_MEASURE_WITH_UNIT(LENGTH_MEASURE(1.E-07),#4033,
  'distance_accuracy_value','confusion accuracy');
#4037 = CONTEXT_DEPENDENT_SHAPE_REPRESENTATION(#4038,#4040);
#4038 = ( REPRESENTATION_RELATIONSHIP('','',#3881,#10) 
REPRESENTATION_RELATIONSHIP_WITH_TRANSFORMATION(#4039) 
SHAPE_REPRESENTATION_RELATIONSHIP() );
#4039 = ITEM_DEFINED_TRANSFORMATION('','',#11,#59);
#4040 = PRODUCT_DEFINITION_SHAPE('Placement','Placement of an item',
  #4041);
#4041 = NEXT_ASSEMBLY_USAGE_OCCURRENCE('229','','',#5,#3876,$);
#4042 = PRODUCT_RELATED_PRODUCT_CATEGORY('part',$,(#3878));
#4043 = SHAPE_DEFINITION_REPRESENTATION(#4044,#4050);
#4044 = PRODUCT_DEFINITION_SHAPE('','',#4045);
#4045 = PRODUCT_DEFINITION('design','',#4046,#4049);
#4046 = PRODUCT_DEFINITION_FORMATION('','',#4047);
#4047 = PRODUCT('Open CASCADE STEP translator 7.8 5.13',
  'Open CASCADE STEP translator 7.8 5.13','',(#4048));
#4048 = PRODUCT_CONTEXT('',#2,'mechanical');
#4049 = PRODUCT_DEFINITION_CONTEXT('part definition',#2,'design');
#4050 = ADVANCED_BREP_SHAPE_REPRESENTATION('',(#11,#4051),#4201);
#4051 = MANIFOLD_SOLID_BREP('',#4052);
#4052 = CLOSED_SHELL('',(#4053,#4093,#4124,#4155,#4177,#4189));
#4053 = ADVANCED_FACE('',(#4054),#4088,.F.);
#4054 = FACE_BOUND('',#4055,.F.);
#4055 = EDGE_LOOP('',(#4056,#4066,#4074,#4082));
#4056 = ORIENTED_EDGE('',*,*,#4057,.F.);
#4057 = EDGE_CURVE('',#4058,#4060,#4062,.T.);
#4058 = VERTEX_POINT('',#4059);
#4059 = CARTESIAN_POINT('',(43.775,-27.325,5.38));
#4060 = VERTEX_POINT('',#4061);
#4061 = CARTESIAN_POINT('',(43.775,-27.325,5.86));
#4062 = LINE('',#4063,#4064);
#4063 = CARTESIAN_POINT('',(43.775,-27.325,5.38));
#4064 = VECTOR('',#4065,1.);
#4065 = DIRECTION('',(0.,0.,1.));
#4066 = ORIENTED_EDGE('',*,*,#4067,.T.);
#4067 = EDGE_CURVE('',#4058,#4068,#4070,.T.);
#4068 = VERTEX_POINT('',#4069);
#4069 = CARTESIAN_POINT('',(43.775,3.325,5.38));
#4070 = LINE('',#4071,#4072);
#4071 = CARTESIAN_POINT('',(43.775,-27.325,5.38));
#4072 = VECTOR('',#4073,1.);
#4073 = DIRECTION('',(0.,1.,0.));
#4074 = ORIENTED_EDGE('',*,*,#4075,.T.);
#4075 = EDGE_CURVE('',#4068,#4076,#4078,.T.);
#4076 = VERTEX_POINT('',#4077);
#4077 = CARTESIAN_POINT('',(43.775,3.325,5.86));
#4078 = LINE('',#4079,#4080);
#4079 = CARTESIAN_POINT('',(43.775,3.325,5.38));
#4080 = VECTOR('',#4081,1.);
#4081 = DIRECTION('',(0.,0.,1.));
#4082 = ORIENTED_EDGE('',*,*,#4083,.F.);
#4083 = EDGE_CURVE('',#4060,#4076,#4084,.T.);
#4084 = LINE('',#4085,#4086);
#4085 = CARTESIAN_POINT('',(43.775,-27.325,5.86));
#4086 = VECTOR('',#4087,1.);
#4087 = DIRECTION('',(0.,1.,0.));
#4088 = PLANE('',#4089);
#4089 = AXIS2_PLACEMENT_3D('',#4090,#4091,#4092);
#4090 = CARTESIAN_POINT('',(43.775,-27.325,5.38));
#4091 = DIRECTION('',(1.,0.,0.));
#4092 = DIRECTION('',(0.,0.,1.));
#4093 = ADVANCED_FACE('',(#4094),#4119,.F.);
#4094 = FACE_BOUND('',#4095,.F.);
#4095 = EDGE_LOOP('',(#4096,#4104,#4105,#4113));
#4096 = ORIENTED_EDGE('',*,*,#4097,.F.);
#4097 = EDGE_CURVE('',#4058,#4098,#4100,.T.);
#4098 = VERTEX_POINT('',#4099);
#4099 = CARTESIAN_POINT('',(46.225,-27.325,5.38));
#4100 = LINE('',#4101,#4102);
#4101 = CARTESIAN_POINT('',(43.775,-27.325,5.38));
#4102 = VECTOR('',#4103,1.);
#4103 = DIRECTION('',(1.,0.,0.));
#4104 = ORIENTED_EDGE('',*,*,#4057,.T.);
#4105 = ORIENTED_EDGE('',*,*,#4106,.T.);
#4106 = EDGE_CURVE('',#4060,#4107,#4109,.T.);
#4107 = VERTEX_POINT('',#4108);
#4108 = CARTESIAN_POINT('',(46.225,-27.325,5.86));
#4109 = LINE('',#4110,#4111);
#4110 = CARTESIAN_POINT('',(43.775,-27.325,5.86));
#4111 = VECTOR('',#4112,1.);
#4112 = DIRECTION('',(1.,0.,0.));
#4113 = ORIENTED_EDGE('',*,*,#4114,.F.);
#4114 = EDGE_CURVE('',#4098,#4107,#4115,.T.);
#4115 = LINE('',#4116,#4117);
#4116 = CARTESIAN_POINT('',(46.225,-27.325,5.38));
#4117 = VECTOR('',#4118,1.);
#4118 = DIRECTION('',(0.,0.,1.));
#4119 = PLANE('',#4120);
#4120 = AXIS2_PLACEMENT_3D('',#4121,#4122,#4123);
#4121 = CARTESIAN_POINT('',(43.775,-27.325,5.38));
#4122 = DIRECTION('',(0.,1.,0.));
#4123 = DIRECTION('',(0.,0.,1.));
#4124 = ADVANCED_FACE('',(#4125),#4150,.T.);
#4125 = FACE_BOUND('',#4126,.T.);
#4126 = EDGE_LOOP('',(#4127,#4128,#4136,#4144));
#4127 = ORIENTED_EDGE('',*,*,#4114,.F.);
#4128 = ORIENTED_EDGE('',*,*,#4129,.T.);
#4129 = EDGE_CURVE('',#4098,#4130,#4132,.T.);
#4130 = VERTEX_POINT('',#4131);
#4131 = CARTESIAN_POINT('',(46.225,3.325,5.38));
#4132 = LINE('',#4133,#4134);
#4133 = CARTESIAN_POINT('',(46.225,-27.325,5.38));
#4134 = VECTOR('',#4135,1.);
#4135 = DIRECTION('',(0.,1.,0.));
#4136 = ORIENTED_EDGE('',*,*,#4137,.T.);
#4137 = EDGE_CURVE('',#4130,#4138,#4140,.T.);
#4138 = VERTEX_POINT('',#4139);
#4139 = CARTESIAN_POINT('',(46.225,3.325,5.86));
#4140 = LINE('',#4141,#4142);
#4141 = CARTESIAN_POINT('',(46.225,3.325,5.38));
#4142 = VECTOR('',#4143,1.);
#4143 = DIRECTION('',(0.,0.,1.));
#4144 = ORIENTED_EDGE('',*,*,#4145,.F.);
#4145 = EDGE_CURVE('',#4107,#4138,#4146,.T.);
#4146 = LINE('',#4147,#4148);
#4147 = CARTESIAN_POINT('',(46.225,-27.325,5.86));
#4148 = VECTOR('',#4149,1.);
#4149 = DIRECTION('',(0.,1.,0.));
#4150 = PLANE('',#4151);
#4151 = AXIS2_PLACEMENT_3D('',#4152,#4153,#4154);
#4152 = CARTESIAN_POINT('',(46.225,-27.325,5.38));
#4153 = DIRECTION('',(1.,0.,0.));
#4154 = DIRECTION('',(0.,0.,1.));
#4155 = ADVANCED_FACE('',(#4156),#4172,.T.);
#4156 = FACE_BOUND('',#4157,.T.);
#4157 = EDGE_LOOP('',(#4158,#4164,#4165,#4171));
#4158 = ORIENTED_EDGE('',*,*,#4159,.F.);
#4159 = EDGE_CURVE('',#4068,#4130,#4160,.T.);
#4160 = LINE('',#4161,#4162);
#4161 = CARTESIAN_POINT('',(43.775,3.325,5.38));
#4162 = VECTOR('',#4163,1.);
#4163 = DIRECTION('',(1.,0.,0.));
#4164 = ORIENTED_EDGE('',*,*,#4075,.T.);
#4165 = ORIENTED_EDGE('',*,*,#4166,.T.);
#4166 = EDGE_CURVE('',#4076,#4138,#4167,.T.);
#4167 = LINE('',#4168,#4169);
#4168 = CARTESIAN_POINT('',(43.775,3.325,5.86));
#4169 = VECTOR('',#4170,1.);
#4170 = DIRECTION('',(1.,0.,0.));
#4171 = ORIENTED_EDGE('',*,*,#4137,.F.);
#4172 = PLANE('',#4173);
#4173 = AXIS2_PLACEMENT_3D('',#4174,#4175,#4176);
#4174 = CARTESIAN_POINT('',(43.775,3.325,5.38));
#4175 = DIRECTION('',(0.,1.,0.));
#4176 = DIRECTION('',(0.,0.,1.));
#4177 = ADVANCED_FACE('',(#4178),#4184,.F.);
#4178 = FACE_BOUND('',#4179,.F.);
#4179 = EDGE_LOOP('',(#4180,#4181,#4182,#4183));
#4180 = ORIENTED_EDGE('',*,*,#4067,.F.);
#4181 = ORIENTED_EDGE('',*,*,#4097,.T.);
#4182 = ORIENTED_EDGE('',*,*,#4129,.T.);
#4183 = ORIENTED_EDGE('',*,*,#4159,.F.);
#4184 = PLANE('',#4185);
#4185 = AXIS2_PLACEMENT_3D('',#4186,#4187,#4188);
#4186 = CARTESIAN_POINT('',(43.775,-27.325,5.38));
#4187 = DIRECTION('',(0.,0.,1.));
#4188 = DIRECTION('',(1.,0.,0.));
#4189 = ADVANCED_FACE('',(#4190),#4196,.T.);
#4190 = FACE_BOUND('',#4191,.T.);
#4191 = EDGE_LOOP('',(#4192,#4193,#4194,#4195));
#4192 = ORIENTED_EDGE('',*,*,#4083,.F.);
#4193 = ORIENTED_EDGE('',*,*,#4106,.T.);
#4194 = ORIENTED_EDGE('',*,*,#4145,.T.);
#4195 = ORIENTED_EDGE('',*,*,#4166,.F.);
#4196 = PLANE('',#4197);
#4197 = AXIS2_PLACEMENT_3D('',#4198,#4199,#4200);
#4198 = CARTESIAN_POINT('',(43.775,-27.325,5.86));
#4199 = DIRECTION('',(0.,0.,1.));
#4200 = DIRECTION('',(1.,0.,0.));
#4201 = ( GEOMETRIC_REPRESENTATION_CONTEXT(3) 
GLOBAL_UNCERTAINTY_ASSIGNED_CONTEXT((#4205)) 
GLOBAL_UNIT_ASSIGNED_CONTEXT((#4202,#4203,#4204)) REPRESENTATION_CONTEXT
('Context #1','3D Context with UNIT and UNCERTAINTY') );
#4202 = ( LENGTH_UNIT() NAMED_UNIT(*) SI_UNIT(.MILLI.,.METRE.) );
#4203 = ( NAMED_UNIT(*) PLANE_ANGLE_UNIT() SI_UNIT($,.RADIAN.) );
#4204 = ( NAMED_UNIT(*) SI_UNIT($,.STERADIAN.) SOLID_ANGLE_UNIT() );
#4205 = UNCERTAINTY_MEASURE_WITH_UNIT(LENGTH_MEASURE(1.E-07),#4202,
  'distance_accuracy_value','confusion accuracy');
#4206 = CONTEXT_DEPENDENT_SHAPE_REPRESENTATION(#4207,#4209);
#4207 = ( REPRESENTATION_RELATIONSHIP('','',#4050,#10) 
REPRESENTATION_RELATIONSHIP_WITH_TRANSFORMATION(#4208) 
SHAPE_REPRESENTATION_RELATIONSHIP() );
#4208 = ITEM_DEFINED_TRANSFORMATION('','',#11,#63);
#4209 = PRODUCT_DEFINITION_SHAPE('Placement','Placement of an item',
  #4210);
#4210 = NEXT_ASSEMBLY_USAGE_OCCURRENCE('230','','',#5,#4045,$);
#4211 = PRODUCT_RELATED_PRODUCT_CATEGORY('part',$,(#4047));
#4212 = SHAPE_DEFINITION_REPRESENTATION(#4213,#4219);
#4213 = PRODUCT_DEFINITION_SHAPE('','',#4214);
#4214 = PRODUCT_DEFINITION('design','',#4215,#4218);
#4215 = PRODUCT_DEFINITION_FORMATION('','',#4216);
#4216 = PRODUCT('Open CASCADE STEP translator 7.8 5.14',
  'Open CASCADE STEP translator 7.8 5.14','',(#4217));
#4217 = PRODUCT_CONTEXT('',#2,'mechanical');
#4218 = PRODUCT_DEFINITION_CONTEXT('part definition',#2,'design');
#4219 = ADVANCED_BREP_SHAPE_REPRESENTATION('',(#11,#4220),#4370);
#4220 = MANIFOLD_SOLID_BREP('',#4221);
#4221 = CLOSED_SHELL('',(#4222,#4262,#4293,#4324,#4346,#4358));
#4222 = ADVANCED_FACE('',(#4223),#4257,.F.);
#4223 = FACE_BOUND('',#4224,.F.);
#4224 = EDGE_LOOP('',(#4225,#4235,#4243,#4251));
#4225 = ORIENTED_EDGE('',*,*,#4226,.F.);
#4226 = EDGE_CURVE('',#4227,#4229,#4231,.T.);
#4227 = VERTEX_POINT('',#4228);
#4228 = CARTESIAN_POINT('',(-44.225,13.175,5.38));
#4229 = VERTEX_POINT('',#4230);
#4230 = CARTESIAN_POINT('',(-44.225,13.175,5.86));
#4231 = LINE('',#4232,#4233);
#4232 = CARTESIAN_POINT('',(-44.225,13.175,5.38));
#4233 = VECTOR('',#4234,1.);
#4234 = DIRECTION('',(0.,0.,1.));
#4235 = ORIENTED_EDGE('',*,*,#4236,.T.);
#4236 = EDGE_CURVE('',#4227,#4237,#4239,.T.);
#4237 = VERTEX_POINT('',#4238);
#4238 = CARTESIAN_POINT('',(-44.225,30.825,5.38));
#4239 = LINE('',#4240,#4241);
#4240 = CARTESIAN_POINT('',(-44.225,13.175,5.38));
#4241 = VECTOR('',#4242,1.);
#4242 = DIRECTION('',(0.,1.,0.));
#4243 = ORIENTED_EDGE('',*,*,#4244,.T.);
#4244 = EDGE_CURVE('',#4237,#4245,#4247,.T.);
#4245 = VERTEX_POINT('',#4246);
#4246 = CARTESIAN_POINT('',(-44.225,30.825,5.86));
#4247 = LINE('',#4248,#4249);
#4248 = CARTESIAN_POINT('',(-44.225,30.825,5.38));
#4249 = VECTOR('',#4250,1.);
#4250 = DIRECTION('',(0.,0.,1.));
#4251 = ORIENTED_EDGE('',*,*,#4252,.F.);
#4252 = EDGE_CURVE('',#4229,#4245,#4253,.T.);
#4253 = LINE('',#4254,#4255);
#4254 = CARTESIAN_POINT('',(-44.225,13.175,5.86));
#4255 = VECTOR('',#4256,1.);
#4256 = DIRECTION('',(0.,1.,0.));
#4257 = PLANE('',#4258);
#4258 = AXIS2_PLACEMENT_3D('',#4259,#4260,#4261);
#4259 = CARTESIAN_POINT('',(-44.225,13.175,5.38));
#4260 = DIRECTION('',(1.,0.,0.));
#4261 = DIRECTION('',(0.,0.,1.));
#4262 = ADVANCED_FACE('',(#4263),#4288,.F.);
#4263 = FACE_BOUND('',#4264,.F.);
#4264 = EDGE_LOOP('',(#4265,#4273,#4274,#4282));
#4265 = ORIENTED_EDGE('',*,*,#4266,.F.);
#4266 = EDGE_CURVE('',#4227,#4267,#4269,.T.);
#4267 = VERTEX_POINT('',#4268);
#4268 = CARTESIAN_POINT('',(-41.775,13.175,5.38));
#4269 = LINE('',#4270,#4271);
#4270 = CARTESIAN_POINT('',(-44.225,13.175,5.38));
#4271 = VECTOR('',#4272,1.);
#4272 = DIRECTION('',(1.,0.,0.));
#4273 = ORIENTED_EDGE('',*,*,#4226,.T.);
#4274 = ORIENTED_EDGE('',*,*,#4275,.T.);
#4275 = EDGE_CURVE('',#4229,#4276,#4278,.T.);
#4276 = VERTEX_POINT('',#4277);
#4277 = CARTESIAN_POINT('',(-41.775,13.175,5.86));
#4278 = LINE('',#4279,#4280);
#4279 = CARTESIAN_POINT('',(-44.225,13.175,5.86));
#4280 = VECTOR('',#4281,1.);
#4281 = DIRECTION('',(1.,0.,0.));
#4282 = ORIENTED_EDGE('',*,*,#4283,.F.);
#4283 = EDGE_CURVE('',#4267,#4276,#4284,.T.);
#4284 = LINE('',#4285,#4286);
#4285 = CARTESIAN_POINT('',(-41.775,13.175,5.38));
#4286 = VECTOR('',#4287,1.);
#4287 = DIRECTION('',(0.,0.,1.));
#4288 = PLANE('',#4289);
#4289 = AXIS2_PLACEMENT_3D('',#4290,#4291,#4292);
#4290 = CARTESIAN_POINT('',(-44.225,13.175,5.38));
#4291 = DIRECTION('',(0.,1.,0.));
#4292 = DIRECTION('',(0.,0.,1.));
#4293 = ADVANCED_FACE('',(#4294),#4319,.T.);
#4294 = FACE_BOUND('',#4295,.T.);
#4295 = EDGE_LOOP('',(#4296,#4297,#4305,#4313));
#4296 = ORIENTED_EDGE('',*,*,#4283,.F.);
#4297 = ORIENTED_EDGE('',*,*,#4298,.T.);
#4298 = EDGE_CURVE('',#4267,#4299,#4301,.T.);
#4299 = VERTEX_POINT('',#4300);
#4300 = CARTESIAN_POINT('',(-41.775,30.825,5.38));
#4301 = LINE('',#4302,#4303);
#4302 = CARTESIAN_POINT('',(-41.775,13.175,5.38));
#4303 = VECTOR('',#4304,1.);
#4304 = DIRECTION('',(0.,1.,0.));
#4305 = ORIENTED_EDGE('',*,*,#4306,.T.);
#4306 = EDGE_CURVE('',#4299,#4307,#4309,.T.);
#4307 = VERTEX_POINT('',#4308);
#4308 = CARTESIAN_POINT('',(-41.775,30.825,5.86));
#4309 = LINE('',#4310,#4311);
#4310 = CARTESIAN_POINT('',(-41.775,30.825,5.38));
#4311 = VECTOR('',#4312,1.);
#4312 = DIRECTION('',(0.,0.,1.));
#4313 = ORIENTED_EDGE('',*,*,#4314,.F.);
#4314 = EDGE_CURVE('',#4276,#4307,#4315,.T.);
#4315 = LINE('',#4316,#4317);
#4316 = CARTESIAN_POINT('',(-41.775,13.175,5.86));
#4317 = VECTOR('',#4318,1.);
#4318 = DIRECTION('',(0.,1.,0.));
#4319 = PLANE('',#4320);
#4320 = AXIS2_PLACEMENT_3D('',#4321,#4322,#4323);
#4321 = CARTESIAN_POINT('',(-41.775,13.175,5.38));
#4322 = DIRECTION('',(1.,0.,0.));
#4323 = DIRECTION('',(0.,0.,1.));
#4324 = ADVANCED_FACE('',(#4325),#4341,.T.);
#4325 = FACE_BOUND('',#4326,.T.);
#4326 = EDGE_LOOP('',(#4327,#4333,#4334,#4340));
#4327 = ORIENTED_EDGE('',*,*,#4328,.F.);
#4328 = EDGE_CURVE('',#4237,#4299,#4329,.T.);
#4329 = LINE('',#4330,#4331);
#4330 = CARTESIAN_POINT('',(-44.225,30.825,5.38));
#4331 = VECTOR('',#4332,1.);
#4332 = DIRECTION('',(1.,0.,0.));
#4333 = ORIENTED_EDGE('',*,*,#4244,.T.);
#4334 = ORIENTED_EDGE('',*,*,#4335,.T.);
#4335 = EDGE_CURVE('',#4245,#4307,#4336,.T.);
#4336 = LINE('',#4337,#4338);
#4337 = CARTESIAN_POINT('',(-44.225,30.825,5.86));
#4338 = VECTOR('',#4339,1.);
#4339 = DIRECTION('',(1.,0.,0.));
#4340 = ORIENTED_EDGE('',*,*,#4306,.F.);
#4341 = PLANE('',#4342);
#4342 = AXIS2_PLACEMENT_3D('',#4343,#4344,#4345);
#4343 = CARTESIAN_POINT('',(-44.225,30.825,5.38));
#4344 = DIRECTION('',(0.,1.,0.));
#4345 = DIRECTION('',(0.,0.,1.));
#4346 = ADVANCED_FACE('',(#4347),#4353,.F.);
#4347 = FACE_BOUND('',#4348,.F.);
#4348 = EDGE_LOOP('',(#4349,#4350,#4351,#4352));
#4349 = ORIENTED_EDGE('',*,*,#4236,.F.);
#4350 = ORIENTED_EDGE('',*,*,#4266,.T.);
#4351 = ORIENTED_EDGE('',*,*,#4298,.T.);
#4352 = ORIENTED_EDGE('',*,*,#4328,.F.);
#4353 = PLANE('',#4354);
#4354 = AXIS2_PLACEMENT_3D('',#4355,#4356,#4357);
#4355 = CARTESIAN_POINT('',(-44.225,13.175,5.38));
#4356 = DIRECTION('',(0.,0.,1.));
#4357 = DIRECTION('',(1.,0.,0.));
#4358 = ADVANCED_FACE('',(#4359),#4365,.T.);
#4359 = FACE_BOUND('',#4360,.T.);
#4360 = EDGE_LOOP('',(#4361,#4362,#4363,#4364));
#4361 = ORIENTED_EDGE('',*,*,#4252,.F.);
#4362 = ORIENTED_EDGE('',*,*,#4275,.T.);
#4363 = ORIENTED_EDGE('',*,*,#4314,.T.);
#4364 = ORIENTED_EDGE('',*,*,#4335,.F.);
#4365 = PLANE('',#4366);
#4366 = AXIS2_PLACEMENT_3D('',#4367,#4368,#4369);
#4367 = CARTESIAN_POINT('',(-44.225,13.175,5.86));
#4368 = DIRECTION('',(0.,0.,1.));
#4369 = DIRECTION('',(1.,0.,0.));
#4370 = ( GEOMETRIC_REPRESENTATION_CONTEXT(3) 
GLOBAL_UNCERTAINTY_ASSIGNED_CONTEXT((#4374)) 
GLOBAL_UNIT_ASSIGNED_CONTEXT((#4371,#4372,#4373)) REPRESENTATION_CONTEXT
('Context #1','3D Context with UNIT and UNCERTAINTY') );
#4371 = ( LENGTH_UNIT() NAMED_UNIT(*) SI_UNIT(.MILLI.,.METRE.) );
#4372 = ( NAMED_UNIT(*) PLANE_ANGLE_UNIT() SI_UNIT($,.RADIAN.) );
#4373 = ( NAMED_UNIT(*) SI_UNIT($,.STERADIAN.) SOLID_ANGLE_UNIT() );
#4374 = UNCERTAINTY_MEASURE_WITH_UNIT(LENGTH_MEASURE(1.E-07),#4371,
  'distance_accuracy_value','confusion accuracy');
#4375 = CONTEXT_DEPENDENT_SHAPE_REPRESENTATION(#4376,#4378);
#4376 = ( REPRESENTATION_RELATIONSHIP('','',#4219,#10) 
REPRESENTATION_RELATIONSHIP_WITH_TRANSFORMATION(#4377) 
SHAPE_REPRESENTATION_RELATIONSHIP() );
#4377 = ITEM_DEFINED_TRANSFORMATION('','',#11,#67);
#4378 = PRODUCT_DEFINITION_SHAPE('Placement','Placement of an item',
  #4379);
#4379 = NEXT_ASSEMBLY_USAGE_OCCURRENCE('231','','',#5,#4214,$);
#4380 = PRODUCT_RELATED_PRODUCT_CATEGORY('part',$,(#4216));
#4381 = SHAPE_DEFINITION_REPRESENTATION(#4382,#4388);
#4382 = PRODUCT_DEFINITION_SHAPE('','',#4383);
#4383 = PRODUCT_DEFINITION('design','',#4384,#4387);
#4384 = PRODUCT_DEFINITION_FORMATION('','',#4385);
#4385 = PRODUCT('Open CASCADE STEP translator 7.8 5.15',
  'Open CASCADE STEP translator 7.8 5.15','',(#4386));
#4386 = PRODUCT_CONTEXT('',#2,'mechanical');
#4387 = PRODUCT_DEFINITION_CONTEXT('part definition',#2,'design');
#4388 = ADVANCED_BREP_SHAPE_REPRESENTATION('',(#11,#4389),#4539);
#4389 = MANIFOLD_SOLID_BREP('',#4390);
#4390 = CLOSED_SHELL('',(#4391,#4431,#4462,#4493,#4515,#4527));
#4391 = ADVANCED_FACE('',(#4392),#4426,.F.);
#4392 = FACE_BOUND('',#4393,.F.);
#4393 = EDGE_LOOP('',(#4394,#4404,#4412,#4420));
#4394 = ORIENTED_EDGE('',*,*,#4395,.F.);
#4395 = EDGE_CURVE('',#4396,#4398,#4400,.T.);
#4396 = VERTEX_POINT('',#4397);
#4397 = CARTESIAN_POINT('',(41.775,13.175,5.38));
#4398 = VERTEX_POINT('',#4399);
#4399 = CARTESIAN_POINT('',(41.775,13.175,5.86));
#4400 = LINE('',#4401,#4402);
#4401 = CARTESIAN_POINT('',(41.775,13.175,5.38));
#4402 = VECTOR('',#4403,1.);
#4403 = DIRECTION('',(0.,0.,1.));
#4404 = ORIENTED_EDGE('',*,*,#4405,.T.);
#4405 = EDGE_CURVE('',#4396,#4406,#4408,.T.);
#4406 = VERTEX_POINT('',#4407);
#4407 = CARTESIAN_POINT('',(41.775,30.825,5.38));
#4408 = LINE('',#4409,#4410);
#4409 = CARTESIAN_POINT('',(41.775,13.175,5.38));
#4410 = VECTOR('',#4411,1.);
#4411 = DIRECTION('',(0.,1.,0.));
#4412 = ORIENTED_EDGE('',*,*,#4413,.T.);
#4413 = EDGE_CURVE('',#4406,#4414,#4416,.T.);
#4414 = VERTEX_POINT('',#4415);
#4415 = CARTESIAN_POINT('',(41.775,30.825,5.86));
#4416 = LINE('',#4417,#4418);
#4417 = CARTESIAN_POINT('',(41.775,30.825,5.38));
#4418 = VECTOR('',#4419,1.);
#4419 = DIRECTION('',(0.,0.,1.));
#4420 = ORIENTED_EDGE('',*,*,#4421,.F.);
#4421 = EDGE_CURVE('',#4398,#4414,#4422,.T.);
#4422 = LINE('',#4423,#4424);
#4423 = CARTESIAN_POINT('',(41.775,13.175,5.86));
#4424 = VECTOR('',#4425,1.);
#4425 = DIRECTION('',(0.,1.,0.));
#4426 = PLANE('',#4427);
#4427 = AXIS2_PLACEMENT_3D('',#4428,#4429,#4430);
#4428 = CARTESIAN_POINT('',(41.775,13.175,5.38));
#4429 = DIRECTION('',(1.,0.,0.));
#4430 = DIRECTION('',(0.,0.,1.));
#4431 = ADVANCED_FACE('',(#4432),#4457,.F.);
#4432 = FACE_BOUND('',#4433,.F.);
#4433 = EDGE_LOOP('',(#4434,#4442,#4443,#4451));
#4434 = ORIENTED_EDGE('',*,*,#4435,.F.);
#4435 = EDGE_CURVE('',#4396,#4436,#4438,.T.);
#4436 = VERTEX_POINT('',#4437);
#4437 = CARTESIAN_POINT('',(44.225,13.175,5.38));
#4438 = LINE('',#4439,#4440);
#4439 = CARTESIAN_POINT('',(41.775,13.175,5.38));
#4440 = VECTOR('',#4441,1.);
#4441 = DIRECTION('',(1.,0.,0.));
#4442 = ORIENTED_EDGE('',*,*,#4395,.T.);
#4443 = ORIENTED_EDGE('',*,*,#4444,.T.);
#4444 = EDGE_CURVE('',#4398,#4445,#4447,.T.);
#4445 = VERTEX_POINT('',#4446);
#4446 = CARTESIAN_POINT('',(44.225,13.175,5.86));
#4447 = LINE('',#4448,#4449);
#4448 = CARTESIAN_POINT('',(41.775,13.175,5.86));
#4449 = VECTOR('',#4450,1.);
#4450 = DIRECTION('',(1.,0.,0.));
#4451 = ORIENTED_EDGE('',*,*,#4452,.F.);
#4452 = EDGE_CURVE('',#4436,#4445,#4453,.T.);
#4453 = LINE('',#4454,#4455);
#4454 = CARTESIAN_POINT('',(44.225,13.175,5.38));
#4455 = VECTOR('',#4456,1.);
#4456 = DIRECTION('',(0.,0.,1.));
#4457 = PLANE('',#4458);
#4458 = AXIS2_PLACEMENT_3D('',#4459,#4460,#4461);
#4459 = CARTESIAN_POINT('',(41.775,13.175,5.38));
#4460 = DIRECTION('',(0.,1.,0.));
#4461 = DIRECTION('',(0.,0.,1.));
#4462 = ADVANCED_FACE('',(#4463),#4488,.T.);
#4463 = FACE_BOUND('',#4464,.T.);
#4464 = EDGE_LOOP('',(#4465,#4466,#4474,#4482));
#4465 = ORIENTED_EDGE('',*,*,#4452,.F.);
#4466 = ORIENTED_EDGE('',*,*,#4467,.T.);
#4467 = EDGE_CURVE('',#4436,#4468,#4470,.T.);
#4468 = VERTEX_POINT('',#4469);
#4469 = CARTESIAN_POINT('',(44.225,30.825,5.38));
#4470 = LINE('',#4471,#4472);
#4471 = CARTESIAN_POINT('',(44.225,13.175,5.38));
#4472 = VECTOR('',#4473,1.);
#4473 = DIRECTION('',(0.,1.,0.));
#4474 = ORIENTED_EDGE('',*,*,#4475,.T.);
#4475 = EDGE_CURVE('',#4468,#4476,#4478,.T.);
#4476 = VERTEX_POINT('',#4477);
#4477 = CARTESIAN_POINT('',(44.225,30.825,5.86));
#4478 = LINE('',#4479,#4480);
#4479 = CARTESIAN_POINT('',(44.225,30.825,5.38));
#4480 = VECTOR('',#4481,1.);
#4481 = DIRECTION('',(0.,0.,1.));
#4482 = ORIENTED_EDGE('',*,*,#4483,.F.);
#4483 = EDGE_CURVE('',#4445,#4476,#4484,.T.);
#4484 = LINE('',#4485,#4486);
#4485 = CARTESIAN_POINT('',(44.225,13.175,5.86));
#4486 = VECTOR('',#4487,1.);
#4487 = DIRECTION('',(0.,1.,0.));
#4488 = PLANE('',#4489);
#4489 = AXIS2_PLACEMENT_3D('',#4490,#4491,#4492);
#4490 = CARTESIAN_POINT('',(44.225,13.175,5.38));
#4491 = DIRECTION('',(1.,0.,0.));
#4492 = DIRECTION('',(0.,0.,1.));
#4493 = ADVANCED_FACE('',(#4494),#4510,.T.);
#4494 = FACE_BOUND('',#4495,.T.);
#4495 = EDGE_LOOP('',(#4496,#4502,#4503,#4509));
#4496 = ORIENTED_EDGE('',*,*,#4497,.F.);
#4497 = EDGE_CURVE('',#4406,#4468,#4498,.T.);
#4498 = LINE('',#4499,#4500);
#4499 = CARTESIAN_POINT('',(41.775,30.825,5.38));
#4500 = VECTOR('',#4501,1.);
#4501 = DIRECTION('',(1.,0.,0.));
#4502 = ORIENTED_EDGE('',*,*,#4413,.T.);
#4503 = ORIENTED_EDGE('',*,*,#4504,.T.);
#4504 = EDGE_CURVE('',#4414,#4476,#4505,.T.);
#4505 = LINE('',#4506,#4507);
#4506 = CARTESIAN_POINT('',(41.775,30.825,5.86));
#4507 = VECTOR('',#4508,1.);
#4508 = DIRECTION('',(1.,0.,0.));
#4509 = ORIENTED_EDGE('',*,*,#4475,.F.);
#4510 = PLANE('',#4511);
#4511 = AXIS2_PLACEMENT_3D('',#4512,#4513,#4514);
#4512 = CARTESIAN_POINT('',(41.775,30.825,5.38));
#4513 = DIRECTION('',(0.,1.,0.));
#4514 = DIRECTION('',(0.,0.,1.));
#4515 = ADVANCED_FACE('',(#4516),#4522,.F.);
#4516 = FACE_BOUND('',#4517,.F.);
#4517 = EDGE_LOOP('',(#4518,#4519,#4520,#4521));
#4518 = ORIENTED_EDGE('',*,*,#4405,.F.);
#4519 = ORIENTED_EDGE('',*,*,#4435,.T.);
#4520 = ORIENTED_EDGE('',*,*,#4467,.T.);
#4521 = ORIENTED_EDGE('',*,*,#4497,.F.);
#4522 = PLANE('',#4523);
#4523 = AXIS2_PLACEMENT_3D('',#4524,#4525,#4526);
#4524 = CARTESIAN_POINT('',(41.775,13.175,5.38));
#4525 = DIRECTION('',(0.,0.,1.));
#4526 = DIRECTION('',(1.,0.,0.));
#4527 = ADVANCED_FACE('',(#4528),#4534,.T.);
#4528 = FACE_BOUND('',#4529,.T.);
#4529 = EDGE_LOOP('',(#4530,#4531,#4532,#4533));
#4530 = ORIENTED_EDGE('',*,*,#4421,.F.);
#4531 = ORIENTED_EDGE('',*,*,#4444,.T.);
#4532 = ORIENTED_EDGE('',*,*,#4483,.T.);
#4533 = ORIENTED_EDGE('',*,*,#4504,.F.);
#4534 = PLANE('',#4535);
#4535 = AXIS2_PLACEMENT_3D('',#4536,#4537,#4538);
#4536 = CARTESIAN_POINT('',(41.775,13.175,5.86));
#4537 = DIRECTION('',(0.,0.,1.));
#4538 = DIRECTION('',(1.,0.,0.));
#4539 = ( GEOMETRIC_REPRESENTATION_CONTEXT(3) 
GLOBAL_UNCERTAINTY_ASSIGNED_CONTEXT((#4543)) 
GLOBAL_UNIT_ASSIGNED_CONTEXT((#4540,#4541,#4542)) REPRESENTATION_CONTEXT
('Context #1','3D Context with UNIT and UNCERTAINTY') );
#4540 = ( LENGTH_UNIT() NAMED_UNIT(*) SI_UNIT(.MILLI.,.METRE.) );
#4541 = ( NAMED_UNIT(*) PLANE_ANGLE_UNIT() SI_UNIT($,.RADIAN.) );
#4542 = ( NAMED_UNIT(*) SI_UNIT($,.STERADIAN.) SOLID_ANGLE_UNIT() );
#4543 = UNCERTAINTY_MEASURE_WITH_UNIT(LENGTH_MEASURE(1.E-07),#4540,
  'distance_accuracy_value','confusion accuracy');
#4544 = CONTEXT_DEPENDENT_SHAPE_REPRESENTATION(#4545,#4547);
#4545 = ( REPRESENTATION_RELATIONSHIP('','',#4388,#10) 
REPRESENTATION_RELATIONSHIP_WITH_TRANSFORMATION(#4546) 
SHAPE_REPRESENTATION_RELATIONSHIP() );
#4546 = ITEM_DEFINED_TRANSFORMATION('','',#11,#71);
#4547 = PRODUCT_DEFINITION_SHAPE('Placement','Placement of an item',
  #4548);
#4548 = NEXT_ASSEMBLY_USAGE_OCCURRENCE('232','','',#5,#4383,$);
#4549 = PRODUCT_RELATED_PRODUCT_CATEGORY('part',$,(#4385));
#4550 = SHAPE_DEFINITION_REPRESENTATION(#4551,#4557);
#4551 = PRODUCT_DEFINITION_SHAPE('','',#4552);
#4552 = PRODUCT_DEFINITION('design','',#4553,#4556);
#4553 = PRODUCT_DEFINITION_FORMATION('','',#4554);
#4554 = PRODUCT('Open CASCADE STEP translator 7.8 5.16',
  'Open CASCADE STEP translator 7.8 5.16','',(#4555));
#4555 = PRODUCT_CONTEXT('',#2,'mechanical');
#4556 = PRODUCT_DEFINITION_CONTEXT('part definition',#2,'design');
#4557 = ADVANCED_BREP_SHAPE_REPRESENTATION('',(#11,#4558),#4708);
#4558 = MANIFOLD_SOLID_BREP('',#4559);
#4559 = CLOSED_SHELL('',(#4560,#4600,#4631,#4662,#4684,#4696));
#4560 = ADVANCED_FACE('',(#4561),#4595,.F.);
#4561 = FACE_BOUND('',#4562,.F.);
#4562 = EDGE_LOOP('',(#4563,#4573,#4581,#4589));
#4563 = ORIENTED_EDGE('',*,*,#4564,.F.);
#4564 = EDGE_CURVE('',#4565,#4567,#4569,.T.);
#4565 = VERTEX_POINT('',#4566);
#4566 = CARTESIAN_POINT('',(-35.325,-53.125,5.38));
#4567 = VERTEX_POINT('',#4568);
#4568 = CARTESIAN_POINT('',(-35.325,-53.125,5.86));
#4569 = LINE('',#4570,#4571);
#4570 = CARTESIAN_POINT('',(-35.325,-53.125,5.38));
#4571 = VECTOR('',#4572,1.);
#4572 = DIRECTION('',(0.,0.,1.));
#4573 = ORIENTED_EDGE('',*,*,#4574,.T.);
#4574 = EDGE_CURVE('',#4565,#4575,#4577,.T.);
#4575 = VERTEX_POINT('',#4576);
#4576 = CARTESIAN_POINT('',(-35.325,-50.875,5.38));
#4577 = LINE('',#4578,#4579);
#4578 = CARTESIAN_POINT('',(-35.325,-53.125,5.38));
#4579 = VECTOR('',#4580,1.);
#4580 = DIRECTION('',(0.,1.,0.));
#4581 = ORIENTED_EDGE('',*,*,#4582,.T.);
#4582 = EDGE_CURVE('',#4575,#4583,#4585,.T.);
#4583 = VERTEX_POINT('',#4584);
#4584 = CARTESIAN_POINT('',(-35.325,-50.875,5.86));
#4585 = LINE('',#4586,#4587);
#4586 = CARTESIAN_POINT('',(-35.325,-50.875,5.38));
#4587 = VECTOR('',#4588,1.);
#4588 = DIRECTION('',(0.,0.,1.));
#4589 = ORIENTED_EDGE('',*,*,#4590,.F.);
#4590 = EDGE_CURVE('',#4567,#4583,#4591,.T.);
#4591 = LINE('',#4592,#4593);
#4592 = CARTESIAN_POINT('',(-35.325,-53.125,5.86));
#4593 = VECTOR('',#4594,1.);
#4594 = DIRECTION('',(0.,1.,0.));
#4595 = PLANE('',#4596);
#4596 = AXIS2_PLACEMENT_3D('',#4597,#4598,#4599);
#4597 = CARTESIAN_POINT('',(-35.325,-53.125,5.38));
#4598 = DIRECTION('',(1.,0.,0.));
#4599 = DIRECTION('',(0.,0.,1.));
#4600 = ADVANCED_FACE('',(#4601),#4626,.F.);
#4601 = FACE_BOUND('',#4602,.F.);
#4602 = EDGE_LOOP('',(#4603,#4611,#4612,#4620));
#4603 = ORIENTED_EDGE('',*,*,#4604,.F.);
#4604 = EDGE_CURVE('',#4565,#4605,#4607,.T.);
#4605 = VERTEX_POINT('',#4606);
#4606 = CARTESIAN_POINT('',(-20.675,-53.125,5.38));
#4607 = LINE('',#4608,#4609);
#4608 = CARTESIAN_POINT('',(-35.325,-53.125,5.38));
#4609 = VECTOR('',#4610,1.);
#4610 = DIRECTION('',(1.,0.,0.));
#4611 = ORIENTED_EDGE('',*,*,#4564,.T.);
#4612 = ORIENTED_EDGE('',*,*,#4613,.T.);
#4613 = EDGE_CURVE('',#4567,#4614,#4616,.T.);
#4614 = VERTEX_POINT('',#4615);
#4615 = CARTESIAN_POINT('',(-20.675,-53.125,5.86));
#4616 = LINE('',#4617,#4618);
#4617 = CARTESIAN_POINT('',(-35.325,-53.125,5.86));
#4618 = VECTOR('',#4619,1.);
#4619 = DIRECTION('',(1.,0.,0.));
#4620 = ORIENTED_EDGE('',*,*,#4621,.F.);
#4621 = EDGE_CURVE('',#4605,#4614,#4622,.T.);
#4622 = LINE('',#4623,#4624);
#4623 = CARTESIAN_POINT('',(-20.675,-53.125,5.38));
#4624 = VECTOR('',#4625,1.);
#4625 = DIRECTION('',(0.,0.,1.));
#4626 = PLANE('',#4627);
#4627 = AXIS2_PLACEMENT_3D('',#4628,#4629,#4630);
#4628 = CARTESIAN_POINT('',(-35.325,-53.125,5.38));
#4629 = DIRECTION('',(0.,1.,0.));
#4630 = DIRECTION('',(0.,0.,1.));
#4631 = ADVANCED_FACE('',(#4632),#4657,.T.);
#4632 = FACE_BOUND('',#4633,.T.);
#4633 = EDGE_LOOP('',(#4634,#4635,#4643,#4651));
#4634 = ORIENTED_EDGE('',*,*,#4621,.F.);
#4635 = ORIENTED_EDGE('',*,*,#4636,.T.);
#4636 = EDGE_CURVE('',#4605,#4637,#4639,.T.);
#4637 = VERTEX_POINT('',#4638);
#4638 = CARTESIAN_POINT('',(-20.675,-50.875,5.38));
#4639 = LINE('',#4640,#4641);
#4640 = CARTESIAN_POINT('',(-20.675,-53.125,5.38));
#4641 = VECTOR('',#4642,1.);
#4642 = DIRECTION('',(0.,1.,0.));
#4643 = ORIENTED_EDGE('',*,*,#4644,.T.);
#4644 = EDGE_CURVE('',#4637,#4645,#4647,.T.);
#4645 = VERTEX_POINT('',#4646);
#4646 = CARTESIAN_POINT('',(-20.675,-50.875,5.86));
#4647 = LINE('',#4648,#4649);
#4648 = CARTESIAN_POINT('',(-20.675,-50.875,5.38));
#4649 = VECTOR('',#4650,1.);
#4650 = DIRECTION('',(0.,0.,1.));
#4651 = ORIENTED_EDGE('',*,*,#4652,.F.);
#4652 = EDGE_CURVE('',#4614,#4645,#4653,.T.);
#4653 = LINE('',#4654,#4655);
#4654 = CARTESIAN_POINT('',(-20.675,-53.125,5.86));
#4655 = VECTOR('',#4656,1.);
#4656 = DIRECTION('',(0.,1.,0.));
#4657 = PLANE('',#4658);
#4658 = AXIS2_PLACEMENT_3D('',#4659,#4660,#4661);
#4659 = CARTESIAN_POINT('',(-20.675,-53.125,5.38));
#4660 = DIRECTION('',(1.,0.,0.));
#4661 = DIRECTION('',(0.,0.,1.));
#4662 = ADVANCED_FACE('',(#4663),#4679,.T.);
#4663 = FACE_BOUND('',#4664,.T.);
#4664 = EDGE_LOOP('',(#4665,#4671,#4672,#4678));
#4665 = ORIENTED_EDGE('',*,*,#4666,.F.);
#4666 = EDGE_CURVE('',#4575,#4637,#4667,.T.);
#4667 = LINE('',#4668,#4669);
#4668 = CARTESIAN_POINT('',(-35.325,-50.875,5.38));
#4669 = VECTOR('',#4670,1.);
#4670 = DIRECTION('',(1.,0.,0.));
#4671 = ORIENTED_EDGE('',*,*,#4582,.T.);
#4672 = ORIENTED_EDGE('',*,*,#4673,.T.);
#4673 = EDGE_CURVE('',#4583,#4645,#4674,.T.);
#4674 = LINE('',#4675,#4676);
#4675 = CARTESIAN_POINT('',(-35.325,-50.875,5.86));
#4676 = VECTOR('',#4677,1.);
#4677 = DIRECTION('',(1.,0.,0.));
#4678 = ORIENTED_EDGE('',*,*,#4644,.F.);
#4679 = PLANE('',#4680);
#4680 = AXIS2_PLACEMENT_3D('',#4681,#4682,#4683);
#4681 = CARTESIAN_POINT('',(-35.325,-50.875,5.38));
#4682 = DIRECTION('',(0.,1.,0.));
#4683 = DIRECTION('',(0.,0.,1.));
#4684 = ADVANCED_FACE('',(#4685),#4691,.F.);
#4685 = FACE_BOUND('',#4686,.F.);
#4686 = EDGE_LOOP('',(#4687,#4688,#4689,#4690));
#4687 = ORIENTED_EDGE('',*,*,#4574,.F.);
#4688 = ORIENTED_EDGE('',*,*,#4604,.T.);
#4689 = ORIENTED_EDGE('',*,*,#4636,.T.);
#4690 = ORIENTED_EDGE('',*,*,#4666,.F.);
#4691 = PLANE('',#4692);
#4692 = AXIS2_PLACEMENT_3D('',#4693,#4694,#4695);
#4693 = CARTESIAN_POINT('',(-35.325,-53.125,5.38));
#4694 = DIRECTION('',(0.,0.,1.));
#4695 = DIRECTION('',(1.,0.,0.));
#4696 = ADVANCED_FACE('',(#4697),#4703,.T.);
#4697 = FACE_BOUND('',#4698,.T.);
#4698 = EDGE_LOOP('',(#4699,#4700,#4701,#4702));
#4699 = ORIENTED_EDGE('',*,*,#4590,.F.);
#4700 = ORIENTED_EDGE('',*,*,#4613,.T.);
#4701 = ORIENTED_EDGE('',*,*,#4652,.T.);
#4702 = ORIENTED_EDGE('',*,*,#4673,.F.);
#4703 = PLANE('',#4704);
#4704 = AXIS2_PLACEMENT_3D('',#4705,#4706,#4707);
#4705 = CARTESIAN_POINT('',(-35.325,-53.125,5.86));
#4706 = DIRECTION('',(0.,0.,1.));
#4707 = DIRECTION('',(1.,0.,0.));
#4708 = ( GEOMETRIC_REPRESENTATION_CONTEXT(3) 
GLOBAL_UNCERTAINTY_ASSIGNED_CONTEXT((#4712)) 
GLOBAL_UNIT_ASSIGNED_CONTEXT((#4709,#4710,#4711)) REPRESENTATION_CONTEXT
('Context #1','3D Context with UNIT and UNCERTAINTY') );
#4709 = ( LENGTH_UNIT() NAMED_UNIT(*) SI_UNIT(.MILLI.,.METRE.) );
#4710 = ( NAMED_UNIT(*) PLANE_ANGLE_UNIT() SI_UNIT($,.RADIAN.) );
#4711 = ( NAMED_UNIT(*) SI_UNIT($,.STERADIAN.) SOLID_ANGLE_UNIT() );
#4712 = UNCERTAINTY_MEASURE_WITH_UNIT(LENGTH_MEASURE(1.E-07),#4709,
  'distance_accuracy_value','confusion accuracy');
#4713 = CONTEXT_DEPENDENT_SHAPE_REPRESENTATION(#4714,#4716);
#4714 = ( REPRESENTATION_RELATIONSHIP('','',#4557,#10) 
REPRESENTATION_RELATIONSHIP_WITH_TRANSFORMATION(#4715) 
SHAPE_REPRESENTATION_RELATIONSHIP() );
#4715 = ITEM_DEFINED_TRANSFORMATION('','',#11,#75);
#4716 = PRODUCT_DEFINITION_SHAPE('Placement','Placement of an item',
  #4717);
#4717 = NEXT_ASSEMBLY_USAGE_OCCURRENCE('233','','',#5,#4552,$);
#4718 = PRODUCT_RELATED_PRODUCT_CATEGORY('part',$,(#4554));
#4719 = SHAPE_DEFINITION_REPRESENTATION(#4720,#4726);
#4720 = PRODUCT_DEFINITION_SHAPE('','',#4721);
#4721 = PRODUCT_DEFINITION('design','',#4722,#4725);
#4722 = PRODUCT_DEFINITION_FORMATION('','',#4723);
#4723 = PRODUCT('Open CASCADE STEP translator 7.8 5.17',
  'Open CASCADE STEP translator 7.8 5.17','',(#4724));
#4724 = PRODUCT_CONTEXT('',#2,'mechanical');
#4725 = PRODUCT_DEFINITION_CONTEXT('part definition',#2,'design');
#4726 = ADVANCED_BREP_SHAPE_REPRESENTATION('',(#11,#4727),#4877);
#4727 = MANIFOLD_SOLID_BREP('',#4728);
#4728 = CLOSED_SHELL('',(#4729,#4769,#4800,#4831,#4853,#4865));
#4729 = ADVANCED_FACE('',(#4730),#4764,.F.);
#4730 = FACE_BOUND('',#4731,.F.);
#4731 = EDGE_LOOP('',(#4732,#4742,#4750,#4758));
#4732 = ORIENTED_EDGE('',*,*,#4733,.F.);
#4733 = EDGE_CURVE('',#4734,#4736,#4738,.T.);
#4734 = VERTEX_POINT('',#4735);
#4735 = CARTESIAN_POINT('',(20.675,-53.125,5.38));
#4736 = VERTEX_POINT('',#4737);
#4737 = CARTESIAN_POINT('',(20.675,-53.125,5.86));
#4738 = LINE('',#4739,#4740);
#4739 = CARTESIAN_POINT('',(20.675,-53.125,5.38));
#4740 = VECTOR('',#4741,1.);
#4741 = DIRECTION('',(0.,0.,1.));
#4742 = ORIENTED_EDGE('',*,*,#4743,.T.);
#4743 = EDGE_CURVE('',#4734,#4744,#4746,.T.);
#4744 = VERTEX_POINT('',#4745);
#4745 = CARTESIAN_POINT('',(20.675,-50.875,5.38));
#4746 = LINE('',#4747,#4748);
#4747 = CARTESIAN_POINT('',(20.675,-53.125,5.38));
#4748 = VECTOR('',#4749,1.);
#4749 = DIRECTION('',(0.,1.,0.));
#4750 = ORIENTED_EDGE('',*,*,#4751,.T.);
#4751 = EDGE_CURVE('',#4744,#4752,#4754,.T.);
#4752 = VERTEX_POINT('',#4753);
#4753 = CARTESIAN_POINT('',(20.675,-50.875,5.86));
#4754 = LINE('',#4755,#4756);
#4755 = CARTESIAN_POINT('',(20.675,-50.875,5.38));
#4756 = VECTOR('',#4757,1.);
#4757 = DIRECTION('',(0.,0.,1.));
#4758 = ORIENTED_EDGE('',*,*,#4759,.F.);
#4759 = EDGE_CURVE('',#4736,#4752,#4760,.T.);
#4760 = LINE('',#4761,#4762);
#4761 = CARTESIAN_POINT('',(20.675,-53.125,5.86));
#4762 = VECTOR('',#4763,1.);
#4763 = DIRECTION('',(0.,1.,0.));
#4764 = PLANE('',#4765);
#4765 = AXIS2_PLACEMENT_3D('',#4766,#4767,#4768);
#4766 = CARTESIAN_POINT('',(20.675,-53.125,5.38));
#4767 = DIRECTION('',(1.,0.,0.));
#4768 = DIRECTION('',(0.,0.,1.));
#4769 = ADVANCED_FACE('',(#4770),#4795,.F.);
#4770 = FACE_BOUND('',#4771,.F.);
#4771 = EDGE_LOOP('',(#4772,#4780,#4781,#4789));
#4772 = ORIENTED_EDGE('',*,*,#4773,.F.);
#4773 = EDGE_CURVE('',#4734,#4774,#4776,.T.);
#4774 = VERTEX_POINT('',#4775);
#4775 = CARTESIAN_POINT('',(35.325,-53.125,5.38));
#4776 = LINE('',#4777,#4778);
#4777 = CARTESIAN_POINT('',(20.675,-53.125,5.38));
#4778 = VECTOR('',#4779,1.);
#4779 = DIRECTION('',(1.,0.,0.));
#4780 = ORIENTED_EDGE('',*,*,#4733,.T.);
#4781 = ORIENTED_EDGE('',*,*,#4782,.T.);
#4782 = EDGE_CURVE('',#4736,#4783,#4785,.T.);
#4783 = VERTEX_POINT('',#4784);
#4784 = CARTESIAN_POINT('',(35.325,-53.125,5.86));
#4785 = LINE('',#4786,#4787);
#4786 = CARTESIAN_POINT('',(20.675,-53.125,5.86));
#4787 = VECTOR('',#4788,1.);
#4788 = DIRECTION('',(1.,0.,0.));
#4789 = ORIENTED_EDGE('',*,*,#4790,.F.);
#4790 = EDGE_CURVE('',#4774,#4783,#4791,.T.);
#4791 = LINE('',#4792,#4793);
#4792 = CARTESIAN_POINT('',(35.325,-53.125,5.38));
#4793 = VECTOR('',#4794,1.);
#4794 = DIRECTION('',(0.,0.,1.));
#4795 = PLANE('',#4796);
#4796 = AXIS2_PLACEMENT_3D('',#4797,#4798,#4799);
#4797 = CARTESIAN_POINT('',(20.675,-53.125,5.38));
#4798 = DIRECTION('',(0.,1.,0.));
#4799 = DIRECTION('',(0.,0.,1.));
#4800 = ADVANCED_FACE('',(#4801),#4826,.T.);
#4801 = FACE_BOUND('',#4802,.T.);
#4802 = EDGE_LOOP('',(#4803,#4804,#4812,#4820));
#4803 = ORIENTED_EDGE('',*,*,#4790,.F.);
#4804 = ORIENTED_EDGE('',*,*,#4805,.T.);
#4805 = EDGE_CURVE('',#4774,#4806,#4808,.T.);
#4806 = VERTEX_POINT('',#4807);
#4807 = CARTESIAN_POINT('',(35.325,-50.875,5.38));
#4808 = LINE('',#4809,#4810);
#4809 = CARTESIAN_POINT('',(35.325,-53.125,5.38));
#4810 = VECTOR('',#4811,1.);
#4811 = DIRECTION('',(0.,1.,0.));
#4812 = ORIENTED_EDGE('',*,*,#4813,.T.);
#4813 = EDGE_CURVE('',#4806,#4814,#4816,.T.);
#4814 = VERTEX_POINT('',#4815);
#4815 = CARTESIAN_POINT('',(35.325,-50.875,5.86));
#4816 = LINE('',#4817,#4818);
#4817 = CARTESIAN_POINT('',(35.325,-50.875,5.38));
#4818 = VECTOR('',#4819,1.);
#4819 = DIRECTION('',(0.,0.,1.));
#4820 = ORIENTED_EDGE('',*,*,#4821,.F.);
#4821 = EDGE_CURVE('',#4783,#4814,#4822,.T.);
#4822 = LINE('',#4823,#4824);
#4823 = CARTESIAN_POINT('',(35.325,-53.125,5.86));
#4824 = VECTOR('',#4825,1.);
#4825 = DIRECTION('',(0.,1.,0.));
#4826 = PLANE('',#4827);
#4827 = AXIS2_PLACEMENT_3D('',#4828,#4829,#4830);
#4828 = CARTESIAN_POINT('',(35.325,-53.125,5.38));
#4829 = DIRECTION('',(1.,0.,0.));
#4830 = DIRECTION('',(0.,0.,1.));
#4831 = ADVANCED_FACE('',(#4832),#4848,.T.);
#4832 = FACE_BOUND('',#4833,.T.);
#4833 = EDGE_LOOP('',(#4834,#4840,#4841,#4847));
#4834 = ORIENTED_EDGE('',*,*,#4835,.F.);
#4835 = EDGE_CURVE('',#4744,#4806,#4836,.T.);
#4836 = LINE('',#4837,#4838);
#4837 = CARTESIAN_POINT('',(20.675,-50.875,5.38));
#4838 = VECTOR('',#4839,1.);
#4839 = DIRECTION('',(1.,0.,0.));
#4840 = ORIENTED_EDGE('',*,*,#4751,.T.);
#4841 = ORIENTED_EDGE('',*,*,#4842,.T.);
#4842 = EDGE_CURVE('',#4752,#4814,#4843,.T.);
#4843 = LINE('',#4844,#4845);
#4844 = CARTESIAN_POINT('',(20.675,-50.875,5.86));
#4845 = VECTOR('',#4846,1.);
#4846 = DIRECTION('',(1.,0.,0.));
#4847 = ORIENTED_EDGE('',*,*,#4813,.F.);
#4848 = PLANE('',#4849);
#4849 = AXIS2_PLACEMENT_3D('',#4850,#4851,#4852);
#4850 = CARTESIAN_POINT('',(20.675,-50.875,5.38));
#4851 = DIRECTION('',(0.,1.,0.));
#4852 = DIRECTION('',(0.,0.,1.));
#4853 = ADVANCED_FACE('',(#4854),#4860,.F.);
#4854 = FACE_BOUND('',#4855,.F.);
#4855 = EDGE_LOOP('',(#4856,#4857,#4858,#4859));
#4856 = ORIENTED_EDGE('',*,*,#4743,.F.);
#4857 = ORIENTED_EDGE('',*,*,#4773,.T.);
#4858 = ORIENTED_EDGE('',*,*,#4805,.T.);
#4859 = ORIENTED_EDGE('',*,*,#4835,.F.);
#4860 = PLANE('',#4861);
#4861 = AXIS2_PLACEMENT_3D('',#4862,#4863,#4864);
#4862 = CARTESIAN_POINT('',(20.675,-53.125,5.38));
#4863 = DIRECTION('',(0.,0.,1.));
#4864 = DIRECTION('',(1.,0.,0.));
#4865 = ADVANCED_FACE('',(#4866),#4872,.T.);
#4866 = FACE_BOUND('',#4867,.T.);
#4867 = EDGE_LOOP('',(#4868,#4869,#4870,#4871));
#4868 = ORIENTED_EDGE('',*,*,#4759,.F.);
#4869 = ORIENTED_EDGE('',*,*,#4782,.T.);
#4870 = ORIENTED_EDGE('',*,*,#4821,.T.);
#4871 = ORIENTED_EDGE('',*,*,#4842,.F.);
#4872 = PLANE('',#4873);
#4873 = AXIS2_PLACEMENT_3D('',#4874,#4875,#4876);
#4874 = CARTESIAN_POINT('',(20.675,-53.125,5.86));
#4875 = DIRECTION('',(0.,0.,1.));
#4876 = DIRECTION('',(1.,0.,0.));
#4877 = ( GEOMETRIC_REPRESENTATION_CONTEXT(3) 
GLOBAL_UNCERTAINTY_ASSIGNED_CONTEXT((#4881)) 
GLOBAL_UNIT_ASSIGNED_CONTEXT((#4878,#4879,#4880)) REPRESENTATION_CONTEXT
('Context #1','3D Context with UNIT and UNCERTAINTY') );
#4878 = ( LENGTH_UNIT() NAMED_UNIT(*) SI_UNIT(.MILLI.,.METRE.) );
#4879 = ( NAMED_UNIT(*) PLANE_ANGLE_UNIT() SI_UNIT($,.RADIAN.) );
#4880 = ( NAMED_UNIT(*) SI_UNIT($,.STERADIAN.) SOLID_ANGLE_UNIT() );
#4881 = UNCERTAINTY_MEASURE_WITH_UNIT(LENGTH_MEASURE(1.E-07),#4878,
  'distance_accuracy_value','confusion accuracy');
#4882 = CONTEXT_DEPENDENT_SHAPE_REPRESENTATION(#4883,#4885);
#4883 = ( REPRESENTATION_RELATIONSHIP('','',#4726,#10) 
REPRESENTATION_RELATIONSHIP_WITH_TRANSFORMATION(#4884) 
SHAPE_REPRESENTATION_RELATIONSHIP() );
#4884 = ITEM_DEFINED_TRANSFORMATION('','',#11,#79);
#4885 = PRODUCT_DEFINITION_SHAPE('Placement','Placement of an item',
  #4886);
#4886 = NEXT_ASSEMBLY_USAGE_OCCURRENCE('234','','',#5,#4721,$);
#4887 = PRODUCT_RELATED_PRODUCT_CATEGORY('part',$,(#4723));
#4888 = SHAPE_DEFINITION_REPRESENTATION(#4889,#4895);
#4889 = PRODUCT_DEFINITION_SHAPE('','',#4890);
#4890 = PRODUCT_DEFINITION('design','',#4891,#4894);
#4891 = PRODUCT_DEFINITION_FORMATION('','',#4892);
#4892 = PRODUCT('Open CASCADE STEP translator 7.8 5.18',
  'Open CASCADE STEP translator 7.8 5.18','',(#4893));
#4893 = PRODUCT_CONTEXT('',#2,'mechanical');
#4894 = PRODUCT_DEFINITION_CONTEXT('part definition',#2,'design');
#4895 = ADVANCED_BREP_SHAPE_REPRESENTATION('',(#11,#4896),#4984);
#4896 = MANIFOLD_SOLID_BREP('',#4897);
#4897 = CLOSED_SHELL('',(#4898,#4940,#4956,#4974));
#4898 = ADVANCED_FACE('',(#4899),#4935,.T.);
#4899 = FACE_BOUND('',#4900,.F.);
#4900 = EDGE_LOOP('',(#4901,#4912,#4920,#4929));
#4901 = ORIENTED_EDGE('',*,*,#4902,.F.);
#4902 = EDGE_CURVE('',#4903,#4905,#4907,.T.);
#4903 = VERTEX_POINT('',#4904);
#4904 = CARTESIAN_POINT('',(-40.52991004785,48.117266028773,5.38));
#4905 = VERTEX_POINT('',#4906);
#4906 = CARTESIAN_POINT('',(-39.24563729625,39.677759375384,5.38));
#4907 = CIRCLE('',#4908,5.02);
#4908 = AXIS2_PLACEMENT_3D('',#4909,#4910,#4911);
#4909 = CARTESIAN_POINT('',(-42.5,43.5,5.38));
#4910 = DIRECTION('',(0.,0.,1.));
#4911 = DIRECTION('',(1.,0.,0.));
#4912 = ORIENTED_EDGE('',*,*,#4913,.F.);
#4913 = EDGE_CURVE('',#4914,#4903,#4916,.T.);
#4914 = VERTEX_POINT('',#4915);
#4915 = CARTESIAN_POINT('',(-40.52991004785,48.117266028773,5.86));
#4916 = LINE('',#4917,#4918);
#4917 = CARTESIAN_POINT('',(-40.52991004785,48.117266028773,5.38));
#4918 = VECTOR('',#4919,1.);
#4919 = DIRECTION('',(-0.,-0.,-1.));
#4920 = ORIENTED_EDGE('',*,*,#4921,.T.);
#4921 = EDGE_CURVE('',#4914,#4922,#4924,.T.);
#4922 = VERTEX_POINT('',#4923);
#4923 = CARTESIAN_POINT('',(-39.24563729625,39.677759375384,5.86));
#4924 = CIRCLE('',#4925,5.02);
#4925 = AXIS2_PLACEMENT_3D('',#4926,#4927,#4928);
#4926 = CARTESIAN_POINT('',(-42.5,43.5,5.86));
#4927 = DIRECTION('',(0.,0.,1.));
#4928 = DIRECTION('',(1.,0.,0.));
#4929 = ORIENTED_EDGE('',*,*,#4930,.T.);
#4930 = EDGE_CURVE('',#4922,#4905,#4931,.T.);
#4931 = LINE('',#4932,#4933);
#4932 = CARTESIAN_POINT('',(-39.24563729625,39.677759375384,5.38));
#4933 = VECTOR('',#4934,1.);
#4934 = DIRECTION('',(-0.,-0.,-1.));
#4935 = CYLINDRICAL_SURFACE('',#4936,5.02);
#4936 = AXIS2_PLACEMENT_3D('',#4937,#4938,#4939);
#4937 = CARTESIAN_POINT('',(-42.5,43.5,5.38));
#4938 = DIRECTION('',(-0.,-0.,-1.));
#4939 = DIRECTION('',(1.,0.,0.));
#4940 = ADVANCED_FACE('',(#4941),#4951,.F.);
#4941 = FACE_BOUND('',#4942,.F.);
#4942 = EDGE_LOOP('',(#4943,#4950));
#4943 = ORIENTED_EDGE('',*,*,#4944,.T.);
#4944 = EDGE_CURVE('',#4905,#4903,#4945,.T.);
#4945 = CIRCLE('',#4946,4.28);
#4946 = AXIS2_PLACEMENT_3D('',#4947,#4948,#4949);
#4947 = CARTESIAN_POINT('',(-40.2,43.85,5.38));
#4948 = DIRECTION('',(0.,0.,-1.));
#4949 = DIRECTION('',(1.,0.,0.));
#4950 = ORIENTED_EDGE('',*,*,#4902,.T.);
#4951 = PLANE('',#4952);
#4952 = AXIS2_PLACEMENT_3D('',#4953,#4954,#4955);
#4953 = CARTESIAN_POINT('',(-42.5,43.5,5.38));
#4954 = DIRECTION('',(0.,0.,1.));
#4955 = DIRECTION('',(1.,0.,-0.));
#4956 = ADVANCED_FACE('',(#4957),#4969,.F.);
#4957 = FACE_BOUND('',#4958,.T.);
#4958 = EDGE_LOOP('',(#4959,#4960,#4967,#4968));
#4959 = ORIENTED_EDGE('',*,*,#4913,.F.);
#4960 = ORIENTED_EDGE('',*,*,#4961,.F.);
#4961 = EDGE_CURVE('',#4922,#4914,#4962,.T.);
#4962 = CIRCLE('',#4963,4.28);
#4963 = AXIS2_PLACEMENT_3D('',#4964,#4965,#4966);
#4964 = CARTESIAN_POINT('',(-40.2,43.85,5.86));
#4965 = DIRECTION('',(0.,0.,-1.));
#4966 = DIRECTION('',(1.,0.,0.));
#4967 = ORIENTED_EDGE('',*,*,#4930,.T.);
#4968 = ORIENTED_EDGE('',*,*,#4944,.T.);
#4969 = CYLINDRICAL_SURFACE('',#4970,4.28);
#4970 = AXIS2_PLACEMENT_3D('',#4971,#4972,#4973);
#4971 = CARTESIAN_POINT('',(-40.2,43.85,5.28));
#4972 = DIRECTION('',(-0.,-0.,-1.));
#4973 = DIRECTION('',(1.,0.,0.));
#4974 = ADVANCED_FACE('',(#4975),#4979,.T.);
#4975 = FACE_BOUND('',#4976,.T.);
#4976 = EDGE_LOOP('',(#4977,#4978));
#4977 = ORIENTED_EDGE('',*,*,#4961,.T.);
#4978 = ORIENTED_EDGE('',*,*,#4921,.T.);
#4979 = PLANE('',#4980);
#4980 = AXIS2_PLACEMENT_3D('',#4981,#4982,#4983);
#4981 = CARTESIAN_POINT('',(-42.5,43.5,5.86));
#4982 = DIRECTION('',(0.,0.,1.));
#4983 = DIRECTION('',(1.,0.,-0.));
#4984 = ( GEOMETRIC_REPRESENTATION_CONTEXT(3) 
GLOBAL_UNCERTAINTY_ASSIGNED_CONTEXT((#4988)) 
GLOBAL_UNIT_ASSIGNED_CONTEXT((#4985,#4986,#4987)) REPRESENTATION_CONTEXT
('Context #1','3D Context with UNIT and UNCERTAINTY') );
#4985 = ( LENGTH_UNIT() NAMED_UNIT(*) SI_UNIT(.MILLI.,.METRE.) );
#4986 = ( NAMED_UNIT(*) PLANE_ANGLE_UNIT() SI_UNIT($,.RADIAN.) );
#4987 = ( NAMED_UNIT(*) SI_UNIT($,.STERADIAN.) SOLID_ANGLE_UNIT() );
#4988 = UNCERTAINTY_MEASURE_WITH_UNIT(LENGTH_MEASURE(1.E-07),#4985,
  'distance_accuracy_value','confusion accuracy');
#4989 = CONTEXT_DEPENDENT_SHAPE_REPRESENTATION(#4990,#4992);
#4990 = ( REPRESENTATION_RELATIONSHIP('','',#4895,#10) 
REPRESENTATION_RELATIONSHIP_WITH_TRANSFORMATION(#4991) 
SHAPE_REPRESENTATION_RELATIONSHIP() );
#4991 = ITEM_DEFINED_TRANSFORMATION('','',#11,#83);
#4992 = PRODUCT_DEFINITION_SHAPE('Placement','Placement of an item',
  #4993);
#4993 = NEXT_ASSEMBLY_USAGE_OCCURRENCE('235','','',#5,#4890,$);
#4994 = PRODUCT_RELATED_PRODUCT_CATEGORY('part',$,(#4892));
#4995 = SHAPE_DEFINITION_REPRESENTATION(#4996,#5002);
#4996 = PRODUCT_DEFINITION_SHAPE('','',#4997);
#4997 = PRODUCT_DEFINITION('design','',#4998,#5001);
#4998 = PRODUCT_DEFINITION_FORMATION('','',#4999);
#4999 = PRODUCT('Open CASCADE STEP translator 7.8 5.19',
  'Open CASCADE STEP translator 7.8 5.19','',(#5000));
#5000 = PRODUCT_CONTEXT('',#2,'mechanical');
#5001 = PRODUCT_DEFINITION_CONTEXT('part definition',#2,'design');
#5002 = ADVANCED_BREP_SHAPE_REPRESENTATION('',(#11,#5003),#5377);
#5003 = MANIFOLD_SOLID_BREP('',#5004);
#5004 = CLOSED_SHELL('',(#5005,#5051,#5143,#5174,#5252,#5278,#5293,#5324
    ,#5343,#5365));
#5005 = ADVANCED_FACE('',(#5006),#5046,.T.);
#5006 = FACE_BOUND('',#5007,.F.);
#5007 = EDGE_LOOP('',(#5008,#5019,#5029,#5038));
#5008 = ORIENTED_EDGE('',*,*,#5009,.F.);
#5009 = EDGE_CURVE('',#5010,#5012,#5014,.T.);
#5010 = VERTEX_POINT('',#5011);
#5011 = CARTESIAN_POINT('',(10.15923112975,40.939763163934,5.38));
#5012 = VERTEX_POINT('',#5013);
#5013 = CARTESIAN_POINT('',(9.768820808129,42.301285758577,5.38));
#5014 = CIRCLE('',#5015,2.36);
#5015 = AXIS2_PLACEMENT_3D('',#5016,#5017,#5018);
#5016 = CARTESIAN_POINT('',(7.8,41.,5.38));
#5017 = DIRECTION('',(-0.,0.,1.));
#5018 = DIRECTION('',(0.999674207521,-2.552408307889E-02,0.));
#5019 = ORIENTED_EDGE('',*,*,#5020,.F.);
#5020 = EDGE_CURVE('',#5021,#5010,#5023,.T.);
#5021 = VERTEX_POINT('',#5022);
#5022 = CARTESIAN_POINT('',(10.15923112975,40.939763163934,5.86));
#5023 = B_SPLINE_CURVE_WITH_KNOTS('',4,(#5024,#5025,#5026,#5027,#5028),
  .UNSPECIFIED.,.F.,.F.,(5,5),(0.,1.),.PIECEWISE_BEZIER_KNOTS.);
#5024 = CARTESIAN_POINT('',(10.15923112975,40.939763163934,5.8600006));
#5025 = CARTESIAN_POINT('',(10.15923112975,40.939763163934,5.7400003));
#5026 = CARTESIAN_POINT('',(10.15923112975,40.939763163934,5.62));
#5027 = CARTESIAN_POINT('',(10.15923112975,40.939763163934,5.4999997));
#5028 = CARTESIAN_POINT('',(10.15923112975,40.939763163934,5.3799994));
#5029 = ORIENTED_EDGE('',*,*,#5030,.F.);
#5030 = EDGE_CURVE('',#5031,#5021,#5033,.T.);
#5031 = VERTEX_POINT('',#5032);
#5032 = CARTESIAN_POINT('',(9.768820808129,42.301285758577,5.86));
#5033 = CIRCLE('',#5034,2.36);
#5034 = AXIS2_PLACEMENT_3D('',#5035,#5036,#5037);
#5035 = CARTESIAN_POINT('',(7.8,41.,5.86));
#5036 = DIRECTION('',(0.,0.,-1.));
#5037 = DIRECTION('',(0.83424610514,0.551392270584,0.));
#5038 = ORIENTED_EDGE('',*,*,#5039,.T.);
#5039 = EDGE_CURVE('',#5031,#5012,#5040,.T.);
#5040 = B_SPLINE_CURVE_WITH_KNOTS('',4,(#5041,#5042,#5043,#5044,#5045),
  .UNSPECIFIED.,.F.,.F.,(5,5),(0.,1.),.PIECEWISE_BEZIER_KNOTS.);
#5041 = CARTESIAN_POINT('',(9.768820808129,42.301285758577,5.8600006));
#5042 = CARTESIAN_POINT('',(9.768820808129,42.301285758577,5.7400003));
#5043 = CARTESIAN_POINT('',(9.768820808129,42.301285758577,5.62));
#5044 = CARTESIAN_POINT('',(9.768820808129,42.301285758577,5.4999997));
#5045 = CARTESIAN_POINT('',(9.768820808129,42.301285758577,5.3799994));
#5046 = CYLINDRICAL_SURFACE('',#5047,2.36);
#5047 = AXIS2_PLACEMENT_3D('',#5048,#5049,#5050);
#5048 = CARTESIAN_POINT('',(7.8,41.,5.38));
#5049 = DIRECTION('',(-0.,-0.,-1.));
#5050 = DIRECTION('',(1.,0.,0.));
#5051 = ADVANCED_FACE('',(#5052,#5071,#5091),#5138,.F.);
#5052 = FACE_BOUND('',#5053,.F.);
#5053 = EDGE_LOOP('',(#5054,#5055,#5064));
#5054 = ORIENTED_EDGE('',*,*,#5009,.T.);
#5055 = ORIENTED_EDGE('',*,*,#5056,.F.);
#5056 = EDGE_CURVE('',#5057,#5012,#5059,.T.);
#5057 = VERTEX_POINT('',#5058);
#5058 = CARTESIAN_POINT('',(11.635939638354,42.099937991347,5.38));
#5059 = ELLIPSE('',#5060,4.02,0.86);
#5060 = AXIS2_PLACEMENT_3D('',#5061,#5062,#5063);
#5061 = CARTESIAN_POINT('',(7.771667620682,40.991875820963,5.38));
#5062 = DIRECTION('',(0.,-0.,1.));
#5063 = DIRECTION('',(0.961261695938,0.275637355817,0.));
#5064 = ORIENTED_EDGE('',*,*,#5065,.F.);
#5065 = EDGE_CURVE('',#5010,#5057,#5066,.T.);
#5066 = ELLIPSE('',#5067,4.02,0.86);
#5067 = AXIS2_PLACEMENT_3D('',#5068,#5069,#5070);
#5068 = CARTESIAN_POINT('',(7.771667620682,40.991875820963,5.38));
#5069 = DIRECTION('',(0.,-0.,1.));
#5070 = DIRECTION('',(0.961261695938,0.275637355817,0.));
#5071 = FACE_BOUND('',#5072,.F.);
#5072 = EDGE_LOOP('',(#5073,#5084));
#5073 = ORIENTED_EDGE('',*,*,#5074,.T.);
#5074 = EDGE_CURVE('',#5075,#5077,#5079,.T.);
#5075 = VERTEX_POINT('',#5076);
#5076 = CARTESIAN_POINT('',(5.441026403833,41.069595779956,5.38));
#5077 = VERTEX_POINT('',#5078);
#5078 = CARTESIAN_POINT('',(5.836357077395,39.690913878882,5.38));
#5079 = CIRCLE('',#5080,2.36);
#5080 = AXIS2_PLACEMENT_3D('',#5081,#5082,#5083);
#5081 = CARTESIAN_POINT('',(7.8,41.,5.38));
#5082 = DIRECTION('',(0.,0.,1.));
#5083 = DIRECTION('',(1.,0.,0.));
#5084 = ORIENTED_EDGE('',*,*,#5085,.F.);
#5085 = EDGE_CURVE('',#5075,#5077,#5086,.T.);
#5086 = ELLIPSE('',#5087,4.02,0.86);
#5087 = AXIS2_PLACEMENT_3D('',#5088,#5089,#5090);
#5088 = CARTESIAN_POINT('',(7.771667620682,40.991875820963,5.38));
#5089 = DIRECTION('',(0.,-0.,1.));
#5090 = DIRECTION('',(0.961261695938,0.275637355817,0.));
#5091 = FACE_BOUND('',#5092,.F.);
#5092 = EDGE_LOOP('',(#5093,#5104,#5113,#5122,#5131));
#5093 = ORIENTED_EDGE('',*,*,#5094,.T.);
#5094 = EDGE_CURVE('',#5095,#5097,#5099,.T.);
#5095 = VERTEX_POINT('',#5096);
#5096 = CARTESIAN_POINT('',(9.861465936056,39.851105664354,5.38));
#5097 = VERTEX_POINT('',#5098);
#5098 = CARTESIAN_POINT('',(12.94275007327,42.474659853621,5.38));
#5099 = ELLIPSE('',#5100,5.35,1.76);
#5100 = AXIS2_PLACEMENT_3D('',#5101,#5102,#5103);
#5101 = CARTESIAN_POINT('',(7.8,41.,5.38));
#5102 = DIRECTION('',(0.,-0.,1.));
#5103 = DIRECTION('',(0.961261695938,0.275637355817,0.));
#5104 = ORIENTED_EDGE('',*,*,#5105,.T.);
#5105 = EDGE_CURVE('',#5097,#5106,#5108,.T.);
#5106 = VERTEX_POINT('',#5107);
#5107 = CARTESIAN_POINT('',(8.939401021337,43.066728166106,5.38));
#5108 = ELLIPSE('',#5109,5.35,1.76);
#5109 = AXIS2_PLACEMENT_3D('',#5110,#5111,#5112);
#5110 = CARTESIAN_POINT('',(7.8,41.,5.38));
#5111 = DIRECTION('',(0.,-0.,1.));
#5112 = DIRECTION('',(0.961261695938,0.275637355817,0.));
#5113 = ORIENTED_EDGE('',*,*,#5114,.T.);
#5114 = EDGE_CURVE('',#5106,#5115,#5117,.T.);
#5115 = VERTEX_POINT('',#5116);
#5116 = CARTESIAN_POINT('',(5.738534063944,42.148894335646,5.38));
#5117 = CIRCLE('',#5118,2.36);
#5118 = AXIS2_PLACEMENT_3D('',#5119,#5120,#5121);
#5119 = CARTESIAN_POINT('',(7.8,41.,5.38));
#5120 = DIRECTION('',(0.,0.,1.));
#5121 = DIRECTION('',(1.,0.,0.));
#5122 = ORIENTED_EDGE('',*,*,#5123,.T.);
#5123 = EDGE_CURVE('',#5115,#5124,#5126,.T.);
#5124 = VERTEX_POINT('',#5125);
#5125 = CARTESIAN_POINT('',(6.660598978663,38.933271833894,5.38));
#5126 = ELLIPSE('',#5127,5.35,1.76);
#5127 = AXIS2_PLACEMENT_3D('',#5128,#5129,#5130);
#5128 = CARTESIAN_POINT('',(7.8,41.,5.38));
#5129 = DIRECTION('',(0.,-0.,1.));
#5130 = DIRECTION('',(0.961261695938,0.275637355817,0.));
#5131 = ORIENTED_EDGE('',*,*,#5132,.T.);
#5132 = EDGE_CURVE('',#5124,#5095,#5133,.T.);
#5133 = CIRCLE('',#5134,2.36);
#5134 = AXIS2_PLACEMENT_3D('',#5135,#5136,#5137);
#5135 = CARTESIAN_POINT('',(7.8,41.,5.38));
#5136 = DIRECTION('',(0.,0.,1.));
#5137 = DIRECTION('',(1.,0.,0.));
#5138 = PLANE('',#5139);
#5139 = AXIS2_PLACEMENT_3D('',#5140,#5141,#5142);
#5140 = CARTESIAN_POINT('',(7.8,41.,5.38));
#5141 = DIRECTION('',(0.,0.,1.));
#5142 = DIRECTION('',(1.,0.,-0.));
#5143 = ADVANCED_FACE('',(#5144),#5166,.T.);
#5144 = FACE_BOUND('',#5145,.T.);
#5145 = EDGE_LOOP('',(#5146,#5147,#5148,#5149,#5158,#5165));
#5146 = ORIENTED_EDGE('',*,*,#5056,.F.);
#5147 = ORIENTED_EDGE('',*,*,#5065,.F.);
#5148 = ORIENTED_EDGE('',*,*,#5020,.F.);
#5149 = ORIENTED_EDGE('',*,*,#5150,.T.);
#5150 = EDGE_CURVE('',#5021,#5151,#5153,.T.);
#5151 = VERTEX_POINT('',#5152);
#5152 = CARTESIAN_POINT('',(11.635939638354,42.099937991347,5.86));
#5153 = ELLIPSE('',#5154,4.02,0.86);
#5154 = AXIS2_PLACEMENT_3D('',#5155,#5156,#5157);
#5155 = CARTESIAN_POINT('',(7.771667620682,40.991875820963,5.86));
#5156 = DIRECTION('',(0.,-0.,1.));
#5157 = DIRECTION('',(0.961261695938,0.275637355817,0.));
#5158 = ORIENTED_EDGE('',*,*,#5159,.T.);
#5159 = EDGE_CURVE('',#5151,#5031,#5160,.T.);
#5160 = ELLIPSE('',#5161,4.02,0.86);
#5161 = AXIS2_PLACEMENT_3D('',#5162,#5163,#5164);
#5162 = CARTESIAN_POINT('',(7.771667620682,40.991875820963,5.86));
#5163 = DIRECTION('',(0.,-0.,1.));
#5164 = DIRECTION('',(0.961261695938,0.275637355817,0.));
#5165 = ORIENTED_EDGE('',*,*,#5039,.T.);
#5166 = SURFACE_OF_LINEAR_EXTRUSION('',#5167,#5172);
#5167 = ELLIPSE('',#5168,4.02,0.86);
#5168 = AXIS2_PLACEMENT_3D('',#5169,#5170,#5171);
#5169 = CARTESIAN_POINT('',(7.771667620682,40.991875820963,5.38));
#5170 = DIRECTION('',(0.,-0.,1.));
#5171 = DIRECTION('',(0.961261695938,0.275637355817,0.));
#5172 = VECTOR('',#5173,1.);
#5173 = DIRECTION('',(0.,-0.,-1.));
#5174 = ADVANCED_FACE('',(#5175,#5180,#5200),#5247,.T.);
#5175 = FACE_BOUND('',#5176,.T.);
#5176 = EDGE_LOOP('',(#5177,#5178,#5179));
#5177 = ORIENTED_EDGE('',*,*,#5030,.F.);
#5178 = ORIENTED_EDGE('',*,*,#5159,.F.);
#5179 = ORIENTED_EDGE('',*,*,#5150,.F.);
#5180 = FACE_BOUND('',#5181,.T.);
#5181 = EDGE_LOOP('',(#5182,#5193));
#5182 = ORIENTED_EDGE('',*,*,#5183,.T.);
#5183 = EDGE_CURVE('',#5184,#5186,#5188,.T.);
#5184 = VERTEX_POINT('',#5185);
#5185 = CARTESIAN_POINT('',(5.441026403833,41.069595779956,5.86));
#5186 = VERTEX_POINT('',#5187);
#5187 = CARTESIAN_POINT('',(5.836357077395,39.690913878882,5.86));
#5188 = CIRCLE('',#5189,2.36);
#5189 = AXIS2_PLACEMENT_3D('',#5190,#5191,#5192);
#5190 = CARTESIAN_POINT('',(7.8,41.,5.86));
#5191 = DIRECTION('',(0.,0.,1.));
#5192 = DIRECTION('',(1.,0.,0.));
#5193 = ORIENTED_EDGE('',*,*,#5194,.F.);
#5194 = EDGE_CURVE('',#5184,#5186,#5195,.T.);
#5195 = ELLIPSE('',#5196,4.02,0.86);
#5196 = AXIS2_PLACEMENT_3D('',#5197,#5198,#5199);
#5197 = CARTESIAN_POINT('',(7.771667620682,40.991875820963,5.86));
#5198 = DIRECTION('',(0.,-0.,1.));
#5199 = DIRECTION('',(0.961261695938,0.275637355817,0.));
#5200 = FACE_BOUND('',#5201,.T.);
#5201 = EDGE_LOOP('',(#5202,#5213,#5222,#5231,#5240));
#5202 = ORIENTED_EDGE('',*,*,#5203,.T.);
#5203 = EDGE_CURVE('',#5204,#5206,#5208,.T.);
#5204 = VERTEX_POINT('',#5205);
#5205 = CARTESIAN_POINT('',(9.861465936056,39.851105664354,5.86));
#5206 = VERTEX_POINT('',#5207);
#5207 = CARTESIAN_POINT('',(12.94275007327,42.474659853621,5.86));
#5208 = ELLIPSE('',#5209,5.35,1.76);
#5209 = AXIS2_PLACEMENT_3D('',#5210,#5211,#5212);
#5210 = CARTESIAN_POINT('',(7.8,41.,5.86));
#5211 = DIRECTION('',(0.,-0.,1.));
#5212 = DIRECTION('',(0.961261695938,0.275637355817,0.));
#5213 = ORIENTED_EDGE('',*,*,#5214,.T.);
#5214 = EDGE_CURVE('',#5206,#5215,#5217,.T.);
#5215 = VERTEX_POINT('',#5216);
#5216 = CARTESIAN_POINT('',(8.939401021337,43.066728166106,5.86));
#5217 = ELLIPSE('',#5218,5.35,1.76);
#5218 = AXIS2_PLACEMENT_3D('',#5219,#5220,#5221);
#5219 = CARTESIAN_POINT('',(7.8,41.,5.86));
#5220 = DIRECTION('',(0.,-0.,1.));
#5221 = DIRECTION('',(0.961261695938,0.275637355817,0.));
#5222 = ORIENTED_EDGE('',*,*,#5223,.T.);
#5223 = EDGE_CURVE('',#5215,#5224,#5226,.T.);
#5224 = VERTEX_POINT('',#5225);
#5225 = CARTESIAN_POINT('',(5.738534063944,42.148894335646,5.86));
#5226 = CIRCLE('',#5227,2.36);
#5227 = AXIS2_PLACEMENT_3D('',#5228,#5229,#5230);
#5228 = CARTESIAN_POINT('',(7.8,41.,5.86));
#5229 = DIRECTION('',(0.,0.,1.));
#5230 = DIRECTION('',(1.,0.,0.));
#5231 = ORIENTED_EDGE('',*,*,#5232,.T.);
#5232 = EDGE_CURVE('',#5224,#5233,#5235,.T.);
#5233 = VERTEX_POINT('',#5234);
#5234 = CARTESIAN_POINT('',(6.660598978663,38.933271833894,5.86));
#5235 = ELLIPSE('',#5236,5.35,1.76);
#5236 = AXIS2_PLACEMENT_3D('',#5237,#5238,#5239);
#5237 = CARTESIAN_POINT('',(7.8,41.,5.86));
#5238 = DIRECTION('',(0.,-0.,1.));
#5239 = DIRECTION('',(0.961261695938,0.275637355817,0.));
#5240 = ORIENTED_EDGE('',*,*,#5241,.T.);
#5241 = EDGE_CURVE('',#5233,#5204,#5242,.T.);
#5242 = CIRCLE('',#5243,2.36);
#5243 = AXIS2_PLACEMENT_3D('',#5244,#5245,#5246);
#5244 = CARTESIAN_POINT('',(7.8,41.,5.86));
#5245 = DIRECTION('',(0.,0.,1.));
#5246 = DIRECTION('',(1.,0.,0.));
#5247 = PLANE('',#5248);
#5248 = AXIS2_PLACEMENT_3D('',#5249,#5250,#5251);
#5249 = CARTESIAN_POINT('',(7.8,41.,5.86));
#5250 = DIRECTION('',(0.,0.,1.));
#5251 = DIRECTION('',(1.,0.,-0.));
#5252 = ADVANCED_FACE('',(#5253),#5273,.T.);
#5253 = FACE_BOUND('',#5254,.F.);
#5254 = EDGE_LOOP('',(#5255,#5256,#5264,#5265));
#5255 = ORIENTED_EDGE('',*,*,#5074,.F.);
#5256 = ORIENTED_EDGE('',*,*,#5257,.F.);
#5257 = EDGE_CURVE('',#5184,#5075,#5258,.T.);
#5258 = B_SPLINE_CURVE_WITH_KNOTS('',4,(#5259,#5260,#5261,#5262,#5263),
  .UNSPECIFIED.,.F.,.F.,(5,5),(0.,1.),.PIECEWISE_BEZIER_KNOTS.);
#5259 = CARTESIAN_POINT('',(5.441026403833,41.069595779956,5.8600006));
#5260 = CARTESIAN_POINT('',(5.441026403833,41.069595779956,5.7400003));
#5261 = CARTESIAN_POINT('',(5.441026403833,41.069595779956,5.62));
#5262 = CARTESIAN_POINT('',(5.441026403833,41.069595779956,5.4999997));
#5263 = CARTESIAN_POINT('',(5.441026403833,41.069595779956,5.3799994));
#5264 = ORIENTED_EDGE('',*,*,#5183,.T.);
#5265 = ORIENTED_EDGE('',*,*,#5266,.T.);
#5266 = EDGE_CURVE('',#5186,#5077,#5267,.T.);
#5267 = B_SPLINE_CURVE_WITH_KNOTS('',4,(#5268,#5269,#5270,#5271,#5272),
  .UNSPECIFIED.,.F.,.F.,(5,5),(0.,1.),.PIECEWISE_BEZIER_KNOTS.);
#5268 = CARTESIAN_POINT('',(5.836357077395,39.690913878882,5.8600006));
#5269 = CARTESIAN_POINT('',(5.836357077395,39.690913878882,5.7400003));
#5270 = CARTESIAN_POINT('',(5.836357077395,39.690913878882,5.62));
#5271 = CARTESIAN_POINT('',(5.836357077395,39.690913878882,5.4999997));
#5272 = CARTESIAN_POINT('',(5.836357077395,39.690913878882,5.3799994));
#5273 = CYLINDRICAL_SURFACE('',#5274,2.36);
#5274 = AXIS2_PLACEMENT_3D('',#5275,#5276,#5277);
#5275 = CARTESIAN_POINT('',(7.8,41.,5.38));
#5276 = DIRECTION('',(-0.,-0.,-1.));
#5277 = DIRECTION('',(1.,0.,0.));
#5278 = ADVANCED_FACE('',(#5279),#5285,.T.);
#5279 = FACE_BOUND('',#5280,.T.);
#5280 = EDGE_LOOP('',(#5281,#5282,#5283,#5284));
#5281 = ORIENTED_EDGE('',*,*,#5085,.F.);
#5282 = ORIENTED_EDGE('',*,*,#5257,.F.);
#5283 = ORIENTED_EDGE('',*,*,#5194,.T.);
#5284 = ORIENTED_EDGE('',*,*,#5266,.T.);
#5285 = SURFACE_OF_LINEAR_EXTRUSION('',#5286,#5291);
#5286 = ELLIPSE('',#5287,4.02,0.86);
#5287 = AXIS2_PLACEMENT_3D('',#5288,#5289,#5290);
#5288 = CARTESIAN_POINT('',(7.771667620682,40.991875820963,5.38));
#5289 = DIRECTION('',(0.,-0.,1.));
#5290 = DIRECTION('',(0.961261695938,0.275637355817,0.));
#5291 = VECTOR('',#5292,1.);
#5292 = DIRECTION('',(0.,-0.,-1.));
#5293 = ADVANCED_FACE('',(#5294),#5316,.F.);
#5294 = FACE_BOUND('',#5295,.F.);
#5295 = EDGE_LOOP('',(#5296,#5297,#5298,#5306,#5307,#5308));
#5296 = ORIENTED_EDGE('',*,*,#5203,.T.);
#5297 = ORIENTED_EDGE('',*,*,#5214,.T.);
#5298 = ORIENTED_EDGE('',*,*,#5299,.T.);
#5299 = EDGE_CURVE('',#5215,#5106,#5300,.T.);
#5300 = B_SPLINE_CURVE_WITH_KNOTS('',4,(#5301,#5302,#5303,#5304,#5305),
  .UNSPECIFIED.,.F.,.F.,(5,5),(0.,1.),.PIECEWISE_BEZIER_KNOTS.);
#5301 = CARTESIAN_POINT('',(8.939401021337,43.066728166106,5.8600006));
#5302 = CARTESIAN_POINT('',(8.939401021337,43.066728166106,5.7400003));
#5303 = CARTESIAN_POINT('',(8.939401021337,43.066728166106,5.62));
#5304 = CARTESIAN_POINT('',(8.939401021337,43.066728166106,5.4999997));
#5305 = CARTESIAN_POINT('',(8.939401021337,43.066728166106,5.3799994));
#5306 = ORIENTED_EDGE('',*,*,#5105,.F.);
#5307 = ORIENTED_EDGE('',*,*,#5094,.F.);
#5308 = ORIENTED_EDGE('',*,*,#5309,.F.);
#5309 = EDGE_CURVE('',#5204,#5095,#5310,.T.);
#5310 = B_SPLINE_CURVE_WITH_KNOTS('',4,(#5311,#5312,#5313,#5314,#5315),
  .UNSPECIFIED.,.F.,.F.,(5,5),(0.,1.),.PIECEWISE_BEZIER_KNOTS.);
#5311 = CARTESIAN_POINT('',(9.861465936056,39.851105664354,5.8600006));
#5312 = CARTESIAN_POINT('',(9.861465936056,39.851105664354,5.7400003));
#5313 = CARTESIAN_POINT('',(9.861465936056,39.851105664354,5.62));
#5314 = CARTESIAN_POINT('',(9.861465936056,39.851105664354,5.4999997));
#5315 = CARTESIAN_POINT('',(9.861465936056,39.851105664354,5.3799994));
#5316 = SURFACE_OF_LINEAR_EXTRUSION('',#5317,#5322);
#5317 = ELLIPSE('',#5318,5.35,1.76);
#5318 = AXIS2_PLACEMENT_3D('',#5319,#5320,#5321);
#5319 = CARTESIAN_POINT('',(7.8,41.,5.38));
#5320 = DIRECTION('',(0.,-0.,1.));
#5321 = DIRECTION('',(0.961261695938,0.275637355817,0.));
#5322 = VECTOR('',#5323,1.);
#5323 = DIRECTION('',(0.,-0.,-1.));
#5324 = ADVANCED_FACE('',(#5325),#5338,.T.);
#5325 = FACE_BOUND('',#5326,.F.);
#5326 = EDGE_LOOP('',(#5327,#5328,#5329,#5337));
#5327 = ORIENTED_EDGE('',*,*,#5309,.T.);
#5328 = ORIENTED_EDGE('',*,*,#5132,.F.);
#5329 = ORIENTED_EDGE('',*,*,#5330,.F.);
#5330 = EDGE_CURVE('',#5233,#5124,#5331,.T.);
#5331 = B_SPLINE_CURVE_WITH_KNOTS('',4,(#5332,#5333,#5334,#5335,#5336),
  .UNSPECIFIED.,.F.,.F.,(5,5),(0.,1.),.PIECEWISE_BEZIER_KNOTS.);
#5332 = CARTESIAN_POINT('',(6.660598978663,38.933271833894,5.8600006));
#5333 = CARTESIAN_POINT('',(6.660598978663,38.933271833894,5.7400003));
#5334 = CARTESIAN_POINT('',(6.660598978663,38.933271833894,5.62));
#5335 = CARTESIAN_POINT('',(6.660598978663,38.933271833894,5.4999997));
#5336 = CARTESIAN_POINT('',(6.660598978663,38.933271833894,5.3799994));
#5337 = ORIENTED_EDGE('',*,*,#5241,.T.);
#5338 = CYLINDRICAL_SURFACE('',#5339,2.36);
#5339 = AXIS2_PLACEMENT_3D('',#5340,#5341,#5342);
#5340 = CARTESIAN_POINT('',(7.8,41.,5.38));
#5341 = DIRECTION('',(-0.,-0.,-1.));
#5342 = DIRECTION('',(1.,0.,0.));
#5343 = ADVANCED_FACE('',(#5344),#5357,.F.);
#5344 = FACE_BOUND('',#5345,.F.);
#5345 = EDGE_LOOP('',(#5346,#5347,#5355,#5356));
#5346 = ORIENTED_EDGE('',*,*,#5123,.F.);
#5347 = ORIENTED_EDGE('',*,*,#5348,.F.);
#5348 = EDGE_CURVE('',#5224,#5115,#5349,.T.);
#5349 = B_SPLINE_CURVE_WITH_KNOTS('',4,(#5350,#5351,#5352,#5353,#5354),
  .UNSPECIFIED.,.F.,.F.,(5,5),(0.,1.),.PIECEWISE_BEZIER_KNOTS.);
#5350 = CARTESIAN_POINT('',(5.738534063944,42.148894335646,5.8600006));
#5351 = CARTESIAN_POINT('',(5.738534063944,42.148894335646,5.7400003));
#5352 = CARTESIAN_POINT('',(5.738534063944,42.148894335646,5.62));
#5353 = CARTESIAN_POINT('',(5.738534063944,42.148894335646,5.4999997));
#5354 = CARTESIAN_POINT('',(5.738534063944,42.148894335646,5.3799994));
#5355 = ORIENTED_EDGE('',*,*,#5232,.T.);
#5356 = ORIENTED_EDGE('',*,*,#5330,.T.);
#5357 = SURFACE_OF_LINEAR_EXTRUSION('',#5358,#5363);
#5358 = ELLIPSE('',#5359,5.35,1.76);
#5359 = AXIS2_PLACEMENT_3D('',#5360,#5361,#5362);
#5360 = CARTESIAN_POINT('',(7.8,41.,5.38));
#5361 = DIRECTION('',(0.,-0.,1.));
#5362 = DIRECTION('',(0.961261695938,0.275637355817,0.));
#5363 = VECTOR('',#5364,1.);
#5364 = DIRECTION('',(0.,-0.,-1.));
#5365 = ADVANCED_FACE('',(#5366),#5372,.T.);
#5366 = FACE_BOUND('',#5367,.F.);
#5367 = EDGE_LOOP('',(#5368,#5369,#5370,#5371));
#5368 = ORIENTED_EDGE('',*,*,#5114,.F.);
#5369 = ORIENTED_EDGE('',*,*,#5299,.F.);
#5370 = ORIENTED_EDGE('',*,*,#5223,.T.);
#5371 = ORIENTED_EDGE('',*,*,#5348,.T.);
#5372 = CYLINDRICAL_SURFACE('',#5373,2.36);
#5373 = AXIS2_PLACEMENT_3D('',#5374,#5375,#5376);
#5374 = CARTESIAN_POINT('',(7.8,41.,5.38));
#5375 = DIRECTION('',(-0.,-0.,-1.));
#5376 = DIRECTION('',(1.,0.,0.));
#5377 = ( GEOMETRIC_REPRESENTATION_CONTEXT(3) 
GLOBAL_UNCERTAINTY_ASSIGNED_CONTEXT((#5381)) 
GLOBAL_UNIT_ASSIGNED_CONTEXT((#5378,#5379,#5380)) REPRESENTATION_CONTEXT
('Context #1','3D Context with UNIT and UNCERTAINTY') );
#5378 = ( LENGTH_UNIT() NAMED_UNIT(*) SI_UNIT(.MILLI.,.METRE.) );
#5379 = ( NAMED_UNIT(*) PLANE_ANGLE_UNIT() SI_UNIT($,.RADIAN.) );
#5380 = ( NAMED_UNIT(*) SI_UNIT($,.STERADIAN.) SOLID_ANGLE_UNIT() );
#5381 = UNCERTAINTY_MEASURE_WITH_UNIT(LENGTH_MEASURE(2.E-06),#5378,
  'distance_accuracy_value','confusion accuracy');
#5382 = CONTEXT_DEPENDENT_SHAPE_REPRESENTATION(#5383,#5385);
#5383 = ( REPRESENTATION_RELATIONSHIP('','',#5002,#10) 
REPRESENTATION_RELATIONSHIP_WITH_TRANSFORMATION(#5384) 
SHAPE_REPRESENTATION_RELATIONSHIP() );
#5384 = ITEM_DEFINED_TRANSFORMATION('','',#11,#87);
#5385 = PRODUCT_DEFINITION_SHAPE('Placement','Placement of an item',
  #5386);
#5386 = NEXT_ASSEMBLY_USAGE_OCCURRENCE('236','','',#5,#4997,$);
#5387 = PRODUCT_RELATED_PRODUCT_CATEGORY('part',$,(#4999));
#5388 = SHAPE_DEFINITION_REPRESENTATION(#5389,#5395);
#5389 = PRODUCT_DEFINITION_SHAPE('','',#5390);
#5390 = PRODUCT_DEFINITION('design','',#5391,#5394);
#5391 = PRODUCT_DEFINITION_FORMATION('','',#5392);
#5392 = PRODUCT('Open CASCADE STEP translator 7.8 5.20',
  'Open CASCADE STEP translator 7.8 5.20','',(#5393));
#5393 = PRODUCT_CONTEXT('',#2,'mechanical');
#5394 = PRODUCT_DEFINITION_CONTEXT('part definition',#2,'design');
#5395 = ADVANCED_BREP_SHAPE_REPRESENTATION('',(#11,#5396),#5770);
#5396 = MANIFOLD_SOLID_BREP('',#5397);
#5397 = CLOSED_SHELL('',(#5398,#5500,#5549,#5598,#5616,#5652,#5673,#5712
    ,#5730,#5758));
#5398 = ADVANCED_FACE('',(#5399,#5446,#5475),#5495,.F.);
#5399 = FACE_BOUND('',#5400,.F.);
#5400 = EDGE_LOOP('',(#5401,#5412,#5421,#5430,#5439));
#5401 = ORIENTED_EDGE('',*,*,#5402,.T.);
#5402 = EDGE_CURVE('',#5403,#5405,#5407,.T.);
#5403 = VERTEX_POINT('',#5404);
#5404 = CARTESIAN_POINT('',(49.62726088414,6.839527542165,5.38));
#5405 = VERTEX_POINT('',#5406);
#5406 = CARTESIAN_POINT('',(52.946709007301,7.063515398032,5.38));
#5407 = ELLIPSE('',#5408,4.2,1.4);
#5408 = AXIS2_PLACEMENT_3D('',#5409,#5410,#5411);
#5409 = CARTESIAN_POINT('',(49.,8.5,5.38));
#5410 = DIRECTION('',(-0.,0.,1.));
#5411 = DIRECTION('',(0.939692620786,-0.342020143326,0.));
#5412 = ORIENTED_EDGE('',*,*,#5413,.T.);
#5413 = EDGE_CURVE('',#5405,#5414,#5416,.T.);
#5414 = VERTEX_POINT('',#5415);
#5415 = CARTESIAN_POINT('',(50.547840836803,9.368800174911,5.38));
#5416 = ELLIPSE('',#5417,4.2,1.4);
#5417 = AXIS2_PLACEMENT_3D('',#5418,#5419,#5420);
#5418 = CARTESIAN_POINT('',(49.,8.5,5.38));
#5419 = DIRECTION('',(-0.,0.,1.));
#5420 = DIRECTION('',(0.939692620786,-0.342020143326,0.));
#5421 = ORIENTED_EDGE('',*,*,#5422,.T.);
#5422 = EDGE_CURVE('',#5414,#5423,#5425,.T.);
#5423 = VERTEX_POINT('',#5424);
#5424 = CARTESIAN_POINT('',(48.37273911586,10.160472457835,5.38));
#5425 = CIRCLE('',#5426,1.775);
#5426 = AXIS2_PLACEMENT_3D('',#5427,#5428,#5429);
#5427 = CARTESIAN_POINT('',(49.,8.5,5.38));
#5428 = DIRECTION('',(0.,0.,1.));
#5429 = DIRECTION('',(1.,0.,0.));
#5430 = ORIENTED_EDGE('',*,*,#5431,.T.);
#5431 = EDGE_CURVE('',#5423,#5432,#5434,.T.);
#5432 = VERTEX_POINT('',#5433);
#5433 = CARTESIAN_POINT('',(47.452159163197,7.63119982509,5.38));
#5434 = ELLIPSE('',#5435,4.2,1.4);
#5435 = AXIS2_PLACEMENT_3D('',#5436,#5437,#5438);
#5436 = CARTESIAN_POINT('',(49.,8.5,5.38));
#5437 = DIRECTION('',(-0.,0.,1.));
#5438 = DIRECTION('',(0.939692620786,-0.342020143326,0.));
#5439 = ORIENTED_EDGE('',*,*,#5440,.T.);
#5440 = EDGE_CURVE('',#5432,#5403,#5441,.T.);
#5441 = CIRCLE('',#5442,1.775);
#5442 = AXIS2_PLACEMENT_3D('',#5443,#5444,#5445);
#5443 = CARTESIAN_POINT('',(49.,8.5,5.38));
#5444 = DIRECTION('',(0.,0.,1.));
#5445 = DIRECTION('',(1.,0.,0.));
#5446 = FACE_BOUND('',#5447,.F.);
#5447 = EDGE_LOOP('',(#5448,#5459,#5468));
#5448 = ORIENTED_EDGE('',*,*,#5449,.F.);
#5449 = EDGE_CURVE('',#5450,#5452,#5454,.T.);
#5450 = VERTEX_POINT('',#5451);
#5451 = CARTESIAN_POINT('',(50.408648377177,7.420030208998,5.38));
#5452 = VERTEX_POINT('',#5453);
#5453 = CARTESIAN_POINT('',(51.89184479218,7.447454573529,5.38));
#5454 = ELLIPSE('',#5455,3.1,0.64);
#5455 = AXIS2_PLACEMENT_3D('',#5456,#5457,#5458);
#5456 = CARTESIAN_POINT('',(48.978797667744,8.507717017838,5.38));
#5457 = DIRECTION('',(-0.,0.,1.));
#5458 = DIRECTION('',(0.939692620786,-0.342020143326,0.));
#5459 = ORIENTED_EDGE('',*,*,#5460,.T.);
#5460 = EDGE_CURVE('',#5450,#5461,#5463,.T.);
#5461 = VERTEX_POINT('',#5462);
#5462 = CARTESIAN_POINT('',(50.773278462137,8.421843133879,5.38));
#5463 = CIRCLE('',#5464,1.775);
#5464 = AXIS2_PLACEMENT_3D('',#5465,#5466,#5467);
#5465 = CARTESIAN_POINT('',(49.,8.5,5.38));
#5466 = DIRECTION('',(0.,0.,1.));
#5467 = DIRECTION('',(1.,0.,0.));
#5468 = ORIENTED_EDGE('',*,*,#5469,.F.);
#5469 = EDGE_CURVE('',#5452,#5461,#5470,.T.);
#5470 = ELLIPSE('',#5471,3.1,0.64);
#5471 = AXIS2_PLACEMENT_3D('',#5472,#5473,#5474);
#5472 = CARTESIAN_POINT('',(48.978797667744,8.507717017838,5.38));
#5473 = DIRECTION('',(-0.,0.,1.));
#5474 = DIRECTION('',(0.939692620786,-0.342020143326,0.));
#5475 = FACE_BOUND('',#5476,.F.);
#5476 = EDGE_LOOP('',(#5477,#5488));
#5477 = ORIENTED_EDGE('',*,*,#5478,.T.);
#5478 = EDGE_CURVE('',#5479,#5481,#5483,.T.);
#5479 = VERTEX_POINT('',#5480);
#5480 = CARTESIAN_POINT('',(47.595407692068,9.585239811515,5.38));
#5481 = VERTEX_POINT('',#5482);
#5482 = CARTESIAN_POINT('',(47.22644116328,8.571512605137,5.38));
#5483 = CIRCLE('',#5484,1.775);
#5484 = AXIS2_PLACEMENT_3D('',#5485,#5486,#5487);
#5485 = CARTESIAN_POINT('',(49.,8.5,5.38));
#5486 = DIRECTION('',(0.,0.,1.));
#5487 = DIRECTION('',(1.,0.,0.));
#5488 = ORIENTED_EDGE('',*,*,#5489,.F.);
#5489 = EDGE_CURVE('',#5479,#5481,#5490,.T.);
#5490 = ELLIPSE('',#5491,3.1,0.64);
#5491 = AXIS2_PLACEMENT_3D('',#5492,#5493,#5494);
#5492 = CARTESIAN_POINT('',(48.978797667744,8.507717017838,5.38));
#5493 = DIRECTION('',(-0.,0.,1.));
#5494 = DIRECTION('',(0.939692620786,-0.342020143326,0.));
#5495 = PLANE('',#5496);
#5496 = AXIS2_PLACEMENT_3D('',#5497,#5498,#5499);
#5497 = CARTESIAN_POINT('',(49.,8.5,5.38));
#5498 = DIRECTION('',(0.,0.,1.));
#5499 = DIRECTION('',(1.,0.,-0.));
#5500 = ADVANCED_FACE('',(#5501),#5541,.F.);
#5501 = FACE_BOUND('',#5502,.F.);
#5502 = EDGE_LOOP('',(#5503,#5514,#5523,#5531,#5532,#5533));
#5503 = ORIENTED_EDGE('',*,*,#5504,.T.);
#5504 = EDGE_CURVE('',#5505,#5507,#5509,.T.);
#5505 = VERTEX_POINT('',#5506);
#5506 = CARTESIAN_POINT('',(49.62726088414,6.839527542165,5.86));
#5507 = VERTEX_POINT('',#5508);
#5508 = CARTESIAN_POINT('',(52.946709007301,7.063515398032,5.86));
#5509 = ELLIPSE('',#5510,4.2,1.4);
#5510 = AXIS2_PLACEMENT_3D('',#5511,#5512,#5513);
#5511 = CARTESIAN_POINT('',(49.,8.5,5.86));
#5512 = DIRECTION('',(-0.,0.,1.));
#5513 = DIRECTION('',(0.939692620786,-0.342020143326,0.));
#5514 = ORIENTED_EDGE('',*,*,#5515,.T.);
#5515 = EDGE_CURVE('',#5507,#5516,#5518,.T.);
#5516 = VERTEX_POINT('',#5517);
#5517 = CARTESIAN_POINT('',(50.547840836803,9.368800174911,5.86));
#5518 = ELLIPSE('',#5519,4.2,1.4);
#5519 = AXIS2_PLACEMENT_3D('',#5520,#5521,#5522);
#5520 = CARTESIAN_POINT('',(49.,8.5,5.86));
#5521 = DIRECTION('',(-0.,0.,1.));
#5522 = DIRECTION('',(0.939692620786,-0.342020143326,0.));
#5523 = ORIENTED_EDGE('',*,*,#5524,.T.);
#5524 = EDGE_CURVE('',#5516,#5414,#5525,.T.);
#5525 = B_SPLINE_CURVE_WITH_KNOTS('',4,(#5526,#5527,#5528,#5529,#5530),
  .UNSPECIFIED.,.F.,.F.,(5,5),(0.,1.),.PIECEWISE_BEZIER_KNOTS.);
#5526 = CARTESIAN_POINT('',(50.547840836803,9.36880017491,5.8600006));
#5527 = CARTESIAN_POINT('',(50.547840836803,9.36880017491,5.7400003));
#5528 = CARTESIAN_POINT('',(50.547840836803,9.36880017491,5.62));
#5529 = CARTESIAN_POINT('',(50.547840836803,9.36880017491,5.4999997));
#5530 = CARTESIAN_POINT('',(50.547840836803,9.36880017491,5.3799994));
#5531 = ORIENTED_EDGE('',*,*,#5413,.F.);
#5532 = ORIENTED_EDGE('',*,*,#5402,.F.);
#5533 = ORIENTED_EDGE('',*,*,#5534,.F.);
#5534 = EDGE_CURVE('',#5505,#5403,#5535,.T.);
#5535 = B_SPLINE_CURVE_WITH_KNOTS('',4,(#5536,#5537,#5538,#5539,#5540),
  .UNSPECIFIED.,.F.,.F.,(5,5),(0.,1.),.PIECEWISE_BEZIER_KNOTS.);
#5536 = CARTESIAN_POINT('',(49.62726088414,6.839527542165,5.8600006));
#5537 = CARTESIAN_POINT('',(49.62726088414,6.839527542165,5.7400003));
#5538 = CARTESIAN_POINT('',(49.62726088414,6.839527542165,5.62));
#5539 = CARTESIAN_POINT('',(49.62726088414,6.839527542165,5.4999997));
#5540 = CARTESIAN_POINT('',(49.62726088414,6.839527542165,5.3799994));
#5541 = SURFACE_OF_LINEAR_EXTRUSION('',#5542,#5547);
#5542 = ELLIPSE('',#5543,4.2,1.4);
#5543 = AXIS2_PLACEMENT_3D('',#5544,#5545,#5546);
#5544 = CARTESIAN_POINT('',(49.,8.5,5.38));
#5545 = DIRECTION('',(-0.,0.,1.));
#5546 = DIRECTION('',(0.939692620786,-0.342020143326,0.));
#5547 = VECTOR('',#5548,1.);
#5548 = DIRECTION('',(-0.,0.,-1.));
#5549 = ADVANCED_FACE('',(#5550),#5590,.T.);
#5550 = FACE_BOUND('',#5551,.T.);
#5551 = EDGE_LOOP('',(#5552,#5563,#5572,#5580,#5581,#5582));
#5552 = ORIENTED_EDGE('',*,*,#5553,.T.);
#5553 = EDGE_CURVE('',#5554,#5556,#5558,.T.);
#5554 = VERTEX_POINT('',#5555);
#5555 = CARTESIAN_POINT('',(50.408648377177,7.420030208998,5.86));
#5556 = VERTEX_POINT('',#5557);
#5557 = CARTESIAN_POINT('',(51.89184479218,7.447454573529,5.86));
#5558 = ELLIPSE('',#5559,3.1,0.64);
#5559 = AXIS2_PLACEMENT_3D('',#5560,#5561,#5562);
#5560 = CARTESIAN_POINT('',(48.978797667744,8.507717017838,5.86));
#5561 = DIRECTION('',(-0.,0.,1.));
#5562 = DIRECTION('',(0.939692620786,-0.342020143326,0.));
#5563 = ORIENTED_EDGE('',*,*,#5564,.T.);
#5564 = EDGE_CURVE('',#5556,#5565,#5567,.T.);
#5565 = VERTEX_POINT('',#5566);
#5566 = CARTESIAN_POINT('',(50.773278462137,8.421843133879,5.86));
#5567 = ELLIPSE('',#5568,3.1,0.64);
#5568 = AXIS2_PLACEMENT_3D('',#5569,#5570,#5571);
#5569 = CARTESIAN_POINT('',(48.978797667744,8.507717017838,5.86));
#5570 = DIRECTION('',(-0.,0.,1.));
#5571 = DIRECTION('',(0.939692620786,-0.342020143326,0.));
#5572 = ORIENTED_EDGE('',*,*,#5573,.T.);
#5573 = EDGE_CURVE('',#5565,#5461,#5574,.T.);
#5574 = B_SPLINE_CURVE_WITH_KNOTS('',4,(#5575,#5576,#5577,#5578,#5579),
  .UNSPECIFIED.,.F.,.F.,(5,5),(0.,1.),.PIECEWISE_BEZIER_KNOTS.);
#5575 = CARTESIAN_POINT('',(50.773278462137,8.421843133879,5.8600006));
#5576 = CARTESIAN_POINT('',(50.773278462137,8.421843133879,5.7400003));
#5577 = CARTESIAN_POINT('',(50.773278462137,8.421843133879,5.62));
#5578 = CARTESIAN_POINT('',(50.773278462137,8.421843133879,5.4999997));
#5579 = CARTESIAN_POINT('',(50.773278462137,8.421843133879,5.3799994));
#5580 = ORIENTED_EDGE('',*,*,#5469,.F.);
#5581 = ORIENTED_EDGE('',*,*,#5449,.F.);
#5582 = ORIENTED_EDGE('',*,*,#5583,.F.);
#5583 = EDGE_CURVE('',#5554,#5450,#5584,.T.);
#5584 = B_SPLINE_CURVE_WITH_KNOTS('',4,(#5585,#5586,#5587,#5588,#5589),
  .UNSPECIFIED.,.F.,.F.,(5,5),(0.,1.),.PIECEWISE_BEZIER_KNOTS.);
#5585 = CARTESIAN_POINT('',(50.408648377177,7.420030208998,5.8600006));
#5586 = CARTESIAN_POINT('',(50.408648377177,7.420030208998,5.7400003));
#5587 = CARTESIAN_POINT('',(50.408648377177,7.420030208998,5.62));
#5588 = CARTESIAN_POINT('',(50.408648377177,7.420030208998,5.4999997));
#5589 = CARTESIAN_POINT('',(50.408648377177,7.420030208998,5.3799994));
#5590 = SURFACE_OF_LINEAR_EXTRUSION('',#5591,#5596);
#5591 = ELLIPSE('',#5592,3.1,0.64);
#5592 = AXIS2_PLACEMENT_3D('',#5593,#5594,#5595);
#5593 = CARTESIAN_POINT('',(48.978797667744,8.507717017838,5.38));
#5594 = DIRECTION('',(-0.,0.,1.));
#5595 = DIRECTION('',(0.939692620786,-0.342020143326,0.));
#5596 = VECTOR('',#5597,1.);
#5597 = DIRECTION('',(-0.,0.,-1.));
#5598 = ADVANCED_FACE('',(#5599),#5611,.T.);
#5599 = FACE_BOUND('',#5600,.F.);
#5600 = EDGE_LOOP('',(#5601,#5602,#5603,#5604));
#5601 = ORIENTED_EDGE('',*,*,#5573,.T.);
#5602 = ORIENTED_EDGE('',*,*,#5460,.F.);
#5603 = ORIENTED_EDGE('',*,*,#5583,.F.);
#5604 = ORIENTED_EDGE('',*,*,#5605,.T.);
#5605 = EDGE_CURVE('',#5554,#5565,#5606,.T.);
#5606 = CIRCLE('',#5607,1.775);
#5607 = AXIS2_PLACEMENT_3D('',#5608,#5609,#5610);
#5608 = CARTESIAN_POINT('',(49.,8.5,5.86));
#5609 = DIRECTION('',(0.,0.,1.));
#5610 = DIRECTION('',(1.,0.,0.));
#5611 = CYLINDRICAL_SURFACE('',#5612,1.775);
#5612 = AXIS2_PLACEMENT_3D('',#5613,#5614,#5615);
#5613 = CARTESIAN_POINT('',(49.,8.5,5.38));
#5614 = DIRECTION('',(-0.,-0.,-1.));
#5615 = DIRECTION('',(1.,0.,0.));
#5616 = ADVANCED_FACE('',(#5617),#5647,.T.);
#5617 = FACE_BOUND('',#5618,.F.);
#5618 = EDGE_LOOP('',(#5619,#5620,#5630,#5639));
#5619 = ORIENTED_EDGE('',*,*,#5478,.F.);
#5620 = ORIENTED_EDGE('',*,*,#5621,.F.);
#5621 = EDGE_CURVE('',#5622,#5479,#5624,.T.);
#5622 = VERTEX_POINT('',#5623);
#5623 = CARTESIAN_POINT('',(47.595407692068,9.585239811515,5.86));
#5624 = B_SPLINE_CURVE_WITH_KNOTS('',4,(#5625,#5626,#5627,#5628,#5629),
  .UNSPECIFIED.,.F.,.F.,(5,5),(0.,1.),.PIECEWISE_BEZIER_KNOTS.);
#5625 = CARTESIAN_POINT('',(47.595407692068,9.585239811515,5.8600006));
#5626 = CARTESIAN_POINT('',(47.595407692068,9.585239811515,5.7400003));
#5627 = CARTESIAN_POINT('',(47.595407692068,9.585239811515,5.62));
#5628 = CARTESIAN_POINT('',(47.595407692068,9.585239811515,5.4999997));
#5629 = CARTESIAN_POINT('',(47.595407692068,9.585239811515,5.3799994));
#5630 = ORIENTED_EDGE('',*,*,#5631,.T.);
#5631 = EDGE_CURVE('',#5622,#5632,#5634,.T.);
#5632 = VERTEX_POINT('',#5633);
#5633 = CARTESIAN_POINT('',(47.22644116328,8.571512605137,5.86));
#5634 = CIRCLE('',#5635,1.775);
#5635 = AXIS2_PLACEMENT_3D('',#5636,#5637,#5638);
#5636 = CARTESIAN_POINT('',(49.,8.5,5.86));
#5637 = DIRECTION('',(0.,0.,1.));
#5638 = DIRECTION('',(1.,0.,0.));
#5639 = ORIENTED_EDGE('',*,*,#5640,.T.);
#5640 = EDGE_CURVE('',#5632,#5481,#5641,.T.);
#5641 = B_SPLINE_CURVE_WITH_KNOTS('',4,(#5642,#5643,#5644,#5645,#5646),
  .UNSPECIFIED.,.F.,.F.,(5,5),(0.,1.),.PIECEWISE_BEZIER_KNOTS.);
#5642 = CARTESIAN_POINT('',(47.22644116328,8.571512605137,5.8600006));
#5643 = CARTESIAN_POINT('',(47.22644116328,8.571512605137,5.7400003));
#5644 = CARTESIAN_POINT('',(47.22644116328,8.571512605137,5.62));
#5645 = CARTESIAN_POINT('',(47.22644116328,8.571512605137,5.4999997));
#5646 = CARTESIAN_POINT('',(47.22644116328,8.571512605137,5.3799994));
#5647 = CYLINDRICAL_SURFACE('',#5648,1.775);
#5648 = AXIS2_PLACEMENT_3D('',#5649,#5650,#5651);
#5649 = CARTESIAN_POINT('',(49.,8.5,5.38));
#5650 = DIRECTION('',(-0.,-0.,-1.));
#5651 = DIRECTION('',(1.,0.,0.));
#5652 = ADVANCED_FACE('',(#5653),#5665,.T.);
#5653 = FACE_BOUND('',#5654,.T.);
#5654 = EDGE_LOOP('',(#5655,#5656,#5657,#5664));
#5655 = ORIENTED_EDGE('',*,*,#5489,.F.);
#5656 = ORIENTED_EDGE('',*,*,#5621,.F.);
#5657 = ORIENTED_EDGE('',*,*,#5658,.T.);
#5658 = EDGE_CURVE('',#5622,#5632,#5659,.T.);
#5659 = ELLIPSE('',#5660,3.1,0.64);
#5660 = AXIS2_PLACEMENT_3D('',#5661,#5662,#5663);
#5661 = CARTESIAN_POINT('',(48.978797667744,8.507717017838,5.86));
#5662 = DIRECTION('',(-0.,0.,1.));
#5663 = DIRECTION('',(0.939692620786,-0.342020143326,0.));
#5664 = ORIENTED_EDGE('',*,*,#5640,.T.);
#5665 = SURFACE_OF_LINEAR_EXTRUSION('',#5666,#5671);
#5666 = ELLIPSE('',#5667,3.1,0.64);
#5667 = AXIS2_PLACEMENT_3D('',#5668,#5669,#5670);
#5668 = CARTESIAN_POINT('',(48.978797667744,8.507717017838,5.38));
#5669 = DIRECTION('',(-0.,0.,1.));
#5670 = DIRECTION('',(0.939692620786,-0.342020143326,0.));
#5671 = VECTOR('',#5672,1.);
#5672 = DIRECTION('',(-0.,0.,-1.));
#5673 = ADVANCED_FACE('',(#5674),#5704,.F.);
#5674 = FACE_BOUND('',#5675,.F.);
#5675 = EDGE_LOOP('',(#5676,#5677,#5687,#5696));
#5676 = ORIENTED_EDGE('',*,*,#5431,.F.);
#5677 = ORIENTED_EDGE('',*,*,#5678,.F.);
#5678 = EDGE_CURVE('',#5679,#5423,#5681,.T.);
#5679 = VERTEX_POINT('',#5680);
#5680 = CARTESIAN_POINT('',(48.37273911586,10.160472457835,5.86));
#5681 = B_SPLINE_CURVE_WITH_KNOTS('',4,(#5682,#5683,#5684,#5685,#5686),
  .UNSPECIFIED.,.F.,.F.,(5,5),(0.,1.),.PIECEWISE_BEZIER_KNOTS.);
#5682 = CARTESIAN_POINT('',(48.37273911586,10.160472457835,5.8600006));
#5683 = CARTESIAN_POINT('',(48.37273911586,10.160472457835,5.7400003));
#5684 = CARTESIAN_POINT('',(48.37273911586,10.160472457835,5.62));
#5685 = CARTESIAN_POINT('',(48.37273911586,10.160472457835,5.4999997));
#5686 = CARTESIAN_POINT('',(48.37273911586,10.160472457835,5.3799994));
#5687 = ORIENTED_EDGE('',*,*,#5688,.T.);
#5688 = EDGE_CURVE('',#5679,#5689,#5691,.T.);
#5689 = VERTEX_POINT('',#5690);
#5690 = CARTESIAN_POINT('',(47.452159163197,7.63119982509,5.86));
#5691 = ELLIPSE('',#5692,4.2,1.4);
#5692 = AXIS2_PLACEMENT_3D('',#5693,#5694,#5695);
#5693 = CARTESIAN_POINT('',(49.,8.5,5.86));
#5694 = DIRECTION('',(-0.,0.,1.));
#5695 = DIRECTION('',(0.939692620786,-0.342020143326,0.));
#5696 = ORIENTED_EDGE('',*,*,#5697,.T.);
#5697 = EDGE_CURVE('',#5689,#5432,#5698,.T.);
#5698 = B_SPLINE_CURVE_WITH_KNOTS('',4,(#5699,#5700,#5701,#5702,#5703),
  .UNSPECIFIED.,.F.,.F.,(5,5),(0.,1.),.PIECEWISE_BEZIER_KNOTS.);
#5699 = CARTESIAN_POINT('',(47.452159163197,7.63119982509,5.8600006));
#5700 = CARTESIAN_POINT('',(47.452159163197,7.63119982509,5.7400003));
#5701 = CARTESIAN_POINT('',(47.452159163197,7.63119982509,5.62));
#5702 = CARTESIAN_POINT('',(47.452159163197,7.63119982509,5.4999997));
#5703 = CARTESIAN_POINT('',(47.452159163197,7.63119982509,5.3799994));
#5704 = SURFACE_OF_LINEAR_EXTRUSION('',#5705,#5710);
#5705 = ELLIPSE('',#5706,4.2,1.4);
#5706 = AXIS2_PLACEMENT_3D('',#5707,#5708,#5709);
#5707 = CARTESIAN_POINT('',(49.,8.5,5.38));
#5708 = DIRECTION('',(-0.,0.,1.));
#5709 = DIRECTION('',(0.939692620786,-0.342020143326,0.));
#5710 = VECTOR('',#5711,1.);
#5711 = DIRECTION('',(-0.,0.,-1.));
#5712 = ADVANCED_FACE('',(#5713),#5725,.T.);
#5713 = FACE_BOUND('',#5714,.F.);
#5714 = EDGE_LOOP('',(#5715,#5716,#5717,#5724));
#5715 = ORIENTED_EDGE('',*,*,#5422,.F.);
#5716 = ORIENTED_EDGE('',*,*,#5524,.F.);
#5717 = ORIENTED_EDGE('',*,*,#5718,.T.);
#5718 = EDGE_CURVE('',#5516,#5679,#5719,.T.);
#5719 = CIRCLE('',#5720,1.775);
#5720 = AXIS2_PLACEMENT_3D('',#5721,#5722,#5723);
#5721 = CARTESIAN_POINT('',(49.,8.5,5.86));
#5722 = DIRECTION('',(0.,0.,1.));
#5723 = DIRECTION('',(1.,0.,0.));
#5724 = ORIENTED_EDGE('',*,*,#5678,.T.);
#5725 = CYLINDRICAL_SURFACE('',#5726,1.775);
#5726 = AXIS2_PLACEMENT_3D('',#5727,#5728,#5729);
#5727 = CARTESIAN_POINT('',(49.,8.5,5.38));
#5728 = DIRECTION('',(-0.,-0.,-1.));
#5729 = DIRECTION('',(1.,0.,0.));
#5730 = ADVANCED_FACE('',(#5731,#5744,#5749),#5753,.T.);
#5731 = FACE_BOUND('',#5732,.T.);
#5732 = EDGE_LOOP('',(#5733,#5734,#5735,#5736,#5737));
#5733 = ORIENTED_EDGE('',*,*,#5504,.T.);
#5734 = ORIENTED_EDGE('',*,*,#5515,.T.);
#5735 = ORIENTED_EDGE('',*,*,#5718,.T.);
#5736 = ORIENTED_EDGE('',*,*,#5688,.T.);
#5737 = ORIENTED_EDGE('',*,*,#5738,.T.);
#5738 = EDGE_CURVE('',#5689,#5505,#5739,.T.);
#5739 = CIRCLE('',#5740,1.775);
#5740 = AXIS2_PLACEMENT_3D('',#5741,#5742,#5743);
#5741 = CARTESIAN_POINT('',(49.,8.5,5.86));
#5742 = DIRECTION('',(0.,0.,1.));
#5743 = DIRECTION('',(1.,0.,0.));
#5744 = FACE_BOUND('',#5745,.T.);
#5745 = EDGE_LOOP('',(#5746,#5747,#5748));
#5746 = ORIENTED_EDGE('',*,*,#5553,.F.);
#5747 = ORIENTED_EDGE('',*,*,#5605,.T.);
#5748 = ORIENTED_EDGE('',*,*,#5564,.F.);
#5749 = FACE_BOUND('',#5750,.T.);
#5750 = EDGE_LOOP('',(#5751,#5752));
#5751 = ORIENTED_EDGE('',*,*,#5631,.T.);
#5752 = ORIENTED_EDGE('',*,*,#5658,.F.);
#5753 = PLANE('',#5754);
#5754 = AXIS2_PLACEMENT_3D('',#5755,#5756,#5757);
#5755 = CARTESIAN_POINT('',(49.516196361447,8.312119889397,5.86));
#5756 = DIRECTION('',(0.,0.,1.));
#5757 = DIRECTION('',(0.939692620786,-0.342020143326,0.));
#5758 = ADVANCED_FACE('',(#5759),#5765,.T.);
#5759 = FACE_BOUND('',#5760,.F.);
#5760 = EDGE_LOOP('',(#5761,#5762,#5763,#5764));
#5761 = ORIENTED_EDGE('',*,*,#5534,.T.);
#5762 = ORIENTED_EDGE('',*,*,#5440,.F.);
#5763 = ORIENTED_EDGE('',*,*,#5697,.F.);
#5764 = ORIENTED_EDGE('',*,*,#5738,.T.);
#5765 = CYLINDRICAL_SURFACE('',#5766,1.775);
#5766 = AXIS2_PLACEMENT_3D('',#5767,#5768,#5769);
#5767 = CARTESIAN_POINT('',(49.,8.5,5.38));
#5768 = DIRECTION('',(-0.,-0.,-1.));
#5769 = DIRECTION('',(1.,0.,0.));
#5770 = ( GEOMETRIC_REPRESENTATION_CONTEXT(3) 
GLOBAL_UNCERTAINTY_ASSIGNED_CONTEXT((#5774)) 
GLOBAL_UNIT_ASSIGNED_CONTEXT((#5771,#5772,#5773)) REPRESENTATION_CONTEXT
('Context #1','3D Context with UNIT and UNCERTAINTY') );
#5771 = ( LENGTH_UNIT() NAMED_UNIT(*) SI_UNIT(.MILLI.,.METRE.) );
#5772 = ( NAMED_UNIT(*) PLANE_ANGLE_UNIT() SI_UNIT($,.RADIAN.) );
#5773 = ( NAMED_UNIT(*) SI_UNIT($,.STERADIAN.) SOLID_ANGLE_UNIT() );
#5774 = UNCERTAINTY_MEASURE_WITH_UNIT(LENGTH_MEASURE(2.E-06),#5771,
  'distance_accuracy_value','confusion accuracy');
#5775 = CONTEXT_DEPENDENT_SHAPE_REPRESENTATION(#5776,#5778);
#5776 = ( REPRESENTATION_RELATIONSHIP('','',#5395,#10) 
REPRESENTATION_RELATIONSHIP_WITH_TRANSFORMATION(#5777) 
SHAPE_REPRESENTATION_RELATIONSHIP() );
#5777 = ITEM_DEFINED_TRANSFORMATION('','',#11,#91);
#5778 = PRODUCT_DEFINITION_SHAPE('Placement','Placement of an item',
  #5779);
#5779 = NEXT_ASSEMBLY_USAGE_OCCURRENCE('237','','',#5,#5390,$);
#5780 = PRODUCT_RELATED_PRODUCT_CATEGORY('part',$,(#5392));
#5781 = SHAPE_DEFINITION_REPRESENTATION(#5782,#5788);
#5782 = PRODUCT_DEFINITION_SHAPE('','',#5783);
#5783 = PRODUCT_DEFINITION('design','',#5784,#5787);
#5784 = PRODUCT_DEFINITION_FORMATION('','',#5785);
#5785 = PRODUCT('Open CASCADE STEP translator 7.8 5.21',
  'Open CASCADE STEP translator 7.8 5.21','',(#5786));
#5786 = PRODUCT_CONTEXT('',#2,'mechanical');
#5787 = PRODUCT_DEFINITION_CONTEXT('part definition',#2,'design');
#5788 = ADVANCED_BREP_SHAPE_REPRESENTATION('',(#11,#5789),#6163);
#5789 = MANIFOLD_SOLID_BREP('',#5790);
#5790 = CLOSED_SHELL('',(#5791,#5893,#5942,#5991,#6018,#6057,#6087,#6105
    ,#6123,#6151));
#5791 = ADVANCED_FACE('',(#5792,#5839,#5868),#5888,.F.);
#5792 = FACE_BOUND('',#5793,.F.);
#5793 = EDGE_LOOP('',(#5794,#5805,#5814,#5823,#5832));
#5794 = ORIENTED_EDGE('',*,*,#5795,.T.);
#5795 = EDGE_CURVE('',#5796,#5798,#5800,.T.);
#5796 = VERTEX_POINT('',#5797);
#5797 = CARTESIAN_POINT('',(-45.51807799091,-31.57620062389,5.38));
#5798 = VERTEX_POINT('',#5799);
#5799 = CARTESIAN_POINT('',(-43.65648614776,-29.36925933394,5.38));
#5800 = ELLIPSE('',#5801,3.72,1.22);
#5801 = AXIS2_PLACEMENT_3D('',#5802,#5803,#5804);
#5802 = CARTESIAN_POINT('',(-47.,-31.,5.38));
#5803 = DIRECTION('',(0.,-0.,1.));
#5804 = DIRECTION('',(0.898794046299,0.438371146789,0.));
#5805 = ORIENTED_EDGE('',*,*,#5806,.T.);
#5806 = EDGE_CURVE('',#5798,#5807,#5809,.T.);
#5807 = VERTEX_POINT('',#5808);
#5808 = CARTESIAN_POINT('',(-46.54168999743,-29.47748499464,5.38));
#5809 = ELLIPSE('',#5810,3.72,1.22);
#5810 = AXIS2_PLACEMENT_3D('',#5811,#5812,#5813);
#5811 = CARTESIAN_POINT('',(-47.,-31.,5.38));
#5812 = DIRECTION('',(0.,-0.,1.));
#5813 = DIRECTION('',(0.898794046299,0.438371146789,0.));
#5814 = ORIENTED_EDGE('',*,*,#5815,.T.);
#5815 = EDGE_CURVE('',#5807,#5816,#5818,.T.);
#5816 = VERTEX_POINT('',#5817);
#5817 = CARTESIAN_POINT('',(-48.48192200908,-30.4237993761,5.38));
#5818 = CIRCLE('',#5819,1.59);
#5819 = AXIS2_PLACEMENT_3D('',#5820,#5821,#5822);
#5820 = CARTESIAN_POINT('',(-47.,-31.,5.38));
#5821 = DIRECTION('',(0.,0.,1.));
#5822 = DIRECTION('',(1.,0.,0.));
#5823 = ORIENTED_EDGE('',*,*,#5824,.T.);
#5824 = EDGE_CURVE('',#5816,#5825,#5827,.T.);
#5825 = VERTEX_POINT('',#5826);
#5826 = CARTESIAN_POINT('',(-47.45831000256,-32.52251500536,5.38));
#5827 = ELLIPSE('',#5828,3.72,1.22);
#5828 = AXIS2_PLACEMENT_3D('',#5829,#5830,#5831);
#5829 = CARTESIAN_POINT('',(-47.,-31.,5.38));
#5830 = DIRECTION('',(0.,-0.,1.));
#5831 = DIRECTION('',(0.898794046299,0.438371146789,0.));
#5832 = ORIENTED_EDGE('',*,*,#5833,.T.);
#5833 = EDGE_CURVE('',#5825,#5796,#5834,.T.);
#5834 = CIRCLE('',#5835,1.59);
#5835 = AXIS2_PLACEMENT_3D('',#5836,#5837,#5838);
#5836 = CARTESIAN_POINT('',(-47.,-31.,5.38));
#5837 = DIRECTION('',(0.,0.,1.));
#5838 = DIRECTION('',(1.,0.,0.));
#5839 = FACE_BOUND('',#5840,.F.);
#5840 = EDGE_LOOP('',(#5841,#5852,#5861));
#5841 = ORIENTED_EDGE('',*,*,#5842,.F.);
#5842 = EDGE_CURVE('',#5843,#5845,#5847,.T.);
#5843 = VERTEX_POINT('',#5844);
#5844 = CARTESIAN_POINT('',(-45.42937105089,-30.75256373706,5.38));
#5845 = VERTEX_POINT('',#5846);
#5846 = CARTESIAN_POINT('',(-44.51988050438,-29.79036489845,5.38));
#5847 = ELLIPSE('',#5848,2.78,0.56);
#5848 = AXIS2_PLACEMENT_3D('',#5849,#5850,#5851);
#5849 = CARTESIAN_POINT('',(-47.01852795309,-31.00903668652,5.38));
#5850 = DIRECTION('',(0.,-0.,1.));
#5851 = DIRECTION('',(0.898794046299,0.438371146789,0.));
#5852 = ORIENTED_EDGE('',*,*,#5853,.T.);
#5853 = EDGE_CURVE('',#5843,#5854,#5856,.T.);
#5854 = VERTEX_POINT('',#5855);
#5855 = CARTESIAN_POINT('',(-45.83804182797,-29.91466447286,5.38));
#5856 = CIRCLE('',#5857,1.59);
#5857 = AXIS2_PLACEMENT_3D('',#5858,#5859,#5860);
#5858 = CARTESIAN_POINT('',(-47.,-31.,5.38));
#5859 = DIRECTION('',(0.,0.,1.));
#5860 = DIRECTION('',(1.,0.,0.));
#5861 = ORIENTED_EDGE('',*,*,#5862,.F.);
#5862 = EDGE_CURVE('',#5845,#5854,#5863,.T.);
#5863 = ELLIPSE('',#5864,2.78,0.56);
#5864 = AXIS2_PLACEMENT_3D('',#5865,#5866,#5867);
#5865 = CARTESIAN_POINT('',(-47.01852795309,-31.00903668652,5.38));
#5866 = DIRECTION('',(0.,-0.,1.));
#5867 = DIRECTION('',(0.898794046299,0.438371146789,0.));
#5868 = FACE_BOUND('',#5869,.F.);
#5869 = EDGE_LOOP('',(#5870,#5881));
#5870 = ORIENTED_EDGE('',*,*,#5871,.F.);
#5871 = EDGE_CURVE('',#5872,#5874,#5876,.T.);
#5872 = VERTEX_POINT('',#5873);
#5873 = CARTESIAN_POINT('',(-48.57153813904,-31.24159444844,5.38));
#5874 = VERTEX_POINT('',#5875);
#5875 = CARTESIAN_POINT('',(-48.15791451259,-32.08964855871,5.38));
#5876 = ELLIPSE('',#5877,2.78,0.56);
#5877 = AXIS2_PLACEMENT_3D('',#5878,#5879,#5880);
#5878 = CARTESIAN_POINT('',(-47.01852795309,-31.00903668652,5.38));
#5879 = DIRECTION('',(0.,-0.,1.));
#5880 = DIRECTION('',(0.898794046299,0.438371146789,0.));
#5881 = ORIENTED_EDGE('',*,*,#5882,.T.);
#5882 = EDGE_CURVE('',#5872,#5874,#5883,.T.);
#5883 = CIRCLE('',#5884,1.59);
#5884 = AXIS2_PLACEMENT_3D('',#5885,#5886,#5887);
#5885 = CARTESIAN_POINT('',(-47.,-31.,5.38));
#5886 = DIRECTION('',(0.,0.,1.));
#5887 = DIRECTION('',(1.,0.,0.));
#5888 = PLANE('',#5889);
#5889 = AXIS2_PLACEMENT_3D('',#5890,#5891,#5892);
#5890 = CARTESIAN_POINT('',(-47.,-31.,5.38));
#5891 = DIRECTION('',(0.,0.,1.));
#5892 = DIRECTION('',(1.,0.,-0.));
#5893 = ADVANCED_FACE('',(#5894),#5934,.F.);
#5894 = FACE_BOUND('',#5895,.F.);
#5895 = EDGE_LOOP('',(#5896,#5907,#5916,#5924,#5925,#5926));
#5896 = ORIENTED_EDGE('',*,*,#5897,.T.);
#5897 = EDGE_CURVE('',#5898,#5900,#5902,.T.);
#5898 = VERTEX_POINT('',#5899);
#5899 = CARTESIAN_POINT('',(-45.51807799091,-31.57620062389,5.86));
#5900 = VERTEX_POINT('',#5901);
#5901 = CARTESIAN_POINT('',(-43.65648614776,-29.36925933394,5.86));
#5902 = ELLIPSE('',#5903,3.72,1.22);
#5903 = AXIS2_PLACEMENT_3D('',#5904,#5905,#5906);
#5904 = CARTESIAN_POINT('',(-47.,-31.,5.86));
#5905 = DIRECTION('',(0.,-0.,1.));
#5906 = DIRECTION('',(0.898794046299,0.438371146789,0.));
#5907 = ORIENTED_EDGE('',*,*,#5908,.T.);
#5908 = EDGE_CURVE('',#5900,#5909,#5911,.T.);
#5909 = VERTEX_POINT('',#5910);
#5910 = CARTESIAN_POINT('',(-46.54168999743,-29.47748499464,5.86));
#5911 = ELLIPSE('',#5912,3.72,1.22);
#5912 = AXIS2_PLACEMENT_3D('',#5913,#5914,#5915);
#5913 = CARTESIAN_POINT('',(-47.,-31.,5.86));
#5914 = DIRECTION('',(0.,-0.,1.));
#5915 = DIRECTION('',(0.898794046299,0.438371146789,0.));
#5916 = ORIENTED_EDGE('',*,*,#5917,.T.);
#5917 = EDGE_CURVE('',#5909,#5807,#5918,.T.);
#5918 = B_SPLINE_CURVE_WITH_KNOTS('',4,(#5919,#5920,#5921,#5922,#5923),
  .UNSPECIFIED.,.F.,.F.,(5,5),(0.,1.),.PIECEWISE_BEZIER_KNOTS.);
#5919 = CARTESIAN_POINT('',(-46.54168999743,-29.47748499464,5.8600006));
#5920 = CARTESIAN_POINT('',(-46.54168999743,-29.47748499464,5.7400003));
#5921 = CARTESIAN_POINT('',(-46.54168999743,-29.47748499464,5.62));
#5922 = CARTESIAN_POINT('',(-46.54168999743,-29.47748499464,5.4999997));
#5923 = CARTESIAN_POINT('',(-46.54168999743,-29.47748499464,5.3799994));
#5924 = ORIENTED_EDGE('',*,*,#5806,.F.);
#5925 = ORIENTED_EDGE('',*,*,#5795,.F.);
#5926 = ORIENTED_EDGE('',*,*,#5927,.F.);
#5927 = EDGE_CURVE('',#5898,#5796,#5928,.T.);
#5928 = B_SPLINE_CURVE_WITH_KNOTS('',4,(#5929,#5930,#5931,#5932,#5933),
  .UNSPECIFIED.,.F.,.F.,(5,5),(0.,1.),.PIECEWISE_BEZIER_KNOTS.);
#5929 = CARTESIAN_POINT('',(-45.51807799091,-31.57620062389,5.8600006));
#5930 = CARTESIAN_POINT('',(-45.51807799091,-31.57620062389,5.7400003));
#5931 = CARTESIAN_POINT('',(-45.51807799091,-31.57620062389,5.62));
#5932 = CARTESIAN_POINT('',(-45.51807799091,-31.57620062389,5.4999997));
#5933 = CARTESIAN_POINT('',(-45.51807799091,-31.57620062389,5.3799994));
#5934 = SURFACE_OF_LINEAR_EXTRUSION('',#5935,#5940);
#5935 = ELLIPSE('',#5936,3.72,1.22);
#5936 = AXIS2_PLACEMENT_3D('',#5937,#5938,#5939);
#5937 = CARTESIAN_POINT('',(-47.,-31.,5.38));
#5938 = DIRECTION('',(0.,-0.,1.));
#5939 = DIRECTION('',(0.898794046299,0.438371146789,0.));
#5940 = VECTOR('',#5941,1.);
#5941 = DIRECTION('',(0.,-0.,-1.));
#5942 = ADVANCED_FACE('',(#5943),#5983,.T.);
#5943 = FACE_BOUND('',#5944,.T.);
#5944 = EDGE_LOOP('',(#5945,#5956,#5965,#5973,#5974,#5975));
#5945 = ORIENTED_EDGE('',*,*,#5946,.T.);
#5946 = EDGE_CURVE('',#5947,#5949,#5951,.T.);
#5947 = VERTEX_POINT('',#5948);
#5948 = CARTESIAN_POINT('',(-45.42937105089,-30.75256373706,5.86));
#5949 = VERTEX_POINT('',#5950);
#5950 = CARTESIAN_POINT('',(-44.51988050438,-29.79036489845,5.86));
#5951 = ELLIPSE('',#5952,2.78,0.56);
#5952 = AXIS2_PLACEMENT_3D('',#5953,#5954,#5955);
#5953 = CARTESIAN_POINT('',(-47.01852795309,-31.00903668652,5.86));
#5954 = DIRECTION('',(0.,-0.,1.));
#5955 = DIRECTION('',(0.898794046299,0.438371146789,0.));
#5956 = ORIENTED_EDGE('',*,*,#5957,.T.);
#5957 = EDGE_CURVE('',#5949,#5958,#5960,.T.);
#5958 = VERTEX_POINT('',#5959);
#5959 = CARTESIAN_POINT('',(-45.83804182797,-29.91466447286,5.86));
#5960 = ELLIPSE('',#5961,2.78,0.56);
#5961 = AXIS2_PLACEMENT_3D('',#5962,#5963,#5964);
#5962 = CARTESIAN_POINT('',(-47.01852795309,-31.00903668652,5.86));
#5963 = DIRECTION('',(0.,-0.,1.));
#5964 = DIRECTION('',(0.898794046299,0.438371146789,0.));
#5965 = ORIENTED_EDGE('',*,*,#5966,.T.);
#5966 = EDGE_CURVE('',#5958,#5854,#5967,.T.);
#5967 = B_SPLINE_CURVE_WITH_KNOTS('',4,(#5968,#5969,#5970,#5971,#5972),
  .UNSPECIFIED.,.F.,.F.,(5,5),(0.,1.),.PIECEWISE_BEZIER_KNOTS.);
#5968 = CARTESIAN_POINT('',(-45.83804182797,-29.91466447286,5.8600006));
#5969 = CARTESIAN_POINT('',(-45.83804182797,-29.91466447286,5.7400003));
#5970 = CARTESIAN_POINT('',(-45.83804182797,-29.91466447286,5.62));
#5971 = CARTESIAN_POINT('',(-45.83804182797,-29.91466447286,5.4999997));
#5972 = CARTESIAN_POINT('',(-45.83804182797,-29.91466447286,5.3799994));
#5973 = ORIENTED_EDGE('',*,*,#5862,.F.);
#5974 = ORIENTED_EDGE('',*,*,#5842,.F.);
#5975 = ORIENTED_EDGE('',*,*,#5976,.F.);
#5976 = EDGE_CURVE('',#5947,#5843,#5977,.T.);
#5977 = B_SPLINE_CURVE_WITH_KNOTS('',4,(#5978,#5979,#5980,#5981,#5982),
  .UNSPECIFIED.,.F.,.F.,(5,5),(0.,1.),.PIECEWISE_BEZIER_KNOTS.);
#5978 = CARTESIAN_POINT('',(-45.42937105089,-30.75256373706,5.8600006));
#5979 = CARTESIAN_POINT('',(-45.42937105089,-30.75256373706,5.7400003));
#5980 = CARTESIAN_POINT('',(-45.42937105089,-30.75256373706,5.62));
#5981 = CARTESIAN_POINT('',(-45.42937105089,-30.75256373706,5.4999997));
#5982 = CARTESIAN_POINT('',(-45.42937105089,-30.75256373706,5.3799994));
#5983 = SURFACE_OF_LINEAR_EXTRUSION('',#5984,#5989);
#5984 = ELLIPSE('',#5985,2.78,0.56);
#5985 = AXIS2_PLACEMENT_3D('',#5986,#5987,#5988);
#5986 = CARTESIAN_POINT('',(-47.01852795309,-31.00903668652,5.38));
#5987 = DIRECTION('',(0.,-0.,1.));
#5988 = DIRECTION('',(0.898794046299,0.438371146789,0.));
#5989 = VECTOR('',#5990,1.);
#5990 = DIRECTION('',(0.,-0.,-1.));
#5991 = ADVANCED_FACE('',(#5992),#6013,.T.);
#5992 = FACE_BOUND('',#5993,.F.);
#5993 = EDGE_LOOP('',(#5994,#5995,#5996,#6006));
#5994 = ORIENTED_EDGE('',*,*,#5927,.T.);
#5995 = ORIENTED_EDGE('',*,*,#5833,.F.);
#5996 = ORIENTED_EDGE('',*,*,#5997,.F.);
#5997 = EDGE_CURVE('',#5998,#5825,#6000,.T.);
#5998 = VERTEX_POINT('',#5999);
#5999 = CARTESIAN_POINT('',(-47.45831000256,-32.52251500536,5.86));
#6000 = B_SPLINE_CURVE_WITH_KNOTS('',4,(#6001,#6002,#6003,#6004,#6005),
  .UNSPECIFIED.,.F.,.F.,(5,5),(0.,1.),.PIECEWISE_BEZIER_KNOTS.);
#6001 = CARTESIAN_POINT('',(-47.45831000256,-32.52251500536,5.8600006));
#6002 = CARTESIAN_POINT('',(-47.45831000256,-32.52251500536,5.7400003));
#6003 = CARTESIAN_POINT('',(-47.45831000256,-32.52251500536,5.62));
#6004 = CARTESIAN_POINT('',(-47.45831000256,-32.52251500536,5.4999997));
#6005 = CARTESIAN_POINT('',(-47.45831000256,-32.52251500536,5.3799994));
#6006 = ORIENTED_EDGE('',*,*,#6007,.T.);
#6007 = EDGE_CURVE('',#5998,#5898,#6008,.T.);
#6008 = CIRCLE('',#6009,1.59);
#6009 = AXIS2_PLACEMENT_3D('',#6010,#6011,#6012);
#6010 = CARTESIAN_POINT('',(-47.,-31.,5.86));
#6011 = DIRECTION('',(0.,0.,1.));
#6012 = DIRECTION('',(1.,0.,0.));
#6013 = CYLINDRICAL_SURFACE('',#6014,1.59);
#6014 = AXIS2_PLACEMENT_3D('',#6015,#6016,#6017);
#6015 = CARTESIAN_POINT('',(-47.,-31.,5.38));
#6016 = DIRECTION('',(-0.,-0.,-1.));
#6017 = DIRECTION('',(1.,0.,0.));
#6018 = ADVANCED_FACE('',(#6019),#6049,.T.);
#6019 = FACE_BOUND('',#6020,.T.);
#6020 = EDGE_LOOP('',(#6021,#6022,#6032,#6041));
#6021 = ORIENTED_EDGE('',*,*,#5871,.F.);
#6022 = ORIENTED_EDGE('',*,*,#6023,.F.);
#6023 = EDGE_CURVE('',#6024,#5872,#6026,.T.);
#6024 = VERTEX_POINT('',#6025);
#6025 = CARTESIAN_POINT('',(-48.57153813904,-31.24159444844,5.86));
#6026 = B_SPLINE_CURVE_WITH_KNOTS('',4,(#6027,#6028,#6029,#6030,#6031),
  .UNSPECIFIED.,.F.,.F.,(5,5),(0.,1.),.PIECEWISE_BEZIER_KNOTS.);
#6027 = CARTESIAN_POINT('',(-48.57153813904,-31.24159444844,5.8600006));
#6028 = CARTESIAN_POINT('',(-48.57153813904,-31.24159444844,5.7400003));
#6029 = CARTESIAN_POINT('',(-48.57153813904,-31.24159444844,5.62));
#6030 = CARTESIAN_POINT('',(-48.57153813904,-31.24159444844,5.4999997));
#6031 = CARTESIAN_POINT('',(-48.57153813904,-31.24159444844,5.3799994));
#6032 = ORIENTED_EDGE('',*,*,#6033,.T.);
#6033 = EDGE_CURVE('',#6024,#6034,#6036,.T.);
#6034 = VERTEX_POINT('',#6035);
#6035 = CARTESIAN_POINT('',(-48.15791451259,-32.08964855871,5.86));
#6036 = ELLIPSE('',#6037,2.78,0.56);
#6037 = AXIS2_PLACEMENT_3D('',#6038,#6039,#6040);
#6038 = CARTESIAN_POINT('',(-47.01852795309,-31.00903668652,5.86));
#6039 = DIRECTION('',(0.,-0.,1.));
#6040 = DIRECTION('',(0.898794046299,0.438371146789,0.));
#6041 = ORIENTED_EDGE('',*,*,#6042,.T.);
#6042 = EDGE_CURVE('',#6034,#5874,#6043,.T.);
#6043 = B_SPLINE_CURVE_WITH_KNOTS('',4,(#6044,#6045,#6046,#6047,#6048),
  .UNSPECIFIED.,.F.,.F.,(5,5),(0.,1.),.PIECEWISE_BEZIER_KNOTS.);
#6044 = CARTESIAN_POINT('',(-48.15791451259,-32.08964855871,5.8600006));
#6045 = CARTESIAN_POINT('',(-48.15791451259,-32.08964855871,5.7400003));
#6046 = CARTESIAN_POINT('',(-48.15791451259,-32.08964855871,5.62));
#6047 = CARTESIAN_POINT('',(-48.15791451259,-32.08964855871,5.4999997));
#6048 = CARTESIAN_POINT('',(-48.15791451259,-32.08964855871,5.3799994));
#6049 = SURFACE_OF_LINEAR_EXTRUSION('',#6050,#6055);
#6050 = ELLIPSE('',#6051,2.78,0.56);
#6051 = AXIS2_PLACEMENT_3D('',#6052,#6053,#6054);
#6052 = CARTESIAN_POINT('',(-47.01852795309,-31.00903668652,5.38));
#6053 = DIRECTION('',(0.,-0.,1.));
#6054 = DIRECTION('',(0.898794046299,0.438371146789,0.));
#6055 = VECTOR('',#6056,1.);
#6056 = DIRECTION('',(0.,-0.,-1.));
#6057 = ADVANCED_FACE('',(#6058),#6079,.F.);
#6058 = FACE_BOUND('',#6059,.F.);
#6059 = EDGE_LOOP('',(#6060,#6061,#6071,#6078));
#6060 = ORIENTED_EDGE('',*,*,#5824,.F.);
#6061 = ORIENTED_EDGE('',*,*,#6062,.F.);
#6062 = EDGE_CURVE('',#6063,#5816,#6065,.T.);
#6063 = VERTEX_POINT('',#6064);
#6064 = CARTESIAN_POINT('',(-48.48192200908,-30.4237993761,5.86));
#6065 = B_SPLINE_CURVE_WITH_KNOTS('',4,(#6066,#6067,#6068,#6069,#6070),
  .UNSPECIFIED.,.F.,.F.,(5,5),(0.,1.),.PIECEWISE_BEZIER_KNOTS.);
#6066 = CARTESIAN_POINT('',(-48.48192200908,-30.4237993761,5.8600006));
#6067 = CARTESIAN_POINT('',(-48.48192200908,-30.4237993761,5.7400003));
#6068 = CARTESIAN_POINT('',(-48.48192200908,-30.4237993761,5.62));
#6069 = CARTESIAN_POINT('',(-48.48192200908,-30.4237993761,5.4999997));
#6070 = CARTESIAN_POINT('',(-48.48192200908,-30.4237993761,5.3799994));
#6071 = ORIENTED_EDGE('',*,*,#6072,.T.);
#6072 = EDGE_CURVE('',#6063,#5998,#6073,.T.);
#6073 = ELLIPSE('',#6074,3.72,1.22);
#6074 = AXIS2_PLACEMENT_3D('',#6075,#6076,#6077);
#6075 = CARTESIAN_POINT('',(-47.,-31.,5.86));
#6076 = DIRECTION('',(0.,-0.,1.));
#6077 = DIRECTION('',(0.898794046299,0.438371146789,0.));
#6078 = ORIENTED_EDGE('',*,*,#5997,.T.);
#6079 = SURFACE_OF_LINEAR_EXTRUSION('',#6080,#6085);
#6080 = ELLIPSE('',#6081,3.72,1.22);
#6081 = AXIS2_PLACEMENT_3D('',#6082,#6083,#6084);
#6082 = CARTESIAN_POINT('',(-47.,-31.,5.38));
#6083 = DIRECTION('',(0.,-0.,1.));
#6084 = DIRECTION('',(0.898794046299,0.438371146789,0.));
#6085 = VECTOR('',#6086,1.);
#6086 = DIRECTION('',(0.,-0.,-1.));
#6087 = ADVANCED_FACE('',(#6088),#6100,.T.);
#6088 = FACE_BOUND('',#6089,.F.);
#6089 = EDGE_LOOP('',(#6090,#6091,#6092,#6093));
#6090 = ORIENTED_EDGE('',*,*,#6042,.T.);
#6091 = ORIENTED_EDGE('',*,*,#5882,.F.);
#6092 = ORIENTED_EDGE('',*,*,#6023,.F.);
#6093 = ORIENTED_EDGE('',*,*,#6094,.T.);
#6094 = EDGE_CURVE('',#6024,#6034,#6095,.T.);
#6095 = CIRCLE('',#6096,1.59);
#6096 = AXIS2_PLACEMENT_3D('',#6097,#6098,#6099);
#6097 = CARTESIAN_POINT('',(-47.,-31.,5.86));
#6098 = DIRECTION('',(0.,0.,1.));
#6099 = DIRECTION('',(1.,0.,0.));
#6100 = CYLINDRICAL_SURFACE('',#6101,1.59);
#6101 = AXIS2_PLACEMENT_3D('',#6102,#6103,#6104);
#6102 = CARTESIAN_POINT('',(-47.,-31.,5.38));
#6103 = DIRECTION('',(-0.,-0.,-1.));
#6104 = DIRECTION('',(1.,0.,0.));
#6105 = ADVANCED_FACE('',(#6106),#6118,.T.);
#6106 = FACE_BOUND('',#6107,.F.);
#6107 = EDGE_LOOP('',(#6108,#6109,#6110,#6117));
#6108 = ORIENTED_EDGE('',*,*,#5853,.F.);
#6109 = ORIENTED_EDGE('',*,*,#5976,.F.);
#6110 = ORIENTED_EDGE('',*,*,#6111,.T.);
#6111 = EDGE_CURVE('',#5947,#5958,#6112,.T.);
#6112 = CIRCLE('',#6113,1.59);
#6113 = AXIS2_PLACEMENT_3D('',#6114,#6115,#6116);
#6114 = CARTESIAN_POINT('',(-47.,-31.,5.86));
#6115 = DIRECTION('',(0.,0.,1.));
#6116 = DIRECTION('',(1.,0.,0.));
#6117 = ORIENTED_EDGE('',*,*,#5966,.T.);
#6118 = CYLINDRICAL_SURFACE('',#6119,1.59);
#6119 = AXIS2_PLACEMENT_3D('',#6120,#6121,#6122);
#6120 = CARTESIAN_POINT('',(-47.,-31.,5.38));
#6121 = DIRECTION('',(-0.,-0.,-1.));
#6122 = DIRECTION('',(1.,0.,0.));
#6123 = ADVANCED_FACE('',(#6124,#6137,#6142),#6146,.T.);
#6124 = FACE_BOUND('',#6125,.T.);
#6125 = EDGE_LOOP('',(#6126,#6127,#6128,#6135,#6136));
#6126 = ORIENTED_EDGE('',*,*,#5897,.T.);
#6127 = ORIENTED_EDGE('',*,*,#5908,.T.);
#6128 = ORIENTED_EDGE('',*,*,#6129,.T.);
#6129 = EDGE_CURVE('',#5909,#6063,#6130,.T.);
#6130 = CIRCLE('',#6131,1.59);
#6131 = AXIS2_PLACEMENT_3D('',#6132,#6133,#6134);
#6132 = CARTESIAN_POINT('',(-47.,-31.,5.86));
#6133 = DIRECTION('',(0.,0.,1.));
#6134 = DIRECTION('',(1.,0.,0.));
#6135 = ORIENTED_EDGE('',*,*,#6072,.T.);
#6136 = ORIENTED_EDGE('',*,*,#6007,.T.);
#6137 = FACE_BOUND('',#6138,.T.);
#6138 = EDGE_LOOP('',(#6139,#6140,#6141));
#6139 = ORIENTED_EDGE('',*,*,#5946,.F.);
#6140 = ORIENTED_EDGE('',*,*,#6111,.T.);
#6141 = ORIENTED_EDGE('',*,*,#5957,.F.);
#6142 = FACE_BOUND('',#6143,.T.);
#6143 = EDGE_LOOP('',(#6144,#6145));
#6144 = ORIENTED_EDGE('',*,*,#6094,.T.);
#6145 = ORIENTED_EDGE('',*,*,#6033,.F.);
#6146 = PLANE('',#6147);
#6147 = AXIS2_PLACEMENT_3D('',#6148,#6149,#6150);
#6148 = CARTESIAN_POINT('',(-46.55746533459,-30.78416142211,5.86));
#6149 = DIRECTION('',(0.,0.,1.));
#6150 = DIRECTION('',(0.898794046299,0.438371146789,0.));
#6151 = ADVANCED_FACE('',(#6152),#6158,.T.);
#6152 = FACE_BOUND('',#6153,.F.);
#6153 = EDGE_LOOP('',(#6154,#6155,#6156,#6157));
#6154 = ORIENTED_EDGE('',*,*,#5815,.F.);
#6155 = ORIENTED_EDGE('',*,*,#5917,.F.);
#6156 = ORIENTED_EDGE('',*,*,#6129,.T.);
#6157 = ORIENTED_EDGE('',*,*,#6062,.T.);
#6158 = CYLINDRICAL_SURFACE('',#6159,1.59);
#6159 = AXIS2_PLACEMENT_3D('',#6160,#6161,#6162);
#6160 = CARTESIAN_POINT('',(-47.,-31.,5.38));
#6161 = DIRECTION('',(-0.,-0.,-1.));
#6162 = DIRECTION('',(1.,0.,0.));
#6163 = ( GEOMETRIC_REPRESENTATION_CONTEXT(3) 
GLOBAL_UNCERTAINTY_ASSIGNED_CONTEXT((#6167)) 
GLOBAL_UNIT_ASSIGNED_CONTEXT((#6164,#6165,#6166)) REPRESENTATION_CONTEXT
('Context #1','3D Context with UNIT and UNCERTAINTY') );
#6164 = ( LENGTH_UNIT() NAMED_UNIT(*) SI_UNIT(.MILLI.,.METRE.) );
#6165 = ( NAMED_UNIT(*) PLANE_ANGLE_UNIT() SI_UNIT($,.RADIAN.) );
#6166 = ( NAMED_UNIT(*) SI_UNIT($,.STERADIAN.) SOLID_ANGLE_UNIT() );
#6167 = UNCERTAINTY_MEASURE_WITH_UNIT(LENGTH_MEASURE(2.E-06),#6164,
  'distance_accuracy_value','confusion accuracy');
#6168 = CONTEXT_DEPENDENT_SHAPE_REPRESENTATION(#6169,#6171);
#6169 = ( REPRESENTATION_RELATIONSHIP('','',#5788,#10) 
REPRESENTATION_RELATIONSHIP_WITH_TRANSFORMATION(#6170) 
SHAPE_REPRESENTATION_RELATIONSHIP() );
#6170 = ITEM_DEFINED_TRANSFORMATION('','',#11,#95);
#6171 = PRODUCT_DEFINITION_SHAPE('Placement','Placement of an item',
  #6172);
#6172 = NEXT_ASSEMBLY_USAGE_OCCURRENCE('238','','',#5,#5783,$);
#6173 = PRODUCT_RELATED_PRODUCT_CATEGORY('part',$,(#5785));
#6174 = SHAPE_DEFINITION_REPRESENTATION(#6175,#6181);
#6175 = PRODUCT_DEFINITION_SHAPE('','',#6176);
#6176 = PRODUCT_DEFINITION('design','',#6177,#6180);
#6177 = PRODUCT_DEFINITION_FORMATION('','',#6178);
#6178 = PRODUCT('Open CASCADE STEP translator 7.8 5.22',
  'Open CASCADE STEP translator 7.8 5.22','',(#6179));
#6179 = PRODUCT_CONTEXT('',#2,'mechanical');
#6180 = PRODUCT_DEFINITION_CONTEXT('part definition',#2,'design');
#6181 = ADVANCED_BREP_SHAPE_REPRESENTATION('',(#11,#6182),#6464);
#6182 = MANIFOLD_SOLID_BREP('',#6183);
#6183 = CLOSED_SHELL('',(#6184,#6224,#6255,#6286,#6317,#6348,#6379,#6410
    ,#6432,#6448));
#6184 = ADVANCED_FACE('',(#6185),#6219,.T.);
#6185 = FACE_BOUND('',#6186,.T.);
#6186 = EDGE_LOOP('',(#6187,#6197,#6205,#6213));
#6187 = ORIENTED_EDGE('',*,*,#6188,.T.);
#6188 = EDGE_CURVE('',#6189,#6191,#6193,.T.);
#6189 = VERTEX_POINT('',#6190);
#6190 = CARTESIAN_POINT('',(-47.,25.24,5.38));
#6191 = VERTEX_POINT('',#6192);
#6192 = CARTESIAN_POINT('',(-47.,25.24,5.86));
#6193 = LINE('',#6194,#6195);
#6194 = CARTESIAN_POINT('',(-47.,25.24,5.38));
#6195 = VECTOR('',#6196,1.);
#6196 = DIRECTION('',(0.,0.,1.));
#6197 = ORIENTED_EDGE('',*,*,#6198,.T.);
#6198 = EDGE_CURVE('',#6191,#6199,#6201,.T.);
#6199 = VERTEX_POINT('',#6200);
#6200 = CARTESIAN_POINT('',(-46.741,24.759,5.86));
#6201 = LINE('',#6202,#6203);
#6202 = CARTESIAN_POINT('',(-47.,25.24,5.86));
#6203 = VECTOR('',#6204,1.);
#6204 = DIRECTION('',(0.474099823035,-0.880471099922,0.));
#6205 = ORIENTED_EDGE('',*,*,#6206,.F.);
#6206 = EDGE_CURVE('',#6207,#6199,#6209,.T.);
#6207 = VERTEX_POINT('',#6208);
#6208 = CARTESIAN_POINT('',(-46.741,24.759,5.38));
#6209 = LINE('',#6210,#6211);
#6210 = CARTESIAN_POINT('',(-46.741,24.759,5.38));
#6211 = VECTOR('',#6212,1.);
#6212 = DIRECTION('',(0.,0.,1.));
#6213 = ORIENTED_EDGE('',*,*,#6214,.F.);
#6214 = EDGE_CURVE('',#6189,#6207,#6215,.T.);
#6215 = LINE('',#6216,#6217);
#6216 = CARTESIAN_POINT('',(-47.,25.24,5.38));
#6217 = VECTOR('',#6218,1.);
#6218 = DIRECTION('',(0.474099823035,-0.880471099922,0.));
#6219 = PLANE('',#6220);
#6220 = AXIS2_PLACEMENT_3D('',#6221,#6222,#6223);
#6221 = CARTESIAN_POINT('',(-47.,25.24,5.38));
#6222 = DIRECTION('',(0.880471099922,0.474099823035,-0.));
#6223 = DIRECTION('',(0.474099823035,-0.880471099922,0.));
#6224 = ADVANCED_FACE('',(#6225),#6250,.T.);
#6225 = FACE_BOUND('',#6226,.T.);
#6226 = EDGE_LOOP('',(#6227,#6228,#6236,#6244));
#6227 = ORIENTED_EDGE('',*,*,#6206,.T.);
#6228 = ORIENTED_EDGE('',*,*,#6229,.T.);
#6229 = EDGE_CURVE('',#6199,#6230,#6232,.T.);
#6230 = VERTEX_POINT('',#6231);
#6231 = CARTESIAN_POINT('',(-46.26,24.5,5.86));
#6232 = LINE('',#6233,#6234);
#6233 = CARTESIAN_POINT('',(-46.741,24.759,5.86));
#6234 = VECTOR('',#6235,1.);
#6235 = DIRECTION('',(0.880471099922,-0.474099823035,0.));
#6236 = ORIENTED_EDGE('',*,*,#6237,.F.);
#6237 = EDGE_CURVE('',#6238,#6230,#6240,.T.);
#6238 = VERTEX_POINT('',#6239);
#6239 = CARTESIAN_POINT('',(-46.26,24.5,5.38));
#6240 = LINE('',#6241,#6242);
#6241 = CARTESIAN_POINT('',(-46.26,24.5,5.38));
#6242 = VECTOR('',#6243,1.);
#6243 = DIRECTION('',(0.,0.,1.));
#6244 = ORIENTED_EDGE('',*,*,#6245,.F.);
#6245 = EDGE_CURVE('',#6207,#6238,#6246,.T.);
#6246 = LINE('',#6247,#6248);
#6247 = CARTESIAN_POINT('',(-46.741,24.759,5.38));
#6248 = VECTOR('',#6249,1.);
#6249 = DIRECTION('',(0.880471099922,-0.474099823035,0.));
#6250 = PLANE('',#6251);
#6251 = AXIS2_PLACEMENT_3D('',#6252,#6253,#6254);
#6252 = CARTESIAN_POINT('',(-46.741,24.759,5.38));
#6253 = DIRECTION('',(0.474099823035,0.880471099922,-0.));
#6254 = DIRECTION('',(0.880471099922,-0.474099823035,0.));
#6255 = ADVANCED_FACE('',(#6256),#6281,.T.);
#6256 = FACE_BOUND('',#6257,.T.);
#6257 = EDGE_LOOP('',(#6258,#6259,#6267,#6275));
#6258 = ORIENTED_EDGE('',*,*,#6237,.T.);
#6259 = ORIENTED_EDGE('',*,*,#6260,.T.);
#6260 = EDGE_CURVE('',#6230,#6261,#6263,.T.);
#6261 = VERTEX_POINT('',#6262);
#6262 = CARTESIAN_POINT('',(-46.741,24.241,5.86));
#6263 = LINE('',#6264,#6265);
#6264 = CARTESIAN_POINT('',(-46.26,24.5,5.86));
#6265 = VECTOR('',#6266,1.);
#6266 = DIRECTION('',(-0.880471099922,-0.474099823035,0.));
#6267 = ORIENTED_EDGE('',*,*,#6268,.F.);
#6268 = EDGE_CURVE('',#6269,#6261,#6271,.T.);
#6269 = VERTEX_POINT('',#6270);
#6270 = CARTESIAN_POINT('',(-46.741,24.241,5.38));
#6271 = LINE('',#6272,#6273);
#6272 = CARTESIAN_POINT('',(-46.741,24.241,5.38));
#6273 = VECTOR('',#6274,1.);
#6274 = DIRECTION('',(0.,0.,1.));
#6275 = ORIENTED_EDGE('',*,*,#6276,.F.);
#6276 = EDGE_CURVE('',#6238,#6269,#6277,.T.);
#6277 = LINE('',#6278,#6279);
#6278 = CARTESIAN_POINT('',(-46.26,24.5,5.38));
#6279 = VECTOR('',#6280,1.);
#6280 = DIRECTION('',(-0.880471099922,-0.474099823035,0.));
#6281 = PLANE('',#6282);
#6282 = AXIS2_PLACEMENT_3D('',#6283,#6284,#6285);
#6283 = CARTESIAN_POINT('',(-46.26,24.5,5.38));
#6284 = DIRECTION('',(0.474099823035,-0.880471099922,0.));
#6285 = DIRECTION('',(-0.880471099922,-0.474099823035,0.));
#6286 = ADVANCED_FACE('',(#6287),#6312,.T.);
#6287 = FACE_BOUND('',#6288,.T.);
#6288 = EDGE_LOOP('',(#6289,#6290,#6298,#6306));
#6289 = ORIENTED_EDGE('',*,*,#6268,.T.);
#6290 = ORIENTED_EDGE('',*,*,#6291,.T.);
#6291 = EDGE_CURVE('',#6261,#6292,#6294,.T.);
#6292 = VERTEX_POINT('',#6293);
#6293 = CARTESIAN_POINT('',(-47.,23.76,5.86));
#6294 = LINE('',#6295,#6296);
#6295 = CARTESIAN_POINT('',(-46.741,24.241,5.86));
#6296 = VECTOR('',#6297,1.);
#6297 = DIRECTION('',(-0.474099823035,-0.880471099922,0.));
#6298 = ORIENTED_EDGE('',*,*,#6299,.F.);
#6299 = EDGE_CURVE('',#6300,#6292,#6302,.T.);
#6300 = VERTEX_POINT('',#6301);
#6301 = CARTESIAN_POINT('',(-47.,23.76,5.38));
#6302 = LINE('',#6303,#6304);
#6303 = CARTESIAN_POINT('',(-47.,23.76,5.38));
#6304 = VECTOR('',#6305,1.);
#6305 = DIRECTION('',(0.,0.,1.));
#6306 = ORIENTED_EDGE('',*,*,#6307,.F.);
#6307 = EDGE_CURVE('',#6269,#6300,#6308,.T.);
#6308 = LINE('',#6309,#6310);
#6309 = CARTESIAN_POINT('',(-46.741,24.241,5.38));
#6310 = VECTOR('',#6311,1.);
#6311 = DIRECTION('',(-0.474099823035,-0.880471099922,0.));
#6312 = PLANE('',#6313);
#6313 = AXIS2_PLACEMENT_3D('',#6314,#6315,#6316);
#6314 = CARTESIAN_POINT('',(-46.741,24.241,5.38));
#6315 = DIRECTION('',(0.880471099922,-0.474099823035,0.));
#6316 = DIRECTION('',(-0.474099823035,-0.880471099922,0.));
#6317 = ADVANCED_FACE('',(#6318),#6343,.T.);
#6318 = FACE_BOUND('',#6319,.T.);
#6319 = EDGE_LOOP('',(#6320,#6321,#6329,#6337));
#6320 = ORIENTED_EDGE('',*,*,#6299,.T.);
#6321 = ORIENTED_EDGE('',*,*,#6322,.T.);
#6322 = EDGE_CURVE('',#6292,#6323,#6325,.T.);
#6323 = VERTEX_POINT('',#6324);
#6324 = CARTESIAN_POINT('',(-47.259,24.241,5.86));
#6325 = LINE('',#6326,#6327);
#6326 = CARTESIAN_POINT('',(-47.,23.76,5.86));
#6327 = VECTOR('',#6328,1.);
#6328 = DIRECTION('',(-0.474099823035,0.880471099922,0.));
#6329 = ORIENTED_EDGE('',*,*,#6330,.F.);
#6330 = EDGE_CURVE('',#6331,#6323,#6333,.T.);
#6331 = VERTEX_POINT('',#6332);
#6332 = CARTESIAN_POINT('',(-47.259,24.241,5.38));
#6333 = LINE('',#6334,#6335);
#6334 = CARTESIAN_POINT('',(-47.259,24.241,5.38));
#6335 = VECTOR('',#6336,1.);
#6336 = DIRECTION('',(0.,0.,1.));
#6337 = ORIENTED_EDGE('',*,*,#6338,.F.);
#6338 = EDGE_CURVE('',#6300,#6331,#6339,.T.);
#6339 = LINE('',#6340,#6341);
#6340 = CARTESIAN_POINT('',(-47.,23.76,5.38));
#6341 = VECTOR('',#6342,1.);
#6342 = DIRECTION('',(-0.474099823035,0.880471099922,0.));
#6343 = PLANE('',#6344);
#6344 = AXIS2_PLACEMENT_3D('',#6345,#6346,#6347);
#6345 = CARTESIAN_POINT('',(-47.,23.76,5.38));
#6346 = DIRECTION('',(-0.880471099922,-0.474099823035,0.));
#6347 = DIRECTION('',(-0.474099823035,0.880471099922,0.));
#6348 = ADVANCED_FACE('',(#6349),#6374,.T.);
#6349 = FACE_BOUND('',#6350,.T.);
#6350 = EDGE_LOOP('',(#6351,#6352,#6360,#6368));
#6351 = ORIENTED_EDGE('',*,*,#6330,.T.);
#6352 = ORIENTED_EDGE('',*,*,#6353,.T.);
#6353 = EDGE_CURVE('',#6323,#6354,#6356,.T.);
#6354 = VERTEX_POINT('',#6355);
#6355 = CARTESIAN_POINT('',(-47.74,24.5,5.86));
#6356 = LINE('',#6357,#6358);
#6357 = CARTESIAN_POINT('',(-47.259,24.241,5.86));
#6358 = VECTOR('',#6359,1.);
#6359 = DIRECTION('',(-0.880471099922,0.474099823035,0.));
#6360 = ORIENTED_EDGE('',*,*,#6361,.F.);
#6361 = EDGE_CURVE('',#6362,#6354,#6364,.T.);
#6362 = VERTEX_POINT('',#6363);
#6363 = CARTESIAN_POINT('',(-47.74,24.5,5.38));
#6364 = LINE('',#6365,#6366);
#6365 = CARTESIAN_POINT('',(-47.74,24.5,5.38));
#6366 = VECTOR('',#6367,1.);
#6367 = DIRECTION('',(0.,0.,1.));
#6368 = ORIENTED_EDGE('',*,*,#6369,.F.);
#6369 = EDGE_CURVE('',#6331,#6362,#6370,.T.);
#6370 = LINE('',#6371,#6372);
#6371 = CARTESIAN_POINT('',(-47.259,24.241,5.38));
#6372 = VECTOR('',#6373,1.);
#6373 = DIRECTION('',(-0.880471099922,0.474099823035,0.));
#6374 = PLANE('',#6375);
#6375 = AXIS2_PLACEMENT_3D('',#6376,#6377,#6378);
#6376 = CARTESIAN_POINT('',(-47.259,24.241,5.38));
#6377 = DIRECTION('',(-0.474099823035,-0.880471099922,0.));
#6378 = DIRECTION('',(-0.880471099922,0.474099823035,0.));
#6379 = ADVANCED_FACE('',(#6380),#6405,.T.);
#6380 = FACE_BOUND('',#6381,.T.);
#6381 = EDGE_LOOP('',(#6382,#6383,#6391,#6399));
#6382 = ORIENTED_EDGE('',*,*,#6361,.T.);
#6383 = ORIENTED_EDGE('',*,*,#6384,.T.);
#6384 = EDGE_CURVE('',#6354,#6385,#6387,.T.);
#6385 = VERTEX_POINT('',#6386);
#6386 = CARTESIAN_POINT('',(-47.259,24.759,5.86));
#6387 = LINE('',#6388,#6389);
#6388 = CARTESIAN_POINT('',(-47.74,24.5,5.86));
#6389 = VECTOR('',#6390,1.);
#6390 = DIRECTION('',(0.880471099922,0.474099823035,0.));
#6391 = ORIENTED_EDGE('',*,*,#6392,.F.);
#6392 = EDGE_CURVE('',#6393,#6385,#6395,.T.);
#6393 = VERTEX_POINT('',#6394);
#6394 = CARTESIAN_POINT('',(-47.259,24.759,5.38));
#6395 = LINE('',#6396,#6397);
#6396 = CARTESIAN_POINT('',(-47.259,24.759,5.38));
#6397 = VECTOR('',#6398,1.);
#6398 = DIRECTION('',(0.,0.,1.));
#6399 = ORIENTED_EDGE('',*,*,#6400,.F.);
#6400 = EDGE_CURVE('',#6362,#6393,#6401,.T.);
#6401 = LINE('',#6402,#6403);
#6402 = CARTESIAN_POINT('',(-47.74,24.5,5.38));
#6403 = VECTOR('',#6404,1.);
#6404 = DIRECTION('',(0.880471099922,0.474099823035,0.));
#6405 = PLANE('',#6406);
#6406 = AXIS2_PLACEMENT_3D('',#6407,#6408,#6409);
#6407 = CARTESIAN_POINT('',(-47.74,24.5,5.38));
#6408 = DIRECTION('',(-0.474099823035,0.880471099922,0.));
#6409 = DIRECTION('',(0.880471099922,0.474099823035,0.));
#6410 = ADVANCED_FACE('',(#6411),#6427,.T.);
#6411 = FACE_BOUND('',#6412,.T.);
#6412 = EDGE_LOOP('',(#6413,#6414,#6420,#6421));
#6413 = ORIENTED_EDGE('',*,*,#6392,.T.);
#6414 = ORIENTED_EDGE('',*,*,#6415,.T.);
#6415 = EDGE_CURVE('',#6385,#6191,#6416,.T.);
#6416 = LINE('',#6417,#6418);
#6417 = CARTESIAN_POINT('',(-47.259,24.759,5.86));
#6418 = VECTOR('',#6419,1.);
#6419 = DIRECTION('',(0.474099823035,0.880471099922,0.));
#6420 = ORIENTED_EDGE('',*,*,#6188,.F.);
#6421 = ORIENTED_EDGE('',*,*,#6422,.F.);
#6422 = EDGE_CURVE('',#6393,#6189,#6423,.T.);
#6423 = LINE('',#6424,#6425);
#6424 = CARTESIAN_POINT('',(-47.259,24.759,5.38));
#6425 = VECTOR('',#6426,1.);
#6426 = DIRECTION('',(0.474099823035,0.880471099922,0.));
#6427 = PLANE('',#6428);
#6428 = AXIS2_PLACEMENT_3D('',#6429,#6430,#6431);
#6429 = CARTESIAN_POINT('',(-47.259,24.759,5.38));
#6430 = DIRECTION('',(-0.880471099922,0.474099823035,0.));
#6431 = DIRECTION('',(0.474099823035,0.880471099922,0.));
#6432 = ADVANCED_FACE('',(#6433),#6443,.T.);
#6433 = FACE_BOUND('',#6434,.T.);
#6434 = EDGE_LOOP('',(#6435,#6436,#6437,#6438,#6439,#6440,#6441,#6442));
#6435 = ORIENTED_EDGE('',*,*,#6214,.T.);
#6436 = ORIENTED_EDGE('',*,*,#6245,.T.);
#6437 = ORIENTED_EDGE('',*,*,#6276,.T.);
#6438 = ORIENTED_EDGE('',*,*,#6307,.T.);
#6439 = ORIENTED_EDGE('',*,*,#6338,.T.);
#6440 = ORIENTED_EDGE('',*,*,#6369,.T.);
#6441 = ORIENTED_EDGE('',*,*,#6400,.T.);
#6442 = ORIENTED_EDGE('',*,*,#6422,.T.);
#6443 = PLANE('',#6444);
#6444 = AXIS2_PLACEMENT_3D('',#6445,#6446,#6447);
#6445 = CARTESIAN_POINT('',(-47.,24.5,5.38));
#6446 = DIRECTION('',(-0.,-0.,-1.));
#6447 = DIRECTION('',(-1.,0.,0.));
#6448 = ADVANCED_FACE('',(#6449),#6459,.F.);
#6449 = FACE_BOUND('',#6450,.F.);
#6450 = EDGE_LOOP('',(#6451,#6452,#6453,#6454,#6455,#6456,#6457,#6458));
#6451 = ORIENTED_EDGE('',*,*,#6198,.T.);
#6452 = ORIENTED_EDGE('',*,*,#6229,.T.);
#6453 = ORIENTED_EDGE('',*,*,#6260,.T.);
#6454 = ORIENTED_EDGE('',*,*,#6291,.T.);
#6455 = ORIENTED_EDGE('',*,*,#6322,.T.);
#6456 = ORIENTED_EDGE('',*,*,#6353,.T.);
#6457 = ORIENTED_EDGE('',*,*,#6384,.T.);
#6458 = ORIENTED_EDGE('',*,*,#6415,.T.);
#6459 = PLANE('',#6460);
#6460 = AXIS2_PLACEMENT_3D('',#6461,#6462,#6463);
#6461 = CARTESIAN_POINT('',(-47.,24.5,5.86));
#6462 = DIRECTION('',(-0.,-0.,-1.));
#6463 = DIRECTION('',(-1.,0.,0.));
#6464 = ( GEOMETRIC_REPRESENTATION_CONTEXT(3) 
GLOBAL_UNCERTAINTY_ASSIGNED_CONTEXT((#6468)) 
GLOBAL_UNIT_ASSIGNED_CONTEXT((#6465,#6466,#6467)) REPRESENTATION_CONTEXT
('Context #1','3D Context with UNIT and UNCERTAINTY') );
#6465 = ( LENGTH_UNIT() NAMED_UNIT(*) SI_UNIT(.MILLI.,.METRE.) );
#6466 = ( NAMED_UNIT(*) PLANE_ANGLE_UNIT() SI_UNIT($,.RADIAN.) );
#6467 = ( NAMED_UNIT(*) SI_UNIT($,.STERADIAN.) SOLID_ANGLE_UNIT() );
#6468 = UNCERTAINTY_MEASURE_WITH_UNIT(LENGTH_MEASURE(1.E-07),#6465,
  'distance_accuracy_value','confusion accuracy');
#6469 = CONTEXT_DEPENDENT_SHAPE_REPRESENTATION(#6470,#6472);
#6470 = ( REPRESENTATION_RELATIONSHIP('','',#6181,#10) 
REPRESENTATION_RELATIONSHIP_WITH_TRANSFORMATION(#6471) 
SHAPE_REPRESENTATION_RELATIONSHIP() );
#6471 = ITEM_DEFINED_TRANSFORMATION('','',#11,#99);
#6472 = PRODUCT_DEFINITION_SHAPE('Placement','Placement of an item',
  #6473);
#6473 = NEXT_ASSEMBLY_USAGE_OCCURRENCE('239','','',#5,#6176,$);
#6474 = PRODUCT_RELATED_PRODUCT_CATEGORY('part',$,(#6178));
#6475 = SHAPE_DEFINITION_REPRESENTATION(#6476,#6482);
#6476 = PRODUCT_DEFINITION_SHAPE('','',#6477);
#6477 = PRODUCT_DEFINITION('design','',#6478,#6481);
#6478 = PRODUCT_DEFINITION_FORMATION('','',#6479);
#6479 = PRODUCT('Open CASCADE STEP translator 7.8 5.23',
  'Open CASCADE STEP translator 7.8 5.23','',(#6480));
#6480 = PRODUCT_CONTEXT('',#2,'mechanical');
#6481 = PRODUCT_DEFINITION_CONTEXT('part definition',#2,'design');
#6482 = ADVANCED_BREP_SHAPE_REPRESENTATION('',(#11,#6483),#6765);
#6483 = MANIFOLD_SOLID_BREP('',#6484);
#6484 = CLOSED_SHELL('',(#6485,#6525,#6556,#6587,#6618,#6649,#6680,#6711
    ,#6733,#6749));
#6485 = ADVANCED_FACE('',(#6486),#6520,.T.);
#6486 = FACE_BOUND('',#6487,.T.);
#6487 = EDGE_LOOP('',(#6488,#6498,#6506,#6514));
#6488 = ORIENTED_EDGE('',*,*,#6489,.T.);
#6489 = EDGE_CURVE('',#6490,#6492,#6494,.T.);
#6490 = VERTEX_POINT('',#6491);
#6491 = CARTESIAN_POINT('',(-37.,31.44,5.38));
#6492 = VERTEX_POINT('',#6493);
#6493 = CARTESIAN_POINT('',(-37.,31.44,5.86));
#6494 = LINE('',#6495,#6496);
#6495 = CARTESIAN_POINT('',(-37.,31.44,5.38));
#6496 = VECTOR('',#6497,1.);
#6497 = DIRECTION('',(0.,0.,1.));
#6498 = ORIENTED_EDGE('',*,*,#6499,.T.);
#6499 = EDGE_CURVE('',#6492,#6500,#6502,.T.);
#6500 = VERTEX_POINT('',#6501);
#6501 = CARTESIAN_POINT('',(-36.846,31.154,5.86));
#6502 = LINE('',#6503,#6504);
#6503 = CARTESIAN_POINT('',(-37.,31.44,5.86));
#6504 = VECTOR('',#6505,1.);
#6505 = DIRECTION('',(0.474099823035,-0.880471099922,0.));
#6506 = ORIENTED_EDGE('',*,*,#6507,.F.);
#6507 = EDGE_CURVE('',#6508,#6500,#6510,.T.);
#6508 = VERTEX_POINT('',#6509);
#6509 = CARTESIAN_POINT('',(-36.846,31.154,5.38));
#6510 = LINE('',#6511,#6512);
#6511 = CARTESIAN_POINT('',(-36.846,31.154,5.38));
#6512 = VECTOR('',#6513,1.);
#6513 = DIRECTION('',(0.,0.,1.));
#6514 = ORIENTED_EDGE('',*,*,#6515,.F.);
#6515 = EDGE_CURVE('',#6490,#6508,#6516,.T.);
#6516 = LINE('',#6517,#6518);
#6517 = CARTESIAN_POINT('',(-37.,31.44,5.38));
#6518 = VECTOR('',#6519,1.);
#6519 = DIRECTION('',(0.474099823035,-0.880471099922,0.));
#6520 = PLANE('',#6521);
#6521 = AXIS2_PLACEMENT_3D('',#6522,#6523,#6524);
#6522 = CARTESIAN_POINT('',(-37.,31.44,5.38));
#6523 = DIRECTION('',(0.880471099922,0.474099823035,-0.));
#6524 = DIRECTION('',(0.474099823035,-0.880471099922,0.));
#6525 = ADVANCED_FACE('',(#6526),#6551,.T.);
#6526 = FACE_BOUND('',#6527,.T.);
#6527 = EDGE_LOOP('',(#6528,#6529,#6537,#6545));
#6528 = ORIENTED_EDGE('',*,*,#6507,.T.);
#6529 = ORIENTED_EDGE('',*,*,#6530,.T.);
#6530 = EDGE_CURVE('',#6500,#6531,#6533,.T.);
#6531 = VERTEX_POINT('',#6532);
#6532 = CARTESIAN_POINT('',(-36.56,31.,5.86));
#6533 = LINE('',#6534,#6535);
#6534 = CARTESIAN_POINT('',(-36.846,31.154,5.86));
#6535 = VECTOR('',#6536,1.);
#6536 = DIRECTION('',(0.880471099922,-0.474099823035,0.));
#6537 = ORIENTED_EDGE('',*,*,#6538,.F.);
#6538 = EDGE_CURVE('',#6539,#6531,#6541,.T.);
#6539 = VERTEX_POINT('',#6540);
#6540 = CARTESIAN_POINT('',(-36.56,31.,5.38));
#6541 = LINE('',#6542,#6543);
#6542 = CARTESIAN_POINT('',(-36.56,31.,5.38));
#6543 = VECTOR('',#6544,1.);
#6544 = DIRECTION('',(0.,0.,1.));
#6545 = ORIENTED_EDGE('',*,*,#6546,.F.);
#6546 = EDGE_CURVE('',#6508,#6539,#6547,.T.);
#6547 = LINE('',#6548,#6549);
#6548 = CARTESIAN_POINT('',(-36.846,31.154,5.38));
#6549 = VECTOR('',#6550,1.);
#6550 = DIRECTION('',(0.880471099922,-0.474099823035,0.));
#6551 = PLANE('',#6552);
#6552 = AXIS2_PLACEMENT_3D('',#6553,#6554,#6555);
#6553 = CARTESIAN_POINT('',(-36.846,31.154,5.38));
#6554 = DIRECTION('',(0.474099823035,0.880471099922,-0.));
#6555 = DIRECTION('',(0.880471099922,-0.474099823035,0.));
#6556 = ADVANCED_FACE('',(#6557),#6582,.T.);
#6557 = FACE_BOUND('',#6558,.T.);
#6558 = EDGE_LOOP('',(#6559,#6560,#6568,#6576));
#6559 = ORIENTED_EDGE('',*,*,#6538,.T.);
#6560 = ORIENTED_EDGE('',*,*,#6561,.T.);
#6561 = EDGE_CURVE('',#6531,#6562,#6564,.T.);
#6562 = VERTEX_POINT('',#6563);
#6563 = CARTESIAN_POINT('',(-36.846,30.846,5.86));
#6564 = LINE('',#6565,#6566);
#6565 = CARTESIAN_POINT('',(-36.56,31.,5.86));
#6566 = VECTOR('',#6567,1.);
#6567 = DIRECTION('',(-0.880471099922,-0.474099823035,0.));
#6568 = ORIENTED_EDGE('',*,*,#6569,.F.);
#6569 = EDGE_CURVE('',#6570,#6562,#6572,.T.);
#6570 = VERTEX_POINT('',#6571);
#6571 = CARTESIAN_POINT('',(-36.846,30.846,5.38));
#6572 = LINE('',#6573,#6574);
#6573 = CARTESIAN_POINT('',(-36.846,30.846,5.38));
#6574 = VECTOR('',#6575,1.);
#6575 = DIRECTION('',(0.,0.,1.));
#6576 = ORIENTED_EDGE('',*,*,#6577,.F.);
#6577 = EDGE_CURVE('',#6539,#6570,#6578,.T.);
#6578 = LINE('',#6579,#6580);
#6579 = CARTESIAN_POINT('',(-36.56,31.,5.38));
#6580 = VECTOR('',#6581,1.);
#6581 = DIRECTION('',(-0.880471099922,-0.474099823035,0.));
#6582 = PLANE('',#6583);
#6583 = AXIS2_PLACEMENT_3D('',#6584,#6585,#6586);
#6584 = CARTESIAN_POINT('',(-36.56,31.,5.38));
#6585 = DIRECTION('',(0.474099823035,-0.880471099922,0.));
#6586 = DIRECTION('',(-0.880471099922,-0.474099823035,0.));
#6587 = ADVANCED_FACE('',(#6588),#6613,.T.);
#6588 = FACE_BOUND('',#6589,.T.);
#6589 = EDGE_LOOP('',(#6590,#6591,#6599,#6607));
#6590 = ORIENTED_EDGE('',*,*,#6569,.T.);
#6591 = ORIENTED_EDGE('',*,*,#6592,.T.);
#6592 = EDGE_CURVE('',#6562,#6593,#6595,.T.);
#6593 = VERTEX_POINT('',#6594);
#6594 = CARTESIAN_POINT('',(-37.,30.56,5.86));
#6595 = LINE('',#6596,#6597);
#6596 = CARTESIAN_POINT('',(-36.846,30.846,5.86));
#6597 = VECTOR('',#6598,1.);
#6598 = DIRECTION('',(-0.474099823035,-0.880471099922,0.));
#6599 = ORIENTED_EDGE('',*,*,#6600,.F.);
#6600 = EDGE_CURVE('',#6601,#6593,#6603,.T.);
#6601 = VERTEX_POINT('',#6602);
#6602 = CARTESIAN_POINT('',(-37.,30.56,5.38));
#6603 = LINE('',#6604,#6605);
#6604 = CARTESIAN_POINT('',(-37.,30.56,5.38));
#6605 = VECTOR('',#6606,1.);
#6606 = DIRECTION('',(0.,0.,1.));
#6607 = ORIENTED_EDGE('',*,*,#6608,.F.);
#6608 = EDGE_CURVE('',#6570,#6601,#6609,.T.);
#6609 = LINE('',#6610,#6611);
#6610 = CARTESIAN_POINT('',(-36.846,30.846,5.38));
#6611 = VECTOR('',#6612,1.);
#6612 = DIRECTION('',(-0.474099823035,-0.880471099922,0.));
#6613 = PLANE('',#6614);
#6614 = AXIS2_PLACEMENT_3D('',#6615,#6616,#6617);
#6615 = CARTESIAN_POINT('',(-36.846,30.846,5.38));
#6616 = DIRECTION('',(0.880471099922,-0.474099823035,0.));
#6617 = DIRECTION('',(-0.474099823035,-0.880471099922,0.));
#6618 = ADVANCED_FACE('',(#6619),#6644,.T.);
#6619 = FACE_BOUND('',#6620,.T.);
#6620 = EDGE_LOOP('',(#6621,#6622,#6630,#6638));
#6621 = ORIENTED_EDGE('',*,*,#6600,.T.);
#6622 = ORIENTED_EDGE('',*,*,#6623,.T.);
#6623 = EDGE_CURVE('',#6593,#6624,#6626,.T.);
#6624 = VERTEX_POINT('',#6625);
#6625 = CARTESIAN_POINT('',(-37.154,30.846,5.86));
#6626 = LINE('',#6627,#6628);
#6627 = CARTESIAN_POINT('',(-37.,30.56,5.86));
#6628 = VECTOR('',#6629,1.);
#6629 = DIRECTION('',(-0.474099823035,0.880471099922,0.));
#6630 = ORIENTED_EDGE('',*,*,#6631,.F.);
#6631 = EDGE_CURVE('',#6632,#6624,#6634,.T.);
#6632 = VERTEX_POINT('',#6633);
#6633 = CARTESIAN_POINT('',(-37.154,30.846,5.38));
#6634 = LINE('',#6635,#6636);
#6635 = CARTESIAN_POINT('',(-37.154,30.846,5.38));
#6636 = VECTOR('',#6637,1.);
#6637 = DIRECTION('',(0.,0.,1.));
#6638 = ORIENTED_EDGE('',*,*,#6639,.F.);
#6639 = EDGE_CURVE('',#6601,#6632,#6640,.T.);
#6640 = LINE('',#6641,#6642);
#6641 = CARTESIAN_POINT('',(-37.,30.56,5.38));
#6642 = VECTOR('',#6643,1.);
#6643 = DIRECTION('',(-0.474099823035,0.880471099922,0.));
#6644 = PLANE('',#6645);
#6645 = AXIS2_PLACEMENT_3D('',#6646,#6647,#6648);
#6646 = CARTESIAN_POINT('',(-37.,30.56,5.38));
#6647 = DIRECTION('',(-0.880471099922,-0.474099823035,0.));
#6648 = DIRECTION('',(-0.474099823035,0.880471099922,0.));
#6649 = ADVANCED_FACE('',(#6650),#6675,.T.);
#6650 = FACE_BOUND('',#6651,.T.);
#6651 = EDGE_LOOP('',(#6652,#6653,#6661,#6669));
#6652 = ORIENTED_EDGE('',*,*,#6631,.T.);
#6653 = ORIENTED_EDGE('',*,*,#6654,.T.);
#6654 = EDGE_CURVE('',#6624,#6655,#6657,.T.);
#6655 = VERTEX_POINT('',#6656);
#6656 = CARTESIAN_POINT('',(-37.44,31.,5.86));
#6657 = LINE('',#6658,#6659);
#6658 = CARTESIAN_POINT('',(-37.154,30.846,5.86));
#6659 = VECTOR('',#6660,1.);
#6660 = DIRECTION('',(-0.880471099922,0.474099823035,0.));
#6661 = ORIENTED_EDGE('',*,*,#6662,.F.);
#6662 = EDGE_CURVE('',#6663,#6655,#6665,.T.);
#6663 = VERTEX_POINT('',#6664);
#6664 = CARTESIAN_POINT('',(-37.44,31.,5.38));
#6665 = LINE('',#6666,#6667);
#6666 = CARTESIAN_POINT('',(-37.44,31.,5.38));
#6667 = VECTOR('',#6668,1.);
#6668 = DIRECTION('',(0.,0.,1.));
#6669 = ORIENTED_EDGE('',*,*,#6670,.F.);
#6670 = EDGE_CURVE('',#6632,#6663,#6671,.T.);
#6671 = LINE('',#6672,#6673);
#6672 = CARTESIAN_POINT('',(-37.154,30.846,5.38));
#6673 = VECTOR('',#6674,1.);
#6674 = DIRECTION('',(-0.880471099922,0.474099823035,0.));
#6675 = PLANE('',#6676);
#6676 = AXIS2_PLACEMENT_3D('',#6677,#6678,#6679);
#6677 = CARTESIAN_POINT('',(-37.154,30.846,5.38));
#6678 = DIRECTION('',(-0.474099823035,-0.880471099922,0.));
#6679 = DIRECTION('',(-0.880471099922,0.474099823035,0.));
#6680 = ADVANCED_FACE('',(#6681),#6706,.T.);
#6681 = FACE_BOUND('',#6682,.T.);
#6682 = EDGE_LOOP('',(#6683,#6684,#6692,#6700));
#6683 = ORIENTED_EDGE('',*,*,#6662,.T.);
#6684 = ORIENTED_EDGE('',*,*,#6685,.T.);
#6685 = EDGE_CURVE('',#6655,#6686,#6688,.T.);
#6686 = VERTEX_POINT('',#6687);
#6687 = CARTESIAN_POINT('',(-37.154,31.154,5.86));
#6688 = LINE('',#6689,#6690);
#6689 = CARTESIAN_POINT('',(-37.44,31.,5.86));
#6690 = VECTOR('',#6691,1.);
#6691 = DIRECTION('',(0.880471099922,0.474099823035,0.));
#6692 = ORIENTED_EDGE('',*,*,#6693,.F.);
#6693 = EDGE_CURVE('',#6694,#6686,#6696,.T.);
#6694 = VERTEX_POINT('',#6695);
#6695 = CARTESIAN_POINT('',(-37.154,31.154,5.38));
#6696 = LINE('',#6697,#6698);
#6697 = CARTESIAN_POINT('',(-37.154,31.154,5.38));
#6698 = VECTOR('',#6699,1.);
#6699 = DIRECTION('',(0.,0.,1.));
#6700 = ORIENTED_EDGE('',*,*,#6701,.F.);
#6701 = EDGE_CURVE('',#6663,#6694,#6702,.T.);
#6702 = LINE('',#6703,#6704);
#6703 = CARTESIAN_POINT('',(-37.44,31.,5.38));
#6704 = VECTOR('',#6705,1.);
#6705 = DIRECTION('',(0.880471099922,0.474099823035,0.));
#6706 = PLANE('',#6707);
#6707 = AXIS2_PLACEMENT_3D('',#6708,#6709,#6710);
#6708 = CARTESIAN_POINT('',(-37.44,31.,5.38));
#6709 = DIRECTION('',(-0.474099823035,0.880471099922,0.));
#6710 = DIRECTION('',(0.880471099922,0.474099823035,0.));
#6711 = ADVANCED_FACE('',(#6712),#6728,.T.);
#6712 = FACE_BOUND('',#6713,.T.);
#6713 = EDGE_LOOP('',(#6714,#6715,#6721,#6722));
#6714 = ORIENTED_EDGE('',*,*,#6693,.T.);
#6715 = ORIENTED_EDGE('',*,*,#6716,.T.);
#6716 = EDGE_CURVE('',#6686,#6492,#6717,.T.);
#6717 = LINE('',#6718,#6719);
#6718 = CARTESIAN_POINT('',(-37.154,31.154,5.86));
#6719 = VECTOR('',#6720,1.);
#6720 = DIRECTION('',(0.474099823035,0.880471099922,0.));
#6721 = ORIENTED_EDGE('',*,*,#6489,.F.);
#6722 = ORIENTED_EDGE('',*,*,#6723,.F.);
#6723 = EDGE_CURVE('',#6694,#6490,#6724,.T.);
#6724 = LINE('',#6725,#6726);
#6725 = CARTESIAN_POINT('',(-37.154,31.154,5.38));
#6726 = VECTOR('',#6727,1.);
#6727 = DIRECTION('',(0.474099823035,0.880471099922,0.));
#6728 = PLANE('',#6729);
#6729 = AXIS2_PLACEMENT_3D('',#6730,#6731,#6732);
#6730 = CARTESIAN_POINT('',(-37.154,31.154,5.38));
#6731 = DIRECTION('',(-0.880471099922,0.474099823035,0.));
#6732 = DIRECTION('',(0.474099823035,0.880471099922,0.));
#6733 = ADVANCED_FACE('',(#6734),#6744,.T.);
#6734 = FACE_BOUND('',#6735,.T.);
#6735 = EDGE_LOOP('',(#6736,#6737,#6738,#6739,#6740,#6741,#6742,#6743));
#6736 = ORIENTED_EDGE('',*,*,#6515,.T.);
#6737 = ORIENTED_EDGE('',*,*,#6546,.T.);
#6738 = ORIENTED_EDGE('',*,*,#6577,.T.);
#6739 = ORIENTED_EDGE('',*,*,#6608,.T.);
#6740 = ORIENTED_EDGE('',*,*,#6639,.T.);
#6741 = ORIENTED_EDGE('',*,*,#6670,.T.);
#6742 = ORIENTED_EDGE('',*,*,#6701,.T.);
#6743 = ORIENTED_EDGE('',*,*,#6723,.T.);
#6744 = PLANE('',#6745);
#6745 = AXIS2_PLACEMENT_3D('',#6746,#6747,#6748);
#6746 = CARTESIAN_POINT('',(-37.,31.,5.38));
#6747 = DIRECTION('',(-0.,-0.,-1.));
#6748 = DIRECTION('',(-1.,0.,0.));
#6749 = ADVANCED_FACE('',(#6750),#6760,.F.);
#6750 = FACE_BOUND('',#6751,.F.);
#6751 = EDGE_LOOP('',(#6752,#6753,#6754,#6755,#6756,#6757,#6758,#6759));
#6752 = ORIENTED_EDGE('',*,*,#6499,.T.);
#6753 = ORIENTED_EDGE('',*,*,#6530,.T.);
#6754 = ORIENTED_EDGE('',*,*,#6561,.T.);
#6755 = ORIENTED_EDGE('',*,*,#6592,.T.);
#6756 = ORIENTED_EDGE('',*,*,#6623,.T.);
#6757 = ORIENTED_EDGE('',*,*,#6654,.T.);
#6758 = ORIENTED_EDGE('',*,*,#6685,.T.);
#6759 = ORIENTED_EDGE('',*,*,#6716,.T.);
#6760 = PLANE('',#6761);
#6761 = AXIS2_PLACEMENT_3D('',#6762,#6763,#6764);
#6762 = CARTESIAN_POINT('',(-37.,31.,5.86));
#6763 = DIRECTION('',(-0.,-0.,-1.));
#6764 = DIRECTION('',(-1.,0.,0.));
#6765 = ( GEOMETRIC_REPRESENTATION_CONTEXT(3) 
GLOBAL_UNCERTAINTY_ASSIGNED_CONTEXT((#6769)) 
GLOBAL_UNIT_ASSIGNED_CONTEXT((#6766,#6767,#6768)) REPRESENTATION_CONTEXT
('Context #1','3D Context with UNIT and UNCERTAINTY') );
#6766 = ( LENGTH_UNIT() NAMED_UNIT(*) SI_UNIT(.MILLI.,.METRE.) );
#6767 = ( NAMED_UNIT(*) PLANE_ANGLE_UNIT() SI_UNIT($,.RADIAN.) );
#6768 = ( NAMED_UNIT(*) SI_UNIT($,.STERADIAN.) SOLID_ANGLE_UNIT() );
#6769 = UNCERTAINTY_MEASURE_WITH_UNIT(LENGTH_MEASURE(1.E-07),#6766,
  'distance_accuracy_value','confusion accuracy');
#6770 = CONTEXT_DEPENDENT_SHAPE_REPRESENTATION(#6771,#6773);
#6771 = ( REPRESENTATION_RELATIONSHIP('','',#6482,#10) 
REPRESENTATION_RELATIONSHIP_WITH_TRANSFORMATION(#6772) 
SHAPE_REPRESENTATION_RELATIONSHIP() );
#6772 = ITEM_DEFINED_TRANSFORMATION('','',#11,#103);
#6773 = PRODUCT_DEFINITION_SHAPE('Placement','Placement of an item',
  #6774);
#6774 = NEXT_ASSEMBLY_USAGE_OCCURRENCE('240','','',#5,#6477,$);
#6775 = PRODUCT_RELATED_PRODUCT_CATEGORY('part',$,(#6479));
#6776 = SHAPE_DEFINITION_REPRESENTATION(#6777,#6783);
#6777 = PRODUCT_DEFINITION_SHAPE('','',#6778);
#6778 = PRODUCT_DEFINITION('design','',#6779,#6782);
#6779 = PRODUCT_DEFINITION_FORMATION('','',#6780);
#6780 = PRODUCT('Open CASCADE STEP translator 7.8 5.24',
  'Open CASCADE STEP translator 7.8 5.24','',(#6781));
#6781 = PRODUCT_CONTEXT('',#2,'mechanical');
#6782 = PRODUCT_DEFINITION_CONTEXT('part definition',#2,'design');
#6783 = ADVANCED_BREP_SHAPE_REPRESENTATION('',(#11,#6784),#7066);
#6784 = MANIFOLD_SOLID_BREP('',#6785);
#6785 = CLOSED_SHELL('',(#6786,#6826,#6857,#6888,#6919,#6950,#6981,#7012
    ,#7034,#7050));
#6786 = ADVANCED_FACE('',(#6787),#6821,.T.);
#6787 = FACE_BOUND('',#6788,.T.);
#6788 = EDGE_LOOP('',(#6789,#6799,#6807,#6815));
#6789 = ORIENTED_EDGE('',*,*,#6790,.T.);
#6790 = EDGE_CURVE('',#6791,#6793,#6795,.T.);
#6791 = VERTEX_POINT('',#6792);
#6792 = CARTESIAN_POINT('',(-3.,52.34,5.38));
#6793 = VERTEX_POINT('',#6794);
#6794 = CARTESIAN_POINT('',(-3.,52.34,5.86));
#6795 = LINE('',#6796,#6797);
#6796 = CARTESIAN_POINT('',(-3.,52.34,5.38));
#6797 = VECTOR('',#6798,1.);
#6798 = DIRECTION('',(0.,0.,1.));
#6799 = ORIENTED_EDGE('',*,*,#6800,.T.);
#6800 = EDGE_CURVE('',#6793,#6801,#6803,.T.);
#6801 = VERTEX_POINT('',#6802);
#6802 = CARTESIAN_POINT('',(-2.881,52.119,5.86));
#6803 = LINE('',#6804,#6805);
#6804 = CARTESIAN_POINT('',(-3.,52.34,5.86));
#6805 = VECTOR('',#6806,1.);
#6806 = DIRECTION('',(0.474099823035,-0.880471099922,0.));
#6807 = ORIENTED_EDGE('',*,*,#6808,.F.);
#6808 = EDGE_CURVE('',#6809,#6801,#6811,.T.);
#6809 = VERTEX_POINT('',#6810);
#6810 = CARTESIAN_POINT('',(-2.881,52.119,5.38));
#6811 = LINE('',#6812,#6813);
#6812 = CARTESIAN_POINT('',(-2.881,52.119,5.38));
#6813 = VECTOR('',#6814,1.);
#6814 = DIRECTION('',(0.,0.,1.));
#6815 = ORIENTED_EDGE('',*,*,#6816,.F.);
#6816 = EDGE_CURVE('',#6791,#6809,#6817,.T.);
#6817 = LINE('',#6818,#6819);
#6818 = CARTESIAN_POINT('',(-3.,52.34,5.38));
#6819 = VECTOR('',#6820,1.);
#6820 = DIRECTION('',(0.474099823035,-0.880471099922,0.));
#6821 = PLANE('',#6822);
#6822 = AXIS2_PLACEMENT_3D('',#6823,#6824,#6825);
#6823 = CARTESIAN_POINT('',(-3.,52.34,5.38));
#6824 = DIRECTION('',(0.880471099922,0.474099823035,-0.));
#6825 = DIRECTION('',(0.474099823035,-0.880471099922,0.));
#6826 = ADVANCED_FACE('',(#6827),#6852,.T.);
#6827 = FACE_BOUND('',#6828,.T.);
#6828 = EDGE_LOOP('',(#6829,#6830,#6838,#6846));
#6829 = ORIENTED_EDGE('',*,*,#6808,.T.);
#6830 = ORIENTED_EDGE('',*,*,#6831,.T.);
#6831 = EDGE_CURVE('',#6801,#6832,#6834,.T.);
#6832 = VERTEX_POINT('',#6833);
#6833 = CARTESIAN_POINT('',(-2.66,52.,5.86));
#6834 = LINE('',#6835,#6836);
#6835 = CARTESIAN_POINT('',(-2.881,52.119,5.86));
#6836 = VECTOR('',#6837,1.);
#6837 = DIRECTION('',(0.880471099922,-0.474099823035,0.));
#6838 = ORIENTED_EDGE('',*,*,#6839,.F.);
#6839 = EDGE_CURVE('',#6840,#6832,#6842,.T.);
#6840 = VERTEX_POINT('',#6841);
#6841 = CARTESIAN_POINT('',(-2.66,52.,5.38));
#6842 = LINE('',#6843,#6844);
#6843 = CARTESIAN_POINT('',(-2.66,52.,5.38));
#6844 = VECTOR('',#6845,1.);
#6845 = DIRECTION('',(0.,0.,1.));
#6846 = ORIENTED_EDGE('',*,*,#6847,.F.);
#6847 = EDGE_CURVE('',#6809,#6840,#6848,.T.);
#6848 = LINE('',#6849,#6850);
#6849 = CARTESIAN_POINT('',(-2.881,52.119,5.38));
#6850 = VECTOR('',#6851,1.);
#6851 = DIRECTION('',(0.880471099922,-0.474099823035,0.));
#6852 = PLANE('',#6853);
#6853 = AXIS2_PLACEMENT_3D('',#6854,#6855,#6856);
#6854 = CARTESIAN_POINT('',(-2.881,52.119,5.38));
#6855 = DIRECTION('',(0.474099823035,0.880471099922,-0.));
#6856 = DIRECTION('',(0.880471099922,-0.474099823035,0.));
#6857 = ADVANCED_FACE('',(#6858),#6883,.T.);
#6858 = FACE_BOUND('',#6859,.T.);
#6859 = EDGE_LOOP('',(#6860,#6861,#6869,#6877));
#6860 = ORIENTED_EDGE('',*,*,#6839,.T.);
#6861 = ORIENTED_EDGE('',*,*,#6862,.T.);
#6862 = EDGE_CURVE('',#6832,#6863,#6865,.T.);
#6863 = VERTEX_POINT('',#6864);
#6864 = CARTESIAN_POINT('',(-2.881,51.881,5.86));
#6865 = LINE('',#6866,#6867);
#6866 = CARTESIAN_POINT('',(-2.66,52.,5.86));
#6867 = VECTOR('',#6868,1.);
#6868 = DIRECTION('',(-0.880471099922,-0.474099823035,0.));
#6869 = ORIENTED_EDGE('',*,*,#6870,.F.);
#6870 = EDGE_CURVE('',#6871,#6863,#6873,.T.);
#6871 = VERTEX_POINT('',#6872);
#6872 = CARTESIAN_POINT('',(-2.881,51.881,5.38));
#6873 = LINE('',#6874,#6875);
#6874 = CARTESIAN_POINT('',(-2.881,51.881,5.38));
#6875 = VECTOR('',#6876,1.);
#6876 = DIRECTION('',(0.,0.,1.));
#6877 = ORIENTED_EDGE('',*,*,#6878,.F.);
#6878 = EDGE_CURVE('',#6840,#6871,#6879,.T.);
#6879 = LINE('',#6880,#6881);
#6880 = CARTESIAN_POINT('',(-2.66,52.,5.38));
#6881 = VECTOR('',#6882,1.);
#6882 = DIRECTION('',(-0.880471099922,-0.474099823035,0.));
#6883 = PLANE('',#6884);
#6884 = AXIS2_PLACEMENT_3D('',#6885,#6886,#6887);
#6885 = CARTESIAN_POINT('',(-2.66,52.,5.38));
#6886 = DIRECTION('',(0.474099823035,-0.880471099922,0.));
#6887 = DIRECTION('',(-0.880471099922,-0.474099823035,0.));
#6888 = ADVANCED_FACE('',(#6889),#6914,.T.);
#6889 = FACE_BOUND('',#6890,.T.);
#6890 = EDGE_LOOP('',(#6891,#6892,#6900,#6908));
#6891 = ORIENTED_EDGE('',*,*,#6870,.T.);
#6892 = ORIENTED_EDGE('',*,*,#6893,.T.);
#6893 = EDGE_CURVE('',#6863,#6894,#6896,.T.);
#6894 = VERTEX_POINT('',#6895);
#6895 = CARTESIAN_POINT('',(-3.,51.66,5.86));
#6896 = LINE('',#6897,#6898);
#6897 = CARTESIAN_POINT('',(-2.881,51.881,5.86));
#6898 = VECTOR('',#6899,1.);
#6899 = DIRECTION('',(-0.474099823035,-0.880471099922,0.));
#6900 = ORIENTED_EDGE('',*,*,#6901,.F.);
#6901 = EDGE_CURVE('',#6902,#6894,#6904,.T.);
#6902 = VERTEX_POINT('',#6903);
#6903 = CARTESIAN_POINT('',(-3.,51.66,5.38));
#6904 = LINE('',#6905,#6906);
#6905 = CARTESIAN_POINT('',(-3.,51.66,5.38));
#6906 = VECTOR('',#6907,1.);
#6907 = DIRECTION('',(0.,0.,1.));
#6908 = ORIENTED_EDGE('',*,*,#6909,.F.);
#6909 = EDGE_CURVE('',#6871,#6902,#6910,.T.);
#6910 = LINE('',#6911,#6912);
#6911 = CARTESIAN_POINT('',(-2.881,51.881,5.38));
#6912 = VECTOR('',#6913,1.);
#6913 = DIRECTION('',(-0.474099823035,-0.880471099922,0.));
#6914 = PLANE('',#6915);
#6915 = AXIS2_PLACEMENT_3D('',#6916,#6917,#6918);
#6916 = CARTESIAN_POINT('',(-2.881,51.881,5.38));
#6917 = DIRECTION('',(0.880471099922,-0.474099823035,0.));
#6918 = DIRECTION('',(-0.474099823035,-0.880471099922,0.));
#6919 = ADVANCED_FACE('',(#6920),#6945,.T.);
#6920 = FACE_BOUND('',#6921,.T.);
#6921 = EDGE_LOOP('',(#6922,#6923,#6931,#6939));
#6922 = ORIENTED_EDGE('',*,*,#6901,.T.);
#6923 = ORIENTED_EDGE('',*,*,#6924,.T.);
#6924 = EDGE_CURVE('',#6894,#6925,#6927,.T.);
#6925 = VERTEX_POINT('',#6926);
#6926 = CARTESIAN_POINT('',(-3.119,51.881,5.86));
#6927 = LINE('',#6928,#6929);
#6928 = CARTESIAN_POINT('',(-3.,51.66,5.86));
#6929 = VECTOR('',#6930,1.);
#6930 = DIRECTION('',(-0.474099823035,0.880471099922,0.));
#6931 = ORIENTED_EDGE('',*,*,#6932,.F.);
#6932 = EDGE_CURVE('',#6933,#6925,#6935,.T.);
#6933 = VERTEX_POINT('',#6934);
#6934 = CARTESIAN_POINT('',(-3.119,51.881,5.38));
#6935 = LINE('',#6936,#6937);
#6936 = CARTESIAN_POINT('',(-3.119,51.881,5.38));
#6937 = VECTOR('',#6938,1.);
#6938 = DIRECTION('',(0.,0.,1.));
#6939 = ORIENTED_EDGE('',*,*,#6940,.F.);
#6940 = EDGE_CURVE('',#6902,#6933,#6941,.T.);
#6941 = LINE('',#6942,#6943);
#6942 = CARTESIAN_POINT('',(-3.,51.66,5.38));
#6943 = VECTOR('',#6944,1.);
#6944 = DIRECTION('',(-0.474099823035,0.880471099922,0.));
#6945 = PLANE('',#6946);
#6946 = AXIS2_PLACEMENT_3D('',#6947,#6948,#6949);
#6947 = CARTESIAN_POINT('',(-3.,51.66,5.38));
#6948 = DIRECTION('',(-0.880471099922,-0.474099823035,0.));
#6949 = DIRECTION('',(-0.474099823035,0.880471099922,0.));
#6950 = ADVANCED_FACE('',(#6951),#6976,.T.);
#6951 = FACE_BOUND('',#6952,.T.);
#6952 = EDGE_LOOP('',(#6953,#6954,#6962,#6970));
#6953 = ORIENTED_EDGE('',*,*,#6932,.T.);
#6954 = ORIENTED_EDGE('',*,*,#6955,.T.);
#6955 = EDGE_CURVE('',#6925,#6956,#6958,.T.);
#6956 = VERTEX_POINT('',#6957);
#6957 = CARTESIAN_POINT('',(-3.34,52.,5.86));
#6958 = LINE('',#6959,#6960);
#6959 = CARTESIAN_POINT('',(-3.119,51.881,5.86));
#6960 = VECTOR('',#6961,1.);
#6961 = DIRECTION('',(-0.880471099922,0.474099823035,0.));
#6962 = ORIENTED_EDGE('',*,*,#6963,.F.);
#6963 = EDGE_CURVE('',#6964,#6956,#6966,.T.);
#6964 = VERTEX_POINT('',#6965);
#6965 = CARTESIAN_POINT('',(-3.34,52.,5.38));
#6966 = LINE('',#6967,#6968);
#6967 = CARTESIAN_POINT('',(-3.34,52.,5.38));
#6968 = VECTOR('',#6969,1.);
#6969 = DIRECTION('',(0.,0.,1.));
#6970 = ORIENTED_EDGE('',*,*,#6971,.F.);
#6971 = EDGE_CURVE('',#6933,#6964,#6972,.T.);
#6972 = LINE('',#6973,#6974);
#6973 = CARTESIAN_POINT('',(-3.119,51.881,5.38));
#6974 = VECTOR('',#6975,1.);
#6975 = DIRECTION('',(-0.880471099922,0.474099823035,0.));
#6976 = PLANE('',#6977);
#6977 = AXIS2_PLACEMENT_3D('',#6978,#6979,#6980);
#6978 = CARTESIAN_POINT('',(-3.119,51.881,5.38));
#6979 = DIRECTION('',(-0.474099823035,-0.880471099922,0.));
#6980 = DIRECTION('',(-0.880471099922,0.474099823035,0.));
#6981 = ADVANCED_FACE('',(#6982),#7007,.T.);
#6982 = FACE_BOUND('',#6983,.T.);
#6983 = EDGE_LOOP('',(#6984,#6985,#6993,#7001));
#6984 = ORIENTED_EDGE('',*,*,#6963,.T.);
#6985 = ORIENTED_EDGE('',*,*,#6986,.T.);
#6986 = EDGE_CURVE('',#6956,#6987,#6989,.T.);
#6987 = VERTEX_POINT('',#6988);
#6988 = CARTESIAN_POINT('',(-3.119,52.119,5.86));
#6989 = LINE('',#6990,#6991);
#6990 = CARTESIAN_POINT('',(-3.34,52.,5.86));
#6991 = VECTOR('',#6992,1.);
#6992 = DIRECTION('',(0.880471099922,0.474099823035,0.));
#6993 = ORIENTED_EDGE('',*,*,#6994,.F.);
#6994 = EDGE_CURVE('',#6995,#6987,#6997,.T.);
#6995 = VERTEX_POINT('',#6996);
#6996 = CARTESIAN_POINT('',(-3.119,52.119,5.38));
#6997 = LINE('',#6998,#6999);
#6998 = CARTESIAN_POINT('',(-3.119,52.119,5.38));
#6999 = VECTOR('',#7000,1.);
#7000 = DIRECTION('',(0.,0.,1.));
#7001 = ORIENTED_EDGE('',*,*,#7002,.F.);
#7002 = EDGE_CURVE('',#6964,#6995,#7003,.T.);
#7003 = LINE('',#7004,#7005);
#7004 = CARTESIAN_POINT('',(-3.34,52.,5.38));
#7005 = VECTOR('',#7006,1.);
#7006 = DIRECTION('',(0.880471099922,0.474099823035,0.));
#7007 = PLANE('',#7008);
#7008 = AXIS2_PLACEMENT_3D('',#7009,#7010,#7011);
#7009 = CARTESIAN_POINT('',(-3.34,52.,5.38));
#7010 = DIRECTION('',(-0.474099823035,0.880471099922,0.));
#7011 = DIRECTION('',(0.880471099922,0.474099823035,0.));
#7012 = ADVANCED_FACE('',(#7013),#7029,.T.);
#7013 = FACE_BOUND('',#7014,.T.);
#7014 = EDGE_LOOP('',(#7015,#7016,#7022,#7023));
#7015 = ORIENTED_EDGE('',*,*,#6994,.T.);
#7016 = ORIENTED_EDGE('',*,*,#7017,.T.);
#7017 = EDGE_CURVE('',#6987,#6793,#7018,.T.);
#7018 = LINE('',#7019,#7020);
#7019 = CARTESIAN_POINT('',(-3.119,52.119,5.86));
#7020 = VECTOR('',#7021,1.);
#7021 = DIRECTION('',(0.474099823035,0.880471099922,0.));
#7022 = ORIENTED_EDGE('',*,*,#6790,.F.);
#7023 = ORIENTED_EDGE('',*,*,#7024,.F.);
#7024 = EDGE_CURVE('',#6995,#6791,#7025,.T.);
#7025 = LINE('',#7026,#7027);
#7026 = CARTESIAN_POINT('',(-3.119,52.119,5.38));
#7027 = VECTOR('',#7028,1.);
#7028 = DIRECTION('',(0.474099823035,0.880471099922,0.));
#7029 = PLANE('',#7030);
#7030 = AXIS2_PLACEMENT_3D('',#7031,#7032,#7033);
#7031 = CARTESIAN_POINT('',(-3.119,52.119,5.38));
#7032 = DIRECTION('',(-0.880471099922,0.474099823035,0.));
#7033 = DIRECTION('',(0.474099823035,0.880471099922,0.));
#7034 = ADVANCED_FACE('',(#7035),#7045,.T.);
#7035 = FACE_BOUND('',#7036,.T.);
#7036 = EDGE_LOOP('',(#7037,#7038,#7039,#7040,#7041,#7042,#7043,#7044));
#7037 = ORIENTED_EDGE('',*,*,#6816,.T.);
#7038 = ORIENTED_EDGE('',*,*,#6847,.T.);
#7039 = ORIENTED_EDGE('',*,*,#6878,.T.);
#7040 = ORIENTED_EDGE('',*,*,#6909,.T.);
#7041 = ORIENTED_EDGE('',*,*,#6940,.T.);
#7042 = ORIENTED_EDGE('',*,*,#6971,.T.);
#7043 = ORIENTED_EDGE('',*,*,#7002,.T.);
#7044 = ORIENTED_EDGE('',*,*,#7024,.T.);
#7045 = PLANE('',#7046);
#7046 = AXIS2_PLACEMENT_3D('',#7047,#7048,#7049);
#7047 = CARTESIAN_POINT('',(-3.,52.,5.38));
#7048 = DIRECTION('',(-0.,-0.,-1.));
#7049 = DIRECTION('',(-1.,0.,0.));
#7050 = ADVANCED_FACE('',(#7051),#7061,.F.);
#7051 = FACE_BOUND('',#7052,.F.);
#7052 = EDGE_LOOP('',(#7053,#7054,#7055,#7056,#7057,#7058,#7059,#7060));
#7053 = ORIENTED_EDGE('',*,*,#6800,.T.);
#7054 = ORIENTED_EDGE('',*,*,#6831,.T.);
#7055 = ORIENTED_EDGE('',*,*,#6862,.T.);
#7056 = ORIENTED_EDGE('',*,*,#6893,.T.);
#7057 = ORIENTED_EDGE('',*,*,#6924,.T.);
#7058 = ORIENTED_EDGE('',*,*,#6955,.T.);
#7059 = ORIENTED_EDGE('',*,*,#6986,.T.);
#7060 = ORIENTED_EDGE('',*,*,#7017,.T.);
#7061 = PLANE('',#7062);
#7062 = AXIS2_PLACEMENT_3D('',#7063,#7064,#7065);
#7063 = CARTESIAN_POINT('',(-3.,52.,5.86));
#7064 = DIRECTION('',(-0.,-0.,-1.));
#7065 = DIRECTION('',(-1.,0.,0.));
#7066 = ( GEOMETRIC_REPRESENTATION_CONTEXT(3) 
GLOBAL_UNCERTAINTY_ASSIGNED_CONTEXT((#7070)) 
GLOBAL_UNIT_ASSIGNED_CONTEXT((#7067,#7068,#7069)) REPRESENTATION_CONTEXT
('Context #1','3D Context with UNIT and UNCERTAINTY') );
#7067 = ( LENGTH_UNIT() NAMED_UNIT(*) SI_UNIT(.MILLI.,.METRE.) );
#7068 = ( NAMED_UNIT(*) PLANE_ANGLE_UNIT() SI_UNIT($,.RADIAN.) );
#7069 = ( NAMED_UNIT(*) SI_UNIT($,.STERADIAN.) SOLID_ANGLE_UNIT() );
#7070 = UNCERTAINTY_MEASURE_WITH_UNIT(LENGTH_MEASURE(1.E-07),#7067,
  'distance_accuracy_value','confusion accuracy');
#7071 = CONTEXT_DEPENDENT_SHAPE_REPRESENTATION(#7072,#7074);
#7072 = ( REPRESENTATION_RELATIONSHIP('','',#6783,#10) 
REPRESENTATION_RELATIONSHIP_WITH_TRANSFORMATION(#7073) 
SHAPE_REPRESENTATION_RELATIONSHIP() );
#7073 = ITEM_DEFINED_TRANSFORMATION('','',#11,#107);
#7074 = PRODUCT_DEFINITION_SHAPE('Placement','Placement of an item',
  #7075);
#7075 = NEXT_ASSEMBLY_USAGE_OCCURRENCE('241','','',#5,#6778,$);
#7076 = PRODUCT_RELATED_PRODUCT_CATEGORY('part',$,(#6780));
#7077 = SHAPE_DEFINITION_REPRESENTATION(#7078,#7084);
#7078 = PRODUCT_DEFINITION_SHAPE('','',#7079);
#7079 = PRODUCT_DEFINITION('design','',#7080,#7083);
#7080 = PRODUCT_DEFINITION_FORMATION('','',#7081);
#7081 = PRODUCT('Open CASCADE STEP translator 7.8 5.25',
  'Open CASCADE STEP translator 7.8 5.25','',(#7082));
#7082 = PRODUCT_CONTEXT('',#2,'mechanical');
#7083 = PRODUCT_DEFINITION_CONTEXT('part definition',#2,'design');
#7084 = ADVANCED_BREP_SHAPE_REPRESENTATION('',(#11,#7085),#7367);
#7085 = MANIFOLD_SOLID_BREP('',#7086);
#7086 = CLOSED_SHELL('',(#7087,#7127,#7158,#7189,#7220,#7251,#7282,#7313
    ,#7335,#7351));
#7087 = ADVANCED_FACE('',(#7088),#7122,.T.);
#7088 = FACE_BOUND('',#7089,.T.);
#7089 = EDGE_LOOP('',(#7090,#7100,#7108,#7116));
#7090 = ORIENTED_EDGE('',*,*,#7091,.T.);
#7091 = EDGE_CURVE('',#7092,#7094,#7096,.T.);
#7092 = VERTEX_POINT('',#7093);
#7093 = CARTESIAN_POINT('',(18.,54.3,5.38));
#7094 = VERTEX_POINT('',#7095);
#7095 = CARTESIAN_POINT('',(18.,54.3,5.86));
#7096 = LINE('',#7097,#7098);
#7097 = CARTESIAN_POINT('',(18.,54.3,5.38));
#7098 = VECTOR('',#7099,1.);
#7099 = DIRECTION('',(0.,0.,1.));
#7100 = ORIENTED_EDGE('',*,*,#7101,.T.);
#7101 = EDGE_CURVE('',#7094,#7102,#7104,.T.);
#7102 = VERTEX_POINT('',#7103);
#7103 = CARTESIAN_POINT('',(18.175,53.975,5.86));
#7104 = LINE('',#7105,#7106);
#7105 = CARTESIAN_POINT('',(18.,54.3,5.86));
#7106 = VECTOR('',#7107,1.);
#7107 = DIRECTION('',(0.474099823035,-0.880471099922,0.));
#7108 = ORIENTED_EDGE('',*,*,#7109,.F.);
#7109 = EDGE_CURVE('',#7110,#7102,#7112,.T.);
#7110 = VERTEX_POINT('',#7111);
#7111 = CARTESIAN_POINT('',(18.175,53.975,5.38));
#7112 = LINE('',#7113,#7114);
#7113 = CARTESIAN_POINT('',(18.175,53.975,5.38));
#7114 = VECTOR('',#7115,1.);
#7115 = DIRECTION('',(0.,0.,1.));
#7116 = ORIENTED_EDGE('',*,*,#7117,.F.);
#7117 = EDGE_CURVE('',#7092,#7110,#7118,.T.);
#7118 = LINE('',#7119,#7120);
#7119 = CARTESIAN_POINT('',(18.,54.3,5.38));
#7120 = VECTOR('',#7121,1.);
#7121 = DIRECTION('',(0.474099823035,-0.880471099922,0.));
#7122 = PLANE('',#7123);
#7123 = AXIS2_PLACEMENT_3D('',#7124,#7125,#7126);
#7124 = CARTESIAN_POINT('',(18.,54.3,5.38));
#7125 = DIRECTION('',(0.880471099922,0.474099823035,-0.));
#7126 = DIRECTION('',(0.474099823035,-0.880471099922,0.));
#7127 = ADVANCED_FACE('',(#7128),#7153,.T.);
#7128 = FACE_BOUND('',#7129,.T.);
#7129 = EDGE_LOOP('',(#7130,#7131,#7139,#7147));
#7130 = ORIENTED_EDGE('',*,*,#7109,.T.);
#7131 = ORIENTED_EDGE('',*,*,#7132,.T.);
#7132 = EDGE_CURVE('',#7102,#7133,#7135,.T.);
#7133 = VERTEX_POINT('',#7134);
#7134 = CARTESIAN_POINT('',(18.5,53.8,5.86));
#7135 = LINE('',#7136,#7137);
#7136 = CARTESIAN_POINT('',(18.175,53.975,5.86));
#7137 = VECTOR('',#7138,1.);
#7138 = DIRECTION('',(0.880471099922,-0.474099823035,0.));
#7139 = ORIENTED_EDGE('',*,*,#7140,.F.);
#7140 = EDGE_CURVE('',#7141,#7133,#7143,.T.);
#7141 = VERTEX_POINT('',#7142);
#7142 = CARTESIAN_POINT('',(18.5,53.8,5.38));
#7143 = LINE('',#7144,#7145);
#7144 = CARTESIAN_POINT('',(18.5,53.8,5.38));
#7145 = VECTOR('',#7146,1.);
#7146 = DIRECTION('',(0.,0.,1.));
#7147 = ORIENTED_EDGE('',*,*,#7148,.F.);
#7148 = EDGE_CURVE('',#7110,#7141,#7149,.T.);
#7149 = LINE('',#7150,#7151);
#7150 = CARTESIAN_POINT('',(18.175,53.975,5.38));
#7151 = VECTOR('',#7152,1.);
#7152 = DIRECTION('',(0.880471099922,-0.474099823035,0.));
#7153 = PLANE('',#7154);
#7154 = AXIS2_PLACEMENT_3D('',#7155,#7156,#7157);
#7155 = CARTESIAN_POINT('',(18.175,53.975,5.38));
#7156 = DIRECTION('',(0.474099823035,0.880471099922,-0.));
#7157 = DIRECTION('',(0.880471099922,-0.474099823035,0.));
#7158 = ADVANCED_FACE('',(#7159),#7184,.T.);
#7159 = FACE_BOUND('',#7160,.T.);
#7160 = EDGE_LOOP('',(#7161,#7162,#7170,#7178));
#7161 = ORIENTED_EDGE('',*,*,#7140,.T.);
#7162 = ORIENTED_EDGE('',*,*,#7163,.T.);
#7163 = EDGE_CURVE('',#7133,#7164,#7166,.T.);
#7164 = VERTEX_POINT('',#7165);
#7165 = CARTESIAN_POINT('',(18.175,53.625,5.86));
#7166 = LINE('',#7167,#7168);
#7167 = CARTESIAN_POINT('',(18.5,53.8,5.86));
#7168 = VECTOR('',#7169,1.);
#7169 = DIRECTION('',(-0.880471099922,-0.474099823035,0.));
#7170 = ORIENTED_EDGE('',*,*,#7171,.F.);
#7171 = EDGE_CURVE('',#7172,#7164,#7174,.T.);
#7172 = VERTEX_POINT('',#7173);
#7173 = CARTESIAN_POINT('',(18.175,53.625,5.38));
#7174 = LINE('',#7175,#7176);
#7175 = CARTESIAN_POINT('',(18.175,53.625,5.38));
#7176 = VECTOR('',#7177,1.);
#7177 = DIRECTION('',(0.,0.,1.));
#7178 = ORIENTED_EDGE('',*,*,#7179,.F.);
#7179 = EDGE_CURVE('',#7141,#7172,#7180,.T.);
#7180 = LINE('',#7181,#7182);
#7181 = CARTESIAN_POINT('',(18.5,53.8,5.38));
#7182 = VECTOR('',#7183,1.);
#7183 = DIRECTION('',(-0.880471099922,-0.474099823035,0.));
#7184 = PLANE('',#7185);
#7185 = AXIS2_PLACEMENT_3D('',#7186,#7187,#7188);
#7186 = CARTESIAN_POINT('',(18.5,53.8,5.38));
#7187 = DIRECTION('',(0.474099823035,-0.880471099922,0.));
#7188 = DIRECTION('',(-0.880471099922,-0.474099823035,0.));
#7189 = ADVANCED_FACE('',(#7190),#7215,.T.);
#7190 = FACE_BOUND('',#7191,.T.);
#7191 = EDGE_LOOP('',(#7192,#7193,#7201,#7209));
#7192 = ORIENTED_EDGE('',*,*,#7171,.T.);
#7193 = ORIENTED_EDGE('',*,*,#7194,.T.);
#7194 = EDGE_CURVE('',#7164,#7195,#7197,.T.);
#7195 = VERTEX_POINT('',#7196);
#7196 = CARTESIAN_POINT('',(18.,53.3,5.86));
#7197 = LINE('',#7198,#7199);
#7198 = CARTESIAN_POINT('',(18.175,53.625,5.86));
#7199 = VECTOR('',#7200,1.);
#7200 = DIRECTION('',(-0.474099823035,-0.880471099922,0.));
#7201 = ORIENTED_EDGE('',*,*,#7202,.F.);
#7202 = EDGE_CURVE('',#7203,#7195,#7205,.T.);
#7203 = VERTEX_POINT('',#7204);
#7204 = CARTESIAN_POINT('',(18.,53.3,5.38));
#7205 = LINE('',#7206,#7207);
#7206 = CARTESIAN_POINT('',(18.,53.3,5.38));
#7207 = VECTOR('',#7208,1.);
#7208 = DIRECTION('',(0.,0.,1.));
#7209 = ORIENTED_EDGE('',*,*,#7210,.F.);
#7210 = EDGE_CURVE('',#7172,#7203,#7211,.T.);
#7211 = LINE('',#7212,#7213);
#7212 = CARTESIAN_POINT('',(18.175,53.625,5.38));
#7213 = VECTOR('',#7214,1.);
#7214 = DIRECTION('',(-0.474099823035,-0.880471099922,0.));
#7215 = PLANE('',#7216);
#7216 = AXIS2_PLACEMENT_3D('',#7217,#7218,#7219);
#7217 = CARTESIAN_POINT('',(18.175,53.625,5.38));
#7218 = DIRECTION('',(0.880471099922,-0.474099823035,0.));
#7219 = DIRECTION('',(-0.474099823035,-0.880471099922,0.));
#7220 = ADVANCED_FACE('',(#7221),#7246,.T.);
#7221 = FACE_BOUND('',#7222,.T.);
#7222 = EDGE_LOOP('',(#7223,#7224,#7232,#7240));
#7223 = ORIENTED_EDGE('',*,*,#7202,.T.);
#7224 = ORIENTED_EDGE('',*,*,#7225,.T.);
#7225 = EDGE_CURVE('',#7195,#7226,#7228,.T.);
#7226 = VERTEX_POINT('',#7227);
#7227 = CARTESIAN_POINT('',(17.825,53.625,5.86));
#7228 = LINE('',#7229,#7230);
#7229 = CARTESIAN_POINT('',(18.,53.3,5.86));
#7230 = VECTOR('',#7231,1.);
#7231 = DIRECTION('',(-0.474099823035,0.880471099922,0.));
#7232 = ORIENTED_EDGE('',*,*,#7233,.F.);
#7233 = EDGE_CURVE('',#7234,#7226,#7236,.T.);
#7234 = VERTEX_POINT('',#7235);
#7235 = CARTESIAN_POINT('',(17.825,53.625,5.38));
#7236 = LINE('',#7237,#7238);
#7237 = CARTESIAN_POINT('',(17.825,53.625,5.38));
#7238 = VECTOR('',#7239,1.);
#7239 = DIRECTION('',(0.,0.,1.));
#7240 = ORIENTED_EDGE('',*,*,#7241,.F.);
#7241 = EDGE_CURVE('',#7203,#7234,#7242,.T.);
#7242 = LINE('',#7243,#7244);
#7243 = CARTESIAN_POINT('',(18.,53.3,5.38));
#7244 = VECTOR('',#7245,1.);
#7245 = DIRECTION('',(-0.474099823035,0.880471099922,0.));
#7246 = PLANE('',#7247);
#7247 = AXIS2_PLACEMENT_3D('',#7248,#7249,#7250);
#7248 = CARTESIAN_POINT('',(18.,53.3,5.38));
#7249 = DIRECTION('',(-0.880471099922,-0.474099823035,0.));
#7250 = DIRECTION('',(-0.474099823035,0.880471099922,0.));
#7251 = ADVANCED_FACE('',(#7252),#7277,.T.);
#7252 = FACE_BOUND('',#7253,.T.);
#7253 = EDGE_LOOP('',(#7254,#7255,#7263,#7271));
#7254 = ORIENTED_EDGE('',*,*,#7233,.T.);
#7255 = ORIENTED_EDGE('',*,*,#7256,.T.);
#7256 = EDGE_CURVE('',#7226,#7257,#7259,.T.);
#7257 = VERTEX_POINT('',#7258);
#7258 = CARTESIAN_POINT('',(17.5,53.8,5.86));
#7259 = LINE('',#7260,#7261);
#7260 = CARTESIAN_POINT('',(17.825,53.625,5.86));
#7261 = VECTOR('',#7262,1.);
#7262 = DIRECTION('',(-0.880471099922,0.474099823035,0.));
#7263 = ORIENTED_EDGE('',*,*,#7264,.F.);
#7264 = EDGE_CURVE('',#7265,#7257,#7267,.T.);
#7265 = VERTEX_POINT('',#7266);
#7266 = CARTESIAN_POINT('',(17.5,53.8,5.38));
#7267 = LINE('',#7268,#7269);
#7268 = CARTESIAN_POINT('',(17.5,53.8,5.38));
#7269 = VECTOR('',#7270,1.);
#7270 = DIRECTION('',(0.,0.,1.));
#7271 = ORIENTED_EDGE('',*,*,#7272,.F.);
#7272 = EDGE_CURVE('',#7234,#7265,#7273,.T.);
#7273 = LINE('',#7274,#7275);
#7274 = CARTESIAN_POINT('',(17.825,53.625,5.38));
#7275 = VECTOR('',#7276,1.);
#7276 = DIRECTION('',(-0.880471099922,0.474099823035,0.));
#7277 = PLANE('',#7278);
#7278 = AXIS2_PLACEMENT_3D('',#7279,#7280,#7281);
#7279 = CARTESIAN_POINT('',(17.825,53.625,5.38));
#7280 = DIRECTION('',(-0.474099823035,-0.880471099922,0.));
#7281 = DIRECTION('',(-0.880471099922,0.474099823035,0.));
#7282 = ADVANCED_FACE('',(#7283),#7308,.T.);
#7283 = FACE_BOUND('',#7284,.T.);
#7284 = EDGE_LOOP('',(#7285,#7286,#7294,#7302));
#7285 = ORIENTED_EDGE('',*,*,#7264,.T.);
#7286 = ORIENTED_EDGE('',*,*,#7287,.T.);
#7287 = EDGE_CURVE('',#7257,#7288,#7290,.T.);
#7288 = VERTEX_POINT('',#7289);
#7289 = CARTESIAN_POINT('',(17.825,53.975,5.86));
#7290 = LINE('',#7291,#7292);
#7291 = CARTESIAN_POINT('',(17.5,53.8,5.86));
#7292 = VECTOR('',#7293,1.);
#7293 = DIRECTION('',(0.880471099922,0.474099823035,0.));
#7294 = ORIENTED_EDGE('',*,*,#7295,.F.);
#7295 = EDGE_CURVE('',#7296,#7288,#7298,.T.);
#7296 = VERTEX_POINT('',#7297);
#7297 = CARTESIAN_POINT('',(17.825,53.975,5.38));
#7298 = LINE('',#7299,#7300);
#7299 = CARTESIAN_POINT('',(17.825,53.975,5.38));
#7300 = VECTOR('',#7301,1.);
#7301 = DIRECTION('',(0.,0.,1.));
#7302 = ORIENTED_EDGE('',*,*,#7303,.F.);
#7303 = EDGE_CURVE('',#7265,#7296,#7304,.T.);
#7304 = LINE('',#7305,#7306);
#7305 = CARTESIAN_POINT('',(17.5,53.8,5.38));
#7306 = VECTOR('',#7307,1.);
#7307 = DIRECTION('',(0.880471099922,0.474099823035,0.));
#7308 = PLANE('',#7309);
#7309 = AXIS2_PLACEMENT_3D('',#7310,#7311,#7312);
#7310 = CARTESIAN_POINT('',(17.5,53.8,5.38));
#7311 = DIRECTION('',(-0.474099823035,0.880471099922,0.));
#7312 = DIRECTION('',(0.880471099922,0.474099823035,0.));
#7313 = ADVANCED_FACE('',(#7314),#7330,.T.);
#7314 = FACE_BOUND('',#7315,.T.);
#7315 = EDGE_LOOP('',(#7316,#7317,#7323,#7324));
#7316 = ORIENTED_EDGE('',*,*,#7295,.T.);
#7317 = ORIENTED_EDGE('',*,*,#7318,.T.);
#7318 = EDGE_CURVE('',#7288,#7094,#7319,.T.);
#7319 = LINE('',#7320,#7321);
#7320 = CARTESIAN_POINT('',(17.825,53.975,5.86));
#7321 = VECTOR('',#7322,1.);
#7322 = DIRECTION('',(0.474099823035,0.880471099922,0.));
#7323 = ORIENTED_EDGE('',*,*,#7091,.F.);
#7324 = ORIENTED_EDGE('',*,*,#7325,.F.);
#7325 = EDGE_CURVE('',#7296,#7092,#7326,.T.);
#7326 = LINE('',#7327,#7328);
#7327 = CARTESIAN_POINT('',(17.825,53.975,5.38));
#7328 = VECTOR('',#7329,1.);
#7329 = DIRECTION('',(0.474099823035,0.880471099922,0.));
#7330 = PLANE('',#7331);
#7331 = AXIS2_PLACEMENT_3D('',#7332,#7333,#7334);
#7332 = CARTESIAN_POINT('',(17.825,53.975,5.38));
#7333 = DIRECTION('',(-0.880471099922,0.474099823035,0.));
#7334 = DIRECTION('',(0.474099823035,0.880471099922,0.));
#7335 = ADVANCED_FACE('',(#7336),#7346,.T.);
#7336 = FACE_BOUND('',#7337,.T.);
#7337 = EDGE_LOOP('',(#7338,#7339,#7340,#7341,#7342,#7343,#7344,#7345));
#7338 = ORIENTED_EDGE('',*,*,#7117,.T.);
#7339 = ORIENTED_EDGE('',*,*,#7148,.T.);
#7340 = ORIENTED_EDGE('',*,*,#7179,.T.);
#7341 = ORIENTED_EDGE('',*,*,#7210,.T.);
#7342 = ORIENTED_EDGE('',*,*,#7241,.T.);
#7343 = ORIENTED_EDGE('',*,*,#7272,.T.);
#7344 = ORIENTED_EDGE('',*,*,#7303,.T.);
#7345 = ORIENTED_EDGE('',*,*,#7325,.T.);
#7346 = PLANE('',#7347);
#7347 = AXIS2_PLACEMENT_3D('',#7348,#7349,#7350);
#7348 = CARTESIAN_POINT('',(18.,53.8,5.38));
#7349 = DIRECTION('',(-0.,-0.,-1.));
#7350 = DIRECTION('',(-1.,0.,0.));
#7351 = ADVANCED_FACE('',(#7352),#7362,.F.);
#7352 = FACE_BOUND('',#7353,.F.);
#7353 = EDGE_LOOP('',(#7354,#7355,#7356,#7357,#7358,#7359,#7360,#7361));
#7354 = ORIENTED_EDGE('',*,*,#7101,.T.);
#7355 = ORIENTED_EDGE('',*,*,#7132,.T.);
#7356 = ORIENTED_EDGE('',*,*,#7163,.T.);
#7357 = ORIENTED_EDGE('',*,*,#7194,.T.);
#7358 = ORIENTED_EDGE('',*,*,#7225,.T.);
#7359 = ORIENTED_EDGE('',*,*,#7256,.T.);
#7360 = ORIENTED_EDGE('',*,*,#7287,.T.);
#7361 = ORIENTED_EDGE('',*,*,#7318,.T.);
#7362 = PLANE('',#7363);
#7363 = AXIS2_PLACEMENT_3D('',#7364,#7365,#7366);
#7364 = CARTESIAN_POINT('',(18.,53.8,5.86));
#7365 = DIRECTION('',(-0.,-0.,-1.));
#7366 = DIRECTION('',(-1.,0.,0.));
#7367 = ( GEOMETRIC_REPRESENTATION_CONTEXT(3) 
GLOBAL_UNCERTAINTY_ASSIGNED_CONTEXT((#7371)) 
GLOBAL_UNIT_ASSIGNED_CONTEXT((#7368,#7369,#7370)) REPRESENTATION_CONTEXT
('Context #1','3D Context with UNIT and UNCERTAINTY') );
#7368 = ( LENGTH_UNIT() NAMED_UNIT(*) SI_UNIT(.MILLI.,.METRE.) );
#7369 = ( NAMED_UNIT(*) PLANE_ANGLE_UNIT() SI_UNIT($,.RADIAN.) );
#7370 = ( NAMED_UNIT(*) SI_UNIT($,.STERADIAN.) SOLID_ANGLE_UNIT() );
#7371 = UNCERTAINTY_MEASURE_WITH_UNIT(LENGTH_MEASURE(1.E-07),#7368,
  'distance_accuracy_value','confusion accuracy');
#7372 = CONTEXT_DEPENDENT_SHAPE_REPRESENTATION(#7373,#7375);
#7373 = ( REPRESENTATION_RELATIONSHIP('','',#7084,#10) 
REPRESENTATION_RELATIONSHIP_WITH_TRANSFORMATION(#7374) 
SHAPE_REPRESENTATION_RELATIONSHIP() );
#7374 = ITEM_DEFINED_TRANSFORMATION('','',#11,#111);
#7375 = PRODUCT_DEFINITION_SHAPE('Placement','Placement of an item',
  #7376);
#7376 = NEXT_ASSEMBLY_USAGE_OCCURRENCE('242','','',#5,#7079,$);
#7377 = PRODUCT_RELATED_PRODUCT_CATEGORY('part',$,(#7081));
#7378 = SHAPE_DEFINITION_REPRESENTATION(#7379,#7385);
#7379 = PRODUCT_DEFINITION_SHAPE('','',#7380);
#7380 = PRODUCT_DEFINITION('design','',#7381,#7384);
#7381 = PRODUCT_DEFINITION_FORMATION('','',#7382);
#7382 = PRODUCT('Open CASCADE STEP translator 7.8 5.26',
  'Open CASCADE STEP translator 7.8 5.26','',(#7383));
#7383 = PRODUCT_CONTEXT('',#2,'mechanical');
#7384 = PRODUCT_DEFINITION_CONTEXT('part definition',#2,'design');
#7385 = ADVANCED_BREP_SHAPE_REPRESENTATION('',(#11,#7386),#7668);
#7386 = MANIFOLD_SOLID_BREP('',#7387);
#7387 = CLOSED_SHELL('',(#7388,#7428,#7459,#7490,#7521,#7552,#7583,#7614
    ,#7636,#7652));
#7388 = ADVANCED_FACE('',(#7389),#7423,.T.);
#7389 = FACE_BOUND('',#7390,.T.);
#7390 = EDGE_LOOP('',(#7391,#7401,#7409,#7417));
#7391 = ORIENTED_EDGE('',*,*,#7392,.T.);
#7392 = EDGE_CURVE('',#7393,#7395,#7397,.T.);
#7393 = VERTEX_POINT('',#7394);
#7394 = CARTESIAN_POINT('',(47.,31.04,5.38));
#7395 = VERTEX_POINT('',#7396);
#7396 = CARTESIAN_POINT('',(47.,31.04,5.86));
#7397 = LINE('',#7398,#7399);
#7398 = CARTESIAN_POINT('',(47.,31.04,5.38));
#7399 = VECTOR('',#7400,1.);
#7400 = DIRECTION('',(0.,0.,1.));
#7401 = ORIENTED_EDGE('',*,*,#7402,.T.);
#7402 = EDGE_CURVE('',#7395,#7403,#7405,.T.);
#7403 = VERTEX_POINT('',#7404);
#7404 = CARTESIAN_POINT('',(47.189,30.689,5.86));
#7405 = LINE('',#7406,#7407);
#7406 = CARTESIAN_POINT('',(47.,31.04,5.86));
#7407 = VECTOR('',#7408,1.);
#7408 = DIRECTION('',(0.474099823035,-0.880471099922,0.));
#7409 = ORIENTED_EDGE('',*,*,#7410,.F.);
#7410 = EDGE_CURVE('',#7411,#7403,#7413,.T.);
#7411 = VERTEX_POINT('',#7412);
#7412 = CARTESIAN_POINT('',(47.189,30.689,5.38));
#7413 = LINE('',#7414,#7415);
#7414 = CARTESIAN_POINT('',(47.189,30.689,5.38));
#7415 = VECTOR('',#7416,1.);
#7416 = DIRECTION('',(0.,0.,1.));
#7417 = ORIENTED_EDGE('',*,*,#7418,.F.);
#7418 = EDGE_CURVE('',#7393,#7411,#7419,.T.);
#7419 = LINE('',#7420,#7421);
#7420 = CARTESIAN_POINT('',(47.,31.04,5.38));
#7421 = VECTOR('',#7422,1.);
#7422 = DIRECTION('',(0.474099823035,-0.880471099922,0.));
#7423 = PLANE('',#7424);
#7424 = AXIS2_PLACEMENT_3D('',#7425,#7426,#7427);
#7425 = CARTESIAN_POINT('',(47.,31.04,5.38));
#7426 = DIRECTION('',(0.880471099922,0.474099823035,-0.));
#7427 = DIRECTION('',(0.474099823035,-0.880471099922,0.));
#7428 = ADVANCED_FACE('',(#7429),#7454,.T.);
#7429 = FACE_BOUND('',#7430,.T.);
#7430 = EDGE_LOOP('',(#7431,#7432,#7440,#7448));
#7431 = ORIENTED_EDGE('',*,*,#7410,.T.);
#7432 = ORIENTED_EDGE('',*,*,#7433,.T.);
#7433 = EDGE_CURVE('',#7403,#7434,#7436,.T.);
#7434 = VERTEX_POINT('',#7435);
#7435 = CARTESIAN_POINT('',(47.54,30.5,5.86));
#7436 = LINE('',#7437,#7438);
#7437 = CARTESIAN_POINT('',(47.189,30.689,5.86));
#7438 = VECTOR('',#7439,1.);
#7439 = DIRECTION('',(0.880471099922,-0.474099823035,0.));
#7440 = ORIENTED_EDGE('',*,*,#7441,.F.);
#7441 = EDGE_CURVE('',#7442,#7434,#7444,.T.);
#7442 = VERTEX_POINT('',#7443);
#7443 = CARTESIAN_POINT('',(47.54,30.5,5.38));
#7444 = LINE('',#7445,#7446);
#7445 = CARTESIAN_POINT('',(47.54,30.5,5.38));
#7446 = VECTOR('',#7447,1.);
#7447 = DIRECTION('',(0.,0.,1.));
#7448 = ORIENTED_EDGE('',*,*,#7449,.F.);
#7449 = EDGE_CURVE('',#7411,#7442,#7450,.T.);
#7450 = LINE('',#7451,#7452);
#7451 = CARTESIAN_POINT('',(47.189,30.689,5.38));
#7452 = VECTOR('',#7453,1.);
#7453 = DIRECTION('',(0.880471099922,-0.474099823035,0.));
#7454 = PLANE('',#7455);
#7455 = AXIS2_PLACEMENT_3D('',#7456,#7457,#7458);
#7456 = CARTESIAN_POINT('',(47.189,30.689,5.38));
#7457 = DIRECTION('',(0.474099823035,0.880471099922,-0.));
#7458 = DIRECTION('',(0.880471099922,-0.474099823035,0.));
#7459 = ADVANCED_FACE('',(#7460),#7485,.T.);
#7460 = FACE_BOUND('',#7461,.T.);
#7461 = EDGE_LOOP('',(#7462,#7463,#7471,#7479));
#7462 = ORIENTED_EDGE('',*,*,#7441,.T.);
#7463 = ORIENTED_EDGE('',*,*,#7464,.T.);
#7464 = EDGE_CURVE('',#7434,#7465,#7467,.T.);
#7465 = VERTEX_POINT('',#7466);
#7466 = CARTESIAN_POINT('',(47.189,30.311,5.86));
#7467 = LINE('',#7468,#7469);
#7468 = CARTESIAN_POINT('',(47.54,30.5,5.86));
#7469 = VECTOR('',#7470,1.);
#7470 = DIRECTION('',(-0.880471099922,-0.474099823035,0.));
#7471 = ORIENTED_EDGE('',*,*,#7472,.F.);
#7472 = EDGE_CURVE('',#7473,#7465,#7475,.T.);
#7473 = VERTEX_POINT('',#7474);
#7474 = CARTESIAN_POINT('',(47.189,30.311,5.38));
#7475 = LINE('',#7476,#7477);
#7476 = CARTESIAN_POINT('',(47.189,30.311,5.38));
#7477 = VECTOR('',#7478,1.);
#7478 = DIRECTION('',(0.,0.,1.));
#7479 = ORIENTED_EDGE('',*,*,#7480,.F.);
#7480 = EDGE_CURVE('',#7442,#7473,#7481,.T.);
#7481 = LINE('',#7482,#7483);
#7482 = CARTESIAN_POINT('',(47.54,30.5,5.38));
#7483 = VECTOR('',#7484,1.);
#7484 = DIRECTION('',(-0.880471099922,-0.474099823035,0.));
#7485 = PLANE('',#7486);
#7486 = AXIS2_PLACEMENT_3D('',#7487,#7488,#7489);
#7487 = CARTESIAN_POINT('',(47.54,30.5,5.38));
#7488 = DIRECTION('',(0.474099823035,-0.880471099922,0.));
#7489 = DIRECTION('',(-0.880471099922,-0.474099823035,0.));
#7490 = ADVANCED_FACE('',(#7491),#7516,.T.);
#7491 = FACE_BOUND('',#7492,.T.);
#7492 = EDGE_LOOP('',(#7493,#7494,#7502,#7510));
#7493 = ORIENTED_EDGE('',*,*,#7472,.T.);
#7494 = ORIENTED_EDGE('',*,*,#7495,.T.);
#7495 = EDGE_CURVE('',#7465,#7496,#7498,.T.);
#7496 = VERTEX_POINT('',#7497);
#7497 = CARTESIAN_POINT('',(47.,29.96,5.86));
#7498 = LINE('',#7499,#7500);
#7499 = CARTESIAN_POINT('',(47.189,30.311,5.86));
#7500 = VECTOR('',#7501,1.);
#7501 = DIRECTION('',(-0.474099823035,-0.880471099922,0.));
#7502 = ORIENTED_EDGE('',*,*,#7503,.F.);
#7503 = EDGE_CURVE('',#7504,#7496,#7506,.T.);
#7504 = VERTEX_POINT('',#7505);
#7505 = CARTESIAN_POINT('',(47.,29.96,5.38));
#7506 = LINE('',#7507,#7508);
#7507 = CARTESIAN_POINT('',(47.,29.96,5.38));
#7508 = VECTOR('',#7509,1.);
#7509 = DIRECTION('',(0.,0.,1.));
#7510 = ORIENTED_EDGE('',*,*,#7511,.F.);
#7511 = EDGE_CURVE('',#7473,#7504,#7512,.T.);
#7512 = LINE('',#7513,#7514);
#7513 = CARTESIAN_POINT('',(47.189,30.311,5.38));
#7514 = VECTOR('',#7515,1.);
#7515 = DIRECTION('',(-0.474099823035,-0.880471099922,0.));
#7516 = PLANE('',#7517);
#7517 = AXIS2_PLACEMENT_3D('',#7518,#7519,#7520);
#7518 = CARTESIAN_POINT('',(47.189,30.311,5.38));
#7519 = DIRECTION('',(0.880471099922,-0.474099823035,0.));
#7520 = DIRECTION('',(-0.474099823035,-0.880471099922,0.));
#7521 = ADVANCED_FACE('',(#7522),#7547,.T.);
#7522 = FACE_BOUND('',#7523,.T.);
#7523 = EDGE_LOOP('',(#7524,#7525,#7533,#7541));
#7524 = ORIENTED_EDGE('',*,*,#7503,.T.);
#7525 = ORIENTED_EDGE('',*,*,#7526,.T.);
#7526 = EDGE_CURVE('',#7496,#7527,#7529,.T.);
#7527 = VERTEX_POINT('',#7528);
#7528 = CARTESIAN_POINT('',(46.811,30.311,5.86));
#7529 = LINE('',#7530,#7531);
#7530 = CARTESIAN_POINT('',(47.,29.96,5.86));
#7531 = VECTOR('',#7532,1.);
#7532 = DIRECTION('',(-0.474099823035,0.880471099922,0.));
#7533 = ORIENTED_EDGE('',*,*,#7534,.F.);
#7534 = EDGE_CURVE('',#7535,#7527,#7537,.T.);
#7535 = VERTEX_POINT('',#7536);
#7536 = CARTESIAN_POINT('',(46.811,30.311,5.38));
#7537 = LINE('',#7538,#7539);
#7538 = CARTESIAN_POINT('',(46.811,30.311,5.38));
#7539 = VECTOR('',#7540,1.);
#7540 = DIRECTION('',(0.,0.,1.));
#7541 = ORIENTED_EDGE('',*,*,#7542,.F.);
#7542 = EDGE_CURVE('',#7504,#7535,#7543,.T.);
#7543 = LINE('',#7544,#7545);
#7544 = CARTESIAN_POINT('',(47.,29.96,5.38));
#7545 = VECTOR('',#7546,1.);
#7546 = DIRECTION('',(-0.474099823035,0.880471099922,0.));
#7547 = PLANE('',#7548);
#7548 = AXIS2_PLACEMENT_3D('',#7549,#7550,#7551);
#7549 = CARTESIAN_POINT('',(47.,29.96,5.38));
#7550 = DIRECTION('',(-0.880471099922,-0.474099823035,0.));
#7551 = DIRECTION('',(-0.474099823035,0.880471099922,0.));
#7552 = ADVANCED_FACE('',(#7553),#7578,.T.);
#7553 = FACE_BOUND('',#7554,.T.);
#7554 = EDGE_LOOP('',(#7555,#7556,#7564,#7572));
#7555 = ORIENTED_EDGE('',*,*,#7534,.T.);
#7556 = ORIENTED_EDGE('',*,*,#7557,.T.);
#7557 = EDGE_CURVE('',#7527,#7558,#7560,.T.);
#7558 = VERTEX_POINT('',#7559);
#7559 = CARTESIAN_POINT('',(46.46,30.5,5.86));
#7560 = LINE('',#7561,#7562);
#7561 = CARTESIAN_POINT('',(46.811,30.311,5.86));
#7562 = VECTOR('',#7563,1.);
#7563 = DIRECTION('',(-0.880471099922,0.474099823035,0.));
#7564 = ORIENTED_EDGE('',*,*,#7565,.F.);
#7565 = EDGE_CURVE('',#7566,#7558,#7568,.T.);
#7566 = VERTEX_POINT('',#7567);
#7567 = CARTESIAN_POINT('',(46.46,30.5,5.38));
#7568 = LINE('',#7569,#7570);
#7569 = CARTESIAN_POINT('',(46.46,30.5,5.38));
#7570 = VECTOR('',#7571,1.);
#7571 = DIRECTION('',(0.,0.,1.));
#7572 = ORIENTED_EDGE('',*,*,#7573,.F.);
#7573 = EDGE_CURVE('',#7535,#7566,#7574,.T.);
#7574 = LINE('',#7575,#7576);
#7575 = CARTESIAN_POINT('',(46.811,30.311,5.38));
#7576 = VECTOR('',#7577,1.);
#7577 = DIRECTION('',(-0.880471099922,0.474099823035,0.));
#7578 = PLANE('',#7579);
#7579 = AXIS2_PLACEMENT_3D('',#7580,#7581,#7582);
#7580 = CARTESIAN_POINT('',(46.811,30.311,5.38));
#7581 = DIRECTION('',(-0.474099823035,-0.880471099922,0.));
#7582 = DIRECTION('',(-0.880471099922,0.474099823035,0.));
#7583 = ADVANCED_FACE('',(#7584),#7609,.T.);
#7584 = FACE_BOUND('',#7585,.T.);
#7585 = EDGE_LOOP('',(#7586,#7587,#7595,#7603));
#7586 = ORIENTED_EDGE('',*,*,#7565,.T.);
#7587 = ORIENTED_EDGE('',*,*,#7588,.T.);
#7588 = EDGE_CURVE('',#7558,#7589,#7591,.T.);
#7589 = VERTEX_POINT('',#7590);
#7590 = CARTESIAN_POINT('',(46.811,30.689,5.86));
#7591 = LINE('',#7592,#7593);
#7592 = CARTESIAN_POINT('',(46.46,30.5,5.86));
#7593 = VECTOR('',#7594,1.);
#7594 = DIRECTION('',(0.880471099922,0.474099823035,0.));
#7595 = ORIENTED_EDGE('',*,*,#7596,.F.);
#7596 = EDGE_CURVE('',#7597,#7589,#7599,.T.);
#7597 = VERTEX_POINT('',#7598);
#7598 = CARTESIAN_POINT('',(46.811,30.689,5.38));
#7599 = LINE('',#7600,#7601);
#7600 = CARTESIAN_POINT('',(46.811,30.689,5.38));
#7601 = VECTOR('',#7602,1.);
#7602 = DIRECTION('',(0.,0.,1.));
#7603 = ORIENTED_EDGE('',*,*,#7604,.F.);
#7604 = EDGE_CURVE('',#7566,#7597,#7605,.T.);
#7605 = LINE('',#7606,#7607);
#7606 = CARTESIAN_POINT('',(46.46,30.5,5.38));
#7607 = VECTOR('',#7608,1.);
#7608 = DIRECTION('',(0.880471099922,0.474099823035,0.));
#7609 = PLANE('',#7610);
#7610 = AXIS2_PLACEMENT_3D('',#7611,#7612,#7613);
#7611 = CARTESIAN_POINT('',(46.46,30.5,5.38));
#7612 = DIRECTION('',(-0.474099823035,0.880471099922,0.));
#7613 = DIRECTION('',(0.880471099922,0.474099823035,0.));
#7614 = ADVANCED_FACE('',(#7615),#7631,.T.);
#7615 = FACE_BOUND('',#7616,.T.);
#7616 = EDGE_LOOP('',(#7617,#7618,#7624,#7625));
#7617 = ORIENTED_EDGE('',*,*,#7596,.T.);
#7618 = ORIENTED_EDGE('',*,*,#7619,.T.);
#7619 = EDGE_CURVE('',#7589,#7395,#7620,.T.);
#7620 = LINE('',#7621,#7622);
#7621 = CARTESIAN_POINT('',(46.811,30.689,5.86));
#7622 = VECTOR('',#7623,1.);
#7623 = DIRECTION('',(0.474099823035,0.880471099922,0.));
#7624 = ORIENTED_EDGE('',*,*,#7392,.F.);
#7625 = ORIENTED_EDGE('',*,*,#7626,.F.);
#7626 = EDGE_CURVE('',#7597,#7393,#7627,.T.);
#7627 = LINE('',#7628,#7629);
#7628 = CARTESIAN_POINT('',(46.811,30.689,5.38));
#7629 = VECTOR('',#7630,1.);
#7630 = DIRECTION('',(0.474099823035,0.880471099922,0.));
#7631 = PLANE('',#7632);
#7632 = AXIS2_PLACEMENT_3D('',#7633,#7634,#7635);
#7633 = CARTESIAN_POINT('',(46.811,30.689,5.38));
#7634 = DIRECTION('',(-0.880471099922,0.474099823035,0.));
#7635 = DIRECTION('',(0.474099823035,0.880471099922,0.));
#7636 = ADVANCED_FACE('',(#7637),#7647,.T.);
#7637 = FACE_BOUND('',#7638,.T.);
#7638 = EDGE_LOOP('',(#7639,#7640,#7641,#7642,#7643,#7644,#7645,#7646));
#7639 = ORIENTED_EDGE('',*,*,#7418,.T.);
#7640 = ORIENTED_EDGE('',*,*,#7449,.T.);
#7641 = ORIENTED_EDGE('',*,*,#7480,.T.);
#7642 = ORIENTED_EDGE('',*,*,#7511,.T.);
#7643 = ORIENTED_EDGE('',*,*,#7542,.T.);
#7644 = ORIENTED_EDGE('',*,*,#7573,.T.);
#7645 = ORIENTED_EDGE('',*,*,#7604,.T.);
#7646 = ORIENTED_EDGE('',*,*,#7626,.T.);
#7647 = PLANE('',#7648);
#7648 = AXIS2_PLACEMENT_3D('',#7649,#7650,#7651);
#7649 = CARTESIAN_POINT('',(47.,30.5,5.38));
#7650 = DIRECTION('',(-0.,-0.,-1.));
#7651 = DIRECTION('',(-1.,0.,0.));
#7652 = ADVANCED_FACE('',(#7653),#7663,.F.);
#7653 = FACE_BOUND('',#7654,.F.);
#7654 = EDGE_LOOP('',(#7655,#7656,#7657,#7658,#7659,#7660,#7661,#7662));
#7655 = ORIENTED_EDGE('',*,*,#7402,.T.);
#7656 = ORIENTED_EDGE('',*,*,#7433,.T.);
#7657 = ORIENTED_EDGE('',*,*,#7464,.T.);
#7658 = ORIENTED_EDGE('',*,*,#7495,.T.);
#7659 = ORIENTED_EDGE('',*,*,#7526,.T.);
#7660 = ORIENTED_EDGE('',*,*,#7557,.T.);
#7661 = ORIENTED_EDGE('',*,*,#7588,.T.);
#7662 = ORIENTED_EDGE('',*,*,#7619,.T.);
#7663 = PLANE('',#7664);
#7664 = AXIS2_PLACEMENT_3D('',#7665,#7666,#7667);
#7665 = CARTESIAN_POINT('',(47.,30.5,5.86));
#7666 = DIRECTION('',(-0.,-0.,-1.));
#7667 = DIRECTION('',(-1.,0.,0.));
#7668 = ( GEOMETRIC_REPRESENTATION_CONTEXT(3) 
GLOBAL_UNCERTAINTY_ASSIGNED_CONTEXT((#7672)) 
GLOBAL_UNIT_ASSIGNED_CONTEXT((#7669,#7670,#7671)) REPRESENTATION_CONTEXT
('Context #1','3D Context with UNIT and UNCERTAINTY') );
#7669 = ( LENGTH_UNIT() NAMED_UNIT(*) SI_UNIT(.MILLI.,.METRE.) );
#7670 = ( NAMED_UNIT(*) PLANE_ANGLE_UNIT() SI_UNIT($,.RADIAN.) );
#7671 = ( NAMED_UNIT(*) SI_UNIT($,.STERADIAN.) SOLID_ANGLE_UNIT() );
#7672 = UNCERTAINTY_MEASURE_WITH_UNIT(LENGTH_MEASURE(1.E-07),#7669,
  'distance_accuracy_value','confusion accuracy');
#7673 = CONTEXT_DEPENDENT_SHAPE_REPRESENTATION(#7674,#7676);
#7674 = ( REPRESENTATION_RELATIONSHIP('','',#7385,#10) 
REPRESENTATION_RELATIONSHIP_WITH_TRANSFORMATION(#7675) 
SHAPE_REPRESENTATION_RELATIONSHIP() );
#7675 = ITEM_DEFINED_TRANSFORMATION('','',#11,#115);
#7676 = PRODUCT_DEFINITION_SHAPE('Placement','Placement of an item',
  #7677);
#7677 = NEXT_ASSEMBLY_USAGE_OCCURRENCE('243','','',#5,#7380,$);
#7678 = PRODUCT_RELATED_PRODUCT_CATEGORY('part',$,(#7382));
#7679 = SHAPE_DEFINITION_REPRESENTATION(#7680,#7686);
#7680 = PRODUCT_DEFINITION_SHAPE('','',#7681);
#7681 = PRODUCT_DEFINITION('design','',#7682,#7685);
#7682 = PRODUCT_DEFINITION_FORMATION('','',#7683);
#7683 = PRODUCT('Open CASCADE STEP translator 7.8 5.27',
  'Open CASCADE STEP translator 7.8 5.27','',(#7684));
#7684 = PRODUCT_CONTEXT('',#2,'mechanical');
#7685 = PRODUCT_DEFINITION_CONTEXT('part definition',#2,'design');
#7686 = ADVANCED_BREP_SHAPE_REPRESENTATION('',(#11,#7687),#7969);
#7687 = MANIFOLD_SOLID_BREP('',#7688);
#7688 = CLOSED_SHELL('',(#7689,#7729,#7760,#7791,#7822,#7853,#7884,#7915
    ,#7937,#7953));
#7689 = ADVANCED_FACE('',(#7690),#7724,.T.);
#7690 = FACE_BOUND('',#7691,.T.);
#7691 = EDGE_LOOP('',(#7692,#7702,#7710,#7718));
#7692 = ORIENTED_EDGE('',*,*,#7693,.T.);
#7693 = EDGE_CURVE('',#7694,#7696,#7698,.T.);
#7694 = VERTEX_POINT('',#7695);
#7695 = CARTESIAN_POINT('',(51.,-29.64,5.38));
#7696 = VERTEX_POINT('',#7697);
#7697 = CARTESIAN_POINT('',(51.,-29.64,5.86));
#7698 = LINE('',#7699,#7700);
#7699 = CARTESIAN_POINT('',(51.,-29.64,5.38));
#7700 = VECTOR('',#7701,1.);
#7701 = DIRECTION('',(0.,0.,1.));
#7702 = ORIENTED_EDGE('',*,*,#7703,.T.);
#7703 = EDGE_CURVE('',#7696,#7704,#7706,.T.);
#7704 = VERTEX_POINT('',#7705);
#7705 = CARTESIAN_POINT('',(51.126,-29.874,5.86));
#7706 = LINE('',#7707,#7708);
#7707 = CARTESIAN_POINT('',(51.,-29.64,5.86));
#7708 = VECTOR('',#7709,1.);
#7709 = DIRECTION('',(0.474099823035,-0.880471099922,0.));
#7710 = ORIENTED_EDGE('',*,*,#7711,.F.);
#7711 = EDGE_CURVE('',#7712,#7704,#7714,.T.);
#7712 = VERTEX_POINT('',#7713);
#7713 = CARTESIAN_POINT('',(51.126,-29.874,5.38));
#7714 = LINE('',#7715,#7716);
#7715 = CARTESIAN_POINT('',(51.126,-29.874,5.38));
#7716 = VECTOR('',#7717,1.);
#7717 = DIRECTION('',(0.,0.,1.));
#7718 = ORIENTED_EDGE('',*,*,#7719,.F.);
#7719 = EDGE_CURVE('',#7694,#7712,#7720,.T.);
#7720 = LINE('',#7721,#7722);
#7721 = CARTESIAN_POINT('',(51.,-29.64,5.38));
#7722 = VECTOR('',#7723,1.);
#7723 = DIRECTION('',(0.474099823035,-0.880471099922,0.));
#7724 = PLANE('',#7725);
#7725 = AXIS2_PLACEMENT_3D('',#7726,#7727,#7728);
#7726 = CARTESIAN_POINT('',(51.,-29.64,5.38));
#7727 = DIRECTION('',(0.880471099922,0.474099823035,-0.));
#7728 = DIRECTION('',(0.474099823035,-0.880471099922,0.));
#7729 = ADVANCED_FACE('',(#7730),#7755,.T.);
#7730 = FACE_BOUND('',#7731,.T.);
#7731 = EDGE_LOOP('',(#7732,#7733,#7741,#7749));
#7732 = ORIENTED_EDGE('',*,*,#7711,.T.);
#7733 = ORIENTED_EDGE('',*,*,#7734,.T.);
#7734 = EDGE_CURVE('',#7704,#7735,#7737,.T.);
#7735 = VERTEX_POINT('',#7736);
#7736 = CARTESIAN_POINT('',(51.36,-30.,5.86));
#7737 = LINE('',#7738,#7739);
#7738 = CARTESIAN_POINT('',(51.126,-29.874,5.86));
#7739 = VECTOR('',#7740,1.);
#7740 = DIRECTION('',(0.880471099922,-0.474099823035,0.));
#7741 = ORIENTED_EDGE('',*,*,#7742,.F.);
#7742 = EDGE_CURVE('',#7743,#7735,#7745,.T.);
#7743 = VERTEX_POINT('',#7744);
#7744 = CARTESIAN_POINT('',(51.36,-30.,5.38));
#7745 = LINE('',#7746,#7747);
#7746 = CARTESIAN_POINT('',(51.36,-30.,5.38));
#7747 = VECTOR('',#7748,1.);
#7748 = DIRECTION('',(0.,0.,1.));
#7749 = ORIENTED_EDGE('',*,*,#7750,.F.);
#7750 = EDGE_CURVE('',#7712,#7743,#7751,.T.);
#7751 = LINE('',#7752,#7753);
#7752 = CARTESIAN_POINT('',(51.126,-29.874,5.38));
#7753 = VECTOR('',#7754,1.);
#7754 = DIRECTION('',(0.880471099922,-0.474099823035,0.));
#7755 = PLANE('',#7756);
#7756 = AXIS2_PLACEMENT_3D('',#7757,#7758,#7759);
#7757 = CARTESIAN_POINT('',(51.126,-29.874,5.38));
#7758 = DIRECTION('',(0.474099823035,0.880471099922,-0.));
#7759 = DIRECTION('',(0.880471099922,-0.474099823035,0.));
#7760 = ADVANCED_FACE('',(#7761),#7786,.T.);
#7761 = FACE_BOUND('',#7762,.T.);
#7762 = EDGE_LOOP('',(#7763,#7764,#7772,#7780));
#7763 = ORIENTED_EDGE('',*,*,#7742,.T.);
#7764 = ORIENTED_EDGE('',*,*,#7765,.T.);
#7765 = EDGE_CURVE('',#7735,#7766,#7768,.T.);
#7766 = VERTEX_POINT('',#7767);
#7767 = CARTESIAN_POINT('',(51.126,-30.126,5.86));
#7768 = LINE('',#7769,#7770);
#7769 = CARTESIAN_POINT('',(51.36,-30.,5.86));
#7770 = VECTOR('',#7771,1.);
#7771 = DIRECTION('',(-0.880471099922,-0.474099823035,0.));
#7772 = ORIENTED_EDGE('',*,*,#7773,.F.);
#7773 = EDGE_CURVE('',#7774,#7766,#7776,.T.);
#7774 = VERTEX_POINT('',#7775);
#7775 = CARTESIAN_POINT('',(51.126,-30.126,5.38));
#7776 = LINE('',#7777,#7778);
#7777 = CARTESIAN_POINT('',(51.126,-30.126,5.38));
#7778 = VECTOR('',#7779,1.);
#7779 = DIRECTION('',(0.,0.,1.));
#7780 = ORIENTED_EDGE('',*,*,#7781,.F.);
#7781 = EDGE_CURVE('',#7743,#7774,#7782,.T.);
#7782 = LINE('',#7783,#7784);
#7783 = CARTESIAN_POINT('',(51.36,-30.,5.38));
#7784 = VECTOR('',#7785,1.);
#7785 = DIRECTION('',(-0.880471099922,-0.474099823035,0.));
#7786 = PLANE('',#7787);
#7787 = AXIS2_PLACEMENT_3D('',#7788,#7789,#7790);
#7788 = CARTESIAN_POINT('',(51.36,-30.,5.38));
#7789 = DIRECTION('',(0.474099823035,-0.880471099922,0.));
#7790 = DIRECTION('',(-0.880471099922,-0.474099823035,0.));
#7791 = ADVANCED_FACE('',(#7792),#7817,.T.);
#7792 = FACE_BOUND('',#7793,.T.);
#7793 = EDGE_LOOP('',(#7794,#7795,#7803,#7811));
#7794 = ORIENTED_EDGE('',*,*,#7773,.T.);
#7795 = ORIENTED_EDGE('',*,*,#7796,.T.);
#7796 = EDGE_CURVE('',#7766,#7797,#7799,.T.);
#7797 = VERTEX_POINT('',#7798);
#7798 = CARTESIAN_POINT('',(51.,-30.36,5.86));
#7799 = LINE('',#7800,#7801);
#7800 = CARTESIAN_POINT('',(51.126,-30.126,5.86));
#7801 = VECTOR('',#7802,1.);
#7802 = DIRECTION('',(-0.474099823035,-0.880471099922,0.));
#7803 = ORIENTED_EDGE('',*,*,#7804,.F.);
#7804 = EDGE_CURVE('',#7805,#7797,#7807,.T.);
#7805 = VERTEX_POINT('',#7806);
#7806 = CARTESIAN_POINT('',(51.,-30.36,5.38));
#7807 = LINE('',#7808,#7809);
#7808 = CARTESIAN_POINT('',(51.,-30.36,5.38));
#7809 = VECTOR('',#7810,1.);
#7810 = DIRECTION('',(0.,0.,1.));
#7811 = ORIENTED_EDGE('',*,*,#7812,.F.);
#7812 = EDGE_CURVE('',#7774,#7805,#7813,.T.);
#7813 = LINE('',#7814,#7815);
#7814 = CARTESIAN_POINT('',(51.126,-30.126,5.38));
#7815 = VECTOR('',#7816,1.);
#7816 = DIRECTION('',(-0.474099823035,-0.880471099922,0.));
#7817 = PLANE('',#7818);
#7818 = AXIS2_PLACEMENT_3D('',#7819,#7820,#7821);
#7819 = CARTESIAN_POINT('',(51.126,-30.126,5.38));
#7820 = DIRECTION('',(0.880471099922,-0.474099823035,0.));
#7821 = DIRECTION('',(-0.474099823035,-0.880471099922,0.));
#7822 = ADVANCED_FACE('',(#7823),#7848,.T.);
#7823 = FACE_BOUND('',#7824,.T.);
#7824 = EDGE_LOOP('',(#7825,#7826,#7834,#7842));
#7825 = ORIENTED_EDGE('',*,*,#7804,.T.);
#7826 = ORIENTED_EDGE('',*,*,#7827,.T.);
#7827 = EDGE_CURVE('',#7797,#7828,#7830,.T.);
#7828 = VERTEX_POINT('',#7829);
#7829 = CARTESIAN_POINT('',(50.874,-30.126,5.86));
#7830 = LINE('',#7831,#7832);
#7831 = CARTESIAN_POINT('',(51.,-30.36,5.86));
#7832 = VECTOR('',#7833,1.);
#7833 = DIRECTION('',(-0.474099823035,0.880471099922,0.));
#7834 = ORIENTED_EDGE('',*,*,#7835,.F.);
#7835 = EDGE_CURVE('',#7836,#7828,#7838,.T.);
#7836 = VERTEX_POINT('',#7837);
#7837 = CARTESIAN_POINT('',(50.874,-30.126,5.38));
#7838 = LINE('',#7839,#7840);
#7839 = CARTESIAN_POINT('',(50.874,-30.126,5.38));
#7840 = VECTOR('',#7841,1.);
#7841 = DIRECTION('',(0.,0.,1.));
#7842 = ORIENTED_EDGE('',*,*,#7843,.F.);
#7843 = EDGE_CURVE('',#7805,#7836,#7844,.T.);
#7844 = LINE('',#7845,#7846);
#7845 = CARTESIAN_POINT('',(51.,-30.36,5.38));
#7846 = VECTOR('',#7847,1.);
#7847 = DIRECTION('',(-0.474099823035,0.880471099922,0.));
#7848 = PLANE('',#7849);
#7849 = AXIS2_PLACEMENT_3D('',#7850,#7851,#7852);
#7850 = CARTESIAN_POINT('',(51.,-30.36,5.38));
#7851 = DIRECTION('',(-0.880471099922,-0.474099823035,0.));
#7852 = DIRECTION('',(-0.474099823035,0.880471099922,0.));
#7853 = ADVANCED_FACE('',(#7854),#7879,.T.);
#7854 = FACE_BOUND('',#7855,.T.);
#7855 = EDGE_LOOP('',(#7856,#7857,#7865,#7873));
#7856 = ORIENTED_EDGE('',*,*,#7835,.T.);
#7857 = ORIENTED_EDGE('',*,*,#7858,.T.);
#7858 = EDGE_CURVE('',#7828,#7859,#7861,.T.);
#7859 = VERTEX_POINT('',#7860);
#7860 = CARTESIAN_POINT('',(50.64,-30.,5.86));
#7861 = LINE('',#7862,#7863);
#7862 = CARTESIAN_POINT('',(50.874,-30.126,5.86));
#7863 = VECTOR('',#7864,1.);
#7864 = DIRECTION('',(-0.880471099922,0.474099823035,0.));
#7865 = ORIENTED_EDGE('',*,*,#7866,.F.);
#7866 = EDGE_CURVE('',#7867,#7859,#7869,.T.);
#7867 = VERTEX_POINT('',#7868);
#7868 = CARTESIAN_POINT('',(50.64,-30.,5.38));
#7869 = LINE('',#7870,#7871);
#7870 = CARTESIAN_POINT('',(50.64,-30.,5.38));
#7871 = VECTOR('',#7872,1.);
#7872 = DIRECTION('',(0.,0.,1.));
#7873 = ORIENTED_EDGE('',*,*,#7874,.F.);
#7874 = EDGE_CURVE('',#7836,#7867,#7875,.T.);
#7875 = LINE('',#7876,#7877);
#7876 = CARTESIAN_POINT('',(50.874,-30.126,5.38));
#7877 = VECTOR('',#7878,1.);
#7878 = DIRECTION('',(-0.880471099922,0.474099823035,0.));
#7879 = PLANE('',#7880);
#7880 = AXIS2_PLACEMENT_3D('',#7881,#7882,#7883);
#7881 = CARTESIAN_POINT('',(50.874,-30.126,5.38));
#7882 = DIRECTION('',(-0.474099823035,-0.880471099922,0.));
#7883 = DIRECTION('',(-0.880471099922,0.474099823035,0.));
#7884 = ADVANCED_FACE('',(#7885),#7910,.T.);
#7885 = FACE_BOUND('',#7886,.T.);
#7886 = EDGE_LOOP('',(#7887,#7888,#7896,#7904));
#7887 = ORIENTED_EDGE('',*,*,#7866,.T.);
#7888 = ORIENTED_EDGE('',*,*,#7889,.T.);
#7889 = EDGE_CURVE('',#7859,#7890,#7892,.T.);
#7890 = VERTEX_POINT('',#7891);
#7891 = CARTESIAN_POINT('',(50.874,-29.874,5.86));
#7892 = LINE('',#7893,#7894);
#7893 = CARTESIAN_POINT('',(50.64,-30.,5.86));
#7894 = VECTOR('',#7895,1.);
#7895 = DIRECTION('',(0.880471099922,0.474099823035,0.));
#7896 = ORIENTED_EDGE('',*,*,#7897,.F.);
#7897 = EDGE_CURVE('',#7898,#7890,#7900,.T.);
#7898 = VERTEX_POINT('',#7899);
#7899 = CARTESIAN_POINT('',(50.874,-29.874,5.38));
#7900 = LINE('',#7901,#7902);
#7901 = CARTESIAN_POINT('',(50.874,-29.874,5.38));
#7902 = VECTOR('',#7903,1.);
#7903 = DIRECTION('',(0.,0.,1.));
#7904 = ORIENTED_EDGE('',*,*,#7905,.F.);
#7905 = EDGE_CURVE('',#7867,#7898,#7906,.T.);
#7906 = LINE('',#7907,#7908);
#7907 = CARTESIAN_POINT('',(50.64,-30.,5.38));
#7908 = VECTOR('',#7909,1.);
#7909 = DIRECTION('',(0.880471099922,0.474099823035,0.));
#7910 = PLANE('',#7911);
#7911 = AXIS2_PLACEMENT_3D('',#7912,#7913,#7914);
#7912 = CARTESIAN_POINT('',(50.64,-30.,5.38));
#7913 = DIRECTION('',(-0.474099823035,0.880471099922,0.));
#7914 = DIRECTION('',(0.880471099922,0.474099823035,0.));
#7915 = ADVANCED_FACE('',(#7916),#7932,.T.);
#7916 = FACE_BOUND('',#7917,.T.);
#7917 = EDGE_LOOP('',(#7918,#7919,#7925,#7926));
#7918 = ORIENTED_EDGE('',*,*,#7897,.T.);
#7919 = ORIENTED_EDGE('',*,*,#7920,.T.);
#7920 = EDGE_CURVE('',#7890,#7696,#7921,.T.);
#7921 = LINE('',#7922,#7923);
#7922 = CARTESIAN_POINT('',(50.874,-29.874,5.86));
#7923 = VECTOR('',#7924,1.);
#7924 = DIRECTION('',(0.474099823035,0.880471099922,0.));
#7925 = ORIENTED_EDGE('',*,*,#7693,.F.);
#7926 = ORIENTED_EDGE('',*,*,#7927,.F.);
#7927 = EDGE_CURVE('',#7898,#7694,#7928,.T.);
#7928 = LINE('',#7929,#7930);
#7929 = CARTESIAN_POINT('',(50.874,-29.874,5.38));
#7930 = VECTOR('',#7931,1.);
#7931 = DIRECTION('',(0.474099823035,0.880471099922,0.));
#7932 = PLANE('',#7933);
#7933 = AXIS2_PLACEMENT_3D('',#7934,#7935,#7936);
#7934 = CARTESIAN_POINT('',(50.874,-29.874,5.38));
#7935 = DIRECTION('',(-0.880471099922,0.474099823035,0.));
#7936 = DIRECTION('',(0.474099823035,0.880471099922,0.));
#7937 = ADVANCED_FACE('',(#7938),#7948,.T.);
#7938 = FACE_BOUND('',#7939,.T.);
#7939 = EDGE_LOOP('',(#7940,#7941,#7942,#7943,#7944,#7945,#7946,#7947));
#7940 = ORIENTED_EDGE('',*,*,#7719,.T.);
#7941 = ORIENTED_EDGE('',*,*,#7750,.T.);
#7942 = ORIENTED_EDGE('',*,*,#7781,.T.);
#7943 = ORIENTED_EDGE('',*,*,#7812,.T.);
#7944 = ORIENTED_EDGE('',*,*,#7843,.T.);
#7945 = ORIENTED_EDGE('',*,*,#7874,.T.);
#7946 = ORIENTED_EDGE('',*,*,#7905,.T.);
#7947 = ORIENTED_EDGE('',*,*,#7927,.T.);
#7948 = PLANE('',#7949);
#7949 = AXIS2_PLACEMENT_3D('',#7950,#7951,#7952);
#7950 = CARTESIAN_POINT('',(51.,-30.,5.38));
#7951 = DIRECTION('',(-0.,-0.,-1.));
#7952 = DIRECTION('',(-1.,0.,0.));
#7953 = ADVANCED_FACE('',(#7954),#7964,.F.);
#7954 = FACE_BOUND('',#7955,.F.);
#7955 = EDGE_LOOP('',(#7956,#7957,#7958,#7959,#7960,#7961,#7962,#7963));
#7956 = ORIENTED_EDGE('',*,*,#7703,.T.);
#7957 = ORIENTED_EDGE('',*,*,#7734,.T.);
#7958 = ORIENTED_EDGE('',*,*,#7765,.T.);
#7959 = ORIENTED_EDGE('',*,*,#7796,.T.);
#7960 = ORIENTED_EDGE('',*,*,#7827,.T.);
#7961 = ORIENTED_EDGE('',*,*,#7858,.T.);
#7962 = ORIENTED_EDGE('',*,*,#7889,.T.);
#7963 = ORIENTED_EDGE('',*,*,#7920,.T.);
#7964 = PLANE('',#7965);
#7965 = AXIS2_PLACEMENT_3D('',#7966,#7967,#7968);
#7966 = CARTESIAN_POINT('',(51.,-30.,5.86));
#7967 = DIRECTION('',(-0.,-0.,-1.));
#7968 = DIRECTION('',(-1.,0.,0.));
#7969 = ( GEOMETRIC_REPRESENTATION_CONTEXT(3) 
GLOBAL_UNCERTAINTY_ASSIGNED_CONTEXT((#7973)) 
GLOBAL_UNIT_ASSIGNED_CONTEXT((#7970,#7971,#7972)) REPRESENTATION_CONTEXT
('Context #1','3D Context with UNIT and UNCERTAINTY') );
#7970 = ( LENGTH_UNIT() NAMED_UNIT(*) SI_UNIT(.MILLI.,.METRE.) );
#7971 = ( NAMED_UNIT(*) PLANE_ANGLE_UNIT() SI_UNIT($,.RADIAN.) );
#7972 = ( NAMED_UNIT(*) SI_UNIT($,.STERADIAN.) SOLID_ANGLE_UNIT() );
#7973 = UNCERTAINTY_MEASURE_WITH_UNIT(LENGTH_MEASURE(1.E-07),#7970,
  'distance_accuracy_value','confusion accuracy');
#7974 = CONTEXT_DEPENDENT_SHAPE_REPRESENTATION(#7975,#7977);
#7975 = ( REPRESENTATION_RELATIONSHIP('','',#7686,#10) 
REPRESENTATION_RELATIONSHIP_WITH_TRANSFORMATION(#7976) 
SHAPE_REPRESENTATION_RELATIONSHIP() );
#7976 = ITEM_DEFINED_TRANSFORMATION('','',#11,#119);
#7977 = PRODUCT_DEFINITION_SHAPE('Placement','Placement of an item',
  #7978);
#7978 = NEXT_ASSEMBLY_USAGE_OCCURRENCE('244','','',#5,#7681,$);
#7979 = PRODUCT_RELATED_PRODUCT_CATEGORY('part',$,(#7683));
#7980 = SHAPE_DEFINITION_REPRESENTATION(#7981,#7987);
#7981 = PRODUCT_DEFINITION_SHAPE('','',#7982);
#7982 = PRODUCT_DEFINITION('design','',#7983,#7986);
#7983 = PRODUCT_DEFINITION_FORMATION('','',#7984);
#7984 = PRODUCT('Open CASCADE STEP translator 7.8 5.28',
  'Open CASCADE STEP translator 7.8 5.28','',(#7985));
#7985 = PRODUCT_CONTEXT('',#2,'mechanical');
#7986 = PRODUCT_DEFINITION_CONTEXT('part definition',#2,'design');
#7987 = ADVANCED_BREP_SHAPE_REPRESENTATION('',(#11,#7988),#8270);
#7988 = MANIFOLD_SOLID_BREP('',#7989);
#7989 = CLOSED_SHELL('',(#7990,#8030,#8061,#8092,#8123,#8154,#8185,#8216
    ,#8238,#8254));
#7990 = ADVANCED_FACE('',(#7991),#8025,.T.);
#7991 = FACE_BOUND('',#7992,.T.);
#7992 = EDGE_LOOP('',(#7993,#8003,#8011,#8019));
#7993 = ORIENTED_EDGE('',*,*,#7994,.T.);
#7994 = EDGE_CURVE('',#7995,#7997,#7999,.T.);
#7995 = VERTEX_POINT('',#7996);
#7996 = CARTESIAN_POINT('',(-52.,-6.68,5.38));
#7997 = VERTEX_POINT('',#7998);
#7998 = CARTESIAN_POINT('',(-52.,-6.68,5.86));
#7999 = LINE('',#8000,#8001);
#8000 = CARTESIAN_POINT('',(-52.,-6.68,5.38));
#8001 = VECTOR('',#8002,1.);
#8002 = DIRECTION('',(0.,0.,1.));
#8003 = ORIENTED_EDGE('',*,*,#8004,.T.);
#8004 = EDGE_CURVE('',#7997,#8005,#8007,.T.);
#8005 = VERTEX_POINT('',#8006);
#8006 = CARTESIAN_POINT('',(-51.888,-6.888,5.86));
#8007 = LINE('',#8008,#8009);
#8008 = CARTESIAN_POINT('',(-52.,-6.68,5.86));
#8009 = VECTOR('',#8010,1.);
#8010 = DIRECTION('',(0.474099823035,-0.880471099922,0.));
#8011 = ORIENTED_EDGE('',*,*,#8012,.F.);
#8012 = EDGE_CURVE('',#8013,#8005,#8015,.T.);
#8013 = VERTEX_POINT('',#8014);
#8014 = CARTESIAN_POINT('',(-51.888,-6.888,5.38));
#8015 = LINE('',#8016,#8017);
#8016 = CARTESIAN_POINT('',(-51.888,-6.888,5.38));
#8017 = VECTOR('',#8018,1.);
#8018 = DIRECTION('',(0.,0.,1.));
#8019 = ORIENTED_EDGE('',*,*,#8020,.F.);
#8020 = EDGE_CURVE('',#7995,#8013,#8021,.T.);
#8021 = LINE('',#8022,#8023);
#8022 = CARTESIAN_POINT('',(-52.,-6.68,5.38));
#8023 = VECTOR('',#8024,1.);
#8024 = DIRECTION('',(0.474099823035,-0.880471099922,0.));
#8025 = PLANE('',#8026);
#8026 = AXIS2_PLACEMENT_3D('',#8027,#8028,#8029);
#8027 = CARTESIAN_POINT('',(-52.,-6.68,5.38));
#8028 = DIRECTION('',(0.880471099922,0.474099823035,-0.));
#8029 = DIRECTION('',(0.474099823035,-0.880471099922,0.));
#8030 = ADVANCED_FACE('',(#8031),#8056,.T.);
#8031 = FACE_BOUND('',#8032,.T.);
#8032 = EDGE_LOOP('',(#8033,#8034,#8042,#8050));
#8033 = ORIENTED_EDGE('',*,*,#8012,.T.);
#8034 = ORIENTED_EDGE('',*,*,#8035,.T.);
#8035 = EDGE_CURVE('',#8005,#8036,#8038,.T.);
#8036 = VERTEX_POINT('',#8037);
#8037 = CARTESIAN_POINT('',(-51.68,-7.,5.86));
#8038 = LINE('',#8039,#8040);
#8039 = CARTESIAN_POINT('',(-51.888,-6.888,5.86));
#8040 = VECTOR('',#8041,1.);
#8041 = DIRECTION('',(0.880471099922,-0.474099823035,0.));
#8042 = ORIENTED_EDGE('',*,*,#8043,.F.);
#8043 = EDGE_CURVE('',#8044,#8036,#8046,.T.);
#8044 = VERTEX_POINT('',#8045);
#8045 = CARTESIAN_POINT('',(-51.68,-7.,5.38));
#8046 = LINE('',#8047,#8048);
#8047 = CARTESIAN_POINT('',(-51.68,-7.,5.38));
#8048 = VECTOR('',#8049,1.);
#8049 = DIRECTION('',(0.,0.,1.));
#8050 = ORIENTED_EDGE('',*,*,#8051,.F.);
#8051 = EDGE_CURVE('',#8013,#8044,#8052,.T.);
#8052 = LINE('',#8053,#8054);
#8053 = CARTESIAN_POINT('',(-51.888,-6.888,5.38));
#8054 = VECTOR('',#8055,1.);
#8055 = DIRECTION('',(0.880471099922,-0.474099823035,0.));
#8056 = PLANE('',#8057);
#8057 = AXIS2_PLACEMENT_3D('',#8058,#8059,#8060);
#8058 = CARTESIAN_POINT('',(-51.888,-6.888,5.38));
#8059 = DIRECTION('',(0.474099823035,0.880471099922,-0.));
#8060 = DIRECTION('',(0.880471099922,-0.474099823035,0.));
#8061 = ADVANCED_FACE('',(#8062),#8087,.T.);
#8062 = FACE_BOUND('',#8063,.T.);
#8063 = EDGE_LOOP('',(#8064,#8065,#8073,#8081));
#8064 = ORIENTED_EDGE('',*,*,#8043,.T.);
#8065 = ORIENTED_EDGE('',*,*,#8066,.T.);
#8066 = EDGE_CURVE('',#8036,#8067,#8069,.T.);
#8067 = VERTEX_POINT('',#8068);
#8068 = CARTESIAN_POINT('',(-51.888,-7.112,5.86));
#8069 = LINE('',#8070,#8071);
#8070 = CARTESIAN_POINT('',(-51.68,-7.,5.86));
#8071 = VECTOR('',#8072,1.);
#8072 = DIRECTION('',(-0.880471099922,-0.474099823035,0.));
#8073 = ORIENTED_EDGE('',*,*,#8074,.F.);
#8074 = EDGE_CURVE('',#8075,#8067,#8077,.T.);
#8075 = VERTEX_POINT('',#8076);
#8076 = CARTESIAN_POINT('',(-51.888,-7.112,5.38));
#8077 = LINE('',#8078,#8079);
#8078 = CARTESIAN_POINT('',(-51.888,-7.112,5.38));
#8079 = VECTOR('',#8080,1.);
#8080 = DIRECTION('',(0.,0.,1.));
#8081 = ORIENTED_EDGE('',*,*,#8082,.F.);
#8082 = EDGE_CURVE('',#8044,#8075,#8083,.T.);
#8083 = LINE('',#8084,#8085);
#8084 = CARTESIAN_POINT('',(-51.68,-7.,5.38));
#8085 = VECTOR('',#8086,1.);
#8086 = DIRECTION('',(-0.880471099922,-0.474099823035,0.));
#8087 = PLANE('',#8088);
#8088 = AXIS2_PLACEMENT_3D('',#8089,#8090,#8091);
#8089 = CARTESIAN_POINT('',(-51.68,-7.,5.38));
#8090 = DIRECTION('',(0.474099823035,-0.880471099922,0.));
#8091 = DIRECTION('',(-0.880471099922,-0.474099823035,0.));
#8092 = ADVANCED_FACE('',(#8093),#8118,.T.);
#8093 = FACE_BOUND('',#8094,.T.);
#8094 = EDGE_LOOP('',(#8095,#8096,#8104,#8112));
#8095 = ORIENTED_EDGE('',*,*,#8074,.T.);
#8096 = ORIENTED_EDGE('',*,*,#8097,.T.);
#8097 = EDGE_CURVE('',#8067,#8098,#8100,.T.);
#8098 = VERTEX_POINT('',#8099);
#8099 = CARTESIAN_POINT('',(-52.,-7.32,5.86));
#8100 = LINE('',#8101,#8102);
#8101 = CARTESIAN_POINT('',(-51.888,-7.112,5.86));
#8102 = VECTOR('',#8103,1.);
#8103 = DIRECTION('',(-0.474099823035,-0.880471099922,0.));
#8104 = ORIENTED_EDGE('',*,*,#8105,.F.);
#8105 = EDGE_CURVE('',#8106,#8098,#8108,.T.);
#8106 = VERTEX_POINT('',#8107);
#8107 = CARTESIAN_POINT('',(-52.,-7.32,5.38));
#8108 = LINE('',#8109,#8110);
#8109 = CARTESIAN_POINT('',(-52.,-7.32,5.38));
#8110 = VECTOR('',#8111,1.);
#8111 = DIRECTION('',(0.,0.,1.));
#8112 = ORIENTED_EDGE('',*,*,#8113,.F.);
#8113 = EDGE_CURVE('',#8075,#8106,#8114,.T.);
#8114 = LINE('',#8115,#8116);
#8115 = CARTESIAN_POINT('',(-51.888,-7.112,5.38));
#8116 = VECTOR('',#8117,1.);
#8117 = DIRECTION('',(-0.474099823035,-0.880471099922,0.));
#8118 = PLANE('',#8119);
#8119 = AXIS2_PLACEMENT_3D('',#8120,#8121,#8122);
#8120 = CARTESIAN_POINT('',(-51.888,-7.112,5.38));
#8121 = DIRECTION('',(0.880471099922,-0.474099823035,0.));
#8122 = DIRECTION('',(-0.474099823035,-0.880471099922,0.));
#8123 = ADVANCED_FACE('',(#8124),#8149,.T.);
#8124 = FACE_BOUND('',#8125,.T.);
#8125 = EDGE_LOOP('',(#8126,#8127,#8135,#8143));
#8126 = ORIENTED_EDGE('',*,*,#8105,.T.);
#8127 = ORIENTED_EDGE('',*,*,#8128,.T.);
#8128 = EDGE_CURVE('',#8098,#8129,#8131,.T.);
#8129 = VERTEX_POINT('',#8130);
#8130 = CARTESIAN_POINT('',(-52.112,-7.112,5.86));
#8131 = LINE('',#8132,#8133);
#8132 = CARTESIAN_POINT('',(-52.,-7.32,5.86));
#8133 = VECTOR('',#8134,1.);
#8134 = DIRECTION('',(-0.474099823035,0.880471099922,0.));
#8135 = ORIENTED_EDGE('',*,*,#8136,.F.);
#8136 = EDGE_CURVE('',#8137,#8129,#8139,.T.);
#8137 = VERTEX_POINT('',#8138);
#8138 = CARTESIAN_POINT('',(-52.112,-7.112,5.38));
#8139 = LINE('',#8140,#8141);
#8140 = CARTESIAN_POINT('',(-52.112,-7.112,5.38));
#8141 = VECTOR('',#8142,1.);
#8142 = DIRECTION('',(0.,0.,1.));
#8143 = ORIENTED_EDGE('',*,*,#8144,.F.);
#8144 = EDGE_CURVE('',#8106,#8137,#8145,.T.);
#8145 = LINE('',#8146,#8147);
#8146 = CARTESIAN_POINT('',(-52.,-7.32,5.38));
#8147 = VECTOR('',#8148,1.);
#8148 = DIRECTION('',(-0.474099823035,0.880471099922,0.));
#8149 = PLANE('',#8150);
#8150 = AXIS2_PLACEMENT_3D('',#8151,#8152,#8153);
#8151 = CARTESIAN_POINT('',(-52.,-7.32,5.38));
#8152 = DIRECTION('',(-0.880471099922,-0.474099823035,0.));
#8153 = DIRECTION('',(-0.474099823035,0.880471099922,0.));
#8154 = ADVANCED_FACE('',(#8155),#8180,.T.);
#8155 = FACE_BOUND('',#8156,.T.);
#8156 = EDGE_LOOP('',(#8157,#8158,#8166,#8174));
#8157 = ORIENTED_EDGE('',*,*,#8136,.T.);
#8158 = ORIENTED_EDGE('',*,*,#8159,.T.);
#8159 = EDGE_CURVE('',#8129,#8160,#8162,.T.);
#8160 = VERTEX_POINT('',#8161);
#8161 = CARTESIAN_POINT('',(-52.32,-7.,5.86));
#8162 = LINE('',#8163,#8164);
#8163 = CARTESIAN_POINT('',(-52.112,-7.112,5.86));
#8164 = VECTOR('',#8165,1.);
#8165 = DIRECTION('',(-0.880471099922,0.474099823035,0.));
#8166 = ORIENTED_EDGE('',*,*,#8167,.F.);
#8167 = EDGE_CURVE('',#8168,#8160,#8170,.T.);
#8168 = VERTEX_POINT('',#8169);
#8169 = CARTESIAN_POINT('',(-52.32,-7.,5.38));
#8170 = LINE('',#8171,#8172);
#8171 = CARTESIAN_POINT('',(-52.32,-7.,5.38));
#8172 = VECTOR('',#8173,1.);
#8173 = DIRECTION('',(0.,0.,1.));
#8174 = ORIENTED_EDGE('',*,*,#8175,.F.);
#8175 = EDGE_CURVE('',#8137,#8168,#8176,.T.);
#8176 = LINE('',#8177,#8178);
#8177 = CARTESIAN_POINT('',(-52.112,-7.112,5.38));
#8178 = VECTOR('',#8179,1.);
#8179 = DIRECTION('',(-0.880471099922,0.474099823035,0.));
#8180 = PLANE('',#8181);
#8181 = AXIS2_PLACEMENT_3D('',#8182,#8183,#8184);
#8182 = CARTESIAN_POINT('',(-52.112,-7.112,5.38));
#8183 = DIRECTION('',(-0.474099823035,-0.880471099922,0.));
#8184 = DIRECTION('',(-0.880471099922,0.474099823035,0.));
#8185 = ADVANCED_FACE('',(#8186),#8211,.T.);
#8186 = FACE_BOUND('',#8187,.T.);
#8187 = EDGE_LOOP('',(#8188,#8189,#8197,#8205));
#8188 = ORIENTED_EDGE('',*,*,#8167,.T.);
#8189 = ORIENTED_EDGE('',*,*,#8190,.T.);
#8190 = EDGE_CURVE('',#8160,#8191,#8193,.T.);
#8191 = VERTEX_POINT('',#8192);
#8192 = CARTESIAN_POINT('',(-52.112,-6.888,5.86));
#8193 = LINE('',#8194,#8195);
#8194 = CARTESIAN_POINT('',(-52.32,-7.,5.86));
#8195 = VECTOR('',#8196,1.);
#8196 = DIRECTION('',(0.880471099922,0.474099823035,0.));
#8197 = ORIENTED_EDGE('',*,*,#8198,.F.);
#8198 = EDGE_CURVE('',#8199,#8191,#8201,.T.);
#8199 = VERTEX_POINT('',#8200);
#8200 = CARTESIAN_POINT('',(-52.112,-6.888,5.38));
#8201 = LINE('',#8202,#8203);
#8202 = CARTESIAN_POINT('',(-52.112,-6.888,5.38));
#8203 = VECTOR('',#8204,1.);
#8204 = DIRECTION('',(0.,0.,1.));
#8205 = ORIENTED_EDGE('',*,*,#8206,.F.);
#8206 = EDGE_CURVE('',#8168,#8199,#8207,.T.);
#8207 = LINE('',#8208,#8209);
#8208 = CARTESIAN_POINT('',(-52.32,-7.,5.38));
#8209 = VECTOR('',#8210,1.);
#8210 = DIRECTION('',(0.880471099922,0.474099823035,0.));
#8211 = PLANE('',#8212);
#8212 = AXIS2_PLACEMENT_3D('',#8213,#8214,#8215);
#8213 = CARTESIAN_POINT('',(-52.32,-7.,5.38));
#8214 = DIRECTION('',(-0.474099823035,0.880471099922,0.));
#8215 = DIRECTION('',(0.880471099922,0.474099823035,0.));
#8216 = ADVANCED_FACE('',(#8217),#8233,.T.);
#8217 = FACE_BOUND('',#8218,.T.);
#8218 = EDGE_LOOP('',(#8219,#8220,#8226,#8227));
#8219 = ORIENTED_EDGE('',*,*,#8198,.T.);
#8220 = ORIENTED_EDGE('',*,*,#8221,.T.);
#8221 = EDGE_CURVE('',#8191,#7997,#8222,.T.);
#8222 = LINE('',#8223,#8224);
#8223 = CARTESIAN_POINT('',(-52.112,-6.888,5.86));
#8224 = VECTOR('',#8225,1.);
#8225 = DIRECTION('',(0.474099823035,0.880471099922,0.));
#8226 = ORIENTED_EDGE('',*,*,#7994,.F.);
#8227 = ORIENTED_EDGE('',*,*,#8228,.F.);
#8228 = EDGE_CURVE('',#8199,#7995,#8229,.T.);
#8229 = LINE('',#8230,#8231);
#8230 = CARTESIAN_POINT('',(-52.112,-6.888,5.38));
#8231 = VECTOR('',#8232,1.);
#8232 = DIRECTION('',(0.474099823035,0.880471099922,0.));
#8233 = PLANE('',#8234);
#8234 = AXIS2_PLACEMENT_3D('',#8235,#8236,#8237);
#8235 = CARTESIAN_POINT('',(-52.112,-6.888,5.38));
#8236 = DIRECTION('',(-0.880471099922,0.474099823035,0.));
#8237 = DIRECTION('',(0.474099823035,0.880471099922,0.));
#8238 = ADVANCED_FACE('',(#8239),#8249,.T.);
#8239 = FACE_BOUND('',#8240,.T.);
#8240 = EDGE_LOOP('',(#8241,#8242,#8243,#8244,#8245,#8246,#8247,#8248));
#8241 = ORIENTED_EDGE('',*,*,#8020,.T.);
#8242 = ORIENTED_EDGE('',*,*,#8051,.T.);
#8243 = ORIENTED_EDGE('',*,*,#8082,.T.);
#8244 = ORIENTED_EDGE('',*,*,#8113,.T.);
#8245 = ORIENTED_EDGE('',*,*,#8144,.T.);
#8246 = ORIENTED_EDGE('',*,*,#8175,.T.);
#8247 = ORIENTED_EDGE('',*,*,#8206,.T.);
#8248 = ORIENTED_EDGE('',*,*,#8228,.T.);
#8249 = PLANE('',#8250);
#8250 = AXIS2_PLACEMENT_3D('',#8251,#8252,#8253);
#8251 = CARTESIAN_POINT('',(-52.,-7.,5.38));
#8252 = DIRECTION('',(-0.,-0.,-1.));
#8253 = DIRECTION('',(-1.,0.,0.));
#8254 = ADVANCED_FACE('',(#8255),#8265,.F.);
#8255 = FACE_BOUND('',#8256,.F.);
#8256 = EDGE_LOOP('',(#8257,#8258,#8259,#8260,#8261,#8262,#8263,#8264));
#8257 = ORIENTED_EDGE('',*,*,#8004,.T.);
#8258 = ORIENTED_EDGE('',*,*,#8035,.T.);
#8259 = ORIENTED_EDGE('',*,*,#8066,.T.);
#8260 = ORIENTED_EDGE('',*,*,#8097,.T.);
#8261 = ORIENTED_EDGE('',*,*,#8128,.T.);
#8262 = ORIENTED_EDGE('',*,*,#8159,.T.);
#8263 = ORIENTED_EDGE('',*,*,#8190,.T.);
#8264 = ORIENTED_EDGE('',*,*,#8221,.T.);
#8265 = PLANE('',#8266);
#8266 = AXIS2_PLACEMENT_3D('',#8267,#8268,#8269);
#8267 = CARTESIAN_POINT('',(-52.,-7.,5.86));
#8268 = DIRECTION('',(-0.,-0.,-1.));
#8269 = DIRECTION('',(-1.,0.,0.));
#8270 = ( GEOMETRIC_REPRESENTATION_CONTEXT(3) 
GLOBAL_UNCERTAINTY_ASSIGNED_CONTEXT((#8274)) 
GLOBAL_UNIT_ASSIGNED_CONTEXT((#8271,#8272,#8273)) REPRESENTATION_CONTEXT
('Context #1','3D Context with UNIT and UNCERTAINTY') );
#8271 = ( LENGTH_UNIT() NAMED_UNIT(*) SI_UNIT(.MILLI.,.METRE.) );
#8272 = ( NAMED_UNIT(*) PLANE_ANGLE_UNIT() SI_UNIT($,.RADIAN.) );
#8273 = ( NAMED_UNIT(*) SI_UNIT($,.STERADIAN.) SOLID_ANGLE_UNIT() );
#8274 = UNCERTAINTY_MEASURE_WITH_UNIT(LENGTH_MEASURE(1.E-07),#8271,
  'distance_accuracy_value','confusion accuracy');
#8275 = CONTEXT_DEPENDENT_SHAPE_REPRESENTATION(#8276,#8278);
#8276 = ( REPRESENTATION_RELATIONSHIP('','',#7987,#10) 
REPRESENTATION_RELATIONSHIP_WITH_TRANSFORMATION(#8277) 
SHAPE_REPRESENTATION_RELATIONSHIP() );
#8277 = ITEM_DEFINED_TRANSFORMATION('','',#11,#123);
#8278 = PRODUCT_DEFINITION_SHAPE('Placement','Placement of an item',
  #8279);
#8279 = NEXT_ASSEMBLY_USAGE_OCCURRENCE('245','','',#5,#7982,$);
#8280 = PRODUCT_RELATED_PRODUCT_CATEGORY('part',$,(#7984));
#8281 = SHAPE_DEFINITION_REPRESENTATION(#8282,#8288);
#8282 = PRODUCT_DEFINITION_SHAPE('','',#8283);
#8283 = PRODUCT_DEFINITION('design','',#8284,#8287);
#8284 = PRODUCT_DEFINITION_FORMATION('','',#8285);
#8285 = PRODUCT('Open CASCADE STEP translator 7.8 5.29',
  'Open CASCADE STEP translator 7.8 5.29','',(#8286));
#8286 = PRODUCT_CONTEXT('',#2,'mechanical');
#8287 = PRODUCT_DEFINITION_CONTEXT('part definition',#2,'design');
#8288 = ADVANCED_BREP_SHAPE_REPRESENTATION('',(#11,#8289),#8571);
#8289 = MANIFOLD_SOLID_BREP('',#8290);
#8290 = CLOSED_SHELL('',(#8291,#8331,#8362,#8393,#8424,#8455,#8486,#8517
    ,#8539,#8555));
#8291 = ADVANCED_FACE('',(#8292),#8326,.T.);
#8292 = FACE_BOUND('',#8293,.T.);
#8293 = EDGE_LOOP('',(#8294,#8304,#8312,#8320));
#8294 = ORIENTED_EDGE('',*,*,#8295,.T.);
#8295 = EDGE_CURVE('',#8296,#8298,#8300,.T.);
#8296 = VERTEX_POINT('',#8297);
#8297 = CARTESIAN_POINT('',(-12.,-52.68,5.38));
#8298 = VERTEX_POINT('',#8299);
#8299 = CARTESIAN_POINT('',(-12.,-52.68,5.86));
#8300 = LINE('',#8301,#8302);
#8301 = CARTESIAN_POINT('',(-12.,-52.68,5.38));
#8302 = VECTOR('',#8303,1.);
#8303 = DIRECTION('',(0.,0.,1.));
#8304 = ORIENTED_EDGE('',*,*,#8305,.T.);
#8305 = EDGE_CURVE('',#8298,#8306,#8308,.T.);
#8306 = VERTEX_POINT('',#8307);
#8307 = CARTESIAN_POINT('',(-11.888,-52.888,5.86));
#8308 = LINE('',#8309,#8310);
#8309 = CARTESIAN_POINT('',(-12.,-52.68,5.86));
#8310 = VECTOR('',#8311,1.);
#8311 = DIRECTION('',(0.474099823035,-0.880471099922,0.));
#8312 = ORIENTED_EDGE('',*,*,#8313,.F.);
#8313 = EDGE_CURVE('',#8314,#8306,#8316,.T.);
#8314 = VERTEX_POINT('',#8315);
#8315 = CARTESIAN_POINT('',(-11.888,-52.888,5.38));
#8316 = LINE('',#8317,#8318);
#8317 = CARTESIAN_POINT('',(-11.888,-52.888,5.38));
#8318 = VECTOR('',#8319,1.);
#8319 = DIRECTION('',(0.,0.,1.));
#8320 = ORIENTED_EDGE('',*,*,#8321,.F.);
#8321 = EDGE_CURVE('',#8296,#8314,#8322,.T.);
#8322 = LINE('',#8323,#8324);
#8323 = CARTESIAN_POINT('',(-12.,-52.68,5.38));
#8324 = VECTOR('',#8325,1.);
#8325 = DIRECTION('',(0.474099823035,-0.880471099922,0.));
#8326 = PLANE('',#8327);
#8327 = AXIS2_PLACEMENT_3D('',#8328,#8329,#8330);
#8328 = CARTESIAN_POINT('',(-12.,-52.68,5.38));
#8329 = DIRECTION('',(0.880471099922,0.474099823035,-0.));
#8330 = DIRECTION('',(0.474099823035,-0.880471099922,0.));
#8331 = ADVANCED_FACE('',(#8332),#8357,.T.);
#8332 = FACE_BOUND('',#8333,.T.);
#8333 = EDGE_LOOP('',(#8334,#8335,#8343,#8351));
#8334 = ORIENTED_EDGE('',*,*,#8313,.T.);
#8335 = ORIENTED_EDGE('',*,*,#8336,.T.);
#8336 = EDGE_CURVE('',#8306,#8337,#8339,.T.);
#8337 = VERTEX_POINT('',#8338);
#8338 = CARTESIAN_POINT('',(-11.68,-53.,5.86));
#8339 = LINE('',#8340,#8341);
#8340 = CARTESIAN_POINT('',(-11.888,-52.888,5.86));
#8341 = VECTOR('',#8342,1.);
#8342 = DIRECTION('',(0.880471099922,-0.474099823035,0.));
#8343 = ORIENTED_EDGE('',*,*,#8344,.F.);
#8344 = EDGE_CURVE('',#8345,#8337,#8347,.T.);
#8345 = VERTEX_POINT('',#8346);
#8346 = CARTESIAN_POINT('',(-11.68,-53.,5.38));
#8347 = LINE('',#8348,#8349);
#8348 = CARTESIAN_POINT('',(-11.68,-53.,5.38));
#8349 = VECTOR('',#8350,1.);
#8350 = DIRECTION('',(0.,0.,1.));
#8351 = ORIENTED_EDGE('',*,*,#8352,.F.);
#8352 = EDGE_CURVE('',#8314,#8345,#8353,.T.);
#8353 = LINE('',#8354,#8355);
#8354 = CARTESIAN_POINT('',(-11.888,-52.888,5.38));
#8355 = VECTOR('',#8356,1.);
#8356 = DIRECTION('',(0.880471099922,-0.474099823035,0.));
#8357 = PLANE('',#8358);
#8358 = AXIS2_PLACEMENT_3D('',#8359,#8360,#8361);
#8359 = CARTESIAN_POINT('',(-11.888,-52.888,5.38));
#8360 = DIRECTION('',(0.474099823035,0.880471099922,-0.));
#8361 = DIRECTION('',(0.880471099922,-0.474099823035,0.));
#8362 = ADVANCED_FACE('',(#8363),#8388,.T.);
#8363 = FACE_BOUND('',#8364,.T.);
#8364 = EDGE_LOOP('',(#8365,#8366,#8374,#8382));
#8365 = ORIENTED_EDGE('',*,*,#8344,.T.);
#8366 = ORIENTED_EDGE('',*,*,#8367,.T.);
#8367 = EDGE_CURVE('',#8337,#8368,#8370,.T.);
#8368 = VERTEX_POINT('',#8369);
#8369 = CARTESIAN_POINT('',(-11.888,-53.112,5.86));
#8370 = LINE('',#8371,#8372);
#8371 = CARTESIAN_POINT('',(-11.68,-53.,5.86));
#8372 = VECTOR('',#8373,1.);
#8373 = DIRECTION('',(-0.880471099922,-0.474099823035,0.));
#8374 = ORIENTED_EDGE('',*,*,#8375,.F.);
#8375 = EDGE_CURVE('',#8376,#8368,#8378,.T.);
#8376 = VERTEX_POINT('',#8377);
#8377 = CARTESIAN_POINT('',(-11.888,-53.112,5.38));
#8378 = LINE('',#8379,#8380);
#8379 = CARTESIAN_POINT('',(-11.888,-53.112,5.38));
#8380 = VECTOR('',#8381,1.);
#8381 = DIRECTION('',(0.,0.,1.));
#8382 = ORIENTED_EDGE('',*,*,#8383,.F.);
#8383 = EDGE_CURVE('',#8345,#8376,#8384,.T.);
#8384 = LINE('',#8385,#8386);
#8385 = CARTESIAN_POINT('',(-11.68,-53.,5.38));
#8386 = VECTOR('',#8387,1.);
#8387 = DIRECTION('',(-0.880471099922,-0.474099823035,0.));
#8388 = PLANE('',#8389);
#8389 = AXIS2_PLACEMENT_3D('',#8390,#8391,#8392);
#8390 = CARTESIAN_POINT('',(-11.68,-53.,5.38));
#8391 = DIRECTION('',(0.474099823035,-0.880471099922,0.));
#8392 = DIRECTION('',(-0.880471099922,-0.474099823035,0.));
#8393 = ADVANCED_FACE('',(#8394),#8419,.T.);
#8394 = FACE_BOUND('',#8395,.T.);
#8395 = EDGE_LOOP('',(#8396,#8397,#8405,#8413));
#8396 = ORIENTED_EDGE('',*,*,#8375,.T.);
#8397 = ORIENTED_EDGE('',*,*,#8398,.T.);
#8398 = EDGE_CURVE('',#8368,#8399,#8401,.T.);
#8399 = VERTEX_POINT('',#8400);
#8400 = CARTESIAN_POINT('',(-12.,-53.32,5.86));
#8401 = LINE('',#8402,#8403);
#8402 = CARTESIAN_POINT('',(-11.888,-53.112,5.86));
#8403 = VECTOR('',#8404,1.);
#8404 = DIRECTION('',(-0.474099823035,-0.880471099922,0.));
#8405 = ORIENTED_EDGE('',*,*,#8406,.F.);
#8406 = EDGE_CURVE('',#8407,#8399,#8409,.T.);
#8407 = VERTEX_POINT('',#8408);
#8408 = CARTESIAN_POINT('',(-12.,-53.32,5.38));
#8409 = LINE('',#8410,#8411);
#8410 = CARTESIAN_POINT('',(-12.,-53.32,5.38));
#8411 = VECTOR('',#8412,1.);
#8412 = DIRECTION('',(0.,0.,1.));
#8413 = ORIENTED_EDGE('',*,*,#8414,.F.);
#8414 = EDGE_CURVE('',#8376,#8407,#8415,.T.);
#8415 = LINE('',#8416,#8417);
#8416 = CARTESIAN_POINT('',(-11.888,-53.112,5.38));
#8417 = VECTOR('',#8418,1.);
#8418 = DIRECTION('',(-0.474099823035,-0.880471099922,0.));
#8419 = PLANE('',#8420);
#8420 = AXIS2_PLACEMENT_3D('',#8421,#8422,#8423);
#8421 = CARTESIAN_POINT('',(-11.888,-53.112,5.38));
#8422 = DIRECTION('',(0.880471099922,-0.474099823035,0.));
#8423 = DIRECTION('',(-0.474099823035,-0.880471099922,0.));
#8424 = ADVANCED_FACE('',(#8425),#8450,.T.);
#8425 = FACE_BOUND('',#8426,.T.);
#8426 = EDGE_LOOP('',(#8427,#8428,#8436,#8444));
#8427 = ORIENTED_EDGE('',*,*,#8406,.T.);
#8428 = ORIENTED_EDGE('',*,*,#8429,.T.);
#8429 = EDGE_CURVE('',#8399,#8430,#8432,.T.);
#8430 = VERTEX_POINT('',#8431);
#8431 = CARTESIAN_POINT('',(-12.112,-53.112,5.86));
#8432 = LINE('',#8433,#8434);
#8433 = CARTESIAN_POINT('',(-12.,-53.32,5.86));
#8434 = VECTOR('',#8435,1.);
#8435 = DIRECTION('',(-0.474099823035,0.880471099922,0.));
#8436 = ORIENTED_EDGE('',*,*,#8437,.F.);
#8437 = EDGE_CURVE('',#8438,#8430,#8440,.T.);
#8438 = VERTEX_POINT('',#8439);
#8439 = CARTESIAN_POINT('',(-12.112,-53.112,5.38));
#8440 = LINE('',#8441,#8442);
#8441 = CARTESIAN_POINT('',(-12.112,-53.112,5.38));
#8442 = VECTOR('',#8443,1.);
#8443 = DIRECTION('',(0.,0.,1.));
#8444 = ORIENTED_EDGE('',*,*,#8445,.F.);
#8445 = EDGE_CURVE('',#8407,#8438,#8446,.T.);
#8446 = LINE('',#8447,#8448);
#8447 = CARTESIAN_POINT('',(-12.,-53.32,5.38));
#8448 = VECTOR('',#8449,1.);
#8449 = DIRECTION('',(-0.474099823035,0.880471099922,0.));
#8450 = PLANE('',#8451);
#8451 = AXIS2_PLACEMENT_3D('',#8452,#8453,#8454);
#8452 = CARTESIAN_POINT('',(-12.,-53.32,5.38));
#8453 = DIRECTION('',(-0.880471099922,-0.474099823035,0.));
#8454 = DIRECTION('',(-0.474099823035,0.880471099922,0.));
#8455 = ADVANCED_FACE('',(#8456),#8481,.T.);
#8456 = FACE_BOUND('',#8457,.T.);
#8457 = EDGE_LOOP('',(#8458,#8459,#8467,#8475));
#8458 = ORIENTED_EDGE('',*,*,#8437,.T.);
#8459 = ORIENTED_EDGE('',*,*,#8460,.T.);
#8460 = EDGE_CURVE('',#8430,#8461,#8463,.T.);
#8461 = VERTEX_POINT('',#8462);
#8462 = CARTESIAN_POINT('',(-12.32,-53.,5.86));
#8463 = LINE('',#8464,#8465);
#8464 = CARTESIAN_POINT('',(-12.112,-53.112,5.86));
#8465 = VECTOR('',#8466,1.);
#8466 = DIRECTION('',(-0.880471099922,0.474099823035,0.));
#8467 = ORIENTED_EDGE('',*,*,#8468,.F.);
#8468 = EDGE_CURVE('',#8469,#8461,#8471,.T.);
#8469 = VERTEX_POINT('',#8470);
#8470 = CARTESIAN_POINT('',(-12.32,-53.,5.38));
#8471 = LINE('',#8472,#8473);
#8472 = CARTESIAN_POINT('',(-12.32,-53.,5.38));
#8473 = VECTOR('',#8474,1.);
#8474 = DIRECTION('',(0.,0.,1.));
#8475 = ORIENTED_EDGE('',*,*,#8476,.F.);
#8476 = EDGE_CURVE('',#8438,#8469,#8477,.T.);
#8477 = LINE('',#8478,#8479);
#8478 = CARTESIAN_POINT('',(-12.112,-53.112,5.38));
#8479 = VECTOR('',#8480,1.);
#8480 = DIRECTION('',(-0.880471099922,0.474099823035,0.));
#8481 = PLANE('',#8482);
#8482 = AXIS2_PLACEMENT_3D('',#8483,#8484,#8485);
#8483 = CARTESIAN_POINT('',(-12.112,-53.112,5.38));
#8484 = DIRECTION('',(-0.474099823035,-0.880471099922,0.));
#8485 = DIRECTION('',(-0.880471099922,0.474099823035,0.));
#8486 = ADVANCED_FACE('',(#8487),#8512,.T.);
#8487 = FACE_BOUND('',#8488,.T.);
#8488 = EDGE_LOOP('',(#8489,#8490,#8498,#8506));
#8489 = ORIENTED_EDGE('',*,*,#8468,.T.);
#8490 = ORIENTED_EDGE('',*,*,#8491,.T.);
#8491 = EDGE_CURVE('',#8461,#8492,#8494,.T.);
#8492 = VERTEX_POINT('',#8493);
#8493 = CARTESIAN_POINT('',(-12.112,-52.888,5.86));
#8494 = LINE('',#8495,#8496);
#8495 = CARTESIAN_POINT('',(-12.32,-53.,5.86));
#8496 = VECTOR('',#8497,1.);
#8497 = DIRECTION('',(0.880471099922,0.474099823035,0.));
#8498 = ORIENTED_EDGE('',*,*,#8499,.F.);
#8499 = EDGE_CURVE('',#8500,#8492,#8502,.T.);
#8500 = VERTEX_POINT('',#8501);
#8501 = CARTESIAN_POINT('',(-12.112,-52.888,5.38));
#8502 = LINE('',#8503,#8504);
#8503 = CARTESIAN_POINT('',(-12.112,-52.888,5.38));
#8504 = VECTOR('',#8505,1.);
#8505 = DIRECTION('',(0.,0.,1.));
#8506 = ORIENTED_EDGE('',*,*,#8507,.F.);
#8507 = EDGE_CURVE('',#8469,#8500,#8508,.T.);
#8508 = LINE('',#8509,#8510);
#8509 = CARTESIAN_POINT('',(-12.32,-53.,5.38));
#8510 = VECTOR('',#8511,1.);
#8511 = DIRECTION('',(0.880471099922,0.474099823035,0.));
#8512 = PLANE('',#8513);
#8513 = AXIS2_PLACEMENT_3D('',#8514,#8515,#8516);
#8514 = CARTESIAN_POINT('',(-12.32,-53.,5.38));
#8515 = DIRECTION('',(-0.474099823035,0.880471099922,0.));
#8516 = DIRECTION('',(0.880471099922,0.474099823035,0.));
#8517 = ADVANCED_FACE('',(#8518),#8534,.T.);
#8518 = FACE_BOUND('',#8519,.T.);
#8519 = EDGE_LOOP('',(#8520,#8521,#8527,#8528));
#8520 = ORIENTED_EDGE('',*,*,#8499,.T.);
#8521 = ORIENTED_EDGE('',*,*,#8522,.T.);
#8522 = EDGE_CURVE('',#8492,#8298,#8523,.T.);
#8523 = LINE('',#8524,#8525);
#8524 = CARTESIAN_POINT('',(-12.112,-52.888,5.86));
#8525 = VECTOR('',#8526,1.);
#8526 = DIRECTION('',(0.474099823035,0.880471099922,0.));
#8527 = ORIENTED_EDGE('',*,*,#8295,.F.);
#8528 = ORIENTED_EDGE('',*,*,#8529,.F.);
#8529 = EDGE_CURVE('',#8500,#8296,#8530,.T.);
#8530 = LINE('',#8531,#8532);
#8531 = CARTESIAN_POINT('',(-12.112,-52.888,5.38));
#8532 = VECTOR('',#8533,1.);
#8533 = DIRECTION('',(0.474099823035,0.880471099922,0.));
#8534 = PLANE('',#8535);
#8535 = AXIS2_PLACEMENT_3D('',#8536,#8537,#8538);
#8536 = CARTESIAN_POINT('',(-12.112,-52.888,5.38));
#8537 = DIRECTION('',(-0.880471099922,0.474099823035,0.));
#8538 = DIRECTION('',(0.474099823035,0.880471099922,0.));
#8539 = ADVANCED_FACE('',(#8540),#8550,.T.);
#8540 = FACE_BOUND('',#8541,.T.);
#8541 = EDGE_LOOP('',(#8542,#8543,#8544,#8545,#8546,#8547,#8548,#8549));
#8542 = ORIENTED_EDGE('',*,*,#8321,.T.);
#8543 = ORIENTED_EDGE('',*,*,#8352,.T.);
#8544 = ORIENTED_EDGE('',*,*,#8383,.T.);
#8545 = ORIENTED_EDGE('',*,*,#8414,.T.);
#8546 = ORIENTED_EDGE('',*,*,#8445,.T.);
#8547 = ORIENTED_EDGE('',*,*,#8476,.T.);
#8548 = ORIENTED_EDGE('',*,*,#8507,.T.);
#8549 = ORIENTED_EDGE('',*,*,#8529,.T.);
#8550 = PLANE('',#8551);
#8551 = AXIS2_PLACEMENT_3D('',#8552,#8553,#8554);
#8552 = CARTESIAN_POINT('',(-12.,-53.,5.38));
#8553 = DIRECTION('',(-0.,-0.,-1.));
#8554 = DIRECTION('',(-1.,0.,0.));
#8555 = ADVANCED_FACE('',(#8556),#8566,.F.);
#8556 = FACE_BOUND('',#8557,.F.);
#8557 = EDGE_LOOP('',(#8558,#8559,#8560,#8561,#8562,#8563,#8564,#8565));
#8558 = ORIENTED_EDGE('',*,*,#8305,.T.);
#8559 = ORIENTED_EDGE('',*,*,#8336,.T.);
#8560 = ORIENTED_EDGE('',*,*,#8367,.T.);
#8561 = ORIENTED_EDGE('',*,*,#8398,.T.);
#8562 = ORIENTED_EDGE('',*,*,#8429,.T.);
#8563 = ORIENTED_EDGE('',*,*,#8460,.T.);
#8564 = ORIENTED_EDGE('',*,*,#8491,.T.);
#8565 = ORIENTED_EDGE('',*,*,#8522,.T.);
#8566 = PLANE('',#8567);
#8567 = AXIS2_PLACEMENT_3D('',#8568,#8569,#8570);
#8568 = CARTESIAN_POINT('',(-12.,-53.,5.86));
#8569 = DIRECTION('',(-0.,-0.,-1.));
#8570 = DIRECTION('',(-1.,0.,0.));
#8571 = ( GEOMETRIC_REPRESENTATION_CONTEXT(3) 
GLOBAL_UNCERTAINTY_ASSIGNED_CONTEXT((#8575)) 
GLOBAL_UNIT_ASSIGNED_CONTEXT((#8572,#8573,#8574)) REPRESENTATION_CONTEXT
('Context #1','3D Context with UNIT and UNCERTAINTY') );
#8572 = ( LENGTH_UNIT() NAMED_UNIT(*) SI_UNIT(.MILLI.,.METRE.) );
#8573 = ( NAMED_UNIT(*) PLANE_ANGLE_UNIT() SI_UNIT($,.RADIAN.) );
#8574 = ( NAMED_UNIT(*) SI_UNIT($,.STERADIAN.) SOLID_ANGLE_UNIT() );
#8575 = UNCERTAINTY_MEASURE_WITH_UNIT(LENGTH_MEASURE(1.E-07),#8572,
  'distance_accuracy_value','confusion accuracy');
#8576 = CONTEXT_DEPENDENT_SHAPE_REPRESENTATION(#8577,#8579);
#8577 = ( REPRESENTATION_RELATIONSHIP('','',#8288,#10) 
REPRESENTATION_RELATIONSHIP_WITH_TRANSFORMATION(#8578) 
SHAPE_REPRESENTATION_RELATIONSHIP() );
#8578 = ITEM_DEFINED_TRANSFORMATION('','',#11,#127);
#8579 = PRODUCT_DEFINITION_SHAPE('Placement','Placement of an item',
  #8580);
#8580 = NEXT_ASSEMBLY_USAGE_OCCURRENCE('246','','',#5,#8283,$);
#8581 = PRODUCT_RELATED_PRODUCT_CATEGORY('part',$,(#8285));
#8582 = SHAPE_DEFINITION_REPRESENTATION(#8583,#8589);
#8583 = PRODUCT_DEFINITION_SHAPE('','',#8584);
#8584 = PRODUCT_DEFINITION('design','',#8585,#8588);
#8585 = PRODUCT_DEFINITION_FORMATION('','',#8586);
#8586 = PRODUCT('Open CASCADE STEP translator 7.8 5.30',
  'Open CASCADE STEP translator 7.8 5.30','',(#8587));
#8587 = PRODUCT_CONTEXT('',#2,'mechanical');
#8588 = PRODUCT_DEFINITION_CONTEXT('part definition',#2,'design');
#8589 = ADVANCED_BREP_SHAPE_REPRESENTATION('',(#11,#8590),#8872);
#8590 = MANIFOLD_SOLID_BREP('',#8591);
#8591 = CLOSED_SHELL('',(#8592,#8632,#8663,#8694,#8725,#8756,#8787,#8818
    ,#8840,#8856));
#8592 = ADVANCED_FACE('',(#8593),#8627,.T.);
#8593 = FACE_BOUND('',#8594,.T.);
#8594 = EDGE_LOOP('',(#8595,#8605,#8613,#8621));
#8595 = ORIENTED_EDGE('',*,*,#8596,.T.);
#8596 = EDGE_CURVE('',#8597,#8599,#8601,.T.);
#8597 = VERTEX_POINT('',#8598);
#8598 = CARTESIAN_POINT('',(12.,-53.68,5.38));
#8599 = VERTEX_POINT('',#8600);
#8600 = CARTESIAN_POINT('',(12.,-53.68,5.86));
#8601 = LINE('',#8602,#8603);
#8602 = CARTESIAN_POINT('',(12.,-53.68,5.38));
#8603 = VECTOR('',#8604,1.);
#8604 = DIRECTION('',(0.,0.,1.));
#8605 = ORIENTED_EDGE('',*,*,#8606,.T.);
#8606 = EDGE_CURVE('',#8599,#8607,#8609,.T.);
#8607 = VERTEX_POINT('',#8608);
#8608 = CARTESIAN_POINT('',(12.112,-53.888,5.86));
#8609 = LINE('',#8610,#8611);
#8610 = CARTESIAN_POINT('',(12.,-53.68,5.86));
#8611 = VECTOR('',#8612,1.);
#8612 = DIRECTION('',(0.474099823035,-0.880471099922,0.));
#8613 = ORIENTED_EDGE('',*,*,#8614,.F.);
#8614 = EDGE_CURVE('',#8615,#8607,#8617,.T.);
#8615 = VERTEX_POINT('',#8616);
#8616 = CARTESIAN_POINT('',(12.112,-53.888,5.38));
#8617 = LINE('',#8618,#8619);
#8618 = CARTESIAN_POINT('',(12.112,-53.888,5.38));
#8619 = VECTOR('',#8620,1.);
#8620 = DIRECTION('',(0.,0.,1.));
#8621 = ORIENTED_EDGE('',*,*,#8622,.F.);
#8622 = EDGE_CURVE('',#8597,#8615,#8623,.T.);
#8623 = LINE('',#8624,#8625);
#8624 = CARTESIAN_POINT('',(12.,-53.68,5.38));
#8625 = VECTOR('',#8626,1.);
#8626 = DIRECTION('',(0.474099823035,-0.880471099922,0.));
#8627 = PLANE('',#8628);
#8628 = AXIS2_PLACEMENT_3D('',#8629,#8630,#8631);
#8629 = CARTESIAN_POINT('',(12.,-53.68,5.38));
#8630 = DIRECTION('',(0.880471099922,0.474099823035,-0.));
#8631 = DIRECTION('',(0.474099823035,-0.880471099922,0.));
#8632 = ADVANCED_FACE('',(#8633),#8658,.T.);
#8633 = FACE_BOUND('',#8634,.T.);
#8634 = EDGE_LOOP('',(#8635,#8636,#8644,#8652));
#8635 = ORIENTED_EDGE('',*,*,#8614,.T.);
#8636 = ORIENTED_EDGE('',*,*,#8637,.T.);
#8637 = EDGE_CURVE('',#8607,#8638,#8640,.T.);
#8638 = VERTEX_POINT('',#8639);
#8639 = CARTESIAN_POINT('',(12.32,-54.,5.86));
#8640 = LINE('',#8641,#8642);
#8641 = CARTESIAN_POINT('',(12.112,-53.888,5.86));
#8642 = VECTOR('',#8643,1.);
#8643 = DIRECTION('',(0.880471099922,-0.474099823035,0.));
#8644 = ORIENTED_EDGE('',*,*,#8645,.F.);
#8645 = EDGE_CURVE('',#8646,#8638,#8648,.T.);
#8646 = VERTEX_POINT('',#8647);
#8647 = CARTESIAN_POINT('',(12.32,-54.,5.38));
#8648 = LINE('',#8649,#8650);
#8649 = CARTESIAN_POINT('',(12.32,-54.,5.38));
#8650 = VECTOR('',#8651,1.);
#8651 = DIRECTION('',(0.,0.,1.));
#8652 = ORIENTED_EDGE('',*,*,#8653,.F.);
#8653 = EDGE_CURVE('',#8615,#8646,#8654,.T.);
#8654 = LINE('',#8655,#8656);
#8655 = CARTESIAN_POINT('',(12.112,-53.888,5.38));
#8656 = VECTOR('',#8657,1.);
#8657 = DIRECTION('',(0.880471099922,-0.474099823035,0.));
#8658 = PLANE('',#8659);
#8659 = AXIS2_PLACEMENT_3D('',#8660,#8661,#8662);
#8660 = CARTESIAN_POINT('',(12.112,-53.888,5.38));
#8661 = DIRECTION('',(0.474099823035,0.880471099922,-0.));
#8662 = DIRECTION('',(0.880471099922,-0.474099823035,0.));
#8663 = ADVANCED_FACE('',(#8664),#8689,.T.);
#8664 = FACE_BOUND('',#8665,.T.);
#8665 = EDGE_LOOP('',(#8666,#8667,#8675,#8683));
#8666 = ORIENTED_EDGE('',*,*,#8645,.T.);
#8667 = ORIENTED_EDGE('',*,*,#8668,.T.);
#8668 = EDGE_CURVE('',#8638,#8669,#8671,.T.);
#8669 = VERTEX_POINT('',#8670);
#8670 = CARTESIAN_POINT('',(12.112,-54.112,5.86));
#8671 = LINE('',#8672,#8673);
#8672 = CARTESIAN_POINT('',(12.32,-54.,5.86));
#8673 = VECTOR('',#8674,1.);
#8674 = DIRECTION('',(-0.880471099922,-0.474099823035,0.));
#8675 = ORIENTED_EDGE('',*,*,#8676,.F.);
#8676 = EDGE_CURVE('',#8677,#8669,#8679,.T.);
#8677 = VERTEX_POINT('',#8678);
#8678 = CARTESIAN_POINT('',(12.112,-54.112,5.38));
#8679 = LINE('',#8680,#8681);
#8680 = CARTESIAN_POINT('',(12.112,-54.112,5.38));
#8681 = VECTOR('',#8682,1.);
#8682 = DIRECTION('',(0.,0.,1.));
#8683 = ORIENTED_EDGE('',*,*,#8684,.F.);
#8684 = EDGE_CURVE('',#8646,#8677,#8685,.T.);
#8685 = LINE('',#8686,#8687);
#8686 = CARTESIAN_POINT('',(12.32,-54.,5.38));
#8687 = VECTOR('',#8688,1.);
#8688 = DIRECTION('',(-0.880471099922,-0.474099823035,0.));
#8689 = PLANE('',#8690);
#8690 = AXIS2_PLACEMENT_3D('',#8691,#8692,#8693);
#8691 = CARTESIAN_POINT('',(12.32,-54.,5.38));
#8692 = DIRECTION('',(0.474099823035,-0.880471099922,0.));
#8693 = DIRECTION('',(-0.880471099922,-0.474099823035,0.));
#8694 = ADVANCED_FACE('',(#8695),#8720,.T.);
#8695 = FACE_BOUND('',#8696,.T.);
#8696 = EDGE_LOOP('',(#8697,#8698,#8706,#8714));
#8697 = ORIENTED_EDGE('',*,*,#8676,.T.);
#8698 = ORIENTED_EDGE('',*,*,#8699,.T.);
#8699 = EDGE_CURVE('',#8669,#8700,#8702,.T.);
#8700 = VERTEX_POINT('',#8701);
#8701 = CARTESIAN_POINT('',(12.,-54.32,5.86));
#8702 = LINE('',#8703,#8704);
#8703 = CARTESIAN_POINT('',(12.112,-54.112,5.86));
#8704 = VECTOR('',#8705,1.);
#8705 = DIRECTION('',(-0.474099823035,-0.880471099922,0.));
#8706 = ORIENTED_EDGE('',*,*,#8707,.F.);
#8707 = EDGE_CURVE('',#8708,#8700,#8710,.T.);
#8708 = VERTEX_POINT('',#8709);
#8709 = CARTESIAN_POINT('',(12.,-54.32,5.38));
#8710 = LINE('',#8711,#8712);
#8711 = CARTESIAN_POINT('',(12.,-54.32,5.38));
#8712 = VECTOR('',#8713,1.);
#8713 = DIRECTION('',(0.,0.,1.));
#8714 = ORIENTED_EDGE('',*,*,#8715,.F.);
#8715 = EDGE_CURVE('',#8677,#8708,#8716,.T.);
#8716 = LINE('',#8717,#8718);
#8717 = CARTESIAN_POINT('',(12.112,-54.112,5.38));
#8718 = VECTOR('',#8719,1.);
#8719 = DIRECTION('',(-0.474099823035,-0.880471099922,0.));
#8720 = PLANE('',#8721);
#8721 = AXIS2_PLACEMENT_3D('',#8722,#8723,#8724);
#8722 = CARTESIAN_POINT('',(12.112,-54.112,5.38));
#8723 = DIRECTION('',(0.880471099922,-0.474099823035,0.));
#8724 = DIRECTION('',(-0.474099823035,-0.880471099922,0.));
#8725 = ADVANCED_FACE('',(#8726),#8751,.T.);
#8726 = FACE_BOUND('',#8727,.T.);
#8727 = EDGE_LOOP('',(#8728,#8729,#8737,#8745));
#8728 = ORIENTED_EDGE('',*,*,#8707,.T.);
#8729 = ORIENTED_EDGE('',*,*,#8730,.T.);
#8730 = EDGE_CURVE('',#8700,#8731,#8733,.T.);
#8731 = VERTEX_POINT('',#8732);
#8732 = CARTESIAN_POINT('',(11.888,-54.112,5.86));
#8733 = LINE('',#8734,#8735);
#8734 = CARTESIAN_POINT('',(12.,-54.32,5.86));
#8735 = VECTOR('',#8736,1.);
#8736 = DIRECTION('',(-0.474099823035,0.880471099922,0.));
#8737 = ORIENTED_EDGE('',*,*,#8738,.F.);
#8738 = EDGE_CURVE('',#8739,#8731,#8741,.T.);
#8739 = VERTEX_POINT('',#8740);
#8740 = CARTESIAN_POINT('',(11.888,-54.112,5.38));
#8741 = LINE('',#8742,#8743);
#8742 = CARTESIAN_POINT('',(11.888,-54.112,5.38));
#8743 = VECTOR('',#8744,1.);
#8744 = DIRECTION('',(0.,0.,1.));
#8745 = ORIENTED_EDGE('',*,*,#8746,.F.);
#8746 = EDGE_CURVE('',#8708,#8739,#8747,.T.);
#8747 = LINE('',#8748,#8749);
#8748 = CARTESIAN_POINT('',(12.,-54.32,5.38));
#8749 = VECTOR('',#8750,1.);
#8750 = DIRECTION('',(-0.474099823035,0.880471099922,0.));
#8751 = PLANE('',#8752);
#8752 = AXIS2_PLACEMENT_3D('',#8753,#8754,#8755);
#8753 = CARTESIAN_POINT('',(12.,-54.32,5.38));
#8754 = DIRECTION('',(-0.880471099922,-0.474099823035,0.));
#8755 = DIRECTION('',(-0.474099823035,0.880471099922,0.));
#8756 = ADVANCED_FACE('',(#8757),#8782,.T.);
#8757 = FACE_BOUND('',#8758,.T.);
#8758 = EDGE_LOOP('',(#8759,#8760,#8768,#8776));
#8759 = ORIENTED_EDGE('',*,*,#8738,.T.);
#8760 = ORIENTED_EDGE('',*,*,#8761,.T.);
#8761 = EDGE_CURVE('',#8731,#8762,#8764,.T.);
#8762 = VERTEX_POINT('',#8763);
#8763 = CARTESIAN_POINT('',(11.68,-54.,5.86));
#8764 = LINE('',#8765,#8766);
#8765 = CARTESIAN_POINT('',(11.888,-54.112,5.86));
#8766 = VECTOR('',#8767,1.);
#8767 = DIRECTION('',(-0.880471099922,0.474099823035,0.));
#8768 = ORIENTED_EDGE('',*,*,#8769,.F.);
#8769 = EDGE_CURVE('',#8770,#8762,#8772,.T.);
#8770 = VERTEX_POINT('',#8771);
#8771 = CARTESIAN_POINT('',(11.68,-54.,5.38));
#8772 = LINE('',#8773,#8774);
#8773 = CARTESIAN_POINT('',(11.68,-54.,5.38));
#8774 = VECTOR('',#8775,1.);
#8775 = DIRECTION('',(0.,0.,1.));
#8776 = ORIENTED_EDGE('',*,*,#8777,.F.);
#8777 = EDGE_CURVE('',#8739,#8770,#8778,.T.);
#8778 = LINE('',#8779,#8780);
#8779 = CARTESIAN_POINT('',(11.888,-54.112,5.38));
#8780 = VECTOR('',#8781,1.);
#8781 = DIRECTION('',(-0.880471099922,0.474099823035,0.));
#8782 = PLANE('',#8783);
#8783 = AXIS2_PLACEMENT_3D('',#8784,#8785,#8786);
#8784 = CARTESIAN_POINT('',(11.888,-54.112,5.38));
#8785 = DIRECTION('',(-0.474099823035,-0.880471099922,0.));
#8786 = DIRECTION('',(-0.880471099922,0.474099823035,0.));
#8787 = ADVANCED_FACE('',(#8788),#8813,.T.);
#8788 = FACE_BOUND('',#8789,.T.);
#8789 = EDGE_LOOP('',(#8790,#8791,#8799,#8807));
#8790 = ORIENTED_EDGE('',*,*,#8769,.T.);
#8791 = ORIENTED_EDGE('',*,*,#8792,.T.);
#8792 = EDGE_CURVE('',#8762,#8793,#8795,.T.);
#8793 = VERTEX_POINT('',#8794);
#8794 = CARTESIAN_POINT('',(11.888,-53.888,5.86));
#8795 = LINE('',#8796,#8797);
#8796 = CARTESIAN_POINT('',(11.68,-54.,5.86));
#8797 = VECTOR('',#8798,1.);
#8798 = DIRECTION('',(0.880471099922,0.474099823035,0.));
#8799 = ORIENTED_EDGE('',*,*,#8800,.F.);
#8800 = EDGE_CURVE('',#8801,#8793,#8803,.T.);
#8801 = VERTEX_POINT('',#8802);
#8802 = CARTESIAN_POINT('',(11.888,-53.888,5.38));
#8803 = LINE('',#8804,#8805);
#8804 = CARTESIAN_POINT('',(11.888,-53.888,5.38));
#8805 = VECTOR('',#8806,1.);
#8806 = DIRECTION('',(0.,0.,1.));
#8807 = ORIENTED_EDGE('',*,*,#8808,.F.);
#8808 = EDGE_CURVE('',#8770,#8801,#8809,.T.);
#8809 = LINE('',#8810,#8811);
#8810 = CARTESIAN_POINT('',(11.68,-54.,5.38));
#8811 = VECTOR('',#8812,1.);
#8812 = DIRECTION('',(0.880471099922,0.474099823035,0.));
#8813 = PLANE('',#8814);
#8814 = AXIS2_PLACEMENT_3D('',#8815,#8816,#8817);
#8815 = CARTESIAN_POINT('',(11.68,-54.,5.38));
#8816 = DIRECTION('',(-0.474099823035,0.880471099922,0.));
#8817 = DIRECTION('',(0.880471099922,0.474099823035,0.));
#8818 = ADVANCED_FACE('',(#8819),#8835,.T.);
#8819 = FACE_BOUND('',#8820,.T.);
#8820 = EDGE_LOOP('',(#8821,#8822,#8828,#8829));
#8821 = ORIENTED_EDGE('',*,*,#8800,.T.);
#8822 = ORIENTED_EDGE('',*,*,#8823,.T.);
#8823 = EDGE_CURVE('',#8793,#8599,#8824,.T.);
#8824 = LINE('',#8825,#8826);
#8825 = CARTESIAN_POINT('',(11.888,-53.888,5.86));
#8826 = VECTOR('',#8827,1.);
#8827 = DIRECTION('',(0.474099823035,0.880471099922,0.));
#8828 = ORIENTED_EDGE('',*,*,#8596,.F.);
#8829 = ORIENTED_EDGE('',*,*,#8830,.F.);
#8830 = EDGE_CURVE('',#8801,#8597,#8831,.T.);
#8831 = LINE('',#8832,#8833);
#8832 = CARTESIAN_POINT('',(11.888,-53.888,5.38));
#8833 = VECTOR('',#8834,1.);
#8834 = DIRECTION('',(0.474099823035,0.880471099922,0.));
#8835 = PLANE('',#8836);
#8836 = AXIS2_PLACEMENT_3D('',#8837,#8838,#8839);
#8837 = CARTESIAN_POINT('',(11.888,-53.888,5.38));
#8838 = DIRECTION('',(-0.880471099922,0.474099823035,0.));
#8839 = DIRECTION('',(0.474099823035,0.880471099922,0.));
#8840 = ADVANCED_FACE('',(#8841),#8851,.T.);
#8841 = FACE_BOUND('',#8842,.T.);
#8842 = EDGE_LOOP('',(#8843,#8844,#8845,#8846,#8847,#8848,#8849,#8850));
#8843 = ORIENTED_EDGE('',*,*,#8622,.T.);
#8844 = ORIENTED_EDGE('',*,*,#8653,.T.);
#8845 = ORIENTED_EDGE('',*,*,#8684,.T.);
#8846 = ORIENTED_EDGE('',*,*,#8715,.T.);
#8847 = ORIENTED_EDGE('',*,*,#8746,.T.);
#8848 = ORIENTED_EDGE('',*,*,#8777,.T.);
#8849 = ORIENTED_EDGE('',*,*,#8808,.T.);
#8850 = ORIENTED_EDGE('',*,*,#8830,.T.);
#8851 = PLANE('',#8852);
#8852 = AXIS2_PLACEMENT_3D('',#8853,#8854,#8855);
#8853 = CARTESIAN_POINT('',(12.,-54.,5.38));
#8854 = DIRECTION('',(-0.,-0.,-1.));
#8855 = DIRECTION('',(-1.,0.,0.));
#8856 = ADVANCED_FACE('',(#8857),#8867,.F.);
#8857 = FACE_BOUND('',#8858,.F.);
#8858 = EDGE_LOOP('',(#8859,#8860,#8861,#8862,#8863,#8864,#8865,#8866));
#8859 = ORIENTED_EDGE('',*,*,#8606,.T.);
#8860 = ORIENTED_EDGE('',*,*,#8637,.T.);
#8861 = ORIENTED_EDGE('',*,*,#8668,.T.);
#8862 = ORIENTED_EDGE('',*,*,#8699,.T.);
#8863 = ORIENTED_EDGE('',*,*,#8730,.T.);
#8864 = ORIENTED_EDGE('',*,*,#8761,.T.);
#8865 = ORIENTED_EDGE('',*,*,#8792,.T.);
#8866 = ORIENTED_EDGE('',*,*,#8823,.T.);
#8867 = PLANE('',#8868);
#8868 = AXIS2_PLACEMENT_3D('',#8869,#8870,#8871);
#8869 = CARTESIAN_POINT('',(12.,-54.,5.86));
#8870 = DIRECTION('',(-0.,-0.,-1.));
#8871 = DIRECTION('',(-1.,0.,0.));
#8872 = ( GEOMETRIC_REPRESENTATION_CONTEXT(3) 
GLOBAL_UNCERTAINTY_ASSIGNED_CONTEXT((#8876)) 
GLOBAL_UNIT_ASSIGNED_CONTEXT((#8873,#8874,#8875)) REPRESENTATION_CONTEXT
('Context #1','3D Context with UNIT and UNCERTAINTY') );
#8873 = ( LENGTH_UNIT() NAMED_UNIT(*) SI_UNIT(.MILLI.,.METRE.) );
#8874 = ( NAMED_UNIT(*) PLANE_ANGLE_UNIT() SI_UNIT($,.RADIAN.) );
#8875 = ( NAMED_UNIT(*) SI_UNIT($,.STERADIAN.) SOLID_ANGLE_UNIT() );
#8876 = UNCERTAINTY_MEASURE_WITH_UNIT(LENGTH_MEASURE(1.E-07),#8873,
  'distance_accuracy_value','confusion accuracy');
#8877 = CONTEXT_DEPENDENT_SHAPE_REPRESENTATION(#8878,#8880);
#8878 = ( REPRESENTATION_RELATIONSHIP('','',#8589,#10) 
REPRESENTATION_RELATIONSHIP_WITH_TRANSFORMATION(#8879) 
SHAPE_REPRESENTATION_RELATIONSHIP() );
#8879 = ITEM_DEFINED_TRANSFORMATION('','',#11,#131);
#8880 = PRODUCT_DEFINITION_SHAPE('Placement','Placement of an item',
  #8881);
#8881 = NEXT_ASSEMBLY_USAGE_OCCURRENCE('247','','',#5,#8584,$);
#8882 = PRODUCT_RELATED_PRODUCT_CATEGORY('part',$,(#8586));
#8883 = SHAPE_DEFINITION_REPRESENTATION(#8884,#8890);
#8884 = PRODUCT_DEFINITION_SHAPE('','',#8885);
#8885 = PRODUCT_DEFINITION('design','',#8886,#8889);
#8886 = PRODUCT_DEFINITION_FORMATION('','',#8887);
#8887 = PRODUCT('Open CASCADE STEP translator 7.8 5.31',
  'Open CASCADE STEP translator 7.8 5.31','',(#8888));
#8888 = PRODUCT_CONTEXT('',#2,'mechanical');
#8889 = PRODUCT_DEFINITION_CONTEXT('part definition',#2,'design');
#8890 = ADVANCED_BREP_SHAPE_REPRESENTATION('',(#11,#8891),#10717);
#8891 = MANIFOLD_SOLID_BREP('',#8892);
#8892 = CLOSED_SHELL('',(#8893,#9433,#9482,#9509,#9539,#9557,#9606,#9624
    ,#9655,#9679,#9703,#9727,#9751,#9768,#9799,#9823,#9847,#9871,#9895,
    #9919,#9943,#9960,#9996,#10017,#10048,#10081,#10110,#10151,#10196,
    #10241,#10282,#10311,#10344,#10368,#10401,#10434,#10475,#10516,
    #10557,#10598,#10631,#10657));
#8893 = ADVANCED_FACE('',(#8894,#8941,#8970,#9020,#9086,#9106),#9428,.F.
  );
#8894 = FACE_BOUND('',#8895,.F.);
#8895 = EDGE_LOOP('',(#8896,#8907,#8916,#8925,#8934));
#8896 = ORIENTED_EDGE('',*,*,#8897,.T.);
#8897 = EDGE_CURVE('',#8898,#8900,#8902,.T.);
#8898 = VERTEX_POINT('',#8899);
#8899 = CARTESIAN_POINT('',(7.39246718867,-49.22052955785,5.38));
#8900 = VERTEX_POINT('',#8901);
#8901 = CARTESIAN_POINT('',(14.03641807053,-46.98353276323,5.38));
#8902 = ELLIPSE('',#8903,14.35,4.38);
#8903 = AXIS2_PLACEMENT_3D('',#8904,#8905,#8906);
#8904 = CARTESIAN_POINT('',(0.,-44.,5.38));
#8905 = DIRECTION('',(-0.,0.,1.));
#8906 = DIRECTION('',(0.978147600734,-0.207911690818,0.));
#8907 = ORIENTED_EDGE('',*,*,#8908,.T.);
#8908 = EDGE_CURVE('',#8900,#8909,#8911,.T.);
#8909 = VERTEX_POINT('',#8910);
#8910 = CARTESIAN_POINT('',(8.876735488421,-42.23759622429,5.38));
#8911 = ELLIPSE('',#8912,14.35,4.38);
#8912 = AXIS2_PLACEMENT_3D('',#8913,#8914,#8915);
#8913 = CARTESIAN_POINT('',(0.,-44.,5.38));
#8914 = DIRECTION('',(-0.,0.,1.));
#8915 = DIRECTION('',(0.978147600734,-0.207911690818,0.));
#8916 = ORIENTED_EDGE('',*,*,#8917,.T.);
#8917 = EDGE_CURVE('',#8909,#8918,#8920,.T.);
#8918 = VERTEX_POINT('',#8919);
#8919 = CARTESIAN_POINT('',(-7.392467188669,-38.77947044214,5.38));
#8920 = CIRCLE('',#8921,9.05);
#8921 = AXIS2_PLACEMENT_3D('',#8922,#8923,#8924);
#8922 = CARTESIAN_POINT('',(0.,-44.,5.38));
#8923 = DIRECTION('',(0.,0.,1.));
#8924 = DIRECTION('',(1.,0.,0.));
#8925 = ORIENTED_EDGE('',*,*,#8926,.T.);
#8926 = EDGE_CURVE('',#8918,#8927,#8929,.T.);
#8927 = VERTEX_POINT('',#8928);
#8928 = CARTESIAN_POINT('',(-8.876735488421,-45.7624037757,5.38));
#8929 = ELLIPSE('',#8930,14.35,4.38);
#8930 = AXIS2_PLACEMENT_3D('',#8931,#8932,#8933);
#8931 = CARTESIAN_POINT('',(0.,-44.,5.38));
#8932 = DIRECTION('',(-0.,0.,1.));
#8933 = DIRECTION('',(0.978147600734,-0.207911690818,0.));
#8934 = ORIENTED_EDGE('',*,*,#8935,.T.);
#8935 = EDGE_CURVE('',#8927,#8898,#8936,.T.);
#8936 = CIRCLE('',#8937,9.05);
#8937 = AXIS2_PLACEMENT_3D('',#8938,#8939,#8940);
#8938 = CARTESIAN_POINT('',(0.,-44.,5.38));
#8939 = DIRECTION('',(0.,0.,1.));
#8940 = DIRECTION('',(1.,0.,0.));
#8941 = FACE_BOUND('',#8942,.F.);
#8942 = EDGE_LOOP('',(#8943,#8954,#8963));
#8943 = ORIENTED_EDGE('',*,*,#8944,.F.);
#8944 = EDGE_CURVE('',#8945,#8947,#8949,.T.);
#8945 = VERTEX_POINT('',#8946);
#8946 = CARTESIAN_POINT('',(8.426841999053,-47.30012634955,5.38));
#8947 = VERTEX_POINT('',#8948);
#8948 = CARTESIAN_POINT('',(10.96459743061,-46.33059712994,5.38));
#8949 = ELLIPSE('',#8950,11.3,2.45);
#8950 = AXIS2_PLACEMENT_3D('',#8951,#8952,#8953);
#8951 = CARTESIAN_POINT('',(-8.847045768187E-02,-43.9811950237,5.38));
#8952 = DIRECTION('',(-0.,0.,1.));
#8953 = DIRECTION('',(0.978147600734,-0.207911690818,0.));
#8954 = ORIENTED_EDGE('',*,*,#8955,.T.);
#8955 = EDGE_CURVE('',#8945,#8956,#8958,.T.);
#8956 = VERTEX_POINT('',#8957);
#8957 = CARTESIAN_POINT('',(9.040585543649,-44.41268999014,5.38));
#8958 = CIRCLE('',#8959,9.05);
#8959 = AXIS2_PLACEMENT_3D('',#8960,#8961,#8962);
#8960 = CARTESIAN_POINT('',(0.,-44.,5.38));
#8961 = DIRECTION('',(0.,0.,1.));
#8962 = DIRECTION('',(1.,0.,0.));
#8963 = ORIENTED_EDGE('',*,*,#8964,.F.);
#8964 = EDGE_CURVE('',#8947,#8956,#8965,.T.);
#8965 = ELLIPSE('',#8966,11.3,2.45);
#8966 = AXIS2_PLACEMENT_3D('',#8967,#8968,#8969);
#8967 = CARTESIAN_POINT('',(-8.847045768187E-02,-43.9811950237,5.38));
#8968 = DIRECTION('',(-0.,0.,1.));
#8969 = DIRECTION('',(0.978147600734,-0.207911690818,0.));
#8970 = FACE_BOUND('',#8971,.F.);
#8971 = EDGE_LOOP('',(#8972,#8982,#8990,#8998,#9006,#9014));
#8972 = ORIENTED_EDGE('',*,*,#8973,.F.);
#8973 = EDGE_CURVE('',#8974,#8976,#8978,.T.);
#8974 = VERTEX_POINT('',#8975);
#8975 = CARTESIAN_POINT('',(-5.820849609375,-40.97578125,5.38));
#8976 = VERTEX_POINT('',#8977);
#8977 = CARTESIAN_POINT('',(-5.820849609375,-46.73491210937,5.38));
#8978 = LINE('',#8979,#8980);
#8979 = CARTESIAN_POINT('',(-5.820849609375,-45.36745605468,5.38));
#8980 = VECTOR('',#8981,1.);
#8981 = DIRECTION('',(0.,-1.,0.));
#8982 = ORIENTED_EDGE('',*,*,#8983,.F.);
#8983 = EDGE_CURVE('',#8984,#8974,#8986,.T.);
#8984 = VERTEX_POINT('',#8985);
#8985 = CARTESIAN_POINT('',(-5.041650390625,-40.97578125,5.38));
#8986 = LINE('',#8987,#8988);
#8987 = CARTESIAN_POINT('',(-2.910424804688,-40.97578125,5.38));
#8988 = VECTOR('',#8989,1.);
#8989 = DIRECTION('',(-1.,0.,0.));
#8990 = ORIENTED_EDGE('',*,*,#8991,.F.);
#8991 = EDGE_CURVE('',#8992,#8984,#8994,.T.);
#8992 = VERTEX_POINT('',#8993);
#8993 = CARTESIAN_POINT('',(-5.041650390625,-46.07915039062,5.38));
#8994 = LINE('',#8995,#8996);
#8995 = CARTESIAN_POINT('',(-5.041650390625,-42.487890625,5.38));
#8996 = VECTOR('',#8997,1.);
#8997 = DIRECTION('',(0.,1.,0.));
#8998 = ORIENTED_EDGE('',*,*,#8999,.F.);
#8999 = EDGE_CURVE('',#9000,#8992,#9002,.T.);
#9000 = VERTEX_POINT('',#9001);
#9001 = CARTESIAN_POINT('',(-2.2373046875,-46.07915039062,5.38));
#9002 = LINE('',#9003,#9004);
#9003 = CARTESIAN_POINT('',(-2.520825195313,-46.07915039062,5.38));
#9004 = VECTOR('',#9005,1.);
#9005 = DIRECTION('',(-1.,0.,0.));
#9006 = ORIENTED_EDGE('',*,*,#9007,.F.);
#9007 = EDGE_CURVE('',#9008,#9000,#9010,.T.);
#9008 = VERTEX_POINT('',#9009);
#9009 = CARTESIAN_POINT('',(-2.2373046875,-46.73491210937,5.38));
#9010 = LINE('',#9011,#9012);
#9011 = CARTESIAN_POINT('',(-2.2373046875,-45.03957519531,5.38));
#9012 = VECTOR('',#9013,1.);
#9013 = DIRECTION('',(0.,1.,0.));
#9014 = ORIENTED_EDGE('',*,*,#9015,.F.);
#9015 = EDGE_CURVE('',#8976,#9008,#9016,.T.);
#9016 = LINE('',#9017,#9018);
#9017 = CARTESIAN_POINT('',(-1.11865234375,-46.73491210937,5.38));
#9018 = VECTOR('',#9019,1.);
#9019 = DIRECTION('',(1.,0.,-0.));
#9020 = FACE_BOUND('',#9021,.F.);
#9021 = EDGE_LOOP('',(#9022,#9032,#9040,#9048,#9056,#9064,#9072,#9080));
#9022 = ORIENTED_EDGE('',*,*,#9023,.F.);
#9023 = EDGE_CURVE('',#9024,#9026,#9028,.T.);
#9024 = VERTEX_POINT('',#9025);
#9025 = CARTESIAN_POINT('',(-3.305810546875,-40.97578125,5.38));
#9026 = VERTEX_POINT('',#9027);
#9027 = CARTESIAN_POINT('',(-3.305810546875,-41.63154296875,5.38));
#9028 = LINE('',#9029,#9030);
#9029 = CARTESIAN_POINT('',(-3.305810546875,-42.81577148437,5.38));
#9030 = VECTOR('',#9031,1.);
#9031 = DIRECTION('',(0.,-1.,0.));
#9032 = ORIENTED_EDGE('',*,*,#9033,.F.);
#9033 = EDGE_CURVE('',#9034,#9024,#9036,.T.);
#9034 = VERTEX_POINT('',#9035);
#9035 = CARTESIAN_POINT('',(1.56611328125,-40.97578125,5.38));
#9036 = LINE('',#9037,#9038);
#9037 = CARTESIAN_POINT('',(-1.652905273438,-40.97578125,5.38));
#9038 = VECTOR('',#9039,1.);
#9039 = DIRECTION('',(-1.,0.,0.));
#9040 = ORIENTED_EDGE('',*,*,#9041,.F.);
#9041 = EDGE_CURVE('',#9042,#9034,#9044,.T.);
#9042 = VERTEX_POINT('',#9043);
#9043 = CARTESIAN_POINT('',(1.56611328125,-41.63154296875,5.38));
#9044 = LINE('',#9045,#9046);
#9045 = CARTESIAN_POINT('',(1.56611328125,-42.487890625,5.38));
#9046 = VECTOR('',#9047,1.);
#9047 = DIRECTION('',(0.,1.,0.));
#9048 = ORIENTED_EDGE('',*,*,#9049,.F.);
#9049 = EDGE_CURVE('',#9050,#9042,#9052,.T.);
#9050 = VERTEX_POINT('',#9051);
#9051 = CARTESIAN_POINT('',(-0.4783203125,-41.63154296875,5.38));
#9052 = LINE('',#9053,#9054);
#9053 = CARTESIAN_POINT('',(0.783056640625,-41.63154296875,5.38));
#9054 = VECTOR('',#9055,1.);
#9055 = DIRECTION('',(1.,0.,-0.));
#9056 = ORIENTED_EDGE('',*,*,#9057,.F.);
#9057 = EDGE_CURVE('',#9058,#9050,#9060,.T.);
#9058 = VERTEX_POINT('',#9059);
#9059 = CARTESIAN_POINT('',(-0.4783203125,-46.73491210937,5.38));
#9060 = LINE('',#9061,#9062);
#9061 = CARTESIAN_POINT('',(-0.4783203125,-42.81577148437,5.38));
#9062 = VECTOR('',#9063,1.);
#9063 = DIRECTION('',(0.,1.,0.));
#9064 = ORIENTED_EDGE('',*,*,#9065,.F.);
#9065 = EDGE_CURVE('',#9066,#9058,#9068,.T.);
#9066 = VERTEX_POINT('',#9067);
#9067 = CARTESIAN_POINT('',(-1.261376953125,-46.73491210937,5.38));
#9068 = LINE('',#9069,#9070);
#9069 = CARTESIAN_POINT('',(-0.23916015625,-46.73491210937,5.38));
#9070 = VECTOR('',#9071,1.);
#9071 = DIRECTION('',(1.,0.,-0.));
#9072 = ORIENTED_EDGE('',*,*,#9073,.F.);
#9073 = EDGE_CURVE('',#9074,#9066,#9076,.T.);
#9074 = VERTEX_POINT('',#9075);
#9075 = CARTESIAN_POINT('',(-1.261376953125,-41.63154296875,5.38));
#9076 = LINE('',#9077,#9078);
#9077 = CARTESIAN_POINT('',(-1.261376953125,-45.36745605468,5.38));
#9078 = VECTOR('',#9079,1.);
#9079 = DIRECTION('',(0.,-1.,0.));
#9080 = ORIENTED_EDGE('',*,*,#9081,.F.);
#9081 = EDGE_CURVE('',#9026,#9074,#9082,.T.);
#9082 = LINE('',#9083,#9084);
#9083 = CARTESIAN_POINT('',(-0.630688476563,-41.63154296875,5.38));
#9084 = VECTOR('',#9085,1.);
#9085 = DIRECTION('',(1.,0.,-0.));
#9086 = FACE_BOUND('',#9087,.F.);
#9087 = EDGE_LOOP('',(#9088,#9099));
#9088 = ORIENTED_EDGE('',*,*,#9089,.T.);
#9089 = EDGE_CURVE('',#9090,#9092,#9094,.T.);
#9090 = VERTEX_POINT('',#9091);
#9091 = CARTESIAN_POINT('',(-8.407094550034,-40.64988638598,5.38));
#9092 = VERTEX_POINT('',#9093);
#9093 = CARTESIAN_POINT('',(-9.042877003441,-43.64100765936,5.38));
#9094 = CIRCLE('',#9095,9.05);
#9095 = AXIS2_PLACEMENT_3D('',#9096,#9097,#9098);
#9096 = CARTESIAN_POINT('',(0.,-44.,5.38));
#9097 = DIRECTION('',(0.,0.,1.));
#9098 = DIRECTION('',(1.,0.,0.));
#9099 = ORIENTED_EDGE('',*,*,#9100,.F.);
#9100 = EDGE_CURVE('',#9090,#9092,#9101,.T.);
#9101 = ELLIPSE('',#9102,11.3,2.45);
#9102 = AXIS2_PLACEMENT_3D('',#9103,#9104,#9105);
#9103 = CARTESIAN_POINT('',(-8.847045768187E-02,-43.9811950237,5.38));
#9104 = DIRECTION('',(-0.,0.,1.));
#9105 = DIRECTION('',(0.978147600734,-0.207911690818,0.));
#9106 = FACE_BOUND('',#9107,.F.);
#9107 = EDGE_LOOP('',(#9108,#9118,#9133,#9148,#9171,#9194,#9217,#9240,
    #9255,#9270,#9278,#9293,#9304,#9327,#9354,#9381,#9404,#9415));
#9108 = ORIENTED_EDGE('',*,*,#9109,.F.);
#9109 = EDGE_CURVE('',#9110,#9112,#9114,.T.);
#9110 = VERTEX_POINT('',#9111);
#9111 = CARTESIAN_POINT('',(6.168017578125,-42.241015625,5.38));
#9112 = VERTEX_POINT('',#9113);
#9113 = CARTESIAN_POINT('',(6.168017578125,-41.41938476562,5.38));
#9114 = LINE('',#9115,#9116);
#9115 = CARTESIAN_POINT('',(6.168017578125,-42.70969238281,5.38));
#9116 = VECTOR('',#9117,1.);
#9117 = DIRECTION('',(0.,1.,0.));
#9118 = ORIENTED_EDGE('',*,*,#9119,.F.);
#9119 = EDGE_CURVE('',#9120,#9110,#9122,.T.);
#9120 = VERTEX_POINT('',#9121);
#9121 = CARTESIAN_POINT('',(5.329028320312,-41.69326171875,5.38));
#9122 = B_SPLINE_CURVE_WITH_KNOTS('',5,(#9123,#9124,#9125,#9126,#9127,
    #9128,#9129,#9130,#9131,#9132),.UNSPECIFIED.,.F.,.F.,(6,4,6),(0.,
    0.494844037979,1.),.UNSPECIFIED.);
#9123 = CARTESIAN_POINT('',(5.329028320312,-41.69326171875,5.38));
#9124 = CARTESIAN_POINT('',(5.419258542544,-41.72997877887,5.38));
#9125 = CARTESIAN_POINT('',(5.507908863464,-41.77134255485,5.38));
#9126 = CARTESIAN_POINT('',(5.594846040339,-41.81724135207,5.38));
#9127 = CARTESIAN_POINT('',(5.679972707315,-41.86750921357,5.38));
#9128 = CARTESIAN_POINT('',(5.848201087487,-41.97751689288,5.38));
#9129 = CARTESIAN_POINT('',(5.931225057036,-42.03743322417,5.38));
#9130 = CARTESIAN_POINT('',(6.012219425968,-42.10148304532,5.38));
#9131 = CARTESIAN_POINT('',(6.091152091974,-42.16942522123,5.38));
#9132 = CARTESIAN_POINT('',(6.168017578125,-42.241015625,5.38));
#9133 = ORIENTED_EDGE('',*,*,#9134,.F.);
#9134 = EDGE_CURVE('',#9135,#9120,#9137,.T.);
#9135 = VERTEX_POINT('',#9136);
#9136 = CARTESIAN_POINT('',(4.38203125,-41.51196289062,5.38));
#9137 = B_SPLINE_CURVE_WITH_KNOTS('',5,(#9138,#9139,#9140,#9141,#9142,
    #9143,#9144,#9145,#9146,#9147),.UNSPECIFIED.,.F.,.F.,(6,4,6),(0.,
    0.781178626431,1.),.UNSPECIFIED.);
#9138 = CARTESIAN_POINT('',(4.38203125,-41.51196289062,5.38));
#9139 = CARTESIAN_POINT('',(4.536191033373,-41.51196289062,5.38));
#9140 = CARTESIAN_POINT('',(4.688716078797,-41.52267155403,5.38));
#9141 = CARTESIAN_POINT('',(4.838981674788,-41.54455275703,5.38));
#9142 = CARTESIAN_POINT('',(4.986367314569,-41.57781235741,5.38));
#9143 = CARTESIAN_POINT('',(5.170601345704,-41.63471706363,5.38));
#9144 = CARTESIAN_POINT('',(5.210644525312,-41.64804755725,5.38));
#9145 = CARTESIAN_POINT('',(5.250404268083,-41.66225276125,5.38));
#9146 = CARTESIAN_POINT('',(5.289869094919,-41.67732679586,5.38));
#9147 = CARTESIAN_POINT('',(5.329028320312,-41.69326171875,5.38));
#9148 = ORIENTED_EDGE('',*,*,#9149,.F.);
#9149 = EDGE_CURVE('',#9150,#9135,#9152,.T.);
#9150 = VERTEX_POINT('',#9151);
#9151 = CARTESIAN_POINT('',(2.869921875,-42.11564941406,5.38));
#9152 = B_SPLINE_CURVE_WITH_KNOTS('',5,(#9153,#9154,#9155,#9156,#9157,
    #9158,#9159,#9160,#9161,#9162,#9163,#9164,#9165,#9166,#9167,#9168,
    #9169,#9170),.UNSPECIFIED.,.F.,.F.,(6,4,4,4,6),(0.,0.200403067151,
    0.437516610136,0.683022910424,1.),.UNSPECIFIED.);
#9153 = CARTESIAN_POINT('',(2.869921875,-42.11564941406,5.38));
#9154 = CARTESIAN_POINT('',(2.913564505025,-42.06542829936,5.38));
#9155 = CARTESIAN_POINT('',(2.959520978752,-42.01745976359,5.38));
#9156 = CARTESIAN_POINT('',(3.007753939964,-41.97192726214,5.38));
#9157 = CARTESIAN_POINT('',(3.058182605853,-41.92898071161,5.38));
#9158 = CARTESIAN_POINT('',(3.172775017411,-41.84109217065,5.38));
#9159 = CARTESIAN_POINT('',(3.237768422579,-41.7972213052,5.38));
#9160 = CARTESIAN_POINT('',(3.30542510196,-41.75728632556,5.38));
#9161 = CARTESIAN_POINT('',(3.375461601153,-41.72133064905,5.38));
#9162 = CARTESIAN_POINT('',(3.522214127873,-41.65614427717,5.38));
#9163 = CARTESIAN_POINT('',(3.599084693035,-41.6271942335,5.38));
#9164 = CARTESIAN_POINT('',(3.677832865379,-41.60239476945,5.38));
#9165 = CARTESIAN_POINT('',(3.758128800175,-41.58156781586,5.38));
#9166 = CARTESIAN_POINT('',(3.944993373923,-41.54246051664,5.38));
#9167 = CARTESIAN_POINT('',(4.052402921109,-41.52668739805,5.38));
#9168 = CARTESIAN_POINT('',(4.161329639188,-41.51670684062,5.38));
#9169 = CARTESIAN_POINT('',(4.271307568492,-41.51196289062,5.38));
#9170 = CARTESIAN_POINT('',(4.38203125,-41.51196289062,5.38));
#9171 = ORIENTED_EDGE('',*,*,#9172,.F.);
#9172 = EDGE_CURVE('',#9173,#9150,#9175,.T.);
#9173 = VERTEX_POINT('',#9174);
#9174 = CARTESIAN_POINT('',(2.3453125,-43.8611328125,5.38));
#9175 = B_SPLINE_CURVE_WITH_KNOTS('',5,(#9176,#9177,#9178,#9179,#9180,
    #9181,#9182,#9183,#9184,#9185,#9186,#9187,#9188,#9189,#9190,#9191,
    #9192,#9193),.UNSPECIFIED.,.F.,.F.,(6,4,4,4,6),(0.,0.257035181676,
    0.493243817295,0.75381239925,1.),.UNSPECIFIED.);
#9176 = CARTESIAN_POINT('',(2.3453125,-43.8611328125,5.38));
#9177 = CARTESIAN_POINT('',(2.3453125,-43.76149484049,5.38));
#9178 = CARTESIAN_POINT('',(2.347809035698,-43.66227076037,5.38));
#9179 = CARTESIAN_POINT('',(2.353018436918,-43.56357279185,5.38));
#9180 = CARTESIAN_POINT('',(2.36118556119,-43.46556165415,5.38));
#9181 = CARTESIAN_POINT('',(2.383058472523,-43.27920033008,5.38));
#9182 = CARTESIAN_POINT('',(2.396261280701,-43.1907140021,5.38));
#9183 = CARTESIAN_POINT('',(2.412402430129,-43.1031498768,5.38));
#9184 = CARTESIAN_POINT('',(2.43170903983,-43.01672603202,5.38));
#9185 = CARTESIAN_POINT('',(2.479426165077,-42.83791915473,5.38));
#9186 = CARTESIAN_POINT('',(2.508569995778,-42.74584225639,5.38));
#9187 = CARTESIAN_POINT('',(2.542115822914,-42.65583500715,5.38));
#9188 = CARTESIAN_POINT('',(2.580330082604,-42.56834846141,5.38));
#9189 = CARTESIAN_POINT('',(2.663989926375,-42.40404704474,5.38));
#9190 = CARTESIAN_POINT('',(2.708922207492,-42.32690493497,5.38));
#9191 = CARTESIAN_POINT('',(2.75824901513,-42.25286213127,5.38));
#9192 = CARTESIAN_POINT('',(2.811975168983,-42.18233073385,5.38));
#9193 = CARTESIAN_POINT('',(2.869921875,-42.11564941406,5.38));
#9194 = ORIENTED_EDGE('',*,*,#9195,.F.);
#9195 = EDGE_CURVE('',#9196,#9173,#9198,.T.);
#9196 = VERTEX_POINT('',#9197);
#9197 = CARTESIAN_POINT('',(2.869921875,-45.60275878906,5.38));
#9198 = B_SPLINE_CURVE_WITH_KNOTS('',5,(#9199,#9200,#9201,#9202,#9203,
    #9204,#9205,#9206,#9207,#9208,#9209,#9210,#9211,#9212,#9213,#9214,
    #9215,#9216),.UNSPECIFIED.,.F.,.F.,(6,4,4,4,6),(0.,0.248329897332,
    0.51011570243,0.745384936479,1.),.UNSPECIFIED.);
#9199 = CARTESIAN_POINT('',(2.869921875,-45.60275878906,5.38));
#9200 = CARTESIAN_POINT('',(2.811562938155,-45.5356031007,5.38));
#9201 = CARTESIAN_POINT('',(2.757474125646,-45.46455989783,5.38));
#9202 = CARTESIAN_POINT('',(2.707839863779,-45.38997025047,5.38));
#9203 = CARTESIAN_POINT('',(2.66265747737,-45.31225065939,5.38));
#9204 = CARTESIAN_POINT('',(2.578772822623,-45.14704964628,5.38));
#9205 = CARTESIAN_POINT('',(2.540551789358,-45.05926195404,5.38));
#9206 = CARTESIAN_POINT('',(2.507025162033,-44.96895038982,5.38));
#9207 = CARTESIAN_POINT('',(2.4779261366,-44.87656706899,5.38));
#9208 = CARTESIAN_POINT('',(2.430536125556,-44.69790877347,5.38));
#9209 = CARTESIAN_POINT('',(2.4114490864,-44.61196406069,5.38));
#9210 = CARTESIAN_POINT('',(2.395494225714,-44.52489659165,5.38));
#9211 = CARTESIAN_POINT('',(2.382449107269,-44.43692003235,5.38));
#9212 = CARTESIAN_POINT('',(2.360915410809,-44.25217204227,5.38));
#9213 = CARTESIAN_POINT('',(2.352890387874,-44.15527582932,5.38));
#9214 = CARTESIAN_POINT('',(2.347768427313,-44.05770765245,5.38));
#9215 = CARTESIAN_POINT('',(2.3453125,-43.95962346249,5.38));
#9216 = CARTESIAN_POINT('',(2.3453125,-43.8611328125,5.38));
#9217 = ORIENTED_EDGE('',*,*,#9218,.F.);
#9218 = EDGE_CURVE('',#9219,#9196,#9221,.T.);
#9219 = VERTEX_POINT('',#9220);
#9220 = CARTESIAN_POINT('',(4.38203125,-46.2064453125,5.38));
#9221 = B_SPLINE_CURVE_WITH_KNOTS('',5,(#9222,#9223,#9224,#9225,#9226,
    #9227,#9228,#9229,#9230,#9231,#9232,#9233,#9234,#9235,#9236,#9237,
    #9238,#9239),.UNSPECIFIED.,.F.,.F.,(6,4,4,4,6),(0.,0.316977093831,
    0.563452269639,0.799596941666,1.),.UNSPECIFIED.);
#9222 = CARTESIAN_POINT('',(4.38203125,-46.2064453125,5.38));
#9223 = CARTESIAN_POINT('',(4.271307568492,-46.2064453125,5.38));
#9224 = CARTESIAN_POINT('',(4.161329639188,-46.20170136249,5.38));
#9225 = CARTESIAN_POINT('',(4.052402921109,-46.19172080506,5.38));
#9226 = CARTESIAN_POINT('',(3.944993373923,-46.17594768648,5.38));
#9227 = CARTESIAN_POINT('',(3.75780692775,-46.13677302531,5.38));
#9228 = CARTESIAN_POINT('',(3.677199086003,-46.11584898167,5.38));
#9229 = CARTESIAN_POINT('',(3.598152392266,-46.0909201616,5.38));
#9230 = CARTESIAN_POINT('',(3.521000809851,-46.06180652532,5.38));
#9231 = CARTESIAN_POINT('',(3.374317137813,-45.99648947906,5.38));
#9232 = CARTESIAN_POINT('',(3.304595848262,-45.96063213389,5.38));
#9233 = CARTESIAN_POINT('',(3.237237300085,-45.9208282889,5.38));
#9234 = CARTESIAN_POINT('',(3.172521257745,-45.8771214073,5.38));
#9235 = CARTESIAN_POINT('',(3.058182605853,-45.7894274915,5.38));
#9236 = CARTESIAN_POINT('',(3.007753939964,-45.74648094097,5.38));
#9237 = CARTESIAN_POINT('',(2.959520978752,-45.70094843952,5.38));
#9238 = CARTESIAN_POINT('',(2.913564505025,-45.65297990376,5.38));
#9239 = CARTESIAN_POINT('',(2.869921875,-45.60275878906,5.38));
#9240 = ORIENTED_EDGE('',*,*,#9241,.F.);
#9241 = EDGE_CURVE('',#9242,#9219,#9244,.T.);
#9242 = VERTEX_POINT('',#9243);
#9243 = CARTESIAN_POINT('',(5.329028320312,-46.02514648437,5.38));
#9244 = B_SPLINE_CURVE_WITH_KNOTS('',5,(#9245,#9246,#9247,#9248,#9249,
    #9250,#9251,#9252,#9253,#9254),.UNSPECIFIED.,.F.,.F.,(6,4,6),(0.,
    0.218821373569,1.),.UNSPECIFIED.);
#9245 = CARTESIAN_POINT('',(5.329028320312,-46.02514648437,5.38));
#9246 = CARTESIAN_POINT('',(5.289869094919,-46.04108140726,5.38));
#9247 = CARTESIAN_POINT('',(5.250404268083,-46.05615544186,5.38));
#9248 = CARTESIAN_POINT('',(5.210644525312,-46.07036064587,5.38));
#9249 = CARTESIAN_POINT('',(5.170601345704,-46.08369113949,5.38));
#9250 = CARTESIAN_POINT('',(4.986367314569,-46.14059584571,5.38));
#9251 = CARTESIAN_POINT('',(4.838981674788,-46.17385544608,5.38));
#9252 = CARTESIAN_POINT('',(4.688716078797,-46.19573664909,5.38));
#9253 = CARTESIAN_POINT('',(4.536191033373,-46.2064453125,5.38));
#9254 = CARTESIAN_POINT('',(4.38203125,-46.2064453125,5.38));
#9255 = ORIENTED_EDGE('',*,*,#9256,.F.);
#9256 = EDGE_CURVE('',#9257,#9242,#9259,.T.);
#9257 = VERTEX_POINT('',#9258);
#9258 = CARTESIAN_POINT('',(6.168017578125,-45.47739257812,5.38));
#9259 = B_SPLINE_CURVE_WITH_KNOTS('',5,(#9260,#9261,#9262,#9263,#9264,
    #9265,#9266,#9267,#9268,#9269),.UNSPECIFIED.,.F.,.F.,(6,4,6),(0.,
    0.507150215152,1.),.UNSPECIFIED.);
#9260 = CARTESIAN_POINT('',(6.168017578125,-45.47739257812,5.38));
#9261 = CARTESIAN_POINT('',(6.090848642551,-45.54926560635,5.38));
#9262 = CARTESIAN_POINT('',(6.011596165893,-45.61746155123,5.38));
#9263 = CARTESIAN_POINT('',(5.930265702197,-45.68173337262,5.38));
#9264 = CARTESIAN_POINT('',(5.846889842587,-45.74183707915,5.38));
#9265 = CARTESIAN_POINT('',(5.678600266856,-45.85170889411,5.38));
#9266 = CARTESIAN_POINT('',(5.593794862732,-45.90172156012,5.38));
#9267 = CARTESIAN_POINT('',(5.507194295632,-45.94739897395,5.38));
#9268 = CARTESIAN_POINT('',(5.418894909511,-45.98857739613,5.38));
#9269 = CARTESIAN_POINT('',(5.329028320312,-46.02514648437,5.38));
#9270 = ORIENTED_EDGE('',*,*,#9271,.F.);
#9271 = EDGE_CURVE('',#9272,#9257,#9274,.T.);
#9272 = VERTEX_POINT('',#9273);
#9273 = CARTESIAN_POINT('',(6.168017578125,-46.29130859375,5.38));
#9274 = LINE('',#9275,#9276);
#9275 = CARTESIAN_POINT('',(6.168017578125,-44.73869628906,5.38));
#9276 = VECTOR('',#9277,1.);
#9277 = DIRECTION('',(0.,1.,0.));
#9278 = ORIENTED_EDGE('',*,*,#9279,.F.);
#9279 = EDGE_CURVE('',#9280,#9272,#9282,.T.);
#9280 = VERTEX_POINT('',#9281);
#9281 = CARTESIAN_POINT('',(5.302026367187,-46.70791015625,5.38));
#9282 = B_SPLINE_CURVE_WITH_KNOTS('',5,(#9283,#9284,#9285,#9286,#9287,
    #9288,#9289,#9290,#9291,#9292),.UNSPECIFIED.,.F.,.F.,(6,4,6),(0.,
    0.128375373887,1.),.UNSPECIFIED.);
#9283 = CARTESIAN_POINT('',(5.302026367187,-46.70791015625,5.38));
#9284 = CARTESIAN_POINT('',(5.325607145096,-46.70074637562,5.38));
#9285 = CARTESIAN_POINT('',(5.349112106172,-46.69335028856,5.38));
#9286 = CARTESIAN_POINT('',(5.372539716644,-46.68572217103,5.38));
#9287 = CARTESIAN_POINT('',(5.395888479443,-46.67786241591,5.38));
#9288 = CARTESIAN_POINT('',(5.577141737418,-46.61483722145,5.38));
#9289 = CARTESIAN_POINT('',(5.731430869134,-46.54924583642,5.38));
#9290 = CARTESIAN_POINT('',(5.881547108538,-46.47316179986,5.38));
#9291 = CARTESIAN_POINT('',(6.027152314302,-46.38699065974,5.38));
#9292 = CARTESIAN_POINT('',(6.168017578125,-46.29130859375,5.38));
#9293 = ORIENTED_EDGE('',*,*,#9294,.F.);
#9294 = EDGE_CURVE('',#9295,#9280,#9297,.T.);
#9295 = VERTEX_POINT('',#9296);
#9296 = CARTESIAN_POINT('',(4.3357421875,-46.84677734375,5.38));
#9297 = B_SPLINE_CURVE_WITH_KNOTS('',5,(#9298,#9299,#9300,#9301,#9302,
    #9303),.UNSPECIFIED.,.F.,.F.,(6,6),(0.,1.),
  .PIECEWISE_BEZIER_KNOTS.);
#9298 = CARTESIAN_POINT('',(4.3357421875,-46.84677734375,5.38));
#9299 = CARTESIAN_POINT('',(4.535528833306,-46.84677734375,5.38));
#9300 = CARTESIAN_POINT('',(4.732870384141,-46.83341527764,5.38));
#9301 = CARTESIAN_POINT('',(4.926954955462,-46.80600541971,5.38));
#9302 = CARTESIAN_POINT('',(5.116942748399,-46.76413809107,5.38));
#9303 = CARTESIAN_POINT('',(5.302026367187,-46.70791015625,5.38));
#9304 = ORIENTED_EDGE('',*,*,#9305,.F.);
#9305 = EDGE_CURVE('',#9306,#9295,#9308,.T.);
#9306 = VERTEX_POINT('',#9307);
#9307 = CARTESIAN_POINT('',(2.27587890625,-46.04636230468,5.38));
#9308 = B_SPLINE_CURVE_WITH_KNOTS('',5,(#9309,#9310,#9311,#9312,#9313,
    #9314,#9315,#9316,#9317,#9318,#9319,#9320,#9321,#9322,#9323,#9324,
    #9325,#9326),.UNSPECIFIED.,.F.,.F.,(6,4,4,4,6),(0.,0.225338369059,
    0.45651149869,0.696462853256,1.),.UNSPECIFIED.);
#9309 = CARTESIAN_POINT('',(2.27587890625,-46.04636230468,5.38));
#9310 = CARTESIAN_POINT('',(2.345731356172,-46.12069247575,5.38));
#9311 = CARTESIAN_POINT('',(2.419201790337,-46.19137259288,5.38));
#9312 = CARTESIAN_POINT('',(2.496212203551,-46.25805150358,5.38));
#9313 = CARTESIAN_POINT('',(2.576599439087,-46.32044207938,5.38));
#9314 = CARTESIAN_POINT('',(2.745737107349,-46.43776636978,5.38));
#9315 = CARTESIAN_POINT('',(2.834658858924,-46.49247118128,5.38));
#9316 = CARTESIAN_POINT('',(2.9265553879,-46.54226134715,5.38));
#9317 = CARTESIAN_POINT('',(3.021073049063,-46.58708510313,5.38));
#9318 = CARTESIAN_POINT('',(3.218254107413,-46.66843583194,5.38));
#9319 = CARTESIAN_POINT('',(3.321097875579,-46.70458596375,5.38));
#9320 = CARTESIAN_POINT('',(3.42593912795,-46.73552439121,5.38));
#9321 = CARTESIAN_POINT('',(3.532382226164,-46.76146612574,5.38));
#9322 = CARTESIAN_POINT('',(3.776340103817,-46.8094993614,5.38));
#9323 = CARTESIAN_POINT('',(3.914611944752,-46.82874817645,5.38));
#9324 = CARTESIAN_POINT('',(4.054247733775,-46.84096011622,5.38));
#9325 = CARTESIAN_POINT('',(4.194735759374,-46.84677734375,5.38));
#9326 = CARTESIAN_POINT('',(4.3357421875,-46.84677734375,5.38));
#9327 = ORIENTED_EDGE('',*,*,#9328,.F.);
#9328 = EDGE_CURVE('',#9329,#9306,#9331,.T.);
#9329 = VERTEX_POINT('',#9330);
#9330 = CARTESIAN_POINT('',(1.523681640625,-43.8611328125,5.38));
#9331 = B_SPLINE_CURVE_WITH_KNOTS('',6,(#9332,#9333,#9334,#9335,#9336,
    #9337,#9338,#9339,#9340,#9341,#9342,#9343,#9344,#9345,#9346,#9347,
    #9348,#9349,#9350,#9351,#9352,#9353),.UNSPECIFIED.,.F.,.F.,(7,5,5,5,
    7),(0.,0.371928960717,0.641700974999,0.898905370181,1.),
  .UNSPECIFIED.);
#9332 = CARTESIAN_POINT('',(1.523681640625,-43.8611328125,5.38));
#9333 = CARTESIAN_POINT('',(1.523681640625,-44.01110295694,5.38));
#9334 = CARTESIAN_POINT('',(1.528974681372,-44.16059128114,5.38));
#9335 = CARTESIAN_POINT('',(1.540041618696,-44.30935328618,5.38));
#9336 = CARTESIAN_POINT('',(1.557411509296,-44.45702592432,5.38));
#9337 = CARTESIAN_POINT('',(1.581636493738,-44.60313217835,5.38));
#9338 = CARTESIAN_POINT('',(1.636114590538,-44.8515186938,5.38));
#9339 = CARTESIAN_POINT('',(1.662883664262,-44.95480984944,5.38));
#9340 = CARTESIAN_POINT('',(1.693703977617,-45.05673946718,5.38));
#9341 = CARTESIAN_POINT('',(1.728742549218,-45.15704337694,5.38));
#9342 = CARTESIAN_POINT('',(1.768122053985,-45.25543459596,5.38));
#9343 = CARTESIAN_POINT('',(1.853627363282,-45.44331286438,5.38));
#9344 = CARTESIAN_POINT('',(1.899356214038,-45.53300782268,5.38));
#9345 = CARTESIAN_POINT('',(1.949121745026,-45.62043012909,5.38));
#9346 = CARTESIAN_POINT('',(2.002911868545,-45.70532673535,5.38));
#9347 = CARTESIAN_POINT('',(2.060649063569,-45.78746814425,5.38));
#9348 = CARTESIAN_POINT('',(2.14636195088,-45.89778123141,5.38));
#9349 = CARTESIAN_POINT('',(2.17113234404,-45.92845072407,5.38));
#9350 = CARTESIAN_POINT('',(2.196480119733,-45.9586531885,5.38));
#9351 = CARTESIAN_POINT('',(2.222395027066,-45.98837838054,5.38));
#9352 = CARTESIAN_POINT('',(2.248865549779,-46.0176173228,5.38));
#9353 = CARTESIAN_POINT('',(2.27587890625,-46.04636230468,5.38));
#9354 = ORIENTED_EDGE('',*,*,#9355,.F.);
#9355 = EDGE_CURVE('',#9356,#9329,#9358,.T.);
#9356 = VERTEX_POINT('',#9357);
#9357 = CARTESIAN_POINT('',(2.27587890625,-41.67204589843,5.38));
#9358 = B_SPLINE_CURVE_WITH_KNOTS('',6,(#9359,#9360,#9361,#9362,#9363,
    #9364,#9365,#9366,#9367,#9368,#9369,#9370,#9371,#9372,#9373,#9374,
    #9375,#9376,#9377,#9378,#9379,#9380),.UNSPECIFIED.,.F.,.F.,(7,5,5,5,
    7),(0.,9.723627902197E-02,0.355122630459,0.624717398002,1.),
  .UNSPECIFIED.);
#9359 = CARTESIAN_POINT('',(2.27587890625,-41.67204589843,5.38));
#9360 = CARTESIAN_POINT('',(2.24986179563,-41.69973077255,5.38));
#9361 = CARTESIAN_POINT('',(2.224349368096,-41.72787539174,5.38));
#9362 = CARTESIAN_POINT('',(2.199353004258,-41.7564727531,5.38));
#9363 = CARTESIAN_POINT('',(2.174882987367,-41.78551475714,5.38));
#9364 = CARTESIAN_POINT('',(2.150948503311,-41.81499220782,5.38));
#9365 = CARTESIAN_POINT('',(2.065521286541,-41.92420136039,5.38));
#9366 = CARTESIAN_POINT('',(2.007304819357,-42.00650330768,5.38));
#9367 = CARTESIAN_POINT('',(1.953066944351,-42.09159976681,5.38));
#9368 = CARTESIAN_POINT('',(1.902886754866,-42.17925759853,5.38));
#9369 = CARTESIAN_POINT('',(1.85677656254,-42.26921951082,5.38));
#9370 = CARTESIAN_POINT('',(1.770702315914,-42.45738140481,5.38));
#9371 = CARTESIAN_POINT('',(1.731109218317,-42.55577736904,5.38));
#9372 = CARTESIAN_POINT('',(1.695863102149,-42.65609908414,5.38));
#9373 = CARTESIAN_POINT('',(1.664840431991,-42.75805779607,5.38));
#9374 = CARTESIAN_POINT('',(1.637873213663,-42.86138782769,5.38));
#9375 = CARTESIAN_POINT('',(1.582623479764,-43.11128173906,5.38));
#9376 = CARTESIAN_POINT('',(1.557971265403,-43.25890577177,5.38));
#9377 = CARTESIAN_POINT('',(1.540306494626,-43.40813496585,5.38));
#9378 = CARTESIAN_POINT('',(1.529058434763,-43.5584773111,5.38));
#9379 = CARTESIAN_POINT('',(1.523681640625,-43.70955973767,5.38));
#9380 = CARTESIAN_POINT('',(1.523681640625,-43.8611328125,5.38));
#9381 = ORIENTED_EDGE('',*,*,#9382,.F.);
#9382 = EDGE_CURVE('',#9383,#9356,#9385,.T.);
#9383 = VERTEX_POINT('',#9384);
#9384 = CARTESIAN_POINT('',(4.3357421875,-40.87163085937,5.38));
#9385 = B_SPLINE_CURVE_WITH_KNOTS('',5,(#9386,#9387,#9388,#9389,#9390,
    #9391,#9392,#9393,#9394,#9395,#9396,#9397,#9398,#9399,#9400,#9401,
    #9402,#9403),.UNSPECIFIED.,.F.,.F.,(6,4,4,4,6),(0.,0.303537146744,
    0.54348850131,0.774661630941,1.),.UNSPECIFIED.);
#9386 = CARTESIAN_POINT('',(4.3357421875,-40.87163085937,5.38));
#9387 = CARTESIAN_POINT('',(4.194735759374,-40.87163085937,5.38));
#9388 = CARTESIAN_POINT('',(4.054247733775,-40.8774480869,5.38));
#9389 = CARTESIAN_POINT('',(3.914611944752,-40.88966002667,5.38));
#9390 = CARTESIAN_POINT('',(3.776340103817,-40.90890884171,5.38));
#9391 = CARTESIAN_POINT('',(3.532382226164,-40.95694207738,5.38));
#9392 = CARTESIAN_POINT('',(3.42593912795,-40.98288381191,5.38));
#9393 = CARTESIAN_POINT('',(3.321097875579,-41.01382223936,5.38));
#9394 = CARTESIAN_POINT('',(3.218254107413,-41.04997237118,5.38));
#9395 = CARTESIAN_POINT('',(3.021073049063,-41.13132309999,5.38));
#9396 = CARTESIAN_POINT('',(2.9265553879,-41.17614685597,5.38));
#9397 = CARTESIAN_POINT('',(2.834658858924,-41.22593702183,5.38));
#9398 = CARTESIAN_POINT('',(2.745737107349,-41.28064183333,5.38));
#9399 = CARTESIAN_POINT('',(2.576599439087,-41.39796612374,5.38));
#9400 = CARTESIAN_POINT('',(2.496212203551,-41.46035669954,5.38));
#9401 = CARTESIAN_POINT('',(2.419201790337,-41.52703561023,5.38));
#9402 = CARTESIAN_POINT('',(2.345731356172,-41.59771572736,5.38));
#9403 = CARTESIAN_POINT('',(2.27587890625,-41.67204589843,5.38));
#9404 = ORIENTED_EDGE('',*,*,#9405,.F.);
#9405 = EDGE_CURVE('',#9406,#9383,#9408,.T.);
#9406 = VERTEX_POINT('',#9407);
#9407 = CARTESIAN_POINT('',(5.309741210938,-41.00856933593,5.38));
#9408 = B_SPLINE_CURVE_WITH_KNOTS('',5,(#9409,#9410,#9411,#9412,#9413,
    #9414),.UNSPECIFIED.,.F.,.F.,(6,6),(0.,1.),
  .PIECEWISE_BEZIER_KNOTS.);
#9409 = CARTESIAN_POINT('',(5.309741210938,-41.00856933593,5.38));
#9410 = CARTESIAN_POINT('',(5.123872813803,-40.95288724228,5.38));
#9411 = CARTESIAN_POINT('',(4.932664965742,-40.91160772186,5.38));
#9412 = CARTESIAN_POINT('',(4.736989429894,-40.88470146327,5.38));
#9413 = CARTESIAN_POINT('',(4.537738327259,-40.87163085937,5.38));
#9414 = CARTESIAN_POINT('',(4.3357421875,-40.87163085937,5.38));
#9415 = ORIENTED_EDGE('',*,*,#9416,.F.);
#9416 = EDGE_CURVE('',#9112,#9406,#9417,.T.);
#9417 = B_SPLINE_CURVE_WITH_KNOTS('',5,(#9418,#9419,#9420,#9421,#9422,
    #9423,#9424,#9425,#9426,#9427),.UNSPECIFIED.,.F.,.F.,(6,4,6),(0.,
    0.690611261164,1.),.UNSPECIFIED.);
#9418 = CARTESIAN_POINT('',(6.168017578125,-41.41938476562,5.38));
#9419 = CARTESIAN_POINT('',(6.05808671841,-41.34433581331,5.38));
#9420 = CARTESIAN_POINT('',(5.944945115147,-41.27531357724,5.38));
#9421 = CARTESIAN_POINT('',(5.828719553356,-41.21257988113,5.38));
#9422 = CARTESIAN_POINT('',(5.709584539135,-41.15632129617,5.38));
#9423 = CARTESIAN_POINT('',(5.533199249171,-41.0843700843,5.38));
#9424 = CARTESIAN_POINT('',(5.478089550612,-41.063427241,5.38));
#9425 = CARTESIAN_POINT('',(5.422462057141,-41.04381065867,5.38));
#9426 = CARTESIAN_POINT('',(5.3663383301,-41.02552459104,5.38));
#9427 = CARTESIAN_POINT('',(5.309741210938,-41.00856933593,5.38));
#9428 = PLANE('',#9429);
#9429 = AXIS2_PLACEMENT_3D('',#9430,#9431,#9432);
#9430 = CARTESIAN_POINT('',(-6.043934287467E-16,-44.,5.38));
#9431 = DIRECTION('',(0.,0.,1.));
#9432 = DIRECTION('',(1.,0.,-0.));
#9433 = ADVANCED_FACE('',(#9434),#9474,.F.);
#9434 = FACE_BOUND('',#9435,.F.);
#9435 = EDGE_LOOP('',(#9436,#9447,#9456,#9464,#9465,#9466));
#9436 = ORIENTED_EDGE('',*,*,#9437,.T.);
#9437 = EDGE_CURVE('',#9438,#9440,#9442,.T.);
#9438 = VERTEX_POINT('',#9439);
#9439 = CARTESIAN_POINT('',(7.39246718867,-49.22052955785,5.86));
#9440 = VERTEX_POINT('',#9441);
#9441 = CARTESIAN_POINT('',(14.03641807053,-46.98353276323,5.86));
#9442 = ELLIPSE('',#9443,14.35,4.38);
#9443 = AXIS2_PLACEMENT_3D('',#9444,#9445,#9446);
#9444 = CARTESIAN_POINT('',(0.,-44.,5.86));
#9445 = DIRECTION('',(-0.,0.,1.));
#9446 = DIRECTION('',(0.978147600734,-0.207911690818,0.));
#9447 = ORIENTED_EDGE('',*,*,#9448,.T.);
#9448 = EDGE_CURVE('',#9440,#9449,#9451,.T.);
#9449 = VERTEX_POINT('',#9450);
#9450 = CARTESIAN_POINT('',(8.876735488421,-42.23759622429,5.86));
#9451 = ELLIPSE('',#9452,14.35,4.38);
#9452 = AXIS2_PLACEMENT_3D('',#9453,#9454,#9455);
#9453 = CARTESIAN_POINT('',(0.,-44.,5.86));
#9454 = DIRECTION('',(-0.,0.,1.));
#9455 = DIRECTION('',(0.978147600734,-0.207911690818,0.));
#9456 = ORIENTED_EDGE('',*,*,#9457,.T.);
#9457 = EDGE_CURVE('',#9449,#8909,#9458,.T.);
#9458 = B_SPLINE_CURVE_WITH_KNOTS('',4,(#9459,#9460,#9461,#9462,#9463),
  .UNSPECIFIED.,.F.,.F.,(5,5),(0.,1.),.PIECEWISE_BEZIER_KNOTS.);
#9459 = CARTESIAN_POINT('',(8.876735488421,-42.23759622429,5.8600006));
#9460 = CARTESIAN_POINT('',(8.876735488421,-42.23759622429,5.7400003));
#9461 = CARTESIAN_POINT('',(8.876735488421,-42.23759622429,5.62));
#9462 = CARTESIAN_POINT('',(8.876735488421,-42.23759622429,5.4999997));
#9463 = CARTESIAN_POINT('',(8.876735488421,-42.23759622429,5.3799994));
#9464 = ORIENTED_EDGE('',*,*,#8908,.F.);
#9465 = ORIENTED_EDGE('',*,*,#8897,.F.);
#9466 = ORIENTED_EDGE('',*,*,#9467,.F.);
#9467 = EDGE_CURVE('',#9438,#8898,#9468,.T.);
#9468 = B_SPLINE_CURVE_WITH_KNOTS('',4,(#9469,#9470,#9471,#9472,#9473),
  .UNSPECIFIED.,.F.,.F.,(5,5),(0.,1.),.PIECEWISE_BEZIER_KNOTS.);
#9469 = CARTESIAN_POINT('',(7.392467188669,-49.22052955785,5.8600006));
#9470 = CARTESIAN_POINT('',(7.392467188669,-49.22052955785,5.7400003));
#9471 = CARTESIAN_POINT('',(7.392467188669,-49.22052955785,5.62));
#9472 = CARTESIAN_POINT('',(7.392467188669,-49.22052955785,5.4999997));
#9473 = CARTESIAN_POINT('',(7.392467188669,-49.22052955785,5.3799994));
#9474 = SURFACE_OF_LINEAR_EXTRUSION('',#9475,#9480);
#9475 = ELLIPSE('',#9476,14.35,4.38);
#9476 = AXIS2_PLACEMENT_3D('',#9477,#9478,#9479);
#9477 = CARTESIAN_POINT('',(0.,-44.,5.38));
#9478 = DIRECTION('',(-0.,0.,1.));
#9479 = DIRECTION('',(0.978147600734,-0.207911690818,0.));
#9480 = VECTOR('',#9481,1.);
#9481 = DIRECTION('',(-0.,0.,-1.));
#9482 = ADVANCED_FACE('',(#9483),#9504,.T.);
#9483 = FACE_BOUND('',#9484,.F.);
#9484 = EDGE_LOOP('',(#9485,#9486,#9487,#9497));
#9485 = ORIENTED_EDGE('',*,*,#9467,.T.);
#9486 = ORIENTED_EDGE('',*,*,#8935,.F.);
#9487 = ORIENTED_EDGE('',*,*,#9488,.F.);
#9488 = EDGE_CURVE('',#9489,#8927,#9491,.T.);
#9489 = VERTEX_POINT('',#9490);
#9490 = CARTESIAN_POINT('',(-8.876735488421,-45.7624037757,5.86));
#9491 = B_SPLINE_CURVE_WITH_KNOTS('',4,(#9492,#9493,#9494,#9495,#9496),
  .UNSPECIFIED.,.F.,.F.,(5,5),(0.,1.),.PIECEWISE_BEZIER_KNOTS.);
#9492 = CARTESIAN_POINT('',(-8.876735488421,-45.7624037757,5.8600006));
#9493 = CARTESIAN_POINT('',(-8.876735488421,-45.7624037757,5.7400003));
#9494 = CARTESIAN_POINT('',(-8.876735488421,-45.7624037757,5.62));
#9495 = CARTESIAN_POINT('',(-8.876735488421,-45.7624037757,5.4999997));
#9496 = CARTESIAN_POINT('',(-8.876735488421,-45.7624037757,5.3799994));
#9497 = ORIENTED_EDGE('',*,*,#9498,.T.);
#9498 = EDGE_CURVE('',#9489,#9438,#9499,.T.);
#9499 = CIRCLE('',#9500,9.05);
#9500 = AXIS2_PLACEMENT_3D('',#9501,#9502,#9503);
#9501 = CARTESIAN_POINT('',(0.,-44.,5.86));
#9502 = DIRECTION('',(0.,0.,1.));
#9503 = DIRECTION('',(1.,0.,0.));
#9504 = CYLINDRICAL_SURFACE('',#9505,9.05);
#9505 = AXIS2_PLACEMENT_3D('',#9506,#9507,#9508);
#9506 = CARTESIAN_POINT('',(0.,-44.,5.38));
#9507 = DIRECTION('',(-0.,-0.,-1.));
#9508 = DIRECTION('',(1.,0.,0.));
#9509 = ADVANCED_FACE('',(#9510),#9531,.F.);
#9510 = FACE_BOUND('',#9511,.F.);
#9511 = EDGE_LOOP('',(#9512,#9513,#9523,#9530));
#9512 = ORIENTED_EDGE('',*,*,#8926,.F.);
#9513 = ORIENTED_EDGE('',*,*,#9514,.F.);
#9514 = EDGE_CURVE('',#9515,#8918,#9517,.T.);
#9515 = VERTEX_POINT('',#9516);
#9516 = CARTESIAN_POINT('',(-7.392467188669,-38.77947044214,5.86));
#9517 = B_SPLINE_CURVE_WITH_KNOTS('',4,(#9518,#9519,#9520,#9521,#9522),
  .UNSPECIFIED.,.F.,.F.,(5,5),(0.,1.),.PIECEWISE_BEZIER_KNOTS.);
#9518 = CARTESIAN_POINT('',(-7.392467188669,-38.77947044214,5.8600006));
#9519 = CARTESIAN_POINT('',(-7.392467188669,-38.77947044214,5.7400003));
#9520 = CARTESIAN_POINT('',(-7.392467188669,-38.77947044214,5.62));
#9521 = CARTESIAN_POINT('',(-7.392467188669,-38.77947044214,5.4999997));
#9522 = CARTESIAN_POINT('',(-7.392467188669,-38.77947044214,5.3799994));
#9523 = ORIENTED_EDGE('',*,*,#9524,.T.);
#9524 = EDGE_CURVE('',#9515,#9489,#9525,.T.);
#9525 = ELLIPSE('',#9526,14.35,4.38);
#9526 = AXIS2_PLACEMENT_3D('',#9527,#9528,#9529);
#9527 = CARTESIAN_POINT('',(0.,-44.,5.86));
#9528 = DIRECTION('',(-0.,0.,1.));
#9529 = DIRECTION('',(0.978147600734,-0.207911690818,0.));
#9530 = ORIENTED_EDGE('',*,*,#9488,.T.);
#9531 = SURFACE_OF_LINEAR_EXTRUSION('',#9532,#9537);
#9532 = ELLIPSE('',#9533,14.35,4.38);
#9533 = AXIS2_PLACEMENT_3D('',#9534,#9535,#9536);
#9534 = CARTESIAN_POINT('',(0.,-44.,5.38));
#9535 = DIRECTION('',(-0.,0.,1.));
#9536 = DIRECTION('',(0.978147600734,-0.207911690818,0.));
#9537 = VECTOR('',#9538,1.);
#9538 = DIRECTION('',(-0.,0.,-1.));
#9539 = ADVANCED_FACE('',(#9540),#9552,.T.);
#9540 = FACE_BOUND('',#9541,.F.);
#9541 = EDGE_LOOP('',(#9542,#9543,#9544,#9551));
#9542 = ORIENTED_EDGE('',*,*,#8917,.F.);
#9543 = ORIENTED_EDGE('',*,*,#9457,.F.);
#9544 = ORIENTED_EDGE('',*,*,#9545,.T.);
#9545 = EDGE_CURVE('',#9449,#9515,#9546,.T.);
#9546 = CIRCLE('',#9547,9.05);
#9547 = AXIS2_PLACEMENT_3D('',#9548,#9549,#9550);
#9548 = CARTESIAN_POINT('',(0.,-44.,5.86));
#9549 = DIRECTION('',(0.,0.,1.));
#9550 = DIRECTION('',(1.,0.,0.));
#9551 = ORIENTED_EDGE('',*,*,#9514,.T.);
#9552 = CYLINDRICAL_SURFACE('',#9553,9.05);
#9553 = AXIS2_PLACEMENT_3D('',#9554,#9555,#9556);
#9554 = CARTESIAN_POINT('',(0.,-44.,5.38));
#9555 = DIRECTION('',(-0.,-0.,-1.));
#9556 = DIRECTION('',(1.,0.,0.));
#9557 = ADVANCED_FACE('',(#9558),#9598,.T.);
#9558 = FACE_BOUND('',#9559,.T.);
#9559 = EDGE_LOOP('',(#9560,#9571,#9580,#9588,#9589,#9590));
#9560 = ORIENTED_EDGE('',*,*,#9561,.T.);
#9561 = EDGE_CURVE('',#9562,#9564,#9566,.T.);
#9562 = VERTEX_POINT('',#9563);
#9563 = CARTESIAN_POINT('',(8.426841999053,-47.30012634955,5.86));
#9564 = VERTEX_POINT('',#9565);
#9565 = CARTESIAN_POINT('',(10.96459743061,-46.33059712994,5.86));
#9566 = ELLIPSE('',#9567,11.3,2.45);
#9567 = AXIS2_PLACEMENT_3D('',#9568,#9569,#9570);
#9568 = CARTESIAN_POINT('',(-8.847045768187E-02,-43.9811950237,5.86));
#9569 = DIRECTION('',(-0.,0.,1.));
#9570 = DIRECTION('',(0.978147600734,-0.207911690818,0.));
#9571 = ORIENTED_EDGE('',*,*,#9572,.T.);
#9572 = EDGE_CURVE('',#9564,#9573,#9575,.T.);
#9573 = VERTEX_POINT('',#9574);
#9574 = CARTESIAN_POINT('',(9.040585543649,-44.41268999014,5.86));
#9575 = ELLIPSE('',#9576,11.3,2.45);
#9576 = AXIS2_PLACEMENT_3D('',#9577,#9578,#9579);
#9577 = CARTESIAN_POINT('',(-8.847045768187E-02,-43.9811950237,5.86));
#9578 = DIRECTION('',(-0.,0.,1.));
#9579 = DIRECTION('',(0.978147600734,-0.207911690818,0.));
#9580 = ORIENTED_EDGE('',*,*,#9581,.T.);
#9581 = EDGE_CURVE('',#9573,#8956,#9582,.T.);
#9582 = B_SPLINE_CURVE_WITH_KNOTS('',4,(#9583,#9584,#9585,#9586,#9587),
  .UNSPECIFIED.,.F.,.F.,(5,5),(0.,1.),.PIECEWISE_BEZIER_KNOTS.);
#9583 = CARTESIAN_POINT('',(9.040585543649,-44.41268999014,5.8600006));
#9584 = CARTESIAN_POINT('',(9.040585543649,-44.41268999014,5.7400003));
#9585 = CARTESIAN_POINT('',(9.040585543649,-44.41268999014,5.62));
#9586 = CARTESIAN_POINT('',(9.040585543649,-44.41268999014,5.4999997));
#9587 = CARTESIAN_POINT('',(9.040585543649,-44.41268999014,5.3799994));
#9588 = ORIENTED_EDGE('',*,*,#8964,.F.);
#9589 = ORIENTED_EDGE('',*,*,#8944,.F.);
#9590 = ORIENTED_EDGE('',*,*,#9591,.F.);
#9591 = EDGE_CURVE('',#9562,#8945,#9592,.T.);
#9592 = B_SPLINE_CURVE_WITH_KNOTS('',4,(#9593,#9594,#9595,#9596,#9597),
  .UNSPECIFIED.,.F.,.F.,(5,5),(0.,1.),.PIECEWISE_BEZIER_KNOTS.);
#9593 = CARTESIAN_POINT('',(8.426841999053,-47.30012634955,5.8600006));
#9594 = CARTESIAN_POINT('',(8.426841999053,-47.30012634955,5.7400003));
#9595 = CARTESIAN_POINT('',(8.426841999053,-47.30012634955,5.62));
#9596 = CARTESIAN_POINT('',(8.426841999053,-47.30012634955,5.4999997));
#9597 = CARTESIAN_POINT('',(8.426841999053,-47.30012634955,5.3799994));
#9598 = SURFACE_OF_LINEAR_EXTRUSION('',#9599,#9604);
#9599 = ELLIPSE('',#9600,11.3,2.45);
#9600 = AXIS2_PLACEMENT_3D('',#9601,#9602,#9603);
#9601 = CARTESIAN_POINT('',(-8.847045768187E-02,-43.9811950237,5.38));
#9602 = DIRECTION('',(-0.,0.,1.));
#9603 = DIRECTION('',(0.978147600734,-0.207911690818,0.));
#9604 = VECTOR('',#9605,1.);
#9605 = DIRECTION('',(-0.,0.,-1.));
#9606 = ADVANCED_FACE('',(#9607),#9619,.T.);
#9607 = FACE_BOUND('',#9608,.F.);
#9608 = EDGE_LOOP('',(#9609,#9610,#9611,#9612));
#9609 = ORIENTED_EDGE('',*,*,#9581,.T.);
#9610 = ORIENTED_EDGE('',*,*,#8955,.F.);
#9611 = ORIENTED_EDGE('',*,*,#9591,.F.);
#9612 = ORIENTED_EDGE('',*,*,#9613,.T.);
#9613 = EDGE_CURVE('',#9562,#9573,#9614,.T.);
#9614 = CIRCLE('',#9615,9.05);
#9615 = AXIS2_PLACEMENT_3D('',#9616,#9617,#9618);
#9616 = CARTESIAN_POINT('',(0.,-44.,5.86));
#9617 = DIRECTION('',(0.,0.,1.));
#9618 = DIRECTION('',(1.,0.,0.));
#9619 = CYLINDRICAL_SURFACE('',#9620,9.05);
#9620 = AXIS2_PLACEMENT_3D('',#9621,#9622,#9623);
#9621 = CARTESIAN_POINT('',(0.,-44.,5.38));
#9622 = DIRECTION('',(-0.,-0.,-1.));
#9623 = DIRECTION('',(1.,0.,0.));
#9624 = ADVANCED_FACE('',(#9625),#9650,.F.);
#9625 = FACE_BOUND('',#9626,.F.);
#9626 = EDGE_LOOP('',(#9627,#9628,#9636,#9644));
#9627 = ORIENTED_EDGE('',*,*,#8973,.T.);
#9628 = ORIENTED_EDGE('',*,*,#9629,.T.);
#9629 = EDGE_CURVE('',#8976,#9630,#9632,.T.);
#9630 = VERTEX_POINT('',#9631);
#9631 = CARTESIAN_POINT('',(-5.820849609375,-46.73491210937,5.86));
#9632 = LINE('',#9633,#9634);
#9633 = CARTESIAN_POINT('',(-5.820849609375,-46.73491210937,5.28));
#9634 = VECTOR('',#9635,1.);
#9635 = DIRECTION('',(0.,0.,1.));
#9636 = ORIENTED_EDGE('',*,*,#9637,.F.);
#9637 = EDGE_CURVE('',#9638,#9630,#9640,.T.);
#9638 = VERTEX_POINT('',#9639);
#9639 = CARTESIAN_POINT('',(-5.820849609375,-40.97578125,5.86));
#9640 = LINE('',#9641,#9642);
#9641 = CARTESIAN_POINT('',(-5.820849609375,-45.57494190986,5.86));
#9642 = VECTOR('',#9643,1.);
#9643 = DIRECTION('',(0.,-1.,0.));
#9644 = ORIENTED_EDGE('',*,*,#9645,.F.);
#9645 = EDGE_CURVE('',#8974,#9638,#9646,.T.);
#9646 = LINE('',#9647,#9648);
#9647 = CARTESIAN_POINT('',(-5.820849609375,-40.97578125,5.28));
#9648 = VECTOR('',#9649,1.);
#9649 = DIRECTION('',(0.,0.,1.));
#9650 = PLANE('',#9651);
#9651 = AXIS2_PLACEMENT_3D('',#9652,#9653,#9654);
#9652 = CARTESIAN_POINT('',(-5.820849609375,-46.73491210937,5.28));
#9653 = DIRECTION('',(-1.,0.,0.));
#9654 = DIRECTION('',(0.,1.,0.));
#9655 = ADVANCED_FACE('',(#9656),#9674,.F.);
#9656 = FACE_BOUND('',#9657,.F.);
#9657 = EDGE_LOOP('',(#9658,#9659,#9667,#9673));
#9658 = ORIENTED_EDGE('',*,*,#9015,.T.);
#9659 = ORIENTED_EDGE('',*,*,#9660,.T.);
#9660 = EDGE_CURVE('',#9008,#9661,#9663,.T.);
#9661 = VERTEX_POINT('',#9662);
#9662 = CARTESIAN_POINT('',(-2.2373046875,-46.73491210937,5.86));
#9663 = LINE('',#9664,#9665);
#9664 = CARTESIAN_POINT('',(-2.2373046875,-46.73491210937,5.28));
#9665 = VECTOR('',#9666,1.);
#9666 = DIRECTION('',(0.,0.,1.));
#9667 = ORIENTED_EDGE('',*,*,#9668,.F.);
#9668 = EDGE_CURVE('',#9630,#9661,#9669,.T.);
#9669 = LINE('',#9670,#9671);
#9670 = CARTESIAN_POINT('',(-0.142508142192,-46.73491210937,5.86));
#9671 = VECTOR('',#9672,1.);
#9672 = DIRECTION('',(1.,0.,-0.));
#9673 = ORIENTED_EDGE('',*,*,#9629,.F.);
#9674 = PLANE('',#9675);
#9675 = AXIS2_PLACEMENT_3D('',#9676,#9677,#9678);
#9676 = CARTESIAN_POINT('',(-2.2373046875,-46.73491210937,5.28));
#9677 = DIRECTION('',(0.,-1.,0.));
#9678 = DIRECTION('',(-1.,0.,0.));
#9679 = ADVANCED_FACE('',(#9680),#9698,.F.);
#9680 = FACE_BOUND('',#9681,.F.);
#9681 = EDGE_LOOP('',(#9682,#9683,#9691,#9697));
#9682 = ORIENTED_EDGE('',*,*,#9007,.T.);
#9683 = ORIENTED_EDGE('',*,*,#9684,.T.);
#9684 = EDGE_CURVE('',#9000,#9685,#9687,.T.);
#9685 = VERTEX_POINT('',#9686);
#9686 = CARTESIAN_POINT('',(-2.2373046875,-46.07915039062,5.86));
#9687 = LINE('',#9688,#9689);
#9688 = CARTESIAN_POINT('',(-2.2373046875,-46.07915039062,5.28));
#9689 = VECTOR('',#9690,1.);
#9690 = DIRECTION('',(0.,0.,1.));
#9691 = ORIENTED_EDGE('',*,*,#9692,.F.);
#9692 = EDGE_CURVE('',#9661,#9685,#9693,.T.);
#9693 = LINE('',#9694,#9695);
#9694 = CARTESIAN_POINT('',(-2.2373046875,-45.24706105049,5.86));
#9695 = VECTOR('',#9696,1.);
#9696 = DIRECTION('',(0.,1.,0.));
#9697 = ORIENTED_EDGE('',*,*,#9660,.F.);
#9698 = PLANE('',#9699);
#9699 = AXIS2_PLACEMENT_3D('',#9700,#9701,#9702);
#9700 = CARTESIAN_POINT('',(-2.2373046875,-46.07915039062,5.28));
#9701 = DIRECTION('',(1.,0.,0.));
#9702 = DIRECTION('',(0.,-1.,0.));
#9703 = ADVANCED_FACE('',(#9704),#9722,.F.);
#9704 = FACE_BOUND('',#9705,.F.);
#9705 = EDGE_LOOP('',(#9706,#9707,#9715,#9721));
#9706 = ORIENTED_EDGE('',*,*,#8999,.T.);
#9707 = ORIENTED_EDGE('',*,*,#9708,.T.);
#9708 = EDGE_CURVE('',#8992,#9709,#9711,.T.);
#9709 = VERTEX_POINT('',#9710);
#9710 = CARTESIAN_POINT('',(-5.041650390625,-46.07915039062,5.86));
#9711 = LINE('',#9712,#9713);
#9712 = CARTESIAN_POINT('',(-5.041650390625,-46.07915039062,5.28));
#9713 = VECTOR('',#9714,1.);
#9714 = DIRECTION('',(0.,0.,1.));
#9715 = ORIENTED_EDGE('',*,*,#9716,.F.);
#9716 = EDGE_CURVE('',#9685,#9709,#9717,.T.);
#9717 = LINE('',#9718,#9719);
#9718 = CARTESIAN_POINT('',(-1.544680993754,-46.07915039062,5.86));
#9719 = VECTOR('',#9720,1.);
#9720 = DIRECTION('',(-1.,0.,0.));
#9721 = ORIENTED_EDGE('',*,*,#9684,.F.);
#9722 = PLANE('',#9723);
#9723 = AXIS2_PLACEMENT_3D('',#9724,#9725,#9726);
#9724 = CARTESIAN_POINT('',(-5.041650390625,-46.07915039062,5.28));
#9725 = DIRECTION('',(0.,1.,0.));
#9726 = DIRECTION('',(1.,0.,0.));
#9727 = ADVANCED_FACE('',(#9728),#9746,.F.);
#9728 = FACE_BOUND('',#9729,.F.);
#9729 = EDGE_LOOP('',(#9730,#9731,#9739,#9745));
#9730 = ORIENTED_EDGE('',*,*,#8991,.T.);
#9731 = ORIENTED_EDGE('',*,*,#9732,.T.);
#9732 = EDGE_CURVE('',#8984,#9733,#9735,.T.);
#9733 = VERTEX_POINT('',#9734);
#9734 = CARTESIAN_POINT('',(-5.041650390625,-40.97578125,5.86));
#9735 = LINE('',#9736,#9737);
#9736 = CARTESIAN_POINT('',(-5.041650390625,-40.97578125,5.28));
#9737 = VECTOR('',#9738,1.);
#9738 = DIRECTION('',(0.,0.,1.));
#9739 = ORIENTED_EDGE('',*,*,#9740,.F.);
#9740 = EDGE_CURVE('',#9709,#9733,#9741,.T.);
#9741 = LINE('',#9742,#9743);
#9742 = CARTESIAN_POINT('',(-5.041650390625,-42.69537648017,5.86));
#9743 = VECTOR('',#9744,1.);
#9744 = DIRECTION('',(0.,1.,0.));
#9745 = ORIENTED_EDGE('',*,*,#9708,.F.);
#9746 = PLANE('',#9747);
#9747 = AXIS2_PLACEMENT_3D('',#9748,#9749,#9750);
#9748 = CARTESIAN_POINT('',(-5.041650390625,-40.97578125,5.28));
#9749 = DIRECTION('',(1.,0.,0.));
#9750 = DIRECTION('',(0.,-1.,0.));
#9751 = ADVANCED_FACE('',(#9752),#9763,.F.);
#9752 = FACE_BOUND('',#9753,.F.);
#9753 = EDGE_LOOP('',(#9754,#9755,#9756,#9762));
#9754 = ORIENTED_EDGE('',*,*,#8983,.T.);
#9755 = ORIENTED_EDGE('',*,*,#9645,.T.);
#9756 = ORIENTED_EDGE('',*,*,#9757,.F.);
#9757 = EDGE_CURVE('',#9733,#9638,#9758,.T.);
#9758 = LINE('',#9759,#9760);
#9759 = CARTESIAN_POINT('',(-1.934280603129,-40.97578125,5.86));
#9760 = VECTOR('',#9761,1.);
#9761 = DIRECTION('',(-1.,0.,0.));
#9762 = ORIENTED_EDGE('',*,*,#9732,.F.);
#9763 = PLANE('',#9764);
#9764 = AXIS2_PLACEMENT_3D('',#9765,#9766,#9767);
#9765 = CARTESIAN_POINT('',(-5.820849609375,-40.97578125,5.28));
#9766 = DIRECTION('',(0.,1.,0.));
#9767 = DIRECTION('',(1.,0.,0.));
#9768 = ADVANCED_FACE('',(#9769),#9794,.F.);
#9769 = FACE_BOUND('',#9770,.F.);
#9770 = EDGE_LOOP('',(#9771,#9772,#9780,#9788));
#9771 = ORIENTED_EDGE('',*,*,#9023,.T.);
#9772 = ORIENTED_EDGE('',*,*,#9773,.T.);
#9773 = EDGE_CURVE('',#9026,#9774,#9776,.T.);
#9774 = VERTEX_POINT('',#9775);
#9775 = CARTESIAN_POINT('',(-3.305810546875,-41.63154296875,5.86));
#9776 = LINE('',#9777,#9778);
#9777 = CARTESIAN_POINT('',(-3.305810546875,-41.63154296875,5.28));
#9778 = VECTOR('',#9779,1.);
#9779 = DIRECTION('',(0.,0.,1.));
#9780 = ORIENTED_EDGE('',*,*,#9781,.F.);
#9781 = EDGE_CURVE('',#9782,#9774,#9784,.T.);
#9782 = VERTEX_POINT('',#9783);
#9783 = CARTESIAN_POINT('',(-3.305810546875,-40.97578125,5.86));
#9784 = LINE('',#9785,#9786);
#9785 = CARTESIAN_POINT('',(-3.305810546875,-43.02325733955,5.86));
#9786 = VECTOR('',#9787,1.);
#9787 = DIRECTION('',(0.,-1.,0.));
#9788 = ORIENTED_EDGE('',*,*,#9789,.F.);
#9789 = EDGE_CURVE('',#9024,#9782,#9790,.T.);
#9790 = LINE('',#9791,#9792);
#9791 = CARTESIAN_POINT('',(-3.305810546875,-40.97578125,5.28));
#9792 = VECTOR('',#9793,1.);
#9793 = DIRECTION('',(0.,0.,1.));
#9794 = PLANE('',#9795);
#9795 = AXIS2_PLACEMENT_3D('',#9796,#9797,#9798);
#9796 = CARTESIAN_POINT('',(-3.305810546875,-41.63154296875,5.28));
#9797 = DIRECTION('',(-1.,0.,0.));
#9798 = DIRECTION('',(0.,1.,0.));
#9799 = ADVANCED_FACE('',(#9800),#9818,.F.);
#9800 = FACE_BOUND('',#9801,.F.);
#9801 = EDGE_LOOP('',(#9802,#9803,#9811,#9817));
#9802 = ORIENTED_EDGE('',*,*,#9081,.T.);
#9803 = ORIENTED_EDGE('',*,*,#9804,.T.);
#9804 = EDGE_CURVE('',#9074,#9805,#9807,.T.);
#9805 = VERTEX_POINT('',#9806);
#9806 = CARTESIAN_POINT('',(-1.261376953125,-41.63154296875,5.86));
#9807 = LINE('',#9808,#9809);
#9808 = CARTESIAN_POINT('',(-1.261376953125,-41.63154296875,5.28));
#9809 = VECTOR('',#9810,1.);
#9810 = DIRECTION('',(0.,0.,1.));
#9811 = ORIENTED_EDGE('',*,*,#9812,.F.);
#9812 = EDGE_CURVE('',#9774,#9805,#9813,.T.);
#9813 = LINE('',#9814,#9815);
#9814 = CARTESIAN_POINT('',(0.345455724996,-41.63154296875,5.86));
#9815 = VECTOR('',#9816,1.);
#9816 = DIRECTION('',(1.,0.,-0.));
#9817 = ORIENTED_EDGE('',*,*,#9773,.F.);
#9818 = PLANE('',#9819);
#9819 = AXIS2_PLACEMENT_3D('',#9820,#9821,#9822);
#9820 = CARTESIAN_POINT('',(-1.261376953125,-41.63154296875,5.28));
#9821 = DIRECTION('',(0.,-1.,0.));
#9822 = DIRECTION('',(-1.,0.,0.));
#9823 = ADVANCED_FACE('',(#9824),#9842,.F.);
#9824 = FACE_BOUND('',#9825,.F.);
#9825 = EDGE_LOOP('',(#9826,#9827,#9835,#9841));
#9826 = ORIENTED_EDGE('',*,*,#9073,.T.);
#9827 = ORIENTED_EDGE('',*,*,#9828,.T.);
#9828 = EDGE_CURVE('',#9066,#9829,#9831,.T.);
#9829 = VERTEX_POINT('',#9830);
#9830 = CARTESIAN_POINT('',(-1.261376953125,-46.73491210937,5.86));
#9831 = LINE('',#9832,#9833);
#9832 = CARTESIAN_POINT('',(-1.261376953125,-46.73491210937,5.28));
#9833 = VECTOR('',#9834,1.);
#9834 = DIRECTION('',(0.,0.,1.));
#9835 = ORIENTED_EDGE('',*,*,#9836,.F.);
#9836 = EDGE_CURVE('',#9805,#9829,#9837,.T.);
#9837 = LINE('',#9838,#9839);
#9838 = CARTESIAN_POINT('',(-1.261376953125,-45.57494190986,5.86));
#9839 = VECTOR('',#9840,1.);
#9840 = DIRECTION('',(0.,-1.,0.));
#9841 = ORIENTED_EDGE('',*,*,#9804,.F.);
#9842 = PLANE('',#9843);
#9843 = AXIS2_PLACEMENT_3D('',#9844,#9845,#9846);
#9844 = CARTESIAN_POINT('',(-1.261376953125,-46.73491210937,5.28));
#9845 = DIRECTION('',(-1.,0.,0.));
#9846 = DIRECTION('',(0.,1.,0.));
#9847 = ADVANCED_FACE('',(#9848),#9866,.F.);
#9848 = FACE_BOUND('',#9849,.F.);
#9849 = EDGE_LOOP('',(#9850,#9851,#9859,#9865));
#9850 = ORIENTED_EDGE('',*,*,#9065,.T.);
#9851 = ORIENTED_EDGE('',*,*,#9852,.T.);
#9852 = EDGE_CURVE('',#9058,#9853,#9855,.T.);
#9853 = VERTEX_POINT('',#9854);
#9854 = CARTESIAN_POINT('',(-0.4783203125,-46.73491210937,5.86));
#9855 = LINE('',#9856,#9857);
#9856 = CARTESIAN_POINT('',(-0.4783203125,-46.73491210937,5.28));
#9857 = VECTOR('',#9858,1.);
#9858 = DIRECTION('',(0.,0.,1.));
#9859 = ORIENTED_EDGE('',*,*,#9860,.F.);
#9860 = EDGE_CURVE('',#9829,#9853,#9861,.T.);
#9861 = LINE('',#9862,#9863);
#9862 = CARTESIAN_POINT('',(0.736984045308,-46.73491210937,5.86));
#9863 = VECTOR('',#9864,1.);
#9864 = DIRECTION('',(1.,0.,-0.));
#9865 = ORIENTED_EDGE('',*,*,#9828,.F.);
#9866 = PLANE('',#9867);
#9867 = AXIS2_PLACEMENT_3D('',#9868,#9869,#9870);
#9868 = CARTESIAN_POINT('',(-0.4783203125,-46.73491210937,5.28));
#9869 = DIRECTION('',(0.,-1.,0.));
#9870 = DIRECTION('',(-1.,0.,0.));
#9871 = ADVANCED_FACE('',(#9872),#9890,.F.);
#9872 = FACE_BOUND('',#9873,.F.);
#9873 = EDGE_LOOP('',(#9874,#9875,#9883,#9889));
#9874 = ORIENTED_EDGE('',*,*,#9057,.T.);
#9875 = ORIENTED_EDGE('',*,*,#9876,.T.);
#9876 = EDGE_CURVE('',#9050,#9877,#9879,.T.);
#9877 = VERTEX_POINT('',#9878);
#9878 = CARTESIAN_POINT('',(-0.4783203125,-41.63154296875,5.86));
#9879 = LINE('',#9880,#9881);
#9880 = CARTESIAN_POINT('',(-0.4783203125,-41.63154296875,5.28));
#9881 = VECTOR('',#9882,1.);
#9882 = DIRECTION('',(0.,0.,1.));
#9883 = ORIENTED_EDGE('',*,*,#9884,.F.);
#9884 = EDGE_CURVE('',#9853,#9877,#9885,.T.);
#9885 = LINE('',#9886,#9887);
#9886 = CARTESIAN_POINT('',(-0.4783203125,-43.02325733955,5.86));
#9887 = VECTOR('',#9888,1.);
#9888 = DIRECTION('',(0.,1.,0.));
#9889 = ORIENTED_EDGE('',*,*,#9852,.F.);
#9890 = PLANE('',#9891);
#9891 = AXIS2_PLACEMENT_3D('',#9892,#9893,#9894);
#9892 = CARTESIAN_POINT('',(-0.4783203125,-41.63154296875,5.28));
#9893 = DIRECTION('',(1.,0.,0.));
#9894 = DIRECTION('',(0.,-1.,0.));
#9895 = ADVANCED_FACE('',(#9896),#9914,.F.);
#9896 = FACE_BOUND('',#9897,.F.);
#9897 = EDGE_LOOP('',(#9898,#9899,#9907,#9913));
#9898 = ORIENTED_EDGE('',*,*,#9049,.T.);
#9899 = ORIENTED_EDGE('',*,*,#9900,.T.);
#9900 = EDGE_CURVE('',#9042,#9901,#9903,.T.);
#9901 = VERTEX_POINT('',#9902);
#9902 = CARTESIAN_POINT('',(1.56611328125,-41.63154296875,5.86));
#9903 = LINE('',#9904,#9905);
#9904 = CARTESIAN_POINT('',(1.56611328125,-41.63154296875,5.28));
#9905 = VECTOR('',#9906,1.);
#9906 = DIRECTION('',(0.,0.,1.));
#9907 = ORIENTED_EDGE('',*,*,#9908,.F.);
#9908 = EDGE_CURVE('',#9877,#9901,#9909,.T.);
#9909 = LINE('',#9910,#9911);
#9910 = CARTESIAN_POINT('',(1.759200842183,-41.63154296875,5.86));
#9911 = VECTOR('',#9912,1.);
#9912 = DIRECTION('',(1.,0.,-0.));
#9913 = ORIENTED_EDGE('',*,*,#9876,.F.);
#9914 = PLANE('',#9915);
#9915 = AXIS2_PLACEMENT_3D('',#9916,#9917,#9918);
#9916 = CARTESIAN_POINT('',(1.56611328125,-41.63154296875,5.28));
#9917 = DIRECTION('',(0.,-1.,0.));
#9918 = DIRECTION('',(-1.,0.,0.));
#9919 = ADVANCED_FACE('',(#9920),#9938,.F.);
#9920 = FACE_BOUND('',#9921,.F.);
#9921 = EDGE_LOOP('',(#9922,#9923,#9931,#9937));
#9922 = ORIENTED_EDGE('',*,*,#9041,.T.);
#9923 = ORIENTED_EDGE('',*,*,#9924,.T.);
#9924 = EDGE_CURVE('',#9034,#9925,#9927,.T.);
#9925 = VERTEX_POINT('',#9926);
#9926 = CARTESIAN_POINT('',(1.56611328125,-40.97578125,5.86));
#9927 = LINE('',#9928,#9929);
#9928 = CARTESIAN_POINT('',(1.56611328125,-40.97578125,5.28));
#9929 = VECTOR('',#9930,1.);
#9930 = DIRECTION('',(0.,0.,1.));
#9931 = ORIENTED_EDGE('',*,*,#9932,.F.);
#9932 = EDGE_CURVE('',#9901,#9925,#9933,.T.);
#9933 = LINE('',#9934,#9935);
#9934 = CARTESIAN_POINT('',(1.56611328125,-42.69537648017,5.86));
#9935 = VECTOR('',#9936,1.);
#9936 = DIRECTION('',(0.,1.,0.));
#9937 = ORIENTED_EDGE('',*,*,#9900,.F.);
#9938 = PLANE('',#9939);
#9939 = AXIS2_PLACEMENT_3D('',#9940,#9941,#9942);
#9940 = CARTESIAN_POINT('',(1.56611328125,-40.97578125,5.28));
#9941 = DIRECTION('',(1.,0.,0.));
#9942 = DIRECTION('',(0.,-1.,0.));
#9943 = ADVANCED_FACE('',(#9944),#9955,.F.);
#9944 = FACE_BOUND('',#9945,.F.);
#9945 = EDGE_LOOP('',(#9946,#9947,#9948,#9954));
#9946 = ORIENTED_EDGE('',*,*,#9033,.T.);
#9947 = ORIENTED_EDGE('',*,*,#9789,.T.);
#9948 = ORIENTED_EDGE('',*,*,#9949,.F.);
#9949 = EDGE_CURVE('',#9925,#9782,#9950,.T.);
#9950 = LINE('',#9951,#9952);
#9951 = CARTESIAN_POINT('',(-0.676761071879,-40.97578125,5.86));
#9952 = VECTOR('',#9953,1.);
#9953 = DIRECTION('',(-1.,0.,0.));
#9954 = ORIENTED_EDGE('',*,*,#9924,.F.);
#9955 = PLANE('',#9956);
#9956 = AXIS2_PLACEMENT_3D('',#9957,#9958,#9959);
#9957 = CARTESIAN_POINT('',(-3.305810546875,-40.97578125,5.28));
#9958 = DIRECTION('',(0.,1.,0.));
#9959 = DIRECTION('',(1.,0.,0.));
#9960 = ADVANCED_FACE('',(#9961),#9991,.T.);
#9961 = FACE_BOUND('',#9962,.F.);
#9962 = EDGE_LOOP('',(#9963,#9964,#9974,#9983));
#9963 = ORIENTED_EDGE('',*,*,#9089,.F.);
#9964 = ORIENTED_EDGE('',*,*,#9965,.F.);
#9965 = EDGE_CURVE('',#9966,#9090,#9968,.T.);
#9966 = VERTEX_POINT('',#9967);
#9967 = CARTESIAN_POINT('',(-8.407094550034,-40.64988638598,5.86));
#9968 = B_SPLINE_CURVE_WITH_KNOTS('',4,(#9969,#9970,#9971,#9972,#9973),
  .UNSPECIFIED.,.F.,.F.,(5,5),(0.,1.),.PIECEWISE_BEZIER_KNOTS.);
#9969 = CARTESIAN_POINT('',(-8.407094550034,-40.64988638598,5.8600006));
#9970 = CARTESIAN_POINT('',(-8.407094550034,-40.64988638598,5.7400003));
#9971 = CARTESIAN_POINT('',(-8.407094550034,-40.64988638598,5.62));
#9972 = CARTESIAN_POINT('',(-8.407094550034,-40.64988638598,5.4999997));
#9973 = CARTESIAN_POINT('',(-8.407094550034,-40.64988638598,5.3799994));
#9974 = ORIENTED_EDGE('',*,*,#9975,.T.);
#9975 = EDGE_CURVE('',#9966,#9976,#9978,.T.);
#9976 = VERTEX_POINT('',#9977);
#9977 = CARTESIAN_POINT('',(-9.042877003441,-43.64100765936,5.86));
#9978 = CIRCLE('',#9979,9.05);
#9979 = AXIS2_PLACEMENT_3D('',#9980,#9981,#9982);
#9980 = CARTESIAN_POINT('',(0.,-44.,5.86));
#9981 = DIRECTION('',(0.,0.,1.));
#9982 = DIRECTION('',(1.,0.,0.));
#9983 = ORIENTED_EDGE('',*,*,#9984,.T.);
#9984 = EDGE_CURVE('',#9976,#9092,#9985,.T.);
#9985 = B_SPLINE_CURVE_WITH_KNOTS('',4,(#9986,#9987,#9988,#9989,#9990),
  .UNSPECIFIED.,.F.,.F.,(5,5),(0.,1.),.PIECEWISE_BEZIER_KNOTS.);
#9986 = CARTESIAN_POINT('',(-9.042877003441,-43.64100765936,5.8600006));
#9987 = CARTESIAN_POINT('',(-9.042877003441,-43.64100765936,5.7400003));
#9988 = CARTESIAN_POINT('',(-9.042877003441,-43.64100765936,5.62));
#9989 = CARTESIAN_POINT('',(-9.042877003441,-43.64100765936,5.4999997));
#9990 = CARTESIAN_POINT('',(-9.042877003441,-43.64100765936,5.3799994));
#9991 = CYLINDRICAL_SURFACE('',#9992,9.05);
#9992 = AXIS2_PLACEMENT_3D('',#9993,#9994,#9995);
#9993 = CARTESIAN_POINT('',(0.,-44.,5.38));
#9994 = DIRECTION('',(-0.,-0.,-1.));
#9995 = DIRECTION('',(1.,0.,0.));
#9996 = ADVANCED_FACE('',(#9997),#10009,.T.);
#9997 = FACE_BOUND('',#9998,.T.);
#9998 = EDGE_LOOP('',(#9999,#10000,#10001,#10008));
#9999 = ORIENTED_EDGE('',*,*,#9100,.F.);
#10000 = ORIENTED_EDGE('',*,*,#9965,.F.);
#10001 = ORIENTED_EDGE('',*,*,#10002,.T.);
#10002 = EDGE_CURVE('',#9966,#9976,#10003,.T.);
#10003 = ELLIPSE('',#10004,11.3,2.45);
#10004 = AXIS2_PLACEMENT_3D('',#10005,#10006,#10007);
#10005 = CARTESIAN_POINT('',(-8.847045768187E-02,-43.9811950237,5.86));
#10006 = DIRECTION('',(-0.,0.,1.));
#10007 = DIRECTION('',(0.978147600734,-0.207911690818,0.));
#10008 = ORIENTED_EDGE('',*,*,#9984,.T.);
#10009 = SURFACE_OF_LINEAR_EXTRUSION('',#10010,#10015);
#10010 = ELLIPSE('',#10011,11.3,2.45);
#10011 = AXIS2_PLACEMENT_3D('',#10012,#10013,#10014);
#10012 = CARTESIAN_POINT('',(-8.847045768187E-02,-43.9811950237,5.38));
#10013 = DIRECTION('',(-0.,0.,1.));
#10014 = DIRECTION('',(0.978147600734,-0.207911690818,0.));
#10015 = VECTOR('',#10016,1.);
#10016 = DIRECTION('',(-0.,0.,-1.));
#10017 = ADVANCED_FACE('',(#10018),#10043,.F.);
#10018 = FACE_BOUND('',#10019,.F.);
#10019 = EDGE_LOOP('',(#10020,#10021,#10029,#10037));
#10020 = ORIENTED_EDGE('',*,*,#9109,.T.);
#10021 = ORIENTED_EDGE('',*,*,#10022,.T.);
#10022 = EDGE_CURVE('',#9112,#10023,#10025,.T.);
#10023 = VERTEX_POINT('',#10024);
#10024 = CARTESIAN_POINT('',(6.168017578125,-41.41938476562,5.86));
#10025 = LINE('',#10026,#10027);
#10026 = CARTESIAN_POINT('',(6.168017578125,-41.41938476562,5.28));
#10027 = VECTOR('',#10028,1.);
#10028 = DIRECTION('',(0.,0.,1.));
#10029 = ORIENTED_EDGE('',*,*,#10030,.F.);
#10030 = EDGE_CURVE('',#10031,#10023,#10033,.T.);
#10031 = VERTEX_POINT('',#10032);
#10032 = CARTESIAN_POINT('',(6.168017578125,-42.241015625,5.86));
#10033 = LINE('',#10034,#10035);
#10034 = CARTESIAN_POINT('',(6.168017578125,-42.91717823799,5.86));
#10035 = VECTOR('',#10036,1.);
#10036 = DIRECTION('',(0.,1.,0.));
#10037 = ORIENTED_EDGE('',*,*,#10038,.F.);
#10038 = EDGE_CURVE('',#9110,#10031,#10039,.T.);
#10039 = LINE('',#10040,#10041);
#10040 = CARTESIAN_POINT('',(6.168017578125,-42.241015625,5.28));
#10041 = VECTOR('',#10042,1.);
#10042 = DIRECTION('',(0.,0.,1.));
#10043 = PLANE('',#10044);
#10044 = AXIS2_PLACEMENT_3D('',#10045,#10046,#10047);
#10045 = CARTESIAN_POINT('',(6.168017578125,-41.41938476562,5.28));
#10046 = DIRECTION('',(1.,0.,0.));
#10047 = DIRECTION('',(0.,-1.,0.));
#10048 = ADVANCED_FACE('',(#10049),#10074,.F.);
#10049 = FACE_BOUND('',#10050,.F.);
#10050 = EDGE_LOOP('',(#10051,#10052,#10060,#10073));
#10051 = ORIENTED_EDGE('',*,*,#9416,.T.);
#10052 = ORIENTED_EDGE('',*,*,#10053,.T.);
#10053 = EDGE_CURVE('',#9406,#10054,#10056,.T.);
#10054 = VERTEX_POINT('',#10055);
#10055 = CARTESIAN_POINT('',(5.309741210938,-41.00856933593,5.86));
#10056 = LINE('',#10057,#10058);
#10057 = CARTESIAN_POINT('',(5.309741210938,-41.00856933593,5.28));
#10058 = VECTOR('',#10059,1.);
#10059 = DIRECTION('',(0.,0.,1.));
#10060 = ORIENTED_EDGE('',*,*,#10061,.F.);
#10061 = EDGE_CURVE('',#10023,#10054,#10062,.T.);
#10062 = B_SPLINE_CURVE_WITH_KNOTS('',5,(#10063,#10064,#10065,#10066,
    #10067,#10068,#10069,#10070,#10071,#10072),.UNSPECIFIED.,.F.,.F.,(6,
    4,6),(0.,0.690611261164,1.),.UNSPECIFIED.);
#10063 = CARTESIAN_POINT('',(6.168017578125,-41.41938476562,5.86));
#10064 = CARTESIAN_POINT('',(6.05808671841,-41.34433581331,5.86));
#10065 = CARTESIAN_POINT('',(5.944945115147,-41.27531357724,5.86));
#10066 = CARTESIAN_POINT('',(5.828719553356,-41.21257988113,5.86));
#10067 = CARTESIAN_POINT('',(5.709584539135,-41.15632129617,5.86));
#10068 = CARTESIAN_POINT('',(5.533199249171,-41.0843700843,5.86));
#10069 = CARTESIAN_POINT('',(5.478089550612,-41.063427241,5.86));
#10070 = CARTESIAN_POINT('',(5.422462057141,-41.04381065867,5.86));
#10071 = CARTESIAN_POINT('',(5.3663383301,-41.02552459104,5.86));
#10072 = CARTESIAN_POINT('',(5.309741210938,-41.00856933593,5.86));
#10073 = ORIENTED_EDGE('',*,*,#10022,.F.);
#10074 = SURFACE_OF_LINEAR_EXTRUSION('',#10075,#10079);
#10075 = B_SPLINE_CURVE_WITH_KNOTS('',2,(#10076,#10077,#10078),
  .UNSPECIFIED.,.F.,.F.,(3,3),(0.,1.),.PIECEWISE_BEZIER_KNOTS.);
#10076 = CARTESIAN_POINT('',(5.309741210938,-41.00856933593,5.28));
#10077 = CARTESIAN_POINT('',(5.766845703125,-41.1455078125,5.28));
#10078 = CARTESIAN_POINT('',(6.168017578125,-41.41938476562,5.28));
#10079 = VECTOR('',#10080,1.);
#10080 = DIRECTION('',(-0.,-0.,-1.));
#10081 = ADVANCED_FACE('',(#10082),#10103,.F.);
#10082 = FACE_BOUND('',#10083,.F.);
#10083 = EDGE_LOOP('',(#10084,#10085,#10093,#10102));
#10084 = ORIENTED_EDGE('',*,*,#9405,.T.);
#10085 = ORIENTED_EDGE('',*,*,#10086,.T.);
#10086 = EDGE_CURVE('',#9383,#10087,#10089,.T.);
#10087 = VERTEX_POINT('',#10088);
#10088 = CARTESIAN_POINT('',(4.3357421875,-40.87163085937,5.86));
#10089 = LINE('',#10090,#10091);
#10090 = CARTESIAN_POINT('',(4.3357421875,-40.87163085937,5.28));
#10091 = VECTOR('',#10092,1.);
#10092 = DIRECTION('',(0.,0.,1.));
#10093 = ORIENTED_EDGE('',*,*,#10094,.F.);
#10094 = EDGE_CURVE('',#10054,#10087,#10095,.T.);
#10095 = B_SPLINE_CURVE_WITH_KNOTS('',5,(#10096,#10097,#10098,#10099,
    #10100,#10101),.UNSPECIFIED.,.F.,.F.,(6,6),(0.,1.),
  .PIECEWISE_BEZIER_KNOTS.);
#10096 = CARTESIAN_POINT('',(5.309741210938,-41.00856933593,5.86));
#10097 = CARTESIAN_POINT('',(5.123872813803,-40.95288724228,5.86));
#10098 = CARTESIAN_POINT('',(4.932664965742,-40.91160772186,5.86));
#10099 = CARTESIAN_POINT('',(4.736989429894,-40.88470146327,5.86));
#10100 = CARTESIAN_POINT('',(4.537738327259,-40.87163085937,5.86));
#10101 = CARTESIAN_POINT('',(4.3357421875,-40.87163085937,5.86));
#10102 = ORIENTED_EDGE('',*,*,#10053,.F.);
#10103 = SURFACE_OF_LINEAR_EXTRUSION('',#10104,#10108);
#10104 = B_SPLINE_CURVE_WITH_KNOTS('',2,(#10105,#10106,#10107),
  .UNSPECIFIED.,.F.,.F.,(3,3),(0.,1.),.PIECEWISE_BEZIER_KNOTS.);
#10105 = CARTESIAN_POINT('',(4.3357421875,-40.87163085937,5.28));
#10106 = CARTESIAN_POINT('',(4.85263671875,-40.87163085937,5.28));
#10107 = CARTESIAN_POINT('',(5.309741210938,-41.00856933593,5.28));
#10108 = VECTOR('',#10109,1.);
#10109 = DIRECTION('',(-0.,-0.,-1.));
#10110 = ADVANCED_FACE('',(#10111),#10144,.F.);
#10111 = FACE_BOUND('',#10112,.F.);
#10112 = EDGE_LOOP('',(#10113,#10114,#10122,#10143));
#10113 = ORIENTED_EDGE('',*,*,#9382,.T.);
#10114 = ORIENTED_EDGE('',*,*,#10115,.T.);
#10115 = EDGE_CURVE('',#9356,#10116,#10118,.T.);
#10116 = VERTEX_POINT('',#10117);
#10117 = CARTESIAN_POINT('',(2.27587890625,-41.67204589843,5.86));
#10118 = LINE('',#10119,#10120);
#10119 = CARTESIAN_POINT('',(2.27587890625,-41.67204589843,5.28));
#10120 = VECTOR('',#10121,1.);
#10121 = DIRECTION('',(0.,0.,1.));
#10122 = ORIENTED_EDGE('',*,*,#10123,.F.);
#10123 = EDGE_CURVE('',#10087,#10116,#10124,.T.);
#10124 = B_SPLINE_CURVE_WITH_KNOTS('',5,(#10125,#10126,#10127,#10128,
    #10129,#10130,#10131,#10132,#10133,#10134,#10135,#10136,#10137,
    #10138,#10139,#10140,#10141,#10142),.UNSPECIFIED.,.F.,.F.,(6,4,4,4,6
    ),(0.,0.303537146744,0.54348850131,0.774661630941,1.),
  .UNSPECIFIED.);
#10125 = CARTESIAN_POINT('',(4.3357421875,-40.87163085937,5.86));
#10126 = CARTESIAN_POINT('',(4.194735759374,-40.87163085937,5.86));
#10127 = CARTESIAN_POINT('',(4.054247733775,-40.8774480869,5.86));
#10128 = CARTESIAN_POINT('',(3.914611944752,-40.88966002667,5.86));
#10129 = CARTESIAN_POINT('',(3.776340103817,-40.90890884171,5.86));
#10130 = CARTESIAN_POINT('',(3.532382226164,-40.95694207738,5.86));
#10131 = CARTESIAN_POINT('',(3.425939127949,-40.98288381191,5.86));
#10132 = CARTESIAN_POINT('',(3.321097875579,-41.01382223936,5.86));
#10133 = CARTESIAN_POINT('',(3.218254107413,-41.04997237118,5.86));
#10134 = CARTESIAN_POINT('',(3.021073049063,-41.13132309999,5.86));
#10135 = CARTESIAN_POINT('',(2.9265553879,-41.17614685597,5.86));
#10136 = CARTESIAN_POINT('',(2.834658858924,-41.22593702183,5.86));
#10137 = CARTESIAN_POINT('',(2.745737107349,-41.28064183333,5.86));
#10138 = CARTESIAN_POINT('',(2.576599439087,-41.39796612374,5.86));
#10139 = CARTESIAN_POINT('',(2.496212203551,-41.46035669954,5.86));
#10140 = CARTESIAN_POINT('',(2.419201790337,-41.52703561023,5.86));
#10141 = CARTESIAN_POINT('',(2.345731356172,-41.59771572736,5.86));
#10142 = CARTESIAN_POINT('',(2.27587890625,-41.67204589843,5.86));
#10143 = ORIENTED_EDGE('',*,*,#10086,.F.);
#10144 = SURFACE_OF_LINEAR_EXTRUSION('',#10145,#10149);
#10145 = B_SPLINE_CURVE_WITH_KNOTS('',2,(#10146,#10147,#10148),
  .UNSPECIFIED.,.F.,.F.,(3,3),(0.,1.),.PIECEWISE_BEZIER_KNOTS.);
#10146 = CARTESIAN_POINT('',(2.27587890625,-41.67204589843,5.28));
#10147 = CARTESIAN_POINT('',(3.028076171875,-40.87163085937,5.28));
#10148 = CARTESIAN_POINT('',(4.3357421875,-40.87163085937,5.28));
#10149 = VECTOR('',#10150,1.);
#10150 = DIRECTION('',(-0.,-0.,-1.));
#10151 = ADVANCED_FACE('',(#10152),#10189,.F.);
#10152 = FACE_BOUND('',#10153,.F.);
#10153 = EDGE_LOOP('',(#10154,#10155,#10163,#10188));
#10154 = ORIENTED_EDGE('',*,*,#9355,.T.);
#10155 = ORIENTED_EDGE('',*,*,#10156,.T.);
#10156 = EDGE_CURVE('',#9329,#10157,#10159,.T.);
#10157 = VERTEX_POINT('',#10158);
#10158 = CARTESIAN_POINT('',(1.523681640625,-43.8611328125,5.86));
#10159 = LINE('',#10160,#10161);
#10160 = CARTESIAN_POINT('',(1.523681640625,-43.8611328125,5.28));
#10161 = VECTOR('',#10162,1.);
#10162 = DIRECTION('',(0.,0.,1.));
#10163 = ORIENTED_EDGE('',*,*,#10164,.F.);
#10164 = EDGE_CURVE('',#10116,#10157,#10165,.T.);
#10165 = B_SPLINE_CURVE_WITH_KNOTS('',6,(#10166,#10167,#10168,#10169,
    #10170,#10171,#10172,#10173,#10174,#10175,#10176,#10177,#10178,
    #10179,#10180,#10181,#10182,#10183,#10184,#10185,#10186,#10187),
  .UNSPECIFIED.,.F.,.F.,(7,5,5,5,7),(0.,9.7236279022E-02,0.355122630459,
    0.624717398002,1.),.UNSPECIFIED.);
#10166 = CARTESIAN_POINT('',(2.27587890625,-41.67204589843,5.86));
#10167 = CARTESIAN_POINT('',(2.24986179563,-41.69973077255,5.86));
#10168 = CARTESIAN_POINT('',(2.224349368096,-41.72787539174,5.86));
#10169 = CARTESIAN_POINT('',(2.199353004258,-41.7564727531,5.86));
#10170 = CARTESIAN_POINT('',(2.174882987367,-41.78551475714,5.86));
#10171 = CARTESIAN_POINT('',(2.150948503311,-41.81499220782,5.86));
#10172 = CARTESIAN_POINT('',(2.065521286541,-41.92420136039,5.86));
#10173 = CARTESIAN_POINT('',(2.007304819357,-42.00650330768,5.86));
#10174 = CARTESIAN_POINT('',(1.953066944351,-42.09159976681,5.86));
#10175 = CARTESIAN_POINT('',(1.902886754866,-42.17925759853,5.86));
#10176 = CARTESIAN_POINT('',(1.85677656254,-42.26921951082,5.86));
#10177 = CARTESIAN_POINT('',(1.770702315914,-42.45738140481,5.86));
#10178 = CARTESIAN_POINT('',(1.731109218317,-42.55577736904,5.86));
#10179 = CARTESIAN_POINT('',(1.695863102149,-42.65609908414,5.86));
#10180 = CARTESIAN_POINT('',(1.664840431991,-42.75805779607,5.86));
#10181 = CARTESIAN_POINT('',(1.637873213663,-42.86138782769,5.86));
#10182 = CARTESIAN_POINT('',(1.582623479764,-43.11128173906,5.86));
#10183 = CARTESIAN_POINT('',(1.557971265403,-43.25890577177,5.86));
#10184 = CARTESIAN_POINT('',(1.540306494626,-43.40813496585,5.86));
#10185 = CARTESIAN_POINT('',(1.529058434763,-43.5584773111,5.86));
#10186 = CARTESIAN_POINT('',(1.523681640625,-43.70955973767,5.86));
#10187 = CARTESIAN_POINT('',(1.523681640625,-43.8611328125,5.86));
#10188 = ORIENTED_EDGE('',*,*,#10115,.F.);
#10189 = SURFACE_OF_LINEAR_EXTRUSION('',#10190,#10194);
#10190 = B_SPLINE_CURVE_WITH_KNOTS('',2,(#10191,#10192,#10193),
  .UNSPECIFIED.,.F.,.F.,(3,3),(0.,1.),.PIECEWISE_BEZIER_KNOTS.);
#10191 = CARTESIAN_POINT('',(1.523681640625,-43.8611328125,5.28));
#10192 = CARTESIAN_POINT('',(1.523681640625,-42.4724609375,5.28));
#10193 = CARTESIAN_POINT('',(2.27587890625,-41.67204589843,5.28));
#10194 = VECTOR('',#10195,1.);
#10195 = DIRECTION('',(-0.,-0.,-1.));
#10196 = ADVANCED_FACE('',(#10197),#10234,.F.);
#10197 = FACE_BOUND('',#10198,.F.);
#10198 = EDGE_LOOP('',(#10199,#10200,#10208,#10233));
#10199 = ORIENTED_EDGE('',*,*,#9328,.T.);
#10200 = ORIENTED_EDGE('',*,*,#10201,.T.);
#10201 = EDGE_CURVE('',#9306,#10202,#10204,.T.);
#10202 = VERTEX_POINT('',#10203);
#10203 = CARTESIAN_POINT('',(2.27587890625,-46.04636230468,5.86));
#10204 = LINE('',#10205,#10206);
#10205 = CARTESIAN_POINT('',(2.27587890625,-46.04636230468,5.28));
#10206 = VECTOR('',#10207,1.);
#10207 = DIRECTION('',(0.,0.,1.));
#10208 = ORIENTED_EDGE('',*,*,#10209,.F.);
#10209 = EDGE_CURVE('',#10157,#10202,#10210,.T.);
#10210 = B_SPLINE_CURVE_WITH_KNOTS('',6,(#10211,#10212,#10213,#10214,
    #10215,#10216,#10217,#10218,#10219,#10220,#10221,#10222,#10223,
    #10224,#10225,#10226,#10227,#10228,#10229,#10230,#10231,#10232),
  .UNSPECIFIED.,.F.,.F.,(7,5,5,5,7),(0.,0.371928960717,0.641700974999,
    0.898905370181,1.),.UNSPECIFIED.);
#10211 = CARTESIAN_POINT('',(1.523681640625,-43.8611328125,5.86));
#10212 = CARTESIAN_POINT('',(1.523681640625,-44.01110295694,5.86));
#10213 = CARTESIAN_POINT('',(1.528974681372,-44.16059128114,5.86));
#10214 = CARTESIAN_POINT('',(1.540041618696,-44.30935328618,5.86));
#10215 = CARTESIAN_POINT('',(1.557411509296,-44.45702592432,5.86));
#10216 = CARTESIAN_POINT('',(1.581636493738,-44.60313217835,5.86));
#10217 = CARTESIAN_POINT('',(1.636114590538,-44.8515186938,5.86));
#10218 = CARTESIAN_POINT('',(1.662883664262,-44.95480984944,5.86));
#10219 = CARTESIAN_POINT('',(1.693703977617,-45.05673946718,5.86));
#10220 = CARTESIAN_POINT('',(1.728742549218,-45.15704337694,5.86));
#10221 = CARTESIAN_POINT('',(1.768122053985,-45.25543459596,5.86));
#10222 = CARTESIAN_POINT('',(1.853627363282,-45.44331286438,5.86));
#10223 = CARTESIAN_POINT('',(1.899356214038,-45.53300782268,5.86));
#10224 = CARTESIAN_POINT('',(1.949121745026,-45.62043012909,5.86));
#10225 = CARTESIAN_POINT('',(2.002911868545,-45.70532673535,5.86));
#10226 = CARTESIAN_POINT('',(2.060649063569,-45.78746814425,5.86));
#10227 = CARTESIAN_POINT('',(2.14636195088,-45.89778123141,5.86));
#10228 = CARTESIAN_POINT('',(2.17113234404,-45.92845072407,5.86));
#10229 = CARTESIAN_POINT('',(2.196480119733,-45.9586531885,5.86));
#10230 = CARTESIAN_POINT('',(2.222395027066,-45.98837838054,5.86));
#10231 = CARTESIAN_POINT('',(2.248865549779,-46.0176173228,5.86));
#10232 = CARTESIAN_POINT('',(2.27587890625,-46.04636230468,5.86));
#10233 = ORIENTED_EDGE('',*,*,#10156,.F.);
#10234 = SURFACE_OF_LINEAR_EXTRUSION('',#10235,#10239);
#10235 = B_SPLINE_CURVE_WITH_KNOTS('',2,(#10236,#10237,#10238),
  .UNSPECIFIED.,.F.,.F.,(3,3),(0.,1.),.PIECEWISE_BEZIER_KNOTS.);
#10236 = CARTESIAN_POINT('',(2.27587890625,-46.04636230468,5.28));
#10237 = CARTESIAN_POINT('',(1.523681640625,-45.24594726562,5.28));
#10238 = CARTESIAN_POINT('',(1.523681640625,-43.8611328125,5.28));
#10239 = VECTOR('',#10240,1.);
#10240 = DIRECTION('',(-0.,-0.,-1.));
#10241 = ADVANCED_FACE('',(#10242),#10275,.F.);
#10242 = FACE_BOUND('',#10243,.F.);
#10243 = EDGE_LOOP('',(#10244,#10245,#10253,#10274));
#10244 = ORIENTED_EDGE('',*,*,#9305,.T.);
#10245 = ORIENTED_EDGE('',*,*,#10246,.T.);
#10246 = EDGE_CURVE('',#9295,#10247,#10249,.T.);
#10247 = VERTEX_POINT('',#10248);
#10248 = CARTESIAN_POINT('',(4.3357421875,-46.84677734375,5.86));
#10249 = LINE('',#10250,#10251);
#10250 = CARTESIAN_POINT('',(4.3357421875,-46.84677734375,5.28));
#10251 = VECTOR('',#10252,1.);
#10252 = DIRECTION('',(0.,0.,1.));
#10253 = ORIENTED_EDGE('',*,*,#10254,.F.);
#10254 = EDGE_CURVE('',#10202,#10247,#10255,.T.);
#10255 = B_SPLINE_CURVE_WITH_KNOTS('',5,(#10256,#10257,#10258,#10259,
    #10260,#10261,#10262,#10263,#10264,#10265,#10266,#10267,#10268,
    #10269,#10270,#10271,#10272,#10273),.UNSPECIFIED.,.F.,.F.,(6,4,4,4,6
    ),(0.,0.225338369059,0.45651149869,0.696462853256,1.),
  .UNSPECIFIED.);
#10256 = CARTESIAN_POINT('',(2.27587890625,-46.04636230468,5.86));
#10257 = CARTESIAN_POINT('',(2.345731356172,-46.12069247575,5.86));
#10258 = CARTESIAN_POINT('',(2.419201790337,-46.19137259288,5.86));
#10259 = CARTESIAN_POINT('',(2.496212203551,-46.25805150358,5.86));
#10260 = CARTESIAN_POINT('',(2.576599439087,-46.32044207938,5.86));
#10261 = CARTESIAN_POINT('',(2.745737107349,-46.43776636978,5.86));
#10262 = CARTESIAN_POINT('',(2.834658858924,-46.49247118128,5.86));
#10263 = CARTESIAN_POINT('',(2.9265553879,-46.54226134715,5.86));
#10264 = CARTESIAN_POINT('',(3.021073049063,-46.58708510313,5.86));
#10265 = CARTESIAN_POINT('',(3.218254107413,-46.66843583194,5.86));
#10266 = CARTESIAN_POINT('',(3.321097875579,-46.70458596375,5.86));
#10267 = CARTESIAN_POINT('',(3.42593912795,-46.73552439121,5.86));
#10268 = CARTESIAN_POINT('',(3.532382226164,-46.76146612574,5.86));
#10269 = CARTESIAN_POINT('',(3.776340103817,-46.8094993614,5.86));
#10270 = CARTESIAN_POINT('',(3.914611944752,-46.82874817645,5.86));
#10271 = CARTESIAN_POINT('',(4.054247733775,-46.84096011622,5.86));
#10272 = CARTESIAN_POINT('',(4.194735759374,-46.84677734375,5.86));
#10273 = CARTESIAN_POINT('',(4.3357421875,-46.84677734375,5.86));
#10274 = ORIENTED_EDGE('',*,*,#10201,.F.);
#10275 = SURFACE_OF_LINEAR_EXTRUSION('',#10276,#10280);
#10276 = B_SPLINE_CURVE_WITH_KNOTS('',2,(#10277,#10278,#10279),
  .UNSPECIFIED.,.F.,.F.,(3,3),(0.,1.),.PIECEWISE_BEZIER_KNOTS.);
#10277 = CARTESIAN_POINT('',(4.3357421875,-46.84677734375,5.28));
#10278 = CARTESIAN_POINT('',(3.028076171875,-46.84677734375,5.28));
#10279 = CARTESIAN_POINT('',(2.27587890625,-46.04636230468,5.28));
#10280 = VECTOR('',#10281,1.);
#10281 = DIRECTION('',(-0.,-0.,-1.));
#10282 = ADVANCED_FACE('',(#10283),#10304,.F.);
#10283 = FACE_BOUND('',#10284,.F.);
#10284 = EDGE_LOOP('',(#10285,#10286,#10294,#10303));
#10285 = ORIENTED_EDGE('',*,*,#9294,.T.);
#10286 = ORIENTED_EDGE('',*,*,#10287,.T.);
#10287 = EDGE_CURVE('',#9280,#10288,#10290,.T.);
#10288 = VERTEX_POINT('',#10289);
#10289 = CARTESIAN_POINT('',(5.302026367187,-46.70791015625,5.86));
#10290 = LINE('',#10291,#10292);
#10291 = CARTESIAN_POINT('',(5.302026367187,-46.70791015625,5.28));
#10292 = VECTOR('',#10293,1.);
#10293 = DIRECTION('',(0.,0.,1.));
#10294 = ORIENTED_EDGE('',*,*,#10295,.F.);
#10295 = EDGE_CURVE('',#10247,#10288,#10296,.T.);
#10296 = B_SPLINE_CURVE_WITH_KNOTS('',5,(#10297,#10298,#10299,#10300,
    #10301,#10302),.UNSPECIFIED.,.F.,.F.,(6,6),(0.,1.),
  .PIECEWISE_BEZIER_KNOTS.);
#10297 = CARTESIAN_POINT('',(4.3357421875,-46.84677734375,5.86));
#10298 = CARTESIAN_POINT('',(4.535528833306,-46.84677734375,5.86));
#10299 = CARTESIAN_POINT('',(4.732870384141,-46.83341527764,5.86));
#10300 = CARTESIAN_POINT('',(4.926954955462,-46.80600541971,5.86));
#10301 = CARTESIAN_POINT('',(5.116942748399,-46.76413809107,5.86));
#10302 = CARTESIAN_POINT('',(5.302026367187,-46.70791015625,5.86));
#10303 = ORIENTED_EDGE('',*,*,#10246,.F.);
#10304 = SURFACE_OF_LINEAR_EXTRUSION('',#10305,#10309);
#10305 = B_SPLINE_CURVE_WITH_KNOTS('',2,(#10306,#10307,#10308),
  .UNSPECIFIED.,.F.,.F.,(3,3),(0.,1.),.PIECEWISE_BEZIER_KNOTS.);
#10306 = CARTESIAN_POINT('',(5.302026367187,-46.70791015625,5.28));
#10307 = CARTESIAN_POINT('',(4.844921875,-46.84677734375,5.28));
#10308 = CARTESIAN_POINT('',(4.3357421875,-46.84677734375,5.28));
#10309 = VECTOR('',#10310,1.);
#10310 = DIRECTION('',(-0.,-0.,-1.));
#10311 = ADVANCED_FACE('',(#10312),#10337,.F.);
#10312 = FACE_BOUND('',#10313,.F.);
#10313 = EDGE_LOOP('',(#10314,#10315,#10323,#10336));
#10314 = ORIENTED_EDGE('',*,*,#9279,.T.);
#10315 = ORIENTED_EDGE('',*,*,#10316,.T.);
#10316 = EDGE_CURVE('',#9272,#10317,#10319,.T.);
#10317 = VERTEX_POINT('',#10318);
#10318 = CARTESIAN_POINT('',(6.168017578125,-46.29130859375,5.86));
#10319 = LINE('',#10320,#10321);
#10320 = CARTESIAN_POINT('',(6.168017578125,-46.29130859375,5.28));
#10321 = VECTOR('',#10322,1.);
#10322 = DIRECTION('',(0.,0.,1.));
#10323 = ORIENTED_EDGE('',*,*,#10324,.F.);
#10324 = EDGE_CURVE('',#10288,#10317,#10325,.T.);
#10325 = B_SPLINE_CURVE_WITH_KNOTS('',5,(#10326,#10327,#10328,#10329,
    #10330,#10331,#10332,#10333,#10334,#10335),.UNSPECIFIED.,.F.,.F.,(6,
    4,6),(0.,0.128375373887,1.),.UNSPECIFIED.);
#10326 = CARTESIAN_POINT('',(5.302026367187,-46.70791015625,5.86));
#10327 = CARTESIAN_POINT('',(5.325607145096,-46.70074637562,5.86));
#10328 = CARTESIAN_POINT('',(5.349112106172,-46.69335028856,5.86));
#10329 = CARTESIAN_POINT('',(5.372539716644,-46.68572217103,5.86));
#10330 = CARTESIAN_POINT('',(5.395888479443,-46.67786241591,5.86));
#10331 = CARTESIAN_POINT('',(5.577141737418,-46.61483722145,5.86));
#10332 = CARTESIAN_POINT('',(5.731430869134,-46.54924583642,5.86));
#10333 = CARTESIAN_POINT('',(5.881547108538,-46.47316179986,5.86));
#10334 = CARTESIAN_POINT('',(6.027152314302,-46.38699065974,5.86));
#10335 = CARTESIAN_POINT('',(6.168017578125,-46.29130859375,5.86));
#10336 = ORIENTED_EDGE('',*,*,#10287,.F.);
#10337 = SURFACE_OF_LINEAR_EXTRUSION('',#10338,#10342);
#10338 = B_SPLINE_CURVE_WITH_KNOTS('',2,(#10339,#10340,#10341),
  .UNSPECIFIED.,.F.,.F.,(3,3),(0.,1.),.PIECEWISE_BEZIER_KNOTS.);
#10339 = CARTESIAN_POINT('',(6.168017578125,-46.29130859375,5.28));
#10340 = CARTESIAN_POINT('',(5.759130859375,-46.56904296875,5.28));
#10341 = CARTESIAN_POINT('',(5.302026367187,-46.70791015625,5.28));
#10342 = VECTOR('',#10343,1.);
#10343 = DIRECTION('',(-0.,-0.,-1.));
#10344 = ADVANCED_FACE('',(#10345),#10363,.F.);
#10345 = FACE_BOUND('',#10346,.F.);
#10346 = EDGE_LOOP('',(#10347,#10348,#10356,#10362));
#10347 = ORIENTED_EDGE('',*,*,#9271,.T.);
#10348 = ORIENTED_EDGE('',*,*,#10349,.T.);
#10349 = EDGE_CURVE('',#9257,#10350,#10352,.T.);
#10350 = VERTEX_POINT('',#10351);
#10351 = CARTESIAN_POINT('',(6.168017578125,-45.47739257812,5.86));
#10352 = LINE('',#10353,#10354);
#10353 = CARTESIAN_POINT('',(6.168017578125,-45.47739257812,5.28));
#10354 = VECTOR('',#10355,1.);
#10355 = DIRECTION('',(0.,0.,1.));
#10356 = ORIENTED_EDGE('',*,*,#10357,.F.);
#10357 = EDGE_CURVE('',#10317,#10350,#10358,.T.);
#10358 = LINE('',#10359,#10360);
#10359 = CARTESIAN_POINT('',(6.168017578125,-44.94618214424,5.86));
#10360 = VECTOR('',#10361,1.);
#10361 = DIRECTION('',(0.,1.,0.));
#10362 = ORIENTED_EDGE('',*,*,#10316,.F.);
#10363 = PLANE('',#10364);
#10364 = AXIS2_PLACEMENT_3D('',#10365,#10366,#10367);
#10365 = CARTESIAN_POINT('',(6.168017578125,-45.47739257812,5.28));
#10366 = DIRECTION('',(1.,0.,0.));
#10367 = DIRECTION('',(0.,-1.,0.));
#10368 = ADVANCED_FACE('',(#10369),#10394,.F.);
#10369 = FACE_BOUND('',#10370,.F.);
#10370 = EDGE_LOOP('',(#10371,#10372,#10380,#10393));
#10371 = ORIENTED_EDGE('',*,*,#9256,.T.);
#10372 = ORIENTED_EDGE('',*,*,#10373,.T.);
#10373 = EDGE_CURVE('',#9242,#10374,#10376,.T.);
#10374 = VERTEX_POINT('',#10375);
#10375 = CARTESIAN_POINT('',(5.329028320312,-46.02514648437,5.86));
#10376 = LINE('',#10377,#10378);
#10377 = CARTESIAN_POINT('',(5.329028320312,-46.02514648437,5.28));
#10378 = VECTOR('',#10379,1.);
#10379 = DIRECTION('',(0.,0.,1.));
#10380 = ORIENTED_EDGE('',*,*,#10381,.F.);
#10381 = EDGE_CURVE('',#10350,#10374,#10382,.T.);
#10382 = B_SPLINE_CURVE_WITH_KNOTS('',5,(#10383,#10384,#10385,#10386,
    #10387,#10388,#10389,#10390,#10391,#10392),.UNSPECIFIED.,.F.,.F.,(6,
    4,6),(0.,0.507150215152,1.),.UNSPECIFIED.);
#10383 = CARTESIAN_POINT('',(6.168017578125,-45.47739257812,5.86));
#10384 = CARTESIAN_POINT('',(6.090848642551,-45.54926560635,5.86));
#10385 = CARTESIAN_POINT('',(6.011596165893,-45.61746155123,5.86));
#10386 = CARTESIAN_POINT('',(5.930265702197,-45.68173337262,5.86));
#10387 = CARTESIAN_POINT('',(5.846889842587,-45.74183707915,5.86));
#10388 = CARTESIAN_POINT('',(5.678600266856,-45.85170889411,5.86));
#10389 = CARTESIAN_POINT('',(5.593794862732,-45.90172156012,5.86));
#10390 = CARTESIAN_POINT('',(5.507194295632,-45.94739897395,5.86));
#10391 = CARTESIAN_POINT('',(5.418894909511,-45.98857739613,5.86));
#10392 = CARTESIAN_POINT('',(5.329028320312,-46.02514648437,5.86));
#10393 = ORIENTED_EDGE('',*,*,#10349,.F.);
#10394 = SURFACE_OF_LINEAR_EXTRUSION('',#10395,#10399);
#10395 = B_SPLINE_CURVE_WITH_KNOTS('',2,(#10396,#10397,#10398),
  .UNSPECIFIED.,.F.,.F.,(3,3),(0.,1.),.PIECEWISE_BEZIER_KNOTS.);
#10396 = CARTESIAN_POINT('',(5.329028320312,-46.02514648437,5.28));
#10397 = CARTESIAN_POINT('',(5.774560546875,-45.84384765625,5.28));
#10398 = CARTESIAN_POINT('',(6.168017578125,-45.47739257812,5.28));
#10399 = VECTOR('',#10400,1.);
#10400 = DIRECTION('',(-0.,-0.,-1.));
#10401 = ADVANCED_FACE('',(#10402),#10427,.F.);
#10402 = FACE_BOUND('',#10403,.F.);
#10403 = EDGE_LOOP('',(#10404,#10405,#10413,#10426));
#10404 = ORIENTED_EDGE('',*,*,#9241,.T.);
#10405 = ORIENTED_EDGE('',*,*,#10406,.T.);
#10406 = EDGE_CURVE('',#9219,#10407,#10409,.T.);
#10407 = VERTEX_POINT('',#10408);
#10408 = CARTESIAN_POINT('',(4.38203125,-46.2064453125,5.86));
#10409 = LINE('',#10410,#10411);
#10410 = CARTESIAN_POINT('',(4.38203125,-46.2064453125,5.28));
#10411 = VECTOR('',#10412,1.);
#10412 = DIRECTION('',(0.,0.,1.));
#10413 = ORIENTED_EDGE('',*,*,#10414,.F.);
#10414 = EDGE_CURVE('',#10374,#10407,#10415,.T.);
#10415 = B_SPLINE_CURVE_WITH_KNOTS('',5,(#10416,#10417,#10418,#10419,
    #10420,#10421,#10422,#10423,#10424,#10425),.UNSPECIFIED.,.F.,.F.,(6,
    4,6),(0.,0.218821373569,1.),.UNSPECIFIED.);
#10416 = CARTESIAN_POINT('',(5.329028320312,-46.02514648437,5.86));
#10417 = CARTESIAN_POINT('',(5.289869094919,-46.04108140726,5.86));
#10418 = CARTESIAN_POINT('',(5.250404268083,-46.05615544186,5.86));
#10419 = CARTESIAN_POINT('',(5.210644525312,-46.07036064587,5.86));
#10420 = CARTESIAN_POINT('',(5.170601345704,-46.08369113949,5.86));
#10421 = CARTESIAN_POINT('',(4.986367314569,-46.14059584571,5.86));
#10422 = CARTESIAN_POINT('',(4.838981674788,-46.17385544608,5.86));
#10423 = CARTESIAN_POINT('',(4.688716078797,-46.19573664909,5.86));
#10424 = CARTESIAN_POINT('',(4.536191033373,-46.2064453125,5.86));
#10425 = CARTESIAN_POINT('',(4.38203125,-46.2064453125,5.86));
#10426 = ORIENTED_EDGE('',*,*,#10373,.F.);
#10427 = SURFACE_OF_LINEAR_EXTRUSION('',#10428,#10432);
#10428 = B_SPLINE_CURVE_WITH_KNOTS('',2,(#10429,#10430,#10431),
  .UNSPECIFIED.,.F.,.F.,(3,3),(0.,1.),.PIECEWISE_BEZIER_KNOTS.);
#10429 = CARTESIAN_POINT('',(4.38203125,-46.2064453125,5.28));
#10430 = CARTESIAN_POINT('',(4.88349609375,-46.2064453125,5.28));
#10431 = CARTESIAN_POINT('',(5.329028320312,-46.02514648437,5.28));
#10432 = VECTOR('',#10433,1.);
#10433 = DIRECTION('',(-0.,-0.,-1.));
#10434 = ADVANCED_FACE('',(#10435),#10468,.F.);
#10435 = FACE_BOUND('',#10436,.F.);
#10436 = EDGE_LOOP('',(#10437,#10438,#10446,#10467));
#10437 = ORIENTED_EDGE('',*,*,#9218,.T.);
#10438 = ORIENTED_EDGE('',*,*,#10439,.T.);
#10439 = EDGE_CURVE('',#9196,#10440,#10442,.T.);
#10440 = VERTEX_POINT('',#10441);
#10441 = CARTESIAN_POINT('',(2.869921875,-45.60275878906,5.86));
#10442 = LINE('',#10443,#10444);
#10443 = CARTESIAN_POINT('',(2.869921875,-45.60275878906,5.28));
#10444 = VECTOR('',#10445,1.);
#10445 = DIRECTION('',(0.,0.,1.));
#10446 = ORIENTED_EDGE('',*,*,#10447,.F.);
#10447 = EDGE_CURVE('',#10407,#10440,#10448,.T.);
#10448 = B_SPLINE_CURVE_WITH_KNOTS('',5,(#10449,#10450,#10451,#10452,
    #10453,#10454,#10455,#10456,#10457,#10458,#10459,#10460,#10461,
    #10462,#10463,#10464,#10465,#10466),.UNSPECIFIED.,.F.,.F.,(6,4,4,4,6
    ),(0.,0.316977093831,0.563452269639,0.799596941666,1.),
  .UNSPECIFIED.);
#10449 = CARTESIAN_POINT('',(4.38203125,-46.2064453125,5.86));
#10450 = CARTESIAN_POINT('',(4.271307568492,-46.2064453125,5.86));
#10451 = CARTESIAN_POINT('',(4.161329639188,-46.20170136249,5.86));
#10452 = CARTESIAN_POINT('',(4.052402921109,-46.19172080506,5.86));
#10453 = CARTESIAN_POINT('',(3.944993373923,-46.17594768648,5.86));
#10454 = CARTESIAN_POINT('',(3.75780692775,-46.13677302531,5.86));
#10455 = CARTESIAN_POINT('',(3.677199086003,-46.11584898167,5.86));
#10456 = CARTESIAN_POINT('',(3.598152392266,-46.0909201616,5.86));
#10457 = CARTESIAN_POINT('',(3.521000809851,-46.06180652532,5.86));
#10458 = CARTESIAN_POINT('',(3.374317137813,-45.99648947906,5.86));
#10459 = CARTESIAN_POINT('',(3.304595848262,-45.96063213389,5.86));
#10460 = CARTESIAN_POINT('',(3.237237300085,-45.9208282889,5.86));
#10461 = CARTESIAN_POINT('',(3.172521257745,-45.8771214073,5.86));
#10462 = CARTESIAN_POINT('',(3.058182605853,-45.7894274915,5.86));
#10463 = CARTESIAN_POINT('',(3.007753939964,-45.74648094097,5.86));
#10464 = CARTESIAN_POINT('',(2.959520978752,-45.70094843952,5.86));
#10465 = CARTESIAN_POINT('',(2.913564505025,-45.65297990376,5.86));
#10466 = CARTESIAN_POINT('',(2.869921875,-45.60275878906,5.86));
#10467 = ORIENTED_EDGE('',*,*,#10406,.F.);
#10468 = SURFACE_OF_LINEAR_EXTRUSION('',#10469,#10473);
#10469 = B_SPLINE_CURVE_WITH_KNOTS('',2,(#10470,#10471,#10472),
  .UNSPECIFIED.,.F.,.F.,(3,3),(0.,1.),.PIECEWISE_BEZIER_KNOTS.);
#10470 = CARTESIAN_POINT('',(2.869921875,-45.60275878906,5.28));
#10471 = CARTESIAN_POINT('',(3.39453125,-46.2064453125,5.28));
#10472 = CARTESIAN_POINT('',(4.38203125,-46.2064453125,5.28));
#10473 = VECTOR('',#10474,1.);
#10474 = DIRECTION('',(-0.,-0.,-1.));
#10475 = ADVANCED_FACE('',(#10476),#10509,.F.);
#10476 = FACE_BOUND('',#10477,.F.);
#10477 = EDGE_LOOP('',(#10478,#10479,#10487,#10508));
#10478 = ORIENTED_EDGE('',*,*,#9195,.T.);
#10479 = ORIENTED_EDGE('',*,*,#10480,.T.);
#10480 = EDGE_CURVE('',#9173,#10481,#10483,.T.);
#10481 = VERTEX_POINT('',#10482);
#10482 = CARTESIAN_POINT('',(2.3453125,-43.8611328125,5.86));
#10483 = LINE('',#10484,#10485);
#10484 = CARTESIAN_POINT('',(2.3453125,-43.8611328125,5.28));
#10485 = VECTOR('',#10486,1.);
#10486 = DIRECTION('',(0.,0.,1.));
#10487 = ORIENTED_EDGE('',*,*,#10488,.F.);
#10488 = EDGE_CURVE('',#10440,#10481,#10489,.T.);
#10489 = B_SPLINE_CURVE_WITH_KNOTS('',5,(#10490,#10491,#10492,#10493,
    #10494,#10495,#10496,#10497,#10498,#10499,#10500,#10501,#10502,
    #10503,#10504,#10505,#10506,#10507),.UNSPECIFIED.,.F.,.F.,(6,4,4,4,6
    ),(0.,0.248329897332,0.51011570243,0.745384936479,1.),
  .UNSPECIFIED.);
#10490 = CARTESIAN_POINT('',(2.869921875,-45.60275878906,5.86));
#10491 = CARTESIAN_POINT('',(2.811562938155,-45.5356031007,5.86));
#10492 = CARTESIAN_POINT('',(2.757474125646,-45.46455989783,5.86));
#10493 = CARTESIAN_POINT('',(2.707839863779,-45.38997025047,5.86));
#10494 = CARTESIAN_POINT('',(2.66265747737,-45.31225065939,5.86));
#10495 = CARTESIAN_POINT('',(2.578772822623,-45.14704964628,5.86));
#10496 = CARTESIAN_POINT('',(2.540551789358,-45.05926195404,5.86));
#10497 = CARTESIAN_POINT('',(2.507025162033,-44.96895038982,5.86));
#10498 = CARTESIAN_POINT('',(2.4779261366,-44.87656706899,5.86));
#10499 = CARTESIAN_POINT('',(2.430536125556,-44.69790877347,5.86));
#10500 = CARTESIAN_POINT('',(2.4114490864,-44.61196406069,5.86));
#10501 = CARTESIAN_POINT('',(2.395494225714,-44.52489659165,5.86));
#10502 = CARTESIAN_POINT('',(2.382449107269,-44.43692003235,5.86));
#10503 = CARTESIAN_POINT('',(2.360915410809,-44.25217204227,5.86));
#10504 = CARTESIAN_POINT('',(2.352890387874,-44.15527582932,5.86));
#10505 = CARTESIAN_POINT('',(2.347768427313,-44.05770765245,5.86));
#10506 = CARTESIAN_POINT('',(2.3453125,-43.95962346249,5.86));
#10507 = CARTESIAN_POINT('',(2.3453125,-43.8611328125,5.86));
#10508 = ORIENTED_EDGE('',*,*,#10439,.F.);
#10509 = SURFACE_OF_LINEAR_EXTRUSION('',#10510,#10514);
#10510 = B_SPLINE_CURVE_WITH_KNOTS('',2,(#10511,#10512,#10513),
  .UNSPECIFIED.,.F.,.F.,(3,3),(0.,1.),.PIECEWISE_BEZIER_KNOTS.);
#10511 = CARTESIAN_POINT('',(2.3453125,-43.8611328125,5.28));
#10512 = CARTESIAN_POINT('',(2.3453125,-44.99907226562,5.28));
#10513 = CARTESIAN_POINT('',(2.869921875,-45.60275878906,5.28));
#10514 = VECTOR('',#10515,1.);
#10515 = DIRECTION('',(-0.,-0.,-1.));
#10516 = ADVANCED_FACE('',(#10517),#10550,.F.);
#10517 = FACE_BOUND('',#10518,.F.);
#10518 = EDGE_LOOP('',(#10519,#10520,#10528,#10549));
#10519 = ORIENTED_EDGE('',*,*,#9172,.T.);
#10520 = ORIENTED_EDGE('',*,*,#10521,.T.);
#10521 = EDGE_CURVE('',#9150,#10522,#10524,.T.);
#10522 = VERTEX_POINT('',#10523);
#10523 = CARTESIAN_POINT('',(2.869921875,-42.11564941406,5.86));
#10524 = LINE('',#10525,#10526);
#10525 = CARTESIAN_POINT('',(2.869921875,-42.11564941406,5.28));
#10526 = VECTOR('',#10527,1.);
#10527 = DIRECTION('',(0.,0.,1.));
#10528 = ORIENTED_EDGE('',*,*,#10529,.F.);
#10529 = EDGE_CURVE('',#10481,#10522,#10530,.T.);
#10530 = B_SPLINE_CURVE_WITH_KNOTS('',5,(#10531,#10532,#10533,#10534,
    #10535,#10536,#10537,#10538,#10539,#10540,#10541,#10542,#10543,
    #10544,#10545,#10546,#10547,#10548),.UNSPECIFIED.,.F.,.F.,(6,4,4,4,6
    ),(0.,0.257035181676,0.493243817295,0.75381239925,1.),
  .UNSPECIFIED.);
#10531 = CARTESIAN_POINT('',(2.3453125,-43.8611328125,5.86));
#10532 = CARTESIAN_POINT('',(2.3453125,-43.76149484049,5.86));
#10533 = CARTESIAN_POINT('',(2.347809035698,-43.66227076037,5.86));
#10534 = CARTESIAN_POINT('',(2.353018436918,-43.56357279185,5.86));
#10535 = CARTESIAN_POINT('',(2.36118556119,-43.46556165415,5.86));
#10536 = CARTESIAN_POINT('',(2.383058472523,-43.27920033008,5.86));
#10537 = CARTESIAN_POINT('',(2.396261280701,-43.1907140021,5.86));
#10538 = CARTESIAN_POINT('',(2.412402430129,-43.1031498768,5.86));
#10539 = CARTESIAN_POINT('',(2.43170903983,-43.01672603202,5.86));
#10540 = CARTESIAN_POINT('',(2.479426165077,-42.83791915473,5.86));
#10541 = CARTESIAN_POINT('',(2.508569995778,-42.74584225639,5.86));
#10542 = CARTESIAN_POINT('',(2.542115822914,-42.65583500715,5.86));
#10543 = CARTESIAN_POINT('',(2.580330082604,-42.56834846141,5.86));
#10544 = CARTESIAN_POINT('',(2.663989926375,-42.40404704474,5.86));
#10545 = CARTESIAN_POINT('',(2.708922207492,-42.32690493497,5.86));
#10546 = CARTESIAN_POINT('',(2.75824901513,-42.25286213127,5.86));
#10547 = CARTESIAN_POINT('',(2.811975168983,-42.18233073385,5.86));
#10548 = CARTESIAN_POINT('',(2.869921875,-42.11564941406,5.86));
#10549 = ORIENTED_EDGE('',*,*,#10480,.F.);
#10550 = SURFACE_OF_LINEAR_EXTRUSION('',#10551,#10555);
#10551 = B_SPLINE_CURVE_WITH_KNOTS('',2,(#10552,#10553,#10554),
  .UNSPECIFIED.,.F.,.F.,(3,3),(0.,1.),.PIECEWISE_BEZIER_KNOTS.);
#10552 = CARTESIAN_POINT('',(2.869921875,-42.11564941406,5.28));
#10553 = CARTESIAN_POINT('',(2.3453125,-42.7193359375,5.28));
#10554 = CARTESIAN_POINT('',(2.3453125,-43.8611328125,5.28));
#10555 = VECTOR('',#10556,1.);
#10556 = DIRECTION('',(-0.,-0.,-1.));
#10557 = ADVANCED_FACE('',(#10558),#10591,.F.);
#10558 = FACE_BOUND('',#10559,.F.);
#10559 = EDGE_LOOP('',(#10560,#10561,#10569,#10590));
#10560 = ORIENTED_EDGE('',*,*,#9149,.T.);
#10561 = ORIENTED_EDGE('',*,*,#10562,.T.);
#10562 = EDGE_CURVE('',#9135,#10563,#10565,.T.);
#10563 = VERTEX_POINT('',#10564);
#10564 = CARTESIAN_POINT('',(4.38203125,-41.51196289062,5.86));
#10565 = LINE('',#10566,#10567);
#10566 = CARTESIAN_POINT('',(4.38203125,-41.51196289062,5.28));
#10567 = VECTOR('',#10568,1.);
#10568 = DIRECTION('',(0.,0.,1.));
#10569 = ORIENTED_EDGE('',*,*,#10570,.F.);
#10570 = EDGE_CURVE('',#10522,#10563,#10571,.T.);
#10571 = B_SPLINE_CURVE_WITH_KNOTS('',5,(#10572,#10573,#10574,#10575,
    #10576,#10577,#10578,#10579,#10580,#10581,#10582,#10583,#10584,
    #10585,#10586,#10587,#10588,#10589),.UNSPECIFIED.,.F.,.F.,(6,4,4,4,6
    ),(0.,0.200403067151,0.437516610136,0.683022910424,1.),
  .UNSPECIFIED.);
#10572 = CARTESIAN_POINT('',(2.869921875,-42.11564941406,5.86));
#10573 = CARTESIAN_POINT('',(2.913564505025,-42.06542829936,5.86));
#10574 = CARTESIAN_POINT('',(2.959520978752,-42.01745976359,5.86));
#10575 = CARTESIAN_POINT('',(3.007753939964,-41.97192726214,5.86));
#10576 = CARTESIAN_POINT('',(3.058182605853,-41.92898071161,5.86));
#10577 = CARTESIAN_POINT('',(3.172775017411,-41.84109217065,5.86));
#10578 = CARTESIAN_POINT('',(3.237768422579,-41.7972213052,5.86));
#10579 = CARTESIAN_POINT('',(3.30542510196,-41.75728632556,5.86));
#10580 = CARTESIAN_POINT('',(3.375461601153,-41.72133064905,5.86));
#10581 = CARTESIAN_POINT('',(3.522214127873,-41.65614427717,5.86));
#10582 = CARTESIAN_POINT('',(3.599084693035,-41.6271942335,5.86));
#10583 = CARTESIAN_POINT('',(3.677832865379,-41.60239476945,5.86));
#10584 = CARTESIAN_POINT('',(3.758128800175,-41.58156781586,5.86));
#10585 = CARTESIAN_POINT('',(3.944993373923,-41.54246051664,5.86));
#10586 = CARTESIAN_POINT('',(4.052402921109,-41.52668739805,5.86));
#10587 = CARTESIAN_POINT('',(4.161329639188,-41.51670684062,5.86));
#10588 = CARTESIAN_POINT('',(4.271307568492,-41.51196289062,5.86));
#10589 = CARTESIAN_POINT('',(4.38203125,-41.51196289062,5.86));
#10590 = ORIENTED_EDGE('',*,*,#10521,.F.);
#10591 = SURFACE_OF_LINEAR_EXTRUSION('',#10592,#10596);
#10592 = B_SPLINE_CURVE_WITH_KNOTS('',2,(#10593,#10594,#10595),
  .UNSPECIFIED.,.F.,.F.,(3,3),(0.,1.),.PIECEWISE_BEZIER_KNOTS.);
#10593 = CARTESIAN_POINT('',(4.38203125,-41.51196289062,5.28));
#10594 = CARTESIAN_POINT('',(3.39453125,-41.51196289062,5.28));
#10595 = CARTESIAN_POINT('',(2.869921875,-42.11564941406,5.28));
#10596 = VECTOR('',#10597,1.);
#10597 = DIRECTION('',(-0.,-0.,-1.));
#10598 = ADVANCED_FACE('',(#10599),#10624,.F.);
#10599 = FACE_BOUND('',#10600,.F.);
#10600 = EDGE_LOOP('',(#10601,#10602,#10610,#10623));
#10601 = ORIENTED_EDGE('',*,*,#9134,.T.);
#10602 = ORIENTED_EDGE('',*,*,#10603,.T.);
#10603 = EDGE_CURVE('',#9120,#10604,#10606,.T.);
#10604 = VERTEX_POINT('',#10605);
#10605 = CARTESIAN_POINT('',(5.329028320312,-41.69326171875,5.86));
#10606 = LINE('',#10607,#10608);
#10607 = CARTESIAN_POINT('',(5.329028320312,-41.69326171875,5.28));
#10608 = VECTOR('',#10609,1.);
#10609 = DIRECTION('',(0.,0.,1.));
#10610 = ORIENTED_EDGE('',*,*,#10611,.F.);
#10611 = EDGE_CURVE('',#10563,#10604,#10612,.T.);
#10612 = B_SPLINE_CURVE_WITH_KNOTS('',5,(#10613,#10614,#10615,#10616,
    #10617,#10618,#10619,#10620,#10621,#10622),.UNSPECIFIED.,.F.,.F.,(6,
    4,6),(0.,0.781178626431,1.),.UNSPECIFIED.);
#10613 = CARTESIAN_POINT('',(4.38203125,-41.51196289062,5.86));
#10614 = CARTESIAN_POINT('',(4.536191033373,-41.51196289062,5.86));
#10615 = CARTESIAN_POINT('',(4.688716078797,-41.52267155403,5.86));
#10616 = CARTESIAN_POINT('',(4.838981674788,-41.54455275703,5.86));
#10617 = CARTESIAN_POINT('',(4.986367314569,-41.57781235741,5.86));
#10618 = CARTESIAN_POINT('',(5.170601345704,-41.63471706363,5.86));
#10619 = CARTESIAN_POINT('',(5.210644525312,-41.64804755725,5.86));
#10620 = CARTESIAN_POINT('',(5.250404268083,-41.66225276125,5.86));
#10621 = CARTESIAN_POINT('',(5.289869094919,-41.67732679586,5.86));
#10622 = CARTESIAN_POINT('',(5.329028320312,-41.69326171875,5.86));
#10623 = ORIENTED_EDGE('',*,*,#10562,.F.);
#10624 = SURFACE_OF_LINEAR_EXTRUSION('',#10625,#10629);
#10625 = B_SPLINE_CURVE_WITH_KNOTS('',2,(#10626,#10627,#10628),
  .UNSPECIFIED.,.F.,.F.,(3,3),(0.,1.),.PIECEWISE_BEZIER_KNOTS.);
#10626 = CARTESIAN_POINT('',(5.329028320312,-41.69326171875,5.28));
#10627 = CARTESIAN_POINT('',(4.88349609375,-41.51196289062,5.28));
#10628 = CARTESIAN_POINT('',(4.38203125,-41.51196289062,5.28));
#10629 = VECTOR('',#10630,1.);
#10630 = DIRECTION('',(-0.,-0.,-1.));
#10631 = ADVANCED_FACE('',(#10632),#10650,.F.);
#10632 = FACE_BOUND('',#10633,.F.);
#10633 = EDGE_LOOP('',(#10634,#10635,#10636,#10649));
#10634 = ORIENTED_EDGE('',*,*,#9119,.T.);
#10635 = ORIENTED_EDGE('',*,*,#10038,.T.);
#10636 = ORIENTED_EDGE('',*,*,#10637,.F.);
#10637 = EDGE_CURVE('',#10604,#10031,#10638,.T.);
#10638 = B_SPLINE_CURVE_WITH_KNOTS('',5,(#10639,#10640,#10641,#10642,
    #10643,#10644,#10645,#10646,#10647,#10648),.UNSPECIFIED.,.F.,.F.,(6,
    4,6),(0.,0.494844037979,1.),.UNSPECIFIED.);
#10639 = CARTESIAN_POINT('',(5.329028320312,-41.69326171875,5.86));
#10640 = CARTESIAN_POINT('',(5.419258542544,-41.72997877887,5.86));
#10641 = CARTESIAN_POINT('',(5.507908863463,-41.77134255485,5.86));
#10642 = CARTESIAN_POINT('',(5.594846040339,-41.81724135207,5.86));
#10643 = CARTESIAN_POINT('',(5.679972707315,-41.86750921357,5.86));
#10644 = CARTESIAN_POINT('',(5.848201087487,-41.97751689288,5.86));
#10645 = CARTESIAN_POINT('',(5.931225057036,-42.03743322417,5.86));
#10646 = CARTESIAN_POINT('',(6.012219425968,-42.10148304532,5.86));
#10647 = CARTESIAN_POINT('',(6.091152091974,-42.16942522123,5.86));
#10648 = CARTESIAN_POINT('',(6.168017578125,-42.241015625,5.86));
#10649 = ORIENTED_EDGE('',*,*,#10603,.F.);
#10650 = SURFACE_OF_LINEAR_EXTRUSION('',#10651,#10655);
#10651 = B_SPLINE_CURVE_WITH_KNOTS('',2,(#10652,#10653,#10654),
  .UNSPECIFIED.,.F.,.F.,(3,3),(0.,1.),.PIECEWISE_BEZIER_KNOTS.);
#10652 = CARTESIAN_POINT('',(6.168017578125,-42.241015625,5.28));
#10653 = CARTESIAN_POINT('',(5.774560546875,-41.87456054687,5.28));
#10654 = CARTESIAN_POINT('',(5.329028320312,-41.69326171875,5.28));
#10655 = VECTOR('',#10656,1.);
#10656 = DIRECTION('',(-0.,-0.,-1.));
#10657 = ADVANCED_FACE('',(#10658,#10665,#10669,#10677,#10682,#10692),
  #10712,.T.);
#10658 = FACE_BOUND('',#10659,.T.);
#10659 = EDGE_LOOP('',(#10660,#10661,#10662,#10663,#10664));
#10660 = ORIENTED_EDGE('',*,*,#9437,.T.);
#10661 = ORIENTED_EDGE('',*,*,#9448,.T.);
#10662 = ORIENTED_EDGE('',*,*,#9545,.T.);
#10663 = ORIENTED_EDGE('',*,*,#9524,.T.);
#10664 = ORIENTED_EDGE('',*,*,#9498,.T.);
#10665 = FACE_BOUND('',#10666,.T.);
#10666 = EDGE_LOOP('',(#10667,#10668));
#10667 = ORIENTED_EDGE('',*,*,#9975,.T.);
#10668 = ORIENTED_EDGE('',*,*,#10002,.F.);
#10669 = FACE_BOUND('',#10670,.T.);
#10670 = EDGE_LOOP('',(#10671,#10672,#10673,#10674,#10675,#10676));
#10671 = ORIENTED_EDGE('',*,*,#9637,.F.);
#10672 = ORIENTED_EDGE('',*,*,#9757,.F.);
#10673 = ORIENTED_EDGE('',*,*,#9740,.F.);
#10674 = ORIENTED_EDGE('',*,*,#9716,.F.);
#10675 = ORIENTED_EDGE('',*,*,#9692,.F.);
#10676 = ORIENTED_EDGE('',*,*,#9668,.F.);
#10677 = FACE_BOUND('',#10678,.T.);
#10678 = EDGE_LOOP('',(#10679,#10680,#10681));
#10679 = ORIENTED_EDGE('',*,*,#9561,.F.);
#10680 = ORIENTED_EDGE('',*,*,#9613,.T.);
#10681 = ORIENTED_EDGE('',*,*,#9572,.F.);
#10682 = FACE_BOUND('',#10683,.T.);
#10683 = EDGE_LOOP('',(#10684,#10685,#10686,#10687,#10688,#10689,#10690,
    #10691));
#10684 = ORIENTED_EDGE('',*,*,#9781,.F.);
#10685 = ORIENTED_EDGE('',*,*,#9949,.F.);
#10686 = ORIENTED_EDGE('',*,*,#9932,.F.);
#10687 = ORIENTED_EDGE('',*,*,#9908,.F.);
#10688 = ORIENTED_EDGE('',*,*,#9884,.F.);
#10689 = ORIENTED_EDGE('',*,*,#9860,.F.);
#10690 = ORIENTED_EDGE('',*,*,#9836,.F.);
#10691 = ORIENTED_EDGE('',*,*,#9812,.F.);
#10692 = FACE_BOUND('',#10693,.T.);
#10693 = EDGE_LOOP('',(#10694,#10695,#10696,#10697,#10698,#10699,#10700,
    #10701,#10702,#10703,#10704,#10705,#10706,#10707,#10708,#10709,
    #10710,#10711));
#10694 = ORIENTED_EDGE('',*,*,#10030,.F.);
#10695 = ORIENTED_EDGE('',*,*,#10637,.F.);
#10696 = ORIENTED_EDGE('',*,*,#10611,.F.);
#10697 = ORIENTED_EDGE('',*,*,#10570,.F.);
#10698 = ORIENTED_EDGE('',*,*,#10529,.F.);
#10699 = ORIENTED_EDGE('',*,*,#10488,.F.);
#10700 = ORIENTED_EDGE('',*,*,#10447,.F.);
#10701 = ORIENTED_EDGE('',*,*,#10414,.F.);
#10702 = ORIENTED_EDGE('',*,*,#10381,.F.);
#10703 = ORIENTED_EDGE('',*,*,#10357,.F.);
#10704 = ORIENTED_EDGE('',*,*,#10324,.F.);
#10705 = ORIENTED_EDGE('',*,*,#10295,.F.);
#10706 = ORIENTED_EDGE('',*,*,#10254,.F.);
#10707 = ORIENTED_EDGE('',*,*,#10209,.F.);
#10708 = ORIENTED_EDGE('',*,*,#10164,.F.);
#10709 = ORIENTED_EDGE('',*,*,#10123,.F.);
#10710 = ORIENTED_EDGE('',*,*,#10094,.F.);
#10711 = ORIENTED_EDGE('',*,*,#10061,.F.);
#10712 = PLANE('',#10713);
#10713 = AXIS2_PLACEMENT_3D('',#10714,#10715,#10716);
#10714 = CARTESIAN_POINT('',(1.952288403117,-44.41497171035,5.86));
#10715 = DIRECTION('',(0.,0.,1.));
#10716 = DIRECTION('',(0.978147600734,-0.207911690818,0.));
#10717 = ( GEOMETRIC_REPRESENTATION_CONTEXT(3) 
GLOBAL_UNCERTAINTY_ASSIGNED_CONTEXT((#10721)) 
GLOBAL_UNIT_ASSIGNED_CONTEXT((#10718,#10719,#10720)) 
REPRESENTATION_CONTEXT('Context #1',
  '3D Context with UNIT and UNCERTAINTY') );
#10718 = ( LENGTH_UNIT() NAMED_UNIT(*) SI_UNIT(.MILLI.,.METRE.) );
#10719 = ( NAMED_UNIT(*) PLANE_ANGLE_UNIT() SI_UNIT($,.RADIAN.) );
#10720 = ( NAMED_UNIT(*) SI_UNIT($,.STERADIAN.) SOLID_ANGLE_UNIT() );
#10721 = UNCERTAINTY_MEASURE_WITH_UNIT(LENGTH_MEASURE(2.E-06),#10718,
  'distance_accuracy_value','confusion accuracy');
#10722 = CONTEXT_DEPENDENT_SHAPE_REPRESENTATION(#10723,#10725);
#10723 = ( REPRESENTATION_RELATIONSHIP('','',#8890,#10) 
REPRESENTATION_RELATIONSHIP_WITH_TRANSFORMATION(#10724) 
SHAPE_REPRESENTATION_RELATIONSHIP() );
#10724 = ITEM_DEFINED_TRANSFORMATION('','',#11,#135);
#10725 = PRODUCT_DEFINITION_SHAPE('Placement','Placement of an item',
  #10726);
#10726 = NEXT_ASSEMBLY_USAGE_OCCURRENCE('248','','',#5,#8885,$);
#10727 = PRODUCT_RELATED_PRODUCT_CATEGORY('part',$,(#8887));
#10728 = SHAPE_DEFINITION_REPRESENTATION(#10729,#10735);
#10729 = PRODUCT_DEFINITION_SHAPE('','',#10730);
#10730 = PRODUCT_DEFINITION('design','',#10731,#10734);
#10731 = PRODUCT_DEFINITION_FORMATION('','',#10732);
#10732 = PRODUCT('Open CASCADE STEP translator 7.8 5.32',
  'Open CASCADE STEP translator 7.8 5.32','',(#10733));
#10733 = PRODUCT_CONTEXT('',#2,'mechanical');
#10734 = PRODUCT_DEFINITION_CONTEXT('part definition',#2,'design');
#10735 = ADVANCED_BREP_SHAPE_REPRESENTATION('',(#11,#10736),#11018);
#10736 = MANIFOLD_SOLID_BREP('',#10737);
#10737 = CLOSED_SHELL('',(#10738,#10778,#10809,#10840,#10871,#10902,
    #10933,#10964,#10986,#11002));
#10738 = ADVANCED_FACE('',(#10739),#10773,.T.);
#10739 = FACE_BOUND('',#10740,.T.);
#10740 = EDGE_LOOP('',(#10741,#10751,#10759,#10767));
#10741 = ORIENTED_EDGE('',*,*,#10742,.T.);
#10742 = EDGE_CURVE('',#10743,#10745,#10747,.T.);
#10743 = VERTEX_POINT('',#10744);
#10744 = CARTESIAN_POINT('',(-18.,-45.84,5.38));
#10745 = VERTEX_POINT('',#10746);
#10746 = CARTESIAN_POINT('',(-18.,-45.84,5.86));
#10747 = LINE('',#10748,#10749);
#10748 = CARTESIAN_POINT('',(-18.,-45.84,5.38));
#10749 = VECTOR('',#10750,1.);
#10750 = DIRECTION('',(0.,0.,1.));
#10751 = ORIENTED_EDGE('',*,*,#10752,.T.);
#10752 = EDGE_CURVE('',#10745,#10753,#10755,.T.);
#10753 = VERTEX_POINT('',#10754);
#10754 = CARTESIAN_POINT('',(-17.769,-46.269,5.86));
#10755 = LINE('',#10756,#10757);
#10756 = CARTESIAN_POINT('',(-18.,-45.84,5.86));
#10757 = VECTOR('',#10758,1.);
#10758 = DIRECTION('',(0.474099823035,-0.880471099922,0.));
#10759 = ORIENTED_EDGE('',*,*,#10760,.F.);
#10760 = EDGE_CURVE('',#10761,#10753,#10763,.T.);
#10761 = VERTEX_POINT('',#10762);
#10762 = CARTESIAN_POINT('',(-17.769,-46.269,5.38));
#10763 = LINE('',#10764,#10765);
#10764 = CARTESIAN_POINT('',(-17.769,-46.269,5.38));
#10765 = VECTOR('',#10766,1.);
#10766 = DIRECTION('',(0.,0.,1.));
#10767 = ORIENTED_EDGE('',*,*,#10768,.F.);
#10768 = EDGE_CURVE('',#10743,#10761,#10769,.T.);
#10769 = LINE('',#10770,#10771);
#10770 = CARTESIAN_POINT('',(-18.,-45.84,5.38));
#10771 = VECTOR('',#10772,1.);
#10772 = DIRECTION('',(0.474099823035,-0.880471099922,0.));
#10773 = PLANE('',#10774);
#10774 = AXIS2_PLACEMENT_3D('',#10775,#10776,#10777);
#10775 = CARTESIAN_POINT('',(-18.,-45.84,5.38));
#10776 = DIRECTION('',(0.880471099922,0.474099823035,-0.));
#10777 = DIRECTION('',(0.474099823035,-0.880471099922,0.));
#10778 = ADVANCED_FACE('',(#10779),#10804,.T.);
#10779 = FACE_BOUND('',#10780,.T.);
#10780 = EDGE_LOOP('',(#10781,#10782,#10790,#10798));
#10781 = ORIENTED_EDGE('',*,*,#10760,.T.);
#10782 = ORIENTED_EDGE('',*,*,#10783,.T.);
#10783 = EDGE_CURVE('',#10753,#10784,#10786,.T.);
#10784 = VERTEX_POINT('',#10785);
#10785 = CARTESIAN_POINT('',(-17.34,-46.5,5.86));
#10786 = LINE('',#10787,#10788);
#10787 = CARTESIAN_POINT('',(-17.769,-46.269,5.86));
#10788 = VECTOR('',#10789,1.);
#10789 = DIRECTION('',(0.880471099922,-0.474099823035,0.));
#10790 = ORIENTED_EDGE('',*,*,#10791,.F.);
#10791 = EDGE_CURVE('',#10792,#10784,#10794,.T.);
#10792 = VERTEX_POINT('',#10793);
#10793 = CARTESIAN_POINT('',(-17.34,-46.5,5.38));
#10794 = LINE('',#10795,#10796);
#10795 = CARTESIAN_POINT('',(-17.34,-46.5,5.38));
#10796 = VECTOR('',#10797,1.);
#10797 = DIRECTION('',(0.,0.,1.));
#10798 = ORIENTED_EDGE('',*,*,#10799,.F.);
#10799 = EDGE_CURVE('',#10761,#10792,#10800,.T.);
#10800 = LINE('',#10801,#10802);
#10801 = CARTESIAN_POINT('',(-17.769,-46.269,5.38));
#10802 = VECTOR('',#10803,1.);
#10803 = DIRECTION('',(0.880471099922,-0.474099823035,0.));
#10804 = PLANE('',#10805);
#10805 = AXIS2_PLACEMENT_3D('',#10806,#10807,#10808);
#10806 = CARTESIAN_POINT('',(-17.769,-46.269,5.38));
#10807 = DIRECTION('',(0.474099823035,0.880471099922,-0.));
#10808 = DIRECTION('',(0.880471099922,-0.474099823035,0.));
#10809 = ADVANCED_FACE('',(#10810),#10835,.T.);
#10810 = FACE_BOUND('',#10811,.T.);
#10811 = EDGE_LOOP('',(#10812,#10813,#10821,#10829));
#10812 = ORIENTED_EDGE('',*,*,#10791,.T.);
#10813 = ORIENTED_EDGE('',*,*,#10814,.T.);
#10814 = EDGE_CURVE('',#10784,#10815,#10817,.T.);
#10815 = VERTEX_POINT('',#10816);
#10816 = CARTESIAN_POINT('',(-17.769,-46.731,5.86));
#10817 = LINE('',#10818,#10819);
#10818 = CARTESIAN_POINT('',(-17.34,-46.5,5.86));
#10819 = VECTOR('',#10820,1.);
#10820 = DIRECTION('',(-0.880471099922,-0.474099823035,0.));
#10821 = ORIENTED_EDGE('',*,*,#10822,.F.);
#10822 = EDGE_CURVE('',#10823,#10815,#10825,.T.);
#10823 = VERTEX_POINT('',#10824);
#10824 = CARTESIAN_POINT('',(-17.769,-46.731,5.38));
#10825 = LINE('',#10826,#10827);
#10826 = CARTESIAN_POINT('',(-17.769,-46.731,5.38));
#10827 = VECTOR('',#10828,1.);
#10828 = DIRECTION('',(0.,0.,1.));
#10829 = ORIENTED_EDGE('',*,*,#10830,.F.);
#10830 = EDGE_CURVE('',#10792,#10823,#10831,.T.);
#10831 = LINE('',#10832,#10833);
#10832 = CARTESIAN_POINT('',(-17.34,-46.5,5.38));
#10833 = VECTOR('',#10834,1.);
#10834 = DIRECTION('',(-0.880471099922,-0.474099823035,0.));
#10835 = PLANE('',#10836);
#10836 = AXIS2_PLACEMENT_3D('',#10837,#10838,#10839);
#10837 = CARTESIAN_POINT('',(-17.34,-46.5,5.38));
#10838 = DIRECTION('',(0.474099823035,-0.880471099922,0.));
#10839 = DIRECTION('',(-0.880471099922,-0.474099823035,0.));
#10840 = ADVANCED_FACE('',(#10841),#10866,.T.);
#10841 = FACE_BOUND('',#10842,.T.);
#10842 = EDGE_LOOP('',(#10843,#10844,#10852,#10860));
#10843 = ORIENTED_EDGE('',*,*,#10822,.T.);
#10844 = ORIENTED_EDGE('',*,*,#10845,.T.);
#10845 = EDGE_CURVE('',#10815,#10846,#10848,.T.);
#10846 = VERTEX_POINT('',#10847);
#10847 = CARTESIAN_POINT('',(-18.,-47.16,5.86));
#10848 = LINE('',#10849,#10850);
#10849 = CARTESIAN_POINT('',(-17.769,-46.731,5.86));
#10850 = VECTOR('',#10851,1.);
#10851 = DIRECTION('',(-0.474099823035,-0.880471099922,0.));
#10852 = ORIENTED_EDGE('',*,*,#10853,.F.);
#10853 = EDGE_CURVE('',#10854,#10846,#10856,.T.);
#10854 = VERTEX_POINT('',#10855);
#10855 = CARTESIAN_POINT('',(-18.,-47.16,5.38));
#10856 = LINE('',#10857,#10858);
#10857 = CARTESIAN_POINT('',(-18.,-47.16,5.38));
#10858 = VECTOR('',#10859,1.);
#10859 = DIRECTION('',(0.,0.,1.));
#10860 = ORIENTED_EDGE('',*,*,#10861,.F.);
#10861 = EDGE_CURVE('',#10823,#10854,#10862,.T.);
#10862 = LINE('',#10863,#10864);
#10863 = CARTESIAN_POINT('',(-17.769,-46.731,5.38));
#10864 = VECTOR('',#10865,1.);
#10865 = DIRECTION('',(-0.474099823035,-0.880471099922,0.));
#10866 = PLANE('',#10867);
#10867 = AXIS2_PLACEMENT_3D('',#10868,#10869,#10870);
#10868 = CARTESIAN_POINT('',(-17.769,-46.731,5.38));
#10869 = DIRECTION('',(0.880471099922,-0.474099823035,0.));
#10870 = DIRECTION('',(-0.474099823035,-0.880471099922,0.));
#10871 = ADVANCED_FACE('',(#10872),#10897,.T.);
#10872 = FACE_BOUND('',#10873,.T.);
#10873 = EDGE_LOOP('',(#10874,#10875,#10883,#10891));
#10874 = ORIENTED_EDGE('',*,*,#10853,.T.);
#10875 = ORIENTED_EDGE('',*,*,#10876,.T.);
#10876 = EDGE_CURVE('',#10846,#10877,#10879,.T.);
#10877 = VERTEX_POINT('',#10878);
#10878 = CARTESIAN_POINT('',(-18.231,-46.731,5.86));
#10879 = LINE('',#10880,#10881);
#10880 = CARTESIAN_POINT('',(-18.,-47.16,5.86));
#10881 = VECTOR('',#10882,1.);
#10882 = DIRECTION('',(-0.474099823035,0.880471099922,0.));
#10883 = ORIENTED_EDGE('',*,*,#10884,.F.);
#10884 = EDGE_CURVE('',#10885,#10877,#10887,.T.);
#10885 = VERTEX_POINT('',#10886);
#10886 = CARTESIAN_POINT('',(-18.231,-46.731,5.38));
#10887 = LINE('',#10888,#10889);
#10888 = CARTESIAN_POINT('',(-18.231,-46.731,5.38));
#10889 = VECTOR('',#10890,1.);
#10890 = DIRECTION('',(0.,0.,1.));
#10891 = ORIENTED_EDGE('',*,*,#10892,.F.);
#10892 = EDGE_CURVE('',#10854,#10885,#10893,.T.);
#10893 = LINE('',#10894,#10895);
#10894 = CARTESIAN_POINT('',(-18.,-47.16,5.38));
#10895 = VECTOR('',#10896,1.);
#10896 = DIRECTION('',(-0.474099823035,0.880471099922,0.));
#10897 = PLANE('',#10898);
#10898 = AXIS2_PLACEMENT_3D('',#10899,#10900,#10901);
#10899 = CARTESIAN_POINT('',(-18.,-47.16,5.38));
#10900 = DIRECTION('',(-0.880471099922,-0.474099823035,0.));
#10901 = DIRECTION('',(-0.474099823035,0.880471099922,0.));
#10902 = ADVANCED_FACE('',(#10903),#10928,.T.);
#10903 = FACE_BOUND('',#10904,.T.);
#10904 = EDGE_LOOP('',(#10905,#10906,#10914,#10922));
#10905 = ORIENTED_EDGE('',*,*,#10884,.T.);
#10906 = ORIENTED_EDGE('',*,*,#10907,.T.);
#10907 = EDGE_CURVE('',#10877,#10908,#10910,.T.);
#10908 = VERTEX_POINT('',#10909);
#10909 = CARTESIAN_POINT('',(-18.66,-46.5,5.86));
#10910 = LINE('',#10911,#10912);
#10911 = CARTESIAN_POINT('',(-18.231,-46.731,5.86));
#10912 = VECTOR('',#10913,1.);
#10913 = DIRECTION('',(-0.880471099922,0.474099823035,0.));
#10914 = ORIENTED_EDGE('',*,*,#10915,.F.);
#10915 = EDGE_CURVE('',#10916,#10908,#10918,.T.);
#10916 = VERTEX_POINT('',#10917);
#10917 = CARTESIAN_POINT('',(-18.66,-46.5,5.38));
#10918 = LINE('',#10919,#10920);
#10919 = CARTESIAN_POINT('',(-18.66,-46.5,5.38));
#10920 = VECTOR('',#10921,1.);
#10921 = DIRECTION('',(0.,0.,1.));
#10922 = ORIENTED_EDGE('',*,*,#10923,.F.);
#10923 = EDGE_CURVE('',#10885,#10916,#10924,.T.);
#10924 = LINE('',#10925,#10926);
#10925 = CARTESIAN_POINT('',(-18.231,-46.731,5.38));
#10926 = VECTOR('',#10927,1.);
#10927 = DIRECTION('',(-0.880471099922,0.474099823035,0.));
#10928 = PLANE('',#10929);
#10929 = AXIS2_PLACEMENT_3D('',#10930,#10931,#10932);
#10930 = CARTESIAN_POINT('',(-18.231,-46.731,5.38));
#10931 = DIRECTION('',(-0.474099823035,-0.880471099922,0.));
#10932 = DIRECTION('',(-0.880471099922,0.474099823035,0.));
#10933 = ADVANCED_FACE('',(#10934),#10959,.T.);
#10934 = FACE_BOUND('',#10935,.T.);
#10935 = EDGE_LOOP('',(#10936,#10937,#10945,#10953));
#10936 = ORIENTED_EDGE('',*,*,#10915,.T.);
#10937 = ORIENTED_EDGE('',*,*,#10938,.T.);
#10938 = EDGE_CURVE('',#10908,#10939,#10941,.T.);
#10939 = VERTEX_POINT('',#10940);
#10940 = CARTESIAN_POINT('',(-18.231,-46.269,5.86));
#10941 = LINE('',#10942,#10943);
#10942 = CARTESIAN_POINT('',(-18.66,-46.5,5.86));
#10943 = VECTOR('',#10944,1.);
#10944 = DIRECTION('',(0.880471099922,0.474099823035,0.));
#10945 = ORIENTED_EDGE('',*,*,#10946,.F.);
#10946 = EDGE_CURVE('',#10947,#10939,#10949,.T.);
#10947 = VERTEX_POINT('',#10948);
#10948 = CARTESIAN_POINT('',(-18.231,-46.269,5.38));
#10949 = LINE('',#10950,#10951);
#10950 = CARTESIAN_POINT('',(-18.231,-46.269,5.38));
#10951 = VECTOR('',#10952,1.);
#10952 = DIRECTION('',(0.,0.,1.));
#10953 = ORIENTED_EDGE('',*,*,#10954,.F.);
#10954 = EDGE_CURVE('',#10916,#10947,#10955,.T.);
#10955 = LINE('',#10956,#10957);
#10956 = CARTESIAN_POINT('',(-18.66,-46.5,5.38));
#10957 = VECTOR('',#10958,1.);
#10958 = DIRECTION('',(0.880471099922,0.474099823035,0.));
#10959 = PLANE('',#10960);
#10960 = AXIS2_PLACEMENT_3D('',#10961,#10962,#10963);
#10961 = CARTESIAN_POINT('',(-18.66,-46.5,5.38));
#10962 = DIRECTION('',(-0.474099823035,0.880471099922,0.));
#10963 = DIRECTION('',(0.880471099922,0.474099823035,0.));
#10964 = ADVANCED_FACE('',(#10965),#10981,.T.);
#10965 = FACE_BOUND('',#10966,.T.);
#10966 = EDGE_LOOP('',(#10967,#10968,#10974,#10975));
#10967 = ORIENTED_EDGE('',*,*,#10946,.T.);
#10968 = ORIENTED_EDGE('',*,*,#10969,.T.);
#10969 = EDGE_CURVE('',#10939,#10745,#10970,.T.);
#10970 = LINE('',#10971,#10972);
#10971 = CARTESIAN_POINT('',(-18.231,-46.269,5.86));
#10972 = VECTOR('',#10973,1.);
#10973 = DIRECTION('',(0.474099823035,0.880471099922,0.));
#10974 = ORIENTED_EDGE('',*,*,#10742,.F.);
#10975 = ORIENTED_EDGE('',*,*,#10976,.F.);
#10976 = EDGE_CURVE('',#10947,#10743,#10977,.T.);
#10977 = LINE('',#10978,#10979);
#10978 = CARTESIAN_POINT('',(-18.231,-46.269,5.38));
#10979 = VECTOR('',#10980,1.);
#10980 = DIRECTION('',(0.474099823035,0.880471099922,0.));
#10981 = PLANE('',#10982);
#10982 = AXIS2_PLACEMENT_3D('',#10983,#10984,#10985);
#10983 = CARTESIAN_POINT('',(-18.231,-46.269,5.38));
#10984 = DIRECTION('',(-0.880471099922,0.474099823035,0.));
#10985 = DIRECTION('',(0.474099823035,0.880471099922,0.));
#10986 = ADVANCED_FACE('',(#10987),#10997,.T.);
#10987 = FACE_BOUND('',#10988,.T.);
#10988 = EDGE_LOOP('',(#10989,#10990,#10991,#10992,#10993,#10994,#10995,
    #10996));
#10989 = ORIENTED_EDGE('',*,*,#10768,.T.);
#10990 = ORIENTED_EDGE('',*,*,#10799,.T.);
#10991 = ORIENTED_EDGE('',*,*,#10830,.T.);
#10992 = ORIENTED_EDGE('',*,*,#10861,.T.);
#10993 = ORIENTED_EDGE('',*,*,#10892,.T.);
#10994 = ORIENTED_EDGE('',*,*,#10923,.T.);
#10995 = ORIENTED_EDGE('',*,*,#10954,.T.);
#10996 = ORIENTED_EDGE('',*,*,#10976,.T.);
#10997 = PLANE('',#10998);
#10998 = AXIS2_PLACEMENT_3D('',#10999,#11000,#11001);
#10999 = CARTESIAN_POINT('',(-18.,-46.5,5.38));
#11000 = DIRECTION('',(-0.,-0.,-1.));
#11001 = DIRECTION('',(-1.,0.,0.));
#11002 = ADVANCED_FACE('',(#11003),#11013,.F.);
#11003 = FACE_BOUND('',#11004,.F.);
#11004 = EDGE_LOOP('',(#11005,#11006,#11007,#11008,#11009,#11010,#11011,
    #11012));
#11005 = ORIENTED_EDGE('',*,*,#10752,.T.);
#11006 = ORIENTED_EDGE('',*,*,#10783,.T.);
#11007 = ORIENTED_EDGE('',*,*,#10814,.T.);
#11008 = ORIENTED_EDGE('',*,*,#10845,.T.);
#11009 = ORIENTED_EDGE('',*,*,#10876,.T.);
#11010 = ORIENTED_EDGE('',*,*,#10907,.T.);
#11011 = ORIENTED_EDGE('',*,*,#10938,.T.);
#11012 = ORIENTED_EDGE('',*,*,#10969,.T.);
#11013 = PLANE('',#11014);
#11014 = AXIS2_PLACEMENT_3D('',#11015,#11016,#11017);
#11015 = CARTESIAN_POINT('',(-18.,-46.5,5.86));
#11016 = DIRECTION('',(-0.,-0.,-1.));
#11017 = DIRECTION('',(-1.,0.,0.));
#11018 = ( GEOMETRIC_REPRESENTATION_CONTEXT(3) 
GLOBAL_UNCERTAINTY_ASSIGNED_CONTEXT((#11022)) 
GLOBAL_UNIT_ASSIGNED_CONTEXT((#11019,#11020,#11021)) 
REPRESENTATION_CONTEXT('Context #1',
  '3D Context with UNIT and UNCERTAINTY') );
#11019 = ( LENGTH_UNIT() NAMED_UNIT(*) SI_UNIT(.MILLI.,.METRE.) );
#11020 = ( NAMED_UNIT(*) PLANE_ANGLE_UNIT() SI_UNIT($,.RADIAN.) );
#11021 = ( NAMED_UNIT(*) SI_UNIT($,.STERADIAN.) SOLID_ANGLE_UNIT() );
#11022 = UNCERTAINTY_MEASURE_WITH_UNIT(LENGTH_MEASURE(1.E-07),#11019,
  'distance_accuracy_value','confusion accuracy');
#11023 = CONTEXT_DEPENDENT_SHAPE_REPRESENTATION(#11024,#11026);
#11024 = ( REPRESENTATION_RELATIONSHIP('','',#10735,#10) 
REPRESENTATION_RELATIONSHIP_WITH_TRANSFORMATION(#11025) 
SHAPE_REPRESENTATION_RELATIONSHIP() );
#11025 = ITEM_DEFINED_TRANSFORMATION('','',#11,#139);
#11026 = PRODUCT_DEFINITION_SHAPE('Placement','Placement of an item',
  #11027);
#11027 = NEXT_ASSEMBLY_USAGE_OCCURRENCE('249','','',#5,#10730,$);
#11028 = PRODUCT_RELATED_PRODUCT_CATEGORY('part',$,(#10732));
#11029 = SHAPE_DEFINITION_REPRESENTATION(#11030,#11036);
#11030 = PRODUCT_DEFINITION_SHAPE('','',#11031);
#11031 = PRODUCT_DEFINITION('design','',#11032,#11035);
#11032 = PRODUCT_DEFINITION_FORMATION('','',#11033);
#11033 = PRODUCT('Open CASCADE STEP translator 7.8 5.33',
  'Open CASCADE STEP translator 7.8 5.33','',(#11034));
#11034 = PRODUCT_CONTEXT('',#2,'mechanical');
#11035 = PRODUCT_DEFINITION_CONTEXT('part definition',#2,'design');
#11036 = ADVANCED_BREP_SHAPE_REPRESENTATION('',(#11,#11037),#11319);
#11037 = MANIFOLD_SOLID_BREP('',#11038);
#11038 = CLOSED_SHELL('',(#11039,#11079,#11110,#11141,#11172,#11203,
    #11234,#11265,#11287,#11303));
#11039 = ADVANCED_FACE('',(#11040),#11074,.T.);
#11040 = FACE_BOUND('',#11041,.T.);
#11041 = EDGE_LOOP('',(#11042,#11052,#11060,#11068));
#11042 = ORIENTED_EDGE('',*,*,#11043,.T.);
#11043 = EDGE_CURVE('',#11044,#11046,#11048,.T.);
#11044 = VERTEX_POINT('',#11045);
#11045 = CARTESIAN_POINT('',(17.5,-47.54,5.38));
#11046 = VERTEX_POINT('',#11047);
#11047 = CARTESIAN_POINT('',(17.5,-47.54,5.86));
#11048 = LINE('',#11049,#11050);
#11049 = CARTESIAN_POINT('',(17.5,-47.54,5.38));
#11050 = VECTOR('',#11051,1.);
#11051 = DIRECTION('',(0.,0.,1.));
#11052 = ORIENTED_EDGE('',*,*,#11053,.T.);
#11053 = EDGE_CURVE('',#11046,#11054,#11056,.T.);
#11054 = VERTEX_POINT('',#11055);
#11055 = CARTESIAN_POINT('',(17.661,-47.839,5.86));
#11056 = LINE('',#11057,#11058);
#11057 = CARTESIAN_POINT('',(17.5,-47.54,5.86));
#11058 = VECTOR('',#11059,1.);
#11059 = DIRECTION('',(0.474099823035,-0.880471099922,0.));
#11060 = ORIENTED_EDGE('',*,*,#11061,.F.);
#11061 = EDGE_CURVE('',#11062,#11054,#11064,.T.);
#11062 = VERTEX_POINT('',#11063);
#11063 = CARTESIAN_POINT('',(17.661,-47.839,5.38));
#11064 = LINE('',#11065,#11066);
#11065 = CARTESIAN_POINT('',(17.661,-47.839,5.38));
#11066 = VECTOR('',#11067,1.);
#11067 = DIRECTION('',(0.,0.,1.));
#11068 = ORIENTED_EDGE('',*,*,#11069,.F.);
#11069 = EDGE_CURVE('',#11044,#11062,#11070,.T.);
#11070 = LINE('',#11071,#11072);
#11071 = CARTESIAN_POINT('',(17.5,-47.54,5.38));
#11072 = VECTOR('',#11073,1.);
#11073 = DIRECTION('',(0.474099823035,-0.880471099922,0.));
#11074 = PLANE('',#11075);
#11075 = AXIS2_PLACEMENT_3D('',#11076,#11077,#11078);
#11076 = CARTESIAN_POINT('',(17.5,-47.54,5.38));
#11077 = DIRECTION('',(0.880471099922,0.474099823035,-0.));
#11078 = DIRECTION('',(0.474099823035,-0.880471099922,0.));
#11079 = ADVANCED_FACE('',(#11080),#11105,.T.);
#11080 = FACE_BOUND('',#11081,.T.);
#11081 = EDGE_LOOP('',(#11082,#11083,#11091,#11099));
#11082 = ORIENTED_EDGE('',*,*,#11061,.T.);
#11083 = ORIENTED_EDGE('',*,*,#11084,.T.);
#11084 = EDGE_CURVE('',#11054,#11085,#11087,.T.);
#11085 = VERTEX_POINT('',#11086);
#11086 = CARTESIAN_POINT('',(17.96,-48.,5.86));
#11087 = LINE('',#11088,#11089);
#11088 = CARTESIAN_POINT('',(17.661,-47.839,5.86));
#11089 = VECTOR('',#11090,1.);
#11090 = DIRECTION('',(0.880471099922,-0.474099823035,0.));
#11091 = ORIENTED_EDGE('',*,*,#11092,.F.);
#11092 = EDGE_CURVE('',#11093,#11085,#11095,.T.);
#11093 = VERTEX_POINT('',#11094);
#11094 = CARTESIAN_POINT('',(17.96,-48.,5.38));
#11095 = LINE('',#11096,#11097);
#11096 = CARTESIAN_POINT('',(17.96,-48.,5.38));
#11097 = VECTOR('',#11098,1.);
#11098 = DIRECTION('',(0.,0.,1.));
#11099 = ORIENTED_EDGE('',*,*,#11100,.F.);
#11100 = EDGE_CURVE('',#11062,#11093,#11101,.T.);
#11101 = LINE('',#11102,#11103);
#11102 = CARTESIAN_POINT('',(17.661,-47.839,5.38));
#11103 = VECTOR('',#11104,1.);
#11104 = DIRECTION('',(0.880471099922,-0.474099823035,0.));
#11105 = PLANE('',#11106);
#11106 = AXIS2_PLACEMENT_3D('',#11107,#11108,#11109);
#11107 = CARTESIAN_POINT('',(17.661,-47.839,5.38));
#11108 = DIRECTION('',(0.474099823035,0.880471099922,-0.));
#11109 = DIRECTION('',(0.880471099922,-0.474099823035,0.));
#11110 = ADVANCED_FACE('',(#11111),#11136,.T.);
#11111 = FACE_BOUND('',#11112,.T.);
#11112 = EDGE_LOOP('',(#11113,#11114,#11122,#11130));
#11113 = ORIENTED_EDGE('',*,*,#11092,.T.);
#11114 = ORIENTED_EDGE('',*,*,#11115,.T.);
#11115 = EDGE_CURVE('',#11085,#11116,#11118,.T.);
#11116 = VERTEX_POINT('',#11117);
#11117 = CARTESIAN_POINT('',(17.661,-48.161,5.86));
#11118 = LINE('',#11119,#11120);
#11119 = CARTESIAN_POINT('',(17.96,-48.,5.86));
#11120 = VECTOR('',#11121,1.);
#11121 = DIRECTION('',(-0.880471099922,-0.474099823035,0.));
#11122 = ORIENTED_EDGE('',*,*,#11123,.F.);
#11123 = EDGE_CURVE('',#11124,#11116,#11126,.T.);
#11124 = VERTEX_POINT('',#11125);
#11125 = CARTESIAN_POINT('',(17.661,-48.161,5.38));
#11126 = LINE('',#11127,#11128);
#11127 = CARTESIAN_POINT('',(17.661,-48.161,5.38));
#11128 = VECTOR('',#11129,1.);
#11129 = DIRECTION('',(0.,0.,1.));
#11130 = ORIENTED_EDGE('',*,*,#11131,.F.);
#11131 = EDGE_CURVE('',#11093,#11124,#11132,.T.);
#11132 = LINE('',#11133,#11134);
#11133 = CARTESIAN_POINT('',(17.96,-48.,5.38));
#11134 = VECTOR('',#11135,1.);
#11135 = DIRECTION('',(-0.880471099922,-0.474099823035,0.));
#11136 = PLANE('',#11137);
#11137 = AXIS2_PLACEMENT_3D('',#11138,#11139,#11140);
#11138 = CARTESIAN_POINT('',(17.96,-48.,5.38));
#11139 = DIRECTION('',(0.474099823035,-0.880471099922,0.));
#11140 = DIRECTION('',(-0.880471099922,-0.474099823035,0.));
#11141 = ADVANCED_FACE('',(#11142),#11167,.T.);
#11142 = FACE_BOUND('',#11143,.T.);
#11143 = EDGE_LOOP('',(#11144,#11145,#11153,#11161));
#11144 = ORIENTED_EDGE('',*,*,#11123,.T.);
#11145 = ORIENTED_EDGE('',*,*,#11146,.T.);
#11146 = EDGE_CURVE('',#11116,#11147,#11149,.T.);
#11147 = VERTEX_POINT('',#11148);
#11148 = CARTESIAN_POINT('',(17.5,-48.46,5.86));
#11149 = LINE('',#11150,#11151);
#11150 = CARTESIAN_POINT('',(17.661,-48.161,5.86));
#11151 = VECTOR('',#11152,1.);
#11152 = DIRECTION('',(-0.474099823035,-0.880471099922,0.));
#11153 = ORIENTED_EDGE('',*,*,#11154,.F.);
#11154 = EDGE_CURVE('',#11155,#11147,#11157,.T.);
#11155 = VERTEX_POINT('',#11156);
#11156 = CARTESIAN_POINT('',(17.5,-48.46,5.38));
#11157 = LINE('',#11158,#11159);
#11158 = CARTESIAN_POINT('',(17.5,-48.46,5.38));
#11159 = VECTOR('',#11160,1.);
#11160 = DIRECTION('',(0.,0.,1.));
#11161 = ORIENTED_EDGE('',*,*,#11162,.F.);
#11162 = EDGE_CURVE('',#11124,#11155,#11163,.T.);
#11163 = LINE('',#11164,#11165);
#11164 = CARTESIAN_POINT('',(17.661,-48.161,5.38));
#11165 = VECTOR('',#11166,1.);
#11166 = DIRECTION('',(-0.474099823035,-0.880471099922,0.));
#11167 = PLANE('',#11168);
#11168 = AXIS2_PLACEMENT_3D('',#11169,#11170,#11171);
#11169 = CARTESIAN_POINT('',(17.661,-48.161,5.38));
#11170 = DIRECTION('',(0.880471099922,-0.474099823035,0.));
#11171 = DIRECTION('',(-0.474099823035,-0.880471099922,0.));
#11172 = ADVANCED_FACE('',(#11173),#11198,.T.);
#11173 = FACE_BOUND('',#11174,.T.);
#11174 = EDGE_LOOP('',(#11175,#11176,#11184,#11192));
#11175 = ORIENTED_EDGE('',*,*,#11154,.T.);
#11176 = ORIENTED_EDGE('',*,*,#11177,.T.);
#11177 = EDGE_CURVE('',#11147,#11178,#11180,.T.);
#11178 = VERTEX_POINT('',#11179);
#11179 = CARTESIAN_POINT('',(17.339,-48.161,5.86));
#11180 = LINE('',#11181,#11182);
#11181 = CARTESIAN_POINT('',(17.5,-48.46,5.86));
#11182 = VECTOR('',#11183,1.);
#11183 = DIRECTION('',(-0.474099823035,0.880471099922,0.));
#11184 = ORIENTED_EDGE('',*,*,#11185,.F.);
#11185 = EDGE_CURVE('',#11186,#11178,#11188,.T.);
#11186 = VERTEX_POINT('',#11187);
#11187 = CARTESIAN_POINT('',(17.339,-48.161,5.38));
#11188 = LINE('',#11189,#11190);
#11189 = CARTESIAN_POINT('',(17.339,-48.161,5.38));
#11190 = VECTOR('',#11191,1.);
#11191 = DIRECTION('',(0.,0.,1.));
#11192 = ORIENTED_EDGE('',*,*,#11193,.F.);
#11193 = EDGE_CURVE('',#11155,#11186,#11194,.T.);
#11194 = LINE('',#11195,#11196);
#11195 = CARTESIAN_POINT('',(17.5,-48.46,5.38));
#11196 = VECTOR('',#11197,1.);
#11197 = DIRECTION('',(-0.474099823035,0.880471099922,0.));
#11198 = PLANE('',#11199);
#11199 = AXIS2_PLACEMENT_3D('',#11200,#11201,#11202);
#11200 = CARTESIAN_POINT('',(17.5,-48.46,5.38));
#11201 = DIRECTION('',(-0.880471099922,-0.474099823035,0.));
#11202 = DIRECTION('',(-0.474099823035,0.880471099922,0.));
#11203 = ADVANCED_FACE('',(#11204),#11229,.T.);
#11204 = FACE_BOUND('',#11205,.T.);
#11205 = EDGE_LOOP('',(#11206,#11207,#11215,#11223));
#11206 = ORIENTED_EDGE('',*,*,#11185,.T.);
#11207 = ORIENTED_EDGE('',*,*,#11208,.T.);
#11208 = EDGE_CURVE('',#11178,#11209,#11211,.T.);
#11209 = VERTEX_POINT('',#11210);
#11210 = CARTESIAN_POINT('',(17.04,-48.,5.86));
#11211 = LINE('',#11212,#11213);
#11212 = CARTESIAN_POINT('',(17.339,-48.161,5.86));
#11213 = VECTOR('',#11214,1.);
#11214 = DIRECTION('',(-0.880471099922,0.474099823035,0.));
#11215 = ORIENTED_EDGE('',*,*,#11216,.F.);
#11216 = EDGE_CURVE('',#11217,#11209,#11219,.T.);
#11217 = VERTEX_POINT('',#11218);
#11218 = CARTESIAN_POINT('',(17.04,-48.,5.38));
#11219 = LINE('',#11220,#11221);
#11220 = CARTESIAN_POINT('',(17.04,-48.,5.38));
#11221 = VECTOR('',#11222,1.);
#11222 = DIRECTION('',(0.,0.,1.));
#11223 = ORIENTED_EDGE('',*,*,#11224,.F.);
#11224 = EDGE_CURVE('',#11186,#11217,#11225,.T.);
#11225 = LINE('',#11226,#11227);
#11226 = CARTESIAN_POINT('',(17.339,-48.161,5.38));
#11227 = VECTOR('',#11228,1.);
#11228 = DIRECTION('',(-0.880471099922,0.474099823035,0.));
#11229 = PLANE('',#11230);
#11230 = AXIS2_PLACEMENT_3D('',#11231,#11232,#11233);
#11231 = CARTESIAN_POINT('',(17.339,-48.161,5.38));
#11232 = DIRECTION('',(-0.474099823035,-0.880471099922,0.));
#11233 = DIRECTION('',(-0.880471099922,0.474099823035,0.));
#11234 = ADVANCED_FACE('',(#11235),#11260,.T.);
#11235 = FACE_BOUND('',#11236,.T.);
#11236 = EDGE_LOOP('',(#11237,#11238,#11246,#11254));
#11237 = ORIENTED_EDGE('',*,*,#11216,.T.);
#11238 = ORIENTED_EDGE('',*,*,#11239,.T.);
#11239 = EDGE_CURVE('',#11209,#11240,#11242,.T.);
#11240 = VERTEX_POINT('',#11241);
#11241 = CARTESIAN_POINT('',(17.339,-47.839,5.86));
#11242 = LINE('',#11243,#11244);
#11243 = CARTESIAN_POINT('',(17.04,-48.,5.86));
#11244 = VECTOR('',#11245,1.);
#11245 = DIRECTION('',(0.880471099922,0.474099823035,0.));
#11246 = ORIENTED_EDGE('',*,*,#11247,.F.);
#11247 = EDGE_CURVE('',#11248,#11240,#11250,.T.);
#11248 = VERTEX_POINT('',#11249);
#11249 = CARTESIAN_POINT('',(17.339,-47.839,5.38));
#11250 = LINE('',#11251,#11252);
#11251 = CARTESIAN_POINT('',(17.339,-47.839,5.38));
#11252 = VECTOR('',#11253,1.);
#11253 = DIRECTION('',(0.,0.,1.));
#11254 = ORIENTED_EDGE('',*,*,#11255,.F.);
#11255 = EDGE_CURVE('',#11217,#11248,#11256,.T.);
#11256 = LINE('',#11257,#11258);
#11257 = CARTESIAN_POINT('',(17.04,-48.,5.38));
#11258 = VECTOR('',#11259,1.);
#11259 = DIRECTION('',(0.880471099922,0.474099823035,0.));
#11260 = PLANE('',#11261);
#11261 = AXIS2_PLACEMENT_3D('',#11262,#11263,#11264);
#11262 = CARTESIAN_POINT('',(17.04,-48.,5.38));
#11263 = DIRECTION('',(-0.474099823035,0.880471099922,0.));
#11264 = DIRECTION('',(0.880471099922,0.474099823035,0.));
#11265 = ADVANCED_FACE('',(#11266),#11282,.T.);
#11266 = FACE_BOUND('',#11267,.T.);
#11267 = EDGE_LOOP('',(#11268,#11269,#11275,#11276));
#11268 = ORIENTED_EDGE('',*,*,#11247,.T.);
#11269 = ORIENTED_EDGE('',*,*,#11270,.T.);
#11270 = EDGE_CURVE('',#11240,#11046,#11271,.T.);
#11271 = LINE('',#11272,#11273);
#11272 = CARTESIAN_POINT('',(17.339,-47.839,5.86));
#11273 = VECTOR('',#11274,1.);
#11274 = DIRECTION('',(0.474099823035,0.880471099922,0.));
#11275 = ORIENTED_EDGE('',*,*,#11043,.F.);
#11276 = ORIENTED_EDGE('',*,*,#11277,.F.);
#11277 = EDGE_CURVE('',#11248,#11044,#11278,.T.);
#11278 = LINE('',#11279,#11280);
#11279 = CARTESIAN_POINT('',(17.339,-47.839,5.38));
#11280 = VECTOR('',#11281,1.);
#11281 = DIRECTION('',(0.474099823035,0.880471099922,0.));
#11282 = PLANE('',#11283);
#11283 = AXIS2_PLACEMENT_3D('',#11284,#11285,#11286);
#11284 = CARTESIAN_POINT('',(17.339,-47.839,5.38));
#11285 = DIRECTION('',(-0.880471099922,0.474099823035,0.));
#11286 = DIRECTION('',(0.474099823035,0.880471099922,0.));
#11287 = ADVANCED_FACE('',(#11288),#11298,.T.);
#11288 = FACE_BOUND('',#11289,.T.);
#11289 = EDGE_LOOP('',(#11290,#11291,#11292,#11293,#11294,#11295,#11296,
    #11297));
#11290 = ORIENTED_EDGE('',*,*,#11069,.T.);
#11291 = ORIENTED_EDGE('',*,*,#11100,.T.);
#11292 = ORIENTED_EDGE('',*,*,#11131,.T.);
#11293 = ORIENTED_EDGE('',*,*,#11162,.T.);
#11294 = ORIENTED_EDGE('',*,*,#11193,.T.);
#11295 = ORIENTED_EDGE('',*,*,#11224,.T.);
#11296 = ORIENTED_EDGE('',*,*,#11255,.T.);
#11297 = ORIENTED_EDGE('',*,*,#11277,.T.);
#11298 = PLANE('',#11299);
#11299 = AXIS2_PLACEMENT_3D('',#11300,#11301,#11302);
#11300 = CARTESIAN_POINT('',(17.5,-48.,5.38));
#11301 = DIRECTION('',(-0.,-0.,-1.));
#11302 = DIRECTION('',(-1.,0.,0.));
#11303 = ADVANCED_FACE('',(#11304),#11314,.F.);
#11304 = FACE_BOUND('',#11305,.F.);
#11305 = EDGE_LOOP('',(#11306,#11307,#11308,#11309,#11310,#11311,#11312,
    #11313));
#11306 = ORIENTED_EDGE('',*,*,#11053,.T.);
#11307 = ORIENTED_EDGE('',*,*,#11084,.T.);
#11308 = ORIENTED_EDGE('',*,*,#11115,.T.);
#11309 = ORIENTED_EDGE('',*,*,#11146,.T.);
#11310 = ORIENTED_EDGE('',*,*,#11177,.T.);
#11311 = ORIENTED_EDGE('',*,*,#11208,.T.);
#11312 = ORIENTED_EDGE('',*,*,#11239,.T.);
#11313 = ORIENTED_EDGE('',*,*,#11270,.T.);
#11314 = PLANE('',#11315);
#11315 = AXIS2_PLACEMENT_3D('',#11316,#11317,#11318);
#11316 = CARTESIAN_POINT('',(17.5,-48.,5.86));
#11317 = DIRECTION('',(-0.,-0.,-1.));
#11318 = DIRECTION('',(-1.,0.,0.));
#11319 = ( GEOMETRIC_REPRESENTATION_CONTEXT(3) 
GLOBAL_UNCERTAINTY_ASSIGNED_CONTEXT((#11323)) 
GLOBAL_UNIT_ASSIGNED_CONTEXT((#11320,#11321,#11322)) 
REPRESENTATION_CONTEXT('Context #1',
  '3D Context with UNIT and UNCERTAINTY') );
#11320 = ( LENGTH_UNIT() NAMED_UNIT(*) SI_UNIT(.MILLI.,.METRE.) );
#11321 = ( NAMED_UNIT(*) PLANE_ANGLE_UNIT() SI_UNIT($,.RADIAN.) );
#11322 = ( NAMED_UNIT(*) SI_UNIT($,.STERADIAN.) SOLID_ANGLE_UNIT() );
#11323 = UNCERTAINTY_MEASURE_WITH_UNIT(LENGTH_MEASURE(1.E-07),#11320,
  'distance_accuracy_value','confusion accuracy');
#11324 = CONTEXT_DEPENDENT_SHAPE_REPRESENTATION(#11325,#11327);
#11325 = ( REPRESENTATION_RELATIONSHIP('','',#11036,#10) 
REPRESENTATION_RELATIONSHIP_WITH_TRANSFORMATION(#11326) 
SHAPE_REPRESENTATION_RELATIONSHIP() );
#11326 = ITEM_DEFINED_TRANSFORMATION('','',#11,#143);
#11327 = PRODUCT_DEFINITION_SHAPE('Placement','Placement of an item',
  #11328);
#11328 = NEXT_ASSEMBLY_USAGE_OCCURRENCE('250','','',#5,#11031,$);
#11329 = PRODUCT_RELATED_PRODUCT_CATEGORY('part',$,(#11033));
#11330 = SHAPE_DEFINITION_REPRESENTATION(#11331,#11337);
#11331 = PRODUCT_DEFINITION_SHAPE('','',#11332);
#11332 = PRODUCT_DEFINITION('design','',#11333,#11336);
#11333 = PRODUCT_DEFINITION_FORMATION('','',#11334);
#11334 = PRODUCT('Open CASCADE STEP translator 7.8 5.34',
  'Open CASCADE STEP translator 7.8 5.34','',(#11335));
#11335 = PRODUCT_CONTEXT('',#2,'mechanical');
#11336 = PRODUCT_DEFINITION_CONTEXT('part definition',#2,'design');
#11337 = ADVANCED_BREP_SHAPE_REPRESENTATION('',(#11,#11338),#11620);
#11338 = MANIFOLD_SOLID_BREP('',#11339);
#11339 = CLOSED_SHELL('',(#11340,#11380,#11411,#11442,#11473,#11504,
    #11535,#11566,#11588,#11604));
#11340 = ADVANCED_FACE('',(#11341),#11375,.T.);
#11341 = FACE_BOUND('',#11342,.T.);
#11342 = EDGE_LOOP('',(#11343,#11353,#11361,#11369));
#11343 = ORIENTED_EDGE('',*,*,#11344,.T.);
#11344 = EDGE_CURVE('',#11345,#11347,#11349,.T.);
#11345 = VERTEX_POINT('',#11346);
#11346 = CARTESIAN_POINT('',(-15.,-37.64,5.38));
#11347 = VERTEX_POINT('',#11348);
#11348 = CARTESIAN_POINT('',(-15.,-37.64,5.86));
#11349 = LINE('',#11350,#11351);
#11350 = CARTESIAN_POINT('',(-15.,-37.64,5.38));
#11351 = VECTOR('',#11352,1.);
#11352 = DIRECTION('',(0.,0.,1.));
#11353 = ORIENTED_EDGE('',*,*,#11354,.T.);
#11354 = EDGE_CURVE('',#11347,#11355,#11357,.T.);
#11355 = VERTEX_POINT('',#11356);
#11356 = CARTESIAN_POINT('',(-14.874,-37.874,5.86));
#11357 = LINE('',#11358,#11359);
#11358 = CARTESIAN_POINT('',(-15.,-37.64,5.86));
#11359 = VECTOR('',#11360,1.);
#11360 = DIRECTION('',(0.474099823035,-0.880471099922,0.));
#11361 = ORIENTED_EDGE('',*,*,#11362,.F.);
#11362 = EDGE_CURVE('',#11363,#11355,#11365,.T.);
#11363 = VERTEX_POINT('',#11364);
#11364 = CARTESIAN_POINT('',(-14.874,-37.874,5.38));
#11365 = LINE('',#11366,#11367);
#11366 = CARTESIAN_POINT('',(-14.874,-37.874,5.38));
#11367 = VECTOR('',#11368,1.);
#11368 = DIRECTION('',(0.,0.,1.));
#11369 = ORIENTED_EDGE('',*,*,#11370,.F.);
#11370 = EDGE_CURVE('',#11345,#11363,#11371,.T.);
#11371 = LINE('',#11372,#11373);
#11372 = CARTESIAN_POINT('',(-15.,-37.64,5.38));
#11373 = VECTOR('',#11374,1.);
#11374 = DIRECTION('',(0.474099823035,-0.880471099922,0.));
#11375 = PLANE('',#11376);
#11376 = AXIS2_PLACEMENT_3D('',#11377,#11378,#11379);
#11377 = CARTESIAN_POINT('',(-15.,-37.64,5.38));
#11378 = DIRECTION('',(0.880471099922,0.474099823035,-0.));
#11379 = DIRECTION('',(0.474099823035,-0.880471099922,0.));
#11380 = ADVANCED_FACE('',(#11381),#11406,.T.);
#11381 = FACE_BOUND('',#11382,.T.);
#11382 = EDGE_LOOP('',(#11383,#11384,#11392,#11400));
#11383 = ORIENTED_EDGE('',*,*,#11362,.T.);
#11384 = ORIENTED_EDGE('',*,*,#11385,.T.);
#11385 = EDGE_CURVE('',#11355,#11386,#11388,.T.);
#11386 = VERTEX_POINT('',#11387);
#11387 = CARTESIAN_POINT('',(-14.64,-38.,5.86));
#11388 = LINE('',#11389,#11390);
#11389 = CARTESIAN_POINT('',(-14.874,-37.874,5.86));
#11390 = VECTOR('',#11391,1.);
#11391 = DIRECTION('',(0.880471099922,-0.474099823035,0.));
#11392 = ORIENTED_EDGE('',*,*,#11393,.F.);
#11393 = EDGE_CURVE('',#11394,#11386,#11396,.T.);
#11394 = VERTEX_POINT('',#11395);
#11395 = CARTESIAN_POINT('',(-14.64,-38.,5.38));
#11396 = LINE('',#11397,#11398);
#11397 = CARTESIAN_POINT('',(-14.64,-38.,5.38));
#11398 = VECTOR('',#11399,1.);
#11399 = DIRECTION('',(0.,0.,1.));
#11400 = ORIENTED_EDGE('',*,*,#11401,.F.);
#11401 = EDGE_CURVE('',#11363,#11394,#11402,.T.);
#11402 = LINE('',#11403,#11404);
#11403 = CARTESIAN_POINT('',(-14.874,-37.874,5.38));
#11404 = VECTOR('',#11405,1.);
#11405 = DIRECTION('',(0.880471099922,-0.474099823035,0.));
#11406 = PLANE('',#11407);
#11407 = AXIS2_PLACEMENT_3D('',#11408,#11409,#11410);
#11408 = CARTESIAN_POINT('',(-14.874,-37.874,5.38));
#11409 = DIRECTION('',(0.474099823035,0.880471099922,-0.));
#11410 = DIRECTION('',(0.880471099922,-0.474099823035,0.));
#11411 = ADVANCED_FACE('',(#11412),#11437,.T.);
#11412 = FACE_BOUND('',#11413,.T.);
#11413 = EDGE_LOOP('',(#11414,#11415,#11423,#11431));
#11414 = ORIENTED_EDGE('',*,*,#11393,.T.);
#11415 = ORIENTED_EDGE('',*,*,#11416,.T.);
#11416 = EDGE_CURVE('',#11386,#11417,#11419,.T.);
#11417 = VERTEX_POINT('',#11418);
#11418 = CARTESIAN_POINT('',(-14.874,-38.126,5.86));
#11419 = LINE('',#11420,#11421);
#11420 = CARTESIAN_POINT('',(-14.64,-38.,5.86));
#11421 = VECTOR('',#11422,1.);
#11422 = DIRECTION('',(-0.880471099922,-0.474099823035,0.));
#11423 = ORIENTED_EDGE('',*,*,#11424,.F.);
#11424 = EDGE_CURVE('',#11425,#11417,#11427,.T.);
#11425 = VERTEX_POINT('',#11426);
#11426 = CARTESIAN_POINT('',(-14.874,-38.126,5.38));
#11427 = LINE('',#11428,#11429);
#11428 = CARTESIAN_POINT('',(-14.874,-38.126,5.38));
#11429 = VECTOR('',#11430,1.);
#11430 = DIRECTION('',(0.,0.,1.));
#11431 = ORIENTED_EDGE('',*,*,#11432,.F.);
#11432 = EDGE_CURVE('',#11394,#11425,#11433,.T.);
#11433 = LINE('',#11434,#11435);
#11434 = CARTESIAN_POINT('',(-14.64,-38.,5.38));
#11435 = VECTOR('',#11436,1.);
#11436 = DIRECTION('',(-0.880471099922,-0.474099823035,0.));
#11437 = PLANE('',#11438);
#11438 = AXIS2_PLACEMENT_3D('',#11439,#11440,#11441);
#11439 = CARTESIAN_POINT('',(-14.64,-38.,5.38));
#11440 = DIRECTION('',(0.474099823035,-0.880471099922,0.));
#11441 = DIRECTION('',(-0.880471099922,-0.474099823035,0.));
#11442 = ADVANCED_FACE('',(#11443),#11468,.T.);
#11443 = FACE_BOUND('',#11444,.T.);
#11444 = EDGE_LOOP('',(#11445,#11446,#11454,#11462));
#11445 = ORIENTED_EDGE('',*,*,#11424,.T.);
#11446 = ORIENTED_EDGE('',*,*,#11447,.T.);
#11447 = EDGE_CURVE('',#11417,#11448,#11450,.T.);
#11448 = VERTEX_POINT('',#11449);
#11449 = CARTESIAN_POINT('',(-15.,-38.36,5.86));
#11450 = LINE('',#11451,#11452);
#11451 = CARTESIAN_POINT('',(-14.874,-38.126,5.86));
#11452 = VECTOR('',#11453,1.);
#11453 = DIRECTION('',(-0.474099823035,-0.880471099922,0.));
#11454 = ORIENTED_EDGE('',*,*,#11455,.F.);
#11455 = EDGE_CURVE('',#11456,#11448,#11458,.T.);
#11456 = VERTEX_POINT('',#11457);
#11457 = CARTESIAN_POINT('',(-15.,-38.36,5.38));
#11458 = LINE('',#11459,#11460);
#11459 = CARTESIAN_POINT('',(-15.,-38.36,5.38));
#11460 = VECTOR('',#11461,1.);
#11461 = DIRECTION('',(0.,0.,1.));
#11462 = ORIENTED_EDGE('',*,*,#11463,.F.);
#11463 = EDGE_CURVE('',#11425,#11456,#11464,.T.);
#11464 = LINE('',#11465,#11466);
#11465 = CARTESIAN_POINT('',(-14.874,-38.126,5.38));
#11466 = VECTOR('',#11467,1.);
#11467 = DIRECTION('',(-0.474099823035,-0.880471099922,0.));
#11468 = PLANE('',#11469);
#11469 = AXIS2_PLACEMENT_3D('',#11470,#11471,#11472);
#11470 = CARTESIAN_POINT('',(-14.874,-38.126,5.38));
#11471 = DIRECTION('',(0.880471099922,-0.474099823035,0.));
#11472 = DIRECTION('',(-0.474099823035,-0.880471099922,0.));
#11473 = ADVANCED_FACE('',(#11474),#11499,.T.);
#11474 = FACE_BOUND('',#11475,.T.);
#11475 = EDGE_LOOP('',(#11476,#11477,#11485,#11493));
#11476 = ORIENTED_EDGE('',*,*,#11455,.T.);
#11477 = ORIENTED_EDGE('',*,*,#11478,.T.);
#11478 = EDGE_CURVE('',#11448,#11479,#11481,.T.);
#11479 = VERTEX_POINT('',#11480);
#11480 = CARTESIAN_POINT('',(-15.126,-38.126,5.86));
#11481 = LINE('',#11482,#11483);
#11482 = CARTESIAN_POINT('',(-15.,-38.36,5.86));
#11483 = VECTOR('',#11484,1.);
#11484 = DIRECTION('',(-0.474099823035,0.880471099922,0.));
#11485 = ORIENTED_EDGE('',*,*,#11486,.F.);
#11486 = EDGE_CURVE('',#11487,#11479,#11489,.T.);
#11487 = VERTEX_POINT('',#11488);
#11488 = CARTESIAN_POINT('',(-15.126,-38.126,5.38));
#11489 = LINE('',#11490,#11491);
#11490 = CARTESIAN_POINT('',(-15.126,-38.126,5.38));
#11491 = VECTOR('',#11492,1.);
#11492 = DIRECTION('',(0.,0.,1.));
#11493 = ORIENTED_EDGE('',*,*,#11494,.F.);
#11494 = EDGE_CURVE('',#11456,#11487,#11495,.T.);
#11495 = LINE('',#11496,#11497);
#11496 = CARTESIAN_POINT('',(-15.,-38.36,5.38));
#11497 = VECTOR('',#11498,1.);
#11498 = DIRECTION('',(-0.474099823035,0.880471099922,0.));
#11499 = PLANE('',#11500);
#11500 = AXIS2_PLACEMENT_3D('',#11501,#11502,#11503);
#11501 = CARTESIAN_POINT('',(-15.,-38.36,5.38));
#11502 = DIRECTION('',(-0.880471099922,-0.474099823035,0.));
#11503 = DIRECTION('',(-0.474099823035,0.880471099922,0.));
#11504 = ADVANCED_FACE('',(#11505),#11530,.T.);
#11505 = FACE_BOUND('',#11506,.T.);
#11506 = EDGE_LOOP('',(#11507,#11508,#11516,#11524));
#11507 = ORIENTED_EDGE('',*,*,#11486,.T.);
#11508 = ORIENTED_EDGE('',*,*,#11509,.T.);
#11509 = EDGE_CURVE('',#11479,#11510,#11512,.T.);
#11510 = VERTEX_POINT('',#11511);
#11511 = CARTESIAN_POINT('',(-15.36,-38.,5.86));
#11512 = LINE('',#11513,#11514);
#11513 = CARTESIAN_POINT('',(-15.126,-38.126,5.86));
#11514 = VECTOR('',#11515,1.);
#11515 = DIRECTION('',(-0.880471099922,0.474099823035,0.));
#11516 = ORIENTED_EDGE('',*,*,#11517,.F.);
#11517 = EDGE_CURVE('',#11518,#11510,#11520,.T.);
#11518 = VERTEX_POINT('',#11519);
#11519 = CARTESIAN_POINT('',(-15.36,-38.,5.38));
#11520 = LINE('',#11521,#11522);
#11521 = CARTESIAN_POINT('',(-15.36,-38.,5.38));
#11522 = VECTOR('',#11523,1.);
#11523 = DIRECTION('',(0.,0.,1.));
#11524 = ORIENTED_EDGE('',*,*,#11525,.F.);
#11525 = EDGE_CURVE('',#11487,#11518,#11526,.T.);
#11526 = LINE('',#11527,#11528);
#11527 = CARTESIAN_POINT('',(-15.126,-38.126,5.38));
#11528 = VECTOR('',#11529,1.);
#11529 = DIRECTION('',(-0.880471099922,0.474099823035,0.));
#11530 = PLANE('',#11531);
#11531 = AXIS2_PLACEMENT_3D('',#11532,#11533,#11534);
#11532 = CARTESIAN_POINT('',(-15.126,-38.126,5.38));
#11533 = DIRECTION('',(-0.474099823035,-0.880471099922,0.));
#11534 = DIRECTION('',(-0.880471099922,0.474099823035,0.));
#11535 = ADVANCED_FACE('',(#11536),#11561,.T.);
#11536 = FACE_BOUND('',#11537,.T.);
#11537 = EDGE_LOOP('',(#11538,#11539,#11547,#11555));
#11538 = ORIENTED_EDGE('',*,*,#11517,.T.);
#11539 = ORIENTED_EDGE('',*,*,#11540,.T.);
#11540 = EDGE_CURVE('',#11510,#11541,#11543,.T.);
#11541 = VERTEX_POINT('',#11542);
#11542 = CARTESIAN_POINT('',(-15.126,-37.874,5.86));
#11543 = LINE('',#11544,#11545);
#11544 = CARTESIAN_POINT('',(-15.36,-38.,5.86));
#11545 = VECTOR('',#11546,1.);
#11546 = DIRECTION('',(0.880471099922,0.474099823035,0.));
#11547 = ORIENTED_EDGE('',*,*,#11548,.F.);
#11548 = EDGE_CURVE('',#11549,#11541,#11551,.T.);
#11549 = VERTEX_POINT('',#11550);
#11550 = CARTESIAN_POINT('',(-15.126,-37.874,5.38));
#11551 = LINE('',#11552,#11553);
#11552 = CARTESIAN_POINT('',(-15.126,-37.874,5.38));
#11553 = VECTOR('',#11554,1.);
#11554 = DIRECTION('',(0.,0.,1.));
#11555 = ORIENTED_EDGE('',*,*,#11556,.F.);
#11556 = EDGE_CURVE('',#11518,#11549,#11557,.T.);
#11557 = LINE('',#11558,#11559);
#11558 = CARTESIAN_POINT('',(-15.36,-38.,5.38));
#11559 = VECTOR('',#11560,1.);
#11560 = DIRECTION('',(0.880471099922,0.474099823035,0.));
#11561 = PLANE('',#11562);
#11562 = AXIS2_PLACEMENT_3D('',#11563,#11564,#11565);
#11563 = CARTESIAN_POINT('',(-15.36,-38.,5.38));
#11564 = DIRECTION('',(-0.474099823035,0.880471099922,0.));
#11565 = DIRECTION('',(0.880471099922,0.474099823035,0.));
#11566 = ADVANCED_FACE('',(#11567),#11583,.T.);
#11567 = FACE_BOUND('',#11568,.T.);
#11568 = EDGE_LOOP('',(#11569,#11570,#11576,#11577));
#11569 = ORIENTED_EDGE('',*,*,#11548,.T.);
#11570 = ORIENTED_EDGE('',*,*,#11571,.T.);
#11571 = EDGE_CURVE('',#11541,#11347,#11572,.T.);
#11572 = LINE('',#11573,#11574);
#11573 = CARTESIAN_POINT('',(-15.126,-37.874,5.86));
#11574 = VECTOR('',#11575,1.);
#11575 = DIRECTION('',(0.474099823035,0.880471099922,0.));
#11576 = ORIENTED_EDGE('',*,*,#11344,.F.);
#11577 = ORIENTED_EDGE('',*,*,#11578,.F.);
#11578 = EDGE_CURVE('',#11549,#11345,#11579,.T.);
#11579 = LINE('',#11580,#11581);
#11580 = CARTESIAN_POINT('',(-15.126,-37.874,5.38));
#11581 = VECTOR('',#11582,1.);
#11582 = DIRECTION('',(0.474099823035,0.880471099922,0.));
#11583 = PLANE('',#11584);
#11584 = AXIS2_PLACEMENT_3D('',#11585,#11586,#11587);
#11585 = CARTESIAN_POINT('',(-15.126,-37.874,5.38));
#11586 = DIRECTION('',(-0.880471099922,0.474099823035,0.));
#11587 = DIRECTION('',(0.474099823035,0.880471099922,0.));
#11588 = ADVANCED_FACE('',(#11589),#11599,.T.);
#11589 = FACE_BOUND('',#11590,.T.);
#11590 = EDGE_LOOP('',(#11591,#11592,#11593,#11594,#11595,#11596,#11597,
    #11598));
#11591 = ORIENTED_EDGE('',*,*,#11370,.T.);
#11592 = ORIENTED_EDGE('',*,*,#11401,.T.);
#11593 = ORIENTED_EDGE('',*,*,#11432,.T.);
#11594 = ORIENTED_EDGE('',*,*,#11463,.T.);
#11595 = ORIENTED_EDGE('',*,*,#11494,.T.);
#11596 = ORIENTED_EDGE('',*,*,#11525,.T.);
#11597 = ORIENTED_EDGE('',*,*,#11556,.T.);
#11598 = ORIENTED_EDGE('',*,*,#11578,.T.);
#11599 = PLANE('',#11600);
#11600 = AXIS2_PLACEMENT_3D('',#11601,#11602,#11603);
#11601 = CARTESIAN_POINT('',(-15.,-38.,5.38));
#11602 = DIRECTION('',(-0.,-0.,-1.));
#11603 = DIRECTION('',(-1.,0.,0.));
#11604 = ADVANCED_FACE('',(#11605),#11615,.F.);
#11605 = FACE_BOUND('',#11606,.F.);
#11606 = EDGE_LOOP('',(#11607,#11608,#11609,#11610,#11611,#11612,#11613,
    #11614));
#11607 = ORIENTED_EDGE('',*,*,#11354,.T.);
#11608 = ORIENTED_EDGE('',*,*,#11385,.T.);
#11609 = ORIENTED_EDGE('',*,*,#11416,.T.);
#11610 = ORIENTED_EDGE('',*,*,#11447,.T.);
#11611 = ORIENTED_EDGE('',*,*,#11478,.T.);
#11612 = ORIENTED_EDGE('',*,*,#11509,.T.);
#11613 = ORIENTED_EDGE('',*,*,#11540,.T.);
#11614 = ORIENTED_EDGE('',*,*,#11571,.T.);
#11615 = PLANE('',#11616);
#11616 = AXIS2_PLACEMENT_3D('',#11617,#11618,#11619);
#11617 = CARTESIAN_POINT('',(-15.,-38.,5.86));
#11618 = DIRECTION('',(-0.,-0.,-1.));
#11619 = DIRECTION('',(-1.,0.,0.));
#11620 = ( GEOMETRIC_REPRESENTATION_CONTEXT(3) 
GLOBAL_UNCERTAINTY_ASSIGNED_CONTEXT((#11624)) 
GLOBAL_UNIT_ASSIGNED_CONTEXT((#11621,#11622,#11623)) 
REPRESENTATION_CONTEXT('Context #1',
  '3D Context with UNIT and UNCERTAINTY') );
#11621 = ( LENGTH_UNIT() NAMED_UNIT(*) SI_UNIT(.MILLI.,.METRE.) );
#11622 = ( NAMED_UNIT(*) PLANE_ANGLE_UNIT() SI_UNIT($,.RADIAN.) );
#11623 = ( NAMED_UNIT(*) SI_UNIT($,.STERADIAN.) SOLID_ANGLE_UNIT() );
#11624 = UNCERTAINTY_MEASURE_WITH_UNIT(LENGTH_MEASURE(1.E-07),#11621,
  'distance_accuracy_value','confusion accuracy');
#11625 = CONTEXT_DEPENDENT_SHAPE_REPRESENTATION(#11626,#11628);
#11626 = ( REPRESENTATION_RELATIONSHIP('','',#11337,#10) 
REPRESENTATION_RELATIONSHIP_WITH_TRANSFORMATION(#11627) 
SHAPE_REPRESENTATION_RELATIONSHIP() );
#11627 = ITEM_DEFINED_TRANSFORMATION('','',#11,#147);
#11628 = PRODUCT_DEFINITION_SHAPE('Placement','Placement of an item',
  #11629);
#11629 = NEXT_ASSEMBLY_USAGE_OCCURRENCE('251','','',#5,#11332,$);
#11630 = PRODUCT_RELATED_PRODUCT_CATEGORY('part',$,(#11334));
#11631 = SHAPE_DEFINITION_REPRESENTATION(#11632,#11638);
#11632 = PRODUCT_DEFINITION_SHAPE('','',#11633);
#11633 = PRODUCT_DEFINITION('design','',#11634,#11637);
#11634 = PRODUCT_DEFINITION_FORMATION('','',#11635);
#11635 = PRODUCT('Open CASCADE STEP translator 7.8 5.35',
  'Open CASCADE STEP translator 7.8 5.35','',(#11636));
#11636 = PRODUCT_CONTEXT('',#2,'mechanical');
#11637 = PRODUCT_DEFINITION_CONTEXT('part definition',#2,'design');
#11638 = ADVANCED_BREP_SHAPE_REPRESENTATION('',(#11,#11639),#11921);
#11639 = MANIFOLD_SOLID_BREP('',#11640);
#11640 = CLOSED_SHELL('',(#11641,#11681,#11712,#11743,#11774,#11805,
    #11836,#11867,#11889,#11905));
#11641 = ADVANCED_FACE('',(#11642),#11676,.T.);
#11642 = FACE_BOUND('',#11643,.T.);
#11643 = EDGE_LOOP('',(#11644,#11654,#11662,#11670));
#11644 = ORIENTED_EDGE('',*,*,#11645,.T.);
#11645 = EDGE_CURVE('',#11646,#11648,#11650,.T.);
#11646 = VERTEX_POINT('',#11647);
#11647 = CARTESIAN_POINT('',(15.5,-36.94,5.38));
#11648 = VERTEX_POINT('',#11649);
#11649 = CARTESIAN_POINT('',(15.5,-36.94,5.86));
#11650 = LINE('',#11651,#11652);
#11651 = CARTESIAN_POINT('',(15.5,-36.94,5.38));
#11652 = VECTOR('',#11653,1.);
#11653 = DIRECTION('',(0.,0.,1.));
#11654 = ORIENTED_EDGE('',*,*,#11655,.T.);
#11655 = EDGE_CURVE('',#11648,#11656,#11658,.T.);
#11656 = VERTEX_POINT('',#11657);
#11657 = CARTESIAN_POINT('',(15.696,-37.304,5.86));
#11658 = LINE('',#11659,#11660);
#11659 = CARTESIAN_POINT('',(15.5,-36.94,5.86));
#11660 = VECTOR('',#11661,1.);
#11661 = DIRECTION('',(0.474099823035,-0.880471099922,0.));
#11662 = ORIENTED_EDGE('',*,*,#11663,.F.);
#11663 = EDGE_CURVE('',#11664,#11656,#11666,.T.);
#11664 = VERTEX_POINT('',#11665);
#11665 = CARTESIAN_POINT('',(15.696,-37.304,5.38));
#11666 = LINE('',#11667,#11668);
#11667 = CARTESIAN_POINT('',(15.696,-37.304,5.38));
#11668 = VECTOR('',#11669,1.);
#11669 = DIRECTION('',(0.,0.,1.));
#11670 = ORIENTED_EDGE('',*,*,#11671,.F.);
#11671 = EDGE_CURVE('',#11646,#11664,#11672,.T.);
#11672 = LINE('',#11673,#11674);
#11673 = CARTESIAN_POINT('',(15.5,-36.94,5.38));
#11674 = VECTOR('',#11675,1.);
#11675 = DIRECTION('',(0.474099823035,-0.880471099922,0.));
#11676 = PLANE('',#11677);
#11677 = AXIS2_PLACEMENT_3D('',#11678,#11679,#11680);
#11678 = CARTESIAN_POINT('',(15.5,-36.94,5.38));
#11679 = DIRECTION('',(0.880471099922,0.474099823035,-0.));
#11680 = DIRECTION('',(0.474099823035,-0.880471099922,0.));
#11681 = ADVANCED_FACE('',(#11682),#11707,.T.);
#11682 = FACE_BOUND('',#11683,.T.);
#11683 = EDGE_LOOP('',(#11684,#11685,#11693,#11701));
#11684 = ORIENTED_EDGE('',*,*,#11663,.T.);
#11685 = ORIENTED_EDGE('',*,*,#11686,.T.);
#11686 = EDGE_CURVE('',#11656,#11687,#11689,.T.);
#11687 = VERTEX_POINT('',#11688);
#11688 = CARTESIAN_POINT('',(16.06,-37.5,5.86));
#11689 = LINE('',#11690,#11691);
#11690 = CARTESIAN_POINT('',(15.696,-37.304,5.86));
#11691 = VECTOR('',#11692,1.);
#11692 = DIRECTION('',(0.880471099922,-0.474099823035,0.));
#11693 = ORIENTED_EDGE('',*,*,#11694,.F.);
#11694 = EDGE_CURVE('',#11695,#11687,#11697,.T.);
#11695 = VERTEX_POINT('',#11696);
#11696 = CARTESIAN_POINT('',(16.06,-37.5,5.38));
#11697 = LINE('',#11698,#11699);
#11698 = CARTESIAN_POINT('',(16.06,-37.5,5.38));
#11699 = VECTOR('',#11700,1.);
#11700 = DIRECTION('',(0.,0.,1.));
#11701 = ORIENTED_EDGE('',*,*,#11702,.F.);
#11702 = EDGE_CURVE('',#11664,#11695,#11703,.T.);
#11703 = LINE('',#11704,#11705);
#11704 = CARTESIAN_POINT('',(15.696,-37.304,5.38));
#11705 = VECTOR('',#11706,1.);
#11706 = DIRECTION('',(0.880471099922,-0.474099823035,0.));
#11707 = PLANE('',#11708);
#11708 = AXIS2_PLACEMENT_3D('',#11709,#11710,#11711);
#11709 = CARTESIAN_POINT('',(15.696,-37.304,5.38));
#11710 = DIRECTION('',(0.474099823035,0.880471099922,-0.));
#11711 = DIRECTION('',(0.880471099922,-0.474099823035,0.));
#11712 = ADVANCED_FACE('',(#11713),#11738,.T.);
#11713 = FACE_BOUND('',#11714,.T.);
#11714 = EDGE_LOOP('',(#11715,#11716,#11724,#11732));
#11715 = ORIENTED_EDGE('',*,*,#11694,.T.);
#11716 = ORIENTED_EDGE('',*,*,#11717,.T.);
#11717 = EDGE_CURVE('',#11687,#11718,#11720,.T.);
#11718 = VERTEX_POINT('',#11719);
#11719 = CARTESIAN_POINT('',(15.696,-37.696,5.86));
#11720 = LINE('',#11721,#11722);
#11721 = CARTESIAN_POINT('',(16.06,-37.5,5.86));
#11722 = VECTOR('',#11723,1.);
#11723 = DIRECTION('',(-0.880471099922,-0.474099823035,0.));
#11724 = ORIENTED_EDGE('',*,*,#11725,.F.);
#11725 = EDGE_CURVE('',#11726,#11718,#11728,.T.);
#11726 = VERTEX_POINT('',#11727);
#11727 = CARTESIAN_POINT('',(15.696,-37.696,5.38));
#11728 = LINE('',#11729,#11730);
#11729 = CARTESIAN_POINT('',(15.696,-37.696,5.38));
#11730 = VECTOR('',#11731,1.);
#11731 = DIRECTION('',(0.,0.,1.));
#11732 = ORIENTED_EDGE('',*,*,#11733,.F.);
#11733 = EDGE_CURVE('',#11695,#11726,#11734,.T.);
#11734 = LINE('',#11735,#11736);
#11735 = CARTESIAN_POINT('',(16.06,-37.5,5.38));
#11736 = VECTOR('',#11737,1.);
#11737 = DIRECTION('',(-0.880471099922,-0.474099823035,0.));
#11738 = PLANE('',#11739);
#11739 = AXIS2_PLACEMENT_3D('',#11740,#11741,#11742);
#11740 = CARTESIAN_POINT('',(16.06,-37.5,5.38));
#11741 = DIRECTION('',(0.474099823035,-0.880471099922,0.));
#11742 = DIRECTION('',(-0.880471099922,-0.474099823035,0.));
#11743 = ADVANCED_FACE('',(#11744),#11769,.T.);
#11744 = FACE_BOUND('',#11745,.T.);
#11745 = EDGE_LOOP('',(#11746,#11747,#11755,#11763));
#11746 = ORIENTED_EDGE('',*,*,#11725,.T.);
#11747 = ORIENTED_EDGE('',*,*,#11748,.T.);
#11748 = EDGE_CURVE('',#11718,#11749,#11751,.T.);
#11749 = VERTEX_POINT('',#11750);
#11750 = CARTESIAN_POINT('',(15.5,-38.06,5.86));
#11751 = LINE('',#11752,#11753);
#11752 = CARTESIAN_POINT('',(15.696,-37.696,5.86));
#11753 = VECTOR('',#11754,1.);
#11754 = DIRECTION('',(-0.474099823035,-0.880471099922,0.));
#11755 = ORIENTED_EDGE('',*,*,#11756,.F.);
#11756 = EDGE_CURVE('',#11757,#11749,#11759,.T.);
#11757 = VERTEX_POINT('',#11758);
#11758 = CARTESIAN_POINT('',(15.5,-38.06,5.38));
#11759 = LINE('',#11760,#11761);
#11760 = CARTESIAN_POINT('',(15.5,-38.06,5.38));
#11761 = VECTOR('',#11762,1.);
#11762 = DIRECTION('',(0.,0.,1.));
#11763 = ORIENTED_EDGE('',*,*,#11764,.F.);
#11764 = EDGE_CURVE('',#11726,#11757,#11765,.T.);
#11765 = LINE('',#11766,#11767);
#11766 = CARTESIAN_POINT('',(15.696,-37.696,5.38));
#11767 = VECTOR('',#11768,1.);
#11768 = DIRECTION('',(-0.474099823035,-0.880471099922,0.));
#11769 = PLANE('',#11770);
#11770 = AXIS2_PLACEMENT_3D('',#11771,#11772,#11773);
#11771 = CARTESIAN_POINT('',(15.696,-37.696,5.38));
#11772 = DIRECTION('',(0.880471099922,-0.474099823035,0.));
#11773 = DIRECTION('',(-0.474099823035,-0.880471099922,0.));
#11774 = ADVANCED_FACE('',(#11775),#11800,.T.);
#11775 = FACE_BOUND('',#11776,.T.);
#11776 = EDGE_LOOP('',(#11777,#11778,#11786,#11794));
#11777 = ORIENTED_EDGE('',*,*,#11756,.T.);
#11778 = ORIENTED_EDGE('',*,*,#11779,.T.);
#11779 = EDGE_CURVE('',#11749,#11780,#11782,.T.);
#11780 = VERTEX_POINT('',#11781);
#11781 = CARTESIAN_POINT('',(15.304,-37.696,5.86));
#11782 = LINE('',#11783,#11784);
#11783 = CARTESIAN_POINT('',(15.5,-38.06,5.86));
#11784 = VECTOR('',#11785,1.);
#11785 = DIRECTION('',(-0.474099823035,0.880471099922,0.));
#11786 = ORIENTED_EDGE('',*,*,#11787,.F.);
#11787 = EDGE_CURVE('',#11788,#11780,#11790,.T.);
#11788 = VERTEX_POINT('',#11789);
#11789 = CARTESIAN_POINT('',(15.304,-37.696,5.38));
#11790 = LINE('',#11791,#11792);
#11791 = CARTESIAN_POINT('',(15.304,-37.696,5.38));
#11792 = VECTOR('',#11793,1.);
#11793 = DIRECTION('',(0.,0.,1.));
#11794 = ORIENTED_EDGE('',*,*,#11795,.F.);
#11795 = EDGE_CURVE('',#11757,#11788,#11796,.T.);
#11796 = LINE('',#11797,#11798);
#11797 = CARTESIAN_POINT('',(15.5,-38.06,5.38));
#11798 = VECTOR('',#11799,1.);
#11799 = DIRECTION('',(-0.474099823035,0.880471099922,0.));
#11800 = PLANE('',#11801);
#11801 = AXIS2_PLACEMENT_3D('',#11802,#11803,#11804);
#11802 = CARTESIAN_POINT('',(15.5,-38.06,5.38));
#11803 = DIRECTION('',(-0.880471099922,-0.474099823035,0.));
#11804 = DIRECTION('',(-0.474099823035,0.880471099922,0.));
#11805 = ADVANCED_FACE('',(#11806),#11831,.T.);
#11806 = FACE_BOUND('',#11807,.T.);
#11807 = EDGE_LOOP('',(#11808,#11809,#11817,#11825));
#11808 = ORIENTED_EDGE('',*,*,#11787,.T.);
#11809 = ORIENTED_EDGE('',*,*,#11810,.T.);
#11810 = EDGE_CURVE('',#11780,#11811,#11813,.T.);
#11811 = VERTEX_POINT('',#11812);
#11812 = CARTESIAN_POINT('',(14.94,-37.5,5.86));
#11813 = LINE('',#11814,#11815);
#11814 = CARTESIAN_POINT('',(15.304,-37.696,5.86));
#11815 = VECTOR('',#11816,1.);
#11816 = DIRECTION('',(-0.880471099922,0.474099823035,0.));
#11817 = ORIENTED_EDGE('',*,*,#11818,.F.);
#11818 = EDGE_CURVE('',#11819,#11811,#11821,.T.);
#11819 = VERTEX_POINT('',#11820);
#11820 = CARTESIAN_POINT('',(14.94,-37.5,5.38));
#11821 = LINE('',#11822,#11823);
#11822 = CARTESIAN_POINT('',(14.94,-37.5,5.38));
#11823 = VECTOR('',#11824,1.);
#11824 = DIRECTION('',(0.,0.,1.));
#11825 = ORIENTED_EDGE('',*,*,#11826,.F.);
#11826 = EDGE_CURVE('',#11788,#11819,#11827,.T.);
#11827 = LINE('',#11828,#11829);
#11828 = CARTESIAN_POINT('',(15.304,-37.696,5.38));
#11829 = VECTOR('',#11830,1.);
#11830 = DIRECTION('',(-0.880471099922,0.474099823035,0.));
#11831 = PLANE('',#11832);
#11832 = AXIS2_PLACEMENT_3D('',#11833,#11834,#11835);
#11833 = CARTESIAN_POINT('',(15.304,-37.696,5.38));
#11834 = DIRECTION('',(-0.474099823035,-0.880471099922,0.));
#11835 = DIRECTION('',(-0.880471099922,0.474099823035,0.));
#11836 = ADVANCED_FACE('',(#11837),#11862,.T.);
#11837 = FACE_BOUND('',#11838,.T.);
#11838 = EDGE_LOOP('',(#11839,#11840,#11848,#11856));
#11839 = ORIENTED_EDGE('',*,*,#11818,.T.);
#11840 = ORIENTED_EDGE('',*,*,#11841,.T.);
#11841 = EDGE_CURVE('',#11811,#11842,#11844,.T.);
#11842 = VERTEX_POINT('',#11843);
#11843 = CARTESIAN_POINT('',(15.304,-37.304,5.86));
#11844 = LINE('',#11845,#11846);
#11845 = CARTESIAN_POINT('',(14.94,-37.5,5.86));
#11846 = VECTOR('',#11847,1.);
#11847 = DIRECTION('',(0.880471099922,0.474099823035,0.));
#11848 = ORIENTED_EDGE('',*,*,#11849,.F.);
#11849 = EDGE_CURVE('',#11850,#11842,#11852,.T.);
#11850 = VERTEX_POINT('',#11851);
#11851 = CARTESIAN_POINT('',(15.304,-37.304,5.38));
#11852 = LINE('',#11853,#11854);
#11853 = CARTESIAN_POINT('',(15.304,-37.304,5.38));
#11854 = VECTOR('',#11855,1.);
#11855 = DIRECTION('',(0.,0.,1.));
#11856 = ORIENTED_EDGE('',*,*,#11857,.F.);
#11857 = EDGE_CURVE('',#11819,#11850,#11858,.T.);
#11858 = LINE('',#11859,#11860);
#11859 = CARTESIAN_POINT('',(14.94,-37.5,5.38));
#11860 = VECTOR('',#11861,1.);
#11861 = DIRECTION('',(0.880471099922,0.474099823035,0.));
#11862 = PLANE('',#11863);
#11863 = AXIS2_PLACEMENT_3D('',#11864,#11865,#11866);
#11864 = CARTESIAN_POINT('',(14.94,-37.5,5.38));
#11865 = DIRECTION('',(-0.474099823035,0.880471099922,0.));
#11866 = DIRECTION('',(0.880471099922,0.474099823035,0.));
#11867 = ADVANCED_FACE('',(#11868),#11884,.T.);
#11868 = FACE_BOUND('',#11869,.T.);
#11869 = EDGE_LOOP('',(#11870,#11871,#11877,#11878));
#11870 = ORIENTED_EDGE('',*,*,#11849,.T.);
#11871 = ORIENTED_EDGE('',*,*,#11872,.T.);
#11872 = EDGE_CURVE('',#11842,#11648,#11873,.T.);
#11873 = LINE('',#11874,#11875);
#11874 = CARTESIAN_POINT('',(15.304,-37.304,5.86));
#11875 = VECTOR('',#11876,1.);
#11876 = DIRECTION('',(0.474099823035,0.880471099922,0.));
#11877 = ORIENTED_EDGE('',*,*,#11645,.F.);
#11878 = ORIENTED_EDGE('',*,*,#11879,.F.);
#11879 = EDGE_CURVE('',#11850,#11646,#11880,.T.);
#11880 = LINE('',#11881,#11882);
#11881 = CARTESIAN_POINT('',(15.304,-37.304,5.38));
#11882 = VECTOR('',#11883,1.);
#11883 = DIRECTION('',(0.474099823035,0.880471099922,0.));
#11884 = PLANE('',#11885);
#11885 = AXIS2_PLACEMENT_3D('',#11886,#11887,#11888);
#11886 = CARTESIAN_POINT('',(15.304,-37.304,5.38));
#11887 = DIRECTION('',(-0.880471099922,0.474099823035,0.));
#11888 = DIRECTION('',(0.474099823035,0.880471099922,0.));
#11889 = ADVANCED_FACE('',(#11890),#11900,.T.);
#11890 = FACE_BOUND('',#11891,.T.);
#11891 = EDGE_LOOP('',(#11892,#11893,#11894,#11895,#11896,#11897,#11898,
    #11899));
#11892 = ORIENTED_EDGE('',*,*,#11671,.T.);
#11893 = ORIENTED_EDGE('',*,*,#11702,.T.);
#11894 = ORIENTED_EDGE('',*,*,#11733,.T.);
#11895 = ORIENTED_EDGE('',*,*,#11764,.T.);
#11896 = ORIENTED_EDGE('',*,*,#11795,.T.);
#11897 = ORIENTED_EDGE('',*,*,#11826,.T.);
#11898 = ORIENTED_EDGE('',*,*,#11857,.T.);
#11899 = ORIENTED_EDGE('',*,*,#11879,.T.);
#11900 = PLANE('',#11901);
#11901 = AXIS2_PLACEMENT_3D('',#11902,#11903,#11904);
#11902 = CARTESIAN_POINT('',(15.5,-37.5,5.38));
#11903 = DIRECTION('',(-0.,-0.,-1.));
#11904 = DIRECTION('',(-1.,0.,0.));
#11905 = ADVANCED_FACE('',(#11906),#11916,.F.);
#11906 = FACE_BOUND('',#11907,.F.);
#11907 = EDGE_LOOP('',(#11908,#11909,#11910,#11911,#11912,#11913,#11914,
    #11915));
#11908 = ORIENTED_EDGE('',*,*,#11655,.T.);
#11909 = ORIENTED_EDGE('',*,*,#11686,.T.);
#11910 = ORIENTED_EDGE('',*,*,#11717,.T.);
#11911 = ORIENTED_EDGE('',*,*,#11748,.T.);
#11912 = ORIENTED_EDGE('',*,*,#11779,.T.);
#11913 = ORIENTED_EDGE('',*,*,#11810,.T.);
#11914 = ORIENTED_EDGE('',*,*,#11841,.T.);
#11915 = ORIENTED_EDGE('',*,*,#11872,.T.);
#11916 = PLANE('',#11917);
#11917 = AXIS2_PLACEMENT_3D('',#11918,#11919,#11920);
#11918 = CARTESIAN_POINT('',(15.5,-37.5,5.86));
#11919 = DIRECTION('',(-0.,-0.,-1.));
#11920 = DIRECTION('',(-1.,0.,0.));
#11921 = ( GEOMETRIC_REPRESENTATION_CONTEXT(3) 
GLOBAL_UNCERTAINTY_ASSIGNED_CONTEXT((#11925)) 
GLOBAL_UNIT_ASSIGNED_CONTEXT((#11922,#11923,#11924)) 
REPRESENTATION_CONTEXT('Context #1',
  '3D Context with UNIT and UNCERTAINTY') );
#11922 = ( LENGTH_UNIT() NAMED_UNIT(*) SI_UNIT(.MILLI.,.METRE.) );
#11923 = ( NAMED_UNIT(*) PLANE_ANGLE_UNIT() SI_UNIT($,.RADIAN.) );
#11924 = ( NAMED_UNIT(*) SI_UNIT($,.STERADIAN.) SOLID_ANGLE_UNIT() );
#11925 = UNCERTAINTY_MEASURE_WITH_UNIT(LENGTH_MEASURE(1.E-07),#11922,
  'distance_accuracy_value','confusion accuracy');
#11926 = CONTEXT_DEPENDENT_SHAPE_REPRESENTATION(#11927,#11929);
#11927 = ( REPRESENTATION_RELATIONSHIP('','',#11638,#10) 
REPRESENTATION_RELATIONSHIP_WITH_TRANSFORMATION(#11928) 
SHAPE_REPRESENTATION_RELATIONSHIP() );
#11928 = ITEM_DEFINED_TRANSFORMATION('','',#11,#151);
#11929 = PRODUCT_DEFINITION_SHAPE('Placement','Placement of an item',
  #11930);
#11930 = NEXT_ASSEMBLY_USAGE_OCCURRENCE('252','','',#5,#11633,$);
#11931 = PRODUCT_RELATED_PRODUCT_CATEGORY('part',$,(#11635));
#11932 = SHAPE_DEFINITION_REPRESENTATION(#11933,#11939);
#11933 = PRODUCT_DEFINITION_SHAPE('','',#11934);
#11934 = PRODUCT_DEFINITION('design','',#11935,#11938);
#11935 = PRODUCT_DEFINITION_FORMATION('','',#11936);
#11936 = PRODUCT('Open CASCADE STEP translator 7.8 5.36',
  'Open CASCADE STEP translator 7.8 5.36','',(#11937));
#11937 = PRODUCT_CONTEXT('',#2,'mechanical');
#11938 = PRODUCT_DEFINITION_CONTEXT('part definition',#2,'design');
#11939 = ADVANCED_BREP_SHAPE_REPRESENTATION('',(#11,#11940),#12222);
#11940 = MANIFOLD_SOLID_BREP('',#11941);
#11941 = CLOSED_SHELL('',(#11942,#11982,#12013,#12044,#12075,#12106,
    #12137,#12168,#12190,#12206));
#11942 = ADVANCED_FACE('',(#11943),#11977,.T.);
#11943 = FACE_BOUND('',#11944,.T.);
#11944 = EDGE_LOOP('',(#11945,#11955,#11963,#11971));
#11945 = ORIENTED_EDGE('',*,*,#11946,.T.);
#11946 = EDGE_CURVE('',#11947,#11949,#11951,.T.);
#11947 = VERTEX_POINT('',#11948);
#11948 = CARTESIAN_POINT('',(-24.,-53.7,5.38));
#11949 = VERTEX_POINT('',#11950);
#11950 = CARTESIAN_POINT('',(-24.,-53.7,5.86));
#11951 = LINE('',#11952,#11953);
#11952 = CARTESIAN_POINT('',(-24.,-53.7,5.38));
#11953 = VECTOR('',#11954,1.);
#11954 = DIRECTION('',(0.,0.,1.));
#11955 = ORIENTED_EDGE('',*,*,#11956,.T.);
#11956 = EDGE_CURVE('',#11949,#11957,#11959,.T.);
#11957 = VERTEX_POINT('',#11958);
#11958 = CARTESIAN_POINT('',(-23.895,-53.895,5.86));
#11959 = LINE('',#11960,#11961);
#11960 = CARTESIAN_POINT('',(-24.,-53.7,5.86));
#11961 = VECTOR('',#11962,1.);
#11962 = DIRECTION('',(0.474099823035,-0.880471099922,0.));
#11963 = ORIENTED_EDGE('',*,*,#11964,.F.);
#11964 = EDGE_CURVE('',#11965,#11957,#11967,.T.);
#11965 = VERTEX_POINT('',#11966);
#11966 = CARTESIAN_POINT('',(-23.895,-53.895,5.38));
#11967 = LINE('',#11968,#11969);
#11968 = CARTESIAN_POINT('',(-23.895,-53.895,5.38));
#11969 = VECTOR('',#11970,1.);
#11970 = DIRECTION('',(0.,0.,1.));
#11971 = ORIENTED_EDGE('',*,*,#11972,.F.);
#11972 = EDGE_CURVE('',#11947,#11965,#11973,.T.);
#11973 = LINE('',#11974,#11975);
#11974 = CARTESIAN_POINT('',(-24.,-53.7,5.38));
#11975 = VECTOR('',#11976,1.);
#11976 = DIRECTION('',(0.474099823035,-0.880471099922,0.));
#11977 = PLANE('',#11978);
#11978 = AXIS2_PLACEMENT_3D('',#11979,#11980,#11981);
#11979 = CARTESIAN_POINT('',(-24.,-53.7,5.38));
#11980 = DIRECTION('',(0.880471099922,0.474099823035,-0.));
#11981 = DIRECTION('',(0.474099823035,-0.880471099922,0.));
#11982 = ADVANCED_FACE('',(#11983),#12008,.T.);
#11983 = FACE_BOUND('',#11984,.T.);
#11984 = EDGE_LOOP('',(#11985,#11986,#11994,#12002));
#11985 = ORIENTED_EDGE('',*,*,#11964,.T.);
#11986 = ORIENTED_EDGE('',*,*,#11987,.T.);
#11987 = EDGE_CURVE('',#11957,#11988,#11990,.T.);
#11988 = VERTEX_POINT('',#11989);
#11989 = CARTESIAN_POINT('',(-23.7,-54.,5.86));
#11990 = LINE('',#11991,#11992);
#11991 = CARTESIAN_POINT('',(-23.895,-53.895,5.86));
#11992 = VECTOR('',#11993,1.);
#11993 = DIRECTION('',(0.880471099922,-0.474099823035,0.));
#11994 = ORIENTED_EDGE('',*,*,#11995,.F.);
#11995 = EDGE_CURVE('',#11996,#11988,#11998,.T.);
#11996 = VERTEX_POINT('',#11997);
#11997 = CARTESIAN_POINT('',(-23.7,-54.,5.38));
#11998 = LINE('',#11999,#12000);
#11999 = CARTESIAN_POINT('',(-23.7,-54.,5.38));
#12000 = VECTOR('',#12001,1.);
#12001 = DIRECTION('',(0.,0.,1.));
#12002 = ORIENTED_EDGE('',*,*,#12003,.F.);
#12003 = EDGE_CURVE('',#11965,#11996,#12004,.T.);
#12004 = LINE('',#12005,#12006);
#12005 = CARTESIAN_POINT('',(-23.895,-53.895,5.38));
#12006 = VECTOR('',#12007,1.);
#12007 = DIRECTION('',(0.880471099922,-0.474099823035,0.));
#12008 = PLANE('',#12009);
#12009 = AXIS2_PLACEMENT_3D('',#12010,#12011,#12012);
#12010 = CARTESIAN_POINT('',(-23.895,-53.895,5.38));
#12011 = DIRECTION('',(0.474099823035,0.880471099922,-0.));
#12012 = DIRECTION('',(0.880471099922,-0.474099823035,0.));
#12013 = ADVANCED_FACE('',(#12014),#12039,.T.);
#12014 = FACE_BOUND('',#12015,.T.);
#12015 = EDGE_LOOP('',(#12016,#12017,#12025,#12033));
#12016 = ORIENTED_EDGE('',*,*,#11995,.T.);
#12017 = ORIENTED_EDGE('',*,*,#12018,.T.);
#12018 = EDGE_CURVE('',#11988,#12019,#12021,.T.);
#12019 = VERTEX_POINT('',#12020);
#12020 = CARTESIAN_POINT('',(-23.895,-54.105,5.86));
#12021 = LINE('',#12022,#12023);
#12022 = CARTESIAN_POINT('',(-23.7,-54.,5.86));
#12023 = VECTOR('',#12024,1.);
#12024 = DIRECTION('',(-0.880471099922,-0.474099823035,0.));
#12025 = ORIENTED_EDGE('',*,*,#12026,.F.);
#12026 = EDGE_CURVE('',#12027,#12019,#12029,.T.);
#12027 = VERTEX_POINT('',#12028);
#12028 = CARTESIAN_POINT('',(-23.895,-54.105,5.38));
#12029 = LINE('',#12030,#12031);
#12030 = CARTESIAN_POINT('',(-23.895,-54.105,5.38));
#12031 = VECTOR('',#12032,1.);
#12032 = DIRECTION('',(0.,0.,1.));
#12033 = ORIENTED_EDGE('',*,*,#12034,.F.);
#12034 = EDGE_CURVE('',#11996,#12027,#12035,.T.);
#12035 = LINE('',#12036,#12037);
#12036 = CARTESIAN_POINT('',(-23.7,-54.,5.38));
#12037 = VECTOR('',#12038,1.);
#12038 = DIRECTION('',(-0.880471099922,-0.474099823035,0.));
#12039 = PLANE('',#12040);
#12040 = AXIS2_PLACEMENT_3D('',#12041,#12042,#12043);
#12041 = CARTESIAN_POINT('',(-23.7,-54.,5.38));
#12042 = DIRECTION('',(0.474099823035,-0.880471099922,0.));
#12043 = DIRECTION('',(-0.880471099922,-0.474099823035,0.));
#12044 = ADVANCED_FACE('',(#12045),#12070,.T.);
#12045 = FACE_BOUND('',#12046,.T.);
#12046 = EDGE_LOOP('',(#12047,#12048,#12056,#12064));
#12047 = ORIENTED_EDGE('',*,*,#12026,.T.);
#12048 = ORIENTED_EDGE('',*,*,#12049,.T.);
#12049 = EDGE_CURVE('',#12019,#12050,#12052,.T.);
#12050 = VERTEX_POINT('',#12051);
#12051 = CARTESIAN_POINT('',(-24.,-54.3,5.86));
#12052 = LINE('',#12053,#12054);
#12053 = CARTESIAN_POINT('',(-23.895,-54.105,5.86));
#12054 = VECTOR('',#12055,1.);
#12055 = DIRECTION('',(-0.474099823035,-0.880471099922,0.));
#12056 = ORIENTED_EDGE('',*,*,#12057,.F.);
#12057 = EDGE_CURVE('',#12058,#12050,#12060,.T.);
#12058 = VERTEX_POINT('',#12059);
#12059 = CARTESIAN_POINT('',(-24.,-54.3,5.38));
#12060 = LINE('',#12061,#12062);
#12061 = CARTESIAN_POINT('',(-24.,-54.3,5.38));
#12062 = VECTOR('',#12063,1.);
#12063 = DIRECTION('',(0.,0.,1.));
#12064 = ORIENTED_EDGE('',*,*,#12065,.F.);
#12065 = EDGE_CURVE('',#12027,#12058,#12066,.T.);
#12066 = LINE('',#12067,#12068);
#12067 = CARTESIAN_POINT('',(-23.895,-54.105,5.38));
#12068 = VECTOR('',#12069,1.);
#12069 = DIRECTION('',(-0.474099823035,-0.880471099922,0.));
#12070 = PLANE('',#12071);
#12071 = AXIS2_PLACEMENT_3D('',#12072,#12073,#12074);
#12072 = CARTESIAN_POINT('',(-23.895,-54.105,5.38));
#12073 = DIRECTION('',(0.880471099922,-0.474099823035,0.));
#12074 = DIRECTION('',(-0.474099823035,-0.880471099922,0.));
#12075 = ADVANCED_FACE('',(#12076),#12101,.T.);
#12076 = FACE_BOUND('',#12077,.T.);
#12077 = EDGE_LOOP('',(#12078,#12079,#12087,#12095));
#12078 = ORIENTED_EDGE('',*,*,#12057,.T.);
#12079 = ORIENTED_EDGE('',*,*,#12080,.T.);
#12080 = EDGE_CURVE('',#12050,#12081,#12083,.T.);
#12081 = VERTEX_POINT('',#12082);
#12082 = CARTESIAN_POINT('',(-24.105,-54.105,5.86));
#12083 = LINE('',#12084,#12085);
#12084 = CARTESIAN_POINT('',(-24.,-54.3,5.86));
#12085 = VECTOR('',#12086,1.);
#12086 = DIRECTION('',(-0.474099823035,0.880471099922,0.));
#12087 = ORIENTED_EDGE('',*,*,#12088,.F.);
#12088 = EDGE_CURVE('',#12089,#12081,#12091,.T.);
#12089 = VERTEX_POINT('',#12090);
#12090 = CARTESIAN_POINT('',(-24.105,-54.105,5.38));
#12091 = LINE('',#12092,#12093);
#12092 = CARTESIAN_POINT('',(-24.105,-54.105,5.38));
#12093 = VECTOR('',#12094,1.);
#12094 = DIRECTION('',(0.,0.,1.));
#12095 = ORIENTED_EDGE('',*,*,#12096,.F.);
#12096 = EDGE_CURVE('',#12058,#12089,#12097,.T.);
#12097 = LINE('',#12098,#12099);
#12098 = CARTESIAN_POINT('',(-24.,-54.3,5.38));
#12099 = VECTOR('',#12100,1.);
#12100 = DIRECTION('',(-0.474099823035,0.880471099922,0.));
#12101 = PLANE('',#12102);
#12102 = AXIS2_PLACEMENT_3D('',#12103,#12104,#12105);
#12103 = CARTESIAN_POINT('',(-24.,-54.3,5.38));
#12104 = DIRECTION('',(-0.880471099922,-0.474099823035,0.));
#12105 = DIRECTION('',(-0.474099823035,0.880471099922,0.));
#12106 = ADVANCED_FACE('',(#12107),#12132,.T.);
#12107 = FACE_BOUND('',#12108,.T.);
#12108 = EDGE_LOOP('',(#12109,#12110,#12118,#12126));
#12109 = ORIENTED_EDGE('',*,*,#12088,.T.);
#12110 = ORIENTED_EDGE('',*,*,#12111,.T.);
#12111 = EDGE_CURVE('',#12081,#12112,#12114,.T.);
#12112 = VERTEX_POINT('',#12113);
#12113 = CARTESIAN_POINT('',(-24.3,-54.,5.86));
#12114 = LINE('',#12115,#12116);
#12115 = CARTESIAN_POINT('',(-24.105,-54.105,5.86));
#12116 = VECTOR('',#12117,1.);
#12117 = DIRECTION('',(-0.880471099922,0.474099823035,0.));
#12118 = ORIENTED_EDGE('',*,*,#12119,.F.);
#12119 = EDGE_CURVE('',#12120,#12112,#12122,.T.);
#12120 = VERTEX_POINT('',#12121);
#12121 = CARTESIAN_POINT('',(-24.3,-54.,5.38));
#12122 = LINE('',#12123,#12124);
#12123 = CARTESIAN_POINT('',(-24.3,-54.,5.38));
#12124 = VECTOR('',#12125,1.);
#12125 = DIRECTION('',(0.,0.,1.));
#12126 = ORIENTED_EDGE('',*,*,#12127,.F.);
#12127 = EDGE_CURVE('',#12089,#12120,#12128,.T.);
#12128 = LINE('',#12129,#12130);
#12129 = CARTESIAN_POINT('',(-24.105,-54.105,5.38));
#12130 = VECTOR('',#12131,1.);
#12131 = DIRECTION('',(-0.880471099922,0.474099823035,0.));
#12132 = PLANE('',#12133);
#12133 = AXIS2_PLACEMENT_3D('',#12134,#12135,#12136);
#12134 = CARTESIAN_POINT('',(-24.105,-54.105,5.38));
#12135 = DIRECTION('',(-0.474099823035,-0.880471099922,0.));
#12136 = DIRECTION('',(-0.880471099922,0.474099823035,0.));
#12137 = ADVANCED_FACE('',(#12138),#12163,.T.);
#12138 = FACE_BOUND('',#12139,.T.);
#12139 = EDGE_LOOP('',(#12140,#12141,#12149,#12157));
#12140 = ORIENTED_EDGE('',*,*,#12119,.T.);
#12141 = ORIENTED_EDGE('',*,*,#12142,.T.);
#12142 = EDGE_CURVE('',#12112,#12143,#12145,.T.);
#12143 = VERTEX_POINT('',#12144);
#12144 = CARTESIAN_POINT('',(-24.105,-53.895,5.86));
#12145 = LINE('',#12146,#12147);
#12146 = CARTESIAN_POINT('',(-24.3,-54.,5.86));
#12147 = VECTOR('',#12148,1.);
#12148 = DIRECTION('',(0.880471099922,0.474099823035,0.));
#12149 = ORIENTED_EDGE('',*,*,#12150,.F.);
#12150 = EDGE_CURVE('',#12151,#12143,#12153,.T.);
#12151 = VERTEX_POINT('',#12152);
#12152 = CARTESIAN_POINT('',(-24.105,-53.895,5.38));
#12153 = LINE('',#12154,#12155);
#12154 = CARTESIAN_POINT('',(-24.105,-53.895,5.38));
#12155 = VECTOR('',#12156,1.);
#12156 = DIRECTION('',(0.,0.,1.));
#12157 = ORIENTED_EDGE('',*,*,#12158,.F.);
#12158 = EDGE_CURVE('',#12120,#12151,#12159,.T.);
#12159 = LINE('',#12160,#12161);
#12160 = CARTESIAN_POINT('',(-24.3,-54.,5.38));
#12161 = VECTOR('',#12162,1.);
#12162 = DIRECTION('',(0.880471099922,0.474099823035,0.));
#12163 = PLANE('',#12164);
#12164 = AXIS2_PLACEMENT_3D('',#12165,#12166,#12167);
#12165 = CARTESIAN_POINT('',(-24.3,-54.,5.38));
#12166 = DIRECTION('',(-0.474099823035,0.880471099922,0.));
#12167 = DIRECTION('',(0.880471099922,0.474099823035,0.));
#12168 = ADVANCED_FACE('',(#12169),#12185,.T.);
#12169 = FACE_BOUND('',#12170,.T.);
#12170 = EDGE_LOOP('',(#12171,#12172,#12178,#12179));
#12171 = ORIENTED_EDGE('',*,*,#12150,.T.);
#12172 = ORIENTED_EDGE('',*,*,#12173,.T.);
#12173 = EDGE_CURVE('',#12143,#11949,#12174,.T.);
#12174 = LINE('',#12175,#12176);
#12175 = CARTESIAN_POINT('',(-24.105,-53.895,5.86));
#12176 = VECTOR('',#12177,1.);
#12177 = DIRECTION('',(0.474099823035,0.880471099922,0.));
#12178 = ORIENTED_EDGE('',*,*,#11946,.F.);
#12179 = ORIENTED_EDGE('',*,*,#12180,.F.);
#12180 = EDGE_CURVE('',#12151,#11947,#12181,.T.);
#12181 = LINE('',#12182,#12183);
#12182 = CARTESIAN_POINT('',(-24.105,-53.895,5.38));
#12183 = VECTOR('',#12184,1.);
#12184 = DIRECTION('',(0.474099823035,0.880471099922,0.));
#12185 = PLANE('',#12186);
#12186 = AXIS2_PLACEMENT_3D('',#12187,#12188,#12189);
#12187 = CARTESIAN_POINT('',(-24.105,-53.895,5.38));
#12188 = DIRECTION('',(-0.880471099922,0.474099823035,0.));
#12189 = DIRECTION('',(0.474099823035,0.880471099922,0.));
#12190 = ADVANCED_FACE('',(#12191),#12201,.T.);
#12191 = FACE_BOUND('',#12192,.T.);
#12192 = EDGE_LOOP('',(#12193,#12194,#12195,#12196,#12197,#12198,#12199,
    #12200));
#12193 = ORIENTED_EDGE('',*,*,#11972,.T.);
#12194 = ORIENTED_EDGE('',*,*,#12003,.T.);
#12195 = ORIENTED_EDGE('',*,*,#12034,.T.);
#12196 = ORIENTED_EDGE('',*,*,#12065,.T.);
#12197 = ORIENTED_EDGE('',*,*,#12096,.T.);
#12198 = ORIENTED_EDGE('',*,*,#12127,.T.);
#12199 = ORIENTED_EDGE('',*,*,#12158,.T.);
#12200 = ORIENTED_EDGE('',*,*,#12180,.T.);
#12201 = PLANE('',#12202);
#12202 = AXIS2_PLACEMENT_3D('',#12203,#12204,#12205);
#12203 = CARTESIAN_POINT('',(-24.,-54.,5.38));
#12204 = DIRECTION('',(-0.,-0.,-1.));
#12205 = DIRECTION('',(-1.,0.,0.));
#12206 = ADVANCED_FACE('',(#12207),#12217,.F.);
#12207 = FACE_BOUND('',#12208,.F.);
#12208 = EDGE_LOOP('',(#12209,#12210,#12211,#12212,#12213,#12214,#12215,
    #12216));
#12209 = ORIENTED_EDGE('',*,*,#11956,.T.);
#12210 = ORIENTED_EDGE('',*,*,#11987,.T.);
#12211 = ORIENTED_EDGE('',*,*,#12018,.T.);
#12212 = ORIENTED_EDGE('',*,*,#12049,.T.);
#12213 = ORIENTED_EDGE('',*,*,#12080,.T.);
#12214 = ORIENTED_EDGE('',*,*,#12111,.T.);
#12215 = ORIENTED_EDGE('',*,*,#12142,.T.);
#12216 = ORIENTED_EDGE('',*,*,#12173,.T.);
#12217 = PLANE('',#12218);
#12218 = AXIS2_PLACEMENT_3D('',#12219,#12220,#12221);
#12219 = CARTESIAN_POINT('',(-24.,-54.,5.86));
#12220 = DIRECTION('',(-0.,-0.,-1.));
#12221 = DIRECTION('',(-1.,0.,0.));
#12222 = ( GEOMETRIC_REPRESENTATION_CONTEXT(3) 
GLOBAL_UNCERTAINTY_ASSIGNED_CONTEXT((#12226)) 
GLOBAL_UNIT_ASSIGNED_CONTEXT((#12223,#12224,#12225)) 
REPRESENTATION_CONTEXT('Context #1',
  '3D Context with UNIT and UNCERTAINTY') );
#12223 = ( LENGTH_UNIT() NAMED_UNIT(*) SI_UNIT(.MILLI.,.METRE.) );
#12224 = ( NAMED_UNIT(*) PLANE_ANGLE_UNIT() SI_UNIT($,.RADIAN.) );
#12225 = ( NAMED_UNIT(*) SI_UNIT($,.STERADIAN.) SOLID_ANGLE_UNIT() );
#12226 = UNCERTAINTY_MEASURE_WITH_UNIT(LENGTH_MEASURE(1.E-07),#12223,
  'distance_accuracy_value','confusion accuracy');
#12227 = CONTEXT_DEPENDENT_SHAPE_REPRESENTATION(#12228,#12230);
#12228 = ( REPRESENTATION_RELATIONSHIP('','',#11939,#10) 
REPRESENTATION_RELATIONSHIP_WITH_TRANSFORMATION(#12229) 
SHAPE_REPRESENTATION_RELATIONSHIP() );
#12229 = ITEM_DEFINED_TRANSFORMATION('','',#11,#155);
#12230 = PRODUCT_DEFINITION_SHAPE('Placement','Placement of an item',
  #12231);
#12231 = NEXT_ASSEMBLY_USAGE_OCCURRENCE('253','','',#5,#11934,$);
#12232 = PRODUCT_RELATED_PRODUCT_CATEGORY('part',$,(#11936));
#12233 = SHAPE_DEFINITION_REPRESENTATION(#12234,#12240);
#12234 = PRODUCT_DEFINITION_SHAPE('','',#12235);
#12235 = PRODUCT_DEFINITION('design','',#12236,#12239);
#12236 = PRODUCT_DEFINITION_FORMATION('','',#12237);
#12237 = PRODUCT('Open CASCADE STEP translator 7.8 5.37',
  'Open CASCADE STEP translator 7.8 5.37','',(#12238));
#12238 = PRODUCT_CONTEXT('',#2,'mechanical');
#12239 = PRODUCT_DEFINITION_CONTEXT('part definition',#2,'design');
#12240 = ADVANCED_BREP_SHAPE_REPRESENTATION('',(#11,#12241),#12523);
#12241 = MANIFOLD_SOLID_BREP('',#12242);
#12242 = CLOSED_SHELL('',(#12243,#12283,#12314,#12345,#12376,#12407,
    #12438,#12469,#12491,#12507));
#12243 = ADVANCED_FACE('',(#12244),#12278,.T.);
#12244 = FACE_BOUND('',#12245,.T.);
#12245 = EDGE_LOOP('',(#12246,#12256,#12264,#12272));
#12246 = ORIENTED_EDGE('',*,*,#12247,.T.);
#12247 = EDGE_CURVE('',#12248,#12250,#12252,.T.);
#12248 = VERTEX_POINT('',#12249);
#12249 = CARTESIAN_POINT('',(24.,-53.7,5.38));
#12250 = VERTEX_POINT('',#12251);
#12251 = CARTESIAN_POINT('',(24.,-53.7,5.86));
#12252 = LINE('',#12253,#12254);
#12253 = CARTESIAN_POINT('',(24.,-53.7,5.38));
#12254 = VECTOR('',#12255,1.);
#12255 = DIRECTION('',(0.,0.,1.));
#12256 = ORIENTED_EDGE('',*,*,#12257,.T.);
#12257 = EDGE_CURVE('',#12250,#12258,#12260,.T.);
#12258 = VERTEX_POINT('',#12259);
#12259 = CARTESIAN_POINT('',(24.105,-53.895,5.86));
#12260 = LINE('',#12261,#12262);
#12261 = CARTESIAN_POINT('',(24.,-53.7,5.86));
#12262 = VECTOR('',#12263,1.);
#12263 = DIRECTION('',(0.474099823035,-0.880471099922,0.));
#12264 = ORIENTED_EDGE('',*,*,#12265,.F.);
#12265 = EDGE_CURVE('',#12266,#12258,#12268,.T.);
#12266 = VERTEX_POINT('',#12267);
#12267 = CARTESIAN_POINT('',(24.105,-53.895,5.38));
#12268 = LINE('',#12269,#12270);
#12269 = CARTESIAN_POINT('',(24.105,-53.895,5.38));
#12270 = VECTOR('',#12271,1.);
#12271 = DIRECTION('',(0.,0.,1.));
#12272 = ORIENTED_EDGE('',*,*,#12273,.F.);
#12273 = EDGE_CURVE('',#12248,#12266,#12274,.T.);
#12274 = LINE('',#12275,#12276);
#12275 = CARTESIAN_POINT('',(24.,-53.7,5.38));
#12276 = VECTOR('',#12277,1.);
#12277 = DIRECTION('',(0.474099823035,-0.880471099922,0.));
#12278 = PLANE('',#12279);
#12279 = AXIS2_PLACEMENT_3D('',#12280,#12281,#12282);
#12280 = CARTESIAN_POINT('',(24.,-53.7,5.38));
#12281 = DIRECTION('',(0.880471099922,0.474099823035,-0.));
#12282 = DIRECTION('',(0.474099823035,-0.880471099922,0.));
#12283 = ADVANCED_FACE('',(#12284),#12309,.T.);
#12284 = FACE_BOUND('',#12285,.T.);
#12285 = EDGE_LOOP('',(#12286,#12287,#12295,#12303));
#12286 = ORIENTED_EDGE('',*,*,#12265,.T.);
#12287 = ORIENTED_EDGE('',*,*,#12288,.T.);
#12288 = EDGE_CURVE('',#12258,#12289,#12291,.T.);
#12289 = VERTEX_POINT('',#12290);
#12290 = CARTESIAN_POINT('',(24.3,-54.,5.86));
#12291 = LINE('',#12292,#12293);
#12292 = CARTESIAN_POINT('',(24.105,-53.895,5.86));
#12293 = VECTOR('',#12294,1.);
#12294 = DIRECTION('',(0.880471099922,-0.474099823035,0.));
#12295 = ORIENTED_EDGE('',*,*,#12296,.F.);
#12296 = EDGE_CURVE('',#12297,#12289,#12299,.T.);
#12297 = VERTEX_POINT('',#12298);
#12298 = CARTESIAN_POINT('',(24.3,-54.,5.38));
#12299 = LINE('',#12300,#12301);
#12300 = CARTESIAN_POINT('',(24.3,-54.,5.38));
#12301 = VECTOR('',#12302,1.);
#12302 = DIRECTION('',(0.,0.,1.));
#12303 = ORIENTED_EDGE('',*,*,#12304,.F.);
#12304 = EDGE_CURVE('',#12266,#12297,#12305,.T.);
#12305 = LINE('',#12306,#12307);
#12306 = CARTESIAN_POINT('',(24.105,-53.895,5.38));
#12307 = VECTOR('',#12308,1.);
#12308 = DIRECTION('',(0.880471099922,-0.474099823035,0.));
#12309 = PLANE('',#12310);
#12310 = AXIS2_PLACEMENT_3D('',#12311,#12312,#12313);
#12311 = CARTESIAN_POINT('',(24.105,-53.895,5.38));
#12312 = DIRECTION('',(0.474099823035,0.880471099922,-0.));
#12313 = DIRECTION('',(0.880471099922,-0.474099823035,0.));
#12314 = ADVANCED_FACE('',(#12315),#12340,.T.);
#12315 = FACE_BOUND('',#12316,.T.);
#12316 = EDGE_LOOP('',(#12317,#12318,#12326,#12334));
#12317 = ORIENTED_EDGE('',*,*,#12296,.T.);
#12318 = ORIENTED_EDGE('',*,*,#12319,.T.);
#12319 = EDGE_CURVE('',#12289,#12320,#12322,.T.);
#12320 = VERTEX_POINT('',#12321);
#12321 = CARTESIAN_POINT('',(24.105,-54.105,5.86));
#12322 = LINE('',#12323,#12324);
#12323 = CARTESIAN_POINT('',(24.3,-54.,5.86));
#12324 = VECTOR('',#12325,1.);
#12325 = DIRECTION('',(-0.880471099922,-0.474099823035,0.));
#12326 = ORIENTED_EDGE('',*,*,#12327,.F.);
#12327 = EDGE_CURVE('',#12328,#12320,#12330,.T.);
#12328 = VERTEX_POINT('',#12329);
#12329 = CARTESIAN_POINT('',(24.105,-54.105,5.38));
#12330 = LINE('',#12331,#12332);
#12331 = CARTESIAN_POINT('',(24.105,-54.105,5.38));
#12332 = VECTOR('',#12333,1.);
#12333 = DIRECTION('',(0.,0.,1.));
#12334 = ORIENTED_EDGE('',*,*,#12335,.F.);
#12335 = EDGE_CURVE('',#12297,#12328,#12336,.T.);
#12336 = LINE('',#12337,#12338);
#12337 = CARTESIAN_POINT('',(24.3,-54.,5.38));
#12338 = VECTOR('',#12339,1.);
#12339 = DIRECTION('',(-0.880471099922,-0.474099823035,0.));
#12340 = PLANE('',#12341);
#12341 = AXIS2_PLACEMENT_3D('',#12342,#12343,#12344);
#12342 = CARTESIAN_POINT('',(24.3,-54.,5.38));
#12343 = DIRECTION('',(0.474099823035,-0.880471099922,0.));
#12344 = DIRECTION('',(-0.880471099922,-0.474099823035,0.));
#12345 = ADVANCED_FACE('',(#12346),#12371,.T.);
#12346 = FACE_BOUND('',#12347,.T.);
#12347 = EDGE_LOOP('',(#12348,#12349,#12357,#12365));
#12348 = ORIENTED_EDGE('',*,*,#12327,.T.);
#12349 = ORIENTED_EDGE('',*,*,#12350,.T.);
#12350 = EDGE_CURVE('',#12320,#12351,#12353,.T.);
#12351 = VERTEX_POINT('',#12352);
#12352 = CARTESIAN_POINT('',(24.,-54.3,5.86));
#12353 = LINE('',#12354,#12355);
#12354 = CARTESIAN_POINT('',(24.105,-54.105,5.86));
#12355 = VECTOR('',#12356,1.);
#12356 = DIRECTION('',(-0.474099823035,-0.880471099922,0.));
#12357 = ORIENTED_EDGE('',*,*,#12358,.F.);
#12358 = EDGE_CURVE('',#12359,#12351,#12361,.T.);
#12359 = VERTEX_POINT('',#12360);
#12360 = CARTESIAN_POINT('',(24.,-54.3,5.38));
#12361 = LINE('',#12362,#12363);
#12362 = CARTESIAN_POINT('',(24.,-54.3,5.38));
#12363 = VECTOR('',#12364,1.);
#12364 = DIRECTION('',(0.,0.,1.));
#12365 = ORIENTED_EDGE('',*,*,#12366,.F.);
#12366 = EDGE_CURVE('',#12328,#12359,#12367,.T.);
#12367 = LINE('',#12368,#12369);
#12368 = CARTESIAN_POINT('',(24.105,-54.105,5.38));
#12369 = VECTOR('',#12370,1.);
#12370 = DIRECTION('',(-0.474099823035,-0.880471099922,0.));
#12371 = PLANE('',#12372);
#12372 = AXIS2_PLACEMENT_3D('',#12373,#12374,#12375);
#12373 = CARTESIAN_POINT('',(24.105,-54.105,5.38));
#12374 = DIRECTION('',(0.880471099922,-0.474099823035,0.));
#12375 = DIRECTION('',(-0.474099823035,-0.880471099922,0.));
#12376 = ADVANCED_FACE('',(#12377),#12402,.T.);
#12377 = FACE_BOUND('',#12378,.T.);
#12378 = EDGE_LOOP('',(#12379,#12380,#12388,#12396));
#12379 = ORIENTED_EDGE('',*,*,#12358,.T.);
#12380 = ORIENTED_EDGE('',*,*,#12381,.T.);
#12381 = EDGE_CURVE('',#12351,#12382,#12384,.T.);
#12382 = VERTEX_POINT('',#12383);
#12383 = CARTESIAN_POINT('',(23.895,-54.105,5.86));
#12384 = LINE('',#12385,#12386);
#12385 = CARTESIAN_POINT('',(24.,-54.3,5.86));
#12386 = VECTOR('',#12387,1.);
#12387 = DIRECTION('',(-0.474099823035,0.880471099922,0.));
#12388 = ORIENTED_EDGE('',*,*,#12389,.F.);
#12389 = EDGE_CURVE('',#12390,#12382,#12392,.T.);
#12390 = VERTEX_POINT('',#12391);
#12391 = CARTESIAN_POINT('',(23.895,-54.105,5.38));
#12392 = LINE('',#12393,#12394);
#12393 = CARTESIAN_POINT('',(23.895,-54.105,5.38));
#12394 = VECTOR('',#12395,1.);
#12395 = DIRECTION('',(0.,0.,1.));
#12396 = ORIENTED_EDGE('',*,*,#12397,.F.);
#12397 = EDGE_CURVE('',#12359,#12390,#12398,.T.);
#12398 = LINE('',#12399,#12400);
#12399 = CARTESIAN_POINT('',(24.,-54.3,5.38));
#12400 = VECTOR('',#12401,1.);
#12401 = DIRECTION('',(-0.474099823035,0.880471099922,0.));
#12402 = PLANE('',#12403);
#12403 = AXIS2_PLACEMENT_3D('',#12404,#12405,#12406);
#12404 = CARTESIAN_POINT('',(24.,-54.3,5.38));
#12405 = DIRECTION('',(-0.880471099922,-0.474099823035,0.));
#12406 = DIRECTION('',(-0.474099823035,0.880471099922,0.));
#12407 = ADVANCED_FACE('',(#12408),#12433,.T.);
#12408 = FACE_BOUND('',#12409,.T.);
#12409 = EDGE_LOOP('',(#12410,#12411,#12419,#12427));
#12410 = ORIENTED_EDGE('',*,*,#12389,.T.);
#12411 = ORIENTED_EDGE('',*,*,#12412,.T.);
#12412 = EDGE_CURVE('',#12382,#12413,#12415,.T.);
#12413 = VERTEX_POINT('',#12414);
#12414 = CARTESIAN_POINT('',(23.7,-54.,5.86));
#12415 = LINE('',#12416,#12417);
#12416 = CARTESIAN_POINT('',(23.895,-54.105,5.86));
#12417 = VECTOR('',#12418,1.);
#12418 = DIRECTION('',(-0.880471099922,0.474099823035,0.));
#12419 = ORIENTED_EDGE('',*,*,#12420,.F.);
#12420 = EDGE_CURVE('',#12421,#12413,#12423,.T.);
#12421 = VERTEX_POINT('',#12422);
#12422 = CARTESIAN_POINT('',(23.7,-54.,5.38));
#12423 = LINE('',#12424,#12425);
#12424 = CARTESIAN_POINT('',(23.7,-54.,5.38));
#12425 = VECTOR('',#12426,1.);
#12426 = DIRECTION('',(0.,0.,1.));
#12427 = ORIENTED_EDGE('',*,*,#12428,.F.);
#12428 = EDGE_CURVE('',#12390,#12421,#12429,.T.);
#12429 = LINE('',#12430,#12431);
#12430 = CARTESIAN_POINT('',(23.895,-54.105,5.38));
#12431 = VECTOR('',#12432,1.);
#12432 = DIRECTION('',(-0.880471099922,0.474099823035,0.));
#12433 = PLANE('',#12434);
#12434 = AXIS2_PLACEMENT_3D('',#12435,#12436,#12437);
#12435 = CARTESIAN_POINT('',(23.895,-54.105,5.38));
#12436 = DIRECTION('',(-0.474099823035,-0.880471099922,0.));
#12437 = DIRECTION('',(-0.880471099922,0.474099823035,0.));
#12438 = ADVANCED_FACE('',(#12439),#12464,.T.);
#12439 = FACE_BOUND('',#12440,.T.);
#12440 = EDGE_LOOP('',(#12441,#12442,#12450,#12458));
#12441 = ORIENTED_EDGE('',*,*,#12420,.T.);
#12442 = ORIENTED_EDGE('',*,*,#12443,.T.);
#12443 = EDGE_CURVE('',#12413,#12444,#12446,.T.);
#12444 = VERTEX_POINT('',#12445);
#12445 = CARTESIAN_POINT('',(23.895,-53.895,5.86));
#12446 = LINE('',#12447,#12448);
#12447 = CARTESIAN_POINT('',(23.7,-54.,5.86));
#12448 = VECTOR('',#12449,1.);
#12449 = DIRECTION('',(0.880471099922,0.474099823035,0.));
#12450 = ORIENTED_EDGE('',*,*,#12451,.F.);
#12451 = EDGE_CURVE('',#12452,#12444,#12454,.T.);
#12452 = VERTEX_POINT('',#12453);
#12453 = CARTESIAN_POINT('',(23.895,-53.895,5.38));
#12454 = LINE('',#12455,#12456);
#12455 = CARTESIAN_POINT('',(23.895,-53.895,5.38));
#12456 = VECTOR('',#12457,1.);
#12457 = DIRECTION('',(0.,0.,1.));
#12458 = ORIENTED_EDGE('',*,*,#12459,.F.);
#12459 = EDGE_CURVE('',#12421,#12452,#12460,.T.);
#12460 = LINE('',#12461,#12462);
#12461 = CARTESIAN_POINT('',(23.7,-54.,5.38));
#12462 = VECTOR('',#12463,1.);
#12463 = DIRECTION('',(0.880471099922,0.474099823035,0.));
#12464 = PLANE('',#12465);
#12465 = AXIS2_PLACEMENT_3D('',#12466,#12467,#12468);
#12466 = CARTESIAN_POINT('',(23.7,-54.,5.38));
#12467 = DIRECTION('',(-0.474099823035,0.880471099922,0.));
#12468 = DIRECTION('',(0.880471099922,0.474099823035,0.));
#12469 = ADVANCED_FACE('',(#12470),#12486,.T.);
#12470 = FACE_BOUND('',#12471,.T.);
#12471 = EDGE_LOOP('',(#12472,#12473,#12479,#12480));
#12472 = ORIENTED_EDGE('',*,*,#12451,.T.);
#12473 = ORIENTED_EDGE('',*,*,#12474,.T.);
#12474 = EDGE_CURVE('',#12444,#12250,#12475,.T.);
#12475 = LINE('',#12476,#12477);
#12476 = CARTESIAN_POINT('',(23.895,-53.895,5.86));
#12477 = VECTOR('',#12478,1.);
#12478 = DIRECTION('',(0.474099823035,0.880471099922,0.));
#12479 = ORIENTED_EDGE('',*,*,#12247,.F.);
#12480 = ORIENTED_EDGE('',*,*,#12481,.F.);
#12481 = EDGE_CURVE('',#12452,#12248,#12482,.T.);
#12482 = LINE('',#12483,#12484);
#12483 = CARTESIAN_POINT('',(23.895,-53.895,5.38));
#12484 = VECTOR('',#12485,1.);
#12485 = DIRECTION('',(0.474099823035,0.880471099922,0.));
#12486 = PLANE('',#12487);
#12487 = AXIS2_PLACEMENT_3D('',#12488,#12489,#12490);
#12488 = CARTESIAN_POINT('',(23.895,-53.895,5.38));
#12489 = DIRECTION('',(-0.880471099922,0.474099823035,0.));
#12490 = DIRECTION('',(0.474099823035,0.880471099922,0.));
#12491 = ADVANCED_FACE('',(#12492),#12502,.T.);
#12492 = FACE_BOUND('',#12493,.T.);
#12493 = EDGE_LOOP('',(#12494,#12495,#12496,#12497,#12498,#12499,#12500,
    #12501));
#12494 = ORIENTED_EDGE('',*,*,#12273,.T.);
#12495 = ORIENTED_EDGE('',*,*,#12304,.T.);
#12496 = ORIENTED_EDGE('',*,*,#12335,.T.);
#12497 = ORIENTED_EDGE('',*,*,#12366,.T.);
#12498 = ORIENTED_EDGE('',*,*,#12397,.T.);
#12499 = ORIENTED_EDGE('',*,*,#12428,.T.);
#12500 = ORIENTED_EDGE('',*,*,#12459,.T.);
#12501 = ORIENTED_EDGE('',*,*,#12481,.T.);
#12502 = PLANE('',#12503);
#12503 = AXIS2_PLACEMENT_3D('',#12504,#12505,#12506);
#12504 = CARTESIAN_POINT('',(24.,-54.,5.38));
#12505 = DIRECTION('',(-0.,-0.,-1.));
#12506 = DIRECTION('',(-1.,0.,0.));
#12507 = ADVANCED_FACE('',(#12508),#12518,.F.);
#12508 = FACE_BOUND('',#12509,.F.);
#12509 = EDGE_LOOP('',(#12510,#12511,#12512,#12513,#12514,#12515,#12516,
    #12517));
#12510 = ORIENTED_EDGE('',*,*,#12257,.T.);
#12511 = ORIENTED_EDGE('',*,*,#12288,.T.);
#12512 = ORIENTED_EDGE('',*,*,#12319,.T.);
#12513 = ORIENTED_EDGE('',*,*,#12350,.T.);
#12514 = ORIENTED_EDGE('',*,*,#12381,.T.);
#12515 = ORIENTED_EDGE('',*,*,#12412,.T.);
#12516 = ORIENTED_EDGE('',*,*,#12443,.T.);
#12517 = ORIENTED_EDGE('',*,*,#12474,.T.);
#12518 = PLANE('',#12519);
#12519 = AXIS2_PLACEMENT_3D('',#12520,#12521,#12522);
#12520 = CARTESIAN_POINT('',(24.,-54.,5.86));
#12521 = DIRECTION('',(-0.,-0.,-1.));
#12522 = DIRECTION('',(-1.,0.,0.));
#12523 = ( GEOMETRIC_REPRESENTATION_CONTEXT(3) 
GLOBAL_UNCERTAINTY_ASSIGNED_CONTEXT((#12527)) 
GLOBAL_UNIT_ASSIGNED_CONTEXT((#12524,#12525,#12526)) 
REPRESENTATION_CONTEXT('Context #1',
  '3D Context with UNIT and UNCERTAINTY') );
#12524 = ( LENGTH_UNIT() NAMED_UNIT(*) SI_UNIT(.MILLI.,.METRE.) );
#12525 = ( NAMED_UNIT(*) PLANE_ANGLE_UNIT() SI_UNIT($,.RADIAN.) );
#12526 = ( NAMED_UNIT(*) SI_UNIT($,.STERADIAN.) SOLID_ANGLE_UNIT() );
#12527 = UNCERTAINTY_MEASURE_WITH_UNIT(LENGTH_MEASURE(1.E-07),#12524,
  'distance_accuracy_value','confusion accuracy');
#12528 = CONTEXT_DEPENDENT_SHAPE_REPRESENTATION(#12529,#12531);
#12529 = ( REPRESENTATION_RELATIONSHIP('','',#12240,#10) 
REPRESENTATION_RELATIONSHIP_WITH_TRANSFORMATION(#12530) 
SHAPE_REPRESENTATION_RELATIONSHIP() );
#12530 = ITEM_DEFINED_TRANSFORMATION('','',#11,#159);
#12531 = PRODUCT_DEFINITION_SHAPE('Placement','Placement of an item',
  #12532);
#12532 = NEXT_ASSEMBLY_USAGE_OCCURRENCE('254','','',#5,#12235,$);
#12533 = PRODUCT_RELATED_PRODUCT_CATEGORY('part',$,(#12237));
ENDSEC;
END-ISO-10303-21;
