ISO-10303-21;
HEADER;
FILE_DESCRIPTION(('Open CASCADE Model'),'2;1');
FILE_NAME('Open CASCADE Shape Model','2026-09-12T17:04:58',('Author'),(
    'Open CASCADE'),'Open CASCADE STEP processor 7.9','Open CASCADE 7.9'
  ,'Unknown');
FILE_SCHEMA(('AUTOMOTIVE_DESIGN { 1 0 10303 214 1 1 1 1 }'));
ENDSEC;
DATA;
#1 = APPLICATION_PROTOCOL_DEFINITION('international standard',
  'automotive_design',2000,#2);
#2 = APPLICATION_CONTEXT(
  'core data for automotive mechanical design processes');
#3 = SHAPE_DEFINITION_REPRESENTATION(#4,#10);
#4 = PRODUCT_DEFINITION_SHAPE('','',#5);
#5 = PRODUCT_DEFINITION('design','',#6,#9);
#6 = PRODUCT_DEFINITION_FORMATION('','',#7);
#7 = PRODUCT('Open CASCADE STEP translator 7.9 3',
  'Open CASCADE STEP translator 7.9 3','',(#8));
#8 = PRODUCT_CONTEXT('',#2,'mechanical');
#9 = PRODUCT_DEFINITION_CONTEXT('part definition',#2,'design');
#10 = ADVANCED_BREP_SHAPE_REPRESENTATION('',(#11,#15),#17001);
#11 = AXIS2_PLACEMENT_3D('',#12,#13,#14);
#12 = CARTESIAN_POINT('',(0.,0.,0.));
#13 = DIRECTION('',(0.,0.,1.));
#14 = DIRECTION('',(1.,0.,-0.));
#15 = MANIFOLD_SOLID_BREP('',#16);
#16 = CLOSED_SHELL('',(#17,#137,#215,#2774,#2828,#5120,#5147,#5174,#5201
    ,#5228,#5235,#5294,#5368,#5415,#5462,#5487,#5563,#5612,#5661,#5688,
    #5762,#5809,#5856,#5881,#5955,#6002,#6049,#6074,#6148,#6195,#6242,
    #6267,#6326,#6400,#6447,#6494,#6519,#6593,#6640,#6687,#6712,#6788,
    #6837,#6886,#6913,#6989,#7038,#7087,#7114,#7190,#7239,#7288,#7315,
    #7389,#7436,#7483,#7508,#7567,#7643,#7692,#7741,#7768,#7844,#7893,
    #7942,#7969,#8111,#8159,#8206,#8254,#8372,#8398,#8447,#8496,#8523,
    #8550,#8624,#8671,#8718,#8743,#8817,#8864,#8911,#8936,#9012,#9061,
    #9110,#9137,#9213,#9262,#9311,#9338,#9414,#9463,#9512,#9539,#9598,
    #9752,#9807,#9883,#9932,#9981,#10008,#10084,#10133,#10182,#10209,
    #10285,#10334,#10383,#10410,#10486,#10535,#10584,#10611,#10666,
    #10742,#10791,#10840,#10867,#10943,#10992,#11041,#11068,#11144,
    #11193,#11242,#11269,#11324,#11395,#11444,#11493,#11520,#11596,
    #11645,#11694,#11721,#11797,#11846,#11895,#11922,#11998,#12047,
    #12096,#12145,#12194,#12221,#12297,#12346,#12395,#12444,#12493,
    #12542,#12591,#12618,#12694,#12743,#12792,#12841,#12890,#12939,
    #12988,#13037,#13086,#13135,#13184,#13233,#13282,#13331,#13380,
    #13429,#13478,#13505,#13577,#13609,#13644,#13761,#13768,#13885,
    #14002,#14119,#14154,#14271,#14388,#14395,#14402,#14409,#14526,
    #14561,#14568,#14575,#14588,#14595,#14602,#14719,#14836,#14843,
    #14850,#14857,#14890,#14925,#14932,#14966,#15063,#15160,#15257,
    #15354,#15388,#15485,#15582,#15679,#15713,#15810,#15907,#15916,
    #15927,#15948,#15975,#16022,#16049,#16076,#16083,#16130,#16157,
    #16184,#16191,#16238,#16265,#16292,#16299,#16346,#16373,#16400,
    #16407,#16434,#16481,#16508,#16535,#16542,#16589,#16616,#16643,
    #16650,#16697,#16724,#16751,#16758,#16785,#16832,#16859,#16886,
    #16893,#16940,#16967,#16994));
#17 = ADVANCED_FACE('',(#18),#32,.F.);
#18 = FACE_BOUND('',#19,.F.);
#19 = EDGE_LOOP('',(#20,#55,#83,#111));
#20 = ORIENTED_EDGE('',*,*,#21,.F.);
#21 = EDGE_CURVE('',#22,#24,#26,.T.);
#22 = VERTEX_POINT('',#23);
#23 = CARTESIAN_POINT('',(-45.5,-46.25,2.9));
#24 = VERTEX_POINT('',#25);
#25 = CARTESIAN_POINT('',(-45.5,-46.25,5.9));
#26 = SURFACE_CURVE('',#27,(#31,#43),.PCURVE_S1.);
#27 = LINE('',#28,#29);
#28 = CARTESIAN_POINT('',(-45.5,-46.25,2.9));
#29 = VECTOR('',#30,1.);
#30 = DIRECTION('',(0.,0.,1.));
#31 = PCURVE('',#32,#37);
#32 = PLANE('',#33);
#33 = AXIS2_PLACEMENT_3D('',#34,#35,#36);
#34 = CARTESIAN_POINT('',(-45.5,-51.25,2.9));
#35 = DIRECTION('',(1.,0.,0.));
#36 = DIRECTION('',(0.,0.,1.));
#37 = DEFINITIONAL_REPRESENTATION('',(#38),#42);
#38 = LINE('',#39,#40);
#39 = CARTESIAN_POINT('',(0.,-5.));
#40 = VECTOR('',#41,1.);
#41 = DIRECTION('',(1.,0.));
#42 = ( GEOMETRIC_REPRESENTATION_CONTEXT(2) 
PARAMETRIC_REPRESENTATION_CONTEXT() REPRESENTATION_CONTEXT('2D SPACE',''
  ) );
#43 = PCURVE('',#44,#49);
#44 = CYLINDRICAL_SURFACE('',#45,5.);
#45 = AXIS2_PLACEMENT_3D('',#46,#47,#48);
#46 = CARTESIAN_POINT('',(-40.5,-46.25,2.9));
#47 = DIRECTION('',(0.,0.,1.));
#48 = DIRECTION('',(-1.,-0.,0.));
#49 = DEFINITIONAL_REPRESENTATION('',(#50),#54);
#50 = LINE('',#51,#52);
#51 = CARTESIAN_POINT('',(0.,0.));
#52 = VECTOR('',#53,1.);
#53 = DIRECTION('',(0.,1.));
#54 = ( GEOMETRIC_REPRESENTATION_CONTEXT(2) 
PARAMETRIC_REPRESENTATION_CONTEXT() REPRESENTATION_CONTEXT('2D SPACE',''
  ) );
#55 = ORIENTED_EDGE('',*,*,#56,.T.);
#56 = EDGE_CURVE('',#22,#57,#59,.T.);
#57 = VERTEX_POINT('',#58);
#58 = CARTESIAN_POINT('',(-45.5,46.25,2.9));
#59 = SURFACE_CURVE('',#60,(#64,#71),.PCURVE_S1.);
#60 = LINE('',#61,#62);
#61 = CARTESIAN_POINT('',(-45.5,-51.25,2.9));
#62 = VECTOR('',#63,1.);
#63 = DIRECTION('',(0.,1.,0.));
#64 = PCURVE('',#32,#65);
#65 = DEFINITIONAL_REPRESENTATION('',(#66),#70);
#66 = LINE('',#67,#68);
#67 = CARTESIAN_POINT('',(0.,0.));
#68 = VECTOR('',#69,1.);
#69 = DIRECTION('',(0.,-1.));
#70 = ( GEOMETRIC_REPRESENTATION_CONTEXT(2) 
PARAMETRIC_REPRESENTATION_CONTEXT() REPRESENTATION_CONTEXT('2D SPACE',''
  ) );
#71 = PCURVE('',#72,#77);
#72 = PLANE('',#73);
#73 = AXIS2_PLACEMENT_3D('',#74,#75,#76);
#74 = CARTESIAN_POINT('',(-45.5,-51.25,2.9));
#75 = DIRECTION('',(0.,0.,1.));
#76 = DIRECTION('',(1.,0.,0.));
#77 = DEFINITIONAL_REPRESENTATION('',(#78),#82);
#78 = LINE('',#79,#80);
#79 = CARTESIAN_POINT('',(0.,0.));
#80 = VECTOR('',#81,1.);
#81 = DIRECTION('',(0.,1.));
#82 = ( GEOMETRIC_REPRESENTATION_CONTEXT(2) 
PARAMETRIC_REPRESENTATION_CONTEXT() REPRESENTATION_CONTEXT('2D SPACE',''
  ) );
#83 = ORIENTED_EDGE('',*,*,#84,.F.);
#84 = EDGE_CURVE('',#85,#57,#87,.T.);
#85 = VERTEX_POINT('',#86);
#86 = CARTESIAN_POINT('',(-45.5,46.25,5.9));
#87 = SURFACE_CURVE('',#88,(#92,#99),.PCURVE_S1.);
#88 = LINE('',#89,#90);
#89 = CARTESIAN_POINT('',(-45.5,46.25,5.9));
#90 = VECTOR('',#91,1.);
#91 = DIRECTION('',(0.,0.,-1.));
#92 = PCURVE('',#32,#93);
#93 = DEFINITIONAL_REPRESENTATION('',(#94),#98);
#94 = LINE('',#95,#96);
#95 = CARTESIAN_POINT('',(3.,-97.5));
#96 = VECTOR('',#97,1.);
#97 = DIRECTION('',(-1.,0.));
#98 = ( GEOMETRIC_REPRESENTATION_CONTEXT(2) 
PARAMETRIC_REPRESENTATION_CONTEXT() REPRESENTATION_CONTEXT('2D SPACE',''
  ) );
#99 = PCURVE('',#100,#105);
#100 = CYLINDRICAL_SURFACE('',#101,5.);
#101 = AXIS2_PLACEMENT_3D('',#102,#103,#104);
#102 = CARTESIAN_POINT('',(-40.5,46.25,2.9));
#103 = DIRECTION('',(0.,0.,1.));
#104 = DIRECTION('',(-1.,-0.,0.));
#105 = DEFINITIONAL_REPRESENTATION('',(#106),#110);
#106 = LINE('',#107,#108);
#107 = CARTESIAN_POINT('',(-0.,3.));
#108 = VECTOR('',#109,1.);
#109 = DIRECTION('',(-0.,-1.));
#110 = ( GEOMETRIC_REPRESENTATION_CONTEXT(2) 
PARAMETRIC_REPRESENTATION_CONTEXT() REPRESENTATION_CONTEXT('2D SPACE',''
  ) );
#111 = ORIENTED_EDGE('',*,*,#112,.F.);
#112 = EDGE_CURVE('',#24,#85,#113,.T.);
#113 = SURFACE_CURVE('',#114,(#118,#125),.PCURVE_S1.);
#114 = LINE('',#115,#116);
#115 = CARTESIAN_POINT('',(-45.5,-51.25,5.9));
#116 = VECTOR('',#117,1.);
#117 = DIRECTION('',(0.,1.,0.));
#118 = PCURVE('',#32,#119);
#119 = DEFINITIONAL_REPRESENTATION('',(#120),#124);
#120 = LINE('',#121,#122);
#121 = CARTESIAN_POINT('',(3.,0.));
#122 = VECTOR('',#123,1.);
#123 = DIRECTION('',(0.,-1.));
#124 = ( GEOMETRIC_REPRESENTATION_CONTEXT(2) 
PARAMETRIC_REPRESENTATION_CONTEXT() REPRESENTATION_CONTEXT('2D SPACE',''
  ) );
#125 = PCURVE('',#126,#131);
#126 = PLANE('',#127);
#127 = AXIS2_PLACEMENT_3D('',#128,#129,#130);
#128 = CARTESIAN_POINT('',(-45.5,-51.25,5.9));
#129 = DIRECTION('',(0.,0.,1.));
#130 = DIRECTION('',(1.,0.,0.));
#131 = DEFINITIONAL_REPRESENTATION('',(#132),#136);
#132 = LINE('',#133,#134);
#133 = CARTESIAN_POINT('',(0.,0.));
#134 = VECTOR('',#135,1.);
#135 = DIRECTION('',(0.,1.));
#136 = ( GEOMETRIC_REPRESENTATION_CONTEXT(2) 
PARAMETRIC_REPRESENTATION_CONTEXT() REPRESENTATION_CONTEXT('2D SPACE',''
  ) );
#137 = ADVANCED_FACE('',(#138),#44,.T.);
#138 = FACE_BOUND('',#139,.T.);
#139 = EDGE_LOOP('',(#140,#164,#192,#214));
#140 = ORIENTED_EDGE('',*,*,#141,.T.);
#141 = EDGE_CURVE('',#22,#142,#144,.T.);
#142 = VERTEX_POINT('',#143);
#143 = CARTESIAN_POINT('',(-40.5,-51.25,2.9));
#144 = SURFACE_CURVE('',#145,(#150,#157),.PCURVE_S1.);
#145 = CIRCLE('',#146,5.);
#146 = AXIS2_PLACEMENT_3D('',#147,#148,#149);
#147 = CARTESIAN_POINT('',(-40.5,-46.25,2.9));
#148 = DIRECTION('',(0.,0.,1.));
#149 = DIRECTION('',(0.,-1.,0.));
#150 = PCURVE('',#44,#151);
#151 = DEFINITIONAL_REPRESENTATION('',(#152),#156);
#152 = LINE('',#153,#154);
#153 = CARTESIAN_POINT('',(-4.712388980385,0.));
#154 = VECTOR('',#155,1.);
#155 = DIRECTION('',(1.,0.));
#156 = ( GEOMETRIC_REPRESENTATION_CONTEXT(2) 
PARAMETRIC_REPRESENTATION_CONTEXT() REPRESENTATION_CONTEXT('2D SPACE',''
  ) );
#157 = PCURVE('',#72,#158);
#158 = DEFINITIONAL_REPRESENTATION('',(#159),#163);
#159 = CIRCLE('',#160,5.);
#160 = AXIS2_PLACEMENT_2D('',#161,#162);
#161 = CARTESIAN_POINT('',(5.,5.));
#162 = DIRECTION('',(0.,-1.));
#163 = ( GEOMETRIC_REPRESENTATION_CONTEXT(2) 
PARAMETRIC_REPRESENTATION_CONTEXT() REPRESENTATION_CONTEXT('2D SPACE',''
  ) );
#164 = ORIENTED_EDGE('',*,*,#165,.T.);
#165 = EDGE_CURVE('',#142,#166,#168,.T.);
#166 = VERTEX_POINT('',#167);
#167 = CARTESIAN_POINT('',(-40.5,-51.25,5.9));
#168 = SURFACE_CURVE('',#169,(#173,#180),.PCURVE_S1.);
#169 = LINE('',#170,#171);
#170 = CARTESIAN_POINT('',(-40.5,-51.25,2.9));
#171 = VECTOR('',#172,1.);
#172 = DIRECTION('',(0.,0.,1.));
#173 = PCURVE('',#44,#174);
#174 = DEFINITIONAL_REPRESENTATION('',(#175),#179);
#175 = LINE('',#176,#177);
#176 = CARTESIAN_POINT('',(1.570796326795,0.));
#177 = VECTOR('',#178,1.);
#178 = DIRECTION('',(0.,1.));
#179 = ( GEOMETRIC_REPRESENTATION_CONTEXT(2) 
PARAMETRIC_REPRESENTATION_CONTEXT() REPRESENTATION_CONTEXT('2D SPACE',''
  ) );
#180 = PCURVE('',#181,#186);
#181 = PLANE('',#182);
#182 = AXIS2_PLACEMENT_3D('',#183,#184,#185);
#183 = CARTESIAN_POINT('',(-45.5,-51.25,2.9));
#184 = DIRECTION('',(0.,1.,0.));
#185 = DIRECTION('',(0.,0.,1.));
#186 = DEFINITIONAL_REPRESENTATION('',(#187),#191);
#187 = LINE('',#188,#189);
#188 = CARTESIAN_POINT('',(0.,5.));
#189 = VECTOR('',#190,1.);
#190 = DIRECTION('',(1.,0.));
#191 = ( GEOMETRIC_REPRESENTATION_CONTEXT(2) 
PARAMETRIC_REPRESENTATION_CONTEXT() REPRESENTATION_CONTEXT('2D SPACE',''
  ) );
#192 = ORIENTED_EDGE('',*,*,#193,.F.);
#193 = EDGE_CURVE('',#24,#166,#194,.T.);
#194 = SURFACE_CURVE('',#195,(#200,#207),.PCURVE_S1.);
#195 = CIRCLE('',#196,5.);
#196 = AXIS2_PLACEMENT_3D('',#197,#198,#199);
#197 = CARTESIAN_POINT('',(-40.5,-46.25,5.9));
#198 = DIRECTION('',(0.,0.,1.));
#199 = DIRECTION('',(0.,-1.,0.));
#200 = PCURVE('',#44,#201);
#201 = DEFINITIONAL_REPRESENTATION('',(#202),#206);
#202 = LINE('',#203,#204);
#203 = CARTESIAN_POINT('',(-4.712388980385,3.));
#204 = VECTOR('',#205,1.);
#205 = DIRECTION('',(1.,0.));
#206 = ( GEOMETRIC_REPRESENTATION_CONTEXT(2) 
PARAMETRIC_REPRESENTATION_CONTEXT() REPRESENTATION_CONTEXT('2D SPACE',''
  ) );
#207 = PCURVE('',#126,#208);
#208 = DEFINITIONAL_REPRESENTATION('',(#209),#213);
#209 = CIRCLE('',#210,5.);
#210 = AXIS2_PLACEMENT_2D('',#211,#212);
#211 = CARTESIAN_POINT('',(5.,5.));
#212 = DIRECTION('',(0.,-1.));
#213 = ( GEOMETRIC_REPRESENTATION_CONTEXT(2) 
PARAMETRIC_REPRESENTATION_CONTEXT() REPRESENTATION_CONTEXT('2D SPACE',''
  ) );
#214 = ORIENTED_EDGE('',*,*,#21,.F.);
#215 = ADVANCED_FACE('',(#216,#387,#422,#528,#634,#740,#846,#952,#987,
    #1093,#1199,#1305,#1411,#1517,#1623,#1658,#1764,#1870,#2174,#2280,
    #2386,#2492,#2598,#2704,#2739),#72,.F.);
#216 = FACE_BOUND('',#217,.F.);
#217 = EDGE_LOOP('',(#218,#219,#220,#243,#276,#304,#333,#361));
#218 = ORIENTED_EDGE('',*,*,#56,.F.);
#219 = ORIENTED_EDGE('',*,*,#141,.T.);
#220 = ORIENTED_EDGE('',*,*,#221,.T.);
#221 = EDGE_CURVE('',#142,#222,#224,.T.);
#222 = VERTEX_POINT('',#223);
#223 = CARTESIAN_POINT('',(40.5,-51.25,2.9));
#224 = SURFACE_CURVE('',#225,(#229,#236),.PCURVE_S1.);
#225 = LINE('',#226,#227);
#226 = CARTESIAN_POINT('',(-45.5,-51.25,2.9));
#227 = VECTOR('',#228,1.);
#228 = DIRECTION('',(1.,0.,0.));
#229 = PCURVE('',#72,#230);
#230 = DEFINITIONAL_REPRESENTATION('',(#231),#235);
#231 = LINE('',#232,#233);
#232 = CARTESIAN_POINT('',(0.,0.));
#233 = VECTOR('',#234,1.);
#234 = DIRECTION('',(1.,0.));
#235 = ( GEOMETRIC_REPRESENTATION_CONTEXT(2) 
PARAMETRIC_REPRESENTATION_CONTEXT() REPRESENTATION_CONTEXT('2D SPACE',''
  ) );
#236 = PCURVE('',#181,#237);
#237 = DEFINITIONAL_REPRESENTATION('',(#238),#242);
#238 = LINE('',#239,#240);
#239 = CARTESIAN_POINT('',(0.,0.));
#240 = VECTOR('',#241,1.);
#241 = DIRECTION('',(0.,1.));
#242 = ( GEOMETRIC_REPRESENTATION_CONTEXT(2) 
PARAMETRIC_REPRESENTATION_CONTEXT() REPRESENTATION_CONTEXT('2D SPACE',''
  ) );
#243 = ORIENTED_EDGE('',*,*,#244,.F.);
#244 = EDGE_CURVE('',#245,#222,#247,.T.);
#245 = VERTEX_POINT('',#246);
#246 = CARTESIAN_POINT('',(45.5,-46.25,2.9));
#247 = SURFACE_CURVE('',#248,(#253,#264),.PCURVE_S1.);
#248 = CIRCLE('',#249,5.);
#249 = AXIS2_PLACEMENT_3D('',#250,#251,#252);
#250 = CARTESIAN_POINT('',(40.5,-46.25,2.9));
#251 = DIRECTION('',(-0.,-0.,-1.));
#252 = DIRECTION('',(0.,-1.,0.));
#253 = PCURVE('',#72,#254);
#254 = DEFINITIONAL_REPRESENTATION('',(#255),#263);
#255 = ( BOUNDED_CURVE() B_SPLINE_CURVE(2,(#256,#257,#258,#259,#260,#261
,#262),.UNSPECIFIED.,.T.,.F.) B_SPLINE_CURVE_WITH_KNOTS((1,2,2,2,2,1),(
    -2.094395102393,0.,2.094395102393,4.188790204786,6.28318530718,
8.377580409573),.UNSPECIFIED.) CURVE() GEOMETRIC_REPRESENTATION_ITEM() 
RATIONAL_B_SPLINE_CURVE((1.,0.5,1.,0.5,1.,0.5,1.)) REPRESENTATION_ITEM(
  '') );
#256 = CARTESIAN_POINT('',(86.,0.));
#257 = CARTESIAN_POINT('',(77.339745962156,0.));
#258 = CARTESIAN_POINT('',(81.669872981078,7.5));
#259 = CARTESIAN_POINT('',(86.,15.));
#260 = CARTESIAN_POINT('',(90.330127018922,7.5));
#261 = CARTESIAN_POINT('',(94.660254037844,7.993605777301E-15));
#262 = CARTESIAN_POINT('',(86.,0.));
#263 = ( GEOMETRIC_REPRESENTATION_CONTEXT(2) 
PARAMETRIC_REPRESENTATION_CONTEXT() REPRESENTATION_CONTEXT('2D SPACE',''
  ) );
#264 = PCURVE('',#265,#270);
#265 = CYLINDRICAL_SURFACE('',#266,5.);
#266 = AXIS2_PLACEMENT_3D('',#267,#268,#269);
#267 = CARTESIAN_POINT('',(40.5,-46.25,2.9));
#268 = DIRECTION('',(0.,0.,1.));
#269 = DIRECTION('',(1.,0.,-0.));
#270 = DEFINITIONAL_REPRESENTATION('',(#271),#275);
#271 = LINE('',#272,#273);
#272 = CARTESIAN_POINT('',(4.712388980385,-0.));
#273 = VECTOR('',#274,1.);
#274 = DIRECTION('',(-1.,0.));
#275 = ( GEOMETRIC_REPRESENTATION_CONTEXT(2) 
PARAMETRIC_REPRESENTATION_CONTEXT() REPRESENTATION_CONTEXT('2D SPACE',''
  ) );
#276 = ORIENTED_EDGE('',*,*,#277,.T.);
#277 = EDGE_CURVE('',#245,#278,#280,.T.);
#278 = VERTEX_POINT('',#279);
#279 = CARTESIAN_POINT('',(45.5,46.25,2.9));
#280 = SURFACE_CURVE('',#281,(#285,#292),.PCURVE_S1.);
#281 = LINE('',#282,#283);
#282 = CARTESIAN_POINT('',(45.5,-51.25,2.9));
#283 = VECTOR('',#284,1.);
#284 = DIRECTION('',(0.,1.,0.));
#285 = PCURVE('',#72,#286);
#286 = DEFINITIONAL_REPRESENTATION('',(#287),#291);
#287 = LINE('',#288,#289);
#288 = CARTESIAN_POINT('',(91.,0.));
#289 = VECTOR('',#290,1.);
#290 = DIRECTION('',(0.,1.));
#291 = ( GEOMETRIC_REPRESENTATION_CONTEXT(2) 
PARAMETRIC_REPRESENTATION_CONTEXT() REPRESENTATION_CONTEXT('2D SPACE',''
  ) );
#292 = PCURVE('',#293,#298);
#293 = PLANE('',#294);
#294 = AXIS2_PLACEMENT_3D('',#295,#296,#297);
#295 = CARTESIAN_POINT('',(45.5,-51.25,2.9));
#296 = DIRECTION('',(1.,0.,0.));
#297 = DIRECTION('',(0.,0.,1.));
#298 = DEFINITIONAL_REPRESENTATION('',(#299),#303);
#299 = LINE('',#300,#301);
#300 = CARTESIAN_POINT('',(0.,0.));
#301 = VECTOR('',#302,1.);
#302 = DIRECTION('',(0.,-1.));
#303 = ( GEOMETRIC_REPRESENTATION_CONTEXT(2) 
PARAMETRIC_REPRESENTATION_CONTEXT() REPRESENTATION_CONTEXT('2D SPACE',''
  ) );
#304 = ORIENTED_EDGE('',*,*,#305,.T.);
#305 = EDGE_CURVE('',#278,#306,#308,.T.);
#306 = VERTEX_POINT('',#307);
#307 = CARTESIAN_POINT('',(40.5,51.25,2.9));
#308 = SURFACE_CURVE('',#309,(#314,#321),.PCURVE_S1.);
#309 = CIRCLE('',#310,5.);
#310 = AXIS2_PLACEMENT_3D('',#311,#312,#313);
#311 = CARTESIAN_POINT('',(40.5,46.25,2.9));
#312 = DIRECTION('',(0.,0.,1.));
#313 = DIRECTION('',(0.,-1.,0.));
#314 = PCURVE('',#72,#315);
#315 = DEFINITIONAL_REPRESENTATION('',(#316),#320);
#316 = CIRCLE('',#317,5.);
#317 = AXIS2_PLACEMENT_2D('',#318,#319);
#318 = CARTESIAN_POINT('',(86.,97.5));
#319 = DIRECTION('',(0.,-1.));
#320 = ( GEOMETRIC_REPRESENTATION_CONTEXT(2) 
PARAMETRIC_REPRESENTATION_CONTEXT() REPRESENTATION_CONTEXT('2D SPACE',''
  ) );
#321 = PCURVE('',#322,#327);
#322 = CYLINDRICAL_SURFACE('',#323,5.);
#323 = AXIS2_PLACEMENT_3D('',#324,#325,#326);
#324 = CARTESIAN_POINT('',(40.5,46.25,2.9));
#325 = DIRECTION('',(0.,0.,1.));
#326 = DIRECTION('',(1.,0.,-0.));
#327 = DEFINITIONAL_REPRESENTATION('',(#328),#332);
#328 = LINE('',#329,#330);
#329 = CARTESIAN_POINT('',(-1.570796326795,0.));
#330 = VECTOR('',#331,1.);
#331 = DIRECTION('',(1.,0.));
#332 = ( GEOMETRIC_REPRESENTATION_CONTEXT(2) 
PARAMETRIC_REPRESENTATION_CONTEXT() REPRESENTATION_CONTEXT('2D SPACE',''
  ) );
#333 = ORIENTED_EDGE('',*,*,#334,.F.);
#334 = EDGE_CURVE('',#335,#306,#337,.T.);
#335 = VERTEX_POINT('',#336);
#336 = CARTESIAN_POINT('',(-40.5,51.25,2.9));
#337 = SURFACE_CURVE('',#338,(#342,#349),.PCURVE_S1.);
#338 = LINE('',#339,#340);
#339 = CARTESIAN_POINT('',(-45.5,51.25,2.9));
#340 = VECTOR('',#341,1.);
#341 = DIRECTION('',(1.,0.,0.));
#342 = PCURVE('',#72,#343);
#343 = DEFINITIONAL_REPRESENTATION('',(#344),#348);
#344 = LINE('',#345,#346);
#345 = CARTESIAN_POINT('',(0.,102.5));
#346 = VECTOR('',#347,1.);
#347 = DIRECTION('',(1.,0.));
#348 = ( GEOMETRIC_REPRESENTATION_CONTEXT(2) 
PARAMETRIC_REPRESENTATION_CONTEXT() REPRESENTATION_CONTEXT('2D SPACE',''
  ) );
#349 = PCURVE('',#350,#355);
#350 = PLANE('',#351);
#351 = AXIS2_PLACEMENT_3D('',#352,#353,#354);
#352 = CARTESIAN_POINT('',(-45.5,51.25,2.9));
#353 = DIRECTION('',(0.,1.,0.));
#354 = DIRECTION('',(0.,0.,1.));
#355 = DEFINITIONAL_REPRESENTATION('',(#356),#360);
#356 = LINE('',#357,#358);
#357 = CARTESIAN_POINT('',(0.,0.));
#358 = VECTOR('',#359,1.);
#359 = DIRECTION('',(0.,1.));
#360 = ( GEOMETRIC_REPRESENTATION_CONTEXT(2) 
PARAMETRIC_REPRESENTATION_CONTEXT() REPRESENTATION_CONTEXT('2D SPACE',''
  ) );
#361 = ORIENTED_EDGE('',*,*,#362,.F.);
#362 = EDGE_CURVE('',#57,#335,#363,.T.);
#363 = SURFACE_CURVE('',#364,(#369,#380),.PCURVE_S1.);
#364 = CIRCLE('',#365,5.);
#365 = AXIS2_PLACEMENT_3D('',#366,#367,#368);
#366 = CARTESIAN_POINT('',(-40.5,46.25,2.9));
#367 = DIRECTION('',(-0.,-0.,-1.));
#368 = DIRECTION('',(0.,-1.,0.));
#369 = PCURVE('',#72,#370);
#370 = DEFINITIONAL_REPRESENTATION('',(#371),#379);
#371 = ( BOUNDED_CURVE() B_SPLINE_CURVE(2,(#372,#373,#374,#375,#376,#377
,#378),.UNSPECIFIED.,.T.,.F.) B_SPLINE_CURVE_WITH_KNOTS((1,2,2,2,2,1),(
    -2.094395102393,0.,2.094395102393,4.188790204786,6.28318530718,
8.377580409573),.UNSPECIFIED.) CURVE() GEOMETRIC_REPRESENTATION_ITEM() 
RATIONAL_B_SPLINE_CURVE((1.,0.5,1.,0.5,1.,0.5,1.)) REPRESENTATION_ITEM(
  '') );
#372 = CARTESIAN_POINT('',(5.,92.5));
#373 = CARTESIAN_POINT('',(-3.660254037844,92.5));
#374 = CARTESIAN_POINT('',(0.669872981078,100.));
#375 = CARTESIAN_POINT('',(5.,107.5));
#376 = CARTESIAN_POINT('',(9.330127018922,100.));
#377 = CARTESIAN_POINT('',(13.660254037844,92.5));
#378 = CARTESIAN_POINT('',(5.,92.5));
#379 = ( GEOMETRIC_REPRESENTATION_CONTEXT(2) 
PARAMETRIC_REPRESENTATION_CONTEXT() REPRESENTATION_CONTEXT('2D SPACE',''
  ) );
#380 = PCURVE('',#100,#381);
#381 = DEFINITIONAL_REPRESENTATION('',(#382),#386);
#382 = LINE('',#383,#384);
#383 = CARTESIAN_POINT('',(1.570796326795,-0.));
#384 = VECTOR('',#385,1.);
#385 = DIRECTION('',(-1.,0.));
#386 = ( GEOMETRIC_REPRESENTATION_CONTEXT(2) 
PARAMETRIC_REPRESENTATION_CONTEXT() REPRESENTATION_CONTEXT('2D SPACE',''
  ) );
#387 = FACE_BOUND('',#388,.F.);
#388 = EDGE_LOOP('',(#389));
#389 = ORIENTED_EDGE('',*,*,#390,.T.);
#390 = EDGE_CURVE('',#391,#391,#393,.T.);
#391 = VERTEX_POINT('',#392);
#392 = CARTESIAN_POINT('',(-36.105,-42.57,2.9));
#393 = SURFACE_CURVE('',#394,(#399,#410),.PCURVE_S1.);
#394 = CIRCLE('',#395,1.7);
#395 = AXIS2_PLACEMENT_3D('',#396,#397,#398);
#396 = CARTESIAN_POINT('',(-37.805,-42.57,2.9));
#397 = DIRECTION('',(0.,0.,-1.));
#398 = DIRECTION('',(1.,0.,0.));
#399 = PCURVE('',#72,#400);
#400 = DEFINITIONAL_REPRESENTATION('',(#401),#409);
#401 = ( BOUNDED_CURVE() B_SPLINE_CURVE(2,(#402,#403,#404,#405,#406,#407
,#408),.UNSPECIFIED.,.T.,.F.) B_SPLINE_CURVE_WITH_KNOTS((1,2,2,2,2,1),(
    -2.094395102393,0.,2.094395102393,4.188790204786,6.28318530718,
8.377580409573),.UNSPECIFIED.) CURVE() GEOMETRIC_REPRESENTATION_ITEM() 
RATIONAL_B_SPLINE_CURVE((1.,0.5,1.,0.5,1.,0.5,1.)) REPRESENTATION_ITEM(
  '') );
#402 = CARTESIAN_POINT('',(9.395,8.68));
#403 = CARTESIAN_POINT('',(9.395,5.735513627133));
#404 = CARTESIAN_POINT('',(6.845,7.207756813566));
#405 = CARTESIAN_POINT('',(4.295,8.68));
#406 = CARTESIAN_POINT('',(6.845,10.152243186434));
#407 = CARTESIAN_POINT('',(9.395,11.624486372867));
#408 = CARTESIAN_POINT('',(9.395,8.68));
#409 = ( GEOMETRIC_REPRESENTATION_CONTEXT(2) 
PARAMETRIC_REPRESENTATION_CONTEXT() REPRESENTATION_CONTEXT('2D SPACE',''
  ) );
#410 = PCURVE('',#411,#416);
#411 = CYLINDRICAL_SURFACE('',#412,1.7);
#412 = AXIS2_PLACEMENT_3D('',#413,#414,#415);
#413 = CARTESIAN_POINT('',(-37.805,-42.57,2.4));
#414 = DIRECTION('',(-0.,-0.,-1.));
#415 = DIRECTION('',(1.,0.,0.));
#416 = DEFINITIONAL_REPRESENTATION('',(#417),#421);
#417 = LINE('',#418,#419);
#418 = CARTESIAN_POINT('',(-6.28318530718,-0.5));
#419 = VECTOR('',#420,1.);
#420 = DIRECTION('',(1.,-0.));
#421 = ( GEOMETRIC_REPRESENTATION_CONTEXT(2) 
PARAMETRIC_REPRESENTATION_CONTEXT() REPRESENTATION_CONTEXT('2D SPACE',''
  ) );
#422 = FACE_BOUND('',#423,.F.);
#423 = EDGE_LOOP('',(#424,#452,#478,#504));
#424 = ORIENTED_EDGE('',*,*,#425,.T.);
#425 = EDGE_CURVE('',#426,#428,#430,.T.);
#426 = VERTEX_POINT('',#427);
#427 = CARTESIAN_POINT('',(-11.95,-30.42,2.9));
#428 = VERTEX_POINT('',#429);
#429 = CARTESIAN_POINT('',(-26.15,-30.42,2.9));
#430 = SURFACE_CURVE('',#431,(#435,#441),.PCURVE_S1.);
#431 = LINE('',#432,#433);
#432 = CARTESIAN_POINT('',(-35.825,-30.42,2.9));
#433 = VECTOR('',#434,1.);
#434 = DIRECTION('',(-1.,0.,0.));
#435 = PCURVE('',#72,#436);
#436 = DEFINITIONAL_REPRESENTATION('',(#437),#440);
#437 = B_SPLINE_CURVE_WITH_KNOTS('',1,(#438,#439),.UNSPECIFIED.,.F.,.F.,
  (2,2),(-23.875,-9.675),.PIECEWISE_BEZIER_KNOTS.);
#438 = CARTESIAN_POINT('',(33.55,20.83));
#439 = CARTESIAN_POINT('',(19.35,20.83));
#440 = ( GEOMETRIC_REPRESENTATION_CONTEXT(2) 
PARAMETRIC_REPRESENTATION_CONTEXT() REPRESENTATION_CONTEXT('2D SPACE',''
  ) );
#441 = PCURVE('',#442,#447);
#442 = PLANE('',#443);
#443 = AXIS2_PLACEMENT_3D('',#444,#445,#446);
#444 = CARTESIAN_POINT('',(-26.15,-30.42,2.7));
#445 = DIRECTION('',(0.,1.,0.));
#446 = DIRECTION('',(0.,0.,1.));
#447 = DEFINITIONAL_REPRESENTATION('',(#448),#451);
#448 = B_SPLINE_CURVE_WITH_KNOTS('',1,(#449,#450),.UNSPECIFIED.,.F.,.F.,
  (2,2),(-23.875,-9.675),.PIECEWISE_BEZIER_KNOTS.);
#449 = CARTESIAN_POINT('',(0.2,14.2));
#450 = CARTESIAN_POINT('',(0.2,0.));
#451 = ( GEOMETRIC_REPRESENTATION_CONTEXT(2) 
PARAMETRIC_REPRESENTATION_CONTEXT() REPRESENTATION_CONTEXT('2D SPACE',''
  ) );
#452 = ORIENTED_EDGE('',*,*,#453,.T.);
#453 = EDGE_CURVE('',#428,#454,#456,.T.);
#454 = VERTEX_POINT('',#455);
#455 = CARTESIAN_POINT('',(-26.15,-16.22,2.9));
#456 = SURFACE_CURVE('',#457,(#461,#467),.PCURVE_S1.);
#457 = LINE('',#458,#459);
#458 = CARTESIAN_POINT('',(-26.15,-40.835,2.9));
#459 = VECTOR('',#460,1.);
#460 = DIRECTION('',(0.,1.,0.));
#461 = PCURVE('',#72,#462);
#462 = DEFINITIONAL_REPRESENTATION('',(#463),#466);
#463 = B_SPLINE_CURVE_WITH_KNOTS('',1,(#464,#465),.UNSPECIFIED.,.F.,.F.,
  (2,2),(10.415,24.615),.PIECEWISE_BEZIER_KNOTS.);
#464 = CARTESIAN_POINT('',(19.35,20.83));
#465 = CARTESIAN_POINT('',(19.35,35.03));
#466 = ( GEOMETRIC_REPRESENTATION_CONTEXT(2) 
PARAMETRIC_REPRESENTATION_CONTEXT() REPRESENTATION_CONTEXT('2D SPACE',''
  ) );
#467 = PCURVE('',#468,#473);
#468 = PLANE('',#469);
#469 = AXIS2_PLACEMENT_3D('',#470,#471,#472);
#470 = CARTESIAN_POINT('',(-26.15,-30.42,2.7));
#471 = DIRECTION('',(1.,0.,0.));
#472 = DIRECTION('',(0.,0.,1.));
#473 = DEFINITIONAL_REPRESENTATION('',(#474),#477);
#474 = B_SPLINE_CURVE_WITH_KNOTS('',1,(#475,#476),.UNSPECIFIED.,.F.,.F.,
  (2,2),(10.415,24.615),.PIECEWISE_BEZIER_KNOTS.);
#475 = CARTESIAN_POINT('',(0.2,0.));
#476 = CARTESIAN_POINT('',(0.2,-14.2));
#477 = ( GEOMETRIC_REPRESENTATION_CONTEXT(2) 
PARAMETRIC_REPRESENTATION_CONTEXT() REPRESENTATION_CONTEXT('2D SPACE',''
  ) );
#478 = ORIENTED_EDGE('',*,*,#479,.F.);
#479 = EDGE_CURVE('',#480,#454,#482,.T.);
#480 = VERTEX_POINT('',#481);
#481 = CARTESIAN_POINT('',(-11.95,-16.22,2.9));
#482 = SURFACE_CURVE('',#483,(#487,#493),.PCURVE_S1.);
#483 = LINE('',#484,#485);
#484 = CARTESIAN_POINT('',(-35.825,-16.22,2.9));
#485 = VECTOR('',#486,1.);
#486 = DIRECTION('',(-1.,0.,0.));
#487 = PCURVE('',#72,#488);
#488 = DEFINITIONAL_REPRESENTATION('',(#489),#492);
#489 = B_SPLINE_CURVE_WITH_KNOTS('',1,(#490,#491),.UNSPECIFIED.,.F.,.F.,
  (2,2),(-23.875,-9.675),.PIECEWISE_BEZIER_KNOTS.);
#490 = CARTESIAN_POINT('',(33.55,35.03));
#491 = CARTESIAN_POINT('',(19.35,35.03));
#492 = ( GEOMETRIC_REPRESENTATION_CONTEXT(2) 
PARAMETRIC_REPRESENTATION_CONTEXT() REPRESENTATION_CONTEXT('2D SPACE',''
  ) );
#493 = PCURVE('',#494,#499);
#494 = PLANE('',#495);
#495 = AXIS2_PLACEMENT_3D('',#496,#497,#498);
#496 = CARTESIAN_POINT('',(-26.15,-16.22,2.7));
#497 = DIRECTION('',(0.,1.,0.));
#498 = DIRECTION('',(0.,0.,1.));
#499 = DEFINITIONAL_REPRESENTATION('',(#500),#503);
#500 = B_SPLINE_CURVE_WITH_KNOTS('',1,(#501,#502),.UNSPECIFIED.,.F.,.F.,
  (2,2),(-23.875,-9.675),.PIECEWISE_BEZIER_KNOTS.);
#501 = CARTESIAN_POINT('',(0.2,14.2));
#502 = CARTESIAN_POINT('',(0.2,0.));
#503 = ( GEOMETRIC_REPRESENTATION_CONTEXT(2) 
PARAMETRIC_REPRESENTATION_CONTEXT() REPRESENTATION_CONTEXT('2D SPACE',''
  ) );
#504 = ORIENTED_EDGE('',*,*,#505,.F.);
#505 = EDGE_CURVE('',#426,#480,#506,.T.);
#506 = SURFACE_CURVE('',#507,(#511,#517),.PCURVE_S1.);
#507 = LINE('',#508,#509);
#508 = CARTESIAN_POINT('',(-11.95,-40.835,2.9));
#509 = VECTOR('',#510,1.);
#510 = DIRECTION('',(0.,1.,0.));
#511 = PCURVE('',#72,#512);
#512 = DEFINITIONAL_REPRESENTATION('',(#513),#516);
#513 = B_SPLINE_CURVE_WITH_KNOTS('',1,(#514,#515),.UNSPECIFIED.,.F.,.F.,
  (2,2),(10.415,24.615),.PIECEWISE_BEZIER_KNOTS.);
#514 = CARTESIAN_POINT('',(33.55,20.83));
#515 = CARTESIAN_POINT('',(33.55,35.03));
#516 = ( GEOMETRIC_REPRESENTATION_CONTEXT(2) 
PARAMETRIC_REPRESENTATION_CONTEXT() REPRESENTATION_CONTEXT('2D SPACE',''
  ) );
#517 = PCURVE('',#518,#523);
#518 = PLANE('',#519);
#519 = AXIS2_PLACEMENT_3D('',#520,#521,#522);
#520 = CARTESIAN_POINT('',(-11.95,-30.42,2.7));
#521 = DIRECTION('',(1.,0.,0.));
#522 = DIRECTION('',(0.,0.,1.));
#523 = DEFINITIONAL_REPRESENTATION('',(#524),#527);
#524 = B_SPLINE_CURVE_WITH_KNOTS('',1,(#525,#526),.UNSPECIFIED.,.F.,.F.,
  (2,2),(10.415,24.615),.PIECEWISE_BEZIER_KNOTS.);
#525 = CARTESIAN_POINT('',(0.2,0.));
#526 = CARTESIAN_POINT('',(0.2,-14.2));
#527 = ( GEOMETRIC_REPRESENTATION_CONTEXT(2) 
PARAMETRIC_REPRESENTATION_CONTEXT() REPRESENTATION_CONTEXT('2D SPACE',''
  ) );
#528 = FACE_BOUND('',#529,.F.);
#529 = EDGE_LOOP('',(#530,#558,#584,#610));
#530 = ORIENTED_EDGE('',*,*,#531,.T.);
#531 = EDGE_CURVE('',#532,#534,#536,.T.);
#532 = VERTEX_POINT('',#533);
#533 = CARTESIAN_POINT('',(-37.065,-18.84,2.9));
#534 = VERTEX_POINT('',#535);
#535 = CARTESIAN_POINT('',(-39.785,-18.84,2.9));
#536 = SURFACE_CURVE('',#537,(#541,#547),.PCURVE_S1.);
#537 = LINE('',#538,#539);
#538 = CARTESIAN_POINT('',(-42.6425,-18.84,2.9));
#539 = VECTOR('',#540,1.);
#540 = DIRECTION('',(-1.,0.,0.));
#541 = PCURVE('',#72,#542);
#542 = DEFINITIONAL_REPRESENTATION('',(#543),#546);
#543 = B_SPLINE_CURVE_WITH_KNOTS('',1,(#544,#545),.UNSPECIFIED.,.F.,.F.,
  (2,2),(-5.5775,-2.8575),.PIECEWISE_BEZIER_KNOTS.);
#544 = CARTESIAN_POINT('',(8.435,32.41));
#545 = CARTESIAN_POINT('',(5.715,32.41));
#546 = ( GEOMETRIC_REPRESENTATION_CONTEXT(2) 
PARAMETRIC_REPRESENTATION_CONTEXT() REPRESENTATION_CONTEXT('2D SPACE',''
  ) );
#547 = PCURVE('',#548,#553);
#548 = PLANE('',#549);
#549 = AXIS2_PLACEMENT_3D('',#550,#551,#552);
#550 = CARTESIAN_POINT('',(-39.785,-18.84,2.75));
#551 = DIRECTION('',(0.,1.,0.));
#552 = DIRECTION('',(0.,0.,1.));
#553 = DEFINITIONAL_REPRESENTATION('',(#554),#557);
#554 = B_SPLINE_CURVE_WITH_KNOTS('',1,(#555,#556),.UNSPECIFIED.,.F.,.F.,
  (2,2),(-5.5775,-2.8575),.PIECEWISE_BEZIER_KNOTS.);
#555 = CARTESIAN_POINT('',(0.15,2.72));
#556 = CARTESIAN_POINT('',(0.15,0.));
#557 = ( GEOMETRIC_REPRESENTATION_CONTEXT(2) 
PARAMETRIC_REPRESENTATION_CONTEXT() REPRESENTATION_CONTEXT('2D SPACE',''
  ) );
#558 = ORIENTED_EDGE('',*,*,#559,.T.);
#559 = EDGE_CURVE('',#534,#560,#562,.T.);
#560 = VERTEX_POINT('',#561);
#561 = CARTESIAN_POINT('',(-39.785,-7.48,2.9));
#562 = SURFACE_CURVE('',#563,(#567,#573),.PCURVE_S1.);
#563 = LINE('',#564,#565);
#564 = CARTESIAN_POINT('',(-39.785,-35.045,2.9));
#565 = VECTOR('',#566,1.);
#566 = DIRECTION('',(0.,1.,0.));
#567 = PCURVE('',#72,#568);
#568 = DEFINITIONAL_REPRESENTATION('',(#569),#572);
#569 = B_SPLINE_CURVE_WITH_KNOTS('',1,(#570,#571),.UNSPECIFIED.,.F.,.F.,
  (2,2),(16.205,27.565),.PIECEWISE_BEZIER_KNOTS.);
#570 = CARTESIAN_POINT('',(5.715,32.41));
#571 = CARTESIAN_POINT('',(5.715,43.77));
#572 = ( GEOMETRIC_REPRESENTATION_CONTEXT(2) 
PARAMETRIC_REPRESENTATION_CONTEXT() REPRESENTATION_CONTEXT('2D SPACE',''
  ) );
#573 = PCURVE('',#574,#579);
#574 = PLANE('',#575);
#575 = AXIS2_PLACEMENT_3D('',#576,#577,#578);
#576 = CARTESIAN_POINT('',(-39.785,-18.84,2.75));
#577 = DIRECTION('',(1.,0.,0.));
#578 = DIRECTION('',(0.,0.,1.));
#579 = DEFINITIONAL_REPRESENTATION('',(#580),#583);
#580 = B_SPLINE_CURVE_WITH_KNOTS('',1,(#581,#582),.UNSPECIFIED.,.F.,.F.,
  (2,2),(16.205,27.565),.PIECEWISE_BEZIER_KNOTS.);
#581 = CARTESIAN_POINT('',(0.15,0.));
#582 = CARTESIAN_POINT('',(0.15,-11.36));
#583 = ( GEOMETRIC_REPRESENTATION_CONTEXT(2) 
PARAMETRIC_REPRESENTATION_CONTEXT() REPRESENTATION_CONTEXT('2D SPACE',''
  ) );
#584 = ORIENTED_EDGE('',*,*,#585,.F.);
#585 = EDGE_CURVE('',#586,#560,#588,.T.);
#586 = VERTEX_POINT('',#587);
#587 = CARTESIAN_POINT('',(-37.065,-7.48,2.9));
#588 = SURFACE_CURVE('',#589,(#593,#599),.PCURVE_S1.);
#589 = LINE('',#590,#591);
#590 = CARTESIAN_POINT('',(-42.6425,-7.48,2.9));
#591 = VECTOR('',#592,1.);
#592 = DIRECTION('',(-1.,0.,0.));
#593 = PCURVE('',#72,#594);
#594 = DEFINITIONAL_REPRESENTATION('',(#595),#598);
#595 = B_SPLINE_CURVE_WITH_KNOTS('',1,(#596,#597),.UNSPECIFIED.,.F.,.F.,
  (2,2),(-5.5775,-2.8575),.PIECEWISE_BEZIER_KNOTS.);
#596 = CARTESIAN_POINT('',(8.435,43.77));
#597 = CARTESIAN_POINT('',(5.715,43.77));
#598 = ( GEOMETRIC_REPRESENTATION_CONTEXT(2) 
PARAMETRIC_REPRESENTATION_CONTEXT() REPRESENTATION_CONTEXT('2D SPACE',''
  ) );
#599 = PCURVE('',#600,#605);
#600 = PLANE('',#601);
#601 = AXIS2_PLACEMENT_3D('',#602,#603,#604);
#602 = CARTESIAN_POINT('',(-39.785,-7.48,2.75));
#603 = DIRECTION('',(0.,1.,0.));
#604 = DIRECTION('',(0.,0.,1.));
#605 = DEFINITIONAL_REPRESENTATION('',(#606),#609);
#606 = B_SPLINE_CURVE_WITH_KNOTS('',1,(#607,#608),.UNSPECIFIED.,.F.,.F.,
  (2,2),(-5.5775,-2.8575),.PIECEWISE_BEZIER_KNOTS.);
#607 = CARTESIAN_POINT('',(0.15,2.72));
#608 = CARTESIAN_POINT('',(0.15,0.));
#609 = ( GEOMETRIC_REPRESENTATION_CONTEXT(2) 
PARAMETRIC_REPRESENTATION_CONTEXT() REPRESENTATION_CONTEXT('2D SPACE',''
  ) );
#610 = ORIENTED_EDGE('',*,*,#611,.F.);
#611 = EDGE_CURVE('',#532,#586,#612,.T.);
#612 = SURFACE_CURVE('',#613,(#617,#623),.PCURVE_S1.);
#613 = LINE('',#614,#615);
#614 = CARTESIAN_POINT('',(-37.065,-35.045,2.9));
#615 = VECTOR('',#616,1.);
#616 = DIRECTION('',(0.,1.,0.));
#617 = PCURVE('',#72,#618);
#618 = DEFINITIONAL_REPRESENTATION('',(#619),#622);
#619 = B_SPLINE_CURVE_WITH_KNOTS('',1,(#620,#621),.UNSPECIFIED.,.F.,.F.,
  (2,2),(16.205,27.565),.PIECEWISE_BEZIER_KNOTS.);
#620 = CARTESIAN_POINT('',(8.435,32.41));
#621 = CARTESIAN_POINT('',(8.435,43.77));
#622 = ( GEOMETRIC_REPRESENTATION_CONTEXT(2) 
PARAMETRIC_REPRESENTATION_CONTEXT() REPRESENTATION_CONTEXT('2D SPACE',''
  ) );
#623 = PCURVE('',#624,#629);
#624 = PLANE('',#625);
#625 = AXIS2_PLACEMENT_3D('',#626,#627,#628);
#626 = CARTESIAN_POINT('',(-37.065,-18.84,2.75));
#627 = DIRECTION('',(1.,0.,0.));
#628 = DIRECTION('',(0.,0.,1.));
#629 = DEFINITIONAL_REPRESENTATION('',(#630),#633);
#630 = B_SPLINE_CURVE_WITH_KNOTS('',1,(#631,#632),.UNSPECIFIED.,.F.,.F.,
  (2,2),(16.205,27.565),.PIECEWISE_BEZIER_KNOTS.);
#631 = CARTESIAN_POINT('',(0.15,0.));
#632 = CARTESIAN_POINT('',(0.15,-11.36));
#633 = ( GEOMETRIC_REPRESENTATION_CONTEXT(2) 
PARAMETRIC_REPRESENTATION_CONTEXT() REPRESENTATION_CONTEXT('2D SPACE',''
  ) );
#634 = FACE_BOUND('',#635,.F.);
#635 = EDGE_LOOP('',(#636,#664,#690,#716));
#636 = ORIENTED_EDGE('',*,*,#637,.T.);
#637 = EDGE_CURVE('',#638,#640,#642,.T.);
#638 = VERTEX_POINT('',#639);
#639 = CARTESIAN_POINT('',(-11.95,-11.37,2.9));
#640 = VERTEX_POINT('',#641);
#641 = CARTESIAN_POINT('',(-26.15,-11.37,2.9));
#642 = SURFACE_CURVE('',#643,(#647,#653),.PCURVE_S1.);
#643 = LINE('',#644,#645);
#644 = CARTESIAN_POINT('',(-35.825,-11.37,2.9));
#645 = VECTOR('',#646,1.);
#646 = DIRECTION('',(-1.,0.,0.));
#647 = PCURVE('',#72,#648);
#648 = DEFINITIONAL_REPRESENTATION('',(#649),#652);
#649 = B_SPLINE_CURVE_WITH_KNOTS('',1,(#650,#651),.UNSPECIFIED.,.F.,.F.,
  (2,2),(-23.875,-9.675),.PIECEWISE_BEZIER_KNOTS.);
#650 = CARTESIAN_POINT('',(33.55,39.88));
#651 = CARTESIAN_POINT('',(19.35,39.88));
#652 = ( GEOMETRIC_REPRESENTATION_CONTEXT(2) 
PARAMETRIC_REPRESENTATION_CONTEXT() REPRESENTATION_CONTEXT('2D SPACE',''
  ) );
#653 = PCURVE('',#654,#659);
#654 = PLANE('',#655);
#655 = AXIS2_PLACEMENT_3D('',#656,#657,#658);
#656 = CARTESIAN_POINT('',(-26.15,-11.37,2.7));
#657 = DIRECTION('',(0.,1.,0.));
#658 = DIRECTION('',(0.,0.,1.));
#659 = DEFINITIONAL_REPRESENTATION('',(#660),#663);
#660 = B_SPLINE_CURVE_WITH_KNOTS('',1,(#661,#662),.UNSPECIFIED.,.F.,.F.,
  (2,2),(-23.875,-9.675),.PIECEWISE_BEZIER_KNOTS.);
#661 = CARTESIAN_POINT('',(0.2,14.2));
#662 = CARTESIAN_POINT('',(0.2,0.));
#663 = ( GEOMETRIC_REPRESENTATION_CONTEXT(2) 
PARAMETRIC_REPRESENTATION_CONTEXT() REPRESENTATION_CONTEXT('2D SPACE',''
  ) );
#664 = ORIENTED_EDGE('',*,*,#665,.T.);
#665 = EDGE_CURVE('',#640,#666,#668,.T.);
#666 = VERTEX_POINT('',#667);
#667 = CARTESIAN_POINT('',(-26.15,2.83,2.9));
#668 = SURFACE_CURVE('',#669,(#673,#679),.PCURVE_S1.);
#669 = LINE('',#670,#671);
#670 = CARTESIAN_POINT('',(-26.15,-31.31,2.9));
#671 = VECTOR('',#672,1.);
#672 = DIRECTION('',(0.,1.,0.));
#673 = PCURVE('',#72,#674);
#674 = DEFINITIONAL_REPRESENTATION('',(#675),#678);
#675 = B_SPLINE_CURVE_WITH_KNOTS('',1,(#676,#677),.UNSPECIFIED.,.F.,.F.,
  (2,2),(19.94,34.14),.PIECEWISE_BEZIER_KNOTS.);
#676 = CARTESIAN_POINT('',(19.35,39.88));
#677 = CARTESIAN_POINT('',(19.35,54.08));
#678 = ( GEOMETRIC_REPRESENTATION_CONTEXT(2) 
PARAMETRIC_REPRESENTATION_CONTEXT() REPRESENTATION_CONTEXT('2D SPACE',''
  ) );
#679 = PCURVE('',#680,#685);
#680 = PLANE('',#681);
#681 = AXIS2_PLACEMENT_3D('',#682,#683,#684);
#682 = CARTESIAN_POINT('',(-26.15,-11.37,2.7));
#683 = DIRECTION('',(1.,0.,0.));
#684 = DIRECTION('',(0.,0.,1.));
#685 = DEFINITIONAL_REPRESENTATION('',(#686),#689);
#686 = B_SPLINE_CURVE_WITH_KNOTS('',1,(#687,#688),.UNSPECIFIED.,.F.,.F.,
  (2,2),(19.94,34.14),.PIECEWISE_BEZIER_KNOTS.);
#687 = CARTESIAN_POINT('',(0.2,0.));
#688 = CARTESIAN_POINT('',(0.2,-14.2));
#689 = ( GEOMETRIC_REPRESENTATION_CONTEXT(2) 
PARAMETRIC_REPRESENTATION_CONTEXT() REPRESENTATION_CONTEXT('2D SPACE',''
  ) );
#690 = ORIENTED_EDGE('',*,*,#691,.F.);
#691 = EDGE_CURVE('',#692,#666,#694,.T.);
#692 = VERTEX_POINT('',#693);
#693 = CARTESIAN_POINT('',(-11.95,2.83,2.9));
#694 = SURFACE_CURVE('',#695,(#699,#705),.PCURVE_S1.);
#695 = LINE('',#696,#697);
#696 = CARTESIAN_POINT('',(-35.825,2.83,2.9));
#697 = VECTOR('',#698,1.);
#698 = DIRECTION('',(-1.,0.,0.));
#699 = PCURVE('',#72,#700);
#700 = DEFINITIONAL_REPRESENTATION('',(#701),#704);
#701 = B_SPLINE_CURVE_WITH_KNOTS('',1,(#702,#703),.UNSPECIFIED.,.F.,.F.,
  (2,2),(-23.875,-9.675),.PIECEWISE_BEZIER_KNOTS.);
#702 = CARTESIAN_POINT('',(33.55,54.08));
#703 = CARTESIAN_POINT('',(19.35,54.08));
#704 = ( GEOMETRIC_REPRESENTATION_CONTEXT(2) 
PARAMETRIC_REPRESENTATION_CONTEXT() REPRESENTATION_CONTEXT('2D SPACE',''
  ) );
#705 = PCURVE('',#706,#711);
#706 = PLANE('',#707);
#707 = AXIS2_PLACEMENT_3D('',#708,#709,#710);
#708 = CARTESIAN_POINT('',(-26.15,2.83,2.7));
#709 = DIRECTION('',(0.,1.,0.));
#710 = DIRECTION('',(0.,0.,1.));
#711 = DEFINITIONAL_REPRESENTATION('',(#712),#715);
#712 = B_SPLINE_CURVE_WITH_KNOTS('',1,(#713,#714),.UNSPECIFIED.,.F.,.F.,
  (2,2),(-23.875,-9.675),.PIECEWISE_BEZIER_KNOTS.);
#713 = CARTESIAN_POINT('',(0.2,14.2));
#714 = CARTESIAN_POINT('',(0.2,0.));
#715 = ( GEOMETRIC_REPRESENTATION_CONTEXT(2) 
PARAMETRIC_REPRESENTATION_CONTEXT() REPRESENTATION_CONTEXT('2D SPACE',''
  ) );
#716 = ORIENTED_EDGE('',*,*,#717,.F.);
#717 = EDGE_CURVE('',#638,#692,#718,.T.);
#718 = SURFACE_CURVE('',#719,(#723,#729),.PCURVE_S1.);
#719 = LINE('',#720,#721);
#720 = CARTESIAN_POINT('',(-11.95,-31.31,2.9));
#721 = VECTOR('',#722,1.);
#722 = DIRECTION('',(0.,1.,0.));
#723 = PCURVE('',#72,#724);
#724 = DEFINITIONAL_REPRESENTATION('',(#725),#728);
#725 = B_SPLINE_CURVE_WITH_KNOTS('',1,(#726,#727),.UNSPECIFIED.,.F.,.F.,
  (2,2),(19.94,34.14),.PIECEWISE_BEZIER_KNOTS.);
#726 = CARTESIAN_POINT('',(33.55,39.88));
#727 = CARTESIAN_POINT('',(33.55,54.08));
#728 = ( GEOMETRIC_REPRESENTATION_CONTEXT(2) 
PARAMETRIC_REPRESENTATION_CONTEXT() REPRESENTATION_CONTEXT('2D SPACE',''
  ) );
#729 = PCURVE('',#730,#735);
#730 = PLANE('',#731);
#731 = AXIS2_PLACEMENT_3D('',#732,#733,#734);
#732 = CARTESIAN_POINT('',(-11.95,-11.37,2.7));
#733 = DIRECTION('',(1.,0.,0.));
#734 = DIRECTION('',(0.,0.,1.));
#735 = DEFINITIONAL_REPRESENTATION('',(#736),#739);
#736 = B_SPLINE_CURVE_WITH_KNOTS('',1,(#737,#738),.UNSPECIFIED.,.F.,.F.,
  (2,2),(19.94,34.14),.PIECEWISE_BEZIER_KNOTS.);
#737 = CARTESIAN_POINT('',(0.2,0.));
#738 = CARTESIAN_POINT('',(0.2,-14.2));
#739 = ( GEOMETRIC_REPRESENTATION_CONTEXT(2) 
PARAMETRIC_REPRESENTATION_CONTEXT() REPRESENTATION_CONTEXT('2D SPACE',''
  ) );
#740 = FACE_BOUND('',#741,.F.);
#741 = EDGE_LOOP('',(#742,#770,#796,#822));
#742 = ORIENTED_EDGE('',*,*,#743,.T.);
#743 = EDGE_CURVE('',#744,#746,#748,.T.);
#744 = VERTEX_POINT('',#745);
#745 = CARTESIAN_POINT('',(7.1,-30.42,2.9));
#746 = VERTEX_POINT('',#747);
#747 = CARTESIAN_POINT('',(-7.1,-30.42,2.9));
#748 = SURFACE_CURVE('',#749,(#753,#759),.PCURVE_S1.);
#749 = LINE('',#750,#751);
#750 = CARTESIAN_POINT('',(-26.3,-30.42,2.9));
#751 = VECTOR('',#752,1.);
#752 = DIRECTION('',(-1.,0.,0.));
#753 = PCURVE('',#72,#754);
#754 = DEFINITIONAL_REPRESENTATION('',(#755),#758);
#755 = B_SPLINE_CURVE_WITH_KNOTS('',1,(#756,#757),.UNSPECIFIED.,.F.,.F.,
  (2,2),(-33.4,-19.2),.PIECEWISE_BEZIER_KNOTS.);
#756 = CARTESIAN_POINT('',(52.6,20.83));
#757 = CARTESIAN_POINT('',(38.4,20.83));
#758 = ( GEOMETRIC_REPRESENTATION_CONTEXT(2) 
PARAMETRIC_REPRESENTATION_CONTEXT() REPRESENTATION_CONTEXT('2D SPACE',''
  ) );
#759 = PCURVE('',#760,#765);
#760 = PLANE('',#761);
#761 = AXIS2_PLACEMENT_3D('',#762,#763,#764);
#762 = CARTESIAN_POINT('',(-7.1,-30.42,2.7));
#763 = DIRECTION('',(0.,1.,0.));
#764 = DIRECTION('',(0.,0.,1.));
#765 = DEFINITIONAL_REPRESENTATION('',(#766),#769);
#766 = B_SPLINE_CURVE_WITH_KNOTS('',1,(#767,#768),.UNSPECIFIED.,.F.,.F.,
  (2,2),(-33.4,-19.2),.PIECEWISE_BEZIER_KNOTS.);
#767 = CARTESIAN_POINT('',(0.2,14.2));
#768 = CARTESIAN_POINT('',(0.2,0.));
#769 = ( GEOMETRIC_REPRESENTATION_CONTEXT(2) 
PARAMETRIC_REPRESENTATION_CONTEXT() REPRESENTATION_CONTEXT('2D SPACE',''
  ) );
#770 = ORIENTED_EDGE('',*,*,#771,.T.);
#771 = EDGE_CURVE('',#746,#772,#774,.T.);
#772 = VERTEX_POINT('',#773);
#773 = CARTESIAN_POINT('',(-7.1,-16.22,2.9));
#774 = SURFACE_CURVE('',#775,(#779,#785),.PCURVE_S1.);
#775 = LINE('',#776,#777);
#776 = CARTESIAN_POINT('',(-7.1,-40.835,2.9));
#777 = VECTOR('',#778,1.);
#778 = DIRECTION('',(0.,1.,0.));
#779 = PCURVE('',#72,#780);
#780 = DEFINITIONAL_REPRESENTATION('',(#781),#784);
#781 = B_SPLINE_CURVE_WITH_KNOTS('',1,(#782,#783),.UNSPECIFIED.,.F.,.F.,
  (2,2),(10.415,24.615),.PIECEWISE_BEZIER_KNOTS.);
#782 = CARTESIAN_POINT('',(38.4,20.83));
#783 = CARTESIAN_POINT('',(38.4,35.03));
#784 = ( GEOMETRIC_REPRESENTATION_CONTEXT(2) 
PARAMETRIC_REPRESENTATION_CONTEXT() REPRESENTATION_CONTEXT('2D SPACE',''
  ) );
#785 = PCURVE('',#786,#791);
#786 = PLANE('',#787);
#787 = AXIS2_PLACEMENT_3D('',#788,#789,#790);
#788 = CARTESIAN_POINT('',(-7.1,-30.42,2.7));
#789 = DIRECTION('',(1.,0.,0.));
#790 = DIRECTION('',(0.,0.,1.));
#791 = DEFINITIONAL_REPRESENTATION('',(#792),#795);
#792 = B_SPLINE_CURVE_WITH_KNOTS('',1,(#793,#794),.UNSPECIFIED.,.F.,.F.,
  (2,2),(10.415,24.615),.PIECEWISE_BEZIER_KNOTS.);
#793 = CARTESIAN_POINT('',(0.2,0.));
#794 = CARTESIAN_POINT('',(0.2,-14.2));
#795 = ( GEOMETRIC_REPRESENTATION_CONTEXT(2) 
PARAMETRIC_REPRESENTATION_CONTEXT() REPRESENTATION_CONTEXT('2D SPACE',''
  ) );
#796 = ORIENTED_EDGE('',*,*,#797,.F.);
#797 = EDGE_CURVE('',#798,#772,#800,.T.);
#798 = VERTEX_POINT('',#799);
#799 = CARTESIAN_POINT('',(7.1,-16.22,2.9));
#800 = SURFACE_CURVE('',#801,(#805,#811),.PCURVE_S1.);
#801 = LINE('',#802,#803);
#802 = CARTESIAN_POINT('',(-26.3,-16.22,2.9));
#803 = VECTOR('',#804,1.);
#804 = DIRECTION('',(-1.,0.,0.));
#805 = PCURVE('',#72,#806);
#806 = DEFINITIONAL_REPRESENTATION('',(#807),#810);
#807 = B_SPLINE_CURVE_WITH_KNOTS('',1,(#808,#809),.UNSPECIFIED.,.F.,.F.,
  (2,2),(-33.4,-19.2),.PIECEWISE_BEZIER_KNOTS.);
#808 = CARTESIAN_POINT('',(52.6,35.03));
#809 = CARTESIAN_POINT('',(38.4,35.03));
#810 = ( GEOMETRIC_REPRESENTATION_CONTEXT(2) 
PARAMETRIC_REPRESENTATION_CONTEXT() REPRESENTATION_CONTEXT('2D SPACE',''
  ) );
#811 = PCURVE('',#812,#817);
#812 = PLANE('',#813);
#813 = AXIS2_PLACEMENT_3D('',#814,#815,#816);
#814 = CARTESIAN_POINT('',(-7.1,-16.22,2.7));
#815 = DIRECTION('',(0.,1.,0.));
#816 = DIRECTION('',(0.,0.,1.));
#817 = DEFINITIONAL_REPRESENTATION('',(#818),#821);
#818 = B_SPLINE_CURVE_WITH_KNOTS('',1,(#819,#820),.UNSPECIFIED.,.F.,.F.,
  (2,2),(-33.4,-19.2),.PIECEWISE_BEZIER_KNOTS.);
#819 = CARTESIAN_POINT('',(0.2,14.2));
#820 = CARTESIAN_POINT('',(0.2,0.));
#821 = ( GEOMETRIC_REPRESENTATION_CONTEXT(2) 
PARAMETRIC_REPRESENTATION_CONTEXT() REPRESENTATION_CONTEXT('2D SPACE',''
  ) );
#822 = ORIENTED_EDGE('',*,*,#823,.F.);
#823 = EDGE_CURVE('',#744,#798,#824,.T.);
#824 = SURFACE_CURVE('',#825,(#829,#835),.PCURVE_S1.);
#825 = LINE('',#826,#827);
#826 = CARTESIAN_POINT('',(7.1,-40.835,2.9));
#827 = VECTOR('',#828,1.);
#828 = DIRECTION('',(0.,1.,0.));
#829 = PCURVE('',#72,#830);
#830 = DEFINITIONAL_REPRESENTATION('',(#831),#834);
#831 = B_SPLINE_CURVE_WITH_KNOTS('',1,(#832,#833),.UNSPECIFIED.,.F.,.F.,
  (2,2),(10.415,24.615),.PIECEWISE_BEZIER_KNOTS.);
#832 = CARTESIAN_POINT('',(52.6,20.83));
#833 = CARTESIAN_POINT('',(52.6,35.03));
#834 = ( GEOMETRIC_REPRESENTATION_CONTEXT(2) 
PARAMETRIC_REPRESENTATION_CONTEXT() REPRESENTATION_CONTEXT('2D SPACE',''
  ) );
#835 = PCURVE('',#836,#841);
#836 = PLANE('',#837);
#837 = AXIS2_PLACEMENT_3D('',#838,#839,#840);
#838 = CARTESIAN_POINT('',(7.1,-30.42,2.7));
#839 = DIRECTION('',(1.,0.,0.));
#840 = DIRECTION('',(0.,0.,1.));
#841 = DEFINITIONAL_REPRESENTATION('',(#842),#845);
#842 = B_SPLINE_CURVE_WITH_KNOTS('',1,(#843,#844),.UNSPECIFIED.,.F.,.F.,
  (2,2),(10.415,24.615),.PIECEWISE_BEZIER_KNOTS.);
#843 = CARTESIAN_POINT('',(0.2,0.));
#844 = CARTESIAN_POINT('',(0.2,-14.2));
#845 = ( GEOMETRIC_REPRESENTATION_CONTEXT(2) 
PARAMETRIC_REPRESENTATION_CONTEXT() REPRESENTATION_CONTEXT('2D SPACE',''
  ) );
#846 = FACE_BOUND('',#847,.F.);
#847 = EDGE_LOOP('',(#848,#876,#902,#928));
#848 = ORIENTED_EDGE('',*,*,#849,.T.);
#849 = EDGE_CURVE('',#850,#852,#854,.T.);
#850 = VERTEX_POINT('',#851);
#851 = CARTESIAN_POINT('',(26.15,-30.42,2.9));
#852 = VERTEX_POINT('',#853);
#853 = CARTESIAN_POINT('',(11.95,-30.42,2.9));
#854 = SURFACE_CURVE('',#855,(#859,#865),.PCURVE_S1.);
#855 = LINE('',#856,#857);
#856 = CARTESIAN_POINT('',(-16.775,-30.42,2.9));
#857 = VECTOR('',#858,1.);
#858 = DIRECTION('',(-1.,0.,0.));
#859 = PCURVE('',#72,#860);
#860 = DEFINITIONAL_REPRESENTATION('',(#861),#864);
#861 = B_SPLINE_CURVE_WITH_KNOTS('',1,(#862,#863),.UNSPECIFIED.,.F.,.F.,
  (2,2),(-42.925,-28.725),.PIECEWISE_BEZIER_KNOTS.);
#862 = CARTESIAN_POINT('',(71.65,20.83));
#863 = CARTESIAN_POINT('',(57.45,20.83));
#864 = ( GEOMETRIC_REPRESENTATION_CONTEXT(2) 
PARAMETRIC_REPRESENTATION_CONTEXT() REPRESENTATION_CONTEXT('2D SPACE',''
  ) );
#865 = PCURVE('',#866,#871);
#866 = PLANE('',#867);
#867 = AXIS2_PLACEMENT_3D('',#868,#869,#870);
#868 = CARTESIAN_POINT('',(11.95,-30.42,2.7));
#869 = DIRECTION('',(0.,1.,0.));
#870 = DIRECTION('',(0.,0.,1.));
#871 = DEFINITIONAL_REPRESENTATION('',(#872),#875);
#872 = B_SPLINE_CURVE_WITH_KNOTS('',1,(#873,#874),.UNSPECIFIED.,.F.,.F.,
  (2,2),(-42.925,-28.725),.PIECEWISE_BEZIER_KNOTS.);
#873 = CARTESIAN_POINT('',(0.2,14.2));
#874 = CARTESIAN_POINT('',(0.2,0.));
#875 = ( GEOMETRIC_REPRESENTATION_CONTEXT(2) 
PARAMETRIC_REPRESENTATION_CONTEXT() REPRESENTATION_CONTEXT('2D SPACE',''
  ) );
#876 = ORIENTED_EDGE('',*,*,#877,.T.);
#877 = EDGE_CURVE('',#852,#878,#880,.T.);
#878 = VERTEX_POINT('',#879);
#879 = CARTESIAN_POINT('',(11.95,-16.22,2.9));
#880 = SURFACE_CURVE('',#881,(#885,#891),.PCURVE_S1.);
#881 = LINE('',#882,#883);
#882 = CARTESIAN_POINT('',(11.95,-40.835,2.9));
#883 = VECTOR('',#884,1.);
#884 = DIRECTION('',(0.,1.,0.));
#885 = PCURVE('',#72,#886);
#886 = DEFINITIONAL_REPRESENTATION('',(#887),#890);
#887 = B_SPLINE_CURVE_WITH_KNOTS('',1,(#888,#889),.UNSPECIFIED.,.F.,.F.,
  (2,2),(10.415,24.615),.PIECEWISE_BEZIER_KNOTS.);
#888 = CARTESIAN_POINT('',(57.45,20.83));
#889 = CARTESIAN_POINT('',(57.45,35.03));
#890 = ( GEOMETRIC_REPRESENTATION_CONTEXT(2) 
PARAMETRIC_REPRESENTATION_CONTEXT() REPRESENTATION_CONTEXT('2D SPACE',''
  ) );
#891 = PCURVE('',#892,#897);
#892 = PLANE('',#893);
#893 = AXIS2_PLACEMENT_3D('',#894,#895,#896);
#894 = CARTESIAN_POINT('',(11.95,-30.42,2.7));
#895 = DIRECTION('',(1.,0.,0.));
#896 = DIRECTION('',(0.,0.,1.));
#897 = DEFINITIONAL_REPRESENTATION('',(#898),#901);
#898 = B_SPLINE_CURVE_WITH_KNOTS('',1,(#899,#900),.UNSPECIFIED.,.F.,.F.,
  (2,2),(10.415,24.615),.PIECEWISE_BEZIER_KNOTS.);
#899 = CARTESIAN_POINT('',(0.2,0.));
#900 = CARTESIAN_POINT('',(0.2,-14.2));
#901 = ( GEOMETRIC_REPRESENTATION_CONTEXT(2) 
PARAMETRIC_REPRESENTATION_CONTEXT() REPRESENTATION_CONTEXT('2D SPACE',''
  ) );
#902 = ORIENTED_EDGE('',*,*,#903,.F.);
#903 = EDGE_CURVE('',#904,#878,#906,.T.);
#904 = VERTEX_POINT('',#905);
#905 = CARTESIAN_POINT('',(26.15,-16.22,2.9));
#906 = SURFACE_CURVE('',#907,(#911,#917),.PCURVE_S1.);
#907 = LINE('',#908,#909);
#908 = CARTESIAN_POINT('',(-16.775,-16.22,2.9));
#909 = VECTOR('',#910,1.);
#910 = DIRECTION('',(-1.,0.,0.));
#911 = PCURVE('',#72,#912);
#912 = DEFINITIONAL_REPRESENTATION('',(#913),#916);
#913 = B_SPLINE_CURVE_WITH_KNOTS('',1,(#914,#915),.UNSPECIFIED.,.F.,.F.,
  (2,2),(-42.925,-28.725),.PIECEWISE_BEZIER_KNOTS.);
#914 = CARTESIAN_POINT('',(71.65,35.03));
#915 = CARTESIAN_POINT('',(57.45,35.03));
#916 = ( GEOMETRIC_REPRESENTATION_CONTEXT(2) 
PARAMETRIC_REPRESENTATION_CONTEXT() REPRESENTATION_CONTEXT('2D SPACE',''
  ) );
#917 = PCURVE('',#918,#923);
#918 = PLANE('',#919);
#919 = AXIS2_PLACEMENT_3D('',#920,#921,#922);
#920 = CARTESIAN_POINT('',(11.95,-16.22,2.7));
#921 = DIRECTION('',(0.,1.,0.));
#922 = DIRECTION('',(0.,0.,1.));
#923 = DEFINITIONAL_REPRESENTATION('',(#924),#927);
#924 = B_SPLINE_CURVE_WITH_KNOTS('',1,(#925,#926),.UNSPECIFIED.,.F.,.F.,
  (2,2),(-42.925,-28.725),.PIECEWISE_BEZIER_KNOTS.);
#925 = CARTESIAN_POINT('',(0.2,14.2));
#926 = CARTESIAN_POINT('',(0.2,0.));
#927 = ( GEOMETRIC_REPRESENTATION_CONTEXT(2) 
PARAMETRIC_REPRESENTATION_CONTEXT() REPRESENTATION_CONTEXT('2D SPACE',''
  ) );
#928 = ORIENTED_EDGE('',*,*,#929,.F.);
#929 = EDGE_CURVE('',#850,#904,#930,.T.);
#930 = SURFACE_CURVE('',#931,(#935,#941),.PCURVE_S1.);
#931 = LINE('',#932,#933);
#932 = CARTESIAN_POINT('',(26.15,-40.835,2.9));
#933 = VECTOR('',#934,1.);
#934 = DIRECTION('',(0.,1.,0.));
#935 = PCURVE('',#72,#936);
#936 = DEFINITIONAL_REPRESENTATION('',(#937),#940);
#937 = B_SPLINE_CURVE_WITH_KNOTS('',1,(#938,#939),.UNSPECIFIED.,.F.,.F.,
  (2,2),(10.415,24.615),.PIECEWISE_BEZIER_KNOTS.);
#938 = CARTESIAN_POINT('',(71.65,20.83));
#939 = CARTESIAN_POINT('',(71.65,35.03));
#940 = ( GEOMETRIC_REPRESENTATION_CONTEXT(2) 
PARAMETRIC_REPRESENTATION_CONTEXT() REPRESENTATION_CONTEXT('2D SPACE',''
  ) );
#941 = PCURVE('',#942,#947);
#942 = PLANE('',#943);
#943 = AXIS2_PLACEMENT_3D('',#944,#945,#946);
#944 = CARTESIAN_POINT('',(26.15,-30.42,2.7));
#945 = DIRECTION('',(1.,0.,0.));
#946 = DIRECTION('',(0.,0.,1.));
#947 = DEFINITIONAL_REPRESENTATION('',(#948),#951);
#948 = B_SPLINE_CURVE_WITH_KNOTS('',1,(#949,#950),.UNSPECIFIED.,.F.,.F.,
  (2,2),(10.415,24.615),.PIECEWISE_BEZIER_KNOTS.);
#949 = CARTESIAN_POINT('',(0.2,0.));
#950 = CARTESIAN_POINT('',(0.2,-14.2));
#951 = ( GEOMETRIC_REPRESENTATION_CONTEXT(2) 
PARAMETRIC_REPRESENTATION_CONTEXT() REPRESENTATION_CONTEXT('2D SPACE',''
  ) );
#952 = FACE_BOUND('',#953,.F.);
#953 = EDGE_LOOP('',(#954));
#954 = ORIENTED_EDGE('',*,*,#955,.T.);
#955 = EDGE_CURVE('',#956,#956,#958,.T.);
#956 = VERTEX_POINT('',#957);
#957 = CARTESIAN_POINT('',(37.675,-41.16,2.9));
#958 = SURFACE_CURVE('',#959,(#964,#975),.PCURVE_S1.);
#959 = CIRCLE('',#960,1.7);
#960 = AXIS2_PLACEMENT_3D('',#961,#962,#963);
#961 = CARTESIAN_POINT('',(35.975,-41.16,2.9));
#962 = DIRECTION('',(0.,0.,-1.));
#963 = DIRECTION('',(1.,0.,0.));
#964 = PCURVE('',#72,#965);
#965 = DEFINITIONAL_REPRESENTATION('',(#966),#974);
#966 = ( BOUNDED_CURVE() B_SPLINE_CURVE(2,(#967,#968,#969,#970,#971,#972
,#973),.UNSPECIFIED.,.T.,.F.) B_SPLINE_CURVE_WITH_KNOTS((1,2,2,2,2,1),(
    -2.094395102393,0.,2.094395102393,4.188790204786,6.28318530718,
8.377580409573),.UNSPECIFIED.) CURVE() GEOMETRIC_REPRESENTATION_ITEM() 
RATIONAL_B_SPLINE_CURVE((1.,0.5,1.,0.5,1.,0.5,1.)) REPRESENTATION_ITEM(
  '') );
#967 = CARTESIAN_POINT('',(83.175,10.09));
#968 = CARTESIAN_POINT('',(83.175,7.145513627133));
#969 = CARTESIAN_POINT('',(80.625,8.617756813566));
#970 = CARTESIAN_POINT('',(78.075,10.09));
#971 = CARTESIAN_POINT('',(80.625,11.562243186434));
#972 = CARTESIAN_POINT('',(83.175,13.034486372867));
#973 = CARTESIAN_POINT('',(83.175,10.09));
#974 = ( GEOMETRIC_REPRESENTATION_CONTEXT(2) 
PARAMETRIC_REPRESENTATION_CONTEXT() REPRESENTATION_CONTEXT('2D SPACE',''
  ) );
#975 = PCURVE('',#976,#981);
#976 = CYLINDRICAL_SURFACE('',#977,1.7);
#977 = AXIS2_PLACEMENT_3D('',#978,#979,#980);
#978 = CARTESIAN_POINT('',(35.975,-41.16,2.4));
#979 = DIRECTION('',(-0.,-0.,-1.));
#980 = DIRECTION('',(1.,0.,0.));
#981 = DEFINITIONAL_REPRESENTATION('',(#982),#986);
#982 = LINE('',#983,#984);
#983 = CARTESIAN_POINT('',(-6.28318530718,-0.5));
#984 = VECTOR('',#985,1.);
#985 = DIRECTION('',(1.,-0.));
#986 = ( GEOMETRIC_REPRESENTATION_CONTEXT(2) 
PARAMETRIC_REPRESENTATION_CONTEXT() REPRESENTATION_CONTEXT('2D SPACE',''
  ) );
#987 = FACE_BOUND('',#988,.F.);
#988 = EDGE_LOOP('',(#989,#1017,#1043,#1069));
#989 = ORIENTED_EDGE('',*,*,#990,.T.);
#990 = EDGE_CURVE('',#991,#993,#995,.T.);
#991 = VERTEX_POINT('',#992);
#992 = CARTESIAN_POINT('',(7.1,-11.37,2.9));
#993 = VERTEX_POINT('',#994);
#994 = CARTESIAN_POINT('',(-7.1,-11.37,2.9));
#995 = SURFACE_CURVE('',#996,(#1000,#1006),.PCURVE_S1.);
#996 = LINE('',#997,#998);
#997 = CARTESIAN_POINT('',(-26.3,-11.37,2.9));
#998 = VECTOR('',#999,1.);
#999 = DIRECTION('',(-1.,0.,0.));
#1000 = PCURVE('',#72,#1001);
#1001 = DEFINITIONAL_REPRESENTATION('',(#1002),#1005);
#1002 = B_SPLINE_CURVE_WITH_KNOTS('',1,(#1003,#1004),.UNSPECIFIED.,.F.,
  .F.,(2,2),(-33.4,-19.2),.PIECEWISE_BEZIER_KNOTS.);
#1003 = CARTESIAN_POINT('',(52.6,39.88));
#1004 = CARTESIAN_POINT('',(38.4,39.88));
#1005 = ( GEOMETRIC_REPRESENTATION_CONTEXT(2) 
PARAMETRIC_REPRESENTATION_CONTEXT() REPRESENTATION_CONTEXT('2D SPACE',''
  ) );
#1006 = PCURVE('',#1007,#1012);
#1007 = PLANE('',#1008);
#1008 = AXIS2_PLACEMENT_3D('',#1009,#1010,#1011);
#1009 = CARTESIAN_POINT('',(-7.1,-11.37,2.7));
#1010 = DIRECTION('',(0.,1.,0.));
#1011 = DIRECTION('',(0.,0.,1.));
#1012 = DEFINITIONAL_REPRESENTATION('',(#1013),#1016);
#1013 = B_SPLINE_CURVE_WITH_KNOTS('',1,(#1014,#1015),.UNSPECIFIED.,.F.,
  .F.,(2,2),(-33.4,-19.2),.PIECEWISE_BEZIER_KNOTS.);
#1014 = CARTESIAN_POINT('',(0.2,14.2));
#1015 = CARTESIAN_POINT('',(0.2,0.));
#1016 = ( GEOMETRIC_REPRESENTATION_CONTEXT(2) 
PARAMETRIC_REPRESENTATION_CONTEXT() REPRESENTATION_CONTEXT('2D SPACE',''
  ) );
#1017 = ORIENTED_EDGE('',*,*,#1018,.T.);
#1018 = EDGE_CURVE('',#993,#1019,#1021,.T.);
#1019 = VERTEX_POINT('',#1020);
#1020 = CARTESIAN_POINT('',(-7.1,2.83,2.9));
#1021 = SURFACE_CURVE('',#1022,(#1026,#1032),.PCURVE_S1.);
#1022 = LINE('',#1023,#1024);
#1023 = CARTESIAN_POINT('',(-7.1,-31.31,2.9));
#1024 = VECTOR('',#1025,1.);
#1025 = DIRECTION('',(0.,1.,0.));
#1026 = PCURVE('',#72,#1027);
#1027 = DEFINITIONAL_REPRESENTATION('',(#1028),#1031);
#1028 = B_SPLINE_CURVE_WITH_KNOTS('',1,(#1029,#1030),.UNSPECIFIED.,.F.,
  .F.,(2,2),(19.94,34.14),.PIECEWISE_BEZIER_KNOTS.);
#1029 = CARTESIAN_POINT('',(38.4,39.88));
#1030 = CARTESIAN_POINT('',(38.4,54.08));
#1031 = ( GEOMETRIC_REPRESENTATION_CONTEXT(2) 
PARAMETRIC_REPRESENTATION_CONTEXT() REPRESENTATION_CONTEXT('2D SPACE',''
  ) );
#1032 = PCURVE('',#1033,#1038);
#1033 = PLANE('',#1034);
#1034 = AXIS2_PLACEMENT_3D('',#1035,#1036,#1037);
#1035 = CARTESIAN_POINT('',(-7.1,-11.37,2.7));
#1036 = DIRECTION('',(1.,0.,0.));
#1037 = DIRECTION('',(0.,0.,1.));
#1038 = DEFINITIONAL_REPRESENTATION('',(#1039),#1042);
#1039 = B_SPLINE_CURVE_WITH_KNOTS('',1,(#1040,#1041),.UNSPECIFIED.,.F.,
  .F.,(2,2),(19.94,34.14),.PIECEWISE_BEZIER_KNOTS.);
#1040 = CARTESIAN_POINT('',(0.2,0.));
#1041 = CARTESIAN_POINT('',(0.2,-14.2));
#1042 = ( GEOMETRIC_REPRESENTATION_CONTEXT(2) 
PARAMETRIC_REPRESENTATION_CONTEXT() REPRESENTATION_CONTEXT('2D SPACE',''
  ) );
#1043 = ORIENTED_EDGE('',*,*,#1044,.F.);
#1044 = EDGE_CURVE('',#1045,#1019,#1047,.T.);
#1045 = VERTEX_POINT('',#1046);
#1046 = CARTESIAN_POINT('',(7.1,2.83,2.9));
#1047 = SURFACE_CURVE('',#1048,(#1052,#1058),.PCURVE_S1.);
#1048 = LINE('',#1049,#1050);
#1049 = CARTESIAN_POINT('',(-26.3,2.83,2.9));
#1050 = VECTOR('',#1051,1.);
#1051 = DIRECTION('',(-1.,0.,0.));
#1052 = PCURVE('',#72,#1053);
#1053 = DEFINITIONAL_REPRESENTATION('',(#1054),#1057);
#1054 = B_SPLINE_CURVE_WITH_KNOTS('',1,(#1055,#1056),.UNSPECIFIED.,.F.,
  .F.,(2,2),(-33.4,-19.2),.PIECEWISE_BEZIER_KNOTS.);
#1055 = CARTESIAN_POINT('',(52.6,54.08));
#1056 = CARTESIAN_POINT('',(38.4,54.08));
#1057 = ( GEOMETRIC_REPRESENTATION_CONTEXT(2) 
PARAMETRIC_REPRESENTATION_CONTEXT() REPRESENTATION_CONTEXT('2D SPACE',''
  ) );
#1058 = PCURVE('',#1059,#1064);
#1059 = PLANE('',#1060);
#1060 = AXIS2_PLACEMENT_3D('',#1061,#1062,#1063);
#1061 = CARTESIAN_POINT('',(-7.1,2.83,2.7));
#1062 = DIRECTION('',(0.,1.,0.));
#1063 = DIRECTION('',(0.,0.,1.));
#1064 = DEFINITIONAL_REPRESENTATION('',(#1065),#1068);
#1065 = B_SPLINE_CURVE_WITH_KNOTS('',1,(#1066,#1067),.UNSPECIFIED.,.F.,
  .F.,(2,2),(-33.4,-19.2),.PIECEWISE_BEZIER_KNOTS.);
#1066 = CARTESIAN_POINT('',(0.2,14.2));
#1067 = CARTESIAN_POINT('',(0.2,0.));
#1068 = ( GEOMETRIC_REPRESENTATION_CONTEXT(2) 
PARAMETRIC_REPRESENTATION_CONTEXT() REPRESENTATION_CONTEXT('2D SPACE',''
  ) );
#1069 = ORIENTED_EDGE('',*,*,#1070,.F.);
#1070 = EDGE_CURVE('',#991,#1045,#1071,.T.);
#1071 = SURFACE_CURVE('',#1072,(#1076,#1082),.PCURVE_S1.);
#1072 = LINE('',#1073,#1074);
#1073 = CARTESIAN_POINT('',(7.1,-31.31,2.9));
#1074 = VECTOR('',#1075,1.);
#1075 = DIRECTION('',(0.,1.,0.));
#1076 = PCURVE('',#72,#1077);
#1077 = DEFINITIONAL_REPRESENTATION('',(#1078),#1081);
#1078 = B_SPLINE_CURVE_WITH_KNOTS('',1,(#1079,#1080),.UNSPECIFIED.,.F.,
  .F.,(2,2),(19.94,34.14),.PIECEWISE_BEZIER_KNOTS.);
#1079 = CARTESIAN_POINT('',(52.6,39.88));
#1080 = CARTESIAN_POINT('',(52.6,54.08));
#1081 = ( GEOMETRIC_REPRESENTATION_CONTEXT(2) 
PARAMETRIC_REPRESENTATION_CONTEXT() REPRESENTATION_CONTEXT('2D SPACE',''
  ) );
#1082 = PCURVE('',#1083,#1088);
#1083 = PLANE('',#1084);
#1084 = AXIS2_PLACEMENT_3D('',#1085,#1086,#1087);
#1085 = CARTESIAN_POINT('',(7.1,-11.37,2.7));
#1086 = DIRECTION('',(1.,0.,0.));
#1087 = DIRECTION('',(0.,0.,1.));
#1088 = DEFINITIONAL_REPRESENTATION('',(#1089),#1092);
#1089 = B_SPLINE_CURVE_WITH_KNOTS('',1,(#1090,#1091),.UNSPECIFIED.,.F.,
  .F.,(2,2),(19.94,34.14),.PIECEWISE_BEZIER_KNOTS.);
#1090 = CARTESIAN_POINT('',(0.2,0.));
#1091 = CARTESIAN_POINT('',(0.2,-14.2));
#1092 = ( GEOMETRIC_REPRESENTATION_CONTEXT(2) 
PARAMETRIC_REPRESENTATION_CONTEXT() REPRESENTATION_CONTEXT('2D SPACE',''
  ) );
#1093 = FACE_BOUND('',#1094,.F.);
#1094 = EDGE_LOOP('',(#1095,#1123,#1149,#1175));
#1095 = ORIENTED_EDGE('',*,*,#1096,.T.);
#1096 = EDGE_CURVE('',#1097,#1099,#1101,.T.);
#1097 = VERTEX_POINT('',#1098);
#1098 = CARTESIAN_POINT('',(26.15,-11.37,2.9));
#1099 = VERTEX_POINT('',#1100);
#1100 = CARTESIAN_POINT('',(11.95,-11.37,2.9));
#1101 = SURFACE_CURVE('',#1102,(#1106,#1112),.PCURVE_S1.);
#1102 = LINE('',#1103,#1104);
#1103 = CARTESIAN_POINT('',(-16.775,-11.37,2.9));
#1104 = VECTOR('',#1105,1.);
#1105 = DIRECTION('',(-1.,0.,0.));
#1106 = PCURVE('',#72,#1107);
#1107 = DEFINITIONAL_REPRESENTATION('',(#1108),#1111);
#1108 = B_SPLINE_CURVE_WITH_KNOTS('',1,(#1109,#1110),.UNSPECIFIED.,.F.,
  .F.,(2,2),(-42.925,-28.725),.PIECEWISE_BEZIER_KNOTS.);
#1109 = CARTESIAN_POINT('',(71.65,39.88));
#1110 = CARTESIAN_POINT('',(57.45,39.88));
#1111 = ( GEOMETRIC_REPRESENTATION_CONTEXT(2) 
PARAMETRIC_REPRESENTATION_CONTEXT() REPRESENTATION_CONTEXT('2D SPACE',''
  ) );
#1112 = PCURVE('',#1113,#1118);
#1113 = PLANE('',#1114);
#1114 = AXIS2_PLACEMENT_3D('',#1115,#1116,#1117);
#1115 = CARTESIAN_POINT('',(11.95,-11.37,2.7));
#1116 = DIRECTION('',(0.,1.,0.));
#1117 = DIRECTION('',(0.,0.,1.));
#1118 = DEFINITIONAL_REPRESENTATION('',(#1119),#1122);
#1119 = B_SPLINE_CURVE_WITH_KNOTS('',1,(#1120,#1121),.UNSPECIFIED.,.F.,
  .F.,(2,2),(-42.925,-28.725),.PIECEWISE_BEZIER_KNOTS.);
#1120 = CARTESIAN_POINT('',(0.2,14.2));
#1121 = CARTESIAN_POINT('',(0.2,0.));
#1122 = ( GEOMETRIC_REPRESENTATION_CONTEXT(2) 
PARAMETRIC_REPRESENTATION_CONTEXT() REPRESENTATION_CONTEXT('2D SPACE',''
  ) );
#1123 = ORIENTED_EDGE('',*,*,#1124,.T.);
#1124 = EDGE_CURVE('',#1099,#1125,#1127,.T.);
#1125 = VERTEX_POINT('',#1126);
#1126 = CARTESIAN_POINT('',(11.95,2.83,2.9));
#1127 = SURFACE_CURVE('',#1128,(#1132,#1138),.PCURVE_S1.);
#1128 = LINE('',#1129,#1130);
#1129 = CARTESIAN_POINT('',(11.95,-31.31,2.9));
#1130 = VECTOR('',#1131,1.);
#1131 = DIRECTION('',(0.,1.,0.));
#1132 = PCURVE('',#72,#1133);
#1133 = DEFINITIONAL_REPRESENTATION('',(#1134),#1137);
#1134 = B_SPLINE_CURVE_WITH_KNOTS('',1,(#1135,#1136),.UNSPECIFIED.,.F.,
  .F.,(2,2),(19.94,34.14),.PIECEWISE_BEZIER_KNOTS.);
#1135 = CARTESIAN_POINT('',(57.45,39.88));
#1136 = CARTESIAN_POINT('',(57.45,54.08));
#1137 = ( GEOMETRIC_REPRESENTATION_CONTEXT(2) 
PARAMETRIC_REPRESENTATION_CONTEXT() REPRESENTATION_CONTEXT('2D SPACE',''
  ) );
#1138 = PCURVE('',#1139,#1144);
#1139 = PLANE('',#1140);
#1140 = AXIS2_PLACEMENT_3D('',#1141,#1142,#1143);
#1141 = CARTESIAN_POINT('',(11.95,-11.37,2.7));
#1142 = DIRECTION('',(1.,0.,0.));
#1143 = DIRECTION('',(0.,0.,1.));
#1144 = DEFINITIONAL_REPRESENTATION('',(#1145),#1148);
#1145 = B_SPLINE_CURVE_WITH_KNOTS('',1,(#1146,#1147),.UNSPECIFIED.,.F.,
  .F.,(2,2),(19.94,34.14),.PIECEWISE_BEZIER_KNOTS.);
#1146 = CARTESIAN_POINT('',(0.2,0.));
#1147 = CARTESIAN_POINT('',(0.2,-14.2));
#1148 = ( GEOMETRIC_REPRESENTATION_CONTEXT(2) 
PARAMETRIC_REPRESENTATION_CONTEXT() REPRESENTATION_CONTEXT('2D SPACE',''
  ) );
#1149 = ORIENTED_EDGE('',*,*,#1150,.F.);
#1150 = EDGE_CURVE('',#1151,#1125,#1153,.T.);
#1151 = VERTEX_POINT('',#1152);
#1152 = CARTESIAN_POINT('',(26.15,2.83,2.9));
#1153 = SURFACE_CURVE('',#1154,(#1158,#1164),.PCURVE_S1.);
#1154 = LINE('',#1155,#1156);
#1155 = CARTESIAN_POINT('',(-16.775,2.83,2.9));
#1156 = VECTOR('',#1157,1.);
#1157 = DIRECTION('',(-1.,0.,0.));
#1158 = PCURVE('',#72,#1159);
#1159 = DEFINITIONAL_REPRESENTATION('',(#1160),#1163);
#1160 = B_SPLINE_CURVE_WITH_KNOTS('',1,(#1161,#1162),.UNSPECIFIED.,.F.,
  .F.,(2,2),(-42.925,-28.725),.PIECEWISE_BEZIER_KNOTS.);
#1161 = CARTESIAN_POINT('',(71.65,54.08));
#1162 = CARTESIAN_POINT('',(57.45,54.08));
#1163 = ( GEOMETRIC_REPRESENTATION_CONTEXT(2) 
PARAMETRIC_REPRESENTATION_CONTEXT() REPRESENTATION_CONTEXT('2D SPACE',''
  ) );
#1164 = PCURVE('',#1165,#1170);
#1165 = PLANE('',#1166);
#1166 = AXIS2_PLACEMENT_3D('',#1167,#1168,#1169);
#1167 = CARTESIAN_POINT('',(11.95,2.83,2.7));
#1168 = DIRECTION('',(0.,1.,0.));
#1169 = DIRECTION('',(0.,0.,1.));
#1170 = DEFINITIONAL_REPRESENTATION('',(#1171),#1174);
#1171 = B_SPLINE_CURVE_WITH_KNOTS('',1,(#1172,#1173),.UNSPECIFIED.,.F.,
  .F.,(2,2),(-42.925,-28.725),.PIECEWISE_BEZIER_KNOTS.);
#1172 = CARTESIAN_POINT('',(0.2,14.2));
#1173 = CARTESIAN_POINT('',(0.2,0.));
#1174 = ( GEOMETRIC_REPRESENTATION_CONTEXT(2) 
PARAMETRIC_REPRESENTATION_CONTEXT() REPRESENTATION_CONTEXT('2D SPACE',''
  ) );
#1175 = ORIENTED_EDGE('',*,*,#1176,.F.);
#1176 = EDGE_CURVE('',#1097,#1151,#1177,.T.);
#1177 = SURFACE_CURVE('',#1178,(#1182,#1188),.PCURVE_S1.);
#1178 = LINE('',#1179,#1180);
#1179 = CARTESIAN_POINT('',(26.15,-31.31,2.9));
#1180 = VECTOR('',#1181,1.);
#1181 = DIRECTION('',(0.,1.,0.));
#1182 = PCURVE('',#72,#1183);
#1183 = DEFINITIONAL_REPRESENTATION('',(#1184),#1187);
#1184 = B_SPLINE_CURVE_WITH_KNOTS('',1,(#1185,#1186),.UNSPECIFIED.,.F.,
  .F.,(2,2),(19.94,34.14),.PIECEWISE_BEZIER_KNOTS.);
#1185 = CARTESIAN_POINT('',(71.65,39.88));
#1186 = CARTESIAN_POINT('',(71.65,54.08));
#1187 = ( GEOMETRIC_REPRESENTATION_CONTEXT(2) 
PARAMETRIC_REPRESENTATION_CONTEXT() REPRESENTATION_CONTEXT('2D SPACE',''
  ) );
#1188 = PCURVE('',#1189,#1194);
#1189 = PLANE('',#1190);
#1190 = AXIS2_PLACEMENT_3D('',#1191,#1192,#1193);
#1191 = CARTESIAN_POINT('',(26.15,-11.37,2.7));
#1192 = DIRECTION('',(1.,0.,0.));
#1193 = DIRECTION('',(0.,0.,1.));
#1194 = DEFINITIONAL_REPRESENTATION('',(#1195),#1198);
#1195 = B_SPLINE_CURVE_WITH_KNOTS('',1,(#1196,#1197),.UNSPECIFIED.,.F.,
  .F.,(2,2),(19.94,34.14),.PIECEWISE_BEZIER_KNOTS.);
#1196 = CARTESIAN_POINT('',(0.2,0.));
#1197 = CARTESIAN_POINT('',(0.2,-14.2));
#1198 = ( GEOMETRIC_REPRESENTATION_CONTEXT(2) 
PARAMETRIC_REPRESENTATION_CONTEXT() REPRESENTATION_CONTEXT('2D SPACE',''
  ) );
#1199 = FACE_BOUND('',#1200,.F.);
#1200 = EDGE_LOOP('',(#1201,#1229,#1255,#1281));
#1201 = ORIENTED_EDGE('',*,*,#1202,.T.);
#1202 = EDGE_CURVE('',#1203,#1205,#1207,.T.);
#1203 = VERTEX_POINT('',#1204);
#1204 = CARTESIAN_POINT('',(37.935,-18.84,2.9));
#1205 = VERTEX_POINT('',#1206);
#1206 = CARTESIAN_POINT('',(35.215,-18.84,2.9));
#1207 = SURFACE_CURVE('',#1208,(#1212,#1218),.PCURVE_S1.);
#1208 = LINE('',#1209,#1210);
#1209 = CARTESIAN_POINT('',(-5.1425,-18.84,2.9));
#1210 = VECTOR('',#1211,1.);
#1211 = DIRECTION('',(-1.,0.,0.));
#1212 = PCURVE('',#72,#1213);
#1213 = DEFINITIONAL_REPRESENTATION('',(#1214),#1217);
#1214 = B_SPLINE_CURVE_WITH_KNOTS('',1,(#1215,#1216),.UNSPECIFIED.,.F.,
  .F.,(2,2),(-43.0775,-40.3575),.PIECEWISE_BEZIER_KNOTS.);
#1215 = CARTESIAN_POINT('',(83.435,32.41));
#1216 = CARTESIAN_POINT('',(80.715,32.41));
#1217 = ( GEOMETRIC_REPRESENTATION_CONTEXT(2) 
PARAMETRIC_REPRESENTATION_CONTEXT() REPRESENTATION_CONTEXT('2D SPACE',''
  ) );
#1218 = PCURVE('',#1219,#1224);
#1219 = PLANE('',#1220);
#1220 = AXIS2_PLACEMENT_3D('',#1221,#1222,#1223);
#1221 = CARTESIAN_POINT('',(35.215,-18.84,2.75));
#1222 = DIRECTION('',(0.,1.,0.));
#1223 = DIRECTION('',(0.,0.,1.));
#1224 = DEFINITIONAL_REPRESENTATION('',(#1225),#1228);
#1225 = B_SPLINE_CURVE_WITH_KNOTS('',1,(#1226,#1227),.UNSPECIFIED.,.F.,
  .F.,(2,2),(-43.0775,-40.3575),.PIECEWISE_BEZIER_KNOTS.);
#1226 = CARTESIAN_POINT('',(0.15,2.72));
#1227 = CARTESIAN_POINT('',(0.15,0.));
#1228 = ( GEOMETRIC_REPRESENTATION_CONTEXT(2) 
PARAMETRIC_REPRESENTATION_CONTEXT() REPRESENTATION_CONTEXT('2D SPACE',''
  ) );
#1229 = ORIENTED_EDGE('',*,*,#1230,.T.);
#1230 = EDGE_CURVE('',#1205,#1231,#1233,.T.);
#1231 = VERTEX_POINT('',#1232);
#1232 = CARTESIAN_POINT('',(35.215,-7.48,2.9));
#1233 = SURFACE_CURVE('',#1234,(#1238,#1244),.PCURVE_S1.);
#1234 = LINE('',#1235,#1236);
#1235 = CARTESIAN_POINT('',(35.215,-35.045,2.9));
#1236 = VECTOR('',#1237,1.);
#1237 = DIRECTION('',(0.,1.,0.));
#1238 = PCURVE('',#72,#1239);
#1239 = DEFINITIONAL_REPRESENTATION('',(#1240),#1243);
#1240 = B_SPLINE_CURVE_WITH_KNOTS('',1,(#1241,#1242),.UNSPECIFIED.,.F.,
  .F.,(2,2),(16.205,27.565),.PIECEWISE_BEZIER_KNOTS.);
#1241 = CARTESIAN_POINT('',(80.715,32.41));
#1242 = CARTESIAN_POINT('',(80.715,43.77));
#1243 = ( GEOMETRIC_REPRESENTATION_CONTEXT(2) 
PARAMETRIC_REPRESENTATION_CONTEXT() REPRESENTATION_CONTEXT('2D SPACE',''
  ) );
#1244 = PCURVE('',#1245,#1250);
#1245 = PLANE('',#1246);
#1246 = AXIS2_PLACEMENT_3D('',#1247,#1248,#1249);
#1247 = CARTESIAN_POINT('',(35.215,-18.84,2.75));
#1248 = DIRECTION('',(1.,0.,0.));
#1249 = DIRECTION('',(0.,0.,1.));
#1250 = DEFINITIONAL_REPRESENTATION('',(#1251),#1254);
#1251 = B_SPLINE_CURVE_WITH_KNOTS('',1,(#1252,#1253),.UNSPECIFIED.,.F.,
  .F.,(2,2),(16.205,27.565),.PIECEWISE_BEZIER_KNOTS.);
#1252 = CARTESIAN_POINT('',(0.15,0.));
#1253 = CARTESIAN_POINT('',(0.15,-11.36));
#1254 = ( GEOMETRIC_REPRESENTATION_CONTEXT(2) 
PARAMETRIC_REPRESENTATION_CONTEXT() REPRESENTATION_CONTEXT('2D SPACE',''
  ) );
#1255 = ORIENTED_EDGE('',*,*,#1256,.F.);
#1256 = EDGE_CURVE('',#1257,#1231,#1259,.T.);
#1257 = VERTEX_POINT('',#1258);
#1258 = CARTESIAN_POINT('',(37.935,-7.48,2.9));
#1259 = SURFACE_CURVE('',#1260,(#1264,#1270),.PCURVE_S1.);
#1260 = LINE('',#1261,#1262);
#1261 = CARTESIAN_POINT('',(-5.1425,-7.48,2.9));
#1262 = VECTOR('',#1263,1.);
#1263 = DIRECTION('',(-1.,0.,0.));
#1264 = PCURVE('',#72,#1265);
#1265 = DEFINITIONAL_REPRESENTATION('',(#1266),#1269);
#1266 = B_SPLINE_CURVE_WITH_KNOTS('',1,(#1267,#1268),.UNSPECIFIED.,.F.,
  .F.,(2,2),(-43.0775,-40.3575),.PIECEWISE_BEZIER_KNOTS.);
#1267 = CARTESIAN_POINT('',(83.435,43.77));
#1268 = CARTESIAN_POINT('',(80.715,43.77));
#1269 = ( GEOMETRIC_REPRESENTATION_CONTEXT(2) 
PARAMETRIC_REPRESENTATION_CONTEXT() REPRESENTATION_CONTEXT('2D SPACE',''
  ) );
#1270 = PCURVE('',#1271,#1276);
#1271 = PLANE('',#1272);
#1272 = AXIS2_PLACEMENT_3D('',#1273,#1274,#1275);
#1273 = CARTESIAN_POINT('',(35.215,-7.48,2.75));
#1274 = DIRECTION('',(0.,1.,0.));
#1275 = DIRECTION('',(0.,0.,1.));
#1276 = DEFINITIONAL_REPRESENTATION('',(#1277),#1280);
#1277 = B_SPLINE_CURVE_WITH_KNOTS('',1,(#1278,#1279),.UNSPECIFIED.,.F.,
  .F.,(2,2),(-43.0775,-40.3575),.PIECEWISE_BEZIER_KNOTS.);
#1278 = CARTESIAN_POINT('',(0.15,2.72));
#1279 = CARTESIAN_POINT('',(0.15,0.));
#1280 = ( GEOMETRIC_REPRESENTATION_CONTEXT(2) 
PARAMETRIC_REPRESENTATION_CONTEXT() REPRESENTATION_CONTEXT('2D SPACE',''
  ) );
#1281 = ORIENTED_EDGE('',*,*,#1282,.F.);
#1282 = EDGE_CURVE('',#1203,#1257,#1283,.T.);
#1283 = SURFACE_CURVE('',#1284,(#1288,#1294),.PCURVE_S1.);
#1284 = LINE('',#1285,#1286);
#1285 = CARTESIAN_POINT('',(37.935,-35.045,2.9));
#1286 = VECTOR('',#1287,1.);
#1287 = DIRECTION('',(0.,1.,0.));
#1288 = PCURVE('',#72,#1289);
#1289 = DEFINITIONAL_REPRESENTATION('',(#1290),#1293);
#1290 = B_SPLINE_CURVE_WITH_KNOTS('',1,(#1291,#1292),.UNSPECIFIED.,.F.,
  .F.,(2,2),(16.205,27.565),.PIECEWISE_BEZIER_KNOTS.);
#1291 = CARTESIAN_POINT('',(83.435,32.41));
#1292 = CARTESIAN_POINT('',(83.435,43.77));
#1293 = ( GEOMETRIC_REPRESENTATION_CONTEXT(2) 
PARAMETRIC_REPRESENTATION_CONTEXT() REPRESENTATION_CONTEXT('2D SPACE',''
  ) );
#1294 = PCURVE('',#1295,#1300);
#1295 = PLANE('',#1296);
#1296 = AXIS2_PLACEMENT_3D('',#1297,#1298,#1299);
#1297 = CARTESIAN_POINT('',(37.935,-18.84,2.75));
#1298 = DIRECTION('',(1.,0.,0.));
#1299 = DIRECTION('',(0.,0.,1.));
#1300 = DEFINITIONAL_REPRESENTATION('',(#1301),#1304);
#1301 = B_SPLINE_CURVE_WITH_KNOTS('',1,(#1302,#1303),.UNSPECIFIED.,.F.,
  .F.,(2,2),(16.205,27.565),.PIECEWISE_BEZIER_KNOTS.);
#1302 = CARTESIAN_POINT('',(0.15,0.));
#1303 = CARTESIAN_POINT('',(0.15,-11.36));
#1304 = ( GEOMETRIC_REPRESENTATION_CONTEXT(2) 
PARAMETRIC_REPRESENTATION_CONTEXT() REPRESENTATION_CONTEXT('2D SPACE',''
  ) );
#1305 = FACE_BOUND('',#1306,.F.);
#1306 = EDGE_LOOP('',(#1307,#1335,#1361,#1387));
#1307 = ORIENTED_EDGE('',*,*,#1308,.T.);
#1308 = EDGE_CURVE('',#1309,#1311,#1313,.T.);
#1309 = VERTEX_POINT('',#1310);
#1310 = CARTESIAN_POINT('',(-37.065,0.21,2.9));
#1311 = VERTEX_POINT('',#1312);
#1312 = CARTESIAN_POINT('',(-39.785,0.21,2.9));
#1313 = SURFACE_CURVE('',#1314,(#1318,#1324),.PCURVE_S1.);
#1314 = LINE('',#1315,#1316);
#1315 = CARTESIAN_POINT('',(-42.6425,0.21,2.9));
#1316 = VECTOR('',#1317,1.);
#1317 = DIRECTION('',(-1.,0.,0.));
#1318 = PCURVE('',#72,#1319);
#1319 = DEFINITIONAL_REPRESENTATION('',(#1320),#1323);
#1320 = B_SPLINE_CURVE_WITH_KNOTS('',1,(#1321,#1322),.UNSPECIFIED.,.F.,
  .F.,(2,2),(-5.5775,-2.8575),.PIECEWISE_BEZIER_KNOTS.);
#1321 = CARTESIAN_POINT('',(8.435,51.46));
#1322 = CARTESIAN_POINT('',(5.715,51.46));
#1323 = ( GEOMETRIC_REPRESENTATION_CONTEXT(2) 
PARAMETRIC_REPRESENTATION_CONTEXT() REPRESENTATION_CONTEXT('2D SPACE',''
  ) );
#1324 = PCURVE('',#1325,#1330);
#1325 = PLANE('',#1326);
#1326 = AXIS2_PLACEMENT_3D('',#1327,#1328,#1329);
#1327 = CARTESIAN_POINT('',(-39.785,0.21,2.75));
#1328 = DIRECTION('',(0.,1.,0.));
#1329 = DIRECTION('',(0.,0.,1.));
#1330 = DEFINITIONAL_REPRESENTATION('',(#1331),#1334);
#1331 = B_SPLINE_CURVE_WITH_KNOTS('',1,(#1332,#1333),.UNSPECIFIED.,.F.,
  .F.,(2,2),(-5.5775,-2.8575),.PIECEWISE_BEZIER_KNOTS.);
#1332 = CARTESIAN_POINT('',(0.15,2.72));
#1333 = CARTESIAN_POINT('',(0.15,0.));
#1334 = ( GEOMETRIC_REPRESENTATION_CONTEXT(2) 
PARAMETRIC_REPRESENTATION_CONTEXT() REPRESENTATION_CONTEXT('2D SPACE',''
  ) );
#1335 = ORIENTED_EDGE('',*,*,#1336,.T.);
#1336 = EDGE_CURVE('',#1311,#1337,#1339,.T.);
#1337 = VERTEX_POINT('',#1338);
#1338 = CARTESIAN_POINT('',(-39.785,11.57,2.9));
#1339 = SURFACE_CURVE('',#1340,(#1344,#1350),.PCURVE_S1.);
#1340 = LINE('',#1341,#1342);
#1341 = CARTESIAN_POINT('',(-39.785,-25.52,2.9));
#1342 = VECTOR('',#1343,1.);
#1343 = DIRECTION('',(0.,1.,0.));
#1344 = PCURVE('',#72,#1345);
#1345 = DEFINITIONAL_REPRESENTATION('',(#1346),#1349);
#1346 = B_SPLINE_CURVE_WITH_KNOTS('',1,(#1347,#1348),.UNSPECIFIED.,.F.,
  .F.,(2,2),(25.73,37.09),.PIECEWISE_BEZIER_KNOTS.);
#1347 = CARTESIAN_POINT('',(5.715,51.46));
#1348 = CARTESIAN_POINT('',(5.715,62.82));
#1349 = ( GEOMETRIC_REPRESENTATION_CONTEXT(2) 
PARAMETRIC_REPRESENTATION_CONTEXT() REPRESENTATION_CONTEXT('2D SPACE',''
  ) );
#1350 = PCURVE('',#1351,#1356);
#1351 = PLANE('',#1352);
#1352 = AXIS2_PLACEMENT_3D('',#1353,#1354,#1355);
#1353 = CARTESIAN_POINT('',(-39.785,0.21,2.75));
#1354 = DIRECTION('',(1.,0.,0.));
#1355 = DIRECTION('',(0.,0.,1.));
#1356 = DEFINITIONAL_REPRESENTATION('',(#1357),#1360);
#1357 = B_SPLINE_CURVE_WITH_KNOTS('',1,(#1358,#1359),.UNSPECIFIED.,.F.,
  .F.,(2,2),(25.73,37.09),.PIECEWISE_BEZIER_KNOTS.);
#1358 = CARTESIAN_POINT('',(0.15,0.));
#1359 = CARTESIAN_POINT('',(0.15,-11.36));
#1360 = ( GEOMETRIC_REPRESENTATION_CONTEXT(2) 
PARAMETRIC_REPRESENTATION_CONTEXT() REPRESENTATION_CONTEXT('2D SPACE',''
  ) );
#1361 = ORIENTED_EDGE('',*,*,#1362,.F.);
#1362 = EDGE_CURVE('',#1363,#1337,#1365,.T.);
#1363 = VERTEX_POINT('',#1364);
#1364 = CARTESIAN_POINT('',(-37.065,11.57,2.9));
#1365 = SURFACE_CURVE('',#1366,(#1370,#1376),.PCURVE_S1.);
#1366 = LINE('',#1367,#1368);
#1367 = CARTESIAN_POINT('',(-42.6425,11.57,2.9));
#1368 = VECTOR('',#1369,1.);
#1369 = DIRECTION('',(-1.,0.,0.));
#1370 = PCURVE('',#72,#1371);
#1371 = DEFINITIONAL_REPRESENTATION('',(#1372),#1375);
#1372 = B_SPLINE_CURVE_WITH_KNOTS('',1,(#1373,#1374),.UNSPECIFIED.,.F.,
  .F.,(2,2),(-5.5775,-2.8575),.PIECEWISE_BEZIER_KNOTS.);
#1373 = CARTESIAN_POINT('',(8.435,62.82));
#1374 = CARTESIAN_POINT('',(5.715,62.82));
#1375 = ( GEOMETRIC_REPRESENTATION_CONTEXT(2) 
PARAMETRIC_REPRESENTATION_CONTEXT() REPRESENTATION_CONTEXT('2D SPACE',''
  ) );
#1376 = PCURVE('',#1377,#1382);
#1377 = PLANE('',#1378);
#1378 = AXIS2_PLACEMENT_3D('',#1379,#1380,#1381);
#1379 = CARTESIAN_POINT('',(-39.785,11.57,2.75));
#1380 = DIRECTION('',(0.,1.,0.));
#1381 = DIRECTION('',(0.,0.,1.));
#1382 = DEFINITIONAL_REPRESENTATION('',(#1383),#1386);
#1383 = B_SPLINE_CURVE_WITH_KNOTS('',1,(#1384,#1385),.UNSPECIFIED.,.F.,
  .F.,(2,2),(-5.5775,-2.8575),.PIECEWISE_BEZIER_KNOTS.);
#1384 = CARTESIAN_POINT('',(0.15,2.72));
#1385 = CARTESIAN_POINT('',(0.15,0.));
#1386 = ( GEOMETRIC_REPRESENTATION_CONTEXT(2) 
PARAMETRIC_REPRESENTATION_CONTEXT() REPRESENTATION_CONTEXT('2D SPACE',''
  ) );
#1387 = ORIENTED_EDGE('',*,*,#1388,.F.);
#1388 = EDGE_CURVE('',#1309,#1363,#1389,.T.);
#1389 = SURFACE_CURVE('',#1390,(#1394,#1400),.PCURVE_S1.);
#1390 = LINE('',#1391,#1392);
#1391 = CARTESIAN_POINT('',(-37.065,-25.52,2.9));
#1392 = VECTOR('',#1393,1.);
#1393 = DIRECTION('',(0.,1.,0.));
#1394 = PCURVE('',#72,#1395);
#1395 = DEFINITIONAL_REPRESENTATION('',(#1396),#1399);
#1396 = B_SPLINE_CURVE_WITH_KNOTS('',1,(#1397,#1398),.UNSPECIFIED.,.F.,
  .F.,(2,2),(25.73,37.09),.PIECEWISE_BEZIER_KNOTS.);
#1397 = CARTESIAN_POINT('',(8.435,51.46));
#1398 = CARTESIAN_POINT('',(8.435,62.82));
#1399 = ( GEOMETRIC_REPRESENTATION_CONTEXT(2) 
PARAMETRIC_REPRESENTATION_CONTEXT() REPRESENTATION_CONTEXT('2D SPACE',''
  ) );
#1400 = PCURVE('',#1401,#1406);
#1401 = PLANE('',#1402);
#1402 = AXIS2_PLACEMENT_3D('',#1403,#1404,#1405);
#1403 = CARTESIAN_POINT('',(-37.065,0.21,2.75));
#1404 = DIRECTION('',(1.,0.,0.));
#1405 = DIRECTION('',(0.,0.,1.));
#1406 = DEFINITIONAL_REPRESENTATION('',(#1407),#1410);
#1407 = B_SPLINE_CURVE_WITH_KNOTS('',1,(#1408,#1409),.UNSPECIFIED.,.F.,
  .F.,(2,2),(25.73,37.09),.PIECEWISE_BEZIER_KNOTS.);
#1408 = CARTESIAN_POINT('',(0.15,0.));
#1409 = CARTESIAN_POINT('',(0.15,-11.36));
#1410 = ( GEOMETRIC_REPRESENTATION_CONTEXT(2) 
PARAMETRIC_REPRESENTATION_CONTEXT() REPRESENTATION_CONTEXT('2D SPACE',''
  ) );
#1411 = FACE_BOUND('',#1412,.F.);
#1412 = EDGE_LOOP('',(#1413,#1441,#1467,#1493));
#1413 = ORIENTED_EDGE('',*,*,#1414,.T.);
#1414 = EDGE_CURVE('',#1415,#1417,#1419,.T.);
#1415 = VERTEX_POINT('',#1416);
#1416 = CARTESIAN_POINT('',(-37.065,19.26,2.9));
#1417 = VERTEX_POINT('',#1418);
#1418 = CARTESIAN_POINT('',(-39.785,19.26,2.9));
#1419 = SURFACE_CURVE('',#1420,(#1424,#1430),.PCURVE_S1.);
#1420 = LINE('',#1421,#1422);
#1421 = CARTESIAN_POINT('',(-42.6425,19.26,2.9));
#1422 = VECTOR('',#1423,1.);
#1423 = DIRECTION('',(-1.,0.,0.));
#1424 = PCURVE('',#72,#1425);
#1425 = DEFINITIONAL_REPRESENTATION('',(#1426),#1429);
#1426 = B_SPLINE_CURVE_WITH_KNOTS('',1,(#1427,#1428),.UNSPECIFIED.,.F.,
  .F.,(2,2),(-5.5775,-2.8575),.PIECEWISE_BEZIER_KNOTS.);
#1427 = CARTESIAN_POINT('',(8.435,70.51));
#1428 = CARTESIAN_POINT('',(5.715,70.51));
#1429 = ( GEOMETRIC_REPRESENTATION_CONTEXT(2) 
PARAMETRIC_REPRESENTATION_CONTEXT() REPRESENTATION_CONTEXT('2D SPACE',''
  ) );
#1430 = PCURVE('',#1431,#1436);
#1431 = PLANE('',#1432);
#1432 = AXIS2_PLACEMENT_3D('',#1433,#1434,#1435);
#1433 = CARTESIAN_POINT('',(-39.785,19.26,2.75));
#1434 = DIRECTION('',(0.,1.,0.));
#1435 = DIRECTION('',(0.,0.,1.));
#1436 = DEFINITIONAL_REPRESENTATION('',(#1437),#1440);
#1437 = B_SPLINE_CURVE_WITH_KNOTS('',1,(#1438,#1439),.UNSPECIFIED.,.F.,
  .F.,(2,2),(-5.5775,-2.8575),.PIECEWISE_BEZIER_KNOTS.);
#1438 = CARTESIAN_POINT('',(0.15,2.72));
#1439 = CARTESIAN_POINT('',(0.15,0.));
#1440 = ( GEOMETRIC_REPRESENTATION_CONTEXT(2) 
PARAMETRIC_REPRESENTATION_CONTEXT() REPRESENTATION_CONTEXT('2D SPACE',''
  ) );
#1441 = ORIENTED_EDGE('',*,*,#1442,.T.);
#1442 = EDGE_CURVE('',#1417,#1443,#1445,.T.);
#1443 = VERTEX_POINT('',#1444);
#1444 = CARTESIAN_POINT('',(-39.785,30.62,2.9));
#1445 = SURFACE_CURVE('',#1446,(#1450,#1456),.PCURVE_S1.);
#1446 = LINE('',#1447,#1448);
#1447 = CARTESIAN_POINT('',(-39.785,-15.995,2.9));
#1448 = VECTOR('',#1449,1.);
#1449 = DIRECTION('',(0.,1.,0.));
#1450 = PCURVE('',#72,#1451);
#1451 = DEFINITIONAL_REPRESENTATION('',(#1452),#1455);
#1452 = B_SPLINE_CURVE_WITH_KNOTS('',1,(#1453,#1454),.UNSPECIFIED.,.F.,
  .F.,(2,2),(35.255,46.615),.PIECEWISE_BEZIER_KNOTS.);
#1453 = CARTESIAN_POINT('',(5.715,70.51));
#1454 = CARTESIAN_POINT('',(5.715,81.87));
#1455 = ( GEOMETRIC_REPRESENTATION_CONTEXT(2) 
PARAMETRIC_REPRESENTATION_CONTEXT() REPRESENTATION_CONTEXT('2D SPACE',''
  ) );
#1456 = PCURVE('',#1457,#1462);
#1457 = PLANE('',#1458);
#1458 = AXIS2_PLACEMENT_3D('',#1459,#1460,#1461);
#1459 = CARTESIAN_POINT('',(-39.785,19.26,2.75));
#1460 = DIRECTION('',(1.,0.,0.));
#1461 = DIRECTION('',(0.,0.,1.));
#1462 = DEFINITIONAL_REPRESENTATION('',(#1463),#1466);
#1463 = B_SPLINE_CURVE_WITH_KNOTS('',1,(#1464,#1465),.UNSPECIFIED.,.F.,
  .F.,(2,2),(35.255,46.615),.PIECEWISE_BEZIER_KNOTS.);
#1464 = CARTESIAN_POINT('',(0.15,0.));
#1465 = CARTESIAN_POINT('',(0.15,-11.36));
#1466 = ( GEOMETRIC_REPRESENTATION_CONTEXT(2) 
PARAMETRIC_REPRESENTATION_CONTEXT() REPRESENTATION_CONTEXT('2D SPACE',''
  ) );
#1467 = ORIENTED_EDGE('',*,*,#1468,.F.);
#1468 = EDGE_CURVE('',#1469,#1443,#1471,.T.);
#1469 = VERTEX_POINT('',#1470);
#1470 = CARTESIAN_POINT('',(-37.065,30.62,2.9));
#1471 = SURFACE_CURVE('',#1472,(#1476,#1482),.PCURVE_S1.);
#1472 = LINE('',#1473,#1474);
#1473 = CARTESIAN_POINT('',(-42.6425,30.62,2.9));
#1474 = VECTOR('',#1475,1.);
#1475 = DIRECTION('',(-1.,0.,0.));
#1476 = PCURVE('',#72,#1477);
#1477 = DEFINITIONAL_REPRESENTATION('',(#1478),#1481);
#1478 = B_SPLINE_CURVE_WITH_KNOTS('',1,(#1479,#1480),.UNSPECIFIED.,.F.,
  .F.,(2,2),(-5.5775,-2.8575),.PIECEWISE_BEZIER_KNOTS.);
#1479 = CARTESIAN_POINT('',(8.435,81.87));
#1480 = CARTESIAN_POINT('',(5.715,81.87));
#1481 = ( GEOMETRIC_REPRESENTATION_CONTEXT(2) 
PARAMETRIC_REPRESENTATION_CONTEXT() REPRESENTATION_CONTEXT('2D SPACE',''
  ) );
#1482 = PCURVE('',#1483,#1488);
#1483 = PLANE('',#1484);
#1484 = AXIS2_PLACEMENT_3D('',#1485,#1486,#1487);
#1485 = CARTESIAN_POINT('',(-39.785,30.62,2.75));
#1486 = DIRECTION('',(0.,1.,0.));
#1487 = DIRECTION('',(0.,0.,1.));
#1488 = DEFINITIONAL_REPRESENTATION('',(#1489),#1492);
#1489 = B_SPLINE_CURVE_WITH_KNOTS('',1,(#1490,#1491),.UNSPECIFIED.,.F.,
  .F.,(2,2),(-5.5775,-2.8575),.PIECEWISE_BEZIER_KNOTS.);
#1490 = CARTESIAN_POINT('',(0.15,2.72));
#1491 = CARTESIAN_POINT('',(0.15,0.));
#1492 = ( GEOMETRIC_REPRESENTATION_CONTEXT(2) 
PARAMETRIC_REPRESENTATION_CONTEXT() REPRESENTATION_CONTEXT('2D SPACE',''
  ) );
#1493 = ORIENTED_EDGE('',*,*,#1494,.F.);
#1494 = EDGE_CURVE('',#1415,#1469,#1495,.T.);
#1495 = SURFACE_CURVE('',#1496,(#1500,#1506),.PCURVE_S1.);
#1496 = LINE('',#1497,#1498);
#1497 = CARTESIAN_POINT('',(-37.065,-15.995,2.9));
#1498 = VECTOR('',#1499,1.);
#1499 = DIRECTION('',(0.,1.,0.));
#1500 = PCURVE('',#72,#1501);
#1501 = DEFINITIONAL_REPRESENTATION('',(#1502),#1505);
#1502 = B_SPLINE_CURVE_WITH_KNOTS('',1,(#1503,#1504),.UNSPECIFIED.,.F.,
  .F.,(2,2),(35.255,46.615),.PIECEWISE_BEZIER_KNOTS.);
#1503 = CARTESIAN_POINT('',(8.435,70.51));
#1504 = CARTESIAN_POINT('',(8.435,81.87));
#1505 = ( GEOMETRIC_REPRESENTATION_CONTEXT(2) 
PARAMETRIC_REPRESENTATION_CONTEXT() REPRESENTATION_CONTEXT('2D SPACE',''
  ) );
#1506 = PCURVE('',#1507,#1512);
#1507 = PLANE('',#1508);
#1508 = AXIS2_PLACEMENT_3D('',#1509,#1510,#1511);
#1509 = CARTESIAN_POINT('',(-37.065,19.26,2.75));
#1510 = DIRECTION('',(1.,0.,0.));
#1511 = DIRECTION('',(0.,0.,1.));
#1512 = DEFINITIONAL_REPRESENTATION('',(#1513),#1516);
#1513 = B_SPLINE_CURVE_WITH_KNOTS('',1,(#1514,#1515),.UNSPECIFIED.,.F.,
  .F.,(2,2),(35.255,46.615),.PIECEWISE_BEZIER_KNOTS.);
#1514 = CARTESIAN_POINT('',(0.15,0.));
#1515 = CARTESIAN_POINT('',(0.15,-11.36));
#1516 = ( GEOMETRIC_REPRESENTATION_CONTEXT(2) 
PARAMETRIC_REPRESENTATION_CONTEXT() REPRESENTATION_CONTEXT('2D SPACE',''
  ) );
#1517 = FACE_BOUND('',#1518,.F.);
#1518 = EDGE_LOOP('',(#1519,#1547,#1573,#1599));
#1519 = ORIENTED_EDGE('',*,*,#1520,.T.);
#1520 = EDGE_CURVE('',#1521,#1523,#1525,.T.);
#1521 = VERTEX_POINT('',#1522);
#1522 = CARTESIAN_POINT('',(-11.95,7.68,2.9));
#1523 = VERTEX_POINT('',#1524);
#1524 = CARTESIAN_POINT('',(-26.15,7.68,2.9));
#1525 = SURFACE_CURVE('',#1526,(#1530,#1536),.PCURVE_S1.);
#1526 = LINE('',#1527,#1528);
#1527 = CARTESIAN_POINT('',(-35.825,7.68,2.9));
#1528 = VECTOR('',#1529,1.);
#1529 = DIRECTION('',(-1.,0.,0.));
#1530 = PCURVE('',#72,#1531);
#1531 = DEFINITIONAL_REPRESENTATION('',(#1532),#1535);
#1532 = B_SPLINE_CURVE_WITH_KNOTS('',1,(#1533,#1534),.UNSPECIFIED.,.F.,
  .F.,(2,2),(-23.875,-9.675),.PIECEWISE_BEZIER_KNOTS.);
#1533 = CARTESIAN_POINT('',(33.55,58.93));
#1534 = CARTESIAN_POINT('',(19.35,58.93));
#1535 = ( GEOMETRIC_REPRESENTATION_CONTEXT(2) 
PARAMETRIC_REPRESENTATION_CONTEXT() REPRESENTATION_CONTEXT('2D SPACE',''
  ) );
#1536 = PCURVE('',#1537,#1542);
#1537 = PLANE('',#1538);
#1538 = AXIS2_PLACEMENT_3D('',#1539,#1540,#1541);
#1539 = CARTESIAN_POINT('',(-26.15,7.68,2.7));
#1540 = DIRECTION('',(0.,1.,0.));
#1541 = DIRECTION('',(0.,0.,1.));
#1542 = DEFINITIONAL_REPRESENTATION('',(#1543),#1546);
#1543 = B_SPLINE_CURVE_WITH_KNOTS('',1,(#1544,#1545),.UNSPECIFIED.,.F.,
  .F.,(2,2),(-23.875,-9.675),.PIECEWISE_BEZIER_KNOTS.);
#1544 = CARTESIAN_POINT('',(0.2,14.2));
#1545 = CARTESIAN_POINT('',(0.2,0.));
#1546 = ( GEOMETRIC_REPRESENTATION_CONTEXT(2) 
PARAMETRIC_REPRESENTATION_CONTEXT() REPRESENTATION_CONTEXT('2D SPACE',''
  ) );
#1547 = ORIENTED_EDGE('',*,*,#1548,.T.);
#1548 = EDGE_CURVE('',#1523,#1549,#1551,.T.);
#1549 = VERTEX_POINT('',#1550);
#1550 = CARTESIAN_POINT('',(-26.15,21.88,2.9));
#1551 = SURFACE_CURVE('',#1552,(#1556,#1562),.PCURVE_S1.);
#1552 = LINE('',#1553,#1554);
#1553 = CARTESIAN_POINT('',(-26.15,-21.785,2.9));
#1554 = VECTOR('',#1555,1.);
#1555 = DIRECTION('',(0.,1.,0.));
#1556 = PCURVE('',#72,#1557);
#1557 = DEFINITIONAL_REPRESENTATION('',(#1558),#1561);
#1558 = B_SPLINE_CURVE_WITH_KNOTS('',1,(#1559,#1560),.UNSPECIFIED.,.F.,
  .F.,(2,2),(29.465,43.665),.PIECEWISE_BEZIER_KNOTS.);
#1559 = CARTESIAN_POINT('',(19.35,58.93));
#1560 = CARTESIAN_POINT('',(19.35,73.13));
#1561 = ( GEOMETRIC_REPRESENTATION_CONTEXT(2) 
PARAMETRIC_REPRESENTATION_CONTEXT() REPRESENTATION_CONTEXT('2D SPACE',''
  ) );
#1562 = PCURVE('',#1563,#1568);
#1563 = PLANE('',#1564);
#1564 = AXIS2_PLACEMENT_3D('',#1565,#1566,#1567);
#1565 = CARTESIAN_POINT('',(-26.15,7.68,2.7));
#1566 = DIRECTION('',(1.,0.,0.));
#1567 = DIRECTION('',(0.,0.,1.));
#1568 = DEFINITIONAL_REPRESENTATION('',(#1569),#1572);
#1569 = B_SPLINE_CURVE_WITH_KNOTS('',1,(#1570,#1571),.UNSPECIFIED.,.F.,
  .F.,(2,2),(29.465,43.665),.PIECEWISE_BEZIER_KNOTS.);
#1570 = CARTESIAN_POINT('',(0.2,0.));
#1571 = CARTESIAN_POINT('',(0.2,-14.2));
#1572 = ( GEOMETRIC_REPRESENTATION_CONTEXT(2) 
PARAMETRIC_REPRESENTATION_CONTEXT() REPRESENTATION_CONTEXT('2D SPACE',''
  ) );
#1573 = ORIENTED_EDGE('',*,*,#1574,.F.);
#1574 = EDGE_CURVE('',#1575,#1549,#1577,.T.);
#1575 = VERTEX_POINT('',#1576);
#1576 = CARTESIAN_POINT('',(-11.95,21.88,2.9));
#1577 = SURFACE_CURVE('',#1578,(#1582,#1588),.PCURVE_S1.);
#1578 = LINE('',#1579,#1580);
#1579 = CARTESIAN_POINT('',(-35.825,21.88,2.9));
#1580 = VECTOR('',#1581,1.);
#1581 = DIRECTION('',(-1.,0.,0.));
#1582 = PCURVE('',#72,#1583);
#1583 = DEFINITIONAL_REPRESENTATION('',(#1584),#1587);
#1584 = B_SPLINE_CURVE_WITH_KNOTS('',1,(#1585,#1586),.UNSPECIFIED.,.F.,
  .F.,(2,2),(-23.875,-9.675),.PIECEWISE_BEZIER_KNOTS.);
#1585 = CARTESIAN_POINT('',(33.55,73.13));
#1586 = CARTESIAN_POINT('',(19.35,73.13));
#1587 = ( GEOMETRIC_REPRESENTATION_CONTEXT(2) 
PARAMETRIC_REPRESENTATION_CONTEXT() REPRESENTATION_CONTEXT('2D SPACE',''
  ) );
#1588 = PCURVE('',#1589,#1594);
#1589 = PLANE('',#1590);
#1590 = AXIS2_PLACEMENT_3D('',#1591,#1592,#1593);
#1591 = CARTESIAN_POINT('',(-26.15,21.88,2.7));
#1592 = DIRECTION('',(0.,1.,0.));
#1593 = DIRECTION('',(0.,0.,1.));
#1594 = DEFINITIONAL_REPRESENTATION('',(#1595),#1598);
#1595 = B_SPLINE_CURVE_WITH_KNOTS('',1,(#1596,#1597),.UNSPECIFIED.,.F.,
  .F.,(2,2),(-23.875,-9.675),.PIECEWISE_BEZIER_KNOTS.);
#1596 = CARTESIAN_POINT('',(0.2,14.2));
#1597 = CARTESIAN_POINT('',(0.2,0.));
#1598 = ( GEOMETRIC_REPRESENTATION_CONTEXT(2) 
PARAMETRIC_REPRESENTATION_CONTEXT() REPRESENTATION_CONTEXT('2D SPACE',''
  ) );
#1599 = ORIENTED_EDGE('',*,*,#1600,.F.);
#1600 = EDGE_CURVE('',#1521,#1575,#1601,.T.);
#1601 = SURFACE_CURVE('',#1602,(#1606,#1612),.PCURVE_S1.);
#1602 = LINE('',#1603,#1604);
#1603 = CARTESIAN_POINT('',(-11.95,-21.785,2.9));
#1604 = VECTOR('',#1605,1.);
#1605 = DIRECTION('',(0.,1.,0.));
#1606 = PCURVE('',#72,#1607);
#1607 = DEFINITIONAL_REPRESENTATION('',(#1608),#1611);
#1608 = B_SPLINE_CURVE_WITH_KNOTS('',1,(#1609,#1610),.UNSPECIFIED.,.F.,
  .F.,(2,2),(29.465,43.665),.PIECEWISE_BEZIER_KNOTS.);
#1609 = CARTESIAN_POINT('',(33.55,58.93));
#1610 = CARTESIAN_POINT('',(33.55,73.13));
#1611 = ( GEOMETRIC_REPRESENTATION_CONTEXT(2) 
PARAMETRIC_REPRESENTATION_CONTEXT() REPRESENTATION_CONTEXT('2D SPACE',''
  ) );
#1612 = PCURVE('',#1613,#1618);
#1613 = PLANE('',#1614);
#1614 = AXIS2_PLACEMENT_3D('',#1615,#1616,#1617);
#1615 = CARTESIAN_POINT('',(-11.95,7.68,2.7));
#1616 = DIRECTION('',(1.,0.,0.));
#1617 = DIRECTION('',(0.,0.,1.));
#1618 = DEFINITIONAL_REPRESENTATION('',(#1619),#1622);
#1619 = B_SPLINE_CURVE_WITH_KNOTS('',1,(#1620,#1621),.UNSPECIFIED.,.F.,
  .F.,(2,2),(29.465,43.665),.PIECEWISE_BEZIER_KNOTS.);
#1620 = CARTESIAN_POINT('',(0.2,0.));
#1621 = CARTESIAN_POINT('',(0.2,-14.2));
#1622 = ( GEOMETRIC_REPRESENTATION_CONTEXT(2) 
PARAMETRIC_REPRESENTATION_CONTEXT() REPRESENTATION_CONTEXT('2D SPACE',''
  ) );
#1623 = FACE_BOUND('',#1624,.F.);
#1624 = EDGE_LOOP('',(#1625));
#1625 = ORIENTED_EDGE('',*,*,#1626,.T.);
#1626 = EDGE_CURVE('',#1627,#1627,#1629,.T.);
#1627 = VERTEX_POINT('',#1628);
#1628 = CARTESIAN_POINT('',(-29.675,29.2,2.9));
#1629 = SURFACE_CURVE('',#1630,(#1635,#1646),.PCURVE_S1.);
#1630 = CIRCLE('',#1631,1.7);
#1631 = AXIS2_PLACEMENT_3D('',#1632,#1633,#1634);
#1632 = CARTESIAN_POINT('',(-31.375,29.2,2.9));
#1633 = DIRECTION('',(0.,0.,-1.));
#1634 = DIRECTION('',(1.,0.,0.));
#1635 = PCURVE('',#72,#1636);
#1636 = DEFINITIONAL_REPRESENTATION('',(#1637),#1645);
#1637 = ( BOUNDED_CURVE() B_SPLINE_CURVE(2,(#1638,#1639,#1640,#1641,
#1642,#1643,#1644),.UNSPECIFIED.,.T.,.F.) B_SPLINE_CURVE_WITH_KNOTS((1,2
    ,2,2,2,1),(-2.094395102393,0.,2.094395102393,4.188790204786,
6.28318530718,8.377580409573),.UNSPECIFIED.) CURVE() 
GEOMETRIC_REPRESENTATION_ITEM() RATIONAL_B_SPLINE_CURVE((1.,0.5,1.,0.5,
1.,0.5,1.)) REPRESENTATION_ITEM('') );
#1638 = CARTESIAN_POINT('',(15.825,80.45));
#1639 = CARTESIAN_POINT('',(15.825,77.505513627133));
#1640 = CARTESIAN_POINT('',(13.275,78.977756813566));
#1641 = CARTESIAN_POINT('',(10.725,80.45));
#1642 = CARTESIAN_POINT('',(13.275,81.922243186434));
#1643 = CARTESIAN_POINT('',(15.825,83.394486372867));
#1644 = CARTESIAN_POINT('',(15.825,80.45));
#1645 = ( GEOMETRIC_REPRESENTATION_CONTEXT(2) 
PARAMETRIC_REPRESENTATION_CONTEXT() REPRESENTATION_CONTEXT('2D SPACE',''
  ) );
#1646 = PCURVE('',#1647,#1652);
#1647 = CYLINDRICAL_SURFACE('',#1648,1.7);
#1648 = AXIS2_PLACEMENT_3D('',#1649,#1650,#1651);
#1649 = CARTESIAN_POINT('',(-31.375,29.2,2.4));
#1650 = DIRECTION('',(-0.,-0.,-1.));
#1651 = DIRECTION('',(1.,0.,0.));
#1652 = DEFINITIONAL_REPRESENTATION('',(#1653),#1657);
#1653 = LINE('',#1654,#1655);
#1654 = CARTESIAN_POINT('',(-6.28318530718,-0.5));
#1655 = VECTOR('',#1656,1.);
#1656 = DIRECTION('',(1.,-0.));
#1657 = ( GEOMETRIC_REPRESENTATION_CONTEXT(2) 
PARAMETRIC_REPRESENTATION_CONTEXT() REPRESENTATION_CONTEXT('2D SPACE',''
  ) );
#1658 = FACE_BOUND('',#1659,.F.);
#1659 = EDGE_LOOP('',(#1660,#1688,#1714,#1740));
#1660 = ORIENTED_EDGE('',*,*,#1661,.T.);
#1661 = EDGE_CURVE('',#1662,#1664,#1666,.T.);
#1662 = VERTEX_POINT('',#1663);
#1663 = CARTESIAN_POINT('',(-12.665,29.37,2.9));
#1664 = VERTEX_POINT('',#1665);
#1665 = CARTESIAN_POINT('',(-24.0250001,29.37,2.9));
#1666 = SURFACE_CURVE('',#1667,(#1671,#1677),.PCURVE_S1.);
#1667 = LINE('',#1668,#1669);
#1668 = CARTESIAN_POINT('',(-34.76250005,29.37,2.9));
#1669 = VECTOR('',#1670,1.);
#1670 = DIRECTION('',(-1.,0.,0.));
#1671 = PCURVE('',#72,#1672);
#1672 = DEFINITIONAL_REPRESENTATION('',(#1673),#1676);
#1673 = B_SPLINE_CURVE_WITH_KNOTS('',1,(#1674,#1675),.UNSPECIFIED.,.F.,
  .F.,(2,2),(-22.09750005,-10.73749995),.PIECEWISE_BEZIER_KNOTS.);
#1674 = CARTESIAN_POINT('',(32.835,80.62));
#1675 = CARTESIAN_POINT('',(21.4749999,80.62));
#1676 = ( GEOMETRIC_REPRESENTATION_CONTEXT(2) 
PARAMETRIC_REPRESENTATION_CONTEXT() REPRESENTATION_CONTEXT('2D SPACE',''
  ) );
#1677 = PCURVE('',#1678,#1683);
#1678 = PLANE('',#1679);
#1679 = AXIS2_PLACEMENT_3D('',#1680,#1681,#1682);
#1680 = CARTESIAN_POINT('',(-24.0250001,29.37,2.75));
#1681 = DIRECTION('',(0.,1.,0.));
#1682 = DIRECTION('',(0.,0.,1.));
#1683 = DEFINITIONAL_REPRESENTATION('',(#1684),#1687);
#1684 = B_SPLINE_CURVE_WITH_KNOTS('',1,(#1685,#1686),.UNSPECIFIED.,.F.,
  .F.,(2,2),(-22.09750005,-10.73749995),.PIECEWISE_BEZIER_KNOTS.);
#1685 = CARTESIAN_POINT('',(0.15,11.3600001));
#1686 = CARTESIAN_POINT('',(0.15,0.));
#1687 = ( GEOMETRIC_REPRESENTATION_CONTEXT(2) 
PARAMETRIC_REPRESENTATION_CONTEXT() REPRESENTATION_CONTEXT('2D SPACE',''
  ) );
#1688 = ORIENTED_EDGE('',*,*,#1689,.T.);
#1689 = EDGE_CURVE('',#1664,#1690,#1692,.T.);
#1690 = VERTEX_POINT('',#1691);
#1691 = CARTESIAN_POINT('',(-24.0250001,32.09,2.9));
#1692 = SURFACE_CURVE('',#1693,(#1697,#1703),.PCURVE_S1.);
#1693 = LINE('',#1694,#1695);
#1694 = CARTESIAN_POINT('',(-24.0250001,-10.94,2.9));
#1695 = VECTOR('',#1696,1.);
#1696 = DIRECTION('',(0.,1.,0.));
#1697 = PCURVE('',#72,#1698);
#1698 = DEFINITIONAL_REPRESENTATION('',(#1699),#1702);
#1699 = B_SPLINE_CURVE_WITH_KNOTS('',1,(#1700,#1701),.UNSPECIFIED.,.F.,
  .F.,(2,2),(40.31,43.03),.PIECEWISE_BEZIER_KNOTS.);
#1700 = CARTESIAN_POINT('',(21.4749999,80.62));
#1701 = CARTESIAN_POINT('',(21.4749999,83.34));
#1702 = ( GEOMETRIC_REPRESENTATION_CONTEXT(2) 
PARAMETRIC_REPRESENTATION_CONTEXT() REPRESENTATION_CONTEXT('2D SPACE',''
  ) );
#1703 = PCURVE('',#1704,#1709);
#1704 = PLANE('',#1705);
#1705 = AXIS2_PLACEMENT_3D('',#1706,#1707,#1708);
#1706 = CARTESIAN_POINT('',(-24.0250001,29.37,2.75));
#1707 = DIRECTION('',(1.,0.,0.));
#1708 = DIRECTION('',(0.,0.,1.));
#1709 = DEFINITIONAL_REPRESENTATION('',(#1710),#1713);
#1710 = B_SPLINE_CURVE_WITH_KNOTS('',1,(#1711,#1712),.UNSPECIFIED.,.F.,
  .F.,(2,2),(40.31,43.03),.PIECEWISE_BEZIER_KNOTS.);
#1711 = CARTESIAN_POINT('',(0.15,0.));
#1712 = CARTESIAN_POINT('',(0.15,-2.72));
#1713 = ( GEOMETRIC_REPRESENTATION_CONTEXT(2) 
PARAMETRIC_REPRESENTATION_CONTEXT() REPRESENTATION_CONTEXT('2D SPACE',''
  ) );
#1714 = ORIENTED_EDGE('',*,*,#1715,.F.);
#1715 = EDGE_CURVE('',#1716,#1690,#1718,.T.);
#1716 = VERTEX_POINT('',#1717);
#1717 = CARTESIAN_POINT('',(-12.665,32.09,2.9));
#1718 = SURFACE_CURVE('',#1719,(#1723,#1729),.PCURVE_S1.);
#1719 = LINE('',#1720,#1721);
#1720 = CARTESIAN_POINT('',(-34.76250005,32.09,2.9));
#1721 = VECTOR('',#1722,1.);
#1722 = DIRECTION('',(-1.,0.,0.));
#1723 = PCURVE('',#72,#1724);
#1724 = DEFINITIONAL_REPRESENTATION('',(#1725),#1728);
#1725 = B_SPLINE_CURVE_WITH_KNOTS('',1,(#1726,#1727),.UNSPECIFIED.,.F.,
  .F.,(2,2),(-22.09750005,-10.73749995),.PIECEWISE_BEZIER_KNOTS.);
#1726 = CARTESIAN_POINT('',(32.835,83.34));
#1727 = CARTESIAN_POINT('',(21.4749999,83.34));
#1728 = ( GEOMETRIC_REPRESENTATION_CONTEXT(2) 
PARAMETRIC_REPRESENTATION_CONTEXT() REPRESENTATION_CONTEXT('2D SPACE',''
  ) );
#1729 = PCURVE('',#1730,#1735);
#1730 = PLANE('',#1731);
#1731 = AXIS2_PLACEMENT_3D('',#1732,#1733,#1734);
#1732 = CARTESIAN_POINT('',(-24.0250001,32.09,2.75));
#1733 = DIRECTION('',(0.,1.,0.));
#1734 = DIRECTION('',(0.,0.,1.));
#1735 = DEFINITIONAL_REPRESENTATION('',(#1736),#1739);
#1736 = B_SPLINE_CURVE_WITH_KNOTS('',1,(#1737,#1738),.UNSPECIFIED.,.F.,
  .F.,(2,2),(-22.09750005,-10.73749995),.PIECEWISE_BEZIER_KNOTS.);
#1737 = CARTESIAN_POINT('',(0.15,11.3600001));
#1738 = CARTESIAN_POINT('',(0.15,0.));
#1739 = ( GEOMETRIC_REPRESENTATION_CONTEXT(2) 
PARAMETRIC_REPRESENTATION_CONTEXT() REPRESENTATION_CONTEXT('2D SPACE',''
  ) );
#1740 = ORIENTED_EDGE('',*,*,#1741,.F.);
#1741 = EDGE_CURVE('',#1662,#1716,#1742,.T.);
#1742 = SURFACE_CURVE('',#1743,(#1747,#1753),.PCURVE_S1.);
#1743 = LINE('',#1744,#1745);
#1744 = CARTESIAN_POINT('',(-12.665,-10.94,2.9));
#1745 = VECTOR('',#1746,1.);
#1746 = DIRECTION('',(0.,1.,0.));
#1747 = PCURVE('',#72,#1748);
#1748 = DEFINITIONAL_REPRESENTATION('',(#1749),#1752);
#1749 = B_SPLINE_CURVE_WITH_KNOTS('',1,(#1750,#1751),.UNSPECIFIED.,.F.,
  .F.,(2,2),(40.31,43.03),.PIECEWISE_BEZIER_KNOTS.);
#1750 = CARTESIAN_POINT('',(32.835,80.62));
#1751 = CARTESIAN_POINT('',(32.835,83.34));
#1752 = ( GEOMETRIC_REPRESENTATION_CONTEXT(2) 
PARAMETRIC_REPRESENTATION_CONTEXT() REPRESENTATION_CONTEXT('2D SPACE',''
  ) );
#1753 = PCURVE('',#1754,#1759);
#1754 = PLANE('',#1755);
#1755 = AXIS2_PLACEMENT_3D('',#1756,#1757,#1758);
#1756 = CARTESIAN_POINT('',(-12.665,29.37,2.75));
#1757 = DIRECTION('',(1.,0.,0.));
#1758 = DIRECTION('',(0.,0.,1.));
#1759 = DEFINITIONAL_REPRESENTATION('',(#1760),#1763);
#1760 = B_SPLINE_CURVE_WITH_KNOTS('',1,(#1761,#1762),.UNSPECIFIED.,.F.,
  .F.,(2,2),(40.31,43.03),.PIECEWISE_BEZIER_KNOTS.);
#1761 = CARTESIAN_POINT('',(0.15,0.));
#1762 = CARTESIAN_POINT('',(0.15,-2.72));
#1763 = ( GEOMETRIC_REPRESENTATION_CONTEXT(2) 
PARAMETRIC_REPRESENTATION_CONTEXT() REPRESENTATION_CONTEXT('2D SPACE',''
  ) );
#1764 = FACE_BOUND('',#1765,.F.);
#1765 = EDGE_LOOP('',(#1766,#1794,#1820,#1846));
#1766 = ORIENTED_EDGE('',*,*,#1767,.T.);
#1767 = EDGE_CURVE('',#1768,#1770,#1772,.T.);
#1768 = VERTEX_POINT('',#1769);
#1769 = CARTESIAN_POINT('',(1.335,29.37,2.9));
#1770 = VERTEX_POINT('',#1771);
#1771 = CARTESIAN_POINT('',(-10.025,29.37,2.9));
#1772 = SURFACE_CURVE('',#1773,(#1777,#1783),.PCURVE_S1.);
#1773 = LINE('',#1774,#1775);
#1774 = CARTESIAN_POINT('',(-27.7625,29.37,2.9));
#1775 = VECTOR('',#1776,1.);
#1776 = DIRECTION('',(-1.,0.,0.));
#1777 = PCURVE('',#72,#1778);
#1778 = DEFINITIONAL_REPRESENTATION('',(#1779),#1782);
#1779 = B_SPLINE_CURVE_WITH_KNOTS('',1,(#1780,#1781),.UNSPECIFIED.,.F.,
  .F.,(2,2),(-29.0975,-17.7375),.PIECEWISE_BEZIER_KNOTS.);
#1780 = CARTESIAN_POINT('',(46.835,80.62));
#1781 = CARTESIAN_POINT('',(35.475,80.62));
#1782 = ( GEOMETRIC_REPRESENTATION_CONTEXT(2) 
PARAMETRIC_REPRESENTATION_CONTEXT() REPRESENTATION_CONTEXT('2D SPACE',''
  ) );
#1783 = PCURVE('',#1784,#1789);
#1784 = PLANE('',#1785);
#1785 = AXIS2_PLACEMENT_3D('',#1786,#1787,#1788);
#1786 = CARTESIAN_POINT('',(-10.025,29.37,2.75));
#1787 = DIRECTION('',(0.,1.,0.));
#1788 = DIRECTION('',(0.,0.,1.));
#1789 = DEFINITIONAL_REPRESENTATION('',(#1790),#1793);
#1790 = B_SPLINE_CURVE_WITH_KNOTS('',1,(#1791,#1792),.UNSPECIFIED.,.F.,
  .F.,(2,2),(-29.0975,-17.7375),.PIECEWISE_BEZIER_KNOTS.);
#1791 = CARTESIAN_POINT('',(0.15,11.36));
#1792 = CARTESIAN_POINT('',(0.15,0.));
#1793 = ( GEOMETRIC_REPRESENTATION_CONTEXT(2) 
PARAMETRIC_REPRESENTATION_CONTEXT() REPRESENTATION_CONTEXT('2D SPACE',''
  ) );
#1794 = ORIENTED_EDGE('',*,*,#1795,.T.);
#1795 = EDGE_CURVE('',#1770,#1796,#1798,.T.);
#1796 = VERTEX_POINT('',#1797);
#1797 = CARTESIAN_POINT('',(-10.025,32.09,2.9));
#1798 = SURFACE_CURVE('',#1799,(#1803,#1809),.PCURVE_S1.);
#1799 = LINE('',#1800,#1801);
#1800 = CARTESIAN_POINT('',(-10.025,-10.94,2.9));
#1801 = VECTOR('',#1802,1.);
#1802 = DIRECTION('',(0.,1.,0.));
#1803 = PCURVE('',#72,#1804);
#1804 = DEFINITIONAL_REPRESENTATION('',(#1805),#1808);
#1805 = B_SPLINE_CURVE_WITH_KNOTS('',1,(#1806,#1807),.UNSPECIFIED.,.F.,
  .F.,(2,2),(40.31,43.03),.PIECEWISE_BEZIER_KNOTS.);
#1806 = CARTESIAN_POINT('',(35.475,80.62));
#1807 = CARTESIAN_POINT('',(35.475,83.34));
#1808 = ( GEOMETRIC_REPRESENTATION_CONTEXT(2) 
PARAMETRIC_REPRESENTATION_CONTEXT() REPRESENTATION_CONTEXT('2D SPACE',''
  ) );
#1809 = PCURVE('',#1810,#1815);
#1810 = PLANE('',#1811);
#1811 = AXIS2_PLACEMENT_3D('',#1812,#1813,#1814);
#1812 = CARTESIAN_POINT('',(-10.025,29.37,2.75));
#1813 = DIRECTION('',(1.,0.,0.));
#1814 = DIRECTION('',(0.,0.,1.));
#1815 = DEFINITIONAL_REPRESENTATION('',(#1816),#1819);
#1816 = B_SPLINE_CURVE_WITH_KNOTS('',1,(#1817,#1818),.UNSPECIFIED.,.F.,
  .F.,(2,2),(40.31,43.03),.PIECEWISE_BEZIER_KNOTS.);
#1817 = CARTESIAN_POINT('',(0.15,0.));
#1818 = CARTESIAN_POINT('',(0.15,-2.72));
#1819 = ( GEOMETRIC_REPRESENTATION_CONTEXT(2) 
PARAMETRIC_REPRESENTATION_CONTEXT() REPRESENTATION_CONTEXT('2D SPACE',''
  ) );
#1820 = ORIENTED_EDGE('',*,*,#1821,.F.);
#1821 = EDGE_CURVE('',#1822,#1796,#1824,.T.);
#1822 = VERTEX_POINT('',#1823);
#1823 = CARTESIAN_POINT('',(1.335,32.09,2.9));
#1824 = SURFACE_CURVE('',#1825,(#1829,#1835),.PCURVE_S1.);
#1825 = LINE('',#1826,#1827);
#1826 = CARTESIAN_POINT('',(-27.7625,32.09,2.9));
#1827 = VECTOR('',#1828,1.);
#1828 = DIRECTION('',(-1.,0.,0.));
#1829 = PCURVE('',#72,#1830);
#1830 = DEFINITIONAL_REPRESENTATION('',(#1831),#1834);
#1831 = B_SPLINE_CURVE_WITH_KNOTS('',1,(#1832,#1833),.UNSPECIFIED.,.F.,
  .F.,(2,2),(-29.0975,-17.7375),.PIECEWISE_BEZIER_KNOTS.);
#1832 = CARTESIAN_POINT('',(46.835,83.34));
#1833 = CARTESIAN_POINT('',(35.475,83.34));
#1834 = ( GEOMETRIC_REPRESENTATION_CONTEXT(2) 
PARAMETRIC_REPRESENTATION_CONTEXT() REPRESENTATION_CONTEXT('2D SPACE',''
  ) );
#1835 = PCURVE('',#1836,#1841);
#1836 = PLANE('',#1837);
#1837 = AXIS2_PLACEMENT_3D('',#1838,#1839,#1840);
#1838 = CARTESIAN_POINT('',(-10.025,32.09,2.75));
#1839 = DIRECTION('',(0.,1.,0.));
#1840 = DIRECTION('',(0.,0.,1.));
#1841 = DEFINITIONAL_REPRESENTATION('',(#1842),#1845);
#1842 = B_SPLINE_CURVE_WITH_KNOTS('',1,(#1843,#1844),.UNSPECIFIED.,.F.,
  .F.,(2,2),(-29.0975,-17.7375),.PIECEWISE_BEZIER_KNOTS.);
#1843 = CARTESIAN_POINT('',(0.15,11.36));
#1844 = CARTESIAN_POINT('',(0.15,0.));
#1845 = ( GEOMETRIC_REPRESENTATION_CONTEXT(2) 
PARAMETRIC_REPRESENTATION_CONTEXT() REPRESENTATION_CONTEXT('2D SPACE',''
  ) );
#1846 = ORIENTED_EDGE('',*,*,#1847,.F.);
#1847 = EDGE_CURVE('',#1768,#1822,#1848,.T.);
#1848 = SURFACE_CURVE('',#1849,(#1853,#1859),.PCURVE_S1.);
#1849 = LINE('',#1850,#1851);
#1850 = CARTESIAN_POINT('',(1.335,-10.94,2.9));
#1851 = VECTOR('',#1852,1.);
#1852 = DIRECTION('',(0.,1.,0.));
#1853 = PCURVE('',#72,#1854);
#1854 = DEFINITIONAL_REPRESENTATION('',(#1855),#1858);
#1855 = B_SPLINE_CURVE_WITH_KNOTS('',1,(#1856,#1857),.UNSPECIFIED.,.F.,
  .F.,(2,2),(40.31,43.03),.PIECEWISE_BEZIER_KNOTS.);
#1856 = CARTESIAN_POINT('',(46.835,80.62));
#1857 = CARTESIAN_POINT('',(46.835,83.34));
#1858 = ( GEOMETRIC_REPRESENTATION_CONTEXT(2) 
PARAMETRIC_REPRESENTATION_CONTEXT() REPRESENTATION_CONTEXT('2D SPACE',''
  ) );
#1859 = PCURVE('',#1860,#1865);
#1860 = PLANE('',#1861);
#1861 = AXIS2_PLACEMENT_3D('',#1862,#1863,#1864);
#1862 = CARTESIAN_POINT('',(1.335,29.37,2.75));
#1863 = DIRECTION('',(1.,0.,0.));
#1864 = DIRECTION('',(0.,0.,1.));
#1865 = DEFINITIONAL_REPRESENTATION('',(#1866),#1869);
#1866 = B_SPLINE_CURVE_WITH_KNOTS('',1,(#1867,#1868),.UNSPECIFIED.,.F.,
  .F.,(2,2),(40.31,43.03),.PIECEWISE_BEZIER_KNOTS.);
#1867 = CARTESIAN_POINT('',(0.15,0.));
#1868 = CARTESIAN_POINT('',(0.15,-2.72));
#1869 = ( GEOMETRIC_REPRESENTATION_CONTEXT(2) 
PARAMETRIC_REPRESENTATION_CONTEXT() REPRESENTATION_CONTEXT('2D SPACE',''
  ) );
#1870 = FACE_BOUND('',#1871,.F.);
#1871 = EDGE_LOOP('',(#1872,#1900,#1926,#1952,#1978,#1999,#2025,#2051,
    #2077,#2103,#2129,#2150));
#1872 = ORIENTED_EDGE('',*,*,#1873,.F.);
#1873 = EDGE_CURVE('',#1874,#1876,#1878,.T.);
#1874 = VERTEX_POINT('',#1875);
#1875 = CARTESIAN_POINT('',(-2.6,34.715,2.9));
#1876 = VERTEX_POINT('',#1877);
#1877 = CARTESIAN_POINT('',(-2.6,38.625,2.9));
#1878 = SURFACE_CURVE('',#1879,(#1883,#1889),.PCURVE_S1.);
#1879 = LINE('',#1880,#1881);
#1880 = CARTESIAN_POINT('',(-2.6,-8.2675,2.9));
#1881 = VECTOR('',#1882,1.);
#1882 = DIRECTION('',(0.,1.,0.));
#1883 = PCURVE('',#72,#1884);
#1884 = DEFINITIONAL_REPRESENTATION('',(#1885),#1888);
#1885 = B_SPLINE_CURVE_WITH_KNOTS('',1,(#1886,#1887),.UNSPECIFIED.,.F.,
  .F.,(2,2),(42.9825,55.1825),.PIECEWISE_BEZIER_KNOTS.);
#1886 = CARTESIAN_POINT('',(42.9,85.965));
#1887 = CARTESIAN_POINT('',(42.9,98.165));
#1888 = ( GEOMETRIC_REPRESENTATION_CONTEXT(2) 
PARAMETRIC_REPRESENTATION_CONTEXT() REPRESENTATION_CONTEXT('2D SPACE',''
  ) );
#1889 = PCURVE('',#1890,#1895);
#1890 = PLANE('',#1891);
#1891 = AXIS2_PLACEMENT_3D('',#1892,#1893,#1894);
#1892 = CARTESIAN_POINT('',(-2.6,34.715,2.4));
#1893 = DIRECTION('',(1.,0.,0.));
#1894 = DIRECTION('',(0.,0.,1.));
#1895 = DEFINITIONAL_REPRESENTATION('',(#1896),#1899);
#1896 = B_SPLINE_CURVE_WITH_KNOTS('',1,(#1897,#1898),.UNSPECIFIED.,.F.,
  .F.,(2,2),(42.9825,55.1825),.PIECEWISE_BEZIER_KNOTS.);
#1897 = CARTESIAN_POINT('',(0.5,0.));
#1898 = CARTESIAN_POINT('',(0.5,-12.2));
#1899 = ( GEOMETRIC_REPRESENTATION_CONTEXT(2) 
PARAMETRIC_REPRESENTATION_CONTEXT() REPRESENTATION_CONTEXT('2D SPACE',''
  ) );
#1900 = ORIENTED_EDGE('',*,*,#1901,.T.);
#1901 = EDGE_CURVE('',#1874,#1902,#1904,.T.);
#1902 = VERTEX_POINT('',#1903);
#1903 = CARTESIAN_POINT('',(-33.8,34.715,2.9));
#1904 = SURFACE_CURVE('',#1905,(#1909,#1915),.PCURVE_S1.);
#1905 = LINE('',#1906,#1907);
#1906 = CARTESIAN_POINT('',(-39.65,34.715,2.9));
#1907 = VECTOR('',#1908,1.);
#1908 = DIRECTION('',(-1.,0.,0.));
#1909 = PCURVE('',#72,#1910);
#1910 = DEFINITIONAL_REPRESENTATION('',(#1911),#1914);
#1911 = B_SPLINE_CURVE_WITH_KNOTS('',1,(#1912,#1913),.UNSPECIFIED.,.F.,
  .F.,(2,2),(-37.05,-5.85),.PIECEWISE_BEZIER_KNOTS.);
#1912 = CARTESIAN_POINT('',(42.9,85.965));
#1913 = CARTESIAN_POINT('',(11.7,85.965));
#1914 = ( GEOMETRIC_REPRESENTATION_CONTEXT(2) 
PARAMETRIC_REPRESENTATION_CONTEXT() REPRESENTATION_CONTEXT('2D SPACE',''
  ) );
#1915 = PCURVE('',#1916,#1921);
#1916 = PLANE('',#1917);
#1917 = AXIS2_PLACEMENT_3D('',#1918,#1919,#1920);
#1918 = CARTESIAN_POINT('',(-33.8,34.715,2.4));
#1919 = DIRECTION('',(0.,1.,0.));
#1920 = DIRECTION('',(0.,0.,1.));
#1921 = DEFINITIONAL_REPRESENTATION('',(#1922),#1925);
#1922 = B_SPLINE_CURVE_WITH_KNOTS('',1,(#1923,#1924),.UNSPECIFIED.,.F.,
  .F.,(2,2),(-37.05,-5.85),.PIECEWISE_BEZIER_KNOTS.);
#1923 = CARTESIAN_POINT('',(0.5,31.2));
#1924 = CARTESIAN_POINT('',(0.5,0.));
#1925 = ( GEOMETRIC_REPRESENTATION_CONTEXT(2) 
PARAMETRIC_REPRESENTATION_CONTEXT() REPRESENTATION_CONTEXT('2D SPACE',''
  ) );
#1926 = ORIENTED_EDGE('',*,*,#1927,.T.);
#1927 = EDGE_CURVE('',#1902,#1928,#1930,.T.);
#1928 = VERTEX_POINT('',#1929);
#1929 = CARTESIAN_POINT('',(-33.8,46.915,2.9));
#1930 = SURFACE_CURVE('',#1931,(#1935,#1941),.PCURVE_S1.);
#1931 = LINE('',#1932,#1933);
#1932 = CARTESIAN_POINT('',(-33.8,-8.2675,2.9));
#1933 = VECTOR('',#1934,1.);
#1934 = DIRECTION('',(0.,1.,0.));
#1935 = PCURVE('',#72,#1936);
#1936 = DEFINITIONAL_REPRESENTATION('',(#1937),#1940);
#1937 = B_SPLINE_CURVE_WITH_KNOTS('',1,(#1938,#1939),.UNSPECIFIED.,.F.,
  .F.,(2,2),(42.9825,55.1825),.PIECEWISE_BEZIER_KNOTS.);
#1938 = CARTESIAN_POINT('',(11.7,85.965));
#1939 = CARTESIAN_POINT('',(11.7,98.165));
#1940 = ( GEOMETRIC_REPRESENTATION_CONTEXT(2) 
PARAMETRIC_REPRESENTATION_CONTEXT() REPRESENTATION_CONTEXT('2D SPACE',''
  ) );
#1941 = PCURVE('',#1942,#1947);
#1942 = PLANE('',#1943);
#1943 = AXIS2_PLACEMENT_3D('',#1944,#1945,#1946);
#1944 = CARTESIAN_POINT('',(-33.8,34.715,2.4));
#1945 = DIRECTION('',(1.,0.,0.));
#1946 = DIRECTION('',(0.,0.,1.));
#1947 = DEFINITIONAL_REPRESENTATION('',(#1948),#1951);
#1948 = B_SPLINE_CURVE_WITH_KNOTS('',1,(#1949,#1950),.UNSPECIFIED.,.F.,
  .F.,(2,2),(42.9825,55.1825),.PIECEWISE_BEZIER_KNOTS.);
#1949 = CARTESIAN_POINT('',(0.5,0.));
#1950 = CARTESIAN_POINT('',(0.5,-12.2));
#1951 = ( GEOMETRIC_REPRESENTATION_CONTEXT(2) 
PARAMETRIC_REPRESENTATION_CONTEXT() REPRESENTATION_CONTEXT('2D SPACE',''
  ) );
#1952 = ORIENTED_EDGE('',*,*,#1953,.F.);
#1953 = EDGE_CURVE('',#1954,#1928,#1956,.T.);
#1954 = VERTEX_POINT('',#1955);
#1955 = CARTESIAN_POINT('',(-2.6,46.915,2.9));
#1956 = SURFACE_CURVE('',#1957,(#1961,#1967),.PCURVE_S1.);
#1957 = LINE('',#1958,#1959);
#1958 = CARTESIAN_POINT('',(-39.65,46.915,2.9));
#1959 = VECTOR('',#1960,1.);
#1960 = DIRECTION('',(-1.,0.,0.));
#1961 = PCURVE('',#72,#1962);
#1962 = DEFINITIONAL_REPRESENTATION('',(#1963),#1966);
#1963 = B_SPLINE_CURVE_WITH_KNOTS('',1,(#1964,#1965),.UNSPECIFIED.,.F.,
  .F.,(2,2),(-37.05,-5.85),.PIECEWISE_BEZIER_KNOTS.);
#1964 = CARTESIAN_POINT('',(42.9,98.165));
#1965 = CARTESIAN_POINT('',(11.7,98.165));
#1966 = ( GEOMETRIC_REPRESENTATION_CONTEXT(2) 
PARAMETRIC_REPRESENTATION_CONTEXT() REPRESENTATION_CONTEXT('2D SPACE',''
  ) );
#1967 = PCURVE('',#1968,#1973);
#1968 = PLANE('',#1969);
#1969 = AXIS2_PLACEMENT_3D('',#1970,#1971,#1972);
#1970 = CARTESIAN_POINT('',(-33.8,46.915,2.4));
#1971 = DIRECTION('',(0.,1.,0.));
#1972 = DIRECTION('',(0.,0.,1.));
#1973 = DEFINITIONAL_REPRESENTATION('',(#1974),#1977);
#1974 = B_SPLINE_CURVE_WITH_KNOTS('',1,(#1975,#1976),.UNSPECIFIED.,.F.,
  .F.,(2,2),(-37.05,-5.85),.PIECEWISE_BEZIER_KNOTS.);
#1975 = CARTESIAN_POINT('',(0.5,31.2));
#1976 = CARTESIAN_POINT('',(0.5,0.));
#1977 = ( GEOMETRIC_REPRESENTATION_CONTEXT(2) 
PARAMETRIC_REPRESENTATION_CONTEXT() REPRESENTATION_CONTEXT('2D SPACE',''
  ) );
#1978 = ORIENTED_EDGE('',*,*,#1979,.F.);
#1979 = EDGE_CURVE('',#1980,#1954,#1982,.T.);
#1980 = VERTEX_POINT('',#1981);
#1981 = CARTESIAN_POINT('',(-2.6,42.725,2.9));
#1982 = SURFACE_CURVE('',#1983,(#1987,#1993),.PCURVE_S1.);
#1983 = LINE('',#1984,#1985);
#1984 = CARTESIAN_POINT('',(-2.6,-8.2675,2.9));
#1985 = VECTOR('',#1986,1.);
#1986 = DIRECTION('',(0.,1.,0.));
#1987 = PCURVE('',#72,#1988);
#1988 = DEFINITIONAL_REPRESENTATION('',(#1989),#1992);
#1989 = B_SPLINE_CURVE_WITH_KNOTS('',1,(#1990,#1991),.UNSPECIFIED.,.F.,
  .F.,(2,2),(42.9825,55.1825),.PIECEWISE_BEZIER_KNOTS.);
#1990 = CARTESIAN_POINT('',(42.9,85.965));
#1991 = CARTESIAN_POINT('',(42.9,98.165));
#1992 = ( GEOMETRIC_REPRESENTATION_CONTEXT(2) 
PARAMETRIC_REPRESENTATION_CONTEXT() REPRESENTATION_CONTEXT('2D SPACE',''
  ) );
#1993 = PCURVE('',#1890,#1994);
#1994 = DEFINITIONAL_REPRESENTATION('',(#1995),#1998);
#1995 = B_SPLINE_CURVE_WITH_KNOTS('',1,(#1996,#1997),.UNSPECIFIED.,.F.,
  .F.,(2,2),(42.9825,55.1825),.PIECEWISE_BEZIER_KNOTS.);
#1996 = CARTESIAN_POINT('',(0.5,0.));
#1997 = CARTESIAN_POINT('',(0.5,-12.2));
#1998 = ( GEOMETRIC_REPRESENTATION_CONTEXT(2) 
PARAMETRIC_REPRESENTATION_CONTEXT() REPRESENTATION_CONTEXT('2D SPACE',''
  ) );
#1999 = ORIENTED_EDGE('',*,*,#2000,.F.);
#2000 = EDGE_CURVE('',#2001,#1980,#2003,.T.);
#2001 = VERTEX_POINT('',#2002);
#2002 = CARTESIAN_POINT('',(-1.3,42.725,2.9));
#2003 = SURFACE_CURVE('',#2004,(#2008,#2014),.PCURVE_S1.);
#2004 = LINE('',#2005,#2006);
#2005 = CARTESIAN_POINT('',(-24.425,42.725,2.9));
#2006 = VECTOR('',#2007,1.);
#2007 = DIRECTION('',(-1.,0.,0.));
#2008 = PCURVE('',#72,#2009);
#2009 = DEFINITIONAL_REPRESENTATION('',(#2010),#2013);
#2010 = B_SPLINE_CURVE_WITH_KNOTS('',1,(#2011,#2012),.UNSPECIFIED.,.F.,
  .F.,(2,2),(-24.175,-21.075),.PIECEWISE_BEZIER_KNOTS.);
#2011 = CARTESIAN_POINT('',(45.25,93.975));
#2012 = CARTESIAN_POINT('',(42.15,93.975));
#2013 = ( GEOMETRIC_REPRESENTATION_CONTEXT(2) 
PARAMETRIC_REPRESENTATION_CONTEXT() REPRESENTATION_CONTEXT('2D SPACE',''
  ) );
#2014 = PCURVE('',#2015,#2020);
#2015 = PLANE('',#2016);
#2016 = AXIS2_PLACEMENT_3D('',#2017,#2018,#2019);
#2017 = CARTESIAN_POINT('',(-3.35,42.725,2.75));
#2018 = DIRECTION('',(0.,1.,0.));
#2019 = DIRECTION('',(0.,0.,1.));
#2020 = DEFINITIONAL_REPRESENTATION('',(#2021),#2024);
#2021 = B_SPLINE_CURVE_WITH_KNOTS('',1,(#2022,#2023),.UNSPECIFIED.,.F.,
  .F.,(2,2),(-24.175,-21.075),.PIECEWISE_BEZIER_KNOTS.);
#2022 = CARTESIAN_POINT('',(0.15,3.1));
#2023 = CARTESIAN_POINT('',(0.15,0.));
#2024 = ( GEOMETRIC_REPRESENTATION_CONTEXT(2) 
PARAMETRIC_REPRESENTATION_CONTEXT() REPRESENTATION_CONTEXT('2D SPACE',''
  ) );
#2025 = ORIENTED_EDGE('',*,*,#2026,.T.);
#2026 = EDGE_CURVE('',#2001,#2027,#2029,.T.);
#2027 = VERTEX_POINT('',#2028);
#2028 = CARTESIAN_POINT('',(-1.3,45.995,2.9));
#2029 = SURFACE_CURVE('',#2030,(#2034,#2040),.PCURVE_S1.);
#2030 = LINE('',#2031,#2032);
#2031 = CARTESIAN_POINT('',(-1.3,-8.0575,2.9));
#2032 = VECTOR('',#2033,1.);
#2033 = DIRECTION('',(0.,1.,0.));
#2034 = PCURVE('',#72,#2035);
#2035 = DEFINITIONAL_REPRESENTATION('',(#2036),#2039);
#2036 = B_SPLINE_CURVE_WITH_KNOTS('',1,(#2037,#2038),.UNSPECIFIED.,.F.,
  .F.,(2,2),(43.1925,54.0525),.PIECEWISE_BEZIER_KNOTS.);
#2037 = CARTESIAN_POINT('',(44.2,86.385));
#2038 = CARTESIAN_POINT('',(44.2,97.245));
#2039 = ( GEOMETRIC_REPRESENTATION_CONTEXT(2) 
PARAMETRIC_REPRESENTATION_CONTEXT() REPRESENTATION_CONTEXT('2D SPACE',''
  ) );
#2040 = PCURVE('',#2041,#2046);
#2041 = PLANE('',#2042);
#2042 = AXIS2_PLACEMENT_3D('',#2043,#2044,#2045);
#2043 = CARTESIAN_POINT('',(-1.3,35.135,2.75));
#2044 = DIRECTION('',(1.,0.,0.));
#2045 = DIRECTION('',(0.,0.,1.));
#2046 = DEFINITIONAL_REPRESENTATION('',(#2047),#2050);
#2047 = B_SPLINE_CURVE_WITH_KNOTS('',1,(#2048,#2049),.UNSPECIFIED.,.F.,
  .F.,(2,2),(43.1925,54.0525),.PIECEWISE_BEZIER_KNOTS.);
#2048 = CARTESIAN_POINT('',(0.15,0.));
#2049 = CARTESIAN_POINT('',(0.15,-10.86));
#2050 = ( GEOMETRIC_REPRESENTATION_CONTEXT(2) 
PARAMETRIC_REPRESENTATION_CONTEXT() REPRESENTATION_CONTEXT('2D SPACE',''
  ) );
#2051 = ORIENTED_EDGE('',*,*,#2052,.F.);
#2052 = EDGE_CURVE('',#2053,#2027,#2055,.T.);
#2053 = VERTEX_POINT('',#2054);
#2054 = CARTESIAN_POINT('',(1.9,45.995,2.9));
#2055 = SURFACE_CURVE('',#2056,(#2060,#2066),.PCURVE_S1.);
#2056 = LINE('',#2057,#2058);
#2057 = CARTESIAN_POINT('',(-23.4,45.995,2.9));
#2058 = VECTOR('',#2059,1.);
#2059 = DIRECTION('',(-1.,0.,0.));
#2060 = PCURVE('',#72,#2061);
#2061 = DEFINITIONAL_REPRESENTATION('',(#2062),#2065);
#2062 = B_SPLINE_CURVE_WITH_KNOTS('',1,(#2063,#2064),.UNSPECIFIED.,.F.,
  .F.,(2,2),(-25.3,-22.1),.PIECEWISE_BEZIER_KNOTS.);
#2063 = CARTESIAN_POINT('',(47.4,97.245));
#2064 = CARTESIAN_POINT('',(44.2,97.245));
#2065 = ( GEOMETRIC_REPRESENTATION_CONTEXT(2) 
PARAMETRIC_REPRESENTATION_CONTEXT() REPRESENTATION_CONTEXT('2D SPACE',''
  ) );
#2066 = PCURVE('',#2067,#2072);
#2067 = PLANE('',#2068);
#2068 = AXIS2_PLACEMENT_3D('',#2069,#2070,#2071);
#2069 = CARTESIAN_POINT('',(-1.3,45.995,2.75));
#2070 = DIRECTION('',(0.,1.,0.));
#2071 = DIRECTION('',(0.,0.,1.));
#2072 = DEFINITIONAL_REPRESENTATION('',(#2073),#2076);
#2073 = B_SPLINE_CURVE_WITH_KNOTS('',1,(#2074,#2075),.UNSPECIFIED.,.F.,
  .F.,(2,2),(-25.3,-22.1),.PIECEWISE_BEZIER_KNOTS.);
#2074 = CARTESIAN_POINT('',(0.15,3.2));
#2075 = CARTESIAN_POINT('',(0.15,0.));
#2076 = ( GEOMETRIC_REPRESENTATION_CONTEXT(2) 
PARAMETRIC_REPRESENTATION_CONTEXT() REPRESENTATION_CONTEXT('2D SPACE',''
  ) );
#2077 = ORIENTED_EDGE('',*,*,#2078,.F.);
#2078 = EDGE_CURVE('',#2079,#2053,#2081,.T.);
#2079 = VERTEX_POINT('',#2080);
#2080 = CARTESIAN_POINT('',(1.9,35.135,2.9));
#2081 = SURFACE_CURVE('',#2082,(#2086,#2092),.PCURVE_S1.);
#2082 = LINE('',#2083,#2084);
#2083 = CARTESIAN_POINT('',(1.9,-8.0575,2.9));
#2084 = VECTOR('',#2085,1.);
#2085 = DIRECTION('',(0.,1.,0.));
#2086 = PCURVE('',#72,#2087);
#2087 = DEFINITIONAL_REPRESENTATION('',(#2088),#2091);
#2088 = B_SPLINE_CURVE_WITH_KNOTS('',1,(#2089,#2090),.UNSPECIFIED.,.F.,
  .F.,(2,2),(43.1925,54.0525),.PIECEWISE_BEZIER_KNOTS.);
#2089 = CARTESIAN_POINT('',(47.4,86.385));
#2090 = CARTESIAN_POINT('',(47.4,97.245));
#2091 = ( GEOMETRIC_REPRESENTATION_CONTEXT(2) 
PARAMETRIC_REPRESENTATION_CONTEXT() REPRESENTATION_CONTEXT('2D SPACE',''
  ) );
#2092 = PCURVE('',#2093,#2098);
#2093 = PLANE('',#2094);
#2094 = AXIS2_PLACEMENT_3D('',#2095,#2096,#2097);
#2095 = CARTESIAN_POINT('',(1.9,35.135,2.75));
#2096 = DIRECTION('',(1.,0.,0.));
#2097 = DIRECTION('',(0.,0.,1.));
#2098 = DEFINITIONAL_REPRESENTATION('',(#2099),#2102);
#2099 = B_SPLINE_CURVE_WITH_KNOTS('',1,(#2100,#2101),.UNSPECIFIED.,.F.,
  .F.,(2,2),(43.1925,54.0525),.PIECEWISE_BEZIER_KNOTS.);
#2100 = CARTESIAN_POINT('',(0.15,0.));
#2101 = CARTESIAN_POINT('',(0.15,-10.86));
#2102 = ( GEOMETRIC_REPRESENTATION_CONTEXT(2) 
PARAMETRIC_REPRESENTATION_CONTEXT() REPRESENTATION_CONTEXT('2D SPACE',''
  ) );
#2103 = ORIENTED_EDGE('',*,*,#2104,.T.);
#2104 = EDGE_CURVE('',#2079,#2105,#2107,.T.);
#2105 = VERTEX_POINT('',#2106);
#2106 = CARTESIAN_POINT('',(-1.3,35.135,2.9));
#2107 = SURFACE_CURVE('',#2108,(#2112,#2118),.PCURVE_S1.);
#2108 = LINE('',#2109,#2110);
#2109 = CARTESIAN_POINT('',(-23.4,35.135,2.9));
#2110 = VECTOR('',#2111,1.);
#2111 = DIRECTION('',(-1.,0.,0.));
#2112 = PCURVE('',#72,#2113);
#2113 = DEFINITIONAL_REPRESENTATION('',(#2114),#2117);
#2114 = B_SPLINE_CURVE_WITH_KNOTS('',1,(#2115,#2116),.UNSPECIFIED.,.F.,
  .F.,(2,2),(-25.3,-22.1),.PIECEWISE_BEZIER_KNOTS.);
#2115 = CARTESIAN_POINT('',(47.4,86.385));
#2116 = CARTESIAN_POINT('',(44.2,86.385));
#2117 = ( GEOMETRIC_REPRESENTATION_CONTEXT(2) 
PARAMETRIC_REPRESENTATION_CONTEXT() REPRESENTATION_CONTEXT('2D SPACE',''
  ) );
#2118 = PCURVE('',#2119,#2124);
#2119 = PLANE('',#2120);
#2120 = AXIS2_PLACEMENT_3D('',#2121,#2122,#2123);
#2121 = CARTESIAN_POINT('',(-1.3,35.135,2.75));
#2122 = DIRECTION('',(0.,1.,0.));
#2123 = DIRECTION('',(0.,0.,1.));
#2124 = DEFINITIONAL_REPRESENTATION('',(#2125),#2128);
#2125 = B_SPLINE_CURVE_WITH_KNOTS('',1,(#2126,#2127),.UNSPECIFIED.,.F.,
  .F.,(2,2),(-25.3,-22.1),.PIECEWISE_BEZIER_KNOTS.);
#2126 = CARTESIAN_POINT('',(0.15,3.2));
#2127 = CARTESIAN_POINT('',(0.15,0.));
#2128 = ( GEOMETRIC_REPRESENTATION_CONTEXT(2) 
PARAMETRIC_REPRESENTATION_CONTEXT() REPRESENTATION_CONTEXT('2D SPACE',''
  ) );
#2129 = ORIENTED_EDGE('',*,*,#2130,.T.);
#2130 = EDGE_CURVE('',#2105,#2131,#2133,.T.);
#2131 = VERTEX_POINT('',#2132);
#2132 = CARTESIAN_POINT('',(-1.3,38.625,2.9));
#2133 = SURFACE_CURVE('',#2134,(#2138,#2144),.PCURVE_S1.);
#2134 = LINE('',#2135,#2136);
#2135 = CARTESIAN_POINT('',(-1.3,-8.0575,2.9));
#2136 = VECTOR('',#2137,1.);
#2137 = DIRECTION('',(0.,1.,0.));
#2138 = PCURVE('',#72,#2139);
#2139 = DEFINITIONAL_REPRESENTATION('',(#2140),#2143);
#2140 = B_SPLINE_CURVE_WITH_KNOTS('',1,(#2141,#2142),.UNSPECIFIED.,.F.,
  .F.,(2,2),(43.1925,54.0525),.PIECEWISE_BEZIER_KNOTS.);
#2141 = CARTESIAN_POINT('',(44.2,86.385));
#2142 = CARTESIAN_POINT('',(44.2,97.245));
#2143 = ( GEOMETRIC_REPRESENTATION_CONTEXT(2) 
PARAMETRIC_REPRESENTATION_CONTEXT() REPRESENTATION_CONTEXT('2D SPACE',''
  ) );
#2144 = PCURVE('',#2041,#2145);
#2145 = DEFINITIONAL_REPRESENTATION('',(#2146),#2149);
#2146 = B_SPLINE_CURVE_WITH_KNOTS('',1,(#2147,#2148),.UNSPECIFIED.,.F.,
  .F.,(2,2),(43.1925,54.0525),.PIECEWISE_BEZIER_KNOTS.);
#2147 = CARTESIAN_POINT('',(0.15,0.));
#2148 = CARTESIAN_POINT('',(0.15,-10.86));
#2149 = ( GEOMETRIC_REPRESENTATION_CONTEXT(2) 
PARAMETRIC_REPRESENTATION_CONTEXT() REPRESENTATION_CONTEXT('2D SPACE',''
  ) );
#2150 = ORIENTED_EDGE('',*,*,#2151,.T.);
#2151 = EDGE_CURVE('',#2131,#1876,#2152,.T.);
#2152 = SURFACE_CURVE('',#2153,(#2157,#2163),.PCURVE_S1.);
#2153 = LINE('',#2154,#2155);
#2154 = CARTESIAN_POINT('',(-24.425,38.625,2.9));
#2155 = VECTOR('',#2156,1.);
#2156 = DIRECTION('',(-1.,0.,0.));
#2157 = PCURVE('',#72,#2158);
#2158 = DEFINITIONAL_REPRESENTATION('',(#2159),#2162);
#2159 = B_SPLINE_CURVE_WITH_KNOTS('',1,(#2160,#2161),.UNSPECIFIED.,.F.,
  .F.,(2,2),(-24.175,-21.075),.PIECEWISE_BEZIER_KNOTS.);
#2160 = CARTESIAN_POINT('',(45.25,89.875));
#2161 = CARTESIAN_POINT('',(42.15,89.875));
#2162 = ( GEOMETRIC_REPRESENTATION_CONTEXT(2) 
PARAMETRIC_REPRESENTATION_CONTEXT() REPRESENTATION_CONTEXT('2D SPACE',''
  ) );
#2163 = PCURVE('',#2164,#2169);
#2164 = PLANE('',#2165);
#2165 = AXIS2_PLACEMENT_3D('',#2166,#2167,#2168);
#2166 = CARTESIAN_POINT('',(-3.35,38.625,2.75));
#2167 = DIRECTION('',(0.,1.,0.));
#2168 = DIRECTION('',(0.,0.,1.));
#2169 = DEFINITIONAL_REPRESENTATION('',(#2170),#2173);
#2170 = B_SPLINE_CURVE_WITH_KNOTS('',1,(#2171,#2172),.UNSPECIFIED.,.F.,
  .F.,(2,2),(-24.175,-21.075),.PIECEWISE_BEZIER_KNOTS.);
#2171 = CARTESIAN_POINT('',(0.15,3.1));
#2172 = CARTESIAN_POINT('',(0.15,0.));
#2173 = ( GEOMETRIC_REPRESENTATION_CONTEXT(2) 
PARAMETRIC_REPRESENTATION_CONTEXT() REPRESENTATION_CONTEXT('2D SPACE',''
  ) );
#2174 = FACE_BOUND('',#2175,.F.);
#2175 = EDGE_LOOP('',(#2176,#2204,#2230,#2256));
#2176 = ORIENTED_EDGE('',*,*,#2177,.T.);
#2177 = EDGE_CURVE('',#2178,#2180,#2182,.T.);
#2178 = VERTEX_POINT('',#2179);
#2179 = CARTESIAN_POINT('',(7.1,7.68,2.9));
#2180 = VERTEX_POINT('',#2181);
#2181 = CARTESIAN_POINT('',(-7.1,7.68,2.9));
#2182 = SURFACE_CURVE('',#2183,(#2187,#2193),.PCURVE_S1.);
#2183 = LINE('',#2184,#2185);
#2184 = CARTESIAN_POINT('',(-26.3,7.68,2.9));
#2185 = VECTOR('',#2186,1.);
#2186 = DIRECTION('',(-1.,0.,0.));
#2187 = PCURVE('',#72,#2188);
#2188 = DEFINITIONAL_REPRESENTATION('',(#2189),#2192);
#2189 = B_SPLINE_CURVE_WITH_KNOTS('',1,(#2190,#2191),.UNSPECIFIED.,.F.,
  .F.,(2,2),(-33.4,-19.2),.PIECEWISE_BEZIER_KNOTS.);
#2190 = CARTESIAN_POINT('',(52.6,58.93));
#2191 = CARTESIAN_POINT('',(38.4,58.93));
#2192 = ( GEOMETRIC_REPRESENTATION_CONTEXT(2) 
PARAMETRIC_REPRESENTATION_CONTEXT() REPRESENTATION_CONTEXT('2D SPACE',''
  ) );
#2193 = PCURVE('',#2194,#2199);
#2194 = PLANE('',#2195);
#2195 = AXIS2_PLACEMENT_3D('',#2196,#2197,#2198);
#2196 = CARTESIAN_POINT('',(-7.1,7.68,2.7));
#2197 = DIRECTION('',(0.,1.,0.));
#2198 = DIRECTION('',(0.,0.,1.));
#2199 = DEFINITIONAL_REPRESENTATION('',(#2200),#2203);
#2200 = B_SPLINE_CURVE_WITH_KNOTS('',1,(#2201,#2202),.UNSPECIFIED.,.F.,
  .F.,(2,2),(-33.4,-19.2),.PIECEWISE_BEZIER_KNOTS.);
#2201 = CARTESIAN_POINT('',(0.2,14.2));
#2202 = CARTESIAN_POINT('',(0.2,0.));
#2203 = ( GEOMETRIC_REPRESENTATION_CONTEXT(2) 
PARAMETRIC_REPRESENTATION_CONTEXT() REPRESENTATION_CONTEXT('2D SPACE',''
  ) );
#2204 = ORIENTED_EDGE('',*,*,#2205,.T.);
#2205 = EDGE_CURVE('',#2180,#2206,#2208,.T.);
#2206 = VERTEX_POINT('',#2207);
#2207 = CARTESIAN_POINT('',(-7.1,21.88,2.9));
#2208 = SURFACE_CURVE('',#2209,(#2213,#2219),.PCURVE_S1.);
#2209 = LINE('',#2210,#2211);
#2210 = CARTESIAN_POINT('',(-7.1,-21.785,2.9));
#2211 = VECTOR('',#2212,1.);
#2212 = DIRECTION('',(0.,1.,0.));
#2213 = PCURVE('',#72,#2214);
#2214 = DEFINITIONAL_REPRESENTATION('',(#2215),#2218);
#2215 = B_SPLINE_CURVE_WITH_KNOTS('',1,(#2216,#2217),.UNSPECIFIED.,.F.,
  .F.,(2,2),(29.465,43.665),.PIECEWISE_BEZIER_KNOTS.);
#2216 = CARTESIAN_POINT('',(38.4,58.93));
#2217 = CARTESIAN_POINT('',(38.4,73.13));
#2218 = ( GEOMETRIC_REPRESENTATION_CONTEXT(2) 
PARAMETRIC_REPRESENTATION_CONTEXT() REPRESENTATION_CONTEXT('2D SPACE',''
  ) );
#2219 = PCURVE('',#2220,#2225);
#2220 = PLANE('',#2221);
#2221 = AXIS2_PLACEMENT_3D('',#2222,#2223,#2224);
#2222 = CARTESIAN_POINT('',(-7.1,7.68,2.7));
#2223 = DIRECTION('',(1.,0.,0.));
#2224 = DIRECTION('',(0.,0.,1.));
#2225 = DEFINITIONAL_REPRESENTATION('',(#2226),#2229);
#2226 = B_SPLINE_CURVE_WITH_KNOTS('',1,(#2227,#2228),.UNSPECIFIED.,.F.,
  .F.,(2,2),(29.465,43.665),.PIECEWISE_BEZIER_KNOTS.);
#2227 = CARTESIAN_POINT('',(0.2,0.));
#2228 = CARTESIAN_POINT('',(0.2,-14.2));
#2229 = ( GEOMETRIC_REPRESENTATION_CONTEXT(2) 
PARAMETRIC_REPRESENTATION_CONTEXT() REPRESENTATION_CONTEXT('2D SPACE',''
  ) );
#2230 = ORIENTED_EDGE('',*,*,#2231,.F.);
#2231 = EDGE_CURVE('',#2232,#2206,#2234,.T.);
#2232 = VERTEX_POINT('',#2233);
#2233 = CARTESIAN_POINT('',(7.1,21.88,2.9));
#2234 = SURFACE_CURVE('',#2235,(#2239,#2245),.PCURVE_S1.);
#2235 = LINE('',#2236,#2237);
#2236 = CARTESIAN_POINT('',(-26.3,21.88,2.9));
#2237 = VECTOR('',#2238,1.);
#2238 = DIRECTION('',(-1.,0.,0.));
#2239 = PCURVE('',#72,#2240);
#2240 = DEFINITIONAL_REPRESENTATION('',(#2241),#2244);
#2241 = B_SPLINE_CURVE_WITH_KNOTS('',1,(#2242,#2243),.UNSPECIFIED.,.F.,
  .F.,(2,2),(-33.4,-19.2),.PIECEWISE_BEZIER_KNOTS.);
#2242 = CARTESIAN_POINT('',(52.6,73.13));
#2243 = CARTESIAN_POINT('',(38.4,73.13));
#2244 = ( GEOMETRIC_REPRESENTATION_CONTEXT(2) 
PARAMETRIC_REPRESENTATION_CONTEXT() REPRESENTATION_CONTEXT('2D SPACE',''
  ) );
#2245 = PCURVE('',#2246,#2251);
#2246 = PLANE('',#2247);
#2247 = AXIS2_PLACEMENT_3D('',#2248,#2249,#2250);
#2248 = CARTESIAN_POINT('',(-7.1,21.88,2.7));
#2249 = DIRECTION('',(0.,1.,0.));
#2250 = DIRECTION('',(0.,0.,1.));
#2251 = DEFINITIONAL_REPRESENTATION('',(#2252),#2255);
#2252 = B_SPLINE_CURVE_WITH_KNOTS('',1,(#2253,#2254),.UNSPECIFIED.,.F.,
  .F.,(2,2),(-33.4,-19.2),.PIECEWISE_BEZIER_KNOTS.);
#2253 = CARTESIAN_POINT('',(0.2,14.2));
#2254 = CARTESIAN_POINT('',(0.2,0.));
#2255 = ( GEOMETRIC_REPRESENTATION_CONTEXT(2) 
PARAMETRIC_REPRESENTATION_CONTEXT() REPRESENTATION_CONTEXT('2D SPACE',''
  ) );
#2256 = ORIENTED_EDGE('',*,*,#2257,.F.);
#2257 = EDGE_CURVE('',#2178,#2232,#2258,.T.);
#2258 = SURFACE_CURVE('',#2259,(#2263,#2269),.PCURVE_S1.);
#2259 = LINE('',#2260,#2261);
#2260 = CARTESIAN_POINT('',(7.1,-21.785,2.9));
#2261 = VECTOR('',#2262,1.);
#2262 = DIRECTION('',(0.,1.,0.));
#2263 = PCURVE('',#72,#2264);
#2264 = DEFINITIONAL_REPRESENTATION('',(#2265),#2268);
#2265 = B_SPLINE_CURVE_WITH_KNOTS('',1,(#2266,#2267),.UNSPECIFIED.,.F.,
  .F.,(2,2),(29.465,43.665),.PIECEWISE_BEZIER_KNOTS.);
#2266 = CARTESIAN_POINT('',(52.6,58.93));
#2267 = CARTESIAN_POINT('',(52.6,73.13));
#2268 = ( GEOMETRIC_REPRESENTATION_CONTEXT(2) 
PARAMETRIC_REPRESENTATION_CONTEXT() REPRESENTATION_CONTEXT('2D SPACE',''
  ) );
#2269 = PCURVE('',#2270,#2275);
#2270 = PLANE('',#2271);
#2271 = AXIS2_PLACEMENT_3D('',#2272,#2273,#2274);
#2272 = CARTESIAN_POINT('',(7.1,7.68,2.7));
#2273 = DIRECTION('',(1.,0.,0.));
#2274 = DIRECTION('',(0.,0.,1.));
#2275 = DEFINITIONAL_REPRESENTATION('',(#2276),#2279);
#2276 = B_SPLINE_CURVE_WITH_KNOTS('',1,(#2277,#2278),.UNSPECIFIED.,.F.,
  .F.,(2,2),(29.465,43.665),.PIECEWISE_BEZIER_KNOTS.);
#2277 = CARTESIAN_POINT('',(0.2,0.));
#2278 = CARTESIAN_POINT('',(0.2,-14.2));
#2279 = ( GEOMETRIC_REPRESENTATION_CONTEXT(2) 
PARAMETRIC_REPRESENTATION_CONTEXT() REPRESENTATION_CONTEXT('2D SPACE',''
  ) );
#2280 = FACE_BOUND('',#2281,.F.);
#2281 = EDGE_LOOP('',(#2282,#2310,#2336,#2362));
#2282 = ORIENTED_EDGE('',*,*,#2283,.T.);
#2283 = EDGE_CURVE('',#2284,#2286,#2288,.T.);
#2284 = VERTEX_POINT('',#2285);
#2285 = CARTESIAN_POINT('',(26.15,7.68,2.9));
#2286 = VERTEX_POINT('',#2287);
#2287 = CARTESIAN_POINT('',(11.95,7.68,2.9));
#2288 = SURFACE_CURVE('',#2289,(#2293,#2299),.PCURVE_S1.);
#2289 = LINE('',#2290,#2291);
#2290 = CARTESIAN_POINT('',(-16.775,7.68,2.9));
#2291 = VECTOR('',#2292,1.);
#2292 = DIRECTION('',(-1.,0.,0.));
#2293 = PCURVE('',#72,#2294);
#2294 = DEFINITIONAL_REPRESENTATION('',(#2295),#2298);
#2295 = B_SPLINE_CURVE_WITH_KNOTS('',1,(#2296,#2297),.UNSPECIFIED.,.F.,
  .F.,(2,2),(-42.925,-28.725),.PIECEWISE_BEZIER_KNOTS.);
#2296 = CARTESIAN_POINT('',(71.65,58.93));
#2297 = CARTESIAN_POINT('',(57.45,58.93));
#2298 = ( GEOMETRIC_REPRESENTATION_CONTEXT(2) 
PARAMETRIC_REPRESENTATION_CONTEXT() REPRESENTATION_CONTEXT('2D SPACE',''
  ) );
#2299 = PCURVE('',#2300,#2305);
#2300 = PLANE('',#2301);
#2301 = AXIS2_PLACEMENT_3D('',#2302,#2303,#2304);
#2302 = CARTESIAN_POINT('',(11.95,7.68,2.7));
#2303 = DIRECTION('',(0.,1.,0.));
#2304 = DIRECTION('',(0.,0.,1.));
#2305 = DEFINITIONAL_REPRESENTATION('',(#2306),#2309);
#2306 = B_SPLINE_CURVE_WITH_KNOTS('',1,(#2307,#2308),.UNSPECIFIED.,.F.,
  .F.,(2,2),(-42.925,-28.725),.PIECEWISE_BEZIER_KNOTS.);
#2307 = CARTESIAN_POINT('',(0.2,14.2));
#2308 = CARTESIAN_POINT('',(0.2,0.));
#2309 = ( GEOMETRIC_REPRESENTATION_CONTEXT(2) 
PARAMETRIC_REPRESENTATION_CONTEXT() REPRESENTATION_CONTEXT('2D SPACE',''
  ) );
#2310 = ORIENTED_EDGE('',*,*,#2311,.T.);
#2311 = EDGE_CURVE('',#2286,#2312,#2314,.T.);
#2312 = VERTEX_POINT('',#2313);
#2313 = CARTESIAN_POINT('',(11.95,21.88,2.9));
#2314 = SURFACE_CURVE('',#2315,(#2319,#2325),.PCURVE_S1.);
#2315 = LINE('',#2316,#2317);
#2316 = CARTESIAN_POINT('',(11.95,-21.785,2.9));
#2317 = VECTOR('',#2318,1.);
#2318 = DIRECTION('',(0.,1.,0.));
#2319 = PCURVE('',#72,#2320);
#2320 = DEFINITIONAL_REPRESENTATION('',(#2321),#2324);
#2321 = B_SPLINE_CURVE_WITH_KNOTS('',1,(#2322,#2323),.UNSPECIFIED.,.F.,
  .F.,(2,2),(29.465,43.665),.PIECEWISE_BEZIER_KNOTS.);
#2322 = CARTESIAN_POINT('',(57.45,58.93));
#2323 = CARTESIAN_POINT('',(57.45,73.13));
#2324 = ( GEOMETRIC_REPRESENTATION_CONTEXT(2) 
PARAMETRIC_REPRESENTATION_CONTEXT() REPRESENTATION_CONTEXT('2D SPACE',''
  ) );
#2325 = PCURVE('',#2326,#2331);
#2326 = PLANE('',#2327);
#2327 = AXIS2_PLACEMENT_3D('',#2328,#2329,#2330);
#2328 = CARTESIAN_POINT('',(11.95,7.68,2.7));
#2329 = DIRECTION('',(1.,0.,0.));
#2330 = DIRECTION('',(0.,0.,1.));
#2331 = DEFINITIONAL_REPRESENTATION('',(#2332),#2335);
#2332 = B_SPLINE_CURVE_WITH_KNOTS('',1,(#2333,#2334),.UNSPECIFIED.,.F.,
  .F.,(2,2),(29.465,43.665),.PIECEWISE_BEZIER_KNOTS.);
#2333 = CARTESIAN_POINT('',(0.2,0.));
#2334 = CARTESIAN_POINT('',(0.2,-14.2));
#2335 = ( GEOMETRIC_REPRESENTATION_CONTEXT(2) 
PARAMETRIC_REPRESENTATION_CONTEXT() REPRESENTATION_CONTEXT('2D SPACE',''
  ) );
#2336 = ORIENTED_EDGE('',*,*,#2337,.F.);
#2337 = EDGE_CURVE('',#2338,#2312,#2340,.T.);
#2338 = VERTEX_POINT('',#2339);
#2339 = CARTESIAN_POINT('',(26.15,21.88,2.9));
#2340 = SURFACE_CURVE('',#2341,(#2345,#2351),.PCURVE_S1.);
#2341 = LINE('',#2342,#2343);
#2342 = CARTESIAN_POINT('',(-16.775,21.88,2.9));
#2343 = VECTOR('',#2344,1.);
#2344 = DIRECTION('',(-1.,0.,0.));
#2345 = PCURVE('',#72,#2346);
#2346 = DEFINITIONAL_REPRESENTATION('',(#2347),#2350);
#2347 = B_SPLINE_CURVE_WITH_KNOTS('',1,(#2348,#2349),.UNSPECIFIED.,.F.,
  .F.,(2,2),(-42.925,-28.725),.PIECEWISE_BEZIER_KNOTS.);
#2348 = CARTESIAN_POINT('',(71.65,73.13));
#2349 = CARTESIAN_POINT('',(57.45,73.13));
#2350 = ( GEOMETRIC_REPRESENTATION_CONTEXT(2) 
PARAMETRIC_REPRESENTATION_CONTEXT() REPRESENTATION_CONTEXT('2D SPACE',''
  ) );
#2351 = PCURVE('',#2352,#2357);
#2352 = PLANE('',#2353);
#2353 = AXIS2_PLACEMENT_3D('',#2354,#2355,#2356);
#2354 = CARTESIAN_POINT('',(11.95,21.88,2.7));
#2355 = DIRECTION('',(0.,1.,0.));
#2356 = DIRECTION('',(0.,0.,1.));
#2357 = DEFINITIONAL_REPRESENTATION('',(#2358),#2361);
#2358 = B_SPLINE_CURVE_WITH_KNOTS('',1,(#2359,#2360),.UNSPECIFIED.,.F.,
  .F.,(2,2),(-42.925,-28.725),.PIECEWISE_BEZIER_KNOTS.);
#2359 = CARTESIAN_POINT('',(0.2,14.2));
#2360 = CARTESIAN_POINT('',(0.2,0.));
#2361 = ( GEOMETRIC_REPRESENTATION_CONTEXT(2) 
PARAMETRIC_REPRESENTATION_CONTEXT() REPRESENTATION_CONTEXT('2D SPACE',''
  ) );
#2362 = ORIENTED_EDGE('',*,*,#2363,.F.);
#2363 = EDGE_CURVE('',#2284,#2338,#2364,.T.);
#2364 = SURFACE_CURVE('',#2365,(#2369,#2375),.PCURVE_S1.);
#2365 = LINE('',#2366,#2367);
#2366 = CARTESIAN_POINT('',(26.15,-21.785,2.9));
#2367 = VECTOR('',#2368,1.);
#2368 = DIRECTION('',(0.,1.,0.));
#2369 = PCURVE('',#72,#2370);
#2370 = DEFINITIONAL_REPRESENTATION('',(#2371),#2374);
#2371 = B_SPLINE_CURVE_WITH_KNOTS('',1,(#2372,#2373),.UNSPECIFIED.,.F.,
  .F.,(2,2),(29.465,43.665),.PIECEWISE_BEZIER_KNOTS.);
#2372 = CARTESIAN_POINT('',(71.65,58.93));
#2373 = CARTESIAN_POINT('',(71.65,73.13));
#2374 = ( GEOMETRIC_REPRESENTATION_CONTEXT(2) 
PARAMETRIC_REPRESENTATION_CONTEXT() REPRESENTATION_CONTEXT('2D SPACE',''
  ) );
#2375 = PCURVE('',#2376,#2381);
#2376 = PLANE('',#2377);
#2377 = AXIS2_PLACEMENT_3D('',#2378,#2379,#2380);
#2378 = CARTESIAN_POINT('',(26.15,7.68,2.7));
#2379 = DIRECTION('',(1.,0.,0.));
#2380 = DIRECTION('',(0.,0.,1.));
#2381 = DEFINITIONAL_REPRESENTATION('',(#2382),#2385);
#2382 = B_SPLINE_CURVE_WITH_KNOTS('',1,(#2383,#2384),.UNSPECIFIED.,.F.,
  .F.,(2,2),(29.465,43.665),.PIECEWISE_BEZIER_KNOTS.);
#2383 = CARTESIAN_POINT('',(0.2,0.));
#2384 = CARTESIAN_POINT('',(0.2,-14.2));
#2385 = ( GEOMETRIC_REPRESENTATION_CONTEXT(2) 
PARAMETRIC_REPRESENTATION_CONTEXT() REPRESENTATION_CONTEXT('2D SPACE',''
  ) );
#2386 = FACE_BOUND('',#2387,.F.);
#2387 = EDGE_LOOP('',(#2388,#2416,#2442,#2468));
#2388 = ORIENTED_EDGE('',*,*,#2389,.T.);
#2389 = EDGE_CURVE('',#2390,#2392,#2394,.T.);
#2390 = VERTEX_POINT('',#2391);
#2391 = CARTESIAN_POINT('',(37.935,0.21,2.9));
#2392 = VERTEX_POINT('',#2393);
#2393 = CARTESIAN_POINT('',(35.215,0.21,2.9));
#2394 = SURFACE_CURVE('',#2395,(#2399,#2405),.PCURVE_S1.);
#2395 = LINE('',#2396,#2397);
#2396 = CARTESIAN_POINT('',(-5.1425,0.21,2.9));
#2397 = VECTOR('',#2398,1.);
#2398 = DIRECTION('',(-1.,0.,0.));
#2399 = PCURVE('',#72,#2400);
#2400 = DEFINITIONAL_REPRESENTATION('',(#2401),#2404);
#2401 = B_SPLINE_CURVE_WITH_KNOTS('',1,(#2402,#2403),.UNSPECIFIED.,.F.,
  .F.,(2,2),(-43.0775,-40.3575),.PIECEWISE_BEZIER_KNOTS.);
#2402 = CARTESIAN_POINT('',(83.435,51.46));
#2403 = CARTESIAN_POINT('',(80.715,51.46));
#2404 = ( GEOMETRIC_REPRESENTATION_CONTEXT(2) 
PARAMETRIC_REPRESENTATION_CONTEXT() REPRESENTATION_CONTEXT('2D SPACE',''
  ) );
#2405 = PCURVE('',#2406,#2411);
#2406 = PLANE('',#2407);
#2407 = AXIS2_PLACEMENT_3D('',#2408,#2409,#2410);
#2408 = CARTESIAN_POINT('',(35.215,0.21,2.75));
#2409 = DIRECTION('',(0.,1.,0.));
#2410 = DIRECTION('',(0.,0.,1.));
#2411 = DEFINITIONAL_REPRESENTATION('',(#2412),#2415);
#2412 = B_SPLINE_CURVE_WITH_KNOTS('',1,(#2413,#2414),.UNSPECIFIED.,.F.,
  .F.,(2,2),(-43.0775,-40.3575),.PIECEWISE_BEZIER_KNOTS.);
#2413 = CARTESIAN_POINT('',(0.15,2.72));
#2414 = CARTESIAN_POINT('',(0.15,0.));
#2415 = ( GEOMETRIC_REPRESENTATION_CONTEXT(2) 
PARAMETRIC_REPRESENTATION_CONTEXT() REPRESENTATION_CONTEXT('2D SPACE',''
  ) );
#2416 = ORIENTED_EDGE('',*,*,#2417,.T.);
#2417 = EDGE_CURVE('',#2392,#2418,#2420,.T.);
#2418 = VERTEX_POINT('',#2419);
#2419 = CARTESIAN_POINT('',(35.215,11.57,2.9));
#2420 = SURFACE_CURVE('',#2421,(#2425,#2431),.PCURVE_S1.);
#2421 = LINE('',#2422,#2423);
#2422 = CARTESIAN_POINT('',(35.215,-25.52,2.9));
#2423 = VECTOR('',#2424,1.);
#2424 = DIRECTION('',(0.,1.,0.));
#2425 = PCURVE('',#72,#2426);
#2426 = DEFINITIONAL_REPRESENTATION('',(#2427),#2430);
#2427 = B_SPLINE_CURVE_WITH_KNOTS('',1,(#2428,#2429),.UNSPECIFIED.,.F.,
  .F.,(2,2),(25.73,37.09),.PIECEWISE_BEZIER_KNOTS.);
#2428 = CARTESIAN_POINT('',(80.715,51.46));
#2429 = CARTESIAN_POINT('',(80.715,62.82));
#2430 = ( GEOMETRIC_REPRESENTATION_CONTEXT(2) 
PARAMETRIC_REPRESENTATION_CONTEXT() REPRESENTATION_CONTEXT('2D SPACE',''
  ) );
#2431 = PCURVE('',#2432,#2437);
#2432 = PLANE('',#2433);
#2433 = AXIS2_PLACEMENT_3D('',#2434,#2435,#2436);
#2434 = CARTESIAN_POINT('',(35.215,0.21,2.75));
#2435 = DIRECTION('',(1.,0.,0.));
#2436 = DIRECTION('',(0.,0.,1.));
#2437 = DEFINITIONAL_REPRESENTATION('',(#2438),#2441);
#2438 = B_SPLINE_CURVE_WITH_KNOTS('',1,(#2439,#2440),.UNSPECIFIED.,.F.,
  .F.,(2,2),(25.73,37.09),.PIECEWISE_BEZIER_KNOTS.);
#2439 = CARTESIAN_POINT('',(0.15,0.));
#2440 = CARTESIAN_POINT('',(0.15,-11.36));
#2441 = ( GEOMETRIC_REPRESENTATION_CONTEXT(2) 
PARAMETRIC_REPRESENTATION_CONTEXT() REPRESENTATION_CONTEXT('2D SPACE',''
  ) );
#2442 = ORIENTED_EDGE('',*,*,#2443,.F.);
#2443 = EDGE_CURVE('',#2444,#2418,#2446,.T.);
#2444 = VERTEX_POINT('',#2445);
#2445 = CARTESIAN_POINT('',(37.935,11.57,2.9));
#2446 = SURFACE_CURVE('',#2447,(#2451,#2457),.PCURVE_S1.);
#2447 = LINE('',#2448,#2449);
#2448 = CARTESIAN_POINT('',(-5.1425,11.57,2.9));
#2449 = VECTOR('',#2450,1.);
#2450 = DIRECTION('',(-1.,0.,0.));
#2451 = PCURVE('',#72,#2452);
#2452 = DEFINITIONAL_REPRESENTATION('',(#2453),#2456);
#2453 = B_SPLINE_CURVE_WITH_KNOTS('',1,(#2454,#2455),.UNSPECIFIED.,.F.,
  .F.,(2,2),(-43.0775,-40.3575),.PIECEWISE_BEZIER_KNOTS.);
#2454 = CARTESIAN_POINT('',(83.435,62.82));
#2455 = CARTESIAN_POINT('',(80.715,62.82));
#2456 = ( GEOMETRIC_REPRESENTATION_CONTEXT(2) 
PARAMETRIC_REPRESENTATION_CONTEXT() REPRESENTATION_CONTEXT('2D SPACE',''
  ) );
#2457 = PCURVE('',#2458,#2463);
#2458 = PLANE('',#2459);
#2459 = AXIS2_PLACEMENT_3D('',#2460,#2461,#2462);
#2460 = CARTESIAN_POINT('',(35.215,11.57,2.75));
#2461 = DIRECTION('',(0.,1.,0.));
#2462 = DIRECTION('',(0.,0.,1.));
#2463 = DEFINITIONAL_REPRESENTATION('',(#2464),#2467);
#2464 = B_SPLINE_CURVE_WITH_KNOTS('',1,(#2465,#2466),.UNSPECIFIED.,.F.,
  .F.,(2,2),(-43.0775,-40.3575),.PIECEWISE_BEZIER_KNOTS.);
#2465 = CARTESIAN_POINT('',(0.15,2.72));
#2466 = CARTESIAN_POINT('',(0.15,0.));
#2467 = ( GEOMETRIC_REPRESENTATION_CONTEXT(2) 
PARAMETRIC_REPRESENTATION_CONTEXT() REPRESENTATION_CONTEXT('2D SPACE',''
  ) );
#2468 = ORIENTED_EDGE('',*,*,#2469,.F.);
#2469 = EDGE_CURVE('',#2390,#2444,#2470,.T.);
#2470 = SURFACE_CURVE('',#2471,(#2475,#2481),.PCURVE_S1.);
#2471 = LINE('',#2472,#2473);
#2472 = CARTESIAN_POINT('',(37.935,-25.52,2.9));
#2473 = VECTOR('',#2474,1.);
#2474 = DIRECTION('',(0.,1.,0.));
#2475 = PCURVE('',#72,#2476);
#2476 = DEFINITIONAL_REPRESENTATION('',(#2477),#2480);
#2477 = B_SPLINE_CURVE_WITH_KNOTS('',1,(#2478,#2479),.UNSPECIFIED.,.F.,
  .F.,(2,2),(25.73,37.09),.PIECEWISE_BEZIER_KNOTS.);
#2478 = CARTESIAN_POINT('',(83.435,51.46));
#2479 = CARTESIAN_POINT('',(83.435,62.82));
#2480 = ( GEOMETRIC_REPRESENTATION_CONTEXT(2) 
PARAMETRIC_REPRESENTATION_CONTEXT() REPRESENTATION_CONTEXT('2D SPACE',''
  ) );
#2481 = PCURVE('',#2482,#2487);
#2482 = PLANE('',#2483);
#2483 = AXIS2_PLACEMENT_3D('',#2484,#2485,#2486);
#2484 = CARTESIAN_POINT('',(37.935,0.21,2.75));
#2485 = DIRECTION('',(1.,0.,0.));
#2486 = DIRECTION('',(0.,0.,1.));
#2487 = DEFINITIONAL_REPRESENTATION('',(#2488),#2491);
#2488 = B_SPLINE_CURVE_WITH_KNOTS('',1,(#2489,#2490),.UNSPECIFIED.,.F.,
  .F.,(2,2),(25.73,37.09),.PIECEWISE_BEZIER_KNOTS.);
#2489 = CARTESIAN_POINT('',(0.15,0.));
#2490 = CARTESIAN_POINT('',(0.15,-11.36));
#2491 = ( GEOMETRIC_REPRESENTATION_CONTEXT(2) 
PARAMETRIC_REPRESENTATION_CONTEXT() REPRESENTATION_CONTEXT('2D SPACE',''
  ) );
#2492 = FACE_BOUND('',#2493,.F.);
#2493 = EDGE_LOOP('',(#2494,#2522,#2548,#2574));
#2494 = ORIENTED_EDGE('',*,*,#2495,.T.);
#2495 = EDGE_CURVE('',#2496,#2498,#2500,.T.);
#2496 = VERTEX_POINT('',#2497);
#2497 = CARTESIAN_POINT('',(37.935,19.26,2.9));
#2498 = VERTEX_POINT('',#2499);
#2499 = CARTESIAN_POINT('',(35.215,19.26,2.9));
#2500 = SURFACE_CURVE('',#2501,(#2505,#2511),.PCURVE_S1.);
#2501 = LINE('',#2502,#2503);
#2502 = CARTESIAN_POINT('',(-5.1425,19.26,2.9));
#2503 = VECTOR('',#2504,1.);
#2504 = DIRECTION('',(-1.,0.,0.));
#2505 = PCURVE('',#72,#2506);
#2506 = DEFINITIONAL_REPRESENTATION('',(#2507),#2510);
#2507 = B_SPLINE_CURVE_WITH_KNOTS('',1,(#2508,#2509),.UNSPECIFIED.,.F.,
  .F.,(2,2),(-43.0775,-40.3575),.PIECEWISE_BEZIER_KNOTS.);
#2508 = CARTESIAN_POINT('',(83.435,70.51));
#2509 = CARTESIAN_POINT('',(80.715,70.51));
#2510 = ( GEOMETRIC_REPRESENTATION_CONTEXT(2) 
PARAMETRIC_REPRESENTATION_CONTEXT() REPRESENTATION_CONTEXT('2D SPACE',''
  ) );
#2511 = PCURVE('',#2512,#2517);
#2512 = PLANE('',#2513);
#2513 = AXIS2_PLACEMENT_3D('',#2514,#2515,#2516);
#2514 = CARTESIAN_POINT('',(35.215,19.26,2.75));
#2515 = DIRECTION('',(0.,1.,0.));
#2516 = DIRECTION('',(0.,0.,1.));
#2517 = DEFINITIONAL_REPRESENTATION('',(#2518),#2521);
#2518 = B_SPLINE_CURVE_WITH_KNOTS('',1,(#2519,#2520),.UNSPECIFIED.,.F.,
  .F.,(2,2),(-43.0775,-40.3575),.PIECEWISE_BEZIER_KNOTS.);
#2519 = CARTESIAN_POINT('',(0.15,2.72));
#2520 = CARTESIAN_POINT('',(0.15,0.));
#2521 = ( GEOMETRIC_REPRESENTATION_CONTEXT(2) 
PARAMETRIC_REPRESENTATION_CONTEXT() REPRESENTATION_CONTEXT('2D SPACE',''
  ) );
#2522 = ORIENTED_EDGE('',*,*,#2523,.T.);
#2523 = EDGE_CURVE('',#2498,#2524,#2526,.T.);
#2524 = VERTEX_POINT('',#2525);
#2525 = CARTESIAN_POINT('',(35.215,30.62,2.9));
#2526 = SURFACE_CURVE('',#2527,(#2531,#2537),.PCURVE_S1.);
#2527 = LINE('',#2528,#2529);
#2528 = CARTESIAN_POINT('',(35.215,-15.995,2.9));
#2529 = VECTOR('',#2530,1.);
#2530 = DIRECTION('',(0.,1.,0.));
#2531 = PCURVE('',#72,#2532);
#2532 = DEFINITIONAL_REPRESENTATION('',(#2533),#2536);
#2533 = B_SPLINE_CURVE_WITH_KNOTS('',1,(#2534,#2535),.UNSPECIFIED.,.F.,
  .F.,(2,2),(35.255,46.615),.PIECEWISE_BEZIER_KNOTS.);
#2534 = CARTESIAN_POINT('',(80.715,70.51));
#2535 = CARTESIAN_POINT('',(80.715,81.87));
#2536 = ( GEOMETRIC_REPRESENTATION_CONTEXT(2) 
PARAMETRIC_REPRESENTATION_CONTEXT() REPRESENTATION_CONTEXT('2D SPACE',''
  ) );
#2537 = PCURVE('',#2538,#2543);
#2538 = PLANE('',#2539);
#2539 = AXIS2_PLACEMENT_3D('',#2540,#2541,#2542);
#2540 = CARTESIAN_POINT('',(35.215,19.26,2.75));
#2541 = DIRECTION('',(1.,0.,0.));
#2542 = DIRECTION('',(0.,0.,1.));
#2543 = DEFINITIONAL_REPRESENTATION('',(#2544),#2547);
#2544 = B_SPLINE_CURVE_WITH_KNOTS('',1,(#2545,#2546),.UNSPECIFIED.,.F.,
  .F.,(2,2),(35.255,46.615),.PIECEWISE_BEZIER_KNOTS.);
#2545 = CARTESIAN_POINT('',(0.15,0.));
#2546 = CARTESIAN_POINT('',(0.15,-11.36));
#2547 = ( GEOMETRIC_REPRESENTATION_CONTEXT(2) 
PARAMETRIC_REPRESENTATION_CONTEXT() REPRESENTATION_CONTEXT('2D SPACE',''
  ) );
#2548 = ORIENTED_EDGE('',*,*,#2549,.F.);
#2549 = EDGE_CURVE('',#2550,#2524,#2552,.T.);
#2550 = VERTEX_POINT('',#2551);
#2551 = CARTESIAN_POINT('',(37.935,30.62,2.9));
#2552 = SURFACE_CURVE('',#2553,(#2557,#2563),.PCURVE_S1.);
#2553 = LINE('',#2554,#2555);
#2554 = CARTESIAN_POINT('',(-5.1425,30.62,2.9));
#2555 = VECTOR('',#2556,1.);
#2556 = DIRECTION('',(-1.,0.,0.));
#2557 = PCURVE('',#72,#2558);
#2558 = DEFINITIONAL_REPRESENTATION('',(#2559),#2562);
#2559 = B_SPLINE_CURVE_WITH_KNOTS('',1,(#2560,#2561),.UNSPECIFIED.,.F.,
  .F.,(2,2),(-43.0775,-40.3575),.PIECEWISE_BEZIER_KNOTS.);
#2560 = CARTESIAN_POINT('',(83.435,81.87));
#2561 = CARTESIAN_POINT('',(80.715,81.87));
#2562 = ( GEOMETRIC_REPRESENTATION_CONTEXT(2) 
PARAMETRIC_REPRESENTATION_CONTEXT() REPRESENTATION_CONTEXT('2D SPACE',''
  ) );
#2563 = PCURVE('',#2564,#2569);
#2564 = PLANE('',#2565);
#2565 = AXIS2_PLACEMENT_3D('',#2566,#2567,#2568);
#2566 = CARTESIAN_POINT('',(35.215,30.62,2.75));
#2567 = DIRECTION('',(0.,1.,0.));
#2568 = DIRECTION('',(0.,0.,1.));
#2569 = DEFINITIONAL_REPRESENTATION('',(#2570),#2573);
#2570 = B_SPLINE_CURVE_WITH_KNOTS('',1,(#2571,#2572),.UNSPECIFIED.,.F.,
  .F.,(2,2),(-43.0775,-40.3575),.PIECEWISE_BEZIER_KNOTS.);
#2571 = CARTESIAN_POINT('',(0.15,2.72));
#2572 = CARTESIAN_POINT('',(0.15,0.));
#2573 = ( GEOMETRIC_REPRESENTATION_CONTEXT(2) 
PARAMETRIC_REPRESENTATION_CONTEXT() REPRESENTATION_CONTEXT('2D SPACE',''
  ) );
#2574 = ORIENTED_EDGE('',*,*,#2575,.F.);
#2575 = EDGE_CURVE('',#2496,#2550,#2576,.T.);
#2576 = SURFACE_CURVE('',#2577,(#2581,#2587),.PCURVE_S1.);
#2577 = LINE('',#2578,#2579);
#2578 = CARTESIAN_POINT('',(37.935,-15.995,2.9));
#2579 = VECTOR('',#2580,1.);
#2580 = DIRECTION('',(0.,1.,0.));
#2581 = PCURVE('',#72,#2582);
#2582 = DEFINITIONAL_REPRESENTATION('',(#2583),#2586);
#2583 = B_SPLINE_CURVE_WITH_KNOTS('',1,(#2584,#2585),.UNSPECIFIED.,.F.,
  .F.,(2,2),(35.255,46.615),.PIECEWISE_BEZIER_KNOTS.);
#2584 = CARTESIAN_POINT('',(83.435,70.51));
#2585 = CARTESIAN_POINT('',(83.435,81.87));
#2586 = ( GEOMETRIC_REPRESENTATION_CONTEXT(2) 
PARAMETRIC_REPRESENTATION_CONTEXT() REPRESENTATION_CONTEXT('2D SPACE',''
  ) );
#2587 = PCURVE('',#2588,#2593);
#2588 = PLANE('',#2589);
#2589 = AXIS2_PLACEMENT_3D('',#2590,#2591,#2592);
#2590 = CARTESIAN_POINT('',(37.935,19.26,2.75));
#2591 = DIRECTION('',(1.,0.,0.));
#2592 = DIRECTION('',(0.,0.,1.));
#2593 = DEFINITIONAL_REPRESENTATION('',(#2594),#2597);
#2594 = B_SPLINE_CURVE_WITH_KNOTS('',1,(#2595,#2596),.UNSPECIFIED.,.F.,
  .F.,(2,2),(35.255,46.615),.PIECEWISE_BEZIER_KNOTS.);
#2595 = CARTESIAN_POINT('',(0.15,0.));
#2596 = CARTESIAN_POINT('',(0.15,-11.36));
#2597 = ( GEOMETRIC_REPRESENTATION_CONTEXT(2) 
PARAMETRIC_REPRESENTATION_CONTEXT() REPRESENTATION_CONTEXT('2D SPACE',''
  ) );
#2598 = FACE_BOUND('',#2599,.F.);
#2599 = EDGE_LOOP('',(#2600,#2628,#2654,#2680));
#2600 = ORIENTED_EDGE('',*,*,#2601,.T.);
#2601 = EDGE_CURVE('',#2602,#2604,#2606,.T.);
#2602 = VERTEX_POINT('',#2603);
#2603 = CARTESIAN_POINT('',(15.335,29.37,2.9));
#2604 = VERTEX_POINT('',#2605);
#2605 = CARTESIAN_POINT('',(3.975,29.37,2.9));
#2606 = SURFACE_CURVE('',#2607,(#2611,#2617),.PCURVE_S1.);
#2607 = LINE('',#2608,#2609);
#2608 = CARTESIAN_POINT('',(-20.7625,29.37,2.9));
#2609 = VECTOR('',#2610,1.);
#2610 = DIRECTION('',(-1.,0.,0.));
#2611 = PCURVE('',#72,#2612);
#2612 = DEFINITIONAL_REPRESENTATION('',(#2613),#2616);
#2613 = B_SPLINE_CURVE_WITH_KNOTS('',1,(#2614,#2615),.UNSPECIFIED.,.F.,
  .F.,(2,2),(-36.0975,-24.7375),.PIECEWISE_BEZIER_KNOTS.);
#2614 = CARTESIAN_POINT('',(60.835,80.62));
#2615 = CARTESIAN_POINT('',(49.475,80.62));
#2616 = ( GEOMETRIC_REPRESENTATION_CONTEXT(2) 
PARAMETRIC_REPRESENTATION_CONTEXT() REPRESENTATION_CONTEXT('2D SPACE',''
  ) );
#2617 = PCURVE('',#2618,#2623);
#2618 = PLANE('',#2619);
#2619 = AXIS2_PLACEMENT_3D('',#2620,#2621,#2622);
#2620 = CARTESIAN_POINT('',(3.975,29.37,2.75));
#2621 = DIRECTION('',(0.,1.,0.));
#2622 = DIRECTION('',(0.,0.,1.));
#2623 = DEFINITIONAL_REPRESENTATION('',(#2624),#2627);
#2624 = B_SPLINE_CURVE_WITH_KNOTS('',1,(#2625,#2626),.UNSPECIFIED.,.F.,
  .F.,(2,2),(-36.0975,-24.7375),.PIECEWISE_BEZIER_KNOTS.);
#2625 = CARTESIAN_POINT('',(0.15,11.36));
#2626 = CARTESIAN_POINT('',(0.15,0.));
#2627 = ( GEOMETRIC_REPRESENTATION_CONTEXT(2) 
PARAMETRIC_REPRESENTATION_CONTEXT() REPRESENTATION_CONTEXT('2D SPACE',''
  ) );
#2628 = ORIENTED_EDGE('',*,*,#2629,.T.);
#2629 = EDGE_CURVE('',#2604,#2630,#2632,.T.);
#2630 = VERTEX_POINT('',#2631);
#2631 = CARTESIAN_POINT('',(3.975,32.09,2.9));
#2632 = SURFACE_CURVE('',#2633,(#2637,#2643),.PCURVE_S1.);
#2633 = LINE('',#2634,#2635);
#2634 = CARTESIAN_POINT('',(3.975,-10.94,2.9));
#2635 = VECTOR('',#2636,1.);
#2636 = DIRECTION('',(0.,1.,0.));
#2637 = PCURVE('',#72,#2638);
#2638 = DEFINITIONAL_REPRESENTATION('',(#2639),#2642);
#2639 = B_SPLINE_CURVE_WITH_KNOTS('',1,(#2640,#2641),.UNSPECIFIED.,.F.,
  .F.,(2,2),(40.31,43.03),.PIECEWISE_BEZIER_KNOTS.);
#2640 = CARTESIAN_POINT('',(49.475,80.62));
#2641 = CARTESIAN_POINT('',(49.475,83.34));
#2642 = ( GEOMETRIC_REPRESENTATION_CONTEXT(2) 
PARAMETRIC_REPRESENTATION_CONTEXT() REPRESENTATION_CONTEXT('2D SPACE',''
  ) );
#2643 = PCURVE('',#2644,#2649);
#2644 = PLANE('',#2645);
#2645 = AXIS2_PLACEMENT_3D('',#2646,#2647,#2648);
#2646 = CARTESIAN_POINT('',(3.975,29.37,2.75));
#2647 = DIRECTION('',(1.,0.,0.));
#2648 = DIRECTION('',(0.,0.,1.));
#2649 = DEFINITIONAL_REPRESENTATION('',(#2650),#2653);
#2650 = B_SPLINE_CURVE_WITH_KNOTS('',1,(#2651,#2652),.UNSPECIFIED.,.F.,
  .F.,(2,2),(40.31,43.03),.PIECEWISE_BEZIER_KNOTS.);
#2651 = CARTESIAN_POINT('',(0.15,0.));
#2652 = CARTESIAN_POINT('',(0.15,-2.72));
#2653 = ( GEOMETRIC_REPRESENTATION_CONTEXT(2) 
PARAMETRIC_REPRESENTATION_CONTEXT() REPRESENTATION_CONTEXT('2D SPACE',''
  ) );
#2654 = ORIENTED_EDGE('',*,*,#2655,.F.);
#2655 = EDGE_CURVE('',#2656,#2630,#2658,.T.);
#2656 = VERTEX_POINT('',#2657);
#2657 = CARTESIAN_POINT('',(15.335,32.09,2.9));
#2658 = SURFACE_CURVE('',#2659,(#2663,#2669),.PCURVE_S1.);
#2659 = LINE('',#2660,#2661);
#2660 = CARTESIAN_POINT('',(-20.7625,32.09,2.9));
#2661 = VECTOR('',#2662,1.);
#2662 = DIRECTION('',(-1.,0.,0.));
#2663 = PCURVE('',#72,#2664);
#2664 = DEFINITIONAL_REPRESENTATION('',(#2665),#2668);
#2665 = B_SPLINE_CURVE_WITH_KNOTS('',1,(#2666,#2667),.UNSPECIFIED.,.F.,
  .F.,(2,2),(-36.0975,-24.7375),.PIECEWISE_BEZIER_KNOTS.);
#2666 = CARTESIAN_POINT('',(60.835,83.34));
#2667 = CARTESIAN_POINT('',(49.475,83.34));
#2668 = ( GEOMETRIC_REPRESENTATION_CONTEXT(2) 
PARAMETRIC_REPRESENTATION_CONTEXT() REPRESENTATION_CONTEXT('2D SPACE',''
  ) );
#2669 = PCURVE('',#2670,#2675);
#2670 = PLANE('',#2671);
#2671 = AXIS2_PLACEMENT_3D('',#2672,#2673,#2674);
#2672 = CARTESIAN_POINT('',(3.975,32.09,2.75));
#2673 = DIRECTION('',(0.,1.,0.));
#2674 = DIRECTION('',(0.,0.,1.));
#2675 = DEFINITIONAL_REPRESENTATION('',(#2676),#2679);
#2676 = B_SPLINE_CURVE_WITH_KNOTS('',1,(#2677,#2678),.UNSPECIFIED.,.F.,
  .F.,(2,2),(-36.0975,-24.7375),.PIECEWISE_BEZIER_KNOTS.);
#2677 = CARTESIAN_POINT('',(0.15,11.36));
#2678 = CARTESIAN_POINT('',(0.15,0.));
#2679 = ( GEOMETRIC_REPRESENTATION_CONTEXT(2) 
PARAMETRIC_REPRESENTATION_CONTEXT() REPRESENTATION_CONTEXT('2D SPACE',''
  ) );
#2680 = ORIENTED_EDGE('',*,*,#2681,.F.);
#2681 = EDGE_CURVE('',#2602,#2656,#2682,.T.);
#2682 = SURFACE_CURVE('',#2683,(#2687,#2693),.PCURVE_S1.);
#2683 = LINE('',#2684,#2685);
#2684 = CARTESIAN_POINT('',(15.335,-10.94,2.9));
#2685 = VECTOR('',#2686,1.);
#2686 = DIRECTION('',(0.,1.,0.));
#2687 = PCURVE('',#72,#2688);
#2688 = DEFINITIONAL_REPRESENTATION('',(#2689),#2692);
#2689 = B_SPLINE_CURVE_WITH_KNOTS('',1,(#2690,#2691),.UNSPECIFIED.,.F.,
  .F.,(2,2),(40.31,43.03),.PIECEWISE_BEZIER_KNOTS.);
#2690 = CARTESIAN_POINT('',(60.835,80.62));
#2691 = CARTESIAN_POINT('',(60.835,83.34));
#2692 = ( GEOMETRIC_REPRESENTATION_CONTEXT(2) 
PARAMETRIC_REPRESENTATION_CONTEXT() REPRESENTATION_CONTEXT('2D SPACE',''
  ) );
#2693 = PCURVE('',#2694,#2699);
#2694 = PLANE('',#2695);
#2695 = AXIS2_PLACEMENT_3D('',#2696,#2697,#2698);
#2696 = CARTESIAN_POINT('',(15.335,29.37,2.75));
#2697 = DIRECTION('',(1.,0.,0.));
#2698 = DIRECTION('',(0.,0.,1.));
#2699 = DEFINITIONAL_REPRESENTATION('',(#2700),#2703);
#2700 = B_SPLINE_CURVE_WITH_KNOTS('',1,(#2701,#2702),.UNSPECIFIED.,.F.,
  .F.,(2,2),(40.31,43.03),.PIECEWISE_BEZIER_KNOTS.);
#2701 = CARTESIAN_POINT('',(0.15,0.));
#2702 = CARTESIAN_POINT('',(0.15,-2.72));
#2703 = ( GEOMETRIC_REPRESENTATION_CONTEXT(2) 
PARAMETRIC_REPRESENTATION_CONTEXT() REPRESENTATION_CONTEXT('2D SPACE',''
  ) );
#2704 = FACE_BOUND('',#2705,.F.);
#2705 = EDGE_LOOP('',(#2706));
#2706 = ORIENTED_EDGE('',*,*,#2707,.T.);
#2707 = EDGE_CURVE('',#2708,#2708,#2710,.T.);
#2708 = VERTEX_POINT('',#2709);
#2709 = CARTESIAN_POINT('',(32.355,28.2,2.9));
#2710 = SURFACE_CURVE('',#2711,(#2716,#2727),.PCURVE_S1.);
#2711 = CIRCLE('',#2712,1.7);
#2712 = AXIS2_PLACEMENT_3D('',#2713,#2714,#2715);
#2713 = CARTESIAN_POINT('',(30.655,28.2,2.9));
#2714 = DIRECTION('',(0.,0.,-1.));
#2715 = DIRECTION('',(1.,0.,0.));
#2716 = PCURVE('',#72,#2717);
#2717 = DEFINITIONAL_REPRESENTATION('',(#2718),#2726);
#2718 = ( BOUNDED_CURVE() B_SPLINE_CURVE(2,(#2719,#2720,#2721,#2722,
#2723,#2724,#2725),.UNSPECIFIED.,.T.,.F.) B_SPLINE_CURVE_WITH_KNOTS((1,2
    ,2,2,2,1),(-2.094395102393,0.,2.094395102393,4.188790204786,
6.28318530718,8.377580409573),.UNSPECIFIED.) CURVE() 
GEOMETRIC_REPRESENTATION_ITEM() RATIONAL_B_SPLINE_CURVE((1.,0.5,1.,0.5,
1.,0.5,1.)) REPRESENTATION_ITEM('') );
#2719 = CARTESIAN_POINT('',(77.855,79.45));
#2720 = CARTESIAN_POINT('',(77.855,76.505513627133));
#2721 = CARTESIAN_POINT('',(75.305,77.977756813566));
#2722 = CARTESIAN_POINT('',(72.755,79.45));
#2723 = CARTESIAN_POINT('',(75.305,80.922243186434));
#2724 = CARTESIAN_POINT('',(77.855,82.394486372867));
#2725 = CARTESIAN_POINT('',(77.855,79.45));
#2726 = ( GEOMETRIC_REPRESENTATION_CONTEXT(2) 
PARAMETRIC_REPRESENTATION_CONTEXT() REPRESENTATION_CONTEXT('2D SPACE',''
  ) );
#2727 = PCURVE('',#2728,#2733);
#2728 = CYLINDRICAL_SURFACE('',#2729,1.7);
#2729 = AXIS2_PLACEMENT_3D('',#2730,#2731,#2732);
#2730 = CARTESIAN_POINT('',(30.655,28.2,2.4));
#2731 = DIRECTION('',(-0.,-0.,-1.));
#2732 = DIRECTION('',(1.,0.,0.));
#2733 = DEFINITIONAL_REPRESENTATION('',(#2734),#2738);
#2734 = LINE('',#2735,#2736);
#2735 = CARTESIAN_POINT('',(-6.28318530718,-0.5));
#2736 = VECTOR('',#2737,1.);
#2737 = DIRECTION('',(1.,-0.));
#2738 = ( GEOMETRIC_REPRESENTATION_CONTEXT(2) 
PARAMETRIC_REPRESENTATION_CONTEXT() REPRESENTATION_CONTEXT('2D SPACE',''
  ) );
#2739 = FACE_BOUND('',#2740,.F.);
#2740 = EDGE_LOOP('',(#2741));
#2741 = ORIENTED_EDGE('',*,*,#2742,.T.);
#2742 = EDGE_CURVE('',#2743,#2743,#2745,.T.);
#2743 = VERTEX_POINT('',#2744);
#2744 = CARTESIAN_POINT('',(38.715,40.01,2.9));
#2745 = SURFACE_CURVE('',#2746,(#2751,#2762),.PCURVE_S1.);
#2746 = CIRCLE('',#2747,9.);
#2747 = AXIS2_PLACEMENT_3D('',#2748,#2749,#2750);
#2748 = CARTESIAN_POINT('',(29.715,40.01,2.9));
#2749 = DIRECTION('',(0.,0.,-1.));
#2750 = DIRECTION('',(1.,0.,0.));
#2751 = PCURVE('',#72,#2752);
#2752 = DEFINITIONAL_REPRESENTATION('',(#2753),#2761);
#2753 = ( BOUNDED_CURVE() B_SPLINE_CURVE(2,(#2754,#2755,#2756,#2757,
#2758,#2759,#2760),.UNSPECIFIED.,.T.,.F.) B_SPLINE_CURVE_WITH_KNOTS((1,2
    ,2,2,2,1),(-2.094395102393,0.,2.094395102393,4.188790204786,
6.28318530718,8.377580409573),.UNSPECIFIED.) CURVE() 
GEOMETRIC_REPRESENTATION_ITEM() RATIONAL_B_SPLINE_CURVE((1.,0.5,1.,0.5,
1.,0.5,1.)) REPRESENTATION_ITEM('') );
#2754 = CARTESIAN_POINT('',(84.215,91.26));
#2755 = CARTESIAN_POINT('',(84.215,75.67154273188));
#2756 = CARTESIAN_POINT('',(70.715,83.46577136594));
#2757 = CARTESIAN_POINT('',(57.215,91.26));
#2758 = CARTESIAN_POINT('',(70.715,99.05422863406));
#2759 = CARTESIAN_POINT('',(84.215,106.84845726812));
#2760 = CARTESIAN_POINT('',(84.215,91.26));
#2761 = ( GEOMETRIC_REPRESENTATION_CONTEXT(2) 
PARAMETRIC_REPRESENTATION_CONTEXT() REPRESENTATION_CONTEXT('2D SPACE',''
  ) );
#2762 = PCURVE('',#2763,#2768);
#2763 = CYLINDRICAL_SURFACE('',#2764,9.);
#2764 = AXIS2_PLACEMENT_3D('',#2765,#2766,#2767);
#2765 = CARTESIAN_POINT('',(29.715,40.01,2.4));
#2766 = DIRECTION('',(-0.,-0.,-1.));
#2767 = DIRECTION('',(1.,0.,0.));
#2768 = DEFINITIONAL_REPRESENTATION('',(#2769),#2773);
#2769 = LINE('',#2770,#2771);
#2770 = CARTESIAN_POINT('',(-6.28318530718,-0.5));
#2771 = VECTOR('',#2772,1.);
#2772 = DIRECTION('',(1.,-0.));
#2773 = ( GEOMETRIC_REPRESENTATION_CONTEXT(2) 
PARAMETRIC_REPRESENTATION_CONTEXT() REPRESENTATION_CONTEXT('2D SPACE',''
  ) );
#2774 = ADVANCED_FACE('',(#2775),#100,.T.);
#2775 = FACE_BOUND('',#2776,.F.);
#2776 = EDGE_LOOP('',(#2777,#2778,#2801,#2827));
#2777 = ORIENTED_EDGE('',*,*,#362,.T.);
#2778 = ORIENTED_EDGE('',*,*,#2779,.F.);
#2779 = EDGE_CURVE('',#2780,#335,#2782,.T.);
#2780 = VERTEX_POINT('',#2781);
#2781 = CARTESIAN_POINT('',(-40.5,51.25,5.9));
#2782 = SURFACE_CURVE('',#2783,(#2787,#2794),.PCURVE_S1.);
#2783 = LINE('',#2784,#2785);
#2784 = CARTESIAN_POINT('',(-40.5,51.25,5.9));
#2785 = VECTOR('',#2786,1.);
#2786 = DIRECTION('',(0.,0.,-1.));
#2787 = PCURVE('',#100,#2788);
#2788 = DEFINITIONAL_REPRESENTATION('',(#2789),#2793);
#2789 = LINE('',#2790,#2791);
#2790 = CARTESIAN_POINT('',(-1.570796326795,3.));
#2791 = VECTOR('',#2792,1.);
#2792 = DIRECTION('',(-0.,-1.));
#2793 = ( GEOMETRIC_REPRESENTATION_CONTEXT(2) 
PARAMETRIC_REPRESENTATION_CONTEXT() REPRESENTATION_CONTEXT('2D SPACE',''
  ) );
#2794 = PCURVE('',#350,#2795);
#2795 = DEFINITIONAL_REPRESENTATION('',(#2796),#2800);
#2796 = LINE('',#2797,#2798);
#2797 = CARTESIAN_POINT('',(3.,5.));
#2798 = VECTOR('',#2799,1.);
#2799 = DIRECTION('',(-1.,0.));
#2800 = ( GEOMETRIC_REPRESENTATION_CONTEXT(2) 
PARAMETRIC_REPRESENTATION_CONTEXT() REPRESENTATION_CONTEXT('2D SPACE',''
  ) );
#2801 = ORIENTED_EDGE('',*,*,#2802,.F.);
#2802 = EDGE_CURVE('',#85,#2780,#2803,.T.);
#2803 = SURFACE_CURVE('',#2804,(#2809,#2816),.PCURVE_S1.);
#2804 = CIRCLE('',#2805,5.);
#2805 = AXIS2_PLACEMENT_3D('',#2806,#2807,#2808);
#2806 = CARTESIAN_POINT('',(-40.5,46.25,5.9));
#2807 = DIRECTION('',(-0.,-0.,-1.));
#2808 = DIRECTION('',(0.,-1.,0.));
#2809 = PCURVE('',#100,#2810);
#2810 = DEFINITIONAL_REPRESENTATION('',(#2811),#2815);
#2811 = LINE('',#2812,#2813);
#2812 = CARTESIAN_POINT('',(1.570796326795,3.));
#2813 = VECTOR('',#2814,1.);
#2814 = DIRECTION('',(-1.,0.));
#2815 = ( GEOMETRIC_REPRESENTATION_CONTEXT(2) 
PARAMETRIC_REPRESENTATION_CONTEXT() REPRESENTATION_CONTEXT('2D SPACE',''
  ) );
#2816 = PCURVE('',#126,#2817);
#2817 = DEFINITIONAL_REPRESENTATION('',(#2818),#2826);
#2818 = ( BOUNDED_CURVE() B_SPLINE_CURVE(2,(#2819,#2820,#2821,#2822,
#2823,#2824,#2825),.UNSPECIFIED.,.T.,.F.) B_SPLINE_CURVE_WITH_KNOTS((1,2
    ,2,2,2,1),(-2.094395102393,0.,2.094395102393,4.188790204786,
6.28318530718,8.377580409573),.UNSPECIFIED.) CURVE() 
GEOMETRIC_REPRESENTATION_ITEM() RATIONAL_B_SPLINE_CURVE((1.,0.5,1.,0.5,
1.,0.5,1.)) REPRESENTATION_ITEM('') );
#2819 = CARTESIAN_POINT('',(5.,92.5));
#2820 = CARTESIAN_POINT('',(-3.660254037844,92.5));
#2821 = CARTESIAN_POINT('',(0.669872981078,100.));
#2822 = CARTESIAN_POINT('',(5.,107.5));
#2823 = CARTESIAN_POINT('',(9.330127018922,100.));
#2824 = CARTESIAN_POINT('',(13.660254037844,92.5));
#2825 = CARTESIAN_POINT('',(5.,92.5));
#2826 = ( GEOMETRIC_REPRESENTATION_CONTEXT(2) 
PARAMETRIC_REPRESENTATION_CONTEXT() REPRESENTATION_CONTEXT('2D SPACE',''
  ) );
#2827 = ORIENTED_EDGE('',*,*,#84,.T.);
#2828 = ADVANCED_FACE('',(#2829,#2953,#2988,#3094,#3200,#3306,#3412,
    #3447,#3553,#3659,#3765,#3800,#3906,#4012,#4118,#4288,#4514,#5052),
  #126,.T.);
#2829 = FACE_BOUND('',#2830,.T.);
#2830 = EDGE_LOOP('',(#2831,#2832,#2833,#2856,#2884,#2907,#2931,#2952));
#2831 = ORIENTED_EDGE('',*,*,#112,.F.);
#2832 = ORIENTED_EDGE('',*,*,#193,.T.);
#2833 = ORIENTED_EDGE('',*,*,#2834,.T.);
#2834 = EDGE_CURVE('',#166,#2835,#2837,.T.);
#2835 = VERTEX_POINT('',#2836);
#2836 = CARTESIAN_POINT('',(40.5,-51.25,5.9));
#2837 = SURFACE_CURVE('',#2838,(#2842,#2849),.PCURVE_S1.);
#2838 = LINE('',#2839,#2840);
#2839 = CARTESIAN_POINT('',(-45.5,-51.25,5.9));
#2840 = VECTOR('',#2841,1.);
#2841 = DIRECTION('',(1.,0.,0.));
#2842 = PCURVE('',#126,#2843);
#2843 = DEFINITIONAL_REPRESENTATION('',(#2844),#2848);
#2844 = LINE('',#2845,#2846);
#2845 = CARTESIAN_POINT('',(0.,0.));
#2846 = VECTOR('',#2847,1.);
#2847 = DIRECTION('',(1.,0.));
#2848 = ( GEOMETRIC_REPRESENTATION_CONTEXT(2) 
PARAMETRIC_REPRESENTATION_CONTEXT() REPRESENTATION_CONTEXT('2D SPACE',''
  ) );
#2849 = PCURVE('',#181,#2850);
#2850 = DEFINITIONAL_REPRESENTATION('',(#2851),#2855);
#2851 = LINE('',#2852,#2853);
#2852 = CARTESIAN_POINT('',(3.,0.));
#2853 = VECTOR('',#2854,1.);
#2854 = DIRECTION('',(0.,1.));
#2855 = ( GEOMETRIC_REPRESENTATION_CONTEXT(2) 
PARAMETRIC_REPRESENTATION_CONTEXT() REPRESENTATION_CONTEXT('2D SPACE',''
  ) );
#2856 = ORIENTED_EDGE('',*,*,#2857,.F.);
#2857 = EDGE_CURVE('',#2858,#2835,#2860,.T.);
#2858 = VERTEX_POINT('',#2859);
#2859 = CARTESIAN_POINT('',(45.5,-46.25,5.9));
#2860 = SURFACE_CURVE('',#2861,(#2866,#2877),.PCURVE_S1.);
#2861 = CIRCLE('',#2862,5.);
#2862 = AXIS2_PLACEMENT_3D('',#2863,#2864,#2865);
#2863 = CARTESIAN_POINT('',(40.5,-46.25,5.9));
#2864 = DIRECTION('',(-0.,-0.,-1.));
#2865 = DIRECTION('',(0.,-1.,0.));
#2866 = PCURVE('',#126,#2867);
#2867 = DEFINITIONAL_REPRESENTATION('',(#2868),#2876);
#2868 = ( BOUNDED_CURVE() B_SPLINE_CURVE(2,(#2869,#2870,#2871,#2872,
#2873,#2874,#2875),.UNSPECIFIED.,.T.,.F.) B_SPLINE_CURVE_WITH_KNOTS((1,2
    ,2,2,2,1),(-2.094395102393,0.,2.094395102393,4.188790204786,
6.28318530718,8.377580409573),.UNSPECIFIED.) CURVE() 
GEOMETRIC_REPRESENTATION_ITEM() RATIONAL_B_SPLINE_CURVE((1.,0.5,1.,0.5,
1.,0.5,1.)) REPRESENTATION_ITEM('') );
#2869 = CARTESIAN_POINT('',(86.,0.));
#2870 = CARTESIAN_POINT('',(77.339745962156,0.));
#2871 = CARTESIAN_POINT('',(81.669872981078,7.5));
#2872 = CARTESIAN_POINT('',(86.,15.));
#2873 = CARTESIAN_POINT('',(90.330127018922,7.5));
#2874 = CARTESIAN_POINT('',(94.660254037844,7.993605777301E-15));
#2875 = CARTESIAN_POINT('',(86.,0.));
#2876 = ( GEOMETRIC_REPRESENTATION_CONTEXT(2) 
PARAMETRIC_REPRESENTATION_CONTEXT() REPRESENTATION_CONTEXT('2D SPACE',''
  ) );
#2877 = PCURVE('',#265,#2878);
#2878 = DEFINITIONAL_REPRESENTATION('',(#2879),#2883);
#2879 = LINE('',#2880,#2881);
#2880 = CARTESIAN_POINT('',(4.712388980385,3.));
#2881 = VECTOR('',#2882,1.);
#2882 = DIRECTION('',(-1.,0.));
#2883 = ( GEOMETRIC_REPRESENTATION_CONTEXT(2) 
PARAMETRIC_REPRESENTATION_CONTEXT() REPRESENTATION_CONTEXT('2D SPACE',''
  ) );
#2884 = ORIENTED_EDGE('',*,*,#2885,.T.);
#2885 = EDGE_CURVE('',#2858,#2886,#2888,.T.);
#2886 = VERTEX_POINT('',#2887);
#2887 = CARTESIAN_POINT('',(45.5,46.25,5.9));
#2888 = SURFACE_CURVE('',#2889,(#2893,#2900),.PCURVE_S1.);
#2889 = LINE('',#2890,#2891);
#2890 = CARTESIAN_POINT('',(45.5,-51.25,5.9));
#2891 = VECTOR('',#2892,1.);
#2892 = DIRECTION('',(0.,1.,0.));
#2893 = PCURVE('',#126,#2894);
#2894 = DEFINITIONAL_REPRESENTATION('',(#2895),#2899);
#2895 = LINE('',#2896,#2897);
#2896 = CARTESIAN_POINT('',(91.,0.));
#2897 = VECTOR('',#2898,1.);
#2898 = DIRECTION('',(0.,1.));
#2899 = ( GEOMETRIC_REPRESENTATION_CONTEXT(2) 
PARAMETRIC_REPRESENTATION_CONTEXT() REPRESENTATION_CONTEXT('2D SPACE',''
  ) );
#2900 = PCURVE('',#293,#2901);
#2901 = DEFINITIONAL_REPRESENTATION('',(#2902),#2906);
#2902 = LINE('',#2903,#2904);
#2903 = CARTESIAN_POINT('',(3.,0.));
#2904 = VECTOR('',#2905,1.);
#2905 = DIRECTION('',(0.,-1.));
#2906 = ( GEOMETRIC_REPRESENTATION_CONTEXT(2) 
PARAMETRIC_REPRESENTATION_CONTEXT() REPRESENTATION_CONTEXT('2D SPACE',''
  ) );
#2907 = ORIENTED_EDGE('',*,*,#2908,.T.);
#2908 = EDGE_CURVE('',#2886,#2909,#2911,.T.);
#2909 = VERTEX_POINT('',#2910);
#2910 = CARTESIAN_POINT('',(40.5,51.25,5.9));
#2911 = SURFACE_CURVE('',#2912,(#2917,#2924),.PCURVE_S1.);
#2912 = CIRCLE('',#2913,5.);
#2913 = AXIS2_PLACEMENT_3D('',#2914,#2915,#2916);
#2914 = CARTESIAN_POINT('',(40.5,46.25,5.9));
#2915 = DIRECTION('',(0.,0.,1.));
#2916 = DIRECTION('',(0.,-1.,0.));
#2917 = PCURVE('',#126,#2918);
#2918 = DEFINITIONAL_REPRESENTATION('',(#2919),#2923);
#2919 = CIRCLE('',#2920,5.);
#2920 = AXIS2_PLACEMENT_2D('',#2921,#2922);
#2921 = CARTESIAN_POINT('',(86.,97.5));
#2922 = DIRECTION('',(0.,-1.));
#2923 = ( GEOMETRIC_REPRESENTATION_CONTEXT(2) 
PARAMETRIC_REPRESENTATION_CONTEXT() REPRESENTATION_CONTEXT('2D SPACE',''
  ) );
#2924 = PCURVE('',#322,#2925);
#2925 = DEFINITIONAL_REPRESENTATION('',(#2926),#2930);
#2926 = LINE('',#2927,#2928);
#2927 = CARTESIAN_POINT('',(-1.570796326795,3.));
#2928 = VECTOR('',#2929,1.);
#2929 = DIRECTION('',(1.,0.));
#2930 = ( GEOMETRIC_REPRESENTATION_CONTEXT(2) 
PARAMETRIC_REPRESENTATION_CONTEXT() REPRESENTATION_CONTEXT('2D SPACE',''
  ) );
#2931 = ORIENTED_EDGE('',*,*,#2932,.F.);
#2932 = EDGE_CURVE('',#2780,#2909,#2933,.T.);
#2933 = SURFACE_CURVE('',#2934,(#2938,#2945),.PCURVE_S1.);
#2934 = LINE('',#2935,#2936);
#2935 = CARTESIAN_POINT('',(-45.5,51.25,5.9));
#2936 = VECTOR('',#2937,1.);
#2937 = DIRECTION('',(1.,0.,0.));
#2938 = PCURVE('',#126,#2939);
#2939 = DEFINITIONAL_REPRESENTATION('',(#2940),#2944);
#2940 = LINE('',#2941,#2942);
#2941 = CARTESIAN_POINT('',(0.,102.5));
#2942 = VECTOR('',#2943,1.);
#2943 = DIRECTION('',(1.,0.));
#2944 = ( GEOMETRIC_REPRESENTATION_CONTEXT(2) 
PARAMETRIC_REPRESENTATION_CONTEXT() REPRESENTATION_CONTEXT('2D SPACE',''
  ) );
#2945 = PCURVE('',#350,#2946);
#2946 = DEFINITIONAL_REPRESENTATION('',(#2947),#2951);
#2947 = LINE('',#2948,#2949);
#2948 = CARTESIAN_POINT('',(3.,0.));
#2949 = VECTOR('',#2950,1.);
#2950 = DIRECTION('',(0.,1.));
#2951 = ( GEOMETRIC_REPRESENTATION_CONTEXT(2) 
PARAMETRIC_REPRESENTATION_CONTEXT() REPRESENTATION_CONTEXT('2D SPACE',''
  ) );
#2952 = ORIENTED_EDGE('',*,*,#2802,.F.);
#2953 = FACE_BOUND('',#2954,.T.);
#2954 = EDGE_LOOP('',(#2955));
#2955 = ORIENTED_EDGE('',*,*,#2956,.T.);
#2956 = EDGE_CURVE('',#2957,#2957,#2959,.T.);
#2957 = VERTEX_POINT('',#2958);
#2958 = CARTESIAN_POINT('',(-34.205,-42.57,5.9));
#2959 = SURFACE_CURVE('',#2960,(#2965,#2976),.PCURVE_S1.);
#2960 = CIRCLE('',#2961,3.6);
#2961 = AXIS2_PLACEMENT_3D('',#2962,#2963,#2964);
#2962 = CARTESIAN_POINT('',(-37.805,-42.57,5.9));
#2963 = DIRECTION('',(0.,0.,-1.));
#2964 = DIRECTION('',(1.,0.,0.));
#2965 = PCURVE('',#126,#2966);
#2966 = DEFINITIONAL_REPRESENTATION('',(#2967),#2975);
#2967 = ( BOUNDED_CURVE() B_SPLINE_CURVE(2,(#2968,#2969,#2970,#2971,
#2972,#2973,#2974),.UNSPECIFIED.,.T.,.F.) B_SPLINE_CURVE_WITH_KNOTS((1,2
    ,2,2,2,1),(-2.094395102393,0.,2.094395102393,4.188790204786,
6.28318530718,8.377580409573),.UNSPECIFIED.) CURVE() 
GEOMETRIC_REPRESENTATION_ITEM() RATIONAL_B_SPLINE_CURVE((1.,0.5,1.,0.5,
1.,0.5,1.)) REPRESENTATION_ITEM('') );
#2968 = CARTESIAN_POINT('',(11.295,8.68));
#2969 = CARTESIAN_POINT('',(11.295,2.444617092752));
#2970 = CARTESIAN_POINT('',(5.895,5.562308546376));
#2971 = CARTESIAN_POINT('',(0.495,8.68));
#2972 = CARTESIAN_POINT('',(5.895,11.797691453624));
#2973 = CARTESIAN_POINT('',(11.295,14.915382907248));
#2974 = CARTESIAN_POINT('',(11.295,8.68));
#2975 = ( GEOMETRIC_REPRESENTATION_CONTEXT(2) 
PARAMETRIC_REPRESENTATION_CONTEXT() REPRESENTATION_CONTEXT('2D SPACE',''
  ) );
#2976 = PCURVE('',#2977,#2982);
#2977 = CYLINDRICAL_SURFACE('',#2978,3.6);
#2978 = AXIS2_PLACEMENT_3D('',#2979,#2980,#2981);
#2979 = CARTESIAN_POINT('',(-37.805,-42.57,5.35));
#2980 = DIRECTION('',(-0.,-0.,-1.));
#2981 = DIRECTION('',(1.,0.,0.));
#2982 = DEFINITIONAL_REPRESENTATION('',(#2983),#2987);
#2983 = LINE('',#2984,#2985);
#2984 = CARTESIAN_POINT('',(-6.28318530718,-0.55));
#2985 = VECTOR('',#2986,1.);
#2986 = DIRECTION('',(1.,-0.));
#2987 = ( GEOMETRIC_REPRESENTATION_CONTEXT(2) 
PARAMETRIC_REPRESENTATION_CONTEXT() REPRESENTATION_CONTEXT('2D SPACE',''
  ) );
#2988 = FACE_BOUND('',#2989,.T.);
#2989 = EDGE_LOOP('',(#2990,#3018,#3044,#3070));
#2990 = ORIENTED_EDGE('',*,*,#2991,.T.);
#2991 = EDGE_CURVE('',#2992,#2994,#2996,.T.);
#2992 = VERTEX_POINT('',#2993);
#2993 = CARTESIAN_POINT('',(-10.15,-32.22,5.9));
#2994 = VERTEX_POINT('',#2995);
#2995 = CARTESIAN_POINT('',(-27.95,-32.22,5.9));
#2996 = SURFACE_CURVE('',#2997,(#3001,#3007),.PCURVE_S1.);
#2997 = LINE('',#2998,#2999);
#2998 = CARTESIAN_POINT('',(-36.725,-32.22,5.9));
#2999 = VECTOR('',#3000,1.);
#3000 = DIRECTION('',(-1.,0.,0.));
#3001 = PCURVE('',#126,#3002);
#3002 = DEFINITIONAL_REPRESENTATION('',(#3003),#3006);
#3003 = B_SPLINE_CURVE_WITH_KNOTS('',1,(#3004,#3005),.UNSPECIFIED.,.F.,
  .F.,(2,2),(-26.575,-8.775),.PIECEWISE_BEZIER_KNOTS.);
#3004 = CARTESIAN_POINT('',(35.35,19.03));
#3005 = CARTESIAN_POINT('',(17.55,19.03));
#3006 = ( GEOMETRIC_REPRESENTATION_CONTEXT(2) 
PARAMETRIC_REPRESENTATION_CONTEXT() REPRESENTATION_CONTEXT('2D SPACE',''
  ) );
#3007 = PCURVE('',#3008,#3013);
#3008 = PLANE('',#3009);
#3009 = AXIS2_PLACEMENT_3D('',#3010,#3011,#3012);
#3010 = CARTESIAN_POINT('',(-27.95,-32.22,5.35));
#3011 = DIRECTION('',(0.,1.,0.));
#3012 = DIRECTION('',(0.,0.,1.));
#3013 = DEFINITIONAL_REPRESENTATION('',(#3014),#3017);
#3014 = B_SPLINE_CURVE_WITH_KNOTS('',1,(#3015,#3016),.UNSPECIFIED.,.F.,
  .F.,(2,2),(-26.575,-8.775),.PIECEWISE_BEZIER_KNOTS.);
#3015 = CARTESIAN_POINT('',(0.55,17.8));
#3016 = CARTESIAN_POINT('',(0.55,0.));
#3017 = ( GEOMETRIC_REPRESENTATION_CONTEXT(2) 
PARAMETRIC_REPRESENTATION_CONTEXT() REPRESENTATION_CONTEXT('2D SPACE',''
  ) );
#3018 = ORIENTED_EDGE('',*,*,#3019,.T.);
#3019 = EDGE_CURVE('',#2994,#3020,#3022,.T.);
#3020 = VERTEX_POINT('',#3021);
#3021 = CARTESIAN_POINT('',(-27.95,-14.42,5.9));
#3022 = SURFACE_CURVE('',#3023,(#3027,#3033),.PCURVE_S1.);
#3023 = LINE('',#3024,#3025);
#3024 = CARTESIAN_POINT('',(-27.95,-41.735,5.9));
#3025 = VECTOR('',#3026,1.);
#3026 = DIRECTION('',(0.,1.,0.));
#3027 = PCURVE('',#126,#3028);
#3028 = DEFINITIONAL_REPRESENTATION('',(#3029),#3032);
#3029 = B_SPLINE_CURVE_WITH_KNOTS('',1,(#3030,#3031),.UNSPECIFIED.,.F.,
  .F.,(2,2),(9.515,27.315),.PIECEWISE_BEZIER_KNOTS.);
#3030 = CARTESIAN_POINT('',(17.55,19.03));
#3031 = CARTESIAN_POINT('',(17.55,36.83));
#3032 = ( GEOMETRIC_REPRESENTATION_CONTEXT(2) 
PARAMETRIC_REPRESENTATION_CONTEXT() REPRESENTATION_CONTEXT('2D SPACE',''
  ) );
#3033 = PCURVE('',#3034,#3039);
#3034 = PLANE('',#3035);
#3035 = AXIS2_PLACEMENT_3D('',#3036,#3037,#3038);
#3036 = CARTESIAN_POINT('',(-27.95,-32.22,5.35));
#3037 = DIRECTION('',(1.,0.,0.));
#3038 = DIRECTION('',(0.,0.,1.));
#3039 = DEFINITIONAL_REPRESENTATION('',(#3040),#3043);
#3040 = B_SPLINE_CURVE_WITH_KNOTS('',1,(#3041,#3042),.UNSPECIFIED.,.F.,
  .F.,(2,2),(9.515,27.315),.PIECEWISE_BEZIER_KNOTS.);
#3041 = CARTESIAN_POINT('',(0.55,0.));
#3042 = CARTESIAN_POINT('',(0.55,-17.8));
#3043 = ( GEOMETRIC_REPRESENTATION_CONTEXT(2) 
PARAMETRIC_REPRESENTATION_CONTEXT() REPRESENTATION_CONTEXT('2D SPACE',''
  ) );
#3044 = ORIENTED_EDGE('',*,*,#3045,.F.);
#3045 = EDGE_CURVE('',#3046,#3020,#3048,.T.);
#3046 = VERTEX_POINT('',#3047);
#3047 = CARTESIAN_POINT('',(-10.15,-14.42,5.9));
#3048 = SURFACE_CURVE('',#3049,(#3053,#3059),.PCURVE_S1.);
#3049 = LINE('',#3050,#3051);
#3050 = CARTESIAN_POINT('',(-36.725,-14.42,5.9));
#3051 = VECTOR('',#3052,1.);
#3052 = DIRECTION('',(-1.,0.,0.));
#3053 = PCURVE('',#126,#3054);
#3054 = DEFINITIONAL_REPRESENTATION('',(#3055),#3058);
#3055 = B_SPLINE_CURVE_WITH_KNOTS('',1,(#3056,#3057),.UNSPECIFIED.,.F.,
  .F.,(2,2),(-26.575,-8.775),.PIECEWISE_BEZIER_KNOTS.);
#3056 = CARTESIAN_POINT('',(35.35,36.83));
#3057 = CARTESIAN_POINT('',(17.55,36.83));
#3058 = ( GEOMETRIC_REPRESENTATION_CONTEXT(2) 
PARAMETRIC_REPRESENTATION_CONTEXT() REPRESENTATION_CONTEXT('2D SPACE',''
  ) );
#3059 = PCURVE('',#3060,#3065);
#3060 = PLANE('',#3061);
#3061 = AXIS2_PLACEMENT_3D('',#3062,#3063,#3064);
#3062 = CARTESIAN_POINT('',(-27.95,-14.42,5.35));
#3063 = DIRECTION('',(0.,1.,0.));
#3064 = DIRECTION('',(0.,0.,1.));
#3065 = DEFINITIONAL_REPRESENTATION('',(#3066),#3069);
#3066 = B_SPLINE_CURVE_WITH_KNOTS('',1,(#3067,#3068),.UNSPECIFIED.,.F.,
  .F.,(2,2),(-26.575,-8.775),.PIECEWISE_BEZIER_KNOTS.);
#3067 = CARTESIAN_POINT('',(0.55,17.8));
#3068 = CARTESIAN_POINT('',(0.55,0.));
#3069 = ( GEOMETRIC_REPRESENTATION_CONTEXT(2) 
PARAMETRIC_REPRESENTATION_CONTEXT() REPRESENTATION_CONTEXT('2D SPACE',''
  ) );
#3070 = ORIENTED_EDGE('',*,*,#3071,.F.);
#3071 = EDGE_CURVE('',#2992,#3046,#3072,.T.);
#3072 = SURFACE_CURVE('',#3073,(#3077,#3083),.PCURVE_S1.);
#3073 = LINE('',#3074,#3075);
#3074 = CARTESIAN_POINT('',(-10.15,-41.735,5.9));
#3075 = VECTOR('',#3076,1.);
#3076 = DIRECTION('',(0.,1.,0.));
#3077 = PCURVE('',#126,#3078);
#3078 = DEFINITIONAL_REPRESENTATION('',(#3079),#3082);
#3079 = B_SPLINE_CURVE_WITH_KNOTS('',1,(#3080,#3081),.UNSPECIFIED.,.F.,
  .F.,(2,2),(9.515,27.315),.PIECEWISE_BEZIER_KNOTS.);
#3080 = CARTESIAN_POINT('',(35.35,19.03));
#3081 = CARTESIAN_POINT('',(35.35,36.83));
#3082 = ( GEOMETRIC_REPRESENTATION_CONTEXT(2) 
PARAMETRIC_REPRESENTATION_CONTEXT() REPRESENTATION_CONTEXT('2D SPACE',''
  ) );
#3083 = PCURVE('',#3084,#3089);
#3084 = PLANE('',#3085);
#3085 = AXIS2_PLACEMENT_3D('',#3086,#3087,#3088);
#3086 = CARTESIAN_POINT('',(-10.15,-32.22,5.35));
#3087 = DIRECTION('',(1.,0.,0.));
#3088 = DIRECTION('',(0.,0.,1.));
#3089 = DEFINITIONAL_REPRESENTATION('',(#3090),#3093);
#3090 = B_SPLINE_CURVE_WITH_KNOTS('',1,(#3091,#3092),.UNSPECIFIED.,.F.,
  .F.,(2,2),(9.515,27.315),.PIECEWISE_BEZIER_KNOTS.);
#3091 = CARTESIAN_POINT('',(0.55,0.));
#3092 = CARTESIAN_POINT('',(0.55,-17.8));
#3093 = ( GEOMETRIC_REPRESENTATION_CONTEXT(2) 
PARAMETRIC_REPRESENTATION_CONTEXT() REPRESENTATION_CONTEXT('2D SPACE',''
  ) );
#3094 = FACE_BOUND('',#3095,.T.);
#3095 = EDGE_LOOP('',(#3096,#3124,#3150,#3176));
#3096 = ORIENTED_EDGE('',*,*,#3097,.T.);
#3097 = EDGE_CURVE('',#3098,#3100,#3102,.T.);
#3098 = VERTEX_POINT('',#3099);
#3099 = CARTESIAN_POINT('',(-10.15,-13.17,5.9));
#3100 = VERTEX_POINT('',#3101);
#3101 = CARTESIAN_POINT('',(-27.95,-13.17,5.9));
#3102 = SURFACE_CURVE('',#3103,(#3107,#3113),.PCURVE_S1.);
#3103 = LINE('',#3104,#3105);
#3104 = CARTESIAN_POINT('',(-36.725,-13.17,5.9));
#3105 = VECTOR('',#3106,1.);
#3106 = DIRECTION('',(-1.,0.,0.));
#3107 = PCURVE('',#126,#3108);
#3108 = DEFINITIONAL_REPRESENTATION('',(#3109),#3112);
#3109 = B_SPLINE_CURVE_WITH_KNOTS('',1,(#3110,#3111),.UNSPECIFIED.,.F.,
  .F.,(2,2),(-26.575,-8.775),.PIECEWISE_BEZIER_KNOTS.);
#3110 = CARTESIAN_POINT('',(35.35,38.08));
#3111 = CARTESIAN_POINT('',(17.55,38.08));
#3112 = ( GEOMETRIC_REPRESENTATION_CONTEXT(2) 
PARAMETRIC_REPRESENTATION_CONTEXT() REPRESENTATION_CONTEXT('2D SPACE',''
  ) );
#3113 = PCURVE('',#3114,#3119);
#3114 = PLANE('',#3115);
#3115 = AXIS2_PLACEMENT_3D('',#3116,#3117,#3118);
#3116 = CARTESIAN_POINT('',(-27.95,-13.17,5.35));
#3117 = DIRECTION('',(0.,1.,0.));
#3118 = DIRECTION('',(0.,0.,1.));
#3119 = DEFINITIONAL_REPRESENTATION('',(#3120),#3123);
#3120 = B_SPLINE_CURVE_WITH_KNOTS('',1,(#3121,#3122),.UNSPECIFIED.,.F.,
  .F.,(2,2),(-26.575,-8.775),.PIECEWISE_BEZIER_KNOTS.);
#3121 = CARTESIAN_POINT('',(0.55,17.8));
#3122 = CARTESIAN_POINT('',(0.55,0.));
#3123 = ( GEOMETRIC_REPRESENTATION_CONTEXT(2) 
PARAMETRIC_REPRESENTATION_CONTEXT() REPRESENTATION_CONTEXT('2D SPACE',''
  ) );
#3124 = ORIENTED_EDGE('',*,*,#3125,.T.);
#3125 = EDGE_CURVE('',#3100,#3126,#3128,.T.);
#3126 = VERTEX_POINT('',#3127);
#3127 = CARTESIAN_POINT('',(-27.95,4.63,5.9));
#3128 = SURFACE_CURVE('',#3129,(#3133,#3139),.PCURVE_S1.);
#3129 = LINE('',#3130,#3131);
#3130 = CARTESIAN_POINT('',(-27.95,-32.21,5.9));
#3131 = VECTOR('',#3132,1.);
#3132 = DIRECTION('',(0.,1.,0.));
#3133 = PCURVE('',#126,#3134);
#3134 = DEFINITIONAL_REPRESENTATION('',(#3135),#3138);
#3135 = B_SPLINE_CURVE_WITH_KNOTS('',1,(#3136,#3137),.UNSPECIFIED.,.F.,
  .F.,(2,2),(19.04,36.84),.PIECEWISE_BEZIER_KNOTS.);
#3136 = CARTESIAN_POINT('',(17.55,38.08));
#3137 = CARTESIAN_POINT('',(17.55,55.88));
#3138 = ( GEOMETRIC_REPRESENTATION_CONTEXT(2) 
PARAMETRIC_REPRESENTATION_CONTEXT() REPRESENTATION_CONTEXT('2D SPACE',''
  ) );
#3139 = PCURVE('',#3140,#3145);
#3140 = PLANE('',#3141);
#3141 = AXIS2_PLACEMENT_3D('',#3142,#3143,#3144);
#3142 = CARTESIAN_POINT('',(-27.95,-13.17,5.35));
#3143 = DIRECTION('',(1.,0.,0.));
#3144 = DIRECTION('',(0.,0.,1.));
#3145 = DEFINITIONAL_REPRESENTATION('',(#3146),#3149);
#3146 = B_SPLINE_CURVE_WITH_KNOTS('',1,(#3147,#3148),.UNSPECIFIED.,.F.,
  .F.,(2,2),(19.04,36.84),.PIECEWISE_BEZIER_KNOTS.);
#3147 = CARTESIAN_POINT('',(0.55,0.));
#3148 = CARTESIAN_POINT('',(0.55,-17.8));
#3149 = ( GEOMETRIC_REPRESENTATION_CONTEXT(2) 
PARAMETRIC_REPRESENTATION_CONTEXT() REPRESENTATION_CONTEXT('2D SPACE',''
  ) );
#3150 = ORIENTED_EDGE('',*,*,#3151,.F.);
#3151 = EDGE_CURVE('',#3152,#3126,#3154,.T.);
#3152 = VERTEX_POINT('',#3153);
#3153 = CARTESIAN_POINT('',(-10.15,4.63,5.9));
#3154 = SURFACE_CURVE('',#3155,(#3159,#3165),.PCURVE_S1.);
#3155 = LINE('',#3156,#3157);
#3156 = CARTESIAN_POINT('',(-36.725,4.63,5.9));
#3157 = VECTOR('',#3158,1.);
#3158 = DIRECTION('',(-1.,0.,0.));
#3159 = PCURVE('',#126,#3160);
#3160 = DEFINITIONAL_REPRESENTATION('',(#3161),#3164);
#3161 = B_SPLINE_CURVE_WITH_KNOTS('',1,(#3162,#3163),.UNSPECIFIED.,.F.,
  .F.,(2,2),(-26.575,-8.775),.PIECEWISE_BEZIER_KNOTS.);
#3162 = CARTESIAN_POINT('',(35.35,55.88));
#3163 = CARTESIAN_POINT('',(17.55,55.88));
#3164 = ( GEOMETRIC_REPRESENTATION_CONTEXT(2) 
PARAMETRIC_REPRESENTATION_CONTEXT() REPRESENTATION_CONTEXT('2D SPACE',''
  ) );
#3165 = PCURVE('',#3166,#3171);
#3166 = PLANE('',#3167);
#3167 = AXIS2_PLACEMENT_3D('',#3168,#3169,#3170);
#3168 = CARTESIAN_POINT('',(-27.95,4.63,5.35));
#3169 = DIRECTION('',(0.,1.,0.));
#3170 = DIRECTION('',(0.,0.,1.));
#3171 = DEFINITIONAL_REPRESENTATION('',(#3172),#3175);
#3172 = B_SPLINE_CURVE_WITH_KNOTS('',1,(#3173,#3174),.UNSPECIFIED.,.F.,
  .F.,(2,2),(-26.575,-8.775),.PIECEWISE_BEZIER_KNOTS.);
#3173 = CARTESIAN_POINT('',(0.55,17.8));
#3174 = CARTESIAN_POINT('',(0.55,0.));
#3175 = ( GEOMETRIC_REPRESENTATION_CONTEXT(2) 
PARAMETRIC_REPRESENTATION_CONTEXT() REPRESENTATION_CONTEXT('2D SPACE',''
  ) );
#3176 = ORIENTED_EDGE('',*,*,#3177,.F.);
#3177 = EDGE_CURVE('',#3098,#3152,#3178,.T.);
#3178 = SURFACE_CURVE('',#3179,(#3183,#3189),.PCURVE_S1.);
#3179 = LINE('',#3180,#3181);
#3180 = CARTESIAN_POINT('',(-10.15,-32.21,5.9));
#3181 = VECTOR('',#3182,1.);
#3182 = DIRECTION('',(0.,1.,0.));
#3183 = PCURVE('',#126,#3184);
#3184 = DEFINITIONAL_REPRESENTATION('',(#3185),#3188);
#3185 = B_SPLINE_CURVE_WITH_KNOTS('',1,(#3186,#3187),.UNSPECIFIED.,.F.,
  .F.,(2,2),(19.04,36.84),.PIECEWISE_BEZIER_KNOTS.);
#3186 = CARTESIAN_POINT('',(35.35,38.08));
#3187 = CARTESIAN_POINT('',(35.35,55.88));
#3188 = ( GEOMETRIC_REPRESENTATION_CONTEXT(2) 
PARAMETRIC_REPRESENTATION_CONTEXT() REPRESENTATION_CONTEXT('2D SPACE',''
  ) );
#3189 = PCURVE('',#3190,#3195);
#3190 = PLANE('',#3191);
#3191 = AXIS2_PLACEMENT_3D('',#3192,#3193,#3194);
#3192 = CARTESIAN_POINT('',(-10.15,-13.17,5.35));
#3193 = DIRECTION('',(1.,0.,0.));
#3194 = DIRECTION('',(0.,0.,1.));
#3195 = DEFINITIONAL_REPRESENTATION('',(#3196),#3199);
#3196 = B_SPLINE_CURVE_WITH_KNOTS('',1,(#3197,#3198),.UNSPECIFIED.,.F.,
  .F.,(2,2),(19.04,36.84),.PIECEWISE_BEZIER_KNOTS.);
#3197 = CARTESIAN_POINT('',(0.55,0.));
#3198 = CARTESIAN_POINT('',(0.55,-17.8));
#3199 = ( GEOMETRIC_REPRESENTATION_CONTEXT(2) 
PARAMETRIC_REPRESENTATION_CONTEXT() REPRESENTATION_CONTEXT('2D SPACE',''
  ) );
#3200 = FACE_BOUND('',#3201,.T.);
#3201 = EDGE_LOOP('',(#3202,#3230,#3256,#3282));
#3202 = ORIENTED_EDGE('',*,*,#3203,.T.);
#3203 = EDGE_CURVE('',#3204,#3206,#3208,.T.);
#3204 = VERTEX_POINT('',#3205);
#3205 = CARTESIAN_POINT('',(8.9,-32.22,5.9));
#3206 = VERTEX_POINT('',#3207);
#3207 = CARTESIAN_POINT('',(-8.9,-32.22,5.9));
#3208 = SURFACE_CURVE('',#3209,(#3213,#3219),.PCURVE_S1.);
#3209 = LINE('',#3210,#3211);
#3210 = CARTESIAN_POINT('',(-27.2,-32.22,5.9));
#3211 = VECTOR('',#3212,1.);
#3212 = DIRECTION('',(-1.,0.,0.));
#3213 = PCURVE('',#126,#3214);
#3214 = DEFINITIONAL_REPRESENTATION('',(#3215),#3218);
#3215 = B_SPLINE_CURVE_WITH_KNOTS('',1,(#3216,#3217),.UNSPECIFIED.,.F.,
  .F.,(2,2),(-36.1,-18.3),.PIECEWISE_BEZIER_KNOTS.);
#3216 = CARTESIAN_POINT('',(54.4,19.03));
#3217 = CARTESIAN_POINT('',(36.6,19.03));
#3218 = ( GEOMETRIC_REPRESENTATION_CONTEXT(2) 
PARAMETRIC_REPRESENTATION_CONTEXT() REPRESENTATION_CONTEXT('2D SPACE',''
  ) );
#3219 = PCURVE('',#3220,#3225);
#3220 = PLANE('',#3221);
#3221 = AXIS2_PLACEMENT_3D('',#3222,#3223,#3224);
#3222 = CARTESIAN_POINT('',(-8.9,-32.22,5.35));
#3223 = DIRECTION('',(0.,1.,0.));
#3224 = DIRECTION('',(0.,0.,1.));
#3225 = DEFINITIONAL_REPRESENTATION('',(#3226),#3229);
#3226 = B_SPLINE_CURVE_WITH_KNOTS('',1,(#3227,#3228),.UNSPECIFIED.,.F.,
  .F.,(2,2),(-36.1,-18.3),.PIECEWISE_BEZIER_KNOTS.);
#3227 = CARTESIAN_POINT('',(0.55,17.8));
#3228 = CARTESIAN_POINT('',(0.55,0.));
#3229 = ( GEOMETRIC_REPRESENTATION_CONTEXT(2) 
PARAMETRIC_REPRESENTATION_CONTEXT() REPRESENTATION_CONTEXT('2D SPACE',''
  ) );
#3230 = ORIENTED_EDGE('',*,*,#3231,.T.);
#3231 = EDGE_CURVE('',#3206,#3232,#3234,.T.);
#3232 = VERTEX_POINT('',#3233);
#3233 = CARTESIAN_POINT('',(-8.9,-14.42,5.9));
#3234 = SURFACE_CURVE('',#3235,(#3239,#3245),.PCURVE_S1.);
#3235 = LINE('',#3236,#3237);
#3236 = CARTESIAN_POINT('',(-8.9,-41.735,5.9));
#3237 = VECTOR('',#3238,1.);
#3238 = DIRECTION('',(0.,1.,0.));
#3239 = PCURVE('',#126,#3240);
#3240 = DEFINITIONAL_REPRESENTATION('',(#3241),#3244);
#3241 = B_SPLINE_CURVE_WITH_KNOTS('',1,(#3242,#3243),.UNSPECIFIED.,.F.,
  .F.,(2,2),(9.515,27.315),.PIECEWISE_BEZIER_KNOTS.);
#3242 = CARTESIAN_POINT('',(36.6,19.03));
#3243 = CARTESIAN_POINT('',(36.6,36.83));
#3244 = ( GEOMETRIC_REPRESENTATION_CONTEXT(2) 
PARAMETRIC_REPRESENTATION_CONTEXT() REPRESENTATION_CONTEXT('2D SPACE',''
  ) );
#3245 = PCURVE('',#3246,#3251);
#3246 = PLANE('',#3247);
#3247 = AXIS2_PLACEMENT_3D('',#3248,#3249,#3250);
#3248 = CARTESIAN_POINT('',(-8.9,-32.22,5.35));
#3249 = DIRECTION('',(1.,0.,0.));
#3250 = DIRECTION('',(0.,0.,1.));
#3251 = DEFINITIONAL_REPRESENTATION('',(#3252),#3255);
#3252 = B_SPLINE_CURVE_WITH_KNOTS('',1,(#3253,#3254),.UNSPECIFIED.,.F.,
  .F.,(2,2),(9.515,27.315),.PIECEWISE_BEZIER_KNOTS.);
#3253 = CARTESIAN_POINT('',(0.55,0.));
#3254 = CARTESIAN_POINT('',(0.55,-17.8));
#3255 = ( GEOMETRIC_REPRESENTATION_CONTEXT(2) 
PARAMETRIC_REPRESENTATION_CONTEXT() REPRESENTATION_CONTEXT('2D SPACE',''
  ) );
#3256 = ORIENTED_EDGE('',*,*,#3257,.F.);
#3257 = EDGE_CURVE('',#3258,#3232,#3260,.T.);
#3258 = VERTEX_POINT('',#3259);
#3259 = CARTESIAN_POINT('',(8.9,-14.42,5.9));
#3260 = SURFACE_CURVE('',#3261,(#3265,#3271),.PCURVE_S1.);
#3261 = LINE('',#3262,#3263);
#3262 = CARTESIAN_POINT('',(-27.2,-14.42,5.9));
#3263 = VECTOR('',#3264,1.);
#3264 = DIRECTION('',(-1.,0.,0.));
#3265 = PCURVE('',#126,#3266);
#3266 = DEFINITIONAL_REPRESENTATION('',(#3267),#3270);
#3267 = B_SPLINE_CURVE_WITH_KNOTS('',1,(#3268,#3269),.UNSPECIFIED.,.F.,
  .F.,(2,2),(-36.1,-18.3),.PIECEWISE_BEZIER_KNOTS.);
#3268 = CARTESIAN_POINT('',(54.4,36.83));
#3269 = CARTESIAN_POINT('',(36.6,36.83));
#3270 = ( GEOMETRIC_REPRESENTATION_CONTEXT(2) 
PARAMETRIC_REPRESENTATION_CONTEXT() REPRESENTATION_CONTEXT('2D SPACE',''
  ) );
#3271 = PCURVE('',#3272,#3277);
#3272 = PLANE('',#3273);
#3273 = AXIS2_PLACEMENT_3D('',#3274,#3275,#3276);
#3274 = CARTESIAN_POINT('',(-8.9,-14.42,5.35));
#3275 = DIRECTION('',(0.,1.,0.));
#3276 = DIRECTION('',(0.,0.,1.));
#3277 = DEFINITIONAL_REPRESENTATION('',(#3278),#3281);
#3278 = B_SPLINE_CURVE_WITH_KNOTS('',1,(#3279,#3280),.UNSPECIFIED.,.F.,
  .F.,(2,2),(-36.1,-18.3),.PIECEWISE_BEZIER_KNOTS.);
#3279 = CARTESIAN_POINT('',(0.55,17.8));
#3280 = CARTESIAN_POINT('',(0.55,0.));
#3281 = ( GEOMETRIC_REPRESENTATION_CONTEXT(2) 
PARAMETRIC_REPRESENTATION_CONTEXT() REPRESENTATION_CONTEXT('2D SPACE',''
  ) );
#3282 = ORIENTED_EDGE('',*,*,#3283,.F.);
#3283 = EDGE_CURVE('',#3204,#3258,#3284,.T.);
#3284 = SURFACE_CURVE('',#3285,(#3289,#3295),.PCURVE_S1.);
#3285 = LINE('',#3286,#3287);
#3286 = CARTESIAN_POINT('',(8.9,-41.735,5.9));
#3287 = VECTOR('',#3288,1.);
#3288 = DIRECTION('',(0.,1.,0.));
#3289 = PCURVE('',#126,#3290);
#3290 = DEFINITIONAL_REPRESENTATION('',(#3291),#3294);
#3291 = B_SPLINE_CURVE_WITH_KNOTS('',1,(#3292,#3293),.UNSPECIFIED.,.F.,
  .F.,(2,2),(9.515,27.315),.PIECEWISE_BEZIER_KNOTS.);
#3292 = CARTESIAN_POINT('',(54.4,19.03));
#3293 = CARTESIAN_POINT('',(54.4,36.83));
#3294 = ( GEOMETRIC_REPRESENTATION_CONTEXT(2) 
PARAMETRIC_REPRESENTATION_CONTEXT() REPRESENTATION_CONTEXT('2D SPACE',''
  ) );
#3295 = PCURVE('',#3296,#3301);
#3296 = PLANE('',#3297);
#3297 = AXIS2_PLACEMENT_3D('',#3298,#3299,#3300);
#3298 = CARTESIAN_POINT('',(8.9,-32.22,5.35));
#3299 = DIRECTION('',(1.,0.,0.));
#3300 = DIRECTION('',(0.,0.,1.));
#3301 = DEFINITIONAL_REPRESENTATION('',(#3302),#3305);
#3302 = B_SPLINE_CURVE_WITH_KNOTS('',1,(#3303,#3304),.UNSPECIFIED.,.F.,
  .F.,(2,2),(9.515,27.315),.PIECEWISE_BEZIER_KNOTS.);
#3303 = CARTESIAN_POINT('',(0.55,0.));
#3304 = CARTESIAN_POINT('',(0.55,-17.8));
#3305 = ( GEOMETRIC_REPRESENTATION_CONTEXT(2) 
PARAMETRIC_REPRESENTATION_CONTEXT() REPRESENTATION_CONTEXT('2D SPACE',''
  ) );
#3306 = FACE_BOUND('',#3307,.T.);
#3307 = EDGE_LOOP('',(#3308,#3336,#3362,#3388));
#3308 = ORIENTED_EDGE('',*,*,#3309,.T.);
#3309 = EDGE_CURVE('',#3310,#3312,#3314,.T.);
#3310 = VERTEX_POINT('',#3311);
#3311 = CARTESIAN_POINT('',(27.95,-32.22,5.9));
#3312 = VERTEX_POINT('',#3313);
#3313 = CARTESIAN_POINT('',(10.15,-32.22,5.9));
#3314 = SURFACE_CURVE('',#3315,(#3319,#3325),.PCURVE_S1.);
#3315 = LINE('',#3316,#3317);
#3316 = CARTESIAN_POINT('',(-17.675,-32.22,5.9));
#3317 = VECTOR('',#3318,1.);
#3318 = DIRECTION('',(-1.,0.,0.));
#3319 = PCURVE('',#126,#3320);
#3320 = DEFINITIONAL_REPRESENTATION('',(#3321),#3324);
#3321 = B_SPLINE_CURVE_WITH_KNOTS('',1,(#3322,#3323),.UNSPECIFIED.,.F.,
  .F.,(2,2),(-45.625,-27.825),.PIECEWISE_BEZIER_KNOTS.);
#3322 = CARTESIAN_POINT('',(73.45,19.03));
#3323 = CARTESIAN_POINT('',(55.65,19.03));
#3324 = ( GEOMETRIC_REPRESENTATION_CONTEXT(2) 
PARAMETRIC_REPRESENTATION_CONTEXT() REPRESENTATION_CONTEXT('2D SPACE',''
  ) );
#3325 = PCURVE('',#3326,#3331);
#3326 = PLANE('',#3327);
#3327 = AXIS2_PLACEMENT_3D('',#3328,#3329,#3330);
#3328 = CARTESIAN_POINT('',(10.15,-32.22,5.35));
#3329 = DIRECTION('',(0.,1.,0.));
#3330 = DIRECTION('',(0.,0.,1.));
#3331 = DEFINITIONAL_REPRESENTATION('',(#3332),#3335);
#3332 = B_SPLINE_CURVE_WITH_KNOTS('',1,(#3333,#3334),.UNSPECIFIED.,.F.,
  .F.,(2,2),(-45.625,-27.825),.PIECEWISE_BEZIER_KNOTS.);
#3333 = CARTESIAN_POINT('',(0.55,17.8));
#3334 = CARTESIAN_POINT('',(0.55,0.));
#3335 = ( GEOMETRIC_REPRESENTATION_CONTEXT(2) 
PARAMETRIC_REPRESENTATION_CONTEXT() REPRESENTATION_CONTEXT('2D SPACE',''
  ) );
#3336 = ORIENTED_EDGE('',*,*,#3337,.T.);
#3337 = EDGE_CURVE('',#3312,#3338,#3340,.T.);
#3338 = VERTEX_POINT('',#3339);
#3339 = CARTESIAN_POINT('',(10.15,-14.42,5.9));
#3340 = SURFACE_CURVE('',#3341,(#3345,#3351),.PCURVE_S1.);
#3341 = LINE('',#3342,#3343);
#3342 = CARTESIAN_POINT('',(10.15,-41.735,5.9));
#3343 = VECTOR('',#3344,1.);
#3344 = DIRECTION('',(0.,1.,0.));
#3345 = PCURVE('',#126,#3346);
#3346 = DEFINITIONAL_REPRESENTATION('',(#3347),#3350);
#3347 = B_SPLINE_CURVE_WITH_KNOTS('',1,(#3348,#3349),.UNSPECIFIED.,.F.,
  .F.,(2,2),(9.515,27.315),.PIECEWISE_BEZIER_KNOTS.);
#3348 = CARTESIAN_POINT('',(55.65,19.03));
#3349 = CARTESIAN_POINT('',(55.65,36.83));
#3350 = ( GEOMETRIC_REPRESENTATION_CONTEXT(2) 
PARAMETRIC_REPRESENTATION_CONTEXT() REPRESENTATION_CONTEXT('2D SPACE',''
  ) );
#3351 = PCURVE('',#3352,#3357);
#3352 = PLANE('',#3353);
#3353 = AXIS2_PLACEMENT_3D('',#3354,#3355,#3356);
#3354 = CARTESIAN_POINT('',(10.15,-32.22,5.35));
#3355 = DIRECTION('',(1.,0.,0.));
#3356 = DIRECTION('',(0.,0.,1.));
#3357 = DEFINITIONAL_REPRESENTATION('',(#3358),#3361);
#3358 = B_SPLINE_CURVE_WITH_KNOTS('',1,(#3359,#3360),.UNSPECIFIED.,.F.,
  .F.,(2,2),(9.515,27.315),.PIECEWISE_BEZIER_KNOTS.);
#3359 = CARTESIAN_POINT('',(0.55,0.));
#3360 = CARTESIAN_POINT('',(0.55,-17.8));
#3361 = ( GEOMETRIC_REPRESENTATION_CONTEXT(2) 
PARAMETRIC_REPRESENTATION_CONTEXT() REPRESENTATION_CONTEXT('2D SPACE',''
  ) );
#3362 = ORIENTED_EDGE('',*,*,#3363,.F.);
#3363 = EDGE_CURVE('',#3364,#3338,#3366,.T.);
#3364 = VERTEX_POINT('',#3365);
#3365 = CARTESIAN_POINT('',(27.95,-14.42,5.9));
#3366 = SURFACE_CURVE('',#3367,(#3371,#3377),.PCURVE_S1.);
#3367 = LINE('',#3368,#3369);
#3368 = CARTESIAN_POINT('',(-17.675,-14.42,5.9));
#3369 = VECTOR('',#3370,1.);
#3370 = DIRECTION('',(-1.,0.,0.));
#3371 = PCURVE('',#126,#3372);
#3372 = DEFINITIONAL_REPRESENTATION('',(#3373),#3376);
#3373 = B_SPLINE_CURVE_WITH_KNOTS('',1,(#3374,#3375),.UNSPECIFIED.,.F.,
  .F.,(2,2),(-45.625,-27.825),.PIECEWISE_BEZIER_KNOTS.);
#3374 = CARTESIAN_POINT('',(73.45,36.83));
#3375 = CARTESIAN_POINT('',(55.65,36.83));
#3376 = ( GEOMETRIC_REPRESENTATION_CONTEXT(2) 
PARAMETRIC_REPRESENTATION_CONTEXT() REPRESENTATION_CONTEXT('2D SPACE',''
  ) );
#3377 = PCURVE('',#3378,#3383);
#3378 = PLANE('',#3379);
#3379 = AXIS2_PLACEMENT_3D('',#3380,#3381,#3382);
#3380 = CARTESIAN_POINT('',(10.15,-14.42,5.35));
#3381 = DIRECTION('',(0.,1.,0.));
#3382 = DIRECTION('',(0.,0.,1.));
#3383 = DEFINITIONAL_REPRESENTATION('',(#3384),#3387);
#3384 = B_SPLINE_CURVE_WITH_KNOTS('',1,(#3385,#3386),.UNSPECIFIED.,.F.,
  .F.,(2,2),(-45.625,-27.825),.PIECEWISE_BEZIER_KNOTS.);
#3385 = CARTESIAN_POINT('',(0.55,17.8));
#3386 = CARTESIAN_POINT('',(0.55,0.));
#3387 = ( GEOMETRIC_REPRESENTATION_CONTEXT(2) 
PARAMETRIC_REPRESENTATION_CONTEXT() REPRESENTATION_CONTEXT('2D SPACE',''
  ) );
#3388 = ORIENTED_EDGE('',*,*,#3389,.F.);
#3389 = EDGE_CURVE('',#3310,#3364,#3390,.T.);
#3390 = SURFACE_CURVE('',#3391,(#3395,#3401),.PCURVE_S1.);
#3391 = LINE('',#3392,#3393);
#3392 = CARTESIAN_POINT('',(27.95,-41.735,5.9));
#3393 = VECTOR('',#3394,1.);
#3394 = DIRECTION('',(0.,1.,0.));
#3395 = PCURVE('',#126,#3396);
#3396 = DEFINITIONAL_REPRESENTATION('',(#3397),#3400);
#3397 = B_SPLINE_CURVE_WITH_KNOTS('',1,(#3398,#3399),.UNSPECIFIED.,.F.,
  .F.,(2,2),(9.515,27.315),.PIECEWISE_BEZIER_KNOTS.);
#3398 = CARTESIAN_POINT('',(73.45,19.03));
#3399 = CARTESIAN_POINT('',(73.45,36.83));
#3400 = ( GEOMETRIC_REPRESENTATION_CONTEXT(2) 
PARAMETRIC_REPRESENTATION_CONTEXT() REPRESENTATION_CONTEXT('2D SPACE',''
  ) );
#3401 = PCURVE('',#3402,#3407);
#3402 = PLANE('',#3403);
#3403 = AXIS2_PLACEMENT_3D('',#3404,#3405,#3406);
#3404 = CARTESIAN_POINT('',(27.95,-32.22,5.35));
#3405 = DIRECTION('',(1.,0.,0.));
#3406 = DIRECTION('',(0.,0.,1.));
#3407 = DEFINITIONAL_REPRESENTATION('',(#3408),#3411);
#3408 = B_SPLINE_CURVE_WITH_KNOTS('',1,(#3409,#3410),.UNSPECIFIED.,.F.,
  .F.,(2,2),(9.515,27.315),.PIECEWISE_BEZIER_KNOTS.);
#3409 = CARTESIAN_POINT('',(0.55,0.));
#3410 = CARTESIAN_POINT('',(0.55,-17.8));
#3411 = ( GEOMETRIC_REPRESENTATION_CONTEXT(2) 
PARAMETRIC_REPRESENTATION_CONTEXT() REPRESENTATION_CONTEXT('2D SPACE',''
  ) );
#3412 = FACE_BOUND('',#3413,.T.);
#3413 = EDGE_LOOP('',(#3414));
#3414 = ORIENTED_EDGE('',*,*,#3415,.T.);
#3415 = EDGE_CURVE('',#3416,#3416,#3418,.T.);
#3416 = VERTEX_POINT('',#3417);
#3417 = CARTESIAN_POINT('',(39.575,-41.16,5.9));
#3418 = SURFACE_CURVE('',#3419,(#3424,#3435),.PCURVE_S1.);
#3419 = CIRCLE('',#3420,3.6);
#3420 = AXIS2_PLACEMENT_3D('',#3421,#3422,#3423);
#3421 = CARTESIAN_POINT('',(35.975,-41.16,5.9));
#3422 = DIRECTION('',(0.,0.,-1.));
#3423 = DIRECTION('',(1.,0.,0.));
#3424 = PCURVE('',#126,#3425);
#3425 = DEFINITIONAL_REPRESENTATION('',(#3426),#3434);
#3426 = ( BOUNDED_CURVE() B_SPLINE_CURVE(2,(#3427,#3428,#3429,#3430,
#3431,#3432,#3433),.UNSPECIFIED.,.T.,.F.) B_SPLINE_CURVE_WITH_KNOTS((1,2
    ,2,2,2,1),(-2.094395102393,0.,2.094395102393,4.188790204786,
6.28318530718,8.377580409573),.UNSPECIFIED.) CURVE() 
GEOMETRIC_REPRESENTATION_ITEM() RATIONAL_B_SPLINE_CURVE((1.,0.5,1.,0.5,
1.,0.5,1.)) REPRESENTATION_ITEM('') );
#3427 = CARTESIAN_POINT('',(85.075,10.09));
#3428 = CARTESIAN_POINT('',(85.075,3.854617092752));
#3429 = CARTESIAN_POINT('',(79.675,6.972308546376));
#3430 = CARTESIAN_POINT('',(74.275,10.09));
#3431 = CARTESIAN_POINT('',(79.675,13.207691453624));
#3432 = CARTESIAN_POINT('',(85.075,16.325382907248));
#3433 = CARTESIAN_POINT('',(85.075,10.09));
#3434 = ( GEOMETRIC_REPRESENTATION_CONTEXT(2) 
PARAMETRIC_REPRESENTATION_CONTEXT() REPRESENTATION_CONTEXT('2D SPACE',''
  ) );
#3435 = PCURVE('',#3436,#3441);
#3436 = CYLINDRICAL_SURFACE('',#3437,3.6);
#3437 = AXIS2_PLACEMENT_3D('',#3438,#3439,#3440);
#3438 = CARTESIAN_POINT('',(35.975,-41.16,5.35));
#3439 = DIRECTION('',(-0.,-0.,-1.));
#3440 = DIRECTION('',(1.,0.,0.));
#3441 = DEFINITIONAL_REPRESENTATION('',(#3442),#3446);
#3442 = LINE('',#3443,#3444);
#3443 = CARTESIAN_POINT('',(-6.28318530718,-0.55));
#3444 = VECTOR('',#3445,1.);
#3445 = DIRECTION('',(1.,-0.));
#3446 = ( GEOMETRIC_REPRESENTATION_CONTEXT(2) 
PARAMETRIC_REPRESENTATION_CONTEXT() REPRESENTATION_CONTEXT('2D SPACE',''
  ) );
#3447 = FACE_BOUND('',#3448,.T.);
#3448 = EDGE_LOOP('',(#3449,#3477,#3503,#3529));
#3449 = ORIENTED_EDGE('',*,*,#3450,.T.);
#3450 = EDGE_CURVE('',#3451,#3453,#3455,.T.);
#3451 = VERTEX_POINT('',#3452);
#3452 = CARTESIAN_POINT('',(8.9,-13.17,5.9));
#3453 = VERTEX_POINT('',#3454);
#3454 = CARTESIAN_POINT('',(-8.9,-13.17,5.9));
#3455 = SURFACE_CURVE('',#3456,(#3460,#3466),.PCURVE_S1.);
#3456 = LINE('',#3457,#3458);
#3457 = CARTESIAN_POINT('',(-27.2,-13.17,5.9));
#3458 = VECTOR('',#3459,1.);
#3459 = DIRECTION('',(-1.,0.,0.));
#3460 = PCURVE('',#126,#3461);
#3461 = DEFINITIONAL_REPRESENTATION('',(#3462),#3465);
#3462 = B_SPLINE_CURVE_WITH_KNOTS('',1,(#3463,#3464),.UNSPECIFIED.,.F.,
  .F.,(2,2),(-36.1,-18.3),.PIECEWISE_BEZIER_KNOTS.);
#3463 = CARTESIAN_POINT('',(54.4,38.08));
#3464 = CARTESIAN_POINT('',(36.6,38.08));
#3465 = ( GEOMETRIC_REPRESENTATION_CONTEXT(2) 
PARAMETRIC_REPRESENTATION_CONTEXT() REPRESENTATION_CONTEXT('2D SPACE',''
  ) );
#3466 = PCURVE('',#3467,#3472);
#3467 = PLANE('',#3468);
#3468 = AXIS2_PLACEMENT_3D('',#3469,#3470,#3471);
#3469 = CARTESIAN_POINT('',(-8.9,-13.17,5.35));
#3470 = DIRECTION('',(0.,1.,0.));
#3471 = DIRECTION('',(0.,0.,1.));
#3472 = DEFINITIONAL_REPRESENTATION('',(#3473),#3476);
#3473 = B_SPLINE_CURVE_WITH_KNOTS('',1,(#3474,#3475),.UNSPECIFIED.,.F.,
  .F.,(2,2),(-36.1,-18.3),.PIECEWISE_BEZIER_KNOTS.);
#3474 = CARTESIAN_POINT('',(0.55,17.8));
#3475 = CARTESIAN_POINT('',(0.55,0.));
#3476 = ( GEOMETRIC_REPRESENTATION_CONTEXT(2) 
PARAMETRIC_REPRESENTATION_CONTEXT() REPRESENTATION_CONTEXT('2D SPACE',''
  ) );
#3477 = ORIENTED_EDGE('',*,*,#3478,.T.);
#3478 = EDGE_CURVE('',#3453,#3479,#3481,.T.);
#3479 = VERTEX_POINT('',#3480);
#3480 = CARTESIAN_POINT('',(-8.9,4.63,5.9));
#3481 = SURFACE_CURVE('',#3482,(#3486,#3492),.PCURVE_S1.);
#3482 = LINE('',#3483,#3484);
#3483 = CARTESIAN_POINT('',(-8.9,-32.21,5.9));
#3484 = VECTOR('',#3485,1.);
#3485 = DIRECTION('',(0.,1.,0.));
#3486 = PCURVE('',#126,#3487);
#3487 = DEFINITIONAL_REPRESENTATION('',(#3488),#3491);
#3488 = B_SPLINE_CURVE_WITH_KNOTS('',1,(#3489,#3490),.UNSPECIFIED.,.F.,
  .F.,(2,2),(19.04,36.84),.PIECEWISE_BEZIER_KNOTS.);
#3489 = CARTESIAN_POINT('',(36.6,38.08));
#3490 = CARTESIAN_POINT('',(36.6,55.88));
#3491 = ( GEOMETRIC_REPRESENTATION_CONTEXT(2) 
PARAMETRIC_REPRESENTATION_CONTEXT() REPRESENTATION_CONTEXT('2D SPACE',''
  ) );
#3492 = PCURVE('',#3493,#3498);
#3493 = PLANE('',#3494);
#3494 = AXIS2_PLACEMENT_3D('',#3495,#3496,#3497);
#3495 = CARTESIAN_POINT('',(-8.9,-13.17,5.35));
#3496 = DIRECTION('',(1.,0.,0.));
#3497 = DIRECTION('',(0.,0.,1.));
#3498 = DEFINITIONAL_REPRESENTATION('',(#3499),#3502);
#3499 = B_SPLINE_CURVE_WITH_KNOTS('',1,(#3500,#3501),.UNSPECIFIED.,.F.,
  .F.,(2,2),(19.04,36.84),.PIECEWISE_BEZIER_KNOTS.);
#3500 = CARTESIAN_POINT('',(0.55,0.));
#3501 = CARTESIAN_POINT('',(0.55,-17.8));
#3502 = ( GEOMETRIC_REPRESENTATION_CONTEXT(2) 
PARAMETRIC_REPRESENTATION_CONTEXT() REPRESENTATION_CONTEXT('2D SPACE',''
  ) );
#3503 = ORIENTED_EDGE('',*,*,#3504,.F.);
#3504 = EDGE_CURVE('',#3505,#3479,#3507,.T.);
#3505 = VERTEX_POINT('',#3506);
#3506 = CARTESIAN_POINT('',(8.9,4.63,5.9));
#3507 = SURFACE_CURVE('',#3508,(#3512,#3518),.PCURVE_S1.);
#3508 = LINE('',#3509,#3510);
#3509 = CARTESIAN_POINT('',(-27.2,4.63,5.9));
#3510 = VECTOR('',#3511,1.);
#3511 = DIRECTION('',(-1.,0.,0.));
#3512 = PCURVE('',#126,#3513);
#3513 = DEFINITIONAL_REPRESENTATION('',(#3514),#3517);
#3514 = B_SPLINE_CURVE_WITH_KNOTS('',1,(#3515,#3516),.UNSPECIFIED.,.F.,
  .F.,(2,2),(-36.1,-18.3),.PIECEWISE_BEZIER_KNOTS.);
#3515 = CARTESIAN_POINT('',(54.4,55.88));
#3516 = CARTESIAN_POINT('',(36.6,55.88));
#3517 = ( GEOMETRIC_REPRESENTATION_CONTEXT(2) 
PARAMETRIC_REPRESENTATION_CONTEXT() REPRESENTATION_CONTEXT('2D SPACE',''
  ) );
#3518 = PCURVE('',#3519,#3524);
#3519 = PLANE('',#3520);
#3520 = AXIS2_PLACEMENT_3D('',#3521,#3522,#3523);
#3521 = CARTESIAN_POINT('',(-8.9,4.63,5.35));
#3522 = DIRECTION('',(0.,1.,0.));
#3523 = DIRECTION('',(0.,0.,1.));
#3524 = DEFINITIONAL_REPRESENTATION('',(#3525),#3528);
#3525 = B_SPLINE_CURVE_WITH_KNOTS('',1,(#3526,#3527),.UNSPECIFIED.,.F.,
  .F.,(2,2),(-36.1,-18.3),.PIECEWISE_BEZIER_KNOTS.);
#3526 = CARTESIAN_POINT('',(0.55,17.8));
#3527 = CARTESIAN_POINT('',(0.55,0.));
#3528 = ( GEOMETRIC_REPRESENTATION_CONTEXT(2) 
PARAMETRIC_REPRESENTATION_CONTEXT() REPRESENTATION_CONTEXT('2D SPACE',''
  ) );
#3529 = ORIENTED_EDGE('',*,*,#3530,.F.);
#3530 = EDGE_CURVE('',#3451,#3505,#3531,.T.);
#3531 = SURFACE_CURVE('',#3532,(#3536,#3542),.PCURVE_S1.);
#3532 = LINE('',#3533,#3534);
#3533 = CARTESIAN_POINT('',(8.9,-32.21,5.9));
#3534 = VECTOR('',#3535,1.);
#3535 = DIRECTION('',(0.,1.,0.));
#3536 = PCURVE('',#126,#3537);
#3537 = DEFINITIONAL_REPRESENTATION('',(#3538),#3541);
#3538 = B_SPLINE_CURVE_WITH_KNOTS('',1,(#3539,#3540),.UNSPECIFIED.,.F.,
  .F.,(2,2),(19.04,36.84),.PIECEWISE_BEZIER_KNOTS.);
#3539 = CARTESIAN_POINT('',(54.4,38.08));
#3540 = CARTESIAN_POINT('',(54.4,55.88));
#3541 = ( GEOMETRIC_REPRESENTATION_CONTEXT(2) 
PARAMETRIC_REPRESENTATION_CONTEXT() REPRESENTATION_CONTEXT('2D SPACE',''
  ) );
#3542 = PCURVE('',#3543,#3548);
#3543 = PLANE('',#3544);
#3544 = AXIS2_PLACEMENT_3D('',#3545,#3546,#3547);
#3545 = CARTESIAN_POINT('',(8.9,-13.17,5.35));
#3546 = DIRECTION('',(1.,0.,0.));
#3547 = DIRECTION('',(0.,0.,1.));
#3548 = DEFINITIONAL_REPRESENTATION('',(#3549),#3552);
#3549 = B_SPLINE_CURVE_WITH_KNOTS('',1,(#3550,#3551),.UNSPECIFIED.,.F.,
  .F.,(2,2),(19.04,36.84),.PIECEWISE_BEZIER_KNOTS.);
#3550 = CARTESIAN_POINT('',(0.55,0.));
#3551 = CARTESIAN_POINT('',(0.55,-17.8));
#3552 = ( GEOMETRIC_REPRESENTATION_CONTEXT(2) 
PARAMETRIC_REPRESENTATION_CONTEXT() REPRESENTATION_CONTEXT('2D SPACE',''
  ) );
#3553 = FACE_BOUND('',#3554,.T.);
#3554 = EDGE_LOOP('',(#3555,#3583,#3609,#3635));
#3555 = ORIENTED_EDGE('',*,*,#3556,.T.);
#3556 = EDGE_CURVE('',#3557,#3559,#3561,.T.);
#3557 = VERTEX_POINT('',#3558);
#3558 = CARTESIAN_POINT('',(27.95,-13.17,5.9));
#3559 = VERTEX_POINT('',#3560);
#3560 = CARTESIAN_POINT('',(10.15,-13.17,5.9));
#3561 = SURFACE_CURVE('',#3562,(#3566,#3572),.PCURVE_S1.);
#3562 = LINE('',#3563,#3564);
#3563 = CARTESIAN_POINT('',(-17.675,-13.17,5.9));
#3564 = VECTOR('',#3565,1.);
#3565 = DIRECTION('',(-1.,0.,0.));
#3566 = PCURVE('',#126,#3567);
#3567 = DEFINITIONAL_REPRESENTATION('',(#3568),#3571);
#3568 = B_SPLINE_CURVE_WITH_KNOTS('',1,(#3569,#3570),.UNSPECIFIED.,.F.,
  .F.,(2,2),(-45.625,-27.825),.PIECEWISE_BEZIER_KNOTS.);
#3569 = CARTESIAN_POINT('',(73.45,38.08));
#3570 = CARTESIAN_POINT('',(55.65,38.08));
#3571 = ( GEOMETRIC_REPRESENTATION_CONTEXT(2) 
PARAMETRIC_REPRESENTATION_CONTEXT() REPRESENTATION_CONTEXT('2D SPACE',''
  ) );
#3572 = PCURVE('',#3573,#3578);
#3573 = PLANE('',#3574);
#3574 = AXIS2_PLACEMENT_3D('',#3575,#3576,#3577);
#3575 = CARTESIAN_POINT('',(10.15,-13.17,5.35));
#3576 = DIRECTION('',(0.,1.,0.));
#3577 = DIRECTION('',(0.,0.,1.));
#3578 = DEFINITIONAL_REPRESENTATION('',(#3579),#3582);
#3579 = B_SPLINE_CURVE_WITH_KNOTS('',1,(#3580,#3581),.UNSPECIFIED.,.F.,
  .F.,(2,2),(-45.625,-27.825),.PIECEWISE_BEZIER_KNOTS.);
#3580 = CARTESIAN_POINT('',(0.55,17.8));
#3581 = CARTESIAN_POINT('',(0.55,0.));
#3582 = ( GEOMETRIC_REPRESENTATION_CONTEXT(2) 
PARAMETRIC_REPRESENTATION_CONTEXT() REPRESENTATION_CONTEXT('2D SPACE',''
  ) );
#3583 = ORIENTED_EDGE('',*,*,#3584,.T.);
#3584 = EDGE_CURVE('',#3559,#3585,#3587,.T.);
#3585 = VERTEX_POINT('',#3586);
#3586 = CARTESIAN_POINT('',(10.15,4.63,5.9));
#3587 = SURFACE_CURVE('',#3588,(#3592,#3598),.PCURVE_S1.);
#3588 = LINE('',#3589,#3590);
#3589 = CARTESIAN_POINT('',(10.15,-32.21,5.9));
#3590 = VECTOR('',#3591,1.);
#3591 = DIRECTION('',(0.,1.,0.));
#3592 = PCURVE('',#126,#3593);
#3593 = DEFINITIONAL_REPRESENTATION('',(#3594),#3597);
#3594 = B_SPLINE_CURVE_WITH_KNOTS('',1,(#3595,#3596),.UNSPECIFIED.,.F.,
  .F.,(2,2),(19.04,36.84),.PIECEWISE_BEZIER_KNOTS.);
#3595 = CARTESIAN_POINT('',(55.65,38.08));
#3596 = CARTESIAN_POINT('',(55.65,55.88));
#3597 = ( GEOMETRIC_REPRESENTATION_CONTEXT(2) 
PARAMETRIC_REPRESENTATION_CONTEXT() REPRESENTATION_CONTEXT('2D SPACE',''
  ) );
#3598 = PCURVE('',#3599,#3604);
#3599 = PLANE('',#3600);
#3600 = AXIS2_PLACEMENT_3D('',#3601,#3602,#3603);
#3601 = CARTESIAN_POINT('',(10.15,-13.17,5.35));
#3602 = DIRECTION('',(1.,0.,0.));
#3603 = DIRECTION('',(0.,0.,1.));
#3604 = DEFINITIONAL_REPRESENTATION('',(#3605),#3608);
#3605 = B_SPLINE_CURVE_WITH_KNOTS('',1,(#3606,#3607),.UNSPECIFIED.,.F.,
  .F.,(2,2),(19.04,36.84),.PIECEWISE_BEZIER_KNOTS.);
#3606 = CARTESIAN_POINT('',(0.55,0.));
#3607 = CARTESIAN_POINT('',(0.55,-17.8));
#3608 = ( GEOMETRIC_REPRESENTATION_CONTEXT(2) 
PARAMETRIC_REPRESENTATION_CONTEXT() REPRESENTATION_CONTEXT('2D SPACE',''
  ) );
#3609 = ORIENTED_EDGE('',*,*,#3610,.F.);
#3610 = EDGE_CURVE('',#3611,#3585,#3613,.T.);
#3611 = VERTEX_POINT('',#3612);
#3612 = CARTESIAN_POINT('',(27.95,4.63,5.9));
#3613 = SURFACE_CURVE('',#3614,(#3618,#3624),.PCURVE_S1.);
#3614 = LINE('',#3615,#3616);
#3615 = CARTESIAN_POINT('',(-17.675,4.63,5.9));
#3616 = VECTOR('',#3617,1.);
#3617 = DIRECTION('',(-1.,0.,0.));
#3618 = PCURVE('',#126,#3619);
#3619 = DEFINITIONAL_REPRESENTATION('',(#3620),#3623);
#3620 = B_SPLINE_CURVE_WITH_KNOTS('',1,(#3621,#3622),.UNSPECIFIED.,.F.,
  .F.,(2,2),(-45.625,-27.825),.PIECEWISE_BEZIER_KNOTS.);
#3621 = CARTESIAN_POINT('',(73.45,55.88));
#3622 = CARTESIAN_POINT('',(55.65,55.88));
#3623 = ( GEOMETRIC_REPRESENTATION_CONTEXT(2) 
PARAMETRIC_REPRESENTATION_CONTEXT() REPRESENTATION_CONTEXT('2D SPACE',''
  ) );
#3624 = PCURVE('',#3625,#3630);
#3625 = PLANE('',#3626);
#3626 = AXIS2_PLACEMENT_3D('',#3627,#3628,#3629);
#3627 = CARTESIAN_POINT('',(10.15,4.63,5.35));
#3628 = DIRECTION('',(0.,1.,0.));
#3629 = DIRECTION('',(0.,0.,1.));
#3630 = DEFINITIONAL_REPRESENTATION('',(#3631),#3634);
#3631 = B_SPLINE_CURVE_WITH_KNOTS('',1,(#3632,#3633),.UNSPECIFIED.,.F.,
  .F.,(2,2),(-45.625,-27.825),.PIECEWISE_BEZIER_KNOTS.);
#3632 = CARTESIAN_POINT('',(0.55,17.8));
#3633 = CARTESIAN_POINT('',(0.55,0.));
#3634 = ( GEOMETRIC_REPRESENTATION_CONTEXT(2) 
PARAMETRIC_REPRESENTATION_CONTEXT() REPRESENTATION_CONTEXT('2D SPACE',''
  ) );
#3635 = ORIENTED_EDGE('',*,*,#3636,.F.);
#3636 = EDGE_CURVE('',#3557,#3611,#3637,.T.);
#3637 = SURFACE_CURVE('',#3638,(#3642,#3648),.PCURVE_S1.);
#3638 = LINE('',#3639,#3640);
#3639 = CARTESIAN_POINT('',(27.95,-32.21,5.9));
#3640 = VECTOR('',#3641,1.);
#3641 = DIRECTION('',(0.,1.,0.));
#3642 = PCURVE('',#126,#3643);
#3643 = DEFINITIONAL_REPRESENTATION('',(#3644),#3647);
#3644 = B_SPLINE_CURVE_WITH_KNOTS('',1,(#3645,#3646),.UNSPECIFIED.,.F.,
  .F.,(2,2),(19.04,36.84),.PIECEWISE_BEZIER_KNOTS.);
#3645 = CARTESIAN_POINT('',(73.45,38.08));
#3646 = CARTESIAN_POINT('',(73.45,55.88));
#3647 = ( GEOMETRIC_REPRESENTATION_CONTEXT(2) 
PARAMETRIC_REPRESENTATION_CONTEXT() REPRESENTATION_CONTEXT('2D SPACE',''
  ) );
#3648 = PCURVE('',#3649,#3654);
#3649 = PLANE('',#3650);
#3650 = AXIS2_PLACEMENT_3D('',#3651,#3652,#3653);
#3651 = CARTESIAN_POINT('',(27.95,-13.17,5.35));
#3652 = DIRECTION('',(1.,0.,0.));
#3653 = DIRECTION('',(0.,0.,1.));
#3654 = DEFINITIONAL_REPRESENTATION('',(#3655),#3658);
#3655 = B_SPLINE_CURVE_WITH_KNOTS('',1,(#3656,#3657),.UNSPECIFIED.,.F.,
  .F.,(2,2),(19.04,36.84),.PIECEWISE_BEZIER_KNOTS.);
#3656 = CARTESIAN_POINT('',(0.55,0.));
#3657 = CARTESIAN_POINT('',(0.55,-17.8));
#3658 = ( GEOMETRIC_REPRESENTATION_CONTEXT(2) 
PARAMETRIC_REPRESENTATION_CONTEXT() REPRESENTATION_CONTEXT('2D SPACE',''
  ) );
#3659 = FACE_BOUND('',#3660,.T.);
#3660 = EDGE_LOOP('',(#3661,#3689,#3715,#3741));
#3661 = ORIENTED_EDGE('',*,*,#3662,.T.);
#3662 = EDGE_CURVE('',#3663,#3665,#3667,.T.);
#3663 = VERTEX_POINT('',#3664);
#3664 = CARTESIAN_POINT('',(-10.15,5.88,5.9));
#3665 = VERTEX_POINT('',#3666);
#3666 = CARTESIAN_POINT('',(-27.95,5.88,5.9));
#3667 = SURFACE_CURVE('',#3668,(#3672,#3678),.PCURVE_S1.);
#3668 = LINE('',#3669,#3670);
#3669 = CARTESIAN_POINT('',(-36.725,5.88,5.9));
#3670 = VECTOR('',#3671,1.);
#3671 = DIRECTION('',(-1.,0.,0.));
#3672 = PCURVE('',#126,#3673);
#3673 = DEFINITIONAL_REPRESENTATION('',(#3674),#3677);
#3674 = B_SPLINE_CURVE_WITH_KNOTS('',1,(#3675,#3676),.UNSPECIFIED.,.F.,
  .F.,(2,2),(-26.575,-8.775),.PIECEWISE_BEZIER_KNOTS.);
#3675 = CARTESIAN_POINT('',(35.35,57.13));
#3676 = CARTESIAN_POINT('',(17.55,57.13));
#3677 = ( GEOMETRIC_REPRESENTATION_CONTEXT(2) 
PARAMETRIC_REPRESENTATION_CONTEXT() REPRESENTATION_CONTEXT('2D SPACE',''
  ) );
#3678 = PCURVE('',#3679,#3684);
#3679 = PLANE('',#3680);
#3680 = AXIS2_PLACEMENT_3D('',#3681,#3682,#3683);
#3681 = CARTESIAN_POINT('',(-27.95,5.88,5.35));
#3682 = DIRECTION('',(0.,1.,0.));
#3683 = DIRECTION('',(0.,0.,1.));
#3684 = DEFINITIONAL_REPRESENTATION('',(#3685),#3688);
#3685 = B_SPLINE_CURVE_WITH_KNOTS('',1,(#3686,#3687),.UNSPECIFIED.,.F.,
  .F.,(2,2),(-26.575,-8.775),.PIECEWISE_BEZIER_KNOTS.);
#3686 = CARTESIAN_POINT('',(0.55,17.8));
#3687 = CARTESIAN_POINT('',(0.55,0.));
#3688 = ( GEOMETRIC_REPRESENTATION_CONTEXT(2) 
PARAMETRIC_REPRESENTATION_CONTEXT() REPRESENTATION_CONTEXT('2D SPACE',''
  ) );
#3689 = ORIENTED_EDGE('',*,*,#3690,.T.);
#3690 = EDGE_CURVE('',#3665,#3691,#3693,.T.);
#3691 = VERTEX_POINT('',#3692);
#3692 = CARTESIAN_POINT('',(-27.95,23.68,5.9));
#3693 = SURFACE_CURVE('',#3694,(#3698,#3704),.PCURVE_S1.);
#3694 = LINE('',#3695,#3696);
#3695 = CARTESIAN_POINT('',(-27.95,-22.685,5.9));
#3696 = VECTOR('',#3697,1.);
#3697 = DIRECTION('',(0.,1.,0.));
#3698 = PCURVE('',#126,#3699);
#3699 = DEFINITIONAL_REPRESENTATION('',(#3700),#3703);
#3700 = B_SPLINE_CURVE_WITH_KNOTS('',1,(#3701,#3702),.UNSPECIFIED.,.F.,
  .F.,(2,2),(28.565,46.365),.PIECEWISE_BEZIER_KNOTS.);
#3701 = CARTESIAN_POINT('',(17.55,57.13));
#3702 = CARTESIAN_POINT('',(17.55,74.93));
#3703 = ( GEOMETRIC_REPRESENTATION_CONTEXT(2) 
PARAMETRIC_REPRESENTATION_CONTEXT() REPRESENTATION_CONTEXT('2D SPACE',''
  ) );
#3704 = PCURVE('',#3705,#3710);
#3705 = PLANE('',#3706);
#3706 = AXIS2_PLACEMENT_3D('',#3707,#3708,#3709);
#3707 = CARTESIAN_POINT('',(-27.95,5.88,5.35));
#3708 = DIRECTION('',(1.,0.,0.));
#3709 = DIRECTION('',(0.,0.,1.));
#3710 = DEFINITIONAL_REPRESENTATION('',(#3711),#3714);
#3711 = B_SPLINE_CURVE_WITH_KNOTS('',1,(#3712,#3713),.UNSPECIFIED.,.F.,
  .F.,(2,2),(28.565,46.365),.PIECEWISE_BEZIER_KNOTS.);
#3712 = CARTESIAN_POINT('',(0.55,0.));
#3713 = CARTESIAN_POINT('',(0.55,-17.8));
#3714 = ( GEOMETRIC_REPRESENTATION_CONTEXT(2) 
PARAMETRIC_REPRESENTATION_CONTEXT() REPRESENTATION_CONTEXT('2D SPACE',''
  ) );
#3715 = ORIENTED_EDGE('',*,*,#3716,.F.);
#3716 = EDGE_CURVE('',#3717,#3691,#3719,.T.);
#3717 = VERTEX_POINT('',#3718);
#3718 = CARTESIAN_POINT('',(-10.15,23.68,5.9));
#3719 = SURFACE_CURVE('',#3720,(#3724,#3730),.PCURVE_S1.);
#3720 = LINE('',#3721,#3722);
#3721 = CARTESIAN_POINT('',(-36.725,23.68,5.9));
#3722 = VECTOR('',#3723,1.);
#3723 = DIRECTION('',(-1.,0.,0.));
#3724 = PCURVE('',#126,#3725);
#3725 = DEFINITIONAL_REPRESENTATION('',(#3726),#3729);
#3726 = B_SPLINE_CURVE_WITH_KNOTS('',1,(#3727,#3728),.UNSPECIFIED.,.F.,
  .F.,(2,2),(-26.575,-8.775),.PIECEWISE_BEZIER_KNOTS.);
#3727 = CARTESIAN_POINT('',(35.35,74.93));
#3728 = CARTESIAN_POINT('',(17.55,74.93));
#3729 = ( GEOMETRIC_REPRESENTATION_CONTEXT(2) 
PARAMETRIC_REPRESENTATION_CONTEXT() REPRESENTATION_CONTEXT('2D SPACE',''
  ) );
#3730 = PCURVE('',#3731,#3736);
#3731 = PLANE('',#3732);
#3732 = AXIS2_PLACEMENT_3D('',#3733,#3734,#3735);
#3733 = CARTESIAN_POINT('',(-27.95,23.68,5.35));
#3734 = DIRECTION('',(0.,1.,0.));
#3735 = DIRECTION('',(0.,0.,1.));
#3736 = DEFINITIONAL_REPRESENTATION('',(#3737),#3740);
#3737 = B_SPLINE_CURVE_WITH_KNOTS('',1,(#3738,#3739),.UNSPECIFIED.,.F.,
  .F.,(2,2),(-26.575,-8.775),.PIECEWISE_BEZIER_KNOTS.);
#3738 = CARTESIAN_POINT('',(0.55,17.8));
#3739 = CARTESIAN_POINT('',(0.55,0.));
#3740 = ( GEOMETRIC_REPRESENTATION_CONTEXT(2) 
PARAMETRIC_REPRESENTATION_CONTEXT() REPRESENTATION_CONTEXT('2D SPACE',''
  ) );
#3741 = ORIENTED_EDGE('',*,*,#3742,.F.);
#3742 = EDGE_CURVE('',#3663,#3717,#3743,.T.);
#3743 = SURFACE_CURVE('',#3744,(#3748,#3754),.PCURVE_S1.);
#3744 = LINE('',#3745,#3746);
#3745 = CARTESIAN_POINT('',(-10.15,-22.685,5.9));
#3746 = VECTOR('',#3747,1.);
#3747 = DIRECTION('',(0.,1.,0.));
#3748 = PCURVE('',#126,#3749);
#3749 = DEFINITIONAL_REPRESENTATION('',(#3750),#3753);
#3750 = B_SPLINE_CURVE_WITH_KNOTS('',1,(#3751,#3752),.UNSPECIFIED.,.F.,
  .F.,(2,2),(28.565,46.365),.PIECEWISE_BEZIER_KNOTS.);
#3751 = CARTESIAN_POINT('',(35.35,57.13));
#3752 = CARTESIAN_POINT('',(35.35,74.93));
#3753 = ( GEOMETRIC_REPRESENTATION_CONTEXT(2) 
PARAMETRIC_REPRESENTATION_CONTEXT() REPRESENTATION_CONTEXT('2D SPACE',''
  ) );
#3754 = PCURVE('',#3755,#3760);
#3755 = PLANE('',#3756);
#3756 = AXIS2_PLACEMENT_3D('',#3757,#3758,#3759);
#3757 = CARTESIAN_POINT('',(-10.15,5.88,5.35));
#3758 = DIRECTION('',(1.,0.,0.));
#3759 = DIRECTION('',(0.,0.,1.));
#3760 = DEFINITIONAL_REPRESENTATION('',(#3761),#3764);
#3761 = B_SPLINE_CURVE_WITH_KNOTS('',1,(#3762,#3763),.UNSPECIFIED.,.F.,
  .F.,(2,2),(28.565,46.365),.PIECEWISE_BEZIER_KNOTS.);
#3762 = CARTESIAN_POINT('',(0.55,0.));
#3763 = CARTESIAN_POINT('',(0.55,-17.8));
#3764 = ( GEOMETRIC_REPRESENTATION_CONTEXT(2) 
PARAMETRIC_REPRESENTATION_CONTEXT() REPRESENTATION_CONTEXT('2D SPACE',''
  ) );
#3765 = FACE_BOUND('',#3766,.T.);
#3766 = EDGE_LOOP('',(#3767));
#3767 = ORIENTED_EDGE('',*,*,#3768,.T.);
#3768 = EDGE_CURVE('',#3769,#3769,#3771,.T.);
#3769 = VERTEX_POINT('',#3770);
#3770 = CARTESIAN_POINT('',(-27.775,29.2,5.9));
#3771 = SURFACE_CURVE('',#3772,(#3777,#3788),.PCURVE_S1.);
#3772 = CIRCLE('',#3773,3.6);
#3773 = AXIS2_PLACEMENT_3D('',#3774,#3775,#3776);
#3774 = CARTESIAN_POINT('',(-31.375,29.2,5.9));
#3775 = DIRECTION('',(0.,0.,-1.));
#3776 = DIRECTION('',(1.,0.,0.));
#3777 = PCURVE('',#126,#3778);
#3778 = DEFINITIONAL_REPRESENTATION('',(#3779),#3787);
#3779 = ( BOUNDED_CURVE() B_SPLINE_CURVE(2,(#3780,#3781,#3782,#3783,
#3784,#3785,#3786),.UNSPECIFIED.,.T.,.F.) B_SPLINE_CURVE_WITH_KNOTS((1,2
    ,2,2,2,1),(-2.094395102393,0.,2.094395102393,4.188790204786,
6.28318530718,8.377580409573),.UNSPECIFIED.) CURVE() 
GEOMETRIC_REPRESENTATION_ITEM() RATIONAL_B_SPLINE_CURVE((1.,0.5,1.,0.5,
1.,0.5,1.)) REPRESENTATION_ITEM('') );
#3780 = CARTESIAN_POINT('',(17.725,80.45));
#3781 = CARTESIAN_POINT('',(17.725,74.214617092752));
#3782 = CARTESIAN_POINT('',(12.325,77.332308546376));
#3783 = CARTESIAN_POINT('',(6.925,80.45));
#3784 = CARTESIAN_POINT('',(12.325,83.567691453624));
#3785 = CARTESIAN_POINT('',(17.725,86.685382907248));
#3786 = CARTESIAN_POINT('',(17.725,80.45));
#3787 = ( GEOMETRIC_REPRESENTATION_CONTEXT(2) 
PARAMETRIC_REPRESENTATION_CONTEXT() REPRESENTATION_CONTEXT('2D SPACE',''
  ) );
#3788 = PCURVE('',#3789,#3794);
#3789 = CYLINDRICAL_SURFACE('',#3790,3.6);
#3790 = AXIS2_PLACEMENT_3D('',#3791,#3792,#3793);
#3791 = CARTESIAN_POINT('',(-31.375,29.2,5.35));
#3792 = DIRECTION('',(-0.,-0.,-1.));
#3793 = DIRECTION('',(1.,0.,0.));
#3794 = DEFINITIONAL_REPRESENTATION('',(#3795),#3799);
#3795 = LINE('',#3796,#3797);
#3796 = CARTESIAN_POINT('',(-6.28318530718,-0.55));
#3797 = VECTOR('',#3798,1.);
#3798 = DIRECTION('',(1.,-0.));
#3799 = ( GEOMETRIC_REPRESENTATION_CONTEXT(2) 
PARAMETRIC_REPRESENTATION_CONTEXT() REPRESENTATION_CONTEXT('2D SPACE',''
  ) );
#3800 = FACE_BOUND('',#3801,.T.);
#3801 = EDGE_LOOP('',(#3802,#3830,#3856,#3882));
#3802 = ORIENTED_EDGE('',*,*,#3803,.T.);
#3803 = EDGE_CURVE('',#3804,#3806,#3808,.T.);
#3804 = VERTEX_POINT('',#3805);
#3805 = CARTESIAN_POINT('',(-1.2,33.315,5.9));
#3806 = VERTEX_POINT('',#3807);
#3807 = CARTESIAN_POINT('',(-35.2,33.315,5.9));
#3808 = SURFACE_CURVE('',#3809,(#3813,#3819),.PCURVE_S1.);
#3809 = LINE('',#3810,#3811);
#3810 = CARTESIAN_POINT('',(-40.35,33.315,5.9));
#3811 = VECTOR('',#3812,1.);
#3812 = DIRECTION('',(-1.,0.,0.));
#3813 = PCURVE('',#126,#3814);
#3814 = DEFINITIONAL_REPRESENTATION('',(#3815),#3818);
#3815 = B_SPLINE_CURVE_WITH_KNOTS('',1,(#3816,#3817),.UNSPECIFIED.,.F.,
  .F.,(2,2),(-39.15,-5.15),.PIECEWISE_BEZIER_KNOTS.);
#3816 = CARTESIAN_POINT('',(44.3,84.565));
#3817 = CARTESIAN_POINT('',(10.3,84.565));
#3818 = ( GEOMETRIC_REPRESENTATION_CONTEXT(2) 
PARAMETRIC_REPRESENTATION_CONTEXT() REPRESENTATION_CONTEXT('2D SPACE',''
  ) );
#3819 = PCURVE('',#3820,#3825);
#3820 = PLANE('',#3821);
#3821 = AXIS2_PLACEMENT_3D('',#3822,#3823,#3824);
#3822 = CARTESIAN_POINT('',(-35.2,33.315,5.35));
#3823 = DIRECTION('',(0.,1.,0.));
#3824 = DIRECTION('',(0.,0.,1.));
#3825 = DEFINITIONAL_REPRESENTATION('',(#3826),#3829);
#3826 = B_SPLINE_CURVE_WITH_KNOTS('',1,(#3827,#3828),.UNSPECIFIED.,.F.,
  .F.,(2,2),(-39.15,-5.15),.PIECEWISE_BEZIER_KNOTS.);
#3827 = CARTESIAN_POINT('',(0.55,34.));
#3828 = CARTESIAN_POINT('',(0.55,0.));
#3829 = ( GEOMETRIC_REPRESENTATION_CONTEXT(2) 
PARAMETRIC_REPRESENTATION_CONTEXT() REPRESENTATION_CONTEXT('2D SPACE',''
  ) );
#3830 = ORIENTED_EDGE('',*,*,#3831,.T.);
#3831 = EDGE_CURVE('',#3806,#3832,#3834,.T.);
#3832 = VERTEX_POINT('',#3833);
#3833 = CARTESIAN_POINT('',(-35.2,48.315,5.9));
#3834 = SURFACE_CURVE('',#3835,(#3839,#3845),.PCURVE_S1.);
#3835 = LINE('',#3836,#3837);
#3836 = CARTESIAN_POINT('',(-35.2,-8.9675,5.9));
#3837 = VECTOR('',#3838,1.);
#3838 = DIRECTION('',(0.,1.,0.));
#3839 = PCURVE('',#126,#3840);
#3840 = DEFINITIONAL_REPRESENTATION('',(#3841),#3844);
#3841 = B_SPLINE_CURVE_WITH_KNOTS('',1,(#3842,#3843),.UNSPECIFIED.,.F.,
  .F.,(2,2),(42.2825,57.2825),.PIECEWISE_BEZIER_KNOTS.);
#3842 = CARTESIAN_POINT('',(10.3,84.565));
#3843 = CARTESIAN_POINT('',(10.3,99.565));
#3844 = ( GEOMETRIC_REPRESENTATION_CONTEXT(2) 
PARAMETRIC_REPRESENTATION_CONTEXT() REPRESENTATION_CONTEXT('2D SPACE',''
  ) );
#3845 = PCURVE('',#3846,#3851);
#3846 = PLANE('',#3847);
#3847 = AXIS2_PLACEMENT_3D('',#3848,#3849,#3850);
#3848 = CARTESIAN_POINT('',(-35.2,33.315,5.35));
#3849 = DIRECTION('',(1.,0.,0.));
#3850 = DIRECTION('',(0.,0.,1.));
#3851 = DEFINITIONAL_REPRESENTATION('',(#3852),#3855);
#3852 = B_SPLINE_CURVE_WITH_KNOTS('',1,(#3853,#3854),.UNSPECIFIED.,.F.,
  .F.,(2,2),(42.2825,57.2825),.PIECEWISE_BEZIER_KNOTS.);
#3853 = CARTESIAN_POINT('',(0.55,0.));
#3854 = CARTESIAN_POINT('',(0.55,-15.));
#3855 = ( GEOMETRIC_REPRESENTATION_CONTEXT(2) 
PARAMETRIC_REPRESENTATION_CONTEXT() REPRESENTATION_CONTEXT('2D SPACE',''
  ) );
#3856 = ORIENTED_EDGE('',*,*,#3857,.F.);
#3857 = EDGE_CURVE('',#3858,#3832,#3860,.T.);
#3858 = VERTEX_POINT('',#3859);
#3859 = CARTESIAN_POINT('',(-1.2,48.315,5.9));
#3860 = SURFACE_CURVE('',#3861,(#3865,#3871),.PCURVE_S1.);
#3861 = LINE('',#3862,#3863);
#3862 = CARTESIAN_POINT('',(-40.35,48.315,5.9));
#3863 = VECTOR('',#3864,1.);
#3864 = DIRECTION('',(-1.,0.,0.));
#3865 = PCURVE('',#126,#3866);
#3866 = DEFINITIONAL_REPRESENTATION('',(#3867),#3870);
#3867 = B_SPLINE_CURVE_WITH_KNOTS('',1,(#3868,#3869),.UNSPECIFIED.,.F.,
  .F.,(2,2),(-39.15,-5.15),.PIECEWISE_BEZIER_KNOTS.);
#3868 = CARTESIAN_POINT('',(44.3,99.565));
#3869 = CARTESIAN_POINT('',(10.3,99.565));
#3870 = ( GEOMETRIC_REPRESENTATION_CONTEXT(2) 
PARAMETRIC_REPRESENTATION_CONTEXT() REPRESENTATION_CONTEXT('2D SPACE',''
  ) );
#3871 = PCURVE('',#3872,#3877);
#3872 = PLANE('',#3873);
#3873 = AXIS2_PLACEMENT_3D('',#3874,#3875,#3876);
#3874 = CARTESIAN_POINT('',(-35.2,48.315,5.35));
#3875 = DIRECTION('',(0.,1.,0.));
#3876 = DIRECTION('',(0.,0.,1.));
#3877 = DEFINITIONAL_REPRESENTATION('',(#3878),#3881);
#3878 = B_SPLINE_CURVE_WITH_KNOTS('',1,(#3879,#3880),.UNSPECIFIED.,.F.,
  .F.,(2,2),(-39.15,-5.15),.PIECEWISE_BEZIER_KNOTS.);
#3879 = CARTESIAN_POINT('',(0.55,34.));
#3880 = CARTESIAN_POINT('',(0.55,0.));
#3881 = ( GEOMETRIC_REPRESENTATION_CONTEXT(2) 
PARAMETRIC_REPRESENTATION_CONTEXT() REPRESENTATION_CONTEXT('2D SPACE',''
  ) );
#3882 = ORIENTED_EDGE('',*,*,#3883,.F.);
#3883 = EDGE_CURVE('',#3804,#3858,#3884,.T.);
#3884 = SURFACE_CURVE('',#3885,(#3889,#3895),.PCURVE_S1.);
#3885 = LINE('',#3886,#3887);
#3886 = CARTESIAN_POINT('',(-1.2,-8.9675,5.9));
#3887 = VECTOR('',#3888,1.);
#3888 = DIRECTION('',(0.,1.,0.));
#3889 = PCURVE('',#126,#3890);
#3890 = DEFINITIONAL_REPRESENTATION('',(#3891),#3894);
#3891 = B_SPLINE_CURVE_WITH_KNOTS('',1,(#3892,#3893),.UNSPECIFIED.,.F.,
  .F.,(2,2),(42.2825,57.2825),.PIECEWISE_BEZIER_KNOTS.);
#3892 = CARTESIAN_POINT('',(44.3,84.565));
#3893 = CARTESIAN_POINT('',(44.3,99.565));
#3894 = ( GEOMETRIC_REPRESENTATION_CONTEXT(2) 
PARAMETRIC_REPRESENTATION_CONTEXT() REPRESENTATION_CONTEXT('2D SPACE',''
  ) );
#3895 = PCURVE('',#3896,#3901);
#3896 = PLANE('',#3897);
#3897 = AXIS2_PLACEMENT_3D('',#3898,#3899,#3900);
#3898 = CARTESIAN_POINT('',(-1.2,33.315,5.35));
#3899 = DIRECTION('',(1.,0.,0.));
#3900 = DIRECTION('',(0.,0.,1.));
#3901 = DEFINITIONAL_REPRESENTATION('',(#3902),#3905);
#3902 = B_SPLINE_CURVE_WITH_KNOTS('',1,(#3903,#3904),.UNSPECIFIED.,.F.,
  .F.,(2,2),(42.2825,57.2825),.PIECEWISE_BEZIER_KNOTS.);
#3903 = CARTESIAN_POINT('',(0.55,0.));
#3904 = CARTESIAN_POINT('',(0.55,-15.));
#3905 = ( GEOMETRIC_REPRESENTATION_CONTEXT(2) 
PARAMETRIC_REPRESENTATION_CONTEXT() REPRESENTATION_CONTEXT('2D SPACE',''
  ) );
#3906 = FACE_BOUND('',#3907,.T.);
#3907 = EDGE_LOOP('',(#3908,#3936,#3962,#3988));
#3908 = ORIENTED_EDGE('',*,*,#3909,.T.);
#3909 = EDGE_CURVE('',#3910,#3912,#3914,.T.);
#3910 = VERTEX_POINT('',#3911);
#3911 = CARTESIAN_POINT('',(8.9,5.88,5.9));
#3912 = VERTEX_POINT('',#3913);
#3913 = CARTESIAN_POINT('',(-8.9,5.88,5.9));
#3914 = SURFACE_CURVE('',#3915,(#3919,#3925),.PCURVE_S1.);
#3915 = LINE('',#3916,#3917);
#3916 = CARTESIAN_POINT('',(-27.2,5.88,5.9));
#3917 = VECTOR('',#3918,1.);
#3918 = DIRECTION('',(-1.,0.,0.));
#3919 = PCURVE('',#126,#3920);
#3920 = DEFINITIONAL_REPRESENTATION('',(#3921),#3924);
#3921 = B_SPLINE_CURVE_WITH_KNOTS('',1,(#3922,#3923),.UNSPECIFIED.,.F.,
  .F.,(2,2),(-36.1,-18.3),.PIECEWISE_BEZIER_KNOTS.);
#3922 = CARTESIAN_POINT('',(54.4,57.13));
#3923 = CARTESIAN_POINT('',(36.6,57.13));
#3924 = ( GEOMETRIC_REPRESENTATION_CONTEXT(2) 
PARAMETRIC_REPRESENTATION_CONTEXT() REPRESENTATION_CONTEXT('2D SPACE',''
  ) );
#3925 = PCURVE('',#3926,#3931);
#3926 = PLANE('',#3927);
#3927 = AXIS2_PLACEMENT_3D('',#3928,#3929,#3930);
#3928 = CARTESIAN_POINT('',(-8.9,5.88,5.35));
#3929 = DIRECTION('',(0.,1.,0.));
#3930 = DIRECTION('',(0.,0.,1.));
#3931 = DEFINITIONAL_REPRESENTATION('',(#3932),#3935);
#3932 = B_SPLINE_CURVE_WITH_KNOTS('',1,(#3933,#3934),.UNSPECIFIED.,.F.,
  .F.,(2,2),(-36.1,-18.3),.PIECEWISE_BEZIER_KNOTS.);
#3933 = CARTESIAN_POINT('',(0.55,17.8));
#3934 = CARTESIAN_POINT('',(0.55,0.));
#3935 = ( GEOMETRIC_REPRESENTATION_CONTEXT(2) 
PARAMETRIC_REPRESENTATION_CONTEXT() REPRESENTATION_CONTEXT('2D SPACE',''
  ) );
#3936 = ORIENTED_EDGE('',*,*,#3937,.T.);
#3937 = EDGE_CURVE('',#3912,#3938,#3940,.T.);
#3938 = VERTEX_POINT('',#3939);
#3939 = CARTESIAN_POINT('',(-8.9,23.68,5.9));
#3940 = SURFACE_CURVE('',#3941,(#3945,#3951),.PCURVE_S1.);
#3941 = LINE('',#3942,#3943);
#3942 = CARTESIAN_POINT('',(-8.9,-22.685,5.9));
#3943 = VECTOR('',#3944,1.);
#3944 = DIRECTION('',(0.,1.,0.));
#3945 = PCURVE('',#126,#3946);
#3946 = DEFINITIONAL_REPRESENTATION('',(#3947),#3950);
#3947 = B_SPLINE_CURVE_WITH_KNOTS('',1,(#3948,#3949),.UNSPECIFIED.,.F.,
  .F.,(2,2),(28.565,46.365),.PIECEWISE_BEZIER_KNOTS.);
#3948 = CARTESIAN_POINT('',(36.6,57.13));
#3949 = CARTESIAN_POINT('',(36.6,74.93));
#3950 = ( GEOMETRIC_REPRESENTATION_CONTEXT(2) 
PARAMETRIC_REPRESENTATION_CONTEXT() REPRESENTATION_CONTEXT('2D SPACE',''
  ) );
#3951 = PCURVE('',#3952,#3957);
#3952 = PLANE('',#3953);
#3953 = AXIS2_PLACEMENT_3D('',#3954,#3955,#3956);
#3954 = CARTESIAN_POINT('',(-8.9,5.88,5.35));
#3955 = DIRECTION('',(1.,0.,0.));
#3956 = DIRECTION('',(0.,0.,1.));
#3957 = DEFINITIONAL_REPRESENTATION('',(#3958),#3961);
#3958 = B_SPLINE_CURVE_WITH_KNOTS('',1,(#3959,#3960),.UNSPECIFIED.,.F.,
  .F.,(2,2),(28.565,46.365),.PIECEWISE_BEZIER_KNOTS.);
#3959 = CARTESIAN_POINT('',(0.55,0.));
#3960 = CARTESIAN_POINT('',(0.55,-17.8));
#3961 = ( GEOMETRIC_REPRESENTATION_CONTEXT(2) 
PARAMETRIC_REPRESENTATION_CONTEXT() REPRESENTATION_CONTEXT('2D SPACE',''
  ) );
#3962 = ORIENTED_EDGE('',*,*,#3963,.F.);
#3963 = EDGE_CURVE('',#3964,#3938,#3966,.T.);
#3964 = VERTEX_POINT('',#3965);
#3965 = CARTESIAN_POINT('',(8.9,23.68,5.9));
#3966 = SURFACE_CURVE('',#3967,(#3971,#3977),.PCURVE_S1.);
#3967 = LINE('',#3968,#3969);
#3968 = CARTESIAN_POINT('',(-27.2,23.68,5.9));
#3969 = VECTOR('',#3970,1.);
#3970 = DIRECTION('',(-1.,0.,0.));
#3971 = PCURVE('',#126,#3972);
#3972 = DEFINITIONAL_REPRESENTATION('',(#3973),#3976);
#3973 = B_SPLINE_CURVE_WITH_KNOTS('',1,(#3974,#3975),.UNSPECIFIED.,.F.,
  .F.,(2,2),(-36.1,-18.3),.PIECEWISE_BEZIER_KNOTS.);
#3974 = CARTESIAN_POINT('',(54.4,74.93));
#3975 = CARTESIAN_POINT('',(36.6,74.93));
#3976 = ( GEOMETRIC_REPRESENTATION_CONTEXT(2) 
PARAMETRIC_REPRESENTATION_CONTEXT() REPRESENTATION_CONTEXT('2D SPACE',''
  ) );
#3977 = PCURVE('',#3978,#3983);
#3978 = PLANE('',#3979);
#3979 = AXIS2_PLACEMENT_3D('',#3980,#3981,#3982);
#3980 = CARTESIAN_POINT('',(-8.9,23.68,5.35));
#3981 = DIRECTION('',(0.,1.,0.));
#3982 = DIRECTION('',(0.,0.,1.));
#3983 = DEFINITIONAL_REPRESENTATION('',(#3984),#3987);
#3984 = B_SPLINE_CURVE_WITH_KNOTS('',1,(#3985,#3986),.UNSPECIFIED.,.F.,
  .F.,(2,2),(-36.1,-18.3),.PIECEWISE_BEZIER_KNOTS.);
#3985 = CARTESIAN_POINT('',(0.55,17.8));
#3986 = CARTESIAN_POINT('',(0.55,0.));
#3987 = ( GEOMETRIC_REPRESENTATION_CONTEXT(2) 
PARAMETRIC_REPRESENTATION_CONTEXT() REPRESENTATION_CONTEXT('2D SPACE',''
  ) );
#3988 = ORIENTED_EDGE('',*,*,#3989,.F.);
#3989 = EDGE_CURVE('',#3910,#3964,#3990,.T.);
#3990 = SURFACE_CURVE('',#3991,(#3995,#4001),.PCURVE_S1.);
#3991 = LINE('',#3992,#3993);
#3992 = CARTESIAN_POINT('',(8.9,-22.685,5.9));
#3993 = VECTOR('',#3994,1.);
#3994 = DIRECTION('',(0.,1.,0.));
#3995 = PCURVE('',#126,#3996);
#3996 = DEFINITIONAL_REPRESENTATION('',(#3997),#4000);
#3997 = B_SPLINE_CURVE_WITH_KNOTS('',1,(#3998,#3999),.UNSPECIFIED.,.F.,
  .F.,(2,2),(28.565,46.365),.PIECEWISE_BEZIER_KNOTS.);
#3998 = CARTESIAN_POINT('',(54.4,57.13));
#3999 = CARTESIAN_POINT('',(54.4,74.93));
#4000 = ( GEOMETRIC_REPRESENTATION_CONTEXT(2) 
PARAMETRIC_REPRESENTATION_CONTEXT() REPRESENTATION_CONTEXT('2D SPACE',''
  ) );
#4001 = PCURVE('',#4002,#4007);
#4002 = PLANE('',#4003);
#4003 = AXIS2_PLACEMENT_3D('',#4004,#4005,#4006);
#4004 = CARTESIAN_POINT('',(8.9,5.88,5.35));
#4005 = DIRECTION('',(1.,0.,0.));
#4006 = DIRECTION('',(0.,0.,1.));
#4007 = DEFINITIONAL_REPRESENTATION('',(#4008),#4011);
#4008 = B_SPLINE_CURVE_WITH_KNOTS('',1,(#4009,#4010),.UNSPECIFIED.,.F.,
  .F.,(2,2),(28.565,46.365),.PIECEWISE_BEZIER_KNOTS.);
#4009 = CARTESIAN_POINT('',(0.55,0.));
#4010 = CARTESIAN_POINT('',(0.55,-17.8));
#4011 = ( GEOMETRIC_REPRESENTATION_CONTEXT(2) 
PARAMETRIC_REPRESENTATION_CONTEXT() REPRESENTATION_CONTEXT('2D SPACE',''
  ) );
#4012 = FACE_BOUND('',#4013,.T.);
#4013 = EDGE_LOOP('',(#4014,#4042,#4068,#4094));
#4014 = ORIENTED_EDGE('',*,*,#4015,.T.);
#4015 = EDGE_CURVE('',#4016,#4018,#4020,.T.);
#4016 = VERTEX_POINT('',#4017);
#4017 = CARTESIAN_POINT('',(27.95,5.88,5.9));
#4018 = VERTEX_POINT('',#4019);
#4019 = CARTESIAN_POINT('',(10.15,5.88,5.9));
#4020 = SURFACE_CURVE('',#4021,(#4025,#4031),.PCURVE_S1.);
#4021 = LINE('',#4022,#4023);
#4022 = CARTESIAN_POINT('',(-17.675,5.88,5.9));
#4023 = VECTOR('',#4024,1.);
#4024 = DIRECTION('',(-1.,0.,0.));
#4025 = PCURVE('',#126,#4026);
#4026 = DEFINITIONAL_REPRESENTATION('',(#4027),#4030);
#4027 = B_SPLINE_CURVE_WITH_KNOTS('',1,(#4028,#4029),.UNSPECIFIED.,.F.,
  .F.,(2,2),(-45.625,-27.825),.PIECEWISE_BEZIER_KNOTS.);
#4028 = CARTESIAN_POINT('',(73.45,57.13));
#4029 = CARTESIAN_POINT('',(55.65,57.13));
#4030 = ( GEOMETRIC_REPRESENTATION_CONTEXT(2) 
PARAMETRIC_REPRESENTATION_CONTEXT() REPRESENTATION_CONTEXT('2D SPACE',''
  ) );
#4031 = PCURVE('',#4032,#4037);
#4032 = PLANE('',#4033);
#4033 = AXIS2_PLACEMENT_3D('',#4034,#4035,#4036);
#4034 = CARTESIAN_POINT('',(10.15,5.88,5.35));
#4035 = DIRECTION('',(0.,1.,0.));
#4036 = DIRECTION('',(0.,0.,1.));
#4037 = DEFINITIONAL_REPRESENTATION('',(#4038),#4041);
#4038 = B_SPLINE_CURVE_WITH_KNOTS('',1,(#4039,#4040),.UNSPECIFIED.,.F.,
  .F.,(2,2),(-45.625,-27.825),.PIECEWISE_BEZIER_KNOTS.);
#4039 = CARTESIAN_POINT('',(0.55,17.8));
#4040 = CARTESIAN_POINT('',(0.55,0.));
#4041 = ( GEOMETRIC_REPRESENTATION_CONTEXT(2) 
PARAMETRIC_REPRESENTATION_CONTEXT() REPRESENTATION_CONTEXT('2D SPACE',''
  ) );
#4042 = ORIENTED_EDGE('',*,*,#4043,.T.);
#4043 = EDGE_CURVE('',#4018,#4044,#4046,.T.);
#4044 = VERTEX_POINT('',#4045);
#4045 = CARTESIAN_POINT('',(10.15,23.68,5.9));
#4046 = SURFACE_CURVE('',#4047,(#4051,#4057),.PCURVE_S1.);
#4047 = LINE('',#4048,#4049);
#4048 = CARTESIAN_POINT('',(10.15,-22.685,5.9));
#4049 = VECTOR('',#4050,1.);
#4050 = DIRECTION('',(0.,1.,0.));
#4051 = PCURVE('',#126,#4052);
#4052 = DEFINITIONAL_REPRESENTATION('',(#4053),#4056);
#4053 = B_SPLINE_CURVE_WITH_KNOTS('',1,(#4054,#4055),.UNSPECIFIED.,.F.,
  .F.,(2,2),(28.565,46.365),.PIECEWISE_BEZIER_KNOTS.);
#4054 = CARTESIAN_POINT('',(55.65,57.13));
#4055 = CARTESIAN_POINT('',(55.65,74.93));
#4056 = ( GEOMETRIC_REPRESENTATION_CONTEXT(2) 
PARAMETRIC_REPRESENTATION_CONTEXT() REPRESENTATION_CONTEXT('2D SPACE',''
  ) );
#4057 = PCURVE('',#4058,#4063);
#4058 = PLANE('',#4059);
#4059 = AXIS2_PLACEMENT_3D('',#4060,#4061,#4062);
#4060 = CARTESIAN_POINT('',(10.15,5.88,5.35));
#4061 = DIRECTION('',(1.,0.,0.));
#4062 = DIRECTION('',(0.,0.,1.));
#4063 = DEFINITIONAL_REPRESENTATION('',(#4064),#4067);
#4064 = B_SPLINE_CURVE_WITH_KNOTS('',1,(#4065,#4066),.UNSPECIFIED.,.F.,
  .F.,(2,2),(28.565,46.365),.PIECEWISE_BEZIER_KNOTS.);
#4065 = CARTESIAN_POINT('',(0.55,0.));
#4066 = CARTESIAN_POINT('',(0.55,-17.8));
#4067 = ( GEOMETRIC_REPRESENTATION_CONTEXT(2) 
PARAMETRIC_REPRESENTATION_CONTEXT() REPRESENTATION_CONTEXT('2D SPACE',''
  ) );
#4068 = ORIENTED_EDGE('',*,*,#4069,.F.);
#4069 = EDGE_CURVE('',#4070,#4044,#4072,.T.);
#4070 = VERTEX_POINT('',#4071);
#4071 = CARTESIAN_POINT('',(27.95,23.68,5.9));
#4072 = SURFACE_CURVE('',#4073,(#4077,#4083),.PCURVE_S1.);
#4073 = LINE('',#4074,#4075);
#4074 = CARTESIAN_POINT('',(-17.675,23.68,5.9));
#4075 = VECTOR('',#4076,1.);
#4076 = DIRECTION('',(-1.,0.,0.));
#4077 = PCURVE('',#126,#4078);
#4078 = DEFINITIONAL_REPRESENTATION('',(#4079),#4082);
#4079 = B_SPLINE_CURVE_WITH_KNOTS('',1,(#4080,#4081),.UNSPECIFIED.,.F.,
  .F.,(2,2),(-45.625,-27.825),.PIECEWISE_BEZIER_KNOTS.);
#4080 = CARTESIAN_POINT('',(73.45,74.93));
#4081 = CARTESIAN_POINT('',(55.65,74.93));
#4082 = ( GEOMETRIC_REPRESENTATION_CONTEXT(2) 
PARAMETRIC_REPRESENTATION_CONTEXT() REPRESENTATION_CONTEXT('2D SPACE',''
  ) );
#4083 = PCURVE('',#4084,#4089);
#4084 = PLANE('',#4085);
#4085 = AXIS2_PLACEMENT_3D('',#4086,#4087,#4088);
#4086 = CARTESIAN_POINT('',(10.15,23.68,5.35));
#4087 = DIRECTION('',(0.,1.,0.));
#4088 = DIRECTION('',(0.,0.,1.));
#4089 = DEFINITIONAL_REPRESENTATION('',(#4090),#4093);
#4090 = B_SPLINE_CURVE_WITH_KNOTS('',1,(#4091,#4092),.UNSPECIFIED.,.F.,
  .F.,(2,2),(-45.625,-27.825),.PIECEWISE_BEZIER_KNOTS.);
#4091 = CARTESIAN_POINT('',(0.55,17.8));
#4092 = CARTESIAN_POINT('',(0.55,0.));
#4093 = ( GEOMETRIC_REPRESENTATION_CONTEXT(2) 
PARAMETRIC_REPRESENTATION_CONTEXT() REPRESENTATION_CONTEXT('2D SPACE',''
  ) );
#4094 = ORIENTED_EDGE('',*,*,#4095,.F.);
#4095 = EDGE_CURVE('',#4016,#4070,#4096,.T.);
#4096 = SURFACE_CURVE('',#4097,(#4101,#4107),.PCURVE_S1.);
#4097 = LINE('',#4098,#4099);
#4098 = CARTESIAN_POINT('',(27.95,-22.685,5.9));
#4099 = VECTOR('',#4100,1.);
#4100 = DIRECTION('',(0.,1.,0.));
#4101 = PCURVE('',#126,#4102);
#4102 = DEFINITIONAL_REPRESENTATION('',(#4103),#4106);
#4103 = B_SPLINE_CURVE_WITH_KNOTS('',1,(#4104,#4105),.UNSPECIFIED.,.F.,
  .F.,(2,2),(28.565,46.365),.PIECEWISE_BEZIER_KNOTS.);
#4104 = CARTESIAN_POINT('',(73.45,57.13));
#4105 = CARTESIAN_POINT('',(73.45,74.93));
#4106 = ( GEOMETRIC_REPRESENTATION_CONTEXT(2) 
PARAMETRIC_REPRESENTATION_CONTEXT() REPRESENTATION_CONTEXT('2D SPACE',''
  ) );
#4107 = PCURVE('',#4108,#4113);
#4108 = PLANE('',#4109);
#4109 = AXIS2_PLACEMENT_3D('',#4110,#4111,#4112);
#4110 = CARTESIAN_POINT('',(27.95,5.88,5.35));
#4111 = DIRECTION('',(1.,0.,0.));
#4112 = DIRECTION('',(0.,0.,1.));
#4113 = DEFINITIONAL_REPRESENTATION('',(#4114),#4117);
#4114 = B_SPLINE_CURVE_WITH_KNOTS('',1,(#4115,#4116),.UNSPECIFIED.,.F.,
  .F.,(2,2),(28.565,46.365),.PIECEWISE_BEZIER_KNOTS.);
#4115 = CARTESIAN_POINT('',(0.55,0.));
#4116 = CARTESIAN_POINT('',(0.55,-17.8));
#4117 = ( GEOMETRIC_REPRESENTATION_CONTEXT(2) 
PARAMETRIC_REPRESENTATION_CONTEXT() REPRESENTATION_CONTEXT('2D SPACE',''
  ) );
#4118 = FACE_BOUND('',#4119,.T.);
#4119 = EDGE_LOOP('',(#4120,#4150,#4178,#4206,#4234,#4262));
#4120 = ORIENTED_EDGE('',*,*,#4121,.T.);
#4121 = EDGE_CURVE('',#4122,#4124,#4126,.T.);
#4122 = VERTEX_POINT('',#4123);
#4123 = CARTESIAN_POINT('',(6.234375,37.23046875,5.9));
#4124 = VERTEX_POINT('',#4125);
#4125 = CARTESIAN_POINT('',(2.60546875,37.23046875,5.9));
#4126 = SURFACE_CURVE('',#4127,(#4131,#4138),.PCURVE_S1.);
#4127 = LINE('',#4128,#4129);
#4128 = CARTESIAN_POINT('',(6.234375,37.23046875,5.9));
#4129 = VECTOR('',#4130,1.);
#4130 = DIRECTION('',(-1.,0.,0.));
#4131 = PCURVE('',#126,#4132);
#4132 = DEFINITIONAL_REPRESENTATION('',(#4133),#4137);
#4133 = LINE('',#4134,#4135);
#4134 = CARTESIAN_POINT('',(51.734375,88.48046875));
#4135 = VECTOR('',#4136,1.);
#4136 = DIRECTION('',(-1.,0.));
#4137 = ( GEOMETRIC_REPRESENTATION_CONTEXT(2) 
PARAMETRIC_REPRESENTATION_CONTEXT() REPRESENTATION_CONTEXT('2D SPACE',''
  ) );
#4138 = PCURVE('',#4139,#4144);
#4139 = PLANE('',#4140);
#4140 = AXIS2_PLACEMENT_3D('',#4141,#4142,#4143);
#4141 = CARTESIAN_POINT('',(6.234375,37.23046875,5.35));
#4142 = DIRECTION('',(0.,-1.,0.));
#4143 = DIRECTION('',(-1.,0.,0.));
#4144 = DEFINITIONAL_REPRESENTATION('',(#4145),#4149);
#4145 = LINE('',#4146,#4147);
#4146 = CARTESIAN_POINT('',(0.,-0.55));
#4147 = VECTOR('',#4148,1.);
#4148 = DIRECTION('',(1.,0.));
#4149 = ( GEOMETRIC_REPRESENTATION_CONTEXT(2) 
PARAMETRIC_REPRESENTATION_CONTEXT() REPRESENTATION_CONTEXT('2D SPACE',''
  ) );
#4150 = ORIENTED_EDGE('',*,*,#4151,.T.);
#4151 = EDGE_CURVE('',#4124,#4152,#4154,.T.);
#4152 = VERTEX_POINT('',#4153);
#4153 = CARTESIAN_POINT('',(2.60546875,43.0625,5.9));
#4154 = SURFACE_CURVE('',#4155,(#4159,#4166),.PCURVE_S1.);
#4155 = LINE('',#4156,#4157);
#4156 = CARTESIAN_POINT('',(2.60546875,37.23046875,5.9));
#4157 = VECTOR('',#4158,1.);
#4158 = DIRECTION('',(0.,1.,0.));
#4159 = PCURVE('',#126,#4160);
#4160 = DEFINITIONAL_REPRESENTATION('',(#4161),#4165);
#4161 = LINE('',#4162,#4163);
#4162 = CARTESIAN_POINT('',(48.10546875,88.48046875));
#4163 = VECTOR('',#4164,1.);
#4164 = DIRECTION('',(0.,1.));
#4165 = ( GEOMETRIC_REPRESENTATION_CONTEXT(2) 
PARAMETRIC_REPRESENTATION_CONTEXT() REPRESENTATION_CONTEXT('2D SPACE',''
  ) );
#4166 = PCURVE('',#4167,#4172);
#4167 = PLANE('',#4168);
#4168 = AXIS2_PLACEMENT_3D('',#4169,#4170,#4171);
#4169 = CARTESIAN_POINT('',(2.60546875,37.23046875,5.35));
#4170 = DIRECTION('',(-1.,0.,0.));
#4171 = DIRECTION('',(0.,1.,0.));
#4172 = DEFINITIONAL_REPRESENTATION('',(#4173),#4177);
#4173 = LINE('',#4174,#4175);
#4174 = CARTESIAN_POINT('',(0.,-0.55));
#4175 = VECTOR('',#4176,1.);
#4176 = DIRECTION('',(1.,0.));
#4177 = ( GEOMETRIC_REPRESENTATION_CONTEXT(2) 
PARAMETRIC_REPRESENTATION_CONTEXT() REPRESENTATION_CONTEXT('2D SPACE',''
  ) );
#4178 = ORIENTED_EDGE('',*,*,#4179,.T.);
#4179 = EDGE_CURVE('',#4152,#4180,#4182,.T.);
#4180 = VERTEX_POINT('',#4181);
#4181 = CARTESIAN_POINT('',(3.39453125,43.0625,5.9));
#4182 = SURFACE_CURVE('',#4183,(#4187,#4194),.PCURVE_S1.);
#4183 = LINE('',#4184,#4185);
#4184 = CARTESIAN_POINT('',(2.60546875,43.0625,5.9));
#4185 = VECTOR('',#4186,1.);
#4186 = DIRECTION('',(1.,0.,0.));
#4187 = PCURVE('',#126,#4188);
#4188 = DEFINITIONAL_REPRESENTATION('',(#4189),#4193);
#4189 = LINE('',#4190,#4191);
#4190 = CARTESIAN_POINT('',(48.10546875,94.3125));
#4191 = VECTOR('',#4192,1.);
#4192 = DIRECTION('',(1.,0.));
#4193 = ( GEOMETRIC_REPRESENTATION_CONTEXT(2) 
PARAMETRIC_REPRESENTATION_CONTEXT() REPRESENTATION_CONTEXT('2D SPACE',''
  ) );
#4194 = PCURVE('',#4195,#4200);
#4195 = PLANE('',#4196);
#4196 = AXIS2_PLACEMENT_3D('',#4197,#4198,#4199);
#4197 = CARTESIAN_POINT('',(2.60546875,43.0625,5.35));
#4198 = DIRECTION('',(0.,1.,0.));
#4199 = DIRECTION('',(1.,0.,0.));
#4200 = DEFINITIONAL_REPRESENTATION('',(#4201),#4205);
#4201 = LINE('',#4202,#4203);
#4202 = CARTESIAN_POINT('',(0.,-0.55));
#4203 = VECTOR('',#4204,1.);
#4204 = DIRECTION('',(1.,0.));
#4205 = ( GEOMETRIC_REPRESENTATION_CONTEXT(2) 
PARAMETRIC_REPRESENTATION_CONTEXT() REPRESENTATION_CONTEXT('2D SPACE',''
  ) );
#4206 = ORIENTED_EDGE('',*,*,#4207,.T.);
#4207 = EDGE_CURVE('',#4180,#4208,#4210,.T.);
#4208 = VERTEX_POINT('',#4209);
#4209 = CARTESIAN_POINT('',(3.39453125,37.89453125,5.9));
#4210 = SURFACE_CURVE('',#4211,(#4215,#4222),.PCURVE_S1.);
#4211 = LINE('',#4212,#4213);
#4212 = CARTESIAN_POINT('',(3.39453125,43.0625,5.9));
#4213 = VECTOR('',#4214,1.);
#4214 = DIRECTION('',(0.,-1.,0.));
#4215 = PCURVE('',#126,#4216);
#4216 = DEFINITIONAL_REPRESENTATION('',(#4217),#4221);
#4217 = LINE('',#4218,#4219);
#4218 = CARTESIAN_POINT('',(48.89453125,94.3125));
#4219 = VECTOR('',#4220,1.);
#4220 = DIRECTION('',(0.,-1.));
#4221 = ( GEOMETRIC_REPRESENTATION_CONTEXT(2) 
PARAMETRIC_REPRESENTATION_CONTEXT() REPRESENTATION_CONTEXT('2D SPACE',''
  ) );
#4222 = PCURVE('',#4223,#4228);
#4223 = PLANE('',#4224);
#4224 = AXIS2_PLACEMENT_3D('',#4225,#4226,#4227);
#4225 = CARTESIAN_POINT('',(3.39453125,43.0625,5.35));
#4226 = DIRECTION('',(1.,0.,0.));
#4227 = DIRECTION('',(0.,-1.,0.));
#4228 = DEFINITIONAL_REPRESENTATION('',(#4229),#4233);
#4229 = LINE('',#4230,#4231);
#4230 = CARTESIAN_POINT('',(0.,-0.55));
#4231 = VECTOR('',#4232,1.);
#4232 = DIRECTION('',(1.,0.));
#4233 = ( GEOMETRIC_REPRESENTATION_CONTEXT(2) 
PARAMETRIC_REPRESENTATION_CONTEXT() REPRESENTATION_CONTEXT('2D SPACE',''
  ) );
#4234 = ORIENTED_EDGE('',*,*,#4235,.T.);
#4235 = EDGE_CURVE('',#4208,#4236,#4238,.T.);
#4236 = VERTEX_POINT('',#4237);
#4237 = CARTESIAN_POINT('',(6.234375,37.89453125,5.9));
#4238 = SURFACE_CURVE('',#4239,(#4243,#4250),.PCURVE_S1.);
#4239 = LINE('',#4240,#4241);
#4240 = CARTESIAN_POINT('',(3.39453125,37.89453125,5.9));
#4241 = VECTOR('',#4242,1.);
#4242 = DIRECTION('',(1.,0.,0.));
#4243 = PCURVE('',#126,#4244);
#4244 = DEFINITIONAL_REPRESENTATION('',(#4245),#4249);
#4245 = LINE('',#4246,#4247);
#4246 = CARTESIAN_POINT('',(48.89453125,89.14453125));
#4247 = VECTOR('',#4248,1.);
#4248 = DIRECTION('',(1.,0.));
#4249 = ( GEOMETRIC_REPRESENTATION_CONTEXT(2) 
PARAMETRIC_REPRESENTATION_CONTEXT() REPRESENTATION_CONTEXT('2D SPACE',''
  ) );
#4250 = PCURVE('',#4251,#4256);
#4251 = PLANE('',#4252);
#4252 = AXIS2_PLACEMENT_3D('',#4253,#4254,#4255);
#4253 = CARTESIAN_POINT('',(3.39453125,37.89453125,5.35));
#4254 = DIRECTION('',(0.,1.,0.));
#4255 = DIRECTION('',(1.,0.,0.));
#4256 = DEFINITIONAL_REPRESENTATION('',(#4257),#4261);
#4257 = LINE('',#4258,#4259);
#4258 = CARTESIAN_POINT('',(0.,-0.55));
#4259 = VECTOR('',#4260,1.);
#4260 = DIRECTION('',(1.,0.));
#4261 = ( GEOMETRIC_REPRESENTATION_CONTEXT(2) 
PARAMETRIC_REPRESENTATION_CONTEXT() REPRESENTATION_CONTEXT('2D SPACE',''
  ) );
#4262 = ORIENTED_EDGE('',*,*,#4263,.T.);
#4263 = EDGE_CURVE('',#4236,#4122,#4264,.T.);
#4264 = SURFACE_CURVE('',#4265,(#4269,#4276),.PCURVE_S1.);
#4265 = LINE('',#4266,#4267);
#4266 = CARTESIAN_POINT('',(6.234375,37.89453125,5.9));
#4267 = VECTOR('',#4268,1.);
#4268 = DIRECTION('',(0.,-1.,0.));
#4269 = PCURVE('',#126,#4270);
#4270 = DEFINITIONAL_REPRESENTATION('',(#4271),#4275);
#4271 = LINE('',#4272,#4273);
#4272 = CARTESIAN_POINT('',(51.734375,89.14453125));
#4273 = VECTOR('',#4274,1.);
#4274 = DIRECTION('',(0.,-1.));
#4275 = ( GEOMETRIC_REPRESENTATION_CONTEXT(2) 
PARAMETRIC_REPRESENTATION_CONTEXT() REPRESENTATION_CONTEXT('2D SPACE',''
  ) );
#4276 = PCURVE('',#4277,#4282);
#4277 = PLANE('',#4278);
#4278 = AXIS2_PLACEMENT_3D('',#4279,#4280,#4281);
#4279 = CARTESIAN_POINT('',(6.234375,37.89453125,5.35));
#4280 = DIRECTION('',(1.,0.,0.));
#4281 = DIRECTION('',(0.,-1.,0.));
#4282 = DEFINITIONAL_REPRESENTATION('',(#4283),#4287);
#4283 = LINE('',#4284,#4285);
#4284 = CARTESIAN_POINT('',(0.,-0.55));
#4285 = VECTOR('',#4286,1.);
#4286 = DIRECTION('',(1.,0.));
#4287 = ( GEOMETRIC_REPRESENTATION_CONTEXT(2) 
PARAMETRIC_REPRESENTATION_CONTEXT() REPRESENTATION_CONTEXT('2D SPACE',''
  ) );
#4288 = FACE_BOUND('',#4289,.T.);
#4289 = EDGE_LOOP('',(#4290,#4320,#4348,#4376,#4404,#4432,#4460,#4488));
#4290 = ORIENTED_EDGE('',*,*,#4291,.T.);
#4291 = EDGE_CURVE('',#4292,#4294,#4296,.T.);
#4292 = VERTEX_POINT('',#4293);
#4293 = CARTESIAN_POINT('',(7.22265625,42.3984375,5.9));
#4294 = VERTEX_POINT('',#4295);
#4295 = CARTESIAN_POINT('',(5.15234375,42.3984375,5.9));
#4296 = SURFACE_CURVE('',#4297,(#4301,#4308),.PCURVE_S1.);
#4297 = LINE('',#4298,#4299);
#4298 = CARTESIAN_POINT('',(7.22265625,42.3984375,5.9));
#4299 = VECTOR('',#4300,1.);
#4300 = DIRECTION('',(-1.,0.,0.));
#4301 = PCURVE('',#126,#4302);
#4302 = DEFINITIONAL_REPRESENTATION('',(#4303),#4307);
#4303 = LINE('',#4304,#4305);
#4304 = CARTESIAN_POINT('',(52.72265625,93.6484375));
#4305 = VECTOR('',#4306,1.);
#4306 = DIRECTION('',(-1.,0.));
#4307 = ( GEOMETRIC_REPRESENTATION_CONTEXT(2) 
PARAMETRIC_REPRESENTATION_CONTEXT() REPRESENTATION_CONTEXT('2D SPACE',''
  ) );
#4308 = PCURVE('',#4309,#4314);
#4309 = PLANE('',#4310);
#4310 = AXIS2_PLACEMENT_3D('',#4311,#4312,#4313);
#4311 = CARTESIAN_POINT('',(7.22265625,42.3984375,5.35));
#4312 = DIRECTION('',(0.,-1.,0.));
#4313 = DIRECTION('',(-1.,0.,0.));
#4314 = DEFINITIONAL_REPRESENTATION('',(#4315),#4319);
#4315 = LINE('',#4316,#4317);
#4316 = CARTESIAN_POINT('',(0.,-0.55));
#4317 = VECTOR('',#4318,1.);
#4318 = DIRECTION('',(1.,0.));
#4319 = ( GEOMETRIC_REPRESENTATION_CONTEXT(2) 
PARAMETRIC_REPRESENTATION_CONTEXT() REPRESENTATION_CONTEXT('2D SPACE',''
  ) );
#4320 = ORIENTED_EDGE('',*,*,#4321,.T.);
#4321 = EDGE_CURVE('',#4294,#4322,#4324,.T.);
#4322 = VERTEX_POINT('',#4323);
#4323 = CARTESIAN_POINT('',(5.15234375,43.0625,5.9));
#4324 = SURFACE_CURVE('',#4325,(#4329,#4336),.PCURVE_S1.);
#4325 = LINE('',#4326,#4327);
#4326 = CARTESIAN_POINT('',(5.15234375,42.3984375,5.9));
#4327 = VECTOR('',#4328,1.);
#4328 = DIRECTION('',(0.,1.,0.));
#4329 = PCURVE('',#126,#4330);
#4330 = DEFINITIONAL_REPRESENTATION('',(#4331),#4335);
#4331 = LINE('',#4332,#4333);
#4332 = CARTESIAN_POINT('',(50.65234375,93.6484375));
#4333 = VECTOR('',#4334,1.);
#4334 = DIRECTION('',(0.,1.));
#4335 = ( GEOMETRIC_REPRESENTATION_CONTEXT(2) 
PARAMETRIC_REPRESENTATION_CONTEXT() REPRESENTATION_CONTEXT('2D SPACE',''
  ) );
#4336 = PCURVE('',#4337,#4342);
#4337 = PLANE('',#4338);
#4338 = AXIS2_PLACEMENT_3D('',#4339,#4340,#4341);
#4339 = CARTESIAN_POINT('',(5.15234375,42.3984375,5.35));
#4340 = DIRECTION('',(-1.,0.,0.));
#4341 = DIRECTION('',(0.,1.,0.));
#4342 = DEFINITIONAL_REPRESENTATION('',(#4343),#4347);
#4343 = LINE('',#4344,#4345);
#4344 = CARTESIAN_POINT('',(0.,-0.55));
#4345 = VECTOR('',#4346,1.);
#4346 = DIRECTION('',(1.,0.));
#4347 = ( GEOMETRIC_REPRESENTATION_CONTEXT(2) 
PARAMETRIC_REPRESENTATION_CONTEXT() REPRESENTATION_CONTEXT('2D SPACE',''
  ) );
#4348 = ORIENTED_EDGE('',*,*,#4349,.T.);
#4349 = EDGE_CURVE('',#4322,#4350,#4352,.T.);
#4350 = VERTEX_POINT('',#4351);
#4351 = CARTESIAN_POINT('',(10.0859375,43.0625,5.9));
#4352 = SURFACE_CURVE('',#4353,(#4357,#4364),.PCURVE_S1.);
#4353 = LINE('',#4354,#4355);
#4354 = CARTESIAN_POINT('',(5.15234375,43.0625,5.9));
#4355 = VECTOR('',#4356,1.);
#4356 = DIRECTION('',(1.,0.,0.));
#4357 = PCURVE('',#126,#4358);
#4358 = DEFINITIONAL_REPRESENTATION('',(#4359),#4363);
#4359 = LINE('',#4360,#4361);
#4360 = CARTESIAN_POINT('',(50.65234375,94.3125));
#4361 = VECTOR('',#4362,1.);
#4362 = DIRECTION('',(1.,0.));
#4363 = ( GEOMETRIC_REPRESENTATION_CONTEXT(2) 
PARAMETRIC_REPRESENTATION_CONTEXT() REPRESENTATION_CONTEXT('2D SPACE',''
  ) );
#4364 = PCURVE('',#4365,#4370);
#4365 = PLANE('',#4366);
#4366 = AXIS2_PLACEMENT_3D('',#4367,#4368,#4369);
#4367 = CARTESIAN_POINT('',(5.15234375,43.0625,5.35));
#4368 = DIRECTION('',(0.,1.,0.));
#4369 = DIRECTION('',(1.,0.,0.));
#4370 = DEFINITIONAL_REPRESENTATION('',(#4371),#4375);
#4371 = LINE('',#4372,#4373);
#4372 = CARTESIAN_POINT('',(0.,-0.55));
#4373 = VECTOR('',#4374,1.);
#4374 = DIRECTION('',(1.,0.));
#4375 = ( GEOMETRIC_REPRESENTATION_CONTEXT(2) 
PARAMETRIC_REPRESENTATION_CONTEXT() REPRESENTATION_CONTEXT('2D SPACE',''
  ) );
#4376 = ORIENTED_EDGE('',*,*,#4377,.T.);
#4377 = EDGE_CURVE('',#4350,#4378,#4380,.T.);
#4378 = VERTEX_POINT('',#4379);
#4379 = CARTESIAN_POINT('',(10.0859375,42.3984375,5.9));
#4380 = SURFACE_CURVE('',#4381,(#4385,#4392),.PCURVE_S1.);
#4381 = LINE('',#4382,#4383);
#4382 = CARTESIAN_POINT('',(10.0859375,43.0625,5.9));
#4383 = VECTOR('',#4384,1.);
#4384 = DIRECTION('',(0.,-1.,0.));
#4385 = PCURVE('',#126,#4386);
#4386 = DEFINITIONAL_REPRESENTATION('',(#4387),#4391);
#4387 = LINE('',#4388,#4389);
#4388 = CARTESIAN_POINT('',(55.5859375,94.3125));
#4389 = VECTOR('',#4390,1.);
#4390 = DIRECTION('',(0.,-1.));
#4391 = ( GEOMETRIC_REPRESENTATION_CONTEXT(2) 
PARAMETRIC_REPRESENTATION_CONTEXT() REPRESENTATION_CONTEXT('2D SPACE',''
  ) );
#4392 = PCURVE('',#4393,#4398);
#4393 = PLANE('',#4394);
#4394 = AXIS2_PLACEMENT_3D('',#4395,#4396,#4397);
#4395 = CARTESIAN_POINT('',(10.0859375,43.0625,5.35));
#4396 = DIRECTION('',(1.,0.,0.));
#4397 = DIRECTION('',(0.,-1.,0.));
#4398 = DEFINITIONAL_REPRESENTATION('',(#4399),#4403);
#4399 = LINE('',#4400,#4401);
#4400 = CARTESIAN_POINT('',(0.,-0.55));
#4401 = VECTOR('',#4402,1.);
#4402 = DIRECTION('',(1.,0.));
#4403 = ( GEOMETRIC_REPRESENTATION_CONTEXT(2) 
PARAMETRIC_REPRESENTATION_CONTEXT() REPRESENTATION_CONTEXT('2D SPACE',''
  ) );
#4404 = ORIENTED_EDGE('',*,*,#4405,.T.);
#4405 = EDGE_CURVE('',#4378,#4406,#4408,.T.);
#4406 = VERTEX_POINT('',#4407);
#4407 = CARTESIAN_POINT('',(8.015625,42.3984375,5.9));
#4408 = SURFACE_CURVE('',#4409,(#4413,#4420),.PCURVE_S1.);
#4409 = LINE('',#4410,#4411);
#4410 = CARTESIAN_POINT('',(10.0859375,42.3984375,5.9));
#4411 = VECTOR('',#4412,1.);
#4412 = DIRECTION('',(-1.,0.,0.));
#4413 = PCURVE('',#126,#4414);
#4414 = DEFINITIONAL_REPRESENTATION('',(#4415),#4419);
#4415 = LINE('',#4416,#4417);
#4416 = CARTESIAN_POINT('',(55.5859375,93.6484375));
#4417 = VECTOR('',#4418,1.);
#4418 = DIRECTION('',(-1.,0.));
#4419 = ( GEOMETRIC_REPRESENTATION_CONTEXT(2) 
PARAMETRIC_REPRESENTATION_CONTEXT() REPRESENTATION_CONTEXT('2D SPACE',''
  ) );
#4420 = PCURVE('',#4421,#4426);
#4421 = PLANE('',#4422);
#4422 = AXIS2_PLACEMENT_3D('',#4423,#4424,#4425);
#4423 = CARTESIAN_POINT('',(10.0859375,42.3984375,5.35));
#4424 = DIRECTION('',(0.,-1.,0.));
#4425 = DIRECTION('',(-1.,0.,0.));
#4426 = DEFINITIONAL_REPRESENTATION('',(#4427),#4431);
#4427 = LINE('',#4428,#4429);
#4428 = CARTESIAN_POINT('',(0.,-0.55));
#4429 = VECTOR('',#4430,1.);
#4430 = DIRECTION('',(1.,0.));
#4431 = ( GEOMETRIC_REPRESENTATION_CONTEXT(2) 
PARAMETRIC_REPRESENTATION_CONTEXT() REPRESENTATION_CONTEXT('2D SPACE',''
  ) );
#4432 = ORIENTED_EDGE('',*,*,#4433,.T.);
#4433 = EDGE_CURVE('',#4406,#4434,#4436,.T.);
#4434 = VERTEX_POINT('',#4435);
#4435 = CARTESIAN_POINT('',(8.015625,37.23046875,5.9));
#4436 = SURFACE_CURVE('',#4437,(#4441,#4448),.PCURVE_S1.);
#4437 = LINE('',#4438,#4439);
#4438 = CARTESIAN_POINT('',(8.015625,42.3984375,5.9));
#4439 = VECTOR('',#4440,1.);
#4440 = DIRECTION('',(0.,-1.,0.));
#4441 = PCURVE('',#126,#4442);
#4442 = DEFINITIONAL_REPRESENTATION('',(#4443),#4447);
#4443 = LINE('',#4444,#4445);
#4444 = CARTESIAN_POINT('',(53.515625,93.6484375));
#4445 = VECTOR('',#4446,1.);
#4446 = DIRECTION('',(0.,-1.));
#4447 = ( GEOMETRIC_REPRESENTATION_CONTEXT(2) 
PARAMETRIC_REPRESENTATION_CONTEXT() REPRESENTATION_CONTEXT('2D SPACE',''
  ) );
#4448 = PCURVE('',#4449,#4454);
#4449 = PLANE('',#4450);
#4450 = AXIS2_PLACEMENT_3D('',#4451,#4452,#4453);
#4451 = CARTESIAN_POINT('',(8.015625,42.3984375,5.35));
#4452 = DIRECTION('',(1.,0.,0.));
#4453 = DIRECTION('',(0.,-1.,0.));
#4454 = DEFINITIONAL_REPRESENTATION('',(#4455),#4459);
#4455 = LINE('',#4456,#4457);
#4456 = CARTESIAN_POINT('',(0.,-0.55));
#4457 = VECTOR('',#4458,1.);
#4458 = DIRECTION('',(1.,0.));
#4459 = ( GEOMETRIC_REPRESENTATION_CONTEXT(2) 
PARAMETRIC_REPRESENTATION_CONTEXT() REPRESENTATION_CONTEXT('2D SPACE',''
  ) );
#4460 = ORIENTED_EDGE('',*,*,#4461,.T.);
#4461 = EDGE_CURVE('',#4434,#4462,#4464,.T.);
#4462 = VERTEX_POINT('',#4463);
#4463 = CARTESIAN_POINT('',(7.22265625,37.23046875,5.9));
#4464 = SURFACE_CURVE('',#4465,(#4469,#4476),.PCURVE_S1.);
#4465 = LINE('',#4466,#4467);
#4466 = CARTESIAN_POINT('',(8.015625,37.23046875,5.9));
#4467 = VECTOR('',#4468,1.);
#4468 = DIRECTION('',(-1.,0.,0.));
#4469 = PCURVE('',#126,#4470);
#4470 = DEFINITIONAL_REPRESENTATION('',(#4471),#4475);
#4471 = LINE('',#4472,#4473);
#4472 = CARTESIAN_POINT('',(53.515625,88.48046875));
#4473 = VECTOR('',#4474,1.);
#4474 = DIRECTION('',(-1.,0.));
#4475 = ( GEOMETRIC_REPRESENTATION_CONTEXT(2) 
PARAMETRIC_REPRESENTATION_CONTEXT() REPRESENTATION_CONTEXT('2D SPACE',''
  ) );
#4476 = PCURVE('',#4477,#4482);
#4477 = PLANE('',#4478);
#4478 = AXIS2_PLACEMENT_3D('',#4479,#4480,#4481);
#4479 = CARTESIAN_POINT('',(8.015625,37.23046875,5.35));
#4480 = DIRECTION('',(0.,-1.,0.));
#4481 = DIRECTION('',(-1.,0.,0.));
#4482 = DEFINITIONAL_REPRESENTATION('',(#4483),#4487);
#4483 = LINE('',#4484,#4485);
#4484 = CARTESIAN_POINT('',(0.,-0.55));
#4485 = VECTOR('',#4486,1.);
#4486 = DIRECTION('',(1.,0.));
#4487 = ( GEOMETRIC_REPRESENTATION_CONTEXT(2) 
PARAMETRIC_REPRESENTATION_CONTEXT() REPRESENTATION_CONTEXT('2D SPACE',''
  ) );
#4488 = ORIENTED_EDGE('',*,*,#4489,.T.);
#4489 = EDGE_CURVE('',#4462,#4292,#4490,.T.);
#4490 = SURFACE_CURVE('',#4491,(#4495,#4502),.PCURVE_S1.);
#4491 = LINE('',#4492,#4493);
#4492 = CARTESIAN_POINT('',(7.22265625,37.23046875,5.9));
#4493 = VECTOR('',#4494,1.);
#4494 = DIRECTION('',(0.,1.,0.));
#4495 = PCURVE('',#126,#4496);
#4496 = DEFINITIONAL_REPRESENTATION('',(#4497),#4501);
#4497 = LINE('',#4498,#4499);
#4498 = CARTESIAN_POINT('',(52.72265625,88.48046875));
#4499 = VECTOR('',#4500,1.);
#4500 = DIRECTION('',(0.,1.));
#4501 = ( GEOMETRIC_REPRESENTATION_CONTEXT(2) 
PARAMETRIC_REPRESENTATION_CONTEXT() REPRESENTATION_CONTEXT('2D SPACE',''
  ) );
#4502 = PCURVE('',#4503,#4508);
#4503 = PLANE('',#4504);
#4504 = AXIS2_PLACEMENT_3D('',#4505,#4506,#4507);
#4505 = CARTESIAN_POINT('',(7.22265625,37.23046875,5.35));
#4506 = DIRECTION('',(-1.,0.,0.));
#4507 = DIRECTION('',(0.,1.,0.));
#4508 = DEFINITIONAL_REPRESENTATION('',(#4509),#4513);
#4509 = LINE('',#4510,#4511);
#4510 = CARTESIAN_POINT('',(0.,-0.55));
#4511 = VECTOR('',#4512,1.);
#4512 = DIRECTION('',(1.,0.));
#4513 = ( GEOMETRIC_REPRESENTATION_CONTEXT(2) 
PARAMETRIC_REPRESENTATION_CONTEXT() REPRESENTATION_CONTEXT('2D SPACE',''
  ) );
#4514 = FACE_BOUND('',#4515,.T.);
#4515 = EDGE_LOOP('',(#4516,#4548,#4576,#4606,#4636,#4666,#4696,#4726,
    #4756,#4786,#4816,#4844,#4874,#4904,#4934,#4964,#4994,#5024));
#4516 = ORIENTED_EDGE('',*,*,#4517,.T.);
#4517 = EDGE_CURVE('',#4518,#4520,#4522,.T.);
#4518 = VERTEX_POINT('',#4519);
#4519 = CARTESIAN_POINT('',(13.876953125,43.029296875,5.9));
#4520 = VERTEX_POINT('',#4521);
#4521 = CARTESIAN_POINT('',(14.74609375,42.61328125,5.9));
#4522 = SURFACE_CURVE('',#4523,(#4527,#4534),.PCURVE_S1.);
#4523 = B_SPLINE_CURVE_WITH_KNOTS('',2,(#4524,#4525,#4526),
  .UNSPECIFIED.,.F.,.F.,(3,3),(0.,1.),.PIECEWISE_BEZIER_KNOTS.);
#4524 = CARTESIAN_POINT('',(13.876953125,43.029296875,5.9));
#4525 = CARTESIAN_POINT('',(14.33984375,42.890625,5.9));
#4526 = CARTESIAN_POINT('',(14.74609375,42.61328125,5.9));
#4527 = PCURVE('',#126,#4528);
#4528 = DEFINITIONAL_REPRESENTATION('',(#4529),#4533);
#4529 = B_SPLINE_CURVE_WITH_KNOTS('',2,(#4530,#4531,#4532),
  .UNSPECIFIED.,.F.,.F.,(3,3),(0.,1.),.PIECEWISE_BEZIER_KNOTS.);
#4530 = CARTESIAN_POINT('',(59.376953125,94.279296875));
#4531 = CARTESIAN_POINT('',(59.83984375,94.140625));
#4532 = CARTESIAN_POINT('',(60.24609375,93.86328125));
#4533 = ( GEOMETRIC_REPRESENTATION_CONTEXT(2) 
PARAMETRIC_REPRESENTATION_CONTEXT() REPRESENTATION_CONTEXT('2D SPACE',''
  ) );
#4534 = PCURVE('',#4535,#4542);
#4535 = SURFACE_OF_LINEAR_EXTRUSION('',#4536,#4540);
#4536 = B_SPLINE_CURVE_WITH_KNOTS('',2,(#4537,#4538,#4539),
  .UNSPECIFIED.,.F.,.F.,(3,3),(0.,1.),.PIECEWISE_BEZIER_KNOTS.);
#4537 = CARTESIAN_POINT('',(13.876953125,43.029296875,5.35));
#4538 = CARTESIAN_POINT('',(14.33984375,42.890625,5.35));
#4539 = CARTESIAN_POINT('',(14.74609375,42.61328125,5.35));
#4540 = VECTOR('',#4541,1.);
#4541 = DIRECTION('',(-0.,-0.,-1.));
#4542 = DEFINITIONAL_REPRESENTATION('',(#4543),#4547);
#4543 = LINE('',#4544,#4545);
#4544 = CARTESIAN_POINT('',(0.,-0.55));
#4545 = VECTOR('',#4546,1.);
#4546 = DIRECTION('',(1.,0.));
#4547 = ( GEOMETRIC_REPRESENTATION_CONTEXT(2) 
PARAMETRIC_REPRESENTATION_CONTEXT() REPRESENTATION_CONTEXT('2D SPACE',''
  ) );
#4548 = ORIENTED_EDGE('',*,*,#4549,.T.);
#4549 = EDGE_CURVE('',#4520,#4550,#4552,.T.);
#4550 = VERTEX_POINT('',#4551);
#4551 = CARTESIAN_POINT('',(14.74609375,41.78125,5.9));
#4552 = SURFACE_CURVE('',#4553,(#4557,#4564),.PCURVE_S1.);
#4553 = LINE('',#4554,#4555);
#4554 = CARTESIAN_POINT('',(14.74609375,42.61328125,5.9));
#4555 = VECTOR('',#4556,1.);
#4556 = DIRECTION('',(0.,-1.,0.));
#4557 = PCURVE('',#126,#4558);
#4558 = DEFINITIONAL_REPRESENTATION('',(#4559),#4563);
#4559 = LINE('',#4560,#4561);
#4560 = CARTESIAN_POINT('',(60.24609375,93.86328125));
#4561 = VECTOR('',#4562,1.);
#4562 = DIRECTION('',(0.,-1.));
#4563 = ( GEOMETRIC_REPRESENTATION_CONTEXT(2) 
PARAMETRIC_REPRESENTATION_CONTEXT() REPRESENTATION_CONTEXT('2D SPACE',''
  ) );
#4564 = PCURVE('',#4565,#4570);
#4565 = PLANE('',#4566);
#4566 = AXIS2_PLACEMENT_3D('',#4567,#4568,#4569);
#4567 = CARTESIAN_POINT('',(14.74609375,42.61328125,5.35));
#4568 = DIRECTION('',(1.,0.,0.));
#4569 = DIRECTION('',(0.,-1.,0.));
#4570 = DEFINITIONAL_REPRESENTATION('',(#4571),#4575);
#4571 = LINE('',#4572,#4573);
#4572 = CARTESIAN_POINT('',(0.,-0.55));
#4573 = VECTOR('',#4574,1.);
#4574 = DIRECTION('',(1.,0.));
#4575 = ( GEOMETRIC_REPRESENTATION_CONTEXT(2) 
PARAMETRIC_REPRESENTATION_CONTEXT() REPRESENTATION_CONTEXT('2D SPACE',''
  ) );
#4576 = ORIENTED_EDGE('',*,*,#4577,.T.);
#4577 = EDGE_CURVE('',#4550,#4578,#4580,.T.);
#4578 = VERTEX_POINT('',#4579);
#4579 = CARTESIAN_POINT('',(13.896484375,42.3359375,5.9));
#4580 = SURFACE_CURVE('',#4581,(#4585,#4592),.PCURVE_S1.);
#4581 = B_SPLINE_CURVE_WITH_KNOTS('',2,(#4582,#4583,#4584),
  .UNSPECIFIED.,.F.,.F.,(3,3),(0.,1.),.PIECEWISE_BEZIER_KNOTS.);
#4582 = CARTESIAN_POINT('',(14.74609375,41.78125,5.9));
#4583 = CARTESIAN_POINT('',(14.34765625,42.15234375,5.9));
#4584 = CARTESIAN_POINT('',(13.896484375,42.3359375,5.9));
#4585 = PCURVE('',#126,#4586);
#4586 = DEFINITIONAL_REPRESENTATION('',(#4587),#4591);
#4587 = B_SPLINE_CURVE_WITH_KNOTS('',2,(#4588,#4589,#4590),
  .UNSPECIFIED.,.F.,.F.,(3,3),(0.,1.),.PIECEWISE_BEZIER_KNOTS.);
#4588 = CARTESIAN_POINT('',(60.24609375,93.03125));
#4589 = CARTESIAN_POINT('',(59.84765625,93.40234375));
#4590 = CARTESIAN_POINT('',(59.396484375,93.5859375));
#4591 = ( GEOMETRIC_REPRESENTATION_CONTEXT(2) 
PARAMETRIC_REPRESENTATION_CONTEXT() REPRESENTATION_CONTEXT('2D SPACE',''
  ) );
#4592 = PCURVE('',#4593,#4600);
#4593 = SURFACE_OF_LINEAR_EXTRUSION('',#4594,#4598);
#4594 = B_SPLINE_CURVE_WITH_KNOTS('',2,(#4595,#4596,#4597),
  .UNSPECIFIED.,.F.,.F.,(3,3),(0.,1.),.PIECEWISE_BEZIER_KNOTS.);
#4595 = CARTESIAN_POINT('',(14.74609375,41.78125,5.35));
#4596 = CARTESIAN_POINT('',(14.34765625,42.15234375,5.35));
#4597 = CARTESIAN_POINT('',(13.896484375,42.3359375,5.35));
#4598 = VECTOR('',#4599,1.);
#4599 = DIRECTION('',(-0.,-0.,-1.));
#4600 = DEFINITIONAL_REPRESENTATION('',(#4601),#4605);
#4601 = LINE('',#4602,#4603);
#4602 = CARTESIAN_POINT('',(0.,-0.55));
#4603 = VECTOR('',#4604,1.);
#4604 = DIRECTION('',(1.,0.));
#4605 = ( GEOMETRIC_REPRESENTATION_CONTEXT(2) 
PARAMETRIC_REPRESENTATION_CONTEXT() REPRESENTATION_CONTEXT('2D SPACE',''
  ) );
#4606 = ORIENTED_EDGE('',*,*,#4607,.T.);
#4607 = EDGE_CURVE('',#4578,#4608,#4610,.T.);
#4608 = VERTEX_POINT('',#4609);
#4609 = CARTESIAN_POINT('',(12.9375,42.51953125,5.9));
#4610 = SURFACE_CURVE('',#4611,(#4615,#4622),.PCURVE_S1.);
#4611 = B_SPLINE_CURVE_WITH_KNOTS('',2,(#4612,#4613,#4614),
  .UNSPECIFIED.,.F.,.F.,(3,3),(0.,1.),.PIECEWISE_BEZIER_KNOTS.);
#4612 = CARTESIAN_POINT('',(13.896484375,42.3359375,5.9));
#4613 = CARTESIAN_POINT('',(13.4453125,42.51953125,5.9));
#4614 = CARTESIAN_POINT('',(12.9375,42.51953125,5.9));
#4615 = PCURVE('',#126,#4616);
#4616 = DEFINITIONAL_REPRESENTATION('',(#4617),#4621);
#4617 = B_SPLINE_CURVE_WITH_KNOTS('',2,(#4618,#4619,#4620),
  .UNSPECIFIED.,.F.,.F.,(3,3),(0.,1.),.PIECEWISE_BEZIER_KNOTS.);
#4618 = CARTESIAN_POINT('',(59.396484375,93.5859375));
#4619 = CARTESIAN_POINT('',(58.9453125,93.76953125));
#4620 = CARTESIAN_POINT('',(58.4375,93.76953125));
#4621 = ( GEOMETRIC_REPRESENTATION_CONTEXT(2) 
PARAMETRIC_REPRESENTATION_CONTEXT() REPRESENTATION_CONTEXT('2D SPACE',''
  ) );
#4622 = PCURVE('',#4623,#4630);
#4623 = SURFACE_OF_LINEAR_EXTRUSION('',#4624,#4628);
#4624 = B_SPLINE_CURVE_WITH_KNOTS('',2,(#4625,#4626,#4627),
  .UNSPECIFIED.,.F.,.F.,(3,3),(0.,1.),.PIECEWISE_BEZIER_KNOTS.);
#4625 = CARTESIAN_POINT('',(13.896484375,42.3359375,5.35));
#4626 = CARTESIAN_POINT('',(13.4453125,42.51953125,5.35));
#4627 = CARTESIAN_POINT('',(12.9375,42.51953125,5.35));
#4628 = VECTOR('',#4629,1.);
#4629 = DIRECTION('',(-0.,-0.,-1.));
#4630 = DEFINITIONAL_REPRESENTATION('',(#4631),#4635);
#4631 = LINE('',#4632,#4633);
#4632 = CARTESIAN_POINT('',(0.,-0.55));
#4633 = VECTOR('',#4634,1.);
#4634 = DIRECTION('',(1.,0.));
#4635 = ( GEOMETRIC_REPRESENTATION_CONTEXT(2) 
PARAMETRIC_REPRESENTATION_CONTEXT() REPRESENTATION_CONTEXT('2D SPACE',''
  ) );
#4636 = ORIENTED_EDGE('',*,*,#4637,.T.);
#4637 = EDGE_CURVE('',#4608,#4638,#4640,.T.);
#4638 = VERTEX_POINT('',#4639);
#4639 = CARTESIAN_POINT('',(11.40625,41.908203125,5.9));
#4640 = SURFACE_CURVE('',#4641,(#4645,#4652),.PCURVE_S1.);
#4641 = B_SPLINE_CURVE_WITH_KNOTS('',2,(#4642,#4643,#4644),
  .UNSPECIFIED.,.F.,.F.,(3,3),(0.,1.),.PIECEWISE_BEZIER_KNOTS.);
#4642 = CARTESIAN_POINT('',(12.9375,42.51953125,5.9));
#4643 = CARTESIAN_POINT('',(11.9375,42.51953125,5.9));
#4644 = CARTESIAN_POINT('',(11.40625,41.908203125,5.9));
#4645 = PCURVE('',#126,#4646);
#4646 = DEFINITIONAL_REPRESENTATION('',(#4647),#4651);
#4647 = B_SPLINE_CURVE_WITH_KNOTS('',2,(#4648,#4649,#4650),
  .UNSPECIFIED.,.F.,.F.,(3,3),(0.,1.),.PIECEWISE_BEZIER_KNOTS.);
#4648 = CARTESIAN_POINT('',(58.4375,93.76953125));
#4649 = CARTESIAN_POINT('',(57.4375,93.76953125));
#4650 = CARTESIAN_POINT('',(56.90625,93.158203125));
#4651 = ( GEOMETRIC_REPRESENTATION_CONTEXT(2) 
PARAMETRIC_REPRESENTATION_CONTEXT() REPRESENTATION_CONTEXT('2D SPACE',''
  ) );
#4652 = PCURVE('',#4653,#4660);
#4653 = SURFACE_OF_LINEAR_EXTRUSION('',#4654,#4658);
#4654 = B_SPLINE_CURVE_WITH_KNOTS('',2,(#4655,#4656,#4657),
  .UNSPECIFIED.,.F.,.F.,(3,3),(0.,1.),.PIECEWISE_BEZIER_KNOTS.);
#4655 = CARTESIAN_POINT('',(12.9375,42.51953125,5.35));
#4656 = CARTESIAN_POINT('',(11.9375,42.51953125,5.35));
#4657 = CARTESIAN_POINT('',(11.40625,41.908203125,5.35));
#4658 = VECTOR('',#4659,1.);
#4659 = DIRECTION('',(-0.,-0.,-1.));
#4660 = DEFINITIONAL_REPRESENTATION('',(#4661),#4665);
#4661 = LINE('',#4662,#4663);
#4662 = CARTESIAN_POINT('',(0.,-0.55));
#4663 = VECTOR('',#4664,1.);
#4664 = DIRECTION('',(1.,0.));
#4665 = ( GEOMETRIC_REPRESENTATION_CONTEXT(2) 
PARAMETRIC_REPRESENTATION_CONTEXT() REPRESENTATION_CONTEXT('2D SPACE',''
  ) );
#4666 = ORIENTED_EDGE('',*,*,#4667,.T.);
#4667 = EDGE_CURVE('',#4638,#4668,#4670,.T.);
#4668 = VERTEX_POINT('',#4669);
#4669 = CARTESIAN_POINT('',(10.875,40.140625,5.9));
#4670 = SURFACE_CURVE('',#4671,(#4675,#4682),.PCURVE_S1.);
#4671 = B_SPLINE_CURVE_WITH_KNOTS('',2,(#4672,#4673,#4674),
  .UNSPECIFIED.,.F.,.F.,(3,3),(0.,1.),.PIECEWISE_BEZIER_KNOTS.);
#4672 = CARTESIAN_POINT('',(11.40625,41.908203125,5.9));
#4673 = CARTESIAN_POINT('',(10.875,41.296875,5.9));
#4674 = CARTESIAN_POINT('',(10.875,40.140625,5.9));
#4675 = PCURVE('',#126,#4676);
#4676 = DEFINITIONAL_REPRESENTATION('',(#4677),#4681);
#4677 = B_SPLINE_CURVE_WITH_KNOTS('',2,(#4678,#4679,#4680),
  .UNSPECIFIED.,.F.,.F.,(3,3),(0.,1.),.PIECEWISE_BEZIER_KNOTS.);
#4678 = CARTESIAN_POINT('',(56.90625,93.158203125));
#4679 = CARTESIAN_POINT('',(56.375,92.546875));
#4680 = CARTESIAN_POINT('',(56.375,91.390625));
#4681 = ( GEOMETRIC_REPRESENTATION_CONTEXT(2) 
PARAMETRIC_REPRESENTATION_CONTEXT() REPRESENTATION_CONTEXT('2D SPACE',''
  ) );
#4682 = PCURVE('',#4683,#4690);
#4683 = SURFACE_OF_LINEAR_EXTRUSION('',#4684,#4688);
#4684 = B_SPLINE_CURVE_WITH_KNOTS('',2,(#4685,#4686,#4687),
  .UNSPECIFIED.,.F.,.F.,(3,3),(0.,1.),.PIECEWISE_BEZIER_KNOTS.);
#4685 = CARTESIAN_POINT('',(11.40625,41.908203125,5.35));
#4686 = CARTESIAN_POINT('',(10.875,41.296875,5.35));
#4687 = CARTESIAN_POINT('',(10.875,40.140625,5.35));
#4688 = VECTOR('',#4689,1.);
#4689 = DIRECTION('',(-0.,-0.,-1.));
#4690 = DEFINITIONAL_REPRESENTATION('',(#4691),#4695);
#4691 = LINE('',#4692,#4693);
#4692 = CARTESIAN_POINT('',(0.,-0.55));
#4693 = VECTOR('',#4694,1.);
#4694 = DIRECTION('',(1.,0.));
#4695 = ( GEOMETRIC_REPRESENTATION_CONTEXT(2) 
PARAMETRIC_REPRESENTATION_CONTEXT() REPRESENTATION_CONTEXT('2D SPACE',''
  ) );
#4696 = ORIENTED_EDGE('',*,*,#4697,.T.);
#4697 = EDGE_CURVE('',#4668,#4698,#4700,.T.);
#4698 = VERTEX_POINT('',#4699);
#4699 = CARTESIAN_POINT('',(11.40625,38.376953125,5.9));
#4700 = SURFACE_CURVE('',#4701,(#4705,#4712),.PCURVE_S1.);
#4701 = B_SPLINE_CURVE_WITH_KNOTS('',2,(#4702,#4703,#4704),
  .UNSPECIFIED.,.F.,.F.,(3,3),(0.,1.),.PIECEWISE_BEZIER_KNOTS.);
#4702 = CARTESIAN_POINT('',(10.875,40.140625,5.9));
#4703 = CARTESIAN_POINT('',(10.875,38.98828125,5.9));
#4704 = CARTESIAN_POINT('',(11.40625,38.376953125,5.9));
#4705 = PCURVE('',#126,#4706);
#4706 = DEFINITIONAL_REPRESENTATION('',(#4707),#4711);
#4707 = B_SPLINE_CURVE_WITH_KNOTS('',2,(#4708,#4709,#4710),
  .UNSPECIFIED.,.F.,.F.,(3,3),(0.,1.),.PIECEWISE_BEZIER_KNOTS.);
#4708 = CARTESIAN_POINT('',(56.375,91.390625));
#4709 = CARTESIAN_POINT('',(56.375,90.23828125));
#4710 = CARTESIAN_POINT('',(56.90625,89.626953125));
#4711 = ( GEOMETRIC_REPRESENTATION_CONTEXT(2) 
PARAMETRIC_REPRESENTATION_CONTEXT() REPRESENTATION_CONTEXT('2D SPACE',''
  ) );
#4712 = PCURVE('',#4713,#4720);
#4713 = SURFACE_OF_LINEAR_EXTRUSION('',#4714,#4718);
#4714 = B_SPLINE_CURVE_WITH_KNOTS('',2,(#4715,#4716,#4717),
  .UNSPECIFIED.,.F.,.F.,(3,3),(0.,1.),.PIECEWISE_BEZIER_KNOTS.);
#4715 = CARTESIAN_POINT('',(10.875,40.140625,5.35));
#4716 = CARTESIAN_POINT('',(10.875,38.98828125,5.35));
#4717 = CARTESIAN_POINT('',(11.40625,38.376953125,5.35));
#4718 = VECTOR('',#4719,1.);
#4719 = DIRECTION('',(-0.,-0.,-1.));
#4720 = DEFINITIONAL_REPRESENTATION('',(#4721),#4725);
#4721 = LINE('',#4722,#4723);
#4722 = CARTESIAN_POINT('',(0.,-0.55));
#4723 = VECTOR('',#4724,1.);
#4724 = DIRECTION('',(1.,0.));
#4725 = ( GEOMETRIC_REPRESENTATION_CONTEXT(2) 
PARAMETRIC_REPRESENTATION_CONTEXT() REPRESENTATION_CONTEXT('2D SPACE',''
  ) );
#4726 = ORIENTED_EDGE('',*,*,#4727,.T.);
#4727 = EDGE_CURVE('',#4698,#4728,#4730,.T.);
#4728 = VERTEX_POINT('',#4729);
#4729 = CARTESIAN_POINT('',(12.9375,37.765625,5.9));
#4730 = SURFACE_CURVE('',#4731,(#4735,#4742),.PCURVE_S1.);
#4731 = B_SPLINE_CURVE_WITH_KNOTS('',2,(#4732,#4733,#4734),
  .UNSPECIFIED.,.F.,.F.,(3,3),(0.,1.),.PIECEWISE_BEZIER_KNOTS.);
#4732 = CARTESIAN_POINT('',(11.40625,38.376953125,5.9));
#4733 = CARTESIAN_POINT('',(11.9375,37.765625,5.9));
#4734 = CARTESIAN_POINT('',(12.9375,37.765625,5.9));
#4735 = PCURVE('',#126,#4736);
#4736 = DEFINITIONAL_REPRESENTATION('',(#4737),#4741);
#4737 = B_SPLINE_CURVE_WITH_KNOTS('',2,(#4738,#4739,#4740),
  .UNSPECIFIED.,.F.,.F.,(3,3),(0.,1.),.PIECEWISE_BEZIER_KNOTS.);
#4738 = CARTESIAN_POINT('',(56.90625,89.626953125));
#4739 = CARTESIAN_POINT('',(57.4375,89.015625));
#4740 = CARTESIAN_POINT('',(58.4375,89.015625));
#4741 = ( GEOMETRIC_REPRESENTATION_CONTEXT(2) 
PARAMETRIC_REPRESENTATION_CONTEXT() REPRESENTATION_CONTEXT('2D SPACE',''
  ) );
#4742 = PCURVE('',#4743,#4750);
#4743 = SURFACE_OF_LINEAR_EXTRUSION('',#4744,#4748);
#4744 = B_SPLINE_CURVE_WITH_KNOTS('',2,(#4745,#4746,#4747),
  .UNSPECIFIED.,.F.,.F.,(3,3),(0.,1.),.PIECEWISE_BEZIER_KNOTS.);
#4745 = CARTESIAN_POINT('',(11.40625,38.376953125,5.35));
#4746 = CARTESIAN_POINT('',(11.9375,37.765625,5.35));
#4747 = CARTESIAN_POINT('',(12.9375,37.765625,5.35));
#4748 = VECTOR('',#4749,1.);
#4749 = DIRECTION('',(-0.,-0.,-1.));
#4750 = DEFINITIONAL_REPRESENTATION('',(#4751),#4755);
#4751 = LINE('',#4752,#4753);
#4752 = CARTESIAN_POINT('',(0.,-0.55));
#4753 = VECTOR('',#4754,1.);
#4754 = DIRECTION('',(1.,0.));
#4755 = ( GEOMETRIC_REPRESENTATION_CONTEXT(2) 
PARAMETRIC_REPRESENTATION_CONTEXT() REPRESENTATION_CONTEXT('2D SPACE',''
  ) );
#4756 = ORIENTED_EDGE('',*,*,#4757,.T.);
#4757 = EDGE_CURVE('',#4728,#4758,#4760,.T.);
#4758 = VERTEX_POINT('',#4759);
#4759 = CARTESIAN_POINT('',(13.896484375,37.94921875,5.9));
#4760 = SURFACE_CURVE('',#4761,(#4765,#4772),.PCURVE_S1.);
#4761 = B_SPLINE_CURVE_WITH_KNOTS('',2,(#4762,#4763,#4764),
  .UNSPECIFIED.,.F.,.F.,(3,3),(0.,1.),.PIECEWISE_BEZIER_KNOTS.);
#4762 = CARTESIAN_POINT('',(12.9375,37.765625,5.9));
#4763 = CARTESIAN_POINT('',(13.4453125,37.765625,5.9));
#4764 = CARTESIAN_POINT('',(13.896484375,37.94921875,5.9));
#4765 = PCURVE('',#126,#4766);
#4766 = DEFINITIONAL_REPRESENTATION('',(#4767),#4771);
#4767 = B_SPLINE_CURVE_WITH_KNOTS('',2,(#4768,#4769,#4770),
  .UNSPECIFIED.,.F.,.F.,(3,3),(0.,1.),.PIECEWISE_BEZIER_KNOTS.);
#4768 = CARTESIAN_POINT('',(58.4375,89.015625));
#4769 = CARTESIAN_POINT('',(58.9453125,89.015625));
#4770 = CARTESIAN_POINT('',(59.396484375,89.19921875));
#4771 = ( GEOMETRIC_REPRESENTATION_CONTEXT(2) 
PARAMETRIC_REPRESENTATION_CONTEXT() REPRESENTATION_CONTEXT('2D SPACE',''
  ) );
#4772 = PCURVE('',#4773,#4780);
#4773 = SURFACE_OF_LINEAR_EXTRUSION('',#4774,#4778);
#4774 = B_SPLINE_CURVE_WITH_KNOTS('',2,(#4775,#4776,#4777),
  .UNSPECIFIED.,.F.,.F.,(3,3),(0.,1.),.PIECEWISE_BEZIER_KNOTS.);
#4775 = CARTESIAN_POINT('',(12.9375,37.765625,5.35));
#4776 = CARTESIAN_POINT('',(13.4453125,37.765625,5.35));
#4777 = CARTESIAN_POINT('',(13.896484375,37.94921875,5.35));
#4778 = VECTOR('',#4779,1.);
#4779 = DIRECTION('',(-0.,-0.,-1.));
#4780 = DEFINITIONAL_REPRESENTATION('',(#4781),#4785);
#4781 = LINE('',#4782,#4783);
#4782 = CARTESIAN_POINT('',(0.,-0.55));
#4783 = VECTOR('',#4784,1.);
#4784 = DIRECTION('',(1.,0.));
#4785 = ( GEOMETRIC_REPRESENTATION_CONTEXT(2) 
PARAMETRIC_REPRESENTATION_CONTEXT() REPRESENTATION_CONTEXT('2D SPACE',''
  ) );
#4786 = ORIENTED_EDGE('',*,*,#4787,.T.);
#4787 = EDGE_CURVE('',#4758,#4788,#4790,.T.);
#4788 = VERTEX_POINT('',#4789);
#4789 = CARTESIAN_POINT('',(14.74609375,38.50390625,5.9));
#4790 = SURFACE_CURVE('',#4791,(#4795,#4802),.PCURVE_S1.);
#4791 = B_SPLINE_CURVE_WITH_KNOTS('',2,(#4792,#4793,#4794),
  .UNSPECIFIED.,.F.,.F.,(3,3),(0.,1.),.PIECEWISE_BEZIER_KNOTS.);
#4792 = CARTESIAN_POINT('',(13.896484375,37.94921875,5.9));
#4793 = CARTESIAN_POINT('',(14.34765625,38.1328125,5.9));
#4794 = CARTESIAN_POINT('',(14.74609375,38.50390625,5.9));
#4795 = PCURVE('',#126,#4796);
#4796 = DEFINITIONAL_REPRESENTATION('',(#4797),#4801);
#4797 = B_SPLINE_CURVE_WITH_KNOTS('',2,(#4798,#4799,#4800),
  .UNSPECIFIED.,.F.,.F.,(3,3),(0.,1.),.PIECEWISE_BEZIER_KNOTS.);
#4798 = CARTESIAN_POINT('',(59.396484375,89.19921875));
#4799 = CARTESIAN_POINT('',(59.84765625,89.3828125));
#4800 = CARTESIAN_POINT('',(60.24609375,89.75390625));
#4801 = ( GEOMETRIC_REPRESENTATION_CONTEXT(2) 
PARAMETRIC_REPRESENTATION_CONTEXT() REPRESENTATION_CONTEXT('2D SPACE',''
  ) );
#4802 = PCURVE('',#4803,#4810);
#4803 = SURFACE_OF_LINEAR_EXTRUSION('',#4804,#4808);
#4804 = B_SPLINE_CURVE_WITH_KNOTS('',2,(#4805,#4806,#4807),
  .UNSPECIFIED.,.F.,.F.,(3,3),(0.,1.),.PIECEWISE_BEZIER_KNOTS.);
#4805 = CARTESIAN_POINT('',(13.896484375,37.94921875,5.35));
#4806 = CARTESIAN_POINT('',(14.34765625,38.1328125,5.35));
#4807 = CARTESIAN_POINT('',(14.74609375,38.50390625,5.35));
#4808 = VECTOR('',#4809,1.);
#4809 = DIRECTION('',(-0.,-0.,-1.));
#4810 = DEFINITIONAL_REPRESENTATION('',(#4811),#4815);
#4811 = LINE('',#4812,#4813);
#4812 = CARTESIAN_POINT('',(0.,-0.55));
#4813 = VECTOR('',#4814,1.);
#4814 = DIRECTION('',(1.,0.));
#4815 = ( GEOMETRIC_REPRESENTATION_CONTEXT(2) 
PARAMETRIC_REPRESENTATION_CONTEXT() REPRESENTATION_CONTEXT('2D SPACE',''
  ) );
#4816 = ORIENTED_EDGE('',*,*,#4817,.T.);
#4817 = EDGE_CURVE('',#4788,#4818,#4820,.T.);
#4818 = VERTEX_POINT('',#4819);
#4819 = CARTESIAN_POINT('',(14.74609375,37.6796875,5.9));
#4820 = SURFACE_CURVE('',#4821,(#4825,#4832),.PCURVE_S1.);
#4821 = LINE('',#4822,#4823);
#4822 = CARTESIAN_POINT('',(14.74609375,38.50390625,5.9));
#4823 = VECTOR('',#4824,1.);
#4824 = DIRECTION('',(0.,-1.,0.));
#4825 = PCURVE('',#126,#4826);
#4826 = DEFINITIONAL_REPRESENTATION('',(#4827),#4831);
#4827 = LINE('',#4828,#4829);
#4828 = CARTESIAN_POINT('',(60.24609375,89.75390625));
#4829 = VECTOR('',#4830,1.);
#4830 = DIRECTION('',(0.,-1.));
#4831 = ( GEOMETRIC_REPRESENTATION_CONTEXT(2) 
PARAMETRIC_REPRESENTATION_CONTEXT() REPRESENTATION_CONTEXT('2D SPACE',''
  ) );
#4832 = PCURVE('',#4833,#4838);
#4833 = PLANE('',#4834);
#4834 = AXIS2_PLACEMENT_3D('',#4835,#4836,#4837);
#4835 = CARTESIAN_POINT('',(14.74609375,38.50390625,5.35));
#4836 = DIRECTION('',(1.,0.,0.));
#4837 = DIRECTION('',(0.,-1.,0.));
#4838 = DEFINITIONAL_REPRESENTATION('',(#4839),#4843);
#4839 = LINE('',#4840,#4841);
#4840 = CARTESIAN_POINT('',(0.,-0.55));
#4841 = VECTOR('',#4842,1.);
#4842 = DIRECTION('',(1.,0.));
#4843 = ( GEOMETRIC_REPRESENTATION_CONTEXT(2) 
PARAMETRIC_REPRESENTATION_CONTEXT() REPRESENTATION_CONTEXT('2D SPACE',''
  ) );
#4844 = ORIENTED_EDGE('',*,*,#4845,.T.);
#4845 = EDGE_CURVE('',#4818,#4846,#4848,.T.);
#4846 = VERTEX_POINT('',#4847);
#4847 = CARTESIAN_POINT('',(13.869140625,37.2578125,5.9));
#4848 = SURFACE_CURVE('',#4849,(#4853,#4860),.PCURVE_S1.);
#4849 = B_SPLINE_CURVE_WITH_KNOTS('',2,(#4850,#4851,#4852),
  .UNSPECIFIED.,.F.,.F.,(3,3),(0.,1.),.PIECEWISE_BEZIER_KNOTS.);
#4850 = CARTESIAN_POINT('',(14.74609375,37.6796875,5.9));
#4851 = CARTESIAN_POINT('',(14.33203125,37.3984375,5.9));
#4852 = CARTESIAN_POINT('',(13.869140625,37.2578125,5.9));
#4853 = PCURVE('',#126,#4854);
#4854 = DEFINITIONAL_REPRESENTATION('',(#4855),#4859);
#4855 = B_SPLINE_CURVE_WITH_KNOTS('',2,(#4856,#4857,#4858),
  .UNSPECIFIED.,.F.,.F.,(3,3),(0.,1.),.PIECEWISE_BEZIER_KNOTS.);
#4856 = CARTESIAN_POINT('',(60.24609375,88.9296875));
#4857 = CARTESIAN_POINT('',(59.83203125,88.6484375));
#4858 = CARTESIAN_POINT('',(59.369140625,88.5078125));
#4859 = ( GEOMETRIC_REPRESENTATION_CONTEXT(2) 
PARAMETRIC_REPRESENTATION_CONTEXT() REPRESENTATION_CONTEXT('2D SPACE',''
  ) );
#4860 = PCURVE('',#4861,#4868);
#4861 = SURFACE_OF_LINEAR_EXTRUSION('',#4862,#4866);
#4862 = B_SPLINE_CURVE_WITH_KNOTS('',2,(#4863,#4864,#4865),
  .UNSPECIFIED.,.F.,.F.,(3,3),(0.,1.),.PIECEWISE_BEZIER_KNOTS.);
#4863 = CARTESIAN_POINT('',(14.74609375,37.6796875,5.35));
#4864 = CARTESIAN_POINT('',(14.33203125,37.3984375,5.35));
#4865 = CARTESIAN_POINT('',(13.869140625,37.2578125,5.35));
#4866 = VECTOR('',#4867,1.);
#4867 = DIRECTION('',(-0.,-0.,-1.));
#4868 = DEFINITIONAL_REPRESENTATION('',(#4869),#4873);
#4869 = LINE('',#4870,#4871);
#4870 = CARTESIAN_POINT('',(0.,-0.55));
#4871 = VECTOR('',#4872,1.);
#4872 = DIRECTION('',(1.,0.));
#4873 = ( GEOMETRIC_REPRESENTATION_CONTEXT(2) 
PARAMETRIC_REPRESENTATION_CONTEXT() REPRESENTATION_CONTEXT('2D SPACE',''
  ) );
#4874 = ORIENTED_EDGE('',*,*,#4875,.T.);
#4875 = EDGE_CURVE('',#4846,#4876,#4878,.T.);
#4876 = VERTEX_POINT('',#4877);
#4877 = CARTESIAN_POINT('',(12.890625,37.1171875,5.9));
#4878 = SURFACE_CURVE('',#4879,(#4883,#4890),.PCURVE_S1.);
#4879 = B_SPLINE_CURVE_WITH_KNOTS('',2,(#4880,#4881,#4882),
  .UNSPECIFIED.,.F.,.F.,(3,3),(0.,1.),.PIECEWISE_BEZIER_KNOTS.);
#4880 = CARTESIAN_POINT('',(13.869140625,37.2578125,5.9));
#4881 = CARTESIAN_POINT('',(13.40625,37.1171875,5.9));
#4882 = CARTESIAN_POINT('',(12.890625,37.1171875,5.9));
#4883 = PCURVE('',#126,#4884);
#4884 = DEFINITIONAL_REPRESENTATION('',(#4885),#4889);
#4885 = B_SPLINE_CURVE_WITH_KNOTS('',2,(#4886,#4887,#4888),
  .UNSPECIFIED.,.F.,.F.,(3,3),(0.,1.),.PIECEWISE_BEZIER_KNOTS.);
#4886 = CARTESIAN_POINT('',(59.369140625,88.5078125));
#4887 = CARTESIAN_POINT('',(58.90625,88.3671875));
#4888 = CARTESIAN_POINT('',(58.390625,88.3671875));
#4889 = ( GEOMETRIC_REPRESENTATION_CONTEXT(2) 
PARAMETRIC_REPRESENTATION_CONTEXT() REPRESENTATION_CONTEXT('2D SPACE',''
  ) );
#4890 = PCURVE('',#4891,#4898);
#4891 = SURFACE_OF_LINEAR_EXTRUSION('',#4892,#4896);
#4892 = B_SPLINE_CURVE_WITH_KNOTS('',2,(#4893,#4894,#4895),
  .UNSPECIFIED.,.F.,.F.,(3,3),(0.,1.),.PIECEWISE_BEZIER_KNOTS.);
#4893 = CARTESIAN_POINT('',(13.869140625,37.2578125,5.35));
#4894 = CARTESIAN_POINT('',(13.40625,37.1171875,5.35));
#4895 = CARTESIAN_POINT('',(12.890625,37.1171875,5.35));
#4896 = VECTOR('',#4897,1.);
#4897 = DIRECTION('',(-0.,-0.,-1.));
#4898 = DEFINITIONAL_REPRESENTATION('',(#4899),#4903);
#4899 = LINE('',#4900,#4901);
#4900 = CARTESIAN_POINT('',(0.,-0.55));
#4901 = VECTOR('',#4902,1.);
#4902 = DIRECTION('',(1.,0.));
#4903 = ( GEOMETRIC_REPRESENTATION_CONTEXT(2) 
PARAMETRIC_REPRESENTATION_CONTEXT() REPRESENTATION_CONTEXT('2D SPACE',''
  ) );
#4904 = ORIENTED_EDGE('',*,*,#4905,.T.);
#4905 = EDGE_CURVE('',#4876,#4906,#4908,.T.);
#4906 = VERTEX_POINT('',#4907);
#4907 = CARTESIAN_POINT('',(10.8046875,37.927734375,5.9));
#4908 = SURFACE_CURVE('',#4909,(#4913,#4920),.PCURVE_S1.);
#4909 = B_SPLINE_CURVE_WITH_KNOTS('',2,(#4910,#4911,#4912),
  .UNSPECIFIED.,.F.,.F.,(3,3),(0.,1.),.PIECEWISE_BEZIER_KNOTS.);
#4910 = CARTESIAN_POINT('',(12.890625,37.1171875,5.9));
#4911 = CARTESIAN_POINT('',(11.56640625,37.1171875,5.9));
#4912 = CARTESIAN_POINT('',(10.8046875,37.927734375,5.9));
#4913 = PCURVE('',#126,#4914);
#4914 = DEFINITIONAL_REPRESENTATION('',(#4915),#4919);
#4915 = B_SPLINE_CURVE_WITH_KNOTS('',2,(#4916,#4917,#4918),
  .UNSPECIFIED.,.F.,.F.,(3,3),(0.,1.),.PIECEWISE_BEZIER_KNOTS.);
#4916 = CARTESIAN_POINT('',(58.390625,88.3671875));
#4917 = CARTESIAN_POINT('',(57.06640625,88.3671875));
#4918 = CARTESIAN_POINT('',(56.3046875,89.177734375));
#4919 = ( GEOMETRIC_REPRESENTATION_CONTEXT(2) 
PARAMETRIC_REPRESENTATION_CONTEXT() REPRESENTATION_CONTEXT('2D SPACE',''
  ) );
#4920 = PCURVE('',#4921,#4928);
#4921 = SURFACE_OF_LINEAR_EXTRUSION('',#4922,#4926);
#4922 = B_SPLINE_CURVE_WITH_KNOTS('',2,(#4923,#4924,#4925),
  .UNSPECIFIED.,.F.,.F.,(3,3),(0.,1.),.PIECEWISE_BEZIER_KNOTS.);
#4923 = CARTESIAN_POINT('',(12.890625,37.1171875,5.35));
#4924 = CARTESIAN_POINT('',(11.56640625,37.1171875,5.35));
#4925 = CARTESIAN_POINT('',(10.8046875,37.927734375,5.35));
#4926 = VECTOR('',#4927,1.);
#4927 = DIRECTION('',(-0.,-0.,-1.));
#4928 = DEFINITIONAL_REPRESENTATION('',(#4929),#4933);
#4929 = LINE('',#4930,#4931);
#4930 = CARTESIAN_POINT('',(0.,-0.55));
#4931 = VECTOR('',#4932,1.);
#4932 = DIRECTION('',(1.,0.));
#4933 = ( GEOMETRIC_REPRESENTATION_CONTEXT(2) 
PARAMETRIC_REPRESENTATION_CONTEXT() REPRESENTATION_CONTEXT('2D SPACE',''
  ) );
#4934 = ORIENTED_EDGE('',*,*,#4935,.T.);
#4935 = EDGE_CURVE('',#4906,#4936,#4938,.T.);
#4936 = VERTEX_POINT('',#4937);
#4937 = CARTESIAN_POINT('',(10.04296875,40.140625,5.9));
#4938 = SURFACE_CURVE('',#4939,(#4943,#4950),.PCURVE_S1.);
#4939 = B_SPLINE_CURVE_WITH_KNOTS('',2,(#4940,#4941,#4942),
  .UNSPECIFIED.,.F.,.F.,(3,3),(0.,1.),.PIECEWISE_BEZIER_KNOTS.);
#4940 = CARTESIAN_POINT('',(10.8046875,37.927734375,5.9));
#4941 = CARTESIAN_POINT('',(10.04296875,38.73828125,5.9));
#4942 = CARTESIAN_POINT('',(10.04296875,40.140625,5.9));
#4943 = PCURVE('',#126,#4944);
#4944 = DEFINITIONAL_REPRESENTATION('',(#4945),#4949);
#4945 = B_SPLINE_CURVE_WITH_KNOTS('',2,(#4946,#4947,#4948),
  .UNSPECIFIED.,.F.,.F.,(3,3),(0.,1.),.PIECEWISE_BEZIER_KNOTS.);
#4946 = CARTESIAN_POINT('',(56.3046875,89.177734375));
#4947 = CARTESIAN_POINT('',(55.54296875,89.98828125));
#4948 = CARTESIAN_POINT('',(55.54296875,91.390625));
#4949 = ( GEOMETRIC_REPRESENTATION_CONTEXT(2) 
PARAMETRIC_REPRESENTATION_CONTEXT() REPRESENTATION_CONTEXT('2D SPACE',''
  ) );
#4950 = PCURVE('',#4951,#4958);
#4951 = SURFACE_OF_LINEAR_EXTRUSION('',#4952,#4956);
#4952 = B_SPLINE_CURVE_WITH_KNOTS('',2,(#4953,#4954,#4955),
  .UNSPECIFIED.,.F.,.F.,(3,3),(0.,1.),.PIECEWISE_BEZIER_KNOTS.);
#4953 = CARTESIAN_POINT('',(10.8046875,37.927734375,5.35));
#4954 = CARTESIAN_POINT('',(10.04296875,38.73828125,5.35));
#4955 = CARTESIAN_POINT('',(10.04296875,40.140625,5.35));
#4956 = VECTOR('',#4957,1.);
#4957 = DIRECTION('',(-0.,-0.,-1.));
#4958 = DEFINITIONAL_REPRESENTATION('',(#4959),#4963);
#4959 = LINE('',#4960,#4961);
#4960 = CARTESIAN_POINT('',(0.,-0.55));
#4961 = VECTOR('',#4962,1.);
#4962 = DIRECTION('',(1.,0.));
#4963 = ( GEOMETRIC_REPRESENTATION_CONTEXT(2) 
PARAMETRIC_REPRESENTATION_CONTEXT() REPRESENTATION_CONTEXT('2D SPACE',''
  ) );
#4964 = ORIENTED_EDGE('',*,*,#4965,.T.);
#4965 = EDGE_CURVE('',#4936,#4966,#4968,.T.);
#4966 = VERTEX_POINT('',#4967);
#4967 = CARTESIAN_POINT('',(10.8046875,42.357421875,5.9));
#4968 = SURFACE_CURVE('',#4969,(#4973,#4980),.PCURVE_S1.);
#4969 = B_SPLINE_CURVE_WITH_KNOTS('',2,(#4970,#4971,#4972),
  .UNSPECIFIED.,.F.,.F.,(3,3),(0.,1.),.PIECEWISE_BEZIER_KNOTS.);
#4970 = CARTESIAN_POINT('',(10.04296875,40.140625,5.9));
#4971 = CARTESIAN_POINT('',(10.04296875,41.546875,5.9));
#4972 = CARTESIAN_POINT('',(10.8046875,42.357421875,5.9));
#4973 = PCURVE('',#126,#4974);
#4974 = DEFINITIONAL_REPRESENTATION('',(#4975),#4979);
#4975 = B_SPLINE_CURVE_WITH_KNOTS('',2,(#4976,#4977,#4978),
  .UNSPECIFIED.,.F.,.F.,(3,3),(0.,1.),.PIECEWISE_BEZIER_KNOTS.);
#4976 = CARTESIAN_POINT('',(55.54296875,91.390625));
#4977 = CARTESIAN_POINT('',(55.54296875,92.796875));
#4978 = CARTESIAN_POINT('',(56.3046875,93.607421875));
#4979 = ( GEOMETRIC_REPRESENTATION_CONTEXT(2) 
PARAMETRIC_REPRESENTATION_CONTEXT() REPRESENTATION_CONTEXT('2D SPACE',''
  ) );
#4980 = PCURVE('',#4981,#4988);
#4981 = SURFACE_OF_LINEAR_EXTRUSION('',#4982,#4986);
#4982 = B_SPLINE_CURVE_WITH_KNOTS('',2,(#4983,#4984,#4985),
  .UNSPECIFIED.,.F.,.F.,(3,3),(0.,1.),.PIECEWISE_BEZIER_KNOTS.);
#4983 = CARTESIAN_POINT('',(10.04296875,40.140625,5.35));
#4984 = CARTESIAN_POINT('',(10.04296875,41.546875,5.35));
#4985 = CARTESIAN_POINT('',(10.8046875,42.357421875,5.35));
#4986 = VECTOR('',#4987,1.);
#4987 = DIRECTION('',(-0.,-0.,-1.));
#4988 = DEFINITIONAL_REPRESENTATION('',(#4989),#4993);
#4989 = LINE('',#4990,#4991);
#4990 = CARTESIAN_POINT('',(0.,-0.55));
#4991 = VECTOR('',#4992,1.);
#4992 = DIRECTION('',(1.,0.));
#4993 = ( GEOMETRIC_REPRESENTATION_CONTEXT(2) 
PARAMETRIC_REPRESENTATION_CONTEXT() REPRESENTATION_CONTEXT('2D SPACE',''
  ) );
#4994 = ORIENTED_EDGE('',*,*,#4995,.T.);
#4995 = EDGE_CURVE('',#4966,#4996,#4998,.T.);
#4996 = VERTEX_POINT('',#4997);
#4997 = CARTESIAN_POINT('',(12.890625,43.16796875,5.9));
#4998 = SURFACE_CURVE('',#4999,(#5003,#5010),.PCURVE_S1.);
#4999 = B_SPLINE_CURVE_WITH_KNOTS('',2,(#5000,#5001,#5002),
  .UNSPECIFIED.,.F.,.F.,(3,3),(0.,1.),.PIECEWISE_BEZIER_KNOTS.);
#5000 = CARTESIAN_POINT('',(10.8046875,42.357421875,5.9));
#5001 = CARTESIAN_POINT('',(11.56640625,43.16796875,5.9));
#5002 = CARTESIAN_POINT('',(12.890625,43.16796875,5.9));
#5003 = PCURVE('',#126,#5004);
#5004 = DEFINITIONAL_REPRESENTATION('',(#5005),#5009);
#5005 = B_SPLINE_CURVE_WITH_KNOTS('',2,(#5006,#5007,#5008),
  .UNSPECIFIED.,.F.,.F.,(3,3),(0.,1.),.PIECEWISE_BEZIER_KNOTS.);
#5006 = CARTESIAN_POINT('',(56.3046875,93.607421875));
#5007 = CARTESIAN_POINT('',(57.06640625,94.41796875));
#5008 = CARTESIAN_POINT('',(58.390625,94.41796875));
#5009 = ( GEOMETRIC_REPRESENTATION_CONTEXT(2) 
PARAMETRIC_REPRESENTATION_CONTEXT() REPRESENTATION_CONTEXT('2D SPACE',''
  ) );
#5010 = PCURVE('',#5011,#5018);
#5011 = SURFACE_OF_LINEAR_EXTRUSION('',#5012,#5016);
#5012 = B_SPLINE_CURVE_WITH_KNOTS('',2,(#5013,#5014,#5015),
  .UNSPECIFIED.,.F.,.F.,(3,3),(0.,1.),.PIECEWISE_BEZIER_KNOTS.);
#5013 = CARTESIAN_POINT('',(10.8046875,42.357421875,5.35));
#5014 = CARTESIAN_POINT('',(11.56640625,43.16796875,5.35));
#5015 = CARTESIAN_POINT('',(12.890625,43.16796875,5.35));
#5016 = VECTOR('',#5017,1.);
#5017 = DIRECTION('',(-0.,-0.,-1.));
#5018 = DEFINITIONAL_REPRESENTATION('',(#5019),#5023);
#5019 = LINE('',#5020,#5021);
#5020 = CARTESIAN_POINT('',(0.,-0.55));
#5021 = VECTOR('',#5022,1.);
#5022 = DIRECTION('',(1.,0.));
#5023 = ( GEOMETRIC_REPRESENTATION_CONTEXT(2) 
PARAMETRIC_REPRESENTATION_CONTEXT() REPRESENTATION_CONTEXT('2D SPACE',''
  ) );
#5024 = ORIENTED_EDGE('',*,*,#5025,.T.);
#5025 = EDGE_CURVE('',#4996,#4518,#5026,.T.);
#5026 = SURFACE_CURVE('',#5027,(#5031,#5038),.PCURVE_S1.);
#5027 = B_SPLINE_CURVE_WITH_KNOTS('',2,(#5028,#5029,#5030),
  .UNSPECIFIED.,.F.,.F.,(3,3),(0.,1.),.PIECEWISE_BEZIER_KNOTS.);
#5028 = CARTESIAN_POINT('',(12.890625,43.16796875,5.9));
#5029 = CARTESIAN_POINT('',(13.4140625,43.16796875,5.9));
#5030 = CARTESIAN_POINT('',(13.876953125,43.029296875,5.9));
#5031 = PCURVE('',#126,#5032);
#5032 = DEFINITIONAL_REPRESENTATION('',(#5033),#5037);
#5033 = B_SPLINE_CURVE_WITH_KNOTS('',2,(#5034,#5035,#5036),
  .UNSPECIFIED.,.F.,.F.,(3,3),(0.,1.),.PIECEWISE_BEZIER_KNOTS.);
#5034 = CARTESIAN_POINT('',(58.390625,94.41796875));
#5035 = CARTESIAN_POINT('',(58.9140625,94.41796875));
#5036 = CARTESIAN_POINT('',(59.376953125,94.279296875));
#5037 = ( GEOMETRIC_REPRESENTATION_CONTEXT(2) 
PARAMETRIC_REPRESENTATION_CONTEXT() REPRESENTATION_CONTEXT('2D SPACE',''
  ) );
#5038 = PCURVE('',#5039,#5046);
#5039 = SURFACE_OF_LINEAR_EXTRUSION('',#5040,#5044);
#5040 = B_SPLINE_CURVE_WITH_KNOTS('',2,(#5041,#5042,#5043),
  .UNSPECIFIED.,.F.,.F.,(3,3),(0.,1.),.PIECEWISE_BEZIER_KNOTS.);
#5041 = CARTESIAN_POINT('',(12.890625,43.16796875,5.35));
#5042 = CARTESIAN_POINT('',(13.4140625,43.16796875,5.35));
#5043 = CARTESIAN_POINT('',(13.876953125,43.029296875,5.35));
#5044 = VECTOR('',#5045,1.);
#5045 = DIRECTION('',(-0.,-0.,-1.));
#5046 = DEFINITIONAL_REPRESENTATION('',(#5047),#5051);
#5047 = LINE('',#5048,#5049);
#5048 = CARTESIAN_POINT('',(0.,-0.55));
#5049 = VECTOR('',#5050,1.);
#5050 = DIRECTION('',(1.,0.));
#5051 = ( GEOMETRIC_REPRESENTATION_CONTEXT(2) 
PARAMETRIC_REPRESENTATION_CONTEXT() REPRESENTATION_CONTEXT('2D SPACE',''
  ) );
#5052 = FACE_BOUND('',#5053,.T.);
#5053 = EDGE_LOOP('',(#5054,#5089));
#5054 = ORIENTED_EDGE('',*,*,#5055,.T.);
#5055 = EDGE_CURVE('',#5056,#5058,#5060,.T.);
#5056 = VERTEX_POINT('',#5057);
#5057 = CARTESIAN_POINT('',(27.413166825912,29.765412939573,5.9));
#5058 = VERTEX_POINT('',#5059);
#5059 = CARTESIAN_POINT('',(33.608391990472,30.258512995008,5.9));
#5060 = SURFACE_CURVE('',#5061,(#5066,#5077),.PCURVE_S1.);
#5061 = CIRCLE('',#5062,10.5);
#5062 = AXIS2_PLACEMENT_3D('',#5063,#5064,#5065);
#5063 = CARTESIAN_POINT('',(29.715,40.01,5.9));
#5064 = DIRECTION('',(-0.,0.,-1.));
#5065 = DIRECTION('',(-0.180556111723,-0.983564685478,0.));
#5066 = PCURVE('',#126,#5067);
#5067 = DEFINITIONAL_REPRESENTATION('',(#5068),#5076);
#5068 = ( BOUNDED_CURVE() B_SPLINE_CURVE(2,(#5069,#5070,#5071,#5072,
#5073,#5074,#5075),.UNSPECIFIED.,.T.,.F.) B_SPLINE_CURVE_WITH_KNOTS((1,2
    ,2,2,2,1),(-2.094395102393,0.,2.094395102393,4.188790204786,
6.28318530718,8.377580409573),.UNSPECIFIED.) CURVE() 
GEOMETRIC_REPRESENTATION_ITEM() RATIONAL_B_SPLINE_CURVE((1.,0.5,1.,0.5,
1.,0.5,1.)) REPRESENTATION_ITEM('') );
#5069 = CARTESIAN_POINT('',(73.31916082691,80.932570802481));
#5070 = CARTESIAN_POINT('',(55.431528745236,84.216260573252));
#5071 = CARTESIAN_POINT('',(67.219103545708,98.065559484145));
#5072 = CARTESIAN_POINT('',(79.00667834618,111.91485839503));
#5073 = CARTESIAN_POINT('',(85.106735627382,94.781869713374));
#5074 = CARTESIAN_POINT('',(91.206792908584,77.648881031709));
#5075 = CARTESIAN_POINT('',(73.31916082691,80.932570802481));
#5076 = ( GEOMETRIC_REPRESENTATION_CONTEXT(2) 
PARAMETRIC_REPRESENTATION_CONTEXT() REPRESENTATION_CONTEXT('2D SPACE',''
  ) );
#5077 = PCURVE('',#5078,#5083);
#5078 = CYLINDRICAL_SURFACE('',#5079,10.5);
#5079 = AXIS2_PLACEMENT_3D('',#5080,#5081,#5082);
#5080 = CARTESIAN_POINT('',(29.715,40.01,5.35));
#5081 = DIRECTION('',(-0.,-0.,-1.));
#5082 = DIRECTION('',(1.,0.,0.));
#5083 = DEFINITIONAL_REPRESENTATION('',(#5084),#5088);
#5084 = LINE('',#5085,#5086);
#5085 = CARTESIAN_POINT('',(-10.8140224613,-0.55));
#5086 = VECTOR('',#5087,1.);
#5087 = DIRECTION('',(1.,-0.));
#5088 = ( GEOMETRIC_REPRESENTATION_CONTEXT(2) 
PARAMETRIC_REPRESENTATION_CONTEXT() REPRESENTATION_CONTEXT('2D SPACE',''
  ) );
#5089 = ORIENTED_EDGE('',*,*,#5090,.T.);
#5090 = EDGE_CURVE('',#5058,#5056,#5091,.T.);
#5091 = SURFACE_CURVE('',#5092,(#5097,#5108),.PCURVE_S1.);
#5092 = CIRCLE('',#5093,3.6);
#5093 = AXIS2_PLACEMENT_3D('',#5094,#5095,#5096);
#5094 = CARTESIAN_POINT('',(30.655,28.2,5.9));
#5095 = DIRECTION('',(0.,0.,-1.));
#5096 = DIRECTION('',(0.82038666402,0.57180916528,0.));
#5097 = PCURVE('',#126,#5098);
#5098 = DEFINITIONAL_REPRESENTATION('',(#5099),#5107);
#5099 = ( BOUNDED_CURVE() B_SPLINE_CURVE(2,(#5100,#5101,#5102,#5103,
#5104,#5105,#5106),.UNSPECIFIED.,.T.,.F.) B_SPLINE_CURVE_WITH_KNOTS((1,2
    ,2,2,2,1),(-2.094395102393,0.,2.094395102393,4.188790204786,
6.28318530718,8.377580409573),.UNSPECIFIED.) CURVE() 
GEOMETRIC_REPRESENTATION_ITEM() RATIONAL_B_SPLINE_CURVE((1.,0.5,1.,0.5,
1.,0.5,1.)) REPRESENTATION_ITEM('') );
#5100 = CARTESIAN_POINT('',(79.108391990472,81.508512995008));
#5101 = CARTESIAN_POINT('',(82.673841085866,76.393088012844));
#5102 = CARTESIAN_POINT('',(76.461028552461,75.863031011414));
#5103 = CARTESIAN_POINT('',(70.248216019056,75.332974009984));
#5104 = CARTESIAN_POINT('',(72.895579457067,80.978455993578));
#5105 = CARTESIAN_POINT('',(75.542942895077,86.623937977172));
#5106 = CARTESIAN_POINT('',(79.108391990472,81.508512995008));
#5107 = ( GEOMETRIC_REPRESENTATION_CONTEXT(2) 
PARAMETRIC_REPRESENTATION_CONTEXT() REPRESENTATION_CONTEXT('2D SPACE',''
  ) );
#5108 = PCURVE('',#5109,#5114);
#5109 = CYLINDRICAL_SURFACE('',#5110,3.6);
#5110 = AXIS2_PLACEMENT_3D('',#5111,#5112,#5113);
#5111 = CARTESIAN_POINT('',(30.655,28.2,5.35));
#5112 = DIRECTION('',(-0.,-0.,-1.));
#5113 = DIRECTION('',(1.,0.,0.));
#5114 = DEFINITIONAL_REPRESENTATION('',(#5115),#5119);
#5115 = LINE('',#5116,#5117);
#5116 = CARTESIAN_POINT('',(-6.891894731212,-0.55));
#5117 = VECTOR('',#5118,1.);
#5118 = DIRECTION('',(1.,-0.));
#5119 = ( GEOMETRIC_REPRESENTATION_CONTEXT(2) 
PARAMETRIC_REPRESENTATION_CONTEXT() REPRESENTATION_CONTEXT('2D SPACE',''
  ) );
#5120 = ADVANCED_FACE('',(#5121),#181,.F.);
#5121 = FACE_BOUND('',#5122,.F.);
#5122 = EDGE_LOOP('',(#5123,#5124,#5125,#5126));
#5123 = ORIENTED_EDGE('',*,*,#221,.F.);
#5124 = ORIENTED_EDGE('',*,*,#165,.T.);
#5125 = ORIENTED_EDGE('',*,*,#2834,.T.);
#5126 = ORIENTED_EDGE('',*,*,#5127,.F.);
#5127 = EDGE_CURVE('',#222,#2835,#5128,.T.);
#5128 = SURFACE_CURVE('',#5129,(#5133,#5140),.PCURVE_S1.);
#5129 = LINE('',#5130,#5131);
#5130 = CARTESIAN_POINT('',(40.5,-51.25,2.9));
#5131 = VECTOR('',#5132,1.);
#5132 = DIRECTION('',(0.,0.,1.));
#5133 = PCURVE('',#181,#5134);
#5134 = DEFINITIONAL_REPRESENTATION('',(#5135),#5139);
#5135 = LINE('',#5136,#5137);
#5136 = CARTESIAN_POINT('',(0.,86.));
#5137 = VECTOR('',#5138,1.);
#5138 = DIRECTION('',(1.,0.));
#5139 = ( GEOMETRIC_REPRESENTATION_CONTEXT(2) 
PARAMETRIC_REPRESENTATION_CONTEXT() REPRESENTATION_CONTEXT('2D SPACE',''
  ) );
#5140 = PCURVE('',#265,#5141);
#5141 = DEFINITIONAL_REPRESENTATION('',(#5142),#5146);
#5142 = LINE('',#5143,#5144);
#5143 = CARTESIAN_POINT('',(-1.570796326795,0.));
#5144 = VECTOR('',#5145,1.);
#5145 = DIRECTION('',(-0.,1.));
#5146 = ( GEOMETRIC_REPRESENTATION_CONTEXT(2) 
PARAMETRIC_REPRESENTATION_CONTEXT() REPRESENTATION_CONTEXT('2D SPACE',''
  ) );
#5147 = ADVANCED_FACE('',(#5148),#350,.T.);
#5148 = FACE_BOUND('',#5149,.T.);
#5149 = EDGE_LOOP('',(#5150,#5151,#5152,#5153));
#5150 = ORIENTED_EDGE('',*,*,#334,.F.);
#5151 = ORIENTED_EDGE('',*,*,#2779,.F.);
#5152 = ORIENTED_EDGE('',*,*,#2932,.T.);
#5153 = ORIENTED_EDGE('',*,*,#5154,.T.);
#5154 = EDGE_CURVE('',#2909,#306,#5155,.T.);
#5155 = SURFACE_CURVE('',#5156,(#5160,#5167),.PCURVE_S1.);
#5156 = LINE('',#5157,#5158);
#5157 = CARTESIAN_POINT('',(40.5,51.25,5.9));
#5158 = VECTOR('',#5159,1.);
#5159 = DIRECTION('',(0.,0.,-1.));
#5160 = PCURVE('',#350,#5161);
#5161 = DEFINITIONAL_REPRESENTATION('',(#5162),#5166);
#5162 = LINE('',#5163,#5164);
#5163 = CARTESIAN_POINT('',(3.,86.));
#5164 = VECTOR('',#5165,1.);
#5165 = DIRECTION('',(-1.,0.));
#5166 = ( GEOMETRIC_REPRESENTATION_CONTEXT(2) 
PARAMETRIC_REPRESENTATION_CONTEXT() REPRESENTATION_CONTEXT('2D SPACE',''
  ) );
#5167 = PCURVE('',#322,#5168);
#5168 = DEFINITIONAL_REPRESENTATION('',(#5169),#5173);
#5169 = LINE('',#5170,#5171);
#5170 = CARTESIAN_POINT('',(1.570796326795,3.));
#5171 = VECTOR('',#5172,1.);
#5172 = DIRECTION('',(-0.,-1.));
#5173 = ( GEOMETRIC_REPRESENTATION_CONTEXT(2) 
PARAMETRIC_REPRESENTATION_CONTEXT() REPRESENTATION_CONTEXT('2D SPACE',''
  ) );
#5174 = ADVANCED_FACE('',(#5175),#265,.T.);
#5175 = FACE_BOUND('',#5176,.F.);
#5176 = EDGE_LOOP('',(#5177,#5178,#5179,#5180));
#5177 = ORIENTED_EDGE('',*,*,#244,.T.);
#5178 = ORIENTED_EDGE('',*,*,#5127,.T.);
#5179 = ORIENTED_EDGE('',*,*,#2857,.F.);
#5180 = ORIENTED_EDGE('',*,*,#5181,.F.);
#5181 = EDGE_CURVE('',#245,#2858,#5182,.T.);
#5182 = SURFACE_CURVE('',#5183,(#5187,#5194),.PCURVE_S1.);
#5183 = LINE('',#5184,#5185);
#5184 = CARTESIAN_POINT('',(45.5,-46.25,2.9));
#5185 = VECTOR('',#5186,1.);
#5186 = DIRECTION('',(0.,0.,1.));
#5187 = PCURVE('',#265,#5188);
#5188 = DEFINITIONAL_REPRESENTATION('',(#5189),#5193);
#5189 = LINE('',#5190,#5191);
#5190 = CARTESIAN_POINT('',(-0.,0.));
#5191 = VECTOR('',#5192,1.);
#5192 = DIRECTION('',(-0.,1.));
#5193 = ( GEOMETRIC_REPRESENTATION_CONTEXT(2) 
PARAMETRIC_REPRESENTATION_CONTEXT() REPRESENTATION_CONTEXT('2D SPACE',''
  ) );
#5194 = PCURVE('',#293,#5195);
#5195 = DEFINITIONAL_REPRESENTATION('',(#5196),#5200);
#5196 = LINE('',#5197,#5198);
#5197 = CARTESIAN_POINT('',(0.,-5.));
#5198 = VECTOR('',#5199,1.);
#5199 = DIRECTION('',(1.,0.));
#5200 = ( GEOMETRIC_REPRESENTATION_CONTEXT(2) 
PARAMETRIC_REPRESENTATION_CONTEXT() REPRESENTATION_CONTEXT('2D SPACE',''
  ) );
#5201 = ADVANCED_FACE('',(#5202),#322,.T.);
#5202 = FACE_BOUND('',#5203,.T.);
#5203 = EDGE_LOOP('',(#5204,#5205,#5206,#5207));
#5204 = ORIENTED_EDGE('',*,*,#305,.T.);
#5205 = ORIENTED_EDGE('',*,*,#5154,.F.);
#5206 = ORIENTED_EDGE('',*,*,#2908,.F.);
#5207 = ORIENTED_EDGE('',*,*,#5208,.T.);
#5208 = EDGE_CURVE('',#2886,#278,#5209,.T.);
#5209 = SURFACE_CURVE('',#5210,(#5214,#5221),.PCURVE_S1.);
#5210 = LINE('',#5211,#5212);
#5211 = CARTESIAN_POINT('',(45.5,46.25,5.9));
#5212 = VECTOR('',#5213,1.);
#5213 = DIRECTION('',(0.,0.,-1.));
#5214 = PCURVE('',#322,#5215);
#5215 = DEFINITIONAL_REPRESENTATION('',(#5216),#5220);
#5216 = LINE('',#5217,#5218);
#5217 = CARTESIAN_POINT('',(0.,3.));
#5218 = VECTOR('',#5219,1.);
#5219 = DIRECTION('',(-0.,-1.));
#5220 = ( GEOMETRIC_REPRESENTATION_CONTEXT(2) 
PARAMETRIC_REPRESENTATION_CONTEXT() REPRESENTATION_CONTEXT('2D SPACE',''
  ) );
#5221 = PCURVE('',#293,#5222);
#5222 = DEFINITIONAL_REPRESENTATION('',(#5223),#5227);
#5223 = LINE('',#5224,#5225);
#5224 = CARTESIAN_POINT('',(3.,-97.5));
#5225 = VECTOR('',#5226,1.);
#5226 = DIRECTION('',(-1.,0.));
#5227 = ( GEOMETRIC_REPRESENTATION_CONTEXT(2) 
PARAMETRIC_REPRESENTATION_CONTEXT() REPRESENTATION_CONTEXT('2D SPACE',''
  ) );
#5228 = ADVANCED_FACE('',(#5229),#293,.T.);
#5229 = FACE_BOUND('',#5230,.T.);
#5230 = EDGE_LOOP('',(#5231,#5232,#5233,#5234));
#5231 = ORIENTED_EDGE('',*,*,#5181,.F.);
#5232 = ORIENTED_EDGE('',*,*,#277,.T.);
#5233 = ORIENTED_EDGE('',*,*,#5208,.F.);
#5234 = ORIENTED_EDGE('',*,*,#2885,.F.);
#5235 = ADVANCED_FACE('',(#5236),#411,.F.);
#5236 = FACE_BOUND('',#5237,.T.);
#5237 = EDGE_LOOP('',(#5238,#5261,#5262,#5263));
#5238 = ORIENTED_EDGE('',*,*,#5239,.F.);
#5239 = EDGE_CURVE('',#391,#5240,#5242,.T.);
#5240 = VERTEX_POINT('',#5241);
#5241 = CARTESIAN_POINT('',(-36.105,-42.57,4.6));
#5242 = SEAM_CURVE('',#5243,(#5247,#5254),.PCURVE_S1.);
#5243 = LINE('',#5244,#5245);
#5244 = CARTESIAN_POINT('',(-36.105,-42.57,2.4));
#5245 = VECTOR('',#5246,1.);
#5246 = DIRECTION('',(0.,0.,1.));
#5247 = PCURVE('',#411,#5248);
#5248 = DEFINITIONAL_REPRESENTATION('',(#5249),#5253);
#5249 = LINE('',#5250,#5251);
#5250 = CARTESIAN_POINT('',(-6.28318530718,0.));
#5251 = VECTOR('',#5252,1.);
#5252 = DIRECTION('',(-0.,-1.));
#5253 = ( GEOMETRIC_REPRESENTATION_CONTEXT(2) 
PARAMETRIC_REPRESENTATION_CONTEXT() REPRESENTATION_CONTEXT('2D SPACE',''
  ) );
#5254 = PCURVE('',#411,#5255);
#5255 = DEFINITIONAL_REPRESENTATION('',(#5256),#5260);
#5256 = LINE('',#5257,#5258);
#5257 = CARTESIAN_POINT('',(-0.,0.));
#5258 = VECTOR('',#5259,1.);
#5259 = DIRECTION('',(-0.,-1.));
#5260 = ( GEOMETRIC_REPRESENTATION_CONTEXT(2) 
PARAMETRIC_REPRESENTATION_CONTEXT() REPRESENTATION_CONTEXT('2D SPACE',''
  ) );
#5261 = ORIENTED_EDGE('',*,*,#390,.T.);
#5262 = ORIENTED_EDGE('',*,*,#5239,.T.);
#5263 = ORIENTED_EDGE('',*,*,#5264,.F.);
#5264 = EDGE_CURVE('',#5240,#5240,#5265,.T.);
#5265 = SURFACE_CURVE('',#5266,(#5271,#5278),.PCURVE_S1.);
#5266 = CIRCLE('',#5267,1.7);
#5267 = AXIS2_PLACEMENT_3D('',#5268,#5269,#5270);
#5268 = CARTESIAN_POINT('',(-37.805,-42.57,4.6));
#5269 = DIRECTION('',(0.,0.,-1.));
#5270 = DIRECTION('',(1.,0.,0.));
#5271 = PCURVE('',#411,#5272);
#5272 = DEFINITIONAL_REPRESENTATION('',(#5273),#5277);
#5273 = LINE('',#5274,#5275);
#5274 = CARTESIAN_POINT('',(-6.28318530718,-2.2));
#5275 = VECTOR('',#5276,1.);
#5276 = DIRECTION('',(1.,-0.));
#5277 = ( GEOMETRIC_REPRESENTATION_CONTEXT(2) 
PARAMETRIC_REPRESENTATION_CONTEXT() REPRESENTATION_CONTEXT('2D SPACE',''
  ) );
#5278 = PCURVE('',#5279,#5284);
#5279 = PLANE('',#5280);
#5280 = AXIS2_PLACEMENT_3D('',#5281,#5282,#5283);
#5281 = CARTESIAN_POINT('',(-37.805,-42.57,4.6));
#5282 = DIRECTION('',(0.,0.,1.));
#5283 = DIRECTION('',(1.,0.,-0.));
#5284 = DEFINITIONAL_REPRESENTATION('',(#5285),#5293);
#5285 = ( BOUNDED_CURVE() B_SPLINE_CURVE(2,(#5286,#5287,#5288,#5289,
#5290,#5291,#5292),.UNSPECIFIED.,.T.,.F.) B_SPLINE_CURVE_WITH_KNOTS((1,2
    ,2,2,2,1),(-2.094395102393,0.,2.094395102393,4.188790204786,
6.28318530718,8.377580409573),.UNSPECIFIED.) CURVE() 
GEOMETRIC_REPRESENTATION_ITEM() RATIONAL_B_SPLINE_CURVE((1.,0.5,1.,0.5,
1.,0.5,1.)) REPRESENTATION_ITEM('') );
#5286 = CARTESIAN_POINT('',(1.7,0.));
#5287 = CARTESIAN_POINT('',(1.7,-2.944486372867));
#5288 = CARTESIAN_POINT('',(-0.85,-1.472243186434));
#5289 = CARTESIAN_POINT('',(-3.4,-4.163799117101E-16));
#5290 = CARTESIAN_POINT('',(-0.85,1.472243186434));
#5291 = CARTESIAN_POINT('',(1.7,2.944486372867));
#5292 = CARTESIAN_POINT('',(1.7,0.));
#5293 = ( GEOMETRIC_REPRESENTATION_CONTEXT(2) 
PARAMETRIC_REPRESENTATION_CONTEXT() REPRESENTATION_CONTEXT('2D SPACE',''
  ) );
#5294 = ADVANCED_FACE('',(#5295),#442,.T.);
#5295 = FACE_BOUND('',#5296,.T.);
#5296 = EDGE_LOOP('',(#5297,#5320,#5321,#5344));
#5297 = ORIENTED_EDGE('',*,*,#5298,.F.);
#5298 = EDGE_CURVE('',#426,#5299,#5301,.T.);
#5299 = VERTEX_POINT('',#5300);
#5300 = CARTESIAN_POINT('',(-11.95,-30.42,4.2));
#5301 = SURFACE_CURVE('',#5302,(#5306,#5313),.PCURVE_S1.);
#5302 = LINE('',#5303,#5304);
#5303 = CARTESIAN_POINT('',(-11.95,-30.42,2.7));
#5304 = VECTOR('',#5305,1.);
#5305 = DIRECTION('',(0.,0.,1.));
#5306 = PCURVE('',#442,#5307);
#5307 = DEFINITIONAL_REPRESENTATION('',(#5308),#5312);
#5308 = LINE('',#5309,#5310);
#5309 = CARTESIAN_POINT('',(0.,14.2));
#5310 = VECTOR('',#5311,1.);
#5311 = DIRECTION('',(1.,0.));
#5312 = ( GEOMETRIC_REPRESENTATION_CONTEXT(2) 
PARAMETRIC_REPRESENTATION_CONTEXT() REPRESENTATION_CONTEXT('2D SPACE',''
  ) );
#5313 = PCURVE('',#518,#5314);
#5314 = DEFINITIONAL_REPRESENTATION('',(#5315),#5319);
#5315 = LINE('',#5316,#5317);
#5316 = CARTESIAN_POINT('',(0.,0.));
#5317 = VECTOR('',#5318,1.);
#5318 = DIRECTION('',(1.,0.));
#5319 = ( GEOMETRIC_REPRESENTATION_CONTEXT(2) 
PARAMETRIC_REPRESENTATION_CONTEXT() REPRESENTATION_CONTEXT('2D SPACE',''
  ) );
#5320 = ORIENTED_EDGE('',*,*,#425,.T.);
#5321 = ORIENTED_EDGE('',*,*,#5322,.T.);
#5322 = EDGE_CURVE('',#428,#5323,#5325,.T.);
#5323 = VERTEX_POINT('',#5324);
#5324 = CARTESIAN_POINT('',(-26.15,-30.42,4.2));
#5325 = SURFACE_CURVE('',#5326,(#5330,#5337),.PCURVE_S1.);
#5326 = LINE('',#5327,#5328);
#5327 = CARTESIAN_POINT('',(-26.15,-30.42,2.7));
#5328 = VECTOR('',#5329,1.);
#5329 = DIRECTION('',(0.,0.,1.));
#5330 = PCURVE('',#442,#5331);
#5331 = DEFINITIONAL_REPRESENTATION('',(#5332),#5336);
#5332 = LINE('',#5333,#5334);
#5333 = CARTESIAN_POINT('',(0.,0.));
#5334 = VECTOR('',#5335,1.);
#5335 = DIRECTION('',(1.,0.));
#5336 = ( GEOMETRIC_REPRESENTATION_CONTEXT(2) 
PARAMETRIC_REPRESENTATION_CONTEXT() REPRESENTATION_CONTEXT('2D SPACE',''
  ) );
#5337 = PCURVE('',#468,#5338);
#5338 = DEFINITIONAL_REPRESENTATION('',(#5339),#5343);
#5339 = LINE('',#5340,#5341);
#5340 = CARTESIAN_POINT('',(0.,0.));
#5341 = VECTOR('',#5342,1.);
#5342 = DIRECTION('',(1.,0.));
#5343 = ( GEOMETRIC_REPRESENTATION_CONTEXT(2) 
PARAMETRIC_REPRESENTATION_CONTEXT() REPRESENTATION_CONTEXT('2D SPACE',''
  ) );
#5344 = ORIENTED_EDGE('',*,*,#5345,.F.);
#5345 = EDGE_CURVE('',#5299,#5323,#5346,.T.);
#5346 = SURFACE_CURVE('',#5347,(#5351,#5357),.PCURVE_S1.);
#5347 = LINE('',#5348,#5349);
#5348 = CARTESIAN_POINT('',(-35.825,-30.42,4.2));
#5349 = VECTOR('',#5350,1.);
#5350 = DIRECTION('',(-1.,0.,0.));
#5351 = PCURVE('',#442,#5352);
#5352 = DEFINITIONAL_REPRESENTATION('',(#5353),#5356);
#5353 = B_SPLINE_CURVE_WITH_KNOTS('',1,(#5354,#5355),.UNSPECIFIED.,.F.,
  .F.,(2,2),(-23.875,-9.675),.PIECEWISE_BEZIER_KNOTS.);
#5354 = CARTESIAN_POINT('',(1.5,14.2));
#5355 = CARTESIAN_POINT('',(1.5,0.));
#5356 = ( GEOMETRIC_REPRESENTATION_CONTEXT(2) 
PARAMETRIC_REPRESENTATION_CONTEXT() REPRESENTATION_CONTEXT('2D SPACE',''
  ) );
#5357 = PCURVE('',#5358,#5363);
#5358 = PLANE('',#5359);
#5359 = AXIS2_PLACEMENT_3D('',#5360,#5361,#5362);
#5360 = CARTESIAN_POINT('',(-45.5,-51.25,4.2));
#5361 = DIRECTION('',(0.,0.,1.));
#5362 = DIRECTION('',(1.,0.,0.));
#5363 = DEFINITIONAL_REPRESENTATION('',(#5364),#5367);
#5364 = B_SPLINE_CURVE_WITH_KNOTS('',1,(#5365,#5366),.UNSPECIFIED.,.F.,
  .F.,(2,2),(-23.875,-9.675),.PIECEWISE_BEZIER_KNOTS.);
#5365 = CARTESIAN_POINT('',(33.55,20.83));
#5366 = CARTESIAN_POINT('',(19.35,20.83));
#5367 = ( GEOMETRIC_REPRESENTATION_CONTEXT(2) 
PARAMETRIC_REPRESENTATION_CONTEXT() REPRESENTATION_CONTEXT('2D SPACE',''
  ) );
#5368 = ADVANCED_FACE('',(#5369),#518,.F.);
#5369 = FACE_BOUND('',#5370,.F.);
#5370 = EDGE_LOOP('',(#5371,#5372,#5373,#5396));
#5371 = ORIENTED_EDGE('',*,*,#5298,.F.);
#5372 = ORIENTED_EDGE('',*,*,#505,.T.);
#5373 = ORIENTED_EDGE('',*,*,#5374,.T.);
#5374 = EDGE_CURVE('',#480,#5375,#5377,.T.);
#5375 = VERTEX_POINT('',#5376);
#5376 = CARTESIAN_POINT('',(-11.95,-16.22,4.2));
#5377 = SURFACE_CURVE('',#5378,(#5382,#5389),.PCURVE_S1.);
#5378 = LINE('',#5379,#5380);
#5379 = CARTESIAN_POINT('',(-11.95,-16.22,2.7));
#5380 = VECTOR('',#5381,1.);
#5381 = DIRECTION('',(0.,0.,1.));
#5382 = PCURVE('',#518,#5383);
#5383 = DEFINITIONAL_REPRESENTATION('',(#5384),#5388);
#5384 = LINE('',#5385,#5386);
#5385 = CARTESIAN_POINT('',(0.,-14.2));
#5386 = VECTOR('',#5387,1.);
#5387 = DIRECTION('',(1.,0.));
#5388 = ( GEOMETRIC_REPRESENTATION_CONTEXT(2) 
PARAMETRIC_REPRESENTATION_CONTEXT() REPRESENTATION_CONTEXT('2D SPACE',''
  ) );
#5389 = PCURVE('',#494,#5390);
#5390 = DEFINITIONAL_REPRESENTATION('',(#5391),#5395);
#5391 = LINE('',#5392,#5393);
#5392 = CARTESIAN_POINT('',(0.,14.2));
#5393 = VECTOR('',#5394,1.);
#5394 = DIRECTION('',(1.,0.));
#5395 = ( GEOMETRIC_REPRESENTATION_CONTEXT(2) 
PARAMETRIC_REPRESENTATION_CONTEXT() REPRESENTATION_CONTEXT('2D SPACE',''
  ) );
#5396 = ORIENTED_EDGE('',*,*,#5397,.F.);
#5397 = EDGE_CURVE('',#5299,#5375,#5398,.T.);
#5398 = SURFACE_CURVE('',#5399,(#5403,#5409),.PCURVE_S1.);
#5399 = LINE('',#5400,#5401);
#5400 = CARTESIAN_POINT('',(-11.95,-40.835,4.2));
#5401 = VECTOR('',#5402,1.);
#5402 = DIRECTION('',(0.,1.,0.));
#5403 = PCURVE('',#518,#5404);
#5404 = DEFINITIONAL_REPRESENTATION('',(#5405),#5408);
#5405 = B_SPLINE_CURVE_WITH_KNOTS('',1,(#5406,#5407),.UNSPECIFIED.,.F.,
  .F.,(2,2),(10.415,24.615),.PIECEWISE_BEZIER_KNOTS.);
#5406 = CARTESIAN_POINT('',(1.5,0.));
#5407 = CARTESIAN_POINT('',(1.5,-14.2));
#5408 = ( GEOMETRIC_REPRESENTATION_CONTEXT(2) 
PARAMETRIC_REPRESENTATION_CONTEXT() REPRESENTATION_CONTEXT('2D SPACE',''
  ) );
#5409 = PCURVE('',#5358,#5410);
#5410 = DEFINITIONAL_REPRESENTATION('',(#5411),#5414);
#5411 = B_SPLINE_CURVE_WITH_KNOTS('',1,(#5412,#5413),.UNSPECIFIED.,.F.,
  .F.,(2,2),(10.415,24.615),.PIECEWISE_BEZIER_KNOTS.);
#5412 = CARTESIAN_POINT('',(33.55,20.83));
#5413 = CARTESIAN_POINT('',(33.55,35.03));
#5414 = ( GEOMETRIC_REPRESENTATION_CONTEXT(2) 
PARAMETRIC_REPRESENTATION_CONTEXT() REPRESENTATION_CONTEXT('2D SPACE',''
  ) );
#5415 = ADVANCED_FACE('',(#5416),#468,.T.);
#5416 = FACE_BOUND('',#5417,.T.);
#5417 = EDGE_LOOP('',(#5418,#5419,#5420,#5443));
#5418 = ORIENTED_EDGE('',*,*,#5322,.F.);
#5419 = ORIENTED_EDGE('',*,*,#453,.T.);
#5420 = ORIENTED_EDGE('',*,*,#5421,.T.);
#5421 = EDGE_CURVE('',#454,#5422,#5424,.T.);
#5422 = VERTEX_POINT('',#5423);
#5423 = CARTESIAN_POINT('',(-26.15,-16.22,4.2));
#5424 = SURFACE_CURVE('',#5425,(#5429,#5436),.PCURVE_S1.);
#5425 = LINE('',#5426,#5427);
#5426 = CARTESIAN_POINT('',(-26.15,-16.22,2.7));
#5427 = VECTOR('',#5428,1.);
#5428 = DIRECTION('',(0.,0.,1.));
#5429 = PCURVE('',#468,#5430);
#5430 = DEFINITIONAL_REPRESENTATION('',(#5431),#5435);
#5431 = LINE('',#5432,#5433);
#5432 = CARTESIAN_POINT('',(0.,-14.2));
#5433 = VECTOR('',#5434,1.);
#5434 = DIRECTION('',(1.,0.));
#5435 = ( GEOMETRIC_REPRESENTATION_CONTEXT(2) 
PARAMETRIC_REPRESENTATION_CONTEXT() REPRESENTATION_CONTEXT('2D SPACE',''
  ) );
#5436 = PCURVE('',#494,#5437);
#5437 = DEFINITIONAL_REPRESENTATION('',(#5438),#5442);
#5438 = LINE('',#5439,#5440);
#5439 = CARTESIAN_POINT('',(0.,0.));
#5440 = VECTOR('',#5441,1.);
#5441 = DIRECTION('',(1.,0.));
#5442 = ( GEOMETRIC_REPRESENTATION_CONTEXT(2) 
PARAMETRIC_REPRESENTATION_CONTEXT() REPRESENTATION_CONTEXT('2D SPACE',''
  ) );
#5443 = ORIENTED_EDGE('',*,*,#5444,.F.);
#5444 = EDGE_CURVE('',#5323,#5422,#5445,.T.);
#5445 = SURFACE_CURVE('',#5446,(#5450,#5456),.PCURVE_S1.);
#5446 = LINE('',#5447,#5448);
#5447 = CARTESIAN_POINT('',(-26.15,-40.835,4.2));
#5448 = VECTOR('',#5449,1.);
#5449 = DIRECTION('',(0.,1.,0.));
#5450 = PCURVE('',#468,#5451);
#5451 = DEFINITIONAL_REPRESENTATION('',(#5452),#5455);
#5452 = B_SPLINE_CURVE_WITH_KNOTS('',1,(#5453,#5454),.UNSPECIFIED.,.F.,
  .F.,(2,2),(10.415,24.615),.PIECEWISE_BEZIER_KNOTS.);
#5453 = CARTESIAN_POINT('',(1.5,0.));
#5454 = CARTESIAN_POINT('',(1.5,-14.2));
#5455 = ( GEOMETRIC_REPRESENTATION_CONTEXT(2) 
PARAMETRIC_REPRESENTATION_CONTEXT() REPRESENTATION_CONTEXT('2D SPACE',''
  ) );
#5456 = PCURVE('',#5358,#5457);
#5457 = DEFINITIONAL_REPRESENTATION('',(#5458),#5461);
#5458 = B_SPLINE_CURVE_WITH_KNOTS('',1,(#5459,#5460),.UNSPECIFIED.,.F.,
  .F.,(2,2),(10.415,24.615),.PIECEWISE_BEZIER_KNOTS.);
#5459 = CARTESIAN_POINT('',(19.35,20.83));
#5460 = CARTESIAN_POINT('',(19.35,35.03));
#5461 = ( GEOMETRIC_REPRESENTATION_CONTEXT(2) 
PARAMETRIC_REPRESENTATION_CONTEXT() REPRESENTATION_CONTEXT('2D SPACE',''
  ) );
#5462 = ADVANCED_FACE('',(#5463),#494,.F.);
#5463 = FACE_BOUND('',#5464,.F.);
#5464 = EDGE_LOOP('',(#5465,#5466,#5467,#5468));
#5465 = ORIENTED_EDGE('',*,*,#5374,.F.);
#5466 = ORIENTED_EDGE('',*,*,#479,.T.);
#5467 = ORIENTED_EDGE('',*,*,#5421,.T.);
#5468 = ORIENTED_EDGE('',*,*,#5469,.F.);
#5469 = EDGE_CURVE('',#5375,#5422,#5470,.T.);
#5470 = SURFACE_CURVE('',#5471,(#5475,#5481),.PCURVE_S1.);
#5471 = LINE('',#5472,#5473);
#5472 = CARTESIAN_POINT('',(-35.825,-16.22,4.2));
#5473 = VECTOR('',#5474,1.);
#5474 = DIRECTION('',(-1.,0.,0.));
#5475 = PCURVE('',#494,#5476);
#5476 = DEFINITIONAL_REPRESENTATION('',(#5477),#5480);
#5477 = B_SPLINE_CURVE_WITH_KNOTS('',1,(#5478,#5479),.UNSPECIFIED.,.F.,
  .F.,(2,2),(-23.875,-9.675),.PIECEWISE_BEZIER_KNOTS.);
#5478 = CARTESIAN_POINT('',(1.5,14.2));
#5479 = CARTESIAN_POINT('',(1.5,0.));
#5480 = ( GEOMETRIC_REPRESENTATION_CONTEXT(2) 
PARAMETRIC_REPRESENTATION_CONTEXT() REPRESENTATION_CONTEXT('2D SPACE',''
  ) );
#5481 = PCURVE('',#5358,#5482);
#5482 = DEFINITIONAL_REPRESENTATION('',(#5483),#5486);
#5483 = B_SPLINE_CURVE_WITH_KNOTS('',1,(#5484,#5485),.UNSPECIFIED.,.F.,
  .F.,(2,2),(-23.875,-9.675),.PIECEWISE_BEZIER_KNOTS.);
#5484 = CARTESIAN_POINT('',(33.55,35.03));
#5485 = CARTESIAN_POINT('',(19.35,35.03));
#5486 = ( GEOMETRIC_REPRESENTATION_CONTEXT(2) 
PARAMETRIC_REPRESENTATION_CONTEXT() REPRESENTATION_CONTEXT('2D SPACE',''
  ) );
#5487 = ADVANCED_FACE('',(#5488),#548,.T.);
#5488 = FACE_BOUND('',#5489,.T.);
#5489 = EDGE_LOOP('',(#5490,#5513,#5514,#5537));
#5490 = ORIENTED_EDGE('',*,*,#5491,.F.);
#5491 = EDGE_CURVE('',#532,#5492,#5494,.T.);
#5492 = VERTEX_POINT('',#5493);
#5493 = CARTESIAN_POINT('',(-37.065,-18.84,3.655));
#5494 = SURFACE_CURVE('',#5495,(#5499,#5506),.PCURVE_S1.);
#5495 = LINE('',#5496,#5497);
#5496 = CARTESIAN_POINT('',(-37.065,-18.84,2.75));
#5497 = VECTOR('',#5498,1.);
#5498 = DIRECTION('',(0.,0.,1.));
#5499 = PCURVE('',#548,#5500);
#5500 = DEFINITIONAL_REPRESENTATION('',(#5501),#5505);
#5501 = LINE('',#5502,#5503);
#5502 = CARTESIAN_POINT('',(0.,2.72));
#5503 = VECTOR('',#5504,1.);
#5504 = DIRECTION('',(1.,0.));
#5505 = ( GEOMETRIC_REPRESENTATION_CONTEXT(2) 
PARAMETRIC_REPRESENTATION_CONTEXT() REPRESENTATION_CONTEXT('2D SPACE',''
  ) );
#5506 = PCURVE('',#624,#5507);
#5507 = DEFINITIONAL_REPRESENTATION('',(#5508),#5512);
#5508 = LINE('',#5509,#5510);
#5509 = CARTESIAN_POINT('',(0.,0.));
#5510 = VECTOR('',#5511,1.);
#5511 = DIRECTION('',(1.,0.));
#5512 = ( GEOMETRIC_REPRESENTATION_CONTEXT(2) 
PARAMETRIC_REPRESENTATION_CONTEXT() REPRESENTATION_CONTEXT('2D SPACE',''
  ) );
#5513 = ORIENTED_EDGE('',*,*,#531,.T.);
#5514 = ORIENTED_EDGE('',*,*,#5515,.T.);
#5515 = EDGE_CURVE('',#534,#5516,#5518,.T.);
#5516 = VERTEX_POINT('',#5517);
#5517 = CARTESIAN_POINT('',(-39.785,-18.84,3.655));
#5518 = SURFACE_CURVE('',#5519,(#5523,#5530),.PCURVE_S1.);
#5519 = LINE('',#5520,#5521);
#5520 = CARTESIAN_POINT('',(-39.785,-18.84,2.75));
#5521 = VECTOR('',#5522,1.);
#5522 = DIRECTION('',(0.,0.,1.));
#5523 = PCURVE('',#548,#5524);
#5524 = DEFINITIONAL_REPRESENTATION('',(#5525),#5529);
#5525 = LINE('',#5526,#5527);
#5526 = CARTESIAN_POINT('',(0.,0.));
#5527 = VECTOR('',#5528,1.);
#5528 = DIRECTION('',(1.,0.));
#5529 = ( GEOMETRIC_REPRESENTATION_CONTEXT(2) 
PARAMETRIC_REPRESENTATION_CONTEXT() REPRESENTATION_CONTEXT('2D SPACE',''
  ) );
#5530 = PCURVE('',#574,#5531);
#5531 = DEFINITIONAL_REPRESENTATION('',(#5532),#5536);
#5532 = LINE('',#5533,#5534);
#5533 = CARTESIAN_POINT('',(0.,0.));
#5534 = VECTOR('',#5535,1.);
#5535 = DIRECTION('',(1.,0.));
#5536 = ( GEOMETRIC_REPRESENTATION_CONTEXT(2) 
PARAMETRIC_REPRESENTATION_CONTEXT() REPRESENTATION_CONTEXT('2D SPACE',''
  ) );
#5537 = ORIENTED_EDGE('',*,*,#5538,.T.);
#5538 = EDGE_CURVE('',#5516,#5492,#5539,.T.);
#5539 = SURFACE_CURVE('',#5540,(#5544,#5551),.PCURVE_S1.);
#5540 = LINE('',#5541,#5542);
#5541 = CARTESIAN_POINT('',(-39.785,-18.84,3.655));
#5542 = VECTOR('',#5543,1.);
#5543 = DIRECTION('',(1.,0.,0.));
#5544 = PCURVE('',#548,#5545);
#5545 = DEFINITIONAL_REPRESENTATION('',(#5546),#5550);
#5546 = LINE('',#5547,#5548);
#5547 = CARTESIAN_POINT('',(0.905,0.));
#5548 = VECTOR('',#5549,1.);
#5549 = DIRECTION('',(0.,1.));
#5550 = ( GEOMETRIC_REPRESENTATION_CONTEXT(2) 
PARAMETRIC_REPRESENTATION_CONTEXT() REPRESENTATION_CONTEXT('2D SPACE',''
  ) );
#5551 = PCURVE('',#5552,#5557);
#5552 = PLANE('',#5553);
#5553 = AXIS2_PLACEMENT_3D('',#5554,#5555,#5556);
#5554 = CARTESIAN_POINT('',(-39.785,-18.84,3.655));
#5555 = DIRECTION('',(0.,0.,1.));
#5556 = DIRECTION('',(1.,0.,0.));
#5557 = DEFINITIONAL_REPRESENTATION('',(#5558),#5562);
#5558 = LINE('',#5559,#5560);
#5559 = CARTESIAN_POINT('',(0.,0.));
#5560 = VECTOR('',#5561,1.);
#5561 = DIRECTION('',(1.,0.));
#5562 = ( GEOMETRIC_REPRESENTATION_CONTEXT(2) 
PARAMETRIC_REPRESENTATION_CONTEXT() REPRESENTATION_CONTEXT('2D SPACE',''
  ) );
#5563 = ADVANCED_FACE('',(#5564),#624,.F.);
#5564 = FACE_BOUND('',#5565,.F.);
#5565 = EDGE_LOOP('',(#5566,#5567,#5568,#5591));
#5566 = ORIENTED_EDGE('',*,*,#5491,.F.);
#5567 = ORIENTED_EDGE('',*,*,#611,.T.);
#5568 = ORIENTED_EDGE('',*,*,#5569,.T.);
#5569 = EDGE_CURVE('',#586,#5570,#5572,.T.);
#5570 = VERTEX_POINT('',#5571);
#5571 = CARTESIAN_POINT('',(-37.065,-7.48,3.655));
#5572 = SURFACE_CURVE('',#5573,(#5577,#5584),.PCURVE_S1.);
#5573 = LINE('',#5574,#5575);
#5574 = CARTESIAN_POINT('',(-37.065,-7.48,2.75));
#5575 = VECTOR('',#5576,1.);
#5576 = DIRECTION('',(0.,0.,1.));
#5577 = PCURVE('',#624,#5578);
#5578 = DEFINITIONAL_REPRESENTATION('',(#5579),#5583);
#5579 = LINE('',#5580,#5581);
#5580 = CARTESIAN_POINT('',(0.,-11.36));
#5581 = VECTOR('',#5582,1.);
#5582 = DIRECTION('',(1.,0.));
#5583 = ( GEOMETRIC_REPRESENTATION_CONTEXT(2) 
PARAMETRIC_REPRESENTATION_CONTEXT() REPRESENTATION_CONTEXT('2D SPACE',''
  ) );
#5584 = PCURVE('',#600,#5585);
#5585 = DEFINITIONAL_REPRESENTATION('',(#5586),#5590);
#5586 = LINE('',#5587,#5588);
#5587 = CARTESIAN_POINT('',(0.,2.72));
#5588 = VECTOR('',#5589,1.);
#5589 = DIRECTION('',(1.,0.));
#5590 = ( GEOMETRIC_REPRESENTATION_CONTEXT(2) 
PARAMETRIC_REPRESENTATION_CONTEXT() REPRESENTATION_CONTEXT('2D SPACE',''
  ) );
#5591 = ORIENTED_EDGE('',*,*,#5592,.F.);
#5592 = EDGE_CURVE('',#5492,#5570,#5593,.T.);
#5593 = SURFACE_CURVE('',#5594,(#5598,#5605),.PCURVE_S1.);
#5594 = LINE('',#5595,#5596);
#5595 = CARTESIAN_POINT('',(-37.065,-18.84,3.655));
#5596 = VECTOR('',#5597,1.);
#5597 = DIRECTION('',(0.,1.,0.));
#5598 = PCURVE('',#624,#5599);
#5599 = DEFINITIONAL_REPRESENTATION('',(#5600),#5604);
#5600 = LINE('',#5601,#5602);
#5601 = CARTESIAN_POINT('',(0.905,0.));
#5602 = VECTOR('',#5603,1.);
#5603 = DIRECTION('',(0.,-1.));
#5604 = ( GEOMETRIC_REPRESENTATION_CONTEXT(2) 
PARAMETRIC_REPRESENTATION_CONTEXT() REPRESENTATION_CONTEXT('2D SPACE',''
  ) );
#5605 = PCURVE('',#5552,#5606);
#5606 = DEFINITIONAL_REPRESENTATION('',(#5607),#5611);
#5607 = LINE('',#5608,#5609);
#5608 = CARTESIAN_POINT('',(2.72,0.));
#5609 = VECTOR('',#5610,1.);
#5610 = DIRECTION('',(0.,1.));
#5611 = ( GEOMETRIC_REPRESENTATION_CONTEXT(2) 
PARAMETRIC_REPRESENTATION_CONTEXT() REPRESENTATION_CONTEXT('2D SPACE',''
  ) );
#5612 = ADVANCED_FACE('',(#5613),#574,.T.);
#5613 = FACE_BOUND('',#5614,.T.);
#5614 = EDGE_LOOP('',(#5615,#5616,#5617,#5640));
#5615 = ORIENTED_EDGE('',*,*,#5515,.F.);
#5616 = ORIENTED_EDGE('',*,*,#559,.T.);
#5617 = ORIENTED_EDGE('',*,*,#5618,.T.);
#5618 = EDGE_CURVE('',#560,#5619,#5621,.T.);
#5619 = VERTEX_POINT('',#5620);
#5620 = CARTESIAN_POINT('',(-39.785,-7.48,3.655));
#5621 = SURFACE_CURVE('',#5622,(#5626,#5633),.PCURVE_S1.);
#5622 = LINE('',#5623,#5624);
#5623 = CARTESIAN_POINT('',(-39.785,-7.48,2.75));
#5624 = VECTOR('',#5625,1.);
#5625 = DIRECTION('',(0.,0.,1.));
#5626 = PCURVE('',#574,#5627);
#5627 = DEFINITIONAL_REPRESENTATION('',(#5628),#5632);
#5628 = LINE('',#5629,#5630);
#5629 = CARTESIAN_POINT('',(0.,-11.36));
#5630 = VECTOR('',#5631,1.);
#5631 = DIRECTION('',(1.,0.));
#5632 = ( GEOMETRIC_REPRESENTATION_CONTEXT(2) 
PARAMETRIC_REPRESENTATION_CONTEXT() REPRESENTATION_CONTEXT('2D SPACE',''
  ) );
#5633 = PCURVE('',#600,#5634);
#5634 = DEFINITIONAL_REPRESENTATION('',(#5635),#5639);
#5635 = LINE('',#5636,#5637);
#5636 = CARTESIAN_POINT('',(0.,0.));
#5637 = VECTOR('',#5638,1.);
#5638 = DIRECTION('',(1.,0.));
#5639 = ( GEOMETRIC_REPRESENTATION_CONTEXT(2) 
PARAMETRIC_REPRESENTATION_CONTEXT() REPRESENTATION_CONTEXT('2D SPACE',''
  ) );
#5640 = ORIENTED_EDGE('',*,*,#5641,.F.);
#5641 = EDGE_CURVE('',#5516,#5619,#5642,.T.);
#5642 = SURFACE_CURVE('',#5643,(#5647,#5654),.PCURVE_S1.);
#5643 = LINE('',#5644,#5645);
#5644 = CARTESIAN_POINT('',(-39.785,-18.84,3.655));
#5645 = VECTOR('',#5646,1.);
#5646 = DIRECTION('',(0.,1.,0.));
#5647 = PCURVE('',#574,#5648);
#5648 = DEFINITIONAL_REPRESENTATION('',(#5649),#5653);
#5649 = LINE('',#5650,#5651);
#5650 = CARTESIAN_POINT('',(0.905,0.));
#5651 = VECTOR('',#5652,1.);
#5652 = DIRECTION('',(0.,-1.));
#5653 = ( GEOMETRIC_REPRESENTATION_CONTEXT(2) 
PARAMETRIC_REPRESENTATION_CONTEXT() REPRESENTATION_CONTEXT('2D SPACE',''
  ) );
#5654 = PCURVE('',#5552,#5655);
#5655 = DEFINITIONAL_REPRESENTATION('',(#5656),#5660);
#5656 = LINE('',#5657,#5658);
#5657 = CARTESIAN_POINT('',(0.,0.));
#5658 = VECTOR('',#5659,1.);
#5659 = DIRECTION('',(0.,1.));
#5660 = ( GEOMETRIC_REPRESENTATION_CONTEXT(2) 
PARAMETRIC_REPRESENTATION_CONTEXT() REPRESENTATION_CONTEXT('2D SPACE',''
  ) );
#5661 = ADVANCED_FACE('',(#5662),#600,.F.);
#5662 = FACE_BOUND('',#5663,.F.);
#5663 = EDGE_LOOP('',(#5664,#5665,#5666,#5667));
#5664 = ORIENTED_EDGE('',*,*,#5569,.F.);
#5665 = ORIENTED_EDGE('',*,*,#585,.T.);
#5666 = ORIENTED_EDGE('',*,*,#5618,.T.);
#5667 = ORIENTED_EDGE('',*,*,#5668,.T.);
#5668 = EDGE_CURVE('',#5619,#5570,#5669,.T.);
#5669 = SURFACE_CURVE('',#5670,(#5674,#5681),.PCURVE_S1.);
#5670 = LINE('',#5671,#5672);
#5671 = CARTESIAN_POINT('',(-39.785,-7.48,3.655));
#5672 = VECTOR('',#5673,1.);
#5673 = DIRECTION('',(1.,0.,0.));
#5674 = PCURVE('',#600,#5675);
#5675 = DEFINITIONAL_REPRESENTATION('',(#5676),#5680);
#5676 = LINE('',#5677,#5678);
#5677 = CARTESIAN_POINT('',(0.905,0.));
#5678 = VECTOR('',#5679,1.);
#5679 = DIRECTION('',(0.,1.));
#5680 = ( GEOMETRIC_REPRESENTATION_CONTEXT(2) 
PARAMETRIC_REPRESENTATION_CONTEXT() REPRESENTATION_CONTEXT('2D SPACE',''
  ) );
#5681 = PCURVE('',#5552,#5682);
#5682 = DEFINITIONAL_REPRESENTATION('',(#5683),#5687);
#5683 = LINE('',#5684,#5685);
#5684 = CARTESIAN_POINT('',(0.,11.36));
#5685 = VECTOR('',#5686,1.);
#5686 = DIRECTION('',(1.,0.));
#5687 = ( GEOMETRIC_REPRESENTATION_CONTEXT(2) 
PARAMETRIC_REPRESENTATION_CONTEXT() REPRESENTATION_CONTEXT('2D SPACE',''
  ) );
#5688 = ADVANCED_FACE('',(#5689),#654,.T.);
#5689 = FACE_BOUND('',#5690,.T.);
#5690 = EDGE_LOOP('',(#5691,#5714,#5715,#5738));
#5691 = ORIENTED_EDGE('',*,*,#5692,.F.);
#5692 = EDGE_CURVE('',#638,#5693,#5695,.T.);
#5693 = VERTEX_POINT('',#5694);
#5694 = CARTESIAN_POINT('',(-11.95,-11.37,4.2));
#5695 = SURFACE_CURVE('',#5696,(#5700,#5707),.PCURVE_S1.);
#5696 = LINE('',#5697,#5698);
#5697 = CARTESIAN_POINT('',(-11.95,-11.37,2.7));
#5698 = VECTOR('',#5699,1.);
#5699 = DIRECTION('',(0.,0.,1.));
#5700 = PCURVE('',#654,#5701);
#5701 = DEFINITIONAL_REPRESENTATION('',(#5702),#5706);
#5702 = LINE('',#5703,#5704);
#5703 = CARTESIAN_POINT('',(0.,14.2));
#5704 = VECTOR('',#5705,1.);
#5705 = DIRECTION('',(1.,0.));
#5706 = ( GEOMETRIC_REPRESENTATION_CONTEXT(2) 
PARAMETRIC_REPRESENTATION_CONTEXT() REPRESENTATION_CONTEXT('2D SPACE',''
  ) );
#5707 = PCURVE('',#730,#5708);
#5708 = DEFINITIONAL_REPRESENTATION('',(#5709),#5713);
#5709 = LINE('',#5710,#5711);
#5710 = CARTESIAN_POINT('',(0.,0.));
#5711 = VECTOR('',#5712,1.);
#5712 = DIRECTION('',(1.,0.));
#5713 = ( GEOMETRIC_REPRESENTATION_CONTEXT(2) 
PARAMETRIC_REPRESENTATION_CONTEXT() REPRESENTATION_CONTEXT('2D SPACE',''
  ) );
#5714 = ORIENTED_EDGE('',*,*,#637,.T.);
#5715 = ORIENTED_EDGE('',*,*,#5716,.T.);
#5716 = EDGE_CURVE('',#640,#5717,#5719,.T.);
#5717 = VERTEX_POINT('',#5718);
#5718 = CARTESIAN_POINT('',(-26.15,-11.37,4.2));
#5719 = SURFACE_CURVE('',#5720,(#5724,#5731),.PCURVE_S1.);
#5720 = LINE('',#5721,#5722);
#5721 = CARTESIAN_POINT('',(-26.15,-11.37,2.7));
#5722 = VECTOR('',#5723,1.);
#5723 = DIRECTION('',(0.,0.,1.));
#5724 = PCURVE('',#654,#5725);
#5725 = DEFINITIONAL_REPRESENTATION('',(#5726),#5730);
#5726 = LINE('',#5727,#5728);
#5727 = CARTESIAN_POINT('',(0.,0.));
#5728 = VECTOR('',#5729,1.);
#5729 = DIRECTION('',(1.,0.));
#5730 = ( GEOMETRIC_REPRESENTATION_CONTEXT(2) 
PARAMETRIC_REPRESENTATION_CONTEXT() REPRESENTATION_CONTEXT('2D SPACE',''
  ) );
#5731 = PCURVE('',#680,#5732);
#5732 = DEFINITIONAL_REPRESENTATION('',(#5733),#5737);
#5733 = LINE('',#5734,#5735);
#5734 = CARTESIAN_POINT('',(0.,0.));
#5735 = VECTOR('',#5736,1.);
#5736 = DIRECTION('',(1.,0.));
#5737 = ( GEOMETRIC_REPRESENTATION_CONTEXT(2) 
PARAMETRIC_REPRESENTATION_CONTEXT() REPRESENTATION_CONTEXT('2D SPACE',''
  ) );
#5738 = ORIENTED_EDGE('',*,*,#5739,.F.);
#5739 = EDGE_CURVE('',#5693,#5717,#5740,.T.);
#5740 = SURFACE_CURVE('',#5741,(#5745,#5751),.PCURVE_S1.);
#5741 = LINE('',#5742,#5743);
#5742 = CARTESIAN_POINT('',(-35.825,-11.37,4.2));
#5743 = VECTOR('',#5744,1.);
#5744 = DIRECTION('',(-1.,0.,0.));
#5745 = PCURVE('',#654,#5746);
#5746 = DEFINITIONAL_REPRESENTATION('',(#5747),#5750);
#5747 = B_SPLINE_CURVE_WITH_KNOTS('',1,(#5748,#5749),.UNSPECIFIED.,.F.,
  .F.,(2,2),(-23.875,-9.675),.PIECEWISE_BEZIER_KNOTS.);
#5748 = CARTESIAN_POINT('',(1.5,14.2));
#5749 = CARTESIAN_POINT('',(1.5,0.));
#5750 = ( GEOMETRIC_REPRESENTATION_CONTEXT(2) 
PARAMETRIC_REPRESENTATION_CONTEXT() REPRESENTATION_CONTEXT('2D SPACE',''
  ) );
#5751 = PCURVE('',#5752,#5757);
#5752 = PLANE('',#5753);
#5753 = AXIS2_PLACEMENT_3D('',#5754,#5755,#5756);
#5754 = CARTESIAN_POINT('',(-45.5,-51.25,4.2));
#5755 = DIRECTION('',(0.,0.,1.));
#5756 = DIRECTION('',(1.,0.,0.));
#5757 = DEFINITIONAL_REPRESENTATION('',(#5758),#5761);
#5758 = B_SPLINE_CURVE_WITH_KNOTS('',1,(#5759,#5760),.UNSPECIFIED.,.F.,
  .F.,(2,2),(-23.875,-9.675),.PIECEWISE_BEZIER_KNOTS.);
#5759 = CARTESIAN_POINT('',(33.55,39.88));
#5760 = CARTESIAN_POINT('',(19.35,39.88));
#5761 = ( GEOMETRIC_REPRESENTATION_CONTEXT(2) 
PARAMETRIC_REPRESENTATION_CONTEXT() REPRESENTATION_CONTEXT('2D SPACE',''
  ) );
#5762 = ADVANCED_FACE('',(#5763),#730,.F.);
#5763 = FACE_BOUND('',#5764,.F.);
#5764 = EDGE_LOOP('',(#5765,#5766,#5767,#5790));
#5765 = ORIENTED_EDGE('',*,*,#5692,.F.);
#5766 = ORIENTED_EDGE('',*,*,#717,.T.);
#5767 = ORIENTED_EDGE('',*,*,#5768,.T.);
#5768 = EDGE_CURVE('',#692,#5769,#5771,.T.);
#5769 = VERTEX_POINT('',#5770);
#5770 = CARTESIAN_POINT('',(-11.95,2.83,4.2));
#5771 = SURFACE_CURVE('',#5772,(#5776,#5783),.PCURVE_S1.);
#5772 = LINE('',#5773,#5774);
#5773 = CARTESIAN_POINT('',(-11.95,2.83,2.7));
#5774 = VECTOR('',#5775,1.);
#5775 = DIRECTION('',(0.,0.,1.));
#5776 = PCURVE('',#730,#5777);
#5777 = DEFINITIONAL_REPRESENTATION('',(#5778),#5782);
#5778 = LINE('',#5779,#5780);
#5779 = CARTESIAN_POINT('',(0.,-14.2));
#5780 = VECTOR('',#5781,1.);
#5781 = DIRECTION('',(1.,0.));
#5782 = ( GEOMETRIC_REPRESENTATION_CONTEXT(2) 
PARAMETRIC_REPRESENTATION_CONTEXT() REPRESENTATION_CONTEXT('2D SPACE',''
  ) );
#5783 = PCURVE('',#706,#5784);
#5784 = DEFINITIONAL_REPRESENTATION('',(#5785),#5789);
#5785 = LINE('',#5786,#5787);
#5786 = CARTESIAN_POINT('',(0.,14.2));
#5787 = VECTOR('',#5788,1.);
#5788 = DIRECTION('',(1.,0.));
#5789 = ( GEOMETRIC_REPRESENTATION_CONTEXT(2) 
PARAMETRIC_REPRESENTATION_CONTEXT() REPRESENTATION_CONTEXT('2D SPACE',''
  ) );
#5790 = ORIENTED_EDGE('',*,*,#5791,.F.);
#5791 = EDGE_CURVE('',#5693,#5769,#5792,.T.);
#5792 = SURFACE_CURVE('',#5793,(#5797,#5803),.PCURVE_S1.);
#5793 = LINE('',#5794,#5795);
#5794 = CARTESIAN_POINT('',(-11.95,-31.31,4.2));
#5795 = VECTOR('',#5796,1.);
#5796 = DIRECTION('',(0.,1.,0.));
#5797 = PCURVE('',#730,#5798);
#5798 = DEFINITIONAL_REPRESENTATION('',(#5799),#5802);
#5799 = B_SPLINE_CURVE_WITH_KNOTS('',1,(#5800,#5801),.UNSPECIFIED.,.F.,
  .F.,(2,2),(19.94,34.14),.PIECEWISE_BEZIER_KNOTS.);
#5800 = CARTESIAN_POINT('',(1.5,0.));
#5801 = CARTESIAN_POINT('',(1.5,-14.2));
#5802 = ( GEOMETRIC_REPRESENTATION_CONTEXT(2) 
PARAMETRIC_REPRESENTATION_CONTEXT() REPRESENTATION_CONTEXT('2D SPACE',''
  ) );
#5803 = PCURVE('',#5752,#5804);
#5804 = DEFINITIONAL_REPRESENTATION('',(#5805),#5808);
#5805 = B_SPLINE_CURVE_WITH_KNOTS('',1,(#5806,#5807),.UNSPECIFIED.,.F.,
  .F.,(2,2),(19.94,34.14),.PIECEWISE_BEZIER_KNOTS.);
#5806 = CARTESIAN_POINT('',(33.55,39.88));
#5807 = CARTESIAN_POINT('',(33.55,54.08));
#5808 = ( GEOMETRIC_REPRESENTATION_CONTEXT(2) 
PARAMETRIC_REPRESENTATION_CONTEXT() REPRESENTATION_CONTEXT('2D SPACE',''
  ) );
#5809 = ADVANCED_FACE('',(#5810),#680,.T.);
#5810 = FACE_BOUND('',#5811,.T.);
#5811 = EDGE_LOOP('',(#5812,#5813,#5814,#5837));
#5812 = ORIENTED_EDGE('',*,*,#5716,.F.);
#5813 = ORIENTED_EDGE('',*,*,#665,.T.);
#5814 = ORIENTED_EDGE('',*,*,#5815,.T.);
#5815 = EDGE_CURVE('',#666,#5816,#5818,.T.);
#5816 = VERTEX_POINT('',#5817);
#5817 = CARTESIAN_POINT('',(-26.15,2.83,4.2));
#5818 = SURFACE_CURVE('',#5819,(#5823,#5830),.PCURVE_S1.);
#5819 = LINE('',#5820,#5821);
#5820 = CARTESIAN_POINT('',(-26.15,2.83,2.7));
#5821 = VECTOR('',#5822,1.);
#5822 = DIRECTION('',(0.,0.,1.));
#5823 = PCURVE('',#680,#5824);
#5824 = DEFINITIONAL_REPRESENTATION('',(#5825),#5829);
#5825 = LINE('',#5826,#5827);
#5826 = CARTESIAN_POINT('',(0.,-14.2));
#5827 = VECTOR('',#5828,1.);
#5828 = DIRECTION('',(1.,0.));
#5829 = ( GEOMETRIC_REPRESENTATION_CONTEXT(2) 
PARAMETRIC_REPRESENTATION_CONTEXT() REPRESENTATION_CONTEXT('2D SPACE',''
  ) );
#5830 = PCURVE('',#706,#5831);
#5831 = DEFINITIONAL_REPRESENTATION('',(#5832),#5836);
#5832 = LINE('',#5833,#5834);
#5833 = CARTESIAN_POINT('',(0.,0.));
#5834 = VECTOR('',#5835,1.);
#5835 = DIRECTION('',(1.,0.));
#5836 = ( GEOMETRIC_REPRESENTATION_CONTEXT(2) 
PARAMETRIC_REPRESENTATION_CONTEXT() REPRESENTATION_CONTEXT('2D SPACE',''
  ) );
#5837 = ORIENTED_EDGE('',*,*,#5838,.F.);
#5838 = EDGE_CURVE('',#5717,#5816,#5839,.T.);
#5839 = SURFACE_CURVE('',#5840,(#5844,#5850),.PCURVE_S1.);
#5840 = LINE('',#5841,#5842);
#5841 = CARTESIAN_POINT('',(-26.15,-31.31,4.2));
#5842 = VECTOR('',#5843,1.);
#5843 = DIRECTION('',(0.,1.,0.));
#5844 = PCURVE('',#680,#5845);
#5845 = DEFINITIONAL_REPRESENTATION('',(#5846),#5849);
#5846 = B_SPLINE_CURVE_WITH_KNOTS('',1,(#5847,#5848),.UNSPECIFIED.,.F.,
  .F.,(2,2),(19.94,34.14),.PIECEWISE_BEZIER_KNOTS.);
#5847 = CARTESIAN_POINT('',(1.5,0.));
#5848 = CARTESIAN_POINT('',(1.5,-14.2));
#5849 = ( GEOMETRIC_REPRESENTATION_CONTEXT(2) 
PARAMETRIC_REPRESENTATION_CONTEXT() REPRESENTATION_CONTEXT('2D SPACE',''
  ) );
#5850 = PCURVE('',#5752,#5851);
#5851 = DEFINITIONAL_REPRESENTATION('',(#5852),#5855);
#5852 = B_SPLINE_CURVE_WITH_KNOTS('',1,(#5853,#5854),.UNSPECIFIED.,.F.,
  .F.,(2,2),(19.94,34.14),.PIECEWISE_BEZIER_KNOTS.);
#5853 = CARTESIAN_POINT('',(19.35,39.88));
#5854 = CARTESIAN_POINT('',(19.35,54.08));
#5855 = ( GEOMETRIC_REPRESENTATION_CONTEXT(2) 
PARAMETRIC_REPRESENTATION_CONTEXT() REPRESENTATION_CONTEXT('2D SPACE',''
  ) );
#5856 = ADVANCED_FACE('',(#5857),#706,.F.);
#5857 = FACE_BOUND('',#5858,.F.);
#5858 = EDGE_LOOP('',(#5859,#5860,#5861,#5862));
#5859 = ORIENTED_EDGE('',*,*,#5768,.F.);
#5860 = ORIENTED_EDGE('',*,*,#691,.T.);
#5861 = ORIENTED_EDGE('',*,*,#5815,.T.);
#5862 = ORIENTED_EDGE('',*,*,#5863,.F.);
#5863 = EDGE_CURVE('',#5769,#5816,#5864,.T.);
#5864 = SURFACE_CURVE('',#5865,(#5869,#5875),.PCURVE_S1.);
#5865 = LINE('',#5866,#5867);
#5866 = CARTESIAN_POINT('',(-35.825,2.83,4.2));
#5867 = VECTOR('',#5868,1.);
#5868 = DIRECTION('',(-1.,0.,0.));
#5869 = PCURVE('',#706,#5870);
#5870 = DEFINITIONAL_REPRESENTATION('',(#5871),#5874);
#5871 = B_SPLINE_CURVE_WITH_KNOTS('',1,(#5872,#5873),.UNSPECIFIED.,.F.,
  .F.,(2,2),(-23.875,-9.675),.PIECEWISE_BEZIER_KNOTS.);
#5872 = CARTESIAN_POINT('',(1.5,14.2));
#5873 = CARTESIAN_POINT('',(1.5,0.));
#5874 = ( GEOMETRIC_REPRESENTATION_CONTEXT(2) 
PARAMETRIC_REPRESENTATION_CONTEXT() REPRESENTATION_CONTEXT('2D SPACE',''
  ) );
#5875 = PCURVE('',#5752,#5876);
#5876 = DEFINITIONAL_REPRESENTATION('',(#5877),#5880);
#5877 = B_SPLINE_CURVE_WITH_KNOTS('',1,(#5878,#5879),.UNSPECIFIED.,.F.,
  .F.,(2,2),(-23.875,-9.675),.PIECEWISE_BEZIER_KNOTS.);
#5878 = CARTESIAN_POINT('',(33.55,54.08));
#5879 = CARTESIAN_POINT('',(19.35,54.08));
#5880 = ( GEOMETRIC_REPRESENTATION_CONTEXT(2) 
PARAMETRIC_REPRESENTATION_CONTEXT() REPRESENTATION_CONTEXT('2D SPACE',''
  ) );
#5881 = ADVANCED_FACE('',(#5882),#760,.T.);
#5882 = FACE_BOUND('',#5883,.T.);
#5883 = EDGE_LOOP('',(#5884,#5907,#5908,#5931));
#5884 = ORIENTED_EDGE('',*,*,#5885,.F.);
#5885 = EDGE_CURVE('',#744,#5886,#5888,.T.);
#5886 = VERTEX_POINT('',#5887);
#5887 = CARTESIAN_POINT('',(7.1,-30.42,4.2));
#5888 = SURFACE_CURVE('',#5889,(#5893,#5900),.PCURVE_S1.);
#5889 = LINE('',#5890,#5891);
#5890 = CARTESIAN_POINT('',(7.1,-30.42,2.7));
#5891 = VECTOR('',#5892,1.);
#5892 = DIRECTION('',(0.,0.,1.));
#5893 = PCURVE('',#760,#5894);
#5894 = DEFINITIONAL_REPRESENTATION('',(#5895),#5899);
#5895 = LINE('',#5896,#5897);
#5896 = CARTESIAN_POINT('',(0.,14.2));
#5897 = VECTOR('',#5898,1.);
#5898 = DIRECTION('',(1.,0.));
#5899 = ( GEOMETRIC_REPRESENTATION_CONTEXT(2) 
PARAMETRIC_REPRESENTATION_CONTEXT() REPRESENTATION_CONTEXT('2D SPACE',''
  ) );
#5900 = PCURVE('',#836,#5901);
#5901 = DEFINITIONAL_REPRESENTATION('',(#5902),#5906);
#5902 = LINE('',#5903,#5904);
#5903 = CARTESIAN_POINT('',(0.,0.));
#5904 = VECTOR('',#5905,1.);
#5905 = DIRECTION('',(1.,0.));
#5906 = ( GEOMETRIC_REPRESENTATION_CONTEXT(2) 
PARAMETRIC_REPRESENTATION_CONTEXT() REPRESENTATION_CONTEXT('2D SPACE',''
  ) );
#5907 = ORIENTED_EDGE('',*,*,#743,.T.);
#5908 = ORIENTED_EDGE('',*,*,#5909,.T.);
#5909 = EDGE_CURVE('',#746,#5910,#5912,.T.);
#5910 = VERTEX_POINT('',#5911);
#5911 = CARTESIAN_POINT('',(-7.1,-30.42,4.2));
#5912 = SURFACE_CURVE('',#5913,(#5917,#5924),.PCURVE_S1.);
#5913 = LINE('',#5914,#5915);
#5914 = CARTESIAN_POINT('',(-7.1,-30.42,2.7));
#5915 = VECTOR('',#5916,1.);
#5916 = DIRECTION('',(0.,0.,1.));
#5917 = PCURVE('',#760,#5918);
#5918 = DEFINITIONAL_REPRESENTATION('',(#5919),#5923);
#5919 = LINE('',#5920,#5921);
#5920 = CARTESIAN_POINT('',(0.,0.));
#5921 = VECTOR('',#5922,1.);
#5922 = DIRECTION('',(1.,0.));
#5923 = ( GEOMETRIC_REPRESENTATION_CONTEXT(2) 
PARAMETRIC_REPRESENTATION_CONTEXT() REPRESENTATION_CONTEXT('2D SPACE',''
  ) );
#5924 = PCURVE('',#786,#5925);
#5925 = DEFINITIONAL_REPRESENTATION('',(#5926),#5930);
#5926 = LINE('',#5927,#5928);
#5927 = CARTESIAN_POINT('',(0.,0.));
#5928 = VECTOR('',#5929,1.);
#5929 = DIRECTION('',(1.,0.));
#5930 = ( GEOMETRIC_REPRESENTATION_CONTEXT(2) 
PARAMETRIC_REPRESENTATION_CONTEXT() REPRESENTATION_CONTEXT('2D SPACE',''
  ) );
#5931 = ORIENTED_EDGE('',*,*,#5932,.F.);
#5932 = EDGE_CURVE('',#5886,#5910,#5933,.T.);
#5933 = SURFACE_CURVE('',#5934,(#5938,#5944),.PCURVE_S1.);
#5934 = LINE('',#5935,#5936);
#5935 = CARTESIAN_POINT('',(-26.3,-30.42,4.2));
#5936 = VECTOR('',#5937,1.);
#5937 = DIRECTION('',(-1.,0.,0.));
#5938 = PCURVE('',#760,#5939);
#5939 = DEFINITIONAL_REPRESENTATION('',(#5940),#5943);
#5940 = B_SPLINE_CURVE_WITH_KNOTS('',1,(#5941,#5942),.UNSPECIFIED.,.F.,
  .F.,(2,2),(-33.4,-19.2),.PIECEWISE_BEZIER_KNOTS.);
#5941 = CARTESIAN_POINT('',(1.5,14.2));
#5942 = CARTESIAN_POINT('',(1.5,0.));
#5943 = ( GEOMETRIC_REPRESENTATION_CONTEXT(2) 
PARAMETRIC_REPRESENTATION_CONTEXT() REPRESENTATION_CONTEXT('2D SPACE',''
  ) );
#5944 = PCURVE('',#5945,#5950);
#5945 = PLANE('',#5946);
#5946 = AXIS2_PLACEMENT_3D('',#5947,#5948,#5949);
#5947 = CARTESIAN_POINT('',(-45.5,-51.25,4.2));
#5948 = DIRECTION('',(0.,0.,1.));
#5949 = DIRECTION('',(1.,0.,0.));
#5950 = DEFINITIONAL_REPRESENTATION('',(#5951),#5954);
#5951 = B_SPLINE_CURVE_WITH_KNOTS('',1,(#5952,#5953),.UNSPECIFIED.,.F.,
  .F.,(2,2),(-33.4,-19.2),.PIECEWISE_BEZIER_KNOTS.);
#5952 = CARTESIAN_POINT('',(52.6,20.83));
#5953 = CARTESIAN_POINT('',(38.4,20.83));
#5954 = ( GEOMETRIC_REPRESENTATION_CONTEXT(2) 
PARAMETRIC_REPRESENTATION_CONTEXT() REPRESENTATION_CONTEXT('2D SPACE',''
  ) );
#5955 = ADVANCED_FACE('',(#5956),#836,.F.);
#5956 = FACE_BOUND('',#5957,.F.);
#5957 = EDGE_LOOP('',(#5958,#5959,#5960,#5983));
#5958 = ORIENTED_EDGE('',*,*,#5885,.F.);
#5959 = ORIENTED_EDGE('',*,*,#823,.T.);
#5960 = ORIENTED_EDGE('',*,*,#5961,.T.);
#5961 = EDGE_CURVE('',#798,#5962,#5964,.T.);
#5962 = VERTEX_POINT('',#5963);
#5963 = CARTESIAN_POINT('',(7.1,-16.22,4.2));
#5964 = SURFACE_CURVE('',#5965,(#5969,#5976),.PCURVE_S1.);
#5965 = LINE('',#5966,#5967);
#5966 = CARTESIAN_POINT('',(7.1,-16.22,2.7));
#5967 = VECTOR('',#5968,1.);
#5968 = DIRECTION('',(0.,0.,1.));
#5969 = PCURVE('',#836,#5970);
#5970 = DEFINITIONAL_REPRESENTATION('',(#5971),#5975);
#5971 = LINE('',#5972,#5973);
#5972 = CARTESIAN_POINT('',(0.,-14.2));
#5973 = VECTOR('',#5974,1.);
#5974 = DIRECTION('',(1.,0.));
#5975 = ( GEOMETRIC_REPRESENTATION_CONTEXT(2) 
PARAMETRIC_REPRESENTATION_CONTEXT() REPRESENTATION_CONTEXT('2D SPACE',''
  ) );
#5976 = PCURVE('',#812,#5977);
#5977 = DEFINITIONAL_REPRESENTATION('',(#5978),#5982);
#5978 = LINE('',#5979,#5980);
#5979 = CARTESIAN_POINT('',(0.,14.2));
#5980 = VECTOR('',#5981,1.);
#5981 = DIRECTION('',(1.,0.));
#5982 = ( GEOMETRIC_REPRESENTATION_CONTEXT(2) 
PARAMETRIC_REPRESENTATION_CONTEXT() REPRESENTATION_CONTEXT('2D SPACE',''
  ) );
#5983 = ORIENTED_EDGE('',*,*,#5984,.F.);
#5984 = EDGE_CURVE('',#5886,#5962,#5985,.T.);
#5985 = SURFACE_CURVE('',#5986,(#5990,#5996),.PCURVE_S1.);
#5986 = LINE('',#5987,#5988);
#5987 = CARTESIAN_POINT('',(7.1,-40.835,4.2));
#5988 = VECTOR('',#5989,1.);
#5989 = DIRECTION('',(0.,1.,0.));
#5990 = PCURVE('',#836,#5991);
#5991 = DEFINITIONAL_REPRESENTATION('',(#5992),#5995);
#5992 = B_SPLINE_CURVE_WITH_KNOTS('',1,(#5993,#5994),.UNSPECIFIED.,.F.,
  .F.,(2,2),(10.415,24.615),.PIECEWISE_BEZIER_KNOTS.);
#5993 = CARTESIAN_POINT('',(1.5,0.));
#5994 = CARTESIAN_POINT('',(1.5,-14.2));
#5995 = ( GEOMETRIC_REPRESENTATION_CONTEXT(2) 
PARAMETRIC_REPRESENTATION_CONTEXT() REPRESENTATION_CONTEXT('2D SPACE',''
  ) );
#5996 = PCURVE('',#5945,#5997);
#5997 = DEFINITIONAL_REPRESENTATION('',(#5998),#6001);
#5998 = B_SPLINE_CURVE_WITH_KNOTS('',1,(#5999,#6000),.UNSPECIFIED.,.F.,
  .F.,(2,2),(10.415,24.615),.PIECEWISE_BEZIER_KNOTS.);
#5999 = CARTESIAN_POINT('',(52.6,20.83));
#6000 = CARTESIAN_POINT('',(52.6,35.03));
#6001 = ( GEOMETRIC_REPRESENTATION_CONTEXT(2) 
PARAMETRIC_REPRESENTATION_CONTEXT() REPRESENTATION_CONTEXT('2D SPACE',''
  ) );
#6002 = ADVANCED_FACE('',(#6003),#786,.T.);
#6003 = FACE_BOUND('',#6004,.T.);
#6004 = EDGE_LOOP('',(#6005,#6006,#6007,#6030));
#6005 = ORIENTED_EDGE('',*,*,#5909,.F.);
#6006 = ORIENTED_EDGE('',*,*,#771,.T.);
#6007 = ORIENTED_EDGE('',*,*,#6008,.T.);
#6008 = EDGE_CURVE('',#772,#6009,#6011,.T.);
#6009 = VERTEX_POINT('',#6010);
#6010 = CARTESIAN_POINT('',(-7.1,-16.22,4.2));
#6011 = SURFACE_CURVE('',#6012,(#6016,#6023),.PCURVE_S1.);
#6012 = LINE('',#6013,#6014);
#6013 = CARTESIAN_POINT('',(-7.1,-16.22,2.7));
#6014 = VECTOR('',#6015,1.);
#6015 = DIRECTION('',(0.,0.,1.));
#6016 = PCURVE('',#786,#6017);
#6017 = DEFINITIONAL_REPRESENTATION('',(#6018),#6022);
#6018 = LINE('',#6019,#6020);
#6019 = CARTESIAN_POINT('',(0.,-14.2));
#6020 = VECTOR('',#6021,1.);
#6021 = DIRECTION('',(1.,0.));
#6022 = ( GEOMETRIC_REPRESENTATION_CONTEXT(2) 
PARAMETRIC_REPRESENTATION_CONTEXT() REPRESENTATION_CONTEXT('2D SPACE',''
  ) );
#6023 = PCURVE('',#812,#6024);
#6024 = DEFINITIONAL_REPRESENTATION('',(#6025),#6029);
#6025 = LINE('',#6026,#6027);
#6026 = CARTESIAN_POINT('',(0.,0.));
#6027 = VECTOR('',#6028,1.);
#6028 = DIRECTION('',(1.,0.));
#6029 = ( GEOMETRIC_REPRESENTATION_CONTEXT(2) 
PARAMETRIC_REPRESENTATION_CONTEXT() REPRESENTATION_CONTEXT('2D SPACE',''
  ) );
#6030 = ORIENTED_EDGE('',*,*,#6031,.F.);
#6031 = EDGE_CURVE('',#5910,#6009,#6032,.T.);
#6032 = SURFACE_CURVE('',#6033,(#6037,#6043),.PCURVE_S1.);
#6033 = LINE('',#6034,#6035);
#6034 = CARTESIAN_POINT('',(-7.1,-40.835,4.2));
#6035 = VECTOR('',#6036,1.);
#6036 = DIRECTION('',(0.,1.,0.));
#6037 = PCURVE('',#786,#6038);
#6038 = DEFINITIONAL_REPRESENTATION('',(#6039),#6042);
#6039 = B_SPLINE_CURVE_WITH_KNOTS('',1,(#6040,#6041),.UNSPECIFIED.,.F.,
  .F.,(2,2),(10.415,24.615),.PIECEWISE_BEZIER_KNOTS.);
#6040 = CARTESIAN_POINT('',(1.5,0.));
#6041 = CARTESIAN_POINT('',(1.5,-14.2));
#6042 = ( GEOMETRIC_REPRESENTATION_CONTEXT(2) 
PARAMETRIC_REPRESENTATION_CONTEXT() REPRESENTATION_CONTEXT('2D SPACE',''
  ) );
#6043 = PCURVE('',#5945,#6044);
#6044 = DEFINITIONAL_REPRESENTATION('',(#6045),#6048);
#6045 = B_SPLINE_CURVE_WITH_KNOTS('',1,(#6046,#6047),.UNSPECIFIED.,.F.,
  .F.,(2,2),(10.415,24.615),.PIECEWISE_BEZIER_KNOTS.);
#6046 = CARTESIAN_POINT('',(38.4,20.83));
#6047 = CARTESIAN_POINT('',(38.4,35.03));
#6048 = ( GEOMETRIC_REPRESENTATION_CONTEXT(2) 
PARAMETRIC_REPRESENTATION_CONTEXT() REPRESENTATION_CONTEXT('2D SPACE',''
  ) );
#6049 = ADVANCED_FACE('',(#6050),#812,.F.);
#6050 = FACE_BOUND('',#6051,.F.);
#6051 = EDGE_LOOP('',(#6052,#6053,#6054,#6055));
#6052 = ORIENTED_EDGE('',*,*,#5961,.F.);
#6053 = ORIENTED_EDGE('',*,*,#797,.T.);
#6054 = ORIENTED_EDGE('',*,*,#6008,.T.);
#6055 = ORIENTED_EDGE('',*,*,#6056,.F.);
#6056 = EDGE_CURVE('',#5962,#6009,#6057,.T.);
#6057 = SURFACE_CURVE('',#6058,(#6062,#6068),.PCURVE_S1.);
#6058 = LINE('',#6059,#6060);
#6059 = CARTESIAN_POINT('',(-26.3,-16.22,4.2));
#6060 = VECTOR('',#6061,1.);
#6061 = DIRECTION('',(-1.,0.,0.));
#6062 = PCURVE('',#812,#6063);
#6063 = DEFINITIONAL_REPRESENTATION('',(#6064),#6067);
#6064 = B_SPLINE_CURVE_WITH_KNOTS('',1,(#6065,#6066),.UNSPECIFIED.,.F.,
  .F.,(2,2),(-33.4,-19.2),.PIECEWISE_BEZIER_KNOTS.);
#6065 = CARTESIAN_POINT('',(1.5,14.2));
#6066 = CARTESIAN_POINT('',(1.5,0.));
#6067 = ( GEOMETRIC_REPRESENTATION_CONTEXT(2) 
PARAMETRIC_REPRESENTATION_CONTEXT() REPRESENTATION_CONTEXT('2D SPACE',''
  ) );
#6068 = PCURVE('',#5945,#6069);
#6069 = DEFINITIONAL_REPRESENTATION('',(#6070),#6073);
#6070 = B_SPLINE_CURVE_WITH_KNOTS('',1,(#6071,#6072),.UNSPECIFIED.,.F.,
  .F.,(2,2),(-33.4,-19.2),.PIECEWISE_BEZIER_KNOTS.);
#6071 = CARTESIAN_POINT('',(52.6,35.03));
#6072 = CARTESIAN_POINT('',(38.4,35.03));
#6073 = ( GEOMETRIC_REPRESENTATION_CONTEXT(2) 
PARAMETRIC_REPRESENTATION_CONTEXT() REPRESENTATION_CONTEXT('2D SPACE',''
  ) );
#6074 = ADVANCED_FACE('',(#6075),#866,.T.);
#6075 = FACE_BOUND('',#6076,.T.);
#6076 = EDGE_LOOP('',(#6077,#6100,#6101,#6124));
#6077 = ORIENTED_EDGE('',*,*,#6078,.F.);
#6078 = EDGE_CURVE('',#850,#6079,#6081,.T.);
#6079 = VERTEX_POINT('',#6080);
#6080 = CARTESIAN_POINT('',(26.15,-30.42,4.2));
#6081 = SURFACE_CURVE('',#6082,(#6086,#6093),.PCURVE_S1.);
#6082 = LINE('',#6083,#6084);
#6083 = CARTESIAN_POINT('',(26.15,-30.42,2.7));
#6084 = VECTOR('',#6085,1.);
#6085 = DIRECTION('',(0.,0.,1.));
#6086 = PCURVE('',#866,#6087);
#6087 = DEFINITIONAL_REPRESENTATION('',(#6088),#6092);
#6088 = LINE('',#6089,#6090);
#6089 = CARTESIAN_POINT('',(0.,14.2));
#6090 = VECTOR('',#6091,1.);
#6091 = DIRECTION('',(1.,0.));
#6092 = ( GEOMETRIC_REPRESENTATION_CONTEXT(2) 
PARAMETRIC_REPRESENTATION_CONTEXT() REPRESENTATION_CONTEXT('2D SPACE',''
  ) );
#6093 = PCURVE('',#942,#6094);
#6094 = DEFINITIONAL_REPRESENTATION('',(#6095),#6099);
#6095 = LINE('',#6096,#6097);
#6096 = CARTESIAN_POINT('',(0.,0.));
#6097 = VECTOR('',#6098,1.);
#6098 = DIRECTION('',(1.,0.));
#6099 = ( GEOMETRIC_REPRESENTATION_CONTEXT(2) 
PARAMETRIC_REPRESENTATION_CONTEXT() REPRESENTATION_CONTEXT('2D SPACE',''
  ) );
#6100 = ORIENTED_EDGE('',*,*,#849,.T.);
#6101 = ORIENTED_EDGE('',*,*,#6102,.T.);
#6102 = EDGE_CURVE('',#852,#6103,#6105,.T.);
#6103 = VERTEX_POINT('',#6104);
#6104 = CARTESIAN_POINT('',(11.95,-30.42,4.2));
#6105 = SURFACE_CURVE('',#6106,(#6110,#6117),.PCURVE_S1.);
#6106 = LINE('',#6107,#6108);
#6107 = CARTESIAN_POINT('',(11.95,-30.42,2.7));
#6108 = VECTOR('',#6109,1.);
#6109 = DIRECTION('',(0.,0.,1.));
#6110 = PCURVE('',#866,#6111);
#6111 = DEFINITIONAL_REPRESENTATION('',(#6112),#6116);
#6112 = LINE('',#6113,#6114);
#6113 = CARTESIAN_POINT('',(0.,0.));
#6114 = VECTOR('',#6115,1.);
#6115 = DIRECTION('',(1.,0.));
#6116 = ( GEOMETRIC_REPRESENTATION_CONTEXT(2) 
PARAMETRIC_REPRESENTATION_CONTEXT() REPRESENTATION_CONTEXT('2D SPACE',''
  ) );
#6117 = PCURVE('',#892,#6118);
#6118 = DEFINITIONAL_REPRESENTATION('',(#6119),#6123);
#6119 = LINE('',#6120,#6121);
#6120 = CARTESIAN_POINT('',(0.,0.));
#6121 = VECTOR('',#6122,1.);
#6122 = DIRECTION('',(1.,0.));
#6123 = ( GEOMETRIC_REPRESENTATION_CONTEXT(2) 
PARAMETRIC_REPRESENTATION_CONTEXT() REPRESENTATION_CONTEXT('2D SPACE',''
  ) );
#6124 = ORIENTED_EDGE('',*,*,#6125,.F.);
#6125 = EDGE_CURVE('',#6079,#6103,#6126,.T.);
#6126 = SURFACE_CURVE('',#6127,(#6131,#6137),.PCURVE_S1.);
#6127 = LINE('',#6128,#6129);
#6128 = CARTESIAN_POINT('',(-16.775,-30.42,4.2));
#6129 = VECTOR('',#6130,1.);
#6130 = DIRECTION('',(-1.,0.,0.));
#6131 = PCURVE('',#866,#6132);
#6132 = DEFINITIONAL_REPRESENTATION('',(#6133),#6136);
#6133 = B_SPLINE_CURVE_WITH_KNOTS('',1,(#6134,#6135),.UNSPECIFIED.,.F.,
  .F.,(2,2),(-42.925,-28.725),.PIECEWISE_BEZIER_KNOTS.);
#6134 = CARTESIAN_POINT('',(1.5,14.2));
#6135 = CARTESIAN_POINT('',(1.5,0.));
#6136 = ( GEOMETRIC_REPRESENTATION_CONTEXT(2) 
PARAMETRIC_REPRESENTATION_CONTEXT() REPRESENTATION_CONTEXT('2D SPACE',''
  ) );
#6137 = PCURVE('',#6138,#6143);
#6138 = PLANE('',#6139);
#6139 = AXIS2_PLACEMENT_3D('',#6140,#6141,#6142);
#6140 = CARTESIAN_POINT('',(-45.5,-51.25,4.2));
#6141 = DIRECTION('',(0.,0.,1.));
#6142 = DIRECTION('',(1.,0.,0.));
#6143 = DEFINITIONAL_REPRESENTATION('',(#6144),#6147);
#6144 = B_SPLINE_CURVE_WITH_KNOTS('',1,(#6145,#6146),.UNSPECIFIED.,.F.,
  .F.,(2,2),(-42.925,-28.725),.PIECEWISE_BEZIER_KNOTS.);
#6145 = CARTESIAN_POINT('',(71.65,20.83));
#6146 = CARTESIAN_POINT('',(57.45,20.83));
#6147 = ( GEOMETRIC_REPRESENTATION_CONTEXT(2) 
PARAMETRIC_REPRESENTATION_CONTEXT() REPRESENTATION_CONTEXT('2D SPACE',''
  ) );
#6148 = ADVANCED_FACE('',(#6149),#942,.F.);
#6149 = FACE_BOUND('',#6150,.F.);
#6150 = EDGE_LOOP('',(#6151,#6152,#6153,#6176));
#6151 = ORIENTED_EDGE('',*,*,#6078,.F.);
#6152 = ORIENTED_EDGE('',*,*,#929,.T.);
#6153 = ORIENTED_EDGE('',*,*,#6154,.T.);
#6154 = EDGE_CURVE('',#904,#6155,#6157,.T.);
#6155 = VERTEX_POINT('',#6156);
#6156 = CARTESIAN_POINT('',(26.15,-16.22,4.2));
#6157 = SURFACE_CURVE('',#6158,(#6162,#6169),.PCURVE_S1.);
#6158 = LINE('',#6159,#6160);
#6159 = CARTESIAN_POINT('',(26.15,-16.22,2.7));
#6160 = VECTOR('',#6161,1.);
#6161 = DIRECTION('',(0.,0.,1.));
#6162 = PCURVE('',#942,#6163);
#6163 = DEFINITIONAL_REPRESENTATION('',(#6164),#6168);
#6164 = LINE('',#6165,#6166);
#6165 = CARTESIAN_POINT('',(0.,-14.2));
#6166 = VECTOR('',#6167,1.);
#6167 = DIRECTION('',(1.,0.));
#6168 = ( GEOMETRIC_REPRESENTATION_CONTEXT(2) 
PARAMETRIC_REPRESENTATION_CONTEXT() REPRESENTATION_CONTEXT('2D SPACE',''
  ) );
#6169 = PCURVE('',#918,#6170);
#6170 = DEFINITIONAL_REPRESENTATION('',(#6171),#6175);
#6171 = LINE('',#6172,#6173);
#6172 = CARTESIAN_POINT('',(0.,14.2));
#6173 = VECTOR('',#6174,1.);
#6174 = DIRECTION('',(1.,0.));
#6175 = ( GEOMETRIC_REPRESENTATION_CONTEXT(2) 
PARAMETRIC_REPRESENTATION_CONTEXT() REPRESENTATION_CONTEXT('2D SPACE',''
  ) );
#6176 = ORIENTED_EDGE('',*,*,#6177,.F.);
#6177 = EDGE_CURVE('',#6079,#6155,#6178,.T.);
#6178 = SURFACE_CURVE('',#6179,(#6183,#6189),.PCURVE_S1.);
#6179 = LINE('',#6180,#6181);
#6180 = CARTESIAN_POINT('',(26.15,-40.835,4.2));
#6181 = VECTOR('',#6182,1.);
#6182 = DIRECTION('',(0.,1.,0.));
#6183 = PCURVE('',#942,#6184);
#6184 = DEFINITIONAL_REPRESENTATION('',(#6185),#6188);
#6185 = B_SPLINE_CURVE_WITH_KNOTS('',1,(#6186,#6187),.UNSPECIFIED.,.F.,
  .F.,(2,2),(10.415,24.615),.PIECEWISE_BEZIER_KNOTS.);
#6186 = CARTESIAN_POINT('',(1.5,0.));
#6187 = CARTESIAN_POINT('',(1.5,-14.2));
#6188 = ( GEOMETRIC_REPRESENTATION_CONTEXT(2) 
PARAMETRIC_REPRESENTATION_CONTEXT() REPRESENTATION_CONTEXT('2D SPACE',''
  ) );
#6189 = PCURVE('',#6138,#6190);
#6190 = DEFINITIONAL_REPRESENTATION('',(#6191),#6194);
#6191 = B_SPLINE_CURVE_WITH_KNOTS('',1,(#6192,#6193),.UNSPECIFIED.,.F.,
  .F.,(2,2),(10.415,24.615),.PIECEWISE_BEZIER_KNOTS.);
#6192 = CARTESIAN_POINT('',(71.65,20.83));
#6193 = CARTESIAN_POINT('',(71.65,35.03));
#6194 = ( GEOMETRIC_REPRESENTATION_CONTEXT(2) 
PARAMETRIC_REPRESENTATION_CONTEXT() REPRESENTATION_CONTEXT('2D SPACE',''
  ) );
#6195 = ADVANCED_FACE('',(#6196),#892,.T.);
#6196 = FACE_BOUND('',#6197,.T.);
#6197 = EDGE_LOOP('',(#6198,#6199,#6200,#6223));
#6198 = ORIENTED_EDGE('',*,*,#6102,.F.);
#6199 = ORIENTED_EDGE('',*,*,#877,.T.);
#6200 = ORIENTED_EDGE('',*,*,#6201,.T.);
#6201 = EDGE_CURVE('',#878,#6202,#6204,.T.);
#6202 = VERTEX_POINT('',#6203);
#6203 = CARTESIAN_POINT('',(11.95,-16.22,4.2));
#6204 = SURFACE_CURVE('',#6205,(#6209,#6216),.PCURVE_S1.);
#6205 = LINE('',#6206,#6207);
#6206 = CARTESIAN_POINT('',(11.95,-16.22,2.7));
#6207 = VECTOR('',#6208,1.);
#6208 = DIRECTION('',(0.,0.,1.));
#6209 = PCURVE('',#892,#6210);
#6210 = DEFINITIONAL_REPRESENTATION('',(#6211),#6215);
#6211 = LINE('',#6212,#6213);
#6212 = CARTESIAN_POINT('',(0.,-14.2));
#6213 = VECTOR('',#6214,1.);
#6214 = DIRECTION('',(1.,0.));
#6215 = ( GEOMETRIC_REPRESENTATION_CONTEXT(2) 
PARAMETRIC_REPRESENTATION_CONTEXT() REPRESENTATION_CONTEXT('2D SPACE',''
  ) );
#6216 = PCURVE('',#918,#6217);
#6217 = DEFINITIONAL_REPRESENTATION('',(#6218),#6222);
#6218 = LINE('',#6219,#6220);
#6219 = CARTESIAN_POINT('',(0.,0.));
#6220 = VECTOR('',#6221,1.);
#6221 = DIRECTION('',(1.,0.));
#6222 = ( GEOMETRIC_REPRESENTATION_CONTEXT(2) 
PARAMETRIC_REPRESENTATION_CONTEXT() REPRESENTATION_CONTEXT('2D SPACE',''
  ) );
#6223 = ORIENTED_EDGE('',*,*,#6224,.F.);
#6224 = EDGE_CURVE('',#6103,#6202,#6225,.T.);
#6225 = SURFACE_CURVE('',#6226,(#6230,#6236),.PCURVE_S1.);
#6226 = LINE('',#6227,#6228);
#6227 = CARTESIAN_POINT('',(11.95,-40.835,4.2));
#6228 = VECTOR('',#6229,1.);
#6229 = DIRECTION('',(0.,1.,0.));
#6230 = PCURVE('',#892,#6231);
#6231 = DEFINITIONAL_REPRESENTATION('',(#6232),#6235);
#6232 = B_SPLINE_CURVE_WITH_KNOTS('',1,(#6233,#6234),.UNSPECIFIED.,.F.,
  .F.,(2,2),(10.415,24.615),.PIECEWISE_BEZIER_KNOTS.);
#6233 = CARTESIAN_POINT('',(1.5,0.));
#6234 = CARTESIAN_POINT('',(1.5,-14.2));
#6235 = ( GEOMETRIC_REPRESENTATION_CONTEXT(2) 
PARAMETRIC_REPRESENTATION_CONTEXT() REPRESENTATION_CONTEXT('2D SPACE',''
  ) );
#6236 = PCURVE('',#6138,#6237);
#6237 = DEFINITIONAL_REPRESENTATION('',(#6238),#6241);
#6238 = B_SPLINE_CURVE_WITH_KNOTS('',1,(#6239,#6240),.UNSPECIFIED.,.F.,
  .F.,(2,2),(10.415,24.615),.PIECEWISE_BEZIER_KNOTS.);
#6239 = CARTESIAN_POINT('',(57.45,20.83));
#6240 = CARTESIAN_POINT('',(57.45,35.03));
#6241 = ( GEOMETRIC_REPRESENTATION_CONTEXT(2) 
PARAMETRIC_REPRESENTATION_CONTEXT() REPRESENTATION_CONTEXT('2D SPACE',''
  ) );
#6242 = ADVANCED_FACE('',(#6243),#918,.F.);
#6243 = FACE_BOUND('',#6244,.F.);
#6244 = EDGE_LOOP('',(#6245,#6246,#6247,#6248));
#6245 = ORIENTED_EDGE('',*,*,#6154,.F.);
#6246 = ORIENTED_EDGE('',*,*,#903,.T.);
#6247 = ORIENTED_EDGE('',*,*,#6201,.T.);
#6248 = ORIENTED_EDGE('',*,*,#6249,.F.);
#6249 = EDGE_CURVE('',#6155,#6202,#6250,.T.);
#6250 = SURFACE_CURVE('',#6251,(#6255,#6261),.PCURVE_S1.);
#6251 = LINE('',#6252,#6253);
#6252 = CARTESIAN_POINT('',(-16.775,-16.22,4.2));
#6253 = VECTOR('',#6254,1.);
#6254 = DIRECTION('',(-1.,0.,0.));
#6255 = PCURVE('',#918,#6256);
#6256 = DEFINITIONAL_REPRESENTATION('',(#6257),#6260);
#6257 = B_SPLINE_CURVE_WITH_KNOTS('',1,(#6258,#6259),.UNSPECIFIED.,.F.,
  .F.,(2,2),(-42.925,-28.725),.PIECEWISE_BEZIER_KNOTS.);
#6258 = CARTESIAN_POINT('',(1.5,14.2));
#6259 = CARTESIAN_POINT('',(1.5,0.));
#6260 = ( GEOMETRIC_REPRESENTATION_CONTEXT(2) 
PARAMETRIC_REPRESENTATION_CONTEXT() REPRESENTATION_CONTEXT('2D SPACE',''
  ) );
#6261 = PCURVE('',#6138,#6262);
#6262 = DEFINITIONAL_REPRESENTATION('',(#6263),#6266);
#6263 = B_SPLINE_CURVE_WITH_KNOTS('',1,(#6264,#6265),.UNSPECIFIED.,.F.,
  .F.,(2,2),(-42.925,-28.725),.PIECEWISE_BEZIER_KNOTS.);
#6264 = CARTESIAN_POINT('',(71.65,35.03));
#6265 = CARTESIAN_POINT('',(57.45,35.03));
#6266 = ( GEOMETRIC_REPRESENTATION_CONTEXT(2) 
PARAMETRIC_REPRESENTATION_CONTEXT() REPRESENTATION_CONTEXT('2D SPACE',''
  ) );
#6267 = ADVANCED_FACE('',(#6268),#976,.F.);
#6268 = FACE_BOUND('',#6269,.T.);
#6269 = EDGE_LOOP('',(#6270,#6293,#6294,#6295));
#6270 = ORIENTED_EDGE('',*,*,#6271,.F.);
#6271 = EDGE_CURVE('',#956,#6272,#6274,.T.);
#6272 = VERTEX_POINT('',#6273);
#6273 = CARTESIAN_POINT('',(37.675,-41.16,4.6));
#6274 = SEAM_CURVE('',#6275,(#6279,#6286),.PCURVE_S1.);
#6275 = LINE('',#6276,#6277);
#6276 = CARTESIAN_POINT('',(37.675,-41.16,2.4));
#6277 = VECTOR('',#6278,1.);
#6278 = DIRECTION('',(0.,0.,1.));
#6279 = PCURVE('',#976,#6280);
#6280 = DEFINITIONAL_REPRESENTATION('',(#6281),#6285);
#6281 = LINE('',#6282,#6283);
#6282 = CARTESIAN_POINT('',(-6.28318530718,0.));
#6283 = VECTOR('',#6284,1.);
#6284 = DIRECTION('',(-0.,-1.));
#6285 = ( GEOMETRIC_REPRESENTATION_CONTEXT(2) 
PARAMETRIC_REPRESENTATION_CONTEXT() REPRESENTATION_CONTEXT('2D SPACE',''
  ) );
#6286 = PCURVE('',#976,#6287);
#6287 = DEFINITIONAL_REPRESENTATION('',(#6288),#6292);
#6288 = LINE('',#6289,#6290);
#6289 = CARTESIAN_POINT('',(-0.,0.));
#6290 = VECTOR('',#6291,1.);
#6291 = DIRECTION('',(-0.,-1.));
#6292 = ( GEOMETRIC_REPRESENTATION_CONTEXT(2) 
PARAMETRIC_REPRESENTATION_CONTEXT() REPRESENTATION_CONTEXT('2D SPACE',''
  ) );
#6293 = ORIENTED_EDGE('',*,*,#955,.T.);
#6294 = ORIENTED_EDGE('',*,*,#6271,.T.);
#6295 = ORIENTED_EDGE('',*,*,#6296,.F.);
#6296 = EDGE_CURVE('',#6272,#6272,#6297,.T.);
#6297 = SURFACE_CURVE('',#6298,(#6303,#6310),.PCURVE_S1.);
#6298 = CIRCLE('',#6299,1.7);
#6299 = AXIS2_PLACEMENT_3D('',#6300,#6301,#6302);
#6300 = CARTESIAN_POINT('',(35.975,-41.16,4.6));
#6301 = DIRECTION('',(0.,0.,-1.));
#6302 = DIRECTION('',(1.,0.,0.));
#6303 = PCURVE('',#976,#6304);
#6304 = DEFINITIONAL_REPRESENTATION('',(#6305),#6309);
#6305 = LINE('',#6306,#6307);
#6306 = CARTESIAN_POINT('',(-6.28318530718,-2.2));
#6307 = VECTOR('',#6308,1.);
#6308 = DIRECTION('',(1.,-0.));
#6309 = ( GEOMETRIC_REPRESENTATION_CONTEXT(2) 
PARAMETRIC_REPRESENTATION_CONTEXT() REPRESENTATION_CONTEXT('2D SPACE',''
  ) );
#6310 = PCURVE('',#6311,#6316);
#6311 = PLANE('',#6312);
#6312 = AXIS2_PLACEMENT_3D('',#6313,#6314,#6315);
#6313 = CARTESIAN_POINT('',(35.975,-41.16,4.6));
#6314 = DIRECTION('',(0.,0.,1.));
#6315 = DIRECTION('',(1.,0.,-0.));
#6316 = DEFINITIONAL_REPRESENTATION('',(#6317),#6325);
#6317 = ( BOUNDED_CURVE() B_SPLINE_CURVE(2,(#6318,#6319,#6320,#6321,
#6322,#6323,#6324),.UNSPECIFIED.,.T.,.F.) B_SPLINE_CURVE_WITH_KNOTS((1,2
    ,2,2,2,1),(-2.094395102393,0.,2.094395102393,4.188790204786,
6.28318530718,8.377580409573),.UNSPECIFIED.) CURVE() 
GEOMETRIC_REPRESENTATION_ITEM() RATIONAL_B_SPLINE_CURVE((1.,0.5,1.,0.5,
1.,0.5,1.)) REPRESENTATION_ITEM('') );
#6318 = CARTESIAN_POINT('',(1.7,0.));
#6319 = CARTESIAN_POINT('',(1.7,-2.944486372867));
#6320 = CARTESIAN_POINT('',(-0.85,-1.472243186434));
#6321 = CARTESIAN_POINT('',(-3.4,-4.163799117101E-16));
#6322 = CARTESIAN_POINT('',(-0.85,1.472243186434));
#6323 = CARTESIAN_POINT('',(1.7,2.944486372867));
#6324 = CARTESIAN_POINT('',(1.7,0.));
#6325 = ( GEOMETRIC_REPRESENTATION_CONTEXT(2) 
PARAMETRIC_REPRESENTATION_CONTEXT() REPRESENTATION_CONTEXT('2D SPACE',''
  ) );
#6326 = ADVANCED_FACE('',(#6327),#1007,.T.);
#6327 = FACE_BOUND('',#6328,.T.);
#6328 = EDGE_LOOP('',(#6329,#6352,#6353,#6376));
#6329 = ORIENTED_EDGE('',*,*,#6330,.F.);
#6330 = EDGE_CURVE('',#991,#6331,#6333,.T.);
#6331 = VERTEX_POINT('',#6332);
#6332 = CARTESIAN_POINT('',(7.1,-11.37,4.2));
#6333 = SURFACE_CURVE('',#6334,(#6338,#6345),.PCURVE_S1.);
#6334 = LINE('',#6335,#6336);
#6335 = CARTESIAN_POINT('',(7.1,-11.37,2.7));
#6336 = VECTOR('',#6337,1.);
#6337 = DIRECTION('',(0.,0.,1.));
#6338 = PCURVE('',#1007,#6339);
#6339 = DEFINITIONAL_REPRESENTATION('',(#6340),#6344);
#6340 = LINE('',#6341,#6342);
#6341 = CARTESIAN_POINT('',(0.,14.2));
#6342 = VECTOR('',#6343,1.);
#6343 = DIRECTION('',(1.,0.));
#6344 = ( GEOMETRIC_REPRESENTATION_CONTEXT(2) 
PARAMETRIC_REPRESENTATION_CONTEXT() REPRESENTATION_CONTEXT('2D SPACE',''
  ) );
#6345 = PCURVE('',#1083,#6346);
#6346 = DEFINITIONAL_REPRESENTATION('',(#6347),#6351);
#6347 = LINE('',#6348,#6349);
#6348 = CARTESIAN_POINT('',(0.,0.));
#6349 = VECTOR('',#6350,1.);
#6350 = DIRECTION('',(1.,0.));
#6351 = ( GEOMETRIC_REPRESENTATION_CONTEXT(2) 
PARAMETRIC_REPRESENTATION_CONTEXT() REPRESENTATION_CONTEXT('2D SPACE',''
  ) );
#6352 = ORIENTED_EDGE('',*,*,#990,.T.);
#6353 = ORIENTED_EDGE('',*,*,#6354,.T.);
#6354 = EDGE_CURVE('',#993,#6355,#6357,.T.);
#6355 = VERTEX_POINT('',#6356);
#6356 = CARTESIAN_POINT('',(-7.1,-11.37,4.2));
#6357 = SURFACE_CURVE('',#6358,(#6362,#6369),.PCURVE_S1.);
#6358 = LINE('',#6359,#6360);
#6359 = CARTESIAN_POINT('',(-7.1,-11.37,2.7));
#6360 = VECTOR('',#6361,1.);
#6361 = DIRECTION('',(0.,0.,1.));
#6362 = PCURVE('',#1007,#6363);
#6363 = DEFINITIONAL_REPRESENTATION('',(#6364),#6368);
#6364 = LINE('',#6365,#6366);
#6365 = CARTESIAN_POINT('',(0.,0.));
#6366 = VECTOR('',#6367,1.);
#6367 = DIRECTION('',(1.,0.));
#6368 = ( GEOMETRIC_REPRESENTATION_CONTEXT(2) 
PARAMETRIC_REPRESENTATION_CONTEXT() REPRESENTATION_CONTEXT('2D SPACE',''
  ) );
#6369 = PCURVE('',#1033,#6370);
#6370 = DEFINITIONAL_REPRESENTATION('',(#6371),#6375);
#6371 = LINE('',#6372,#6373);
#6372 = CARTESIAN_POINT('',(0.,0.));
#6373 = VECTOR('',#6374,1.);
#6374 = DIRECTION('',(1.,0.));
#6375 = ( GEOMETRIC_REPRESENTATION_CONTEXT(2) 
PARAMETRIC_REPRESENTATION_CONTEXT() REPRESENTATION_CONTEXT('2D SPACE',''
  ) );
#6376 = ORIENTED_EDGE('',*,*,#6377,.F.);
#6377 = EDGE_CURVE('',#6331,#6355,#6378,.T.);
#6378 = SURFACE_CURVE('',#6379,(#6383,#6389),.PCURVE_S1.);
#6379 = LINE('',#6380,#6381);
#6380 = CARTESIAN_POINT('',(-26.3,-11.37,4.2));
#6381 = VECTOR('',#6382,1.);
#6382 = DIRECTION('',(-1.,0.,0.));
#6383 = PCURVE('',#1007,#6384);
#6384 = DEFINITIONAL_REPRESENTATION('',(#6385),#6388);
#6385 = B_SPLINE_CURVE_WITH_KNOTS('',1,(#6386,#6387),.UNSPECIFIED.,.F.,
  .F.,(2,2),(-33.4,-19.2),.PIECEWISE_BEZIER_KNOTS.);
#6386 = CARTESIAN_POINT('',(1.5,14.2));
#6387 = CARTESIAN_POINT('',(1.5,0.));
#6388 = ( GEOMETRIC_REPRESENTATION_CONTEXT(2) 
PARAMETRIC_REPRESENTATION_CONTEXT() REPRESENTATION_CONTEXT('2D SPACE',''
  ) );
#6389 = PCURVE('',#6390,#6395);
#6390 = PLANE('',#6391);
#6391 = AXIS2_PLACEMENT_3D('',#6392,#6393,#6394);
#6392 = CARTESIAN_POINT('',(-45.5,-51.25,4.2));
#6393 = DIRECTION('',(0.,0.,1.));
#6394 = DIRECTION('',(1.,0.,0.));
#6395 = DEFINITIONAL_REPRESENTATION('',(#6396),#6399);
#6396 = B_SPLINE_CURVE_WITH_KNOTS('',1,(#6397,#6398),.UNSPECIFIED.,.F.,
  .F.,(2,2),(-33.4,-19.2),.PIECEWISE_BEZIER_KNOTS.);
#6397 = CARTESIAN_POINT('',(52.6,39.88));
#6398 = CARTESIAN_POINT('',(38.4,39.88));
#6399 = ( GEOMETRIC_REPRESENTATION_CONTEXT(2) 
PARAMETRIC_REPRESENTATION_CONTEXT() REPRESENTATION_CONTEXT('2D SPACE',''
  ) );
#6400 = ADVANCED_FACE('',(#6401),#1083,.F.);
#6401 = FACE_BOUND('',#6402,.F.);
#6402 = EDGE_LOOP('',(#6403,#6404,#6405,#6428));
#6403 = ORIENTED_EDGE('',*,*,#6330,.F.);
#6404 = ORIENTED_EDGE('',*,*,#1070,.T.);
#6405 = ORIENTED_EDGE('',*,*,#6406,.T.);
#6406 = EDGE_CURVE('',#1045,#6407,#6409,.T.);
#6407 = VERTEX_POINT('',#6408);
#6408 = CARTESIAN_POINT('',(7.1,2.83,4.2));
#6409 = SURFACE_CURVE('',#6410,(#6414,#6421),.PCURVE_S1.);
#6410 = LINE('',#6411,#6412);
#6411 = CARTESIAN_POINT('',(7.1,2.83,2.7));
#6412 = VECTOR('',#6413,1.);
#6413 = DIRECTION('',(0.,0.,1.));
#6414 = PCURVE('',#1083,#6415);
#6415 = DEFINITIONAL_REPRESENTATION('',(#6416),#6420);
#6416 = LINE('',#6417,#6418);
#6417 = CARTESIAN_POINT('',(0.,-14.2));
#6418 = VECTOR('',#6419,1.);
#6419 = DIRECTION('',(1.,0.));
#6420 = ( GEOMETRIC_REPRESENTATION_CONTEXT(2) 
PARAMETRIC_REPRESENTATION_CONTEXT() REPRESENTATION_CONTEXT('2D SPACE',''
  ) );
#6421 = PCURVE('',#1059,#6422);
#6422 = DEFINITIONAL_REPRESENTATION('',(#6423),#6427);
#6423 = LINE('',#6424,#6425);
#6424 = CARTESIAN_POINT('',(0.,14.2));
#6425 = VECTOR('',#6426,1.);
#6426 = DIRECTION('',(1.,0.));
#6427 = ( GEOMETRIC_REPRESENTATION_CONTEXT(2) 
PARAMETRIC_REPRESENTATION_CONTEXT() REPRESENTATION_CONTEXT('2D SPACE',''
  ) );
#6428 = ORIENTED_EDGE('',*,*,#6429,.F.);
#6429 = EDGE_CURVE('',#6331,#6407,#6430,.T.);
#6430 = SURFACE_CURVE('',#6431,(#6435,#6441),.PCURVE_S1.);
#6431 = LINE('',#6432,#6433);
#6432 = CARTESIAN_POINT('',(7.1,-31.31,4.2));
#6433 = VECTOR('',#6434,1.);
#6434 = DIRECTION('',(0.,1.,0.));
#6435 = PCURVE('',#1083,#6436);
#6436 = DEFINITIONAL_REPRESENTATION('',(#6437),#6440);
#6437 = B_SPLINE_CURVE_WITH_KNOTS('',1,(#6438,#6439),.UNSPECIFIED.,.F.,
  .F.,(2,2),(19.94,34.14),.PIECEWISE_BEZIER_KNOTS.);
#6438 = CARTESIAN_POINT('',(1.5,0.));
#6439 = CARTESIAN_POINT('',(1.5,-14.2));
#6440 = ( GEOMETRIC_REPRESENTATION_CONTEXT(2) 
PARAMETRIC_REPRESENTATION_CONTEXT() REPRESENTATION_CONTEXT('2D SPACE',''
  ) );
#6441 = PCURVE('',#6390,#6442);
#6442 = DEFINITIONAL_REPRESENTATION('',(#6443),#6446);
#6443 = B_SPLINE_CURVE_WITH_KNOTS('',1,(#6444,#6445),.UNSPECIFIED.,.F.,
  .F.,(2,2),(19.94,34.14),.PIECEWISE_BEZIER_KNOTS.);
#6444 = CARTESIAN_POINT('',(52.6,39.88));
#6445 = CARTESIAN_POINT('',(52.6,54.08));
#6446 = ( GEOMETRIC_REPRESENTATION_CONTEXT(2) 
PARAMETRIC_REPRESENTATION_CONTEXT() REPRESENTATION_CONTEXT('2D SPACE',''
  ) );
#6447 = ADVANCED_FACE('',(#6448),#1033,.T.);
#6448 = FACE_BOUND('',#6449,.T.);
#6449 = EDGE_LOOP('',(#6450,#6451,#6452,#6475));
#6450 = ORIENTED_EDGE('',*,*,#6354,.F.);
#6451 = ORIENTED_EDGE('',*,*,#1018,.T.);
#6452 = ORIENTED_EDGE('',*,*,#6453,.T.);
#6453 = EDGE_CURVE('',#1019,#6454,#6456,.T.);
#6454 = VERTEX_POINT('',#6455);
#6455 = CARTESIAN_POINT('',(-7.1,2.83,4.2));
#6456 = SURFACE_CURVE('',#6457,(#6461,#6468),.PCURVE_S1.);
#6457 = LINE('',#6458,#6459);
#6458 = CARTESIAN_POINT('',(-7.1,2.83,2.7));
#6459 = VECTOR('',#6460,1.);
#6460 = DIRECTION('',(0.,0.,1.));
#6461 = PCURVE('',#1033,#6462);
#6462 = DEFINITIONAL_REPRESENTATION('',(#6463),#6467);
#6463 = LINE('',#6464,#6465);
#6464 = CARTESIAN_POINT('',(0.,-14.2));
#6465 = VECTOR('',#6466,1.);
#6466 = DIRECTION('',(1.,0.));
#6467 = ( GEOMETRIC_REPRESENTATION_CONTEXT(2) 
PARAMETRIC_REPRESENTATION_CONTEXT() REPRESENTATION_CONTEXT('2D SPACE',''
  ) );
#6468 = PCURVE('',#1059,#6469);
#6469 = DEFINITIONAL_REPRESENTATION('',(#6470),#6474);
#6470 = LINE('',#6471,#6472);
#6471 = CARTESIAN_POINT('',(0.,0.));
#6472 = VECTOR('',#6473,1.);
#6473 = DIRECTION('',(1.,0.));
#6474 = ( GEOMETRIC_REPRESENTATION_CONTEXT(2) 
PARAMETRIC_REPRESENTATION_CONTEXT() REPRESENTATION_CONTEXT('2D SPACE',''
  ) );
#6475 = ORIENTED_EDGE('',*,*,#6476,.F.);
#6476 = EDGE_CURVE('',#6355,#6454,#6477,.T.);
#6477 = SURFACE_CURVE('',#6478,(#6482,#6488),.PCURVE_S1.);
#6478 = LINE('',#6479,#6480);
#6479 = CARTESIAN_POINT('',(-7.1,-31.31,4.2));
#6480 = VECTOR('',#6481,1.);
#6481 = DIRECTION('',(0.,1.,0.));
#6482 = PCURVE('',#1033,#6483);
#6483 = DEFINITIONAL_REPRESENTATION('',(#6484),#6487);
#6484 = B_SPLINE_CURVE_WITH_KNOTS('',1,(#6485,#6486),.UNSPECIFIED.,.F.,
  .F.,(2,2),(19.94,34.14),.PIECEWISE_BEZIER_KNOTS.);
#6485 = CARTESIAN_POINT('',(1.5,0.));
#6486 = CARTESIAN_POINT('',(1.5,-14.2));
#6487 = ( GEOMETRIC_REPRESENTATION_CONTEXT(2) 
PARAMETRIC_REPRESENTATION_CONTEXT() REPRESENTATION_CONTEXT('2D SPACE',''
  ) );
#6488 = PCURVE('',#6390,#6489);
#6489 = DEFINITIONAL_REPRESENTATION('',(#6490),#6493);
#6490 = B_SPLINE_CURVE_WITH_KNOTS('',1,(#6491,#6492),.UNSPECIFIED.,.F.,
  .F.,(2,2),(19.94,34.14),.PIECEWISE_BEZIER_KNOTS.);
#6491 = CARTESIAN_POINT('',(38.4,39.88));
#6492 = CARTESIAN_POINT('',(38.4,54.08));
#6493 = ( GEOMETRIC_REPRESENTATION_CONTEXT(2) 
PARAMETRIC_REPRESENTATION_CONTEXT() REPRESENTATION_CONTEXT('2D SPACE',''
  ) );
#6494 = ADVANCED_FACE('',(#6495),#1059,.F.);
#6495 = FACE_BOUND('',#6496,.F.);
#6496 = EDGE_LOOP('',(#6497,#6498,#6499,#6500));
#6497 = ORIENTED_EDGE('',*,*,#6406,.F.);
#6498 = ORIENTED_EDGE('',*,*,#1044,.T.);
#6499 = ORIENTED_EDGE('',*,*,#6453,.T.);
#6500 = ORIENTED_EDGE('',*,*,#6501,.F.);
#6501 = EDGE_CURVE('',#6407,#6454,#6502,.T.);
#6502 = SURFACE_CURVE('',#6503,(#6507,#6513),.PCURVE_S1.);
#6503 = LINE('',#6504,#6505);
#6504 = CARTESIAN_POINT('',(-26.3,2.83,4.2));
#6505 = VECTOR('',#6506,1.);
#6506 = DIRECTION('',(-1.,0.,0.));
#6507 = PCURVE('',#1059,#6508);
#6508 = DEFINITIONAL_REPRESENTATION('',(#6509),#6512);
#6509 = B_SPLINE_CURVE_WITH_KNOTS('',1,(#6510,#6511),.UNSPECIFIED.,.F.,
  .F.,(2,2),(-33.4,-19.2),.PIECEWISE_BEZIER_KNOTS.);
#6510 = CARTESIAN_POINT('',(1.5,14.2));
#6511 = CARTESIAN_POINT('',(1.5,0.));
#6512 = ( GEOMETRIC_REPRESENTATION_CONTEXT(2) 
PARAMETRIC_REPRESENTATION_CONTEXT() REPRESENTATION_CONTEXT('2D SPACE',''
  ) );
#6513 = PCURVE('',#6390,#6514);
#6514 = DEFINITIONAL_REPRESENTATION('',(#6515),#6518);
#6515 = B_SPLINE_CURVE_WITH_KNOTS('',1,(#6516,#6517),.UNSPECIFIED.,.F.,
  .F.,(2,2),(-33.4,-19.2),.PIECEWISE_BEZIER_KNOTS.);
#6516 = CARTESIAN_POINT('',(52.6,54.08));
#6517 = CARTESIAN_POINT('',(38.4,54.08));
#6518 = ( GEOMETRIC_REPRESENTATION_CONTEXT(2) 
PARAMETRIC_REPRESENTATION_CONTEXT() REPRESENTATION_CONTEXT('2D SPACE',''
  ) );
#6519 = ADVANCED_FACE('',(#6520),#1113,.T.);
#6520 = FACE_BOUND('',#6521,.T.);
#6521 = EDGE_LOOP('',(#6522,#6545,#6546,#6569));
#6522 = ORIENTED_EDGE('',*,*,#6523,.F.);
#6523 = EDGE_CURVE('',#1097,#6524,#6526,.T.);
#6524 = VERTEX_POINT('',#6525);
#6525 = CARTESIAN_POINT('',(26.15,-11.37,4.2));
#6526 = SURFACE_CURVE('',#6527,(#6531,#6538),.PCURVE_S1.);
#6527 = LINE('',#6528,#6529);
#6528 = CARTESIAN_POINT('',(26.15,-11.37,2.7));
#6529 = VECTOR('',#6530,1.);
#6530 = DIRECTION('',(0.,0.,1.));
#6531 = PCURVE('',#1113,#6532);
#6532 = DEFINITIONAL_REPRESENTATION('',(#6533),#6537);
#6533 = LINE('',#6534,#6535);
#6534 = CARTESIAN_POINT('',(0.,14.2));
#6535 = VECTOR('',#6536,1.);
#6536 = DIRECTION('',(1.,0.));
#6537 = ( GEOMETRIC_REPRESENTATION_CONTEXT(2) 
PARAMETRIC_REPRESENTATION_CONTEXT() REPRESENTATION_CONTEXT('2D SPACE',''
  ) );
#6538 = PCURVE('',#1189,#6539);
#6539 = DEFINITIONAL_REPRESENTATION('',(#6540),#6544);
#6540 = LINE('',#6541,#6542);
#6541 = CARTESIAN_POINT('',(0.,0.));
#6542 = VECTOR('',#6543,1.);
#6543 = DIRECTION('',(1.,0.));
#6544 = ( GEOMETRIC_REPRESENTATION_CONTEXT(2) 
PARAMETRIC_REPRESENTATION_CONTEXT() REPRESENTATION_CONTEXT('2D SPACE',''
  ) );
#6545 = ORIENTED_EDGE('',*,*,#1096,.T.);
#6546 = ORIENTED_EDGE('',*,*,#6547,.T.);
#6547 = EDGE_CURVE('',#1099,#6548,#6550,.T.);
#6548 = VERTEX_POINT('',#6549);
#6549 = CARTESIAN_POINT('',(11.95,-11.37,4.2));
#6550 = SURFACE_CURVE('',#6551,(#6555,#6562),.PCURVE_S1.);
#6551 = LINE('',#6552,#6553);
#6552 = CARTESIAN_POINT('',(11.95,-11.37,2.7));
#6553 = VECTOR('',#6554,1.);
#6554 = DIRECTION('',(0.,0.,1.));
#6555 = PCURVE('',#1113,#6556);
#6556 = DEFINITIONAL_REPRESENTATION('',(#6557),#6561);
#6557 = LINE('',#6558,#6559);
#6558 = CARTESIAN_POINT('',(0.,0.));
#6559 = VECTOR('',#6560,1.);
#6560 = DIRECTION('',(1.,0.));
#6561 = ( GEOMETRIC_REPRESENTATION_CONTEXT(2) 
PARAMETRIC_REPRESENTATION_CONTEXT() REPRESENTATION_CONTEXT('2D SPACE',''
  ) );
#6562 = PCURVE('',#1139,#6563);
#6563 = DEFINITIONAL_REPRESENTATION('',(#6564),#6568);
#6564 = LINE('',#6565,#6566);
#6565 = CARTESIAN_POINT('',(0.,0.));
#6566 = VECTOR('',#6567,1.);
#6567 = DIRECTION('',(1.,0.));
#6568 = ( GEOMETRIC_REPRESENTATION_CONTEXT(2) 
PARAMETRIC_REPRESENTATION_CONTEXT() REPRESENTATION_CONTEXT('2D SPACE',''
  ) );
#6569 = ORIENTED_EDGE('',*,*,#6570,.F.);
#6570 = EDGE_CURVE('',#6524,#6548,#6571,.T.);
#6571 = SURFACE_CURVE('',#6572,(#6576,#6582),.PCURVE_S1.);
#6572 = LINE('',#6573,#6574);
#6573 = CARTESIAN_POINT('',(-16.775,-11.37,4.2));
#6574 = VECTOR('',#6575,1.);
#6575 = DIRECTION('',(-1.,0.,0.));
#6576 = PCURVE('',#1113,#6577);
#6577 = DEFINITIONAL_REPRESENTATION('',(#6578),#6581);
#6578 = B_SPLINE_CURVE_WITH_KNOTS('',1,(#6579,#6580),.UNSPECIFIED.,.F.,
  .F.,(2,2),(-42.925,-28.725),.PIECEWISE_BEZIER_KNOTS.);
#6579 = CARTESIAN_POINT('',(1.5,14.2));
#6580 = CARTESIAN_POINT('',(1.5,0.));
#6581 = ( GEOMETRIC_REPRESENTATION_CONTEXT(2) 
PARAMETRIC_REPRESENTATION_CONTEXT() REPRESENTATION_CONTEXT('2D SPACE',''
  ) );
#6582 = PCURVE('',#6583,#6588);
#6583 = PLANE('',#6584);
#6584 = AXIS2_PLACEMENT_3D('',#6585,#6586,#6587);
#6585 = CARTESIAN_POINT('',(-45.5,-51.25,4.2));
#6586 = DIRECTION('',(0.,0.,1.));
#6587 = DIRECTION('',(1.,0.,0.));
#6588 = DEFINITIONAL_REPRESENTATION('',(#6589),#6592);
#6589 = B_SPLINE_CURVE_WITH_KNOTS('',1,(#6590,#6591),.UNSPECIFIED.,.F.,
  .F.,(2,2),(-42.925,-28.725),.PIECEWISE_BEZIER_KNOTS.);
#6590 = CARTESIAN_POINT('',(71.65,39.88));
#6591 = CARTESIAN_POINT('',(57.45,39.88));
#6592 = ( GEOMETRIC_REPRESENTATION_CONTEXT(2) 
PARAMETRIC_REPRESENTATION_CONTEXT() REPRESENTATION_CONTEXT('2D SPACE',''
  ) );
#6593 = ADVANCED_FACE('',(#6594),#1189,.F.);
#6594 = FACE_BOUND('',#6595,.F.);
#6595 = EDGE_LOOP('',(#6596,#6597,#6598,#6621));
#6596 = ORIENTED_EDGE('',*,*,#6523,.F.);
#6597 = ORIENTED_EDGE('',*,*,#1176,.T.);
#6598 = ORIENTED_EDGE('',*,*,#6599,.T.);
#6599 = EDGE_CURVE('',#1151,#6600,#6602,.T.);
#6600 = VERTEX_POINT('',#6601);
#6601 = CARTESIAN_POINT('',(26.15,2.83,4.2));
#6602 = SURFACE_CURVE('',#6603,(#6607,#6614),.PCURVE_S1.);
#6603 = LINE('',#6604,#6605);
#6604 = CARTESIAN_POINT('',(26.15,2.83,2.7));
#6605 = VECTOR('',#6606,1.);
#6606 = DIRECTION('',(0.,0.,1.));
#6607 = PCURVE('',#1189,#6608);
#6608 = DEFINITIONAL_REPRESENTATION('',(#6609),#6613);
#6609 = LINE('',#6610,#6611);
#6610 = CARTESIAN_POINT('',(0.,-14.2));
#6611 = VECTOR('',#6612,1.);
#6612 = DIRECTION('',(1.,0.));
#6613 = ( GEOMETRIC_REPRESENTATION_CONTEXT(2) 
PARAMETRIC_REPRESENTATION_CONTEXT() REPRESENTATION_CONTEXT('2D SPACE',''
  ) );
#6614 = PCURVE('',#1165,#6615);
#6615 = DEFINITIONAL_REPRESENTATION('',(#6616),#6620);
#6616 = LINE('',#6617,#6618);
#6617 = CARTESIAN_POINT('',(0.,14.2));
#6618 = VECTOR('',#6619,1.);
#6619 = DIRECTION('',(1.,0.));
#6620 = ( GEOMETRIC_REPRESENTATION_CONTEXT(2) 
PARAMETRIC_REPRESENTATION_CONTEXT() REPRESENTATION_CONTEXT('2D SPACE',''
  ) );
#6621 = ORIENTED_EDGE('',*,*,#6622,.F.);
#6622 = EDGE_CURVE('',#6524,#6600,#6623,.T.);
#6623 = SURFACE_CURVE('',#6624,(#6628,#6634),.PCURVE_S1.);
#6624 = LINE('',#6625,#6626);
#6625 = CARTESIAN_POINT('',(26.15,-31.31,4.2));
#6626 = VECTOR('',#6627,1.);
#6627 = DIRECTION('',(0.,1.,0.));
#6628 = PCURVE('',#1189,#6629);
#6629 = DEFINITIONAL_REPRESENTATION('',(#6630),#6633);
#6630 = B_SPLINE_CURVE_WITH_KNOTS('',1,(#6631,#6632),.UNSPECIFIED.,.F.,
  .F.,(2,2),(19.94,34.14),.PIECEWISE_BEZIER_KNOTS.);
#6631 = CARTESIAN_POINT('',(1.5,0.));
#6632 = CARTESIAN_POINT('',(1.5,-14.2));
#6633 = ( GEOMETRIC_REPRESENTATION_CONTEXT(2) 
PARAMETRIC_REPRESENTATION_CONTEXT() REPRESENTATION_CONTEXT('2D SPACE',''
  ) );
#6634 = PCURVE('',#6583,#6635);
#6635 = DEFINITIONAL_REPRESENTATION('',(#6636),#6639);
#6636 = B_SPLINE_CURVE_WITH_KNOTS('',1,(#6637,#6638),.UNSPECIFIED.,.F.,
  .F.,(2,2),(19.94,34.14),.PIECEWISE_BEZIER_KNOTS.);
#6637 = CARTESIAN_POINT('',(71.65,39.88));
#6638 = CARTESIAN_POINT('',(71.65,54.08));
#6639 = ( GEOMETRIC_REPRESENTATION_CONTEXT(2) 
PARAMETRIC_REPRESENTATION_CONTEXT() REPRESENTATION_CONTEXT('2D SPACE',''
  ) );
#6640 = ADVANCED_FACE('',(#6641),#1139,.T.);
#6641 = FACE_BOUND('',#6642,.T.);
#6642 = EDGE_LOOP('',(#6643,#6644,#6645,#6668));
#6643 = ORIENTED_EDGE('',*,*,#6547,.F.);
#6644 = ORIENTED_EDGE('',*,*,#1124,.T.);
#6645 = ORIENTED_EDGE('',*,*,#6646,.T.);
#6646 = EDGE_CURVE('',#1125,#6647,#6649,.T.);
#6647 = VERTEX_POINT('',#6648);
#6648 = CARTESIAN_POINT('',(11.95,2.83,4.2));
#6649 = SURFACE_CURVE('',#6650,(#6654,#6661),.PCURVE_S1.);
#6650 = LINE('',#6651,#6652);
#6651 = CARTESIAN_POINT('',(11.95,2.83,2.7));
#6652 = VECTOR('',#6653,1.);
#6653 = DIRECTION('',(0.,0.,1.));
#6654 = PCURVE('',#1139,#6655);
#6655 = DEFINITIONAL_REPRESENTATION('',(#6656),#6660);
#6656 = LINE('',#6657,#6658);
#6657 = CARTESIAN_POINT('',(0.,-14.2));
#6658 = VECTOR('',#6659,1.);
#6659 = DIRECTION('',(1.,0.));
#6660 = ( GEOMETRIC_REPRESENTATION_CONTEXT(2) 
PARAMETRIC_REPRESENTATION_CONTEXT() REPRESENTATION_CONTEXT('2D SPACE',''
  ) );
#6661 = PCURVE('',#1165,#6662);
#6662 = DEFINITIONAL_REPRESENTATION('',(#6663),#6667);
#6663 = LINE('',#6664,#6665);
#6664 = CARTESIAN_POINT('',(0.,0.));
#6665 = VECTOR('',#6666,1.);
#6666 = DIRECTION('',(1.,0.));
#6667 = ( GEOMETRIC_REPRESENTATION_CONTEXT(2) 
PARAMETRIC_REPRESENTATION_CONTEXT() REPRESENTATION_CONTEXT('2D SPACE',''
  ) );
#6668 = ORIENTED_EDGE('',*,*,#6669,.F.);
#6669 = EDGE_CURVE('',#6548,#6647,#6670,.T.);
#6670 = SURFACE_CURVE('',#6671,(#6675,#6681),.PCURVE_S1.);
#6671 = LINE('',#6672,#6673);
#6672 = CARTESIAN_POINT('',(11.95,-31.31,4.2));
#6673 = VECTOR('',#6674,1.);
#6674 = DIRECTION('',(0.,1.,0.));
#6675 = PCURVE('',#1139,#6676);
#6676 = DEFINITIONAL_REPRESENTATION('',(#6677),#6680);
#6677 = B_SPLINE_CURVE_WITH_KNOTS('',1,(#6678,#6679),.UNSPECIFIED.,.F.,
  .F.,(2,2),(19.94,34.14),.PIECEWISE_BEZIER_KNOTS.);
#6678 = CARTESIAN_POINT('',(1.5,0.));
#6679 = CARTESIAN_POINT('',(1.5,-14.2));
#6680 = ( GEOMETRIC_REPRESENTATION_CONTEXT(2) 
PARAMETRIC_REPRESENTATION_CONTEXT() REPRESENTATION_CONTEXT('2D SPACE',''
  ) );
#6681 = PCURVE('',#6583,#6682);
#6682 = DEFINITIONAL_REPRESENTATION('',(#6683),#6686);
#6683 = B_SPLINE_CURVE_WITH_KNOTS('',1,(#6684,#6685),.UNSPECIFIED.,.F.,
  .F.,(2,2),(19.94,34.14),.PIECEWISE_BEZIER_KNOTS.);
#6684 = CARTESIAN_POINT('',(57.45,39.88));
#6685 = CARTESIAN_POINT('',(57.45,54.08));
#6686 = ( GEOMETRIC_REPRESENTATION_CONTEXT(2) 
PARAMETRIC_REPRESENTATION_CONTEXT() REPRESENTATION_CONTEXT('2D SPACE',''
  ) );
#6687 = ADVANCED_FACE('',(#6688),#1165,.F.);
#6688 = FACE_BOUND('',#6689,.F.);
#6689 = EDGE_LOOP('',(#6690,#6691,#6692,#6693));
#6690 = ORIENTED_EDGE('',*,*,#6599,.F.);
#6691 = ORIENTED_EDGE('',*,*,#1150,.T.);
#6692 = ORIENTED_EDGE('',*,*,#6646,.T.);
#6693 = ORIENTED_EDGE('',*,*,#6694,.F.);
#6694 = EDGE_CURVE('',#6600,#6647,#6695,.T.);
#6695 = SURFACE_CURVE('',#6696,(#6700,#6706),.PCURVE_S1.);
#6696 = LINE('',#6697,#6698);
#6697 = CARTESIAN_POINT('',(-16.775,2.83,4.2));
#6698 = VECTOR('',#6699,1.);
#6699 = DIRECTION('',(-1.,0.,0.));
#6700 = PCURVE('',#1165,#6701);
#6701 = DEFINITIONAL_REPRESENTATION('',(#6702),#6705);
#6702 = B_SPLINE_CURVE_WITH_KNOTS('',1,(#6703,#6704),.UNSPECIFIED.,.F.,
  .F.,(2,2),(-42.925,-28.725),.PIECEWISE_BEZIER_KNOTS.);
#6703 = CARTESIAN_POINT('',(1.5,14.2));
#6704 = CARTESIAN_POINT('',(1.5,0.));
#6705 = ( GEOMETRIC_REPRESENTATION_CONTEXT(2) 
PARAMETRIC_REPRESENTATION_CONTEXT() REPRESENTATION_CONTEXT('2D SPACE',''
  ) );
#6706 = PCURVE('',#6583,#6707);
#6707 = DEFINITIONAL_REPRESENTATION('',(#6708),#6711);
#6708 = B_SPLINE_CURVE_WITH_KNOTS('',1,(#6709,#6710),.UNSPECIFIED.,.F.,
  .F.,(2,2),(-42.925,-28.725),.PIECEWISE_BEZIER_KNOTS.);
#6709 = CARTESIAN_POINT('',(71.65,54.08));
#6710 = CARTESIAN_POINT('',(57.45,54.08));
#6711 = ( GEOMETRIC_REPRESENTATION_CONTEXT(2) 
PARAMETRIC_REPRESENTATION_CONTEXT() REPRESENTATION_CONTEXT('2D SPACE',''
  ) );
#6712 = ADVANCED_FACE('',(#6713),#1219,.T.);
#6713 = FACE_BOUND('',#6714,.T.);
#6714 = EDGE_LOOP('',(#6715,#6738,#6739,#6762));
#6715 = ORIENTED_EDGE('',*,*,#6716,.F.);
#6716 = EDGE_CURVE('',#1203,#6717,#6719,.T.);
#6717 = VERTEX_POINT('',#6718);
#6718 = CARTESIAN_POINT('',(37.935,-18.84,3.655));
#6719 = SURFACE_CURVE('',#6720,(#6724,#6731),.PCURVE_S1.);
#6720 = LINE('',#6721,#6722);
#6721 = CARTESIAN_POINT('',(37.935,-18.84,2.75));
#6722 = VECTOR('',#6723,1.);
#6723 = DIRECTION('',(0.,0.,1.));
#6724 = PCURVE('',#1219,#6725);
#6725 = DEFINITIONAL_REPRESENTATION('',(#6726),#6730);
#6726 = LINE('',#6727,#6728);
#6727 = CARTESIAN_POINT('',(0.,2.72));
#6728 = VECTOR('',#6729,1.);
#6729 = DIRECTION('',(1.,0.));
#6730 = ( GEOMETRIC_REPRESENTATION_CONTEXT(2) 
PARAMETRIC_REPRESENTATION_CONTEXT() REPRESENTATION_CONTEXT('2D SPACE',''
  ) );
#6731 = PCURVE('',#1295,#6732);
#6732 = DEFINITIONAL_REPRESENTATION('',(#6733),#6737);
#6733 = LINE('',#6734,#6735);
#6734 = CARTESIAN_POINT('',(0.,0.));
#6735 = VECTOR('',#6736,1.);
#6736 = DIRECTION('',(1.,0.));
#6737 = ( GEOMETRIC_REPRESENTATION_CONTEXT(2) 
PARAMETRIC_REPRESENTATION_CONTEXT() REPRESENTATION_CONTEXT('2D SPACE',''
  ) );
#6738 = ORIENTED_EDGE('',*,*,#1202,.T.);
#6739 = ORIENTED_EDGE('',*,*,#6740,.T.);
#6740 = EDGE_CURVE('',#1205,#6741,#6743,.T.);
#6741 = VERTEX_POINT('',#6742);
#6742 = CARTESIAN_POINT('',(35.215,-18.84,3.655));
#6743 = SURFACE_CURVE('',#6744,(#6748,#6755),.PCURVE_S1.);
#6744 = LINE('',#6745,#6746);
#6745 = CARTESIAN_POINT('',(35.215,-18.84,2.75));
#6746 = VECTOR('',#6747,1.);
#6747 = DIRECTION('',(0.,0.,1.));
#6748 = PCURVE('',#1219,#6749);
#6749 = DEFINITIONAL_REPRESENTATION('',(#6750),#6754);
#6750 = LINE('',#6751,#6752);
#6751 = CARTESIAN_POINT('',(0.,0.));
#6752 = VECTOR('',#6753,1.);
#6753 = DIRECTION('',(1.,0.));
#6754 = ( GEOMETRIC_REPRESENTATION_CONTEXT(2) 
PARAMETRIC_REPRESENTATION_CONTEXT() REPRESENTATION_CONTEXT('2D SPACE',''
  ) );
#6755 = PCURVE('',#1245,#6756);
#6756 = DEFINITIONAL_REPRESENTATION('',(#6757),#6761);
#6757 = LINE('',#6758,#6759);
#6758 = CARTESIAN_POINT('',(0.,0.));
#6759 = VECTOR('',#6760,1.);
#6760 = DIRECTION('',(1.,0.));
#6761 = ( GEOMETRIC_REPRESENTATION_CONTEXT(2) 
PARAMETRIC_REPRESENTATION_CONTEXT() REPRESENTATION_CONTEXT('2D SPACE',''
  ) );
#6762 = ORIENTED_EDGE('',*,*,#6763,.T.);
#6763 = EDGE_CURVE('',#6741,#6717,#6764,.T.);
#6764 = SURFACE_CURVE('',#6765,(#6769,#6776),.PCURVE_S1.);
#6765 = LINE('',#6766,#6767);
#6766 = CARTESIAN_POINT('',(35.215,-18.84,3.655));
#6767 = VECTOR('',#6768,1.);
#6768 = DIRECTION('',(1.,0.,0.));
#6769 = PCURVE('',#1219,#6770);
#6770 = DEFINITIONAL_REPRESENTATION('',(#6771),#6775);
#6771 = LINE('',#6772,#6773);
#6772 = CARTESIAN_POINT('',(0.905,0.));
#6773 = VECTOR('',#6774,1.);
#6774 = DIRECTION('',(0.,1.));
#6775 = ( GEOMETRIC_REPRESENTATION_CONTEXT(2) 
PARAMETRIC_REPRESENTATION_CONTEXT() REPRESENTATION_CONTEXT('2D SPACE',''
  ) );
#6776 = PCURVE('',#6777,#6782);
#6777 = PLANE('',#6778);
#6778 = AXIS2_PLACEMENT_3D('',#6779,#6780,#6781);
#6779 = CARTESIAN_POINT('',(35.215,-18.84,3.655));
#6780 = DIRECTION('',(0.,0.,1.));
#6781 = DIRECTION('',(1.,0.,0.));
#6782 = DEFINITIONAL_REPRESENTATION('',(#6783),#6787);
#6783 = LINE('',#6784,#6785);
#6784 = CARTESIAN_POINT('',(0.,0.));
#6785 = VECTOR('',#6786,1.);
#6786 = DIRECTION('',(1.,0.));
#6787 = ( GEOMETRIC_REPRESENTATION_CONTEXT(2) 
PARAMETRIC_REPRESENTATION_CONTEXT() REPRESENTATION_CONTEXT('2D SPACE',''
  ) );
#6788 = ADVANCED_FACE('',(#6789),#1295,.F.);
#6789 = FACE_BOUND('',#6790,.F.);
#6790 = EDGE_LOOP('',(#6791,#6792,#6793,#6816));
#6791 = ORIENTED_EDGE('',*,*,#6716,.F.);
#6792 = ORIENTED_EDGE('',*,*,#1282,.T.);
#6793 = ORIENTED_EDGE('',*,*,#6794,.T.);
#6794 = EDGE_CURVE('',#1257,#6795,#6797,.T.);
#6795 = VERTEX_POINT('',#6796);
#6796 = CARTESIAN_POINT('',(37.935,-7.48,3.655));
#6797 = SURFACE_CURVE('',#6798,(#6802,#6809),.PCURVE_S1.);
#6798 = LINE('',#6799,#6800);
#6799 = CARTESIAN_POINT('',(37.935,-7.48,2.75));
#6800 = VECTOR('',#6801,1.);
#6801 = DIRECTION('',(0.,0.,1.));
#6802 = PCURVE('',#1295,#6803);
#6803 = DEFINITIONAL_REPRESENTATION('',(#6804),#6808);
#6804 = LINE('',#6805,#6806);
#6805 = CARTESIAN_POINT('',(0.,-11.36));
#6806 = VECTOR('',#6807,1.);
#6807 = DIRECTION('',(1.,0.));
#6808 = ( GEOMETRIC_REPRESENTATION_CONTEXT(2) 
PARAMETRIC_REPRESENTATION_CONTEXT() REPRESENTATION_CONTEXT('2D SPACE',''
  ) );
#6809 = PCURVE('',#1271,#6810);
#6810 = DEFINITIONAL_REPRESENTATION('',(#6811),#6815);
#6811 = LINE('',#6812,#6813);
#6812 = CARTESIAN_POINT('',(0.,2.72));
#6813 = VECTOR('',#6814,1.);
#6814 = DIRECTION('',(1.,0.));
#6815 = ( GEOMETRIC_REPRESENTATION_CONTEXT(2) 
PARAMETRIC_REPRESENTATION_CONTEXT() REPRESENTATION_CONTEXT('2D SPACE',''
  ) );
#6816 = ORIENTED_EDGE('',*,*,#6817,.F.);
#6817 = EDGE_CURVE('',#6717,#6795,#6818,.T.);
#6818 = SURFACE_CURVE('',#6819,(#6823,#6830),.PCURVE_S1.);
#6819 = LINE('',#6820,#6821);
#6820 = CARTESIAN_POINT('',(37.935,-18.84,3.655));
#6821 = VECTOR('',#6822,1.);
#6822 = DIRECTION('',(0.,1.,0.));
#6823 = PCURVE('',#1295,#6824);
#6824 = DEFINITIONAL_REPRESENTATION('',(#6825),#6829);
#6825 = LINE('',#6826,#6827);
#6826 = CARTESIAN_POINT('',(0.905,0.));
#6827 = VECTOR('',#6828,1.);
#6828 = DIRECTION('',(0.,-1.));
#6829 = ( GEOMETRIC_REPRESENTATION_CONTEXT(2) 
PARAMETRIC_REPRESENTATION_CONTEXT() REPRESENTATION_CONTEXT('2D SPACE',''
  ) );
#6830 = PCURVE('',#6777,#6831);
#6831 = DEFINITIONAL_REPRESENTATION('',(#6832),#6836);
#6832 = LINE('',#6833,#6834);
#6833 = CARTESIAN_POINT('',(2.72,0.));
#6834 = VECTOR('',#6835,1.);
#6835 = DIRECTION('',(0.,1.));
#6836 = ( GEOMETRIC_REPRESENTATION_CONTEXT(2) 
PARAMETRIC_REPRESENTATION_CONTEXT() REPRESENTATION_CONTEXT('2D SPACE',''
  ) );
#6837 = ADVANCED_FACE('',(#6838),#1245,.T.);
#6838 = FACE_BOUND('',#6839,.T.);
#6839 = EDGE_LOOP('',(#6840,#6841,#6842,#6865));
#6840 = ORIENTED_EDGE('',*,*,#6740,.F.);
#6841 = ORIENTED_EDGE('',*,*,#1230,.T.);
#6842 = ORIENTED_EDGE('',*,*,#6843,.T.);
#6843 = EDGE_CURVE('',#1231,#6844,#6846,.T.);
#6844 = VERTEX_POINT('',#6845);
#6845 = CARTESIAN_POINT('',(35.215,-7.48,3.655));
#6846 = SURFACE_CURVE('',#6847,(#6851,#6858),.PCURVE_S1.);
#6847 = LINE('',#6848,#6849);
#6848 = CARTESIAN_POINT('',(35.215,-7.48,2.75));
#6849 = VECTOR('',#6850,1.);
#6850 = DIRECTION('',(0.,0.,1.));
#6851 = PCURVE('',#1245,#6852);
#6852 = DEFINITIONAL_REPRESENTATION('',(#6853),#6857);
#6853 = LINE('',#6854,#6855);
#6854 = CARTESIAN_POINT('',(0.,-11.36));
#6855 = VECTOR('',#6856,1.);
#6856 = DIRECTION('',(1.,0.));
#6857 = ( GEOMETRIC_REPRESENTATION_CONTEXT(2) 
PARAMETRIC_REPRESENTATION_CONTEXT() REPRESENTATION_CONTEXT('2D SPACE',''
  ) );
#6858 = PCURVE('',#1271,#6859);
#6859 = DEFINITIONAL_REPRESENTATION('',(#6860),#6864);
#6860 = LINE('',#6861,#6862);
#6861 = CARTESIAN_POINT('',(0.,0.));
#6862 = VECTOR('',#6863,1.);
#6863 = DIRECTION('',(1.,0.));
#6864 = ( GEOMETRIC_REPRESENTATION_CONTEXT(2) 
PARAMETRIC_REPRESENTATION_CONTEXT() REPRESENTATION_CONTEXT('2D SPACE',''
  ) );
#6865 = ORIENTED_EDGE('',*,*,#6866,.F.);
#6866 = EDGE_CURVE('',#6741,#6844,#6867,.T.);
#6867 = SURFACE_CURVE('',#6868,(#6872,#6879),.PCURVE_S1.);
#6868 = LINE('',#6869,#6870);
#6869 = CARTESIAN_POINT('',(35.215,-18.84,3.655));
#6870 = VECTOR('',#6871,1.);
#6871 = DIRECTION('',(0.,1.,0.));
#6872 = PCURVE('',#1245,#6873);
#6873 = DEFINITIONAL_REPRESENTATION('',(#6874),#6878);
#6874 = LINE('',#6875,#6876);
#6875 = CARTESIAN_POINT('',(0.905,0.));
#6876 = VECTOR('',#6877,1.);
#6877 = DIRECTION('',(0.,-1.));
#6878 = ( GEOMETRIC_REPRESENTATION_CONTEXT(2) 
PARAMETRIC_REPRESENTATION_CONTEXT() REPRESENTATION_CONTEXT('2D SPACE',''
  ) );
#6879 = PCURVE('',#6777,#6880);
#6880 = DEFINITIONAL_REPRESENTATION('',(#6881),#6885);
#6881 = LINE('',#6882,#6883);
#6882 = CARTESIAN_POINT('',(0.,0.));
#6883 = VECTOR('',#6884,1.);
#6884 = DIRECTION('',(0.,1.));
#6885 = ( GEOMETRIC_REPRESENTATION_CONTEXT(2) 
PARAMETRIC_REPRESENTATION_CONTEXT() REPRESENTATION_CONTEXT('2D SPACE',''
  ) );
#6886 = ADVANCED_FACE('',(#6887),#1271,.F.);
#6887 = FACE_BOUND('',#6888,.F.);
#6888 = EDGE_LOOP('',(#6889,#6890,#6891,#6892));
#6889 = ORIENTED_EDGE('',*,*,#6794,.F.);
#6890 = ORIENTED_EDGE('',*,*,#1256,.T.);
#6891 = ORIENTED_EDGE('',*,*,#6843,.T.);
#6892 = ORIENTED_EDGE('',*,*,#6893,.T.);
#6893 = EDGE_CURVE('',#6844,#6795,#6894,.T.);
#6894 = SURFACE_CURVE('',#6895,(#6899,#6906),.PCURVE_S1.);
#6895 = LINE('',#6896,#6897);
#6896 = CARTESIAN_POINT('',(35.215,-7.48,3.655));
#6897 = VECTOR('',#6898,1.);
#6898 = DIRECTION('',(1.,0.,0.));
#6899 = PCURVE('',#1271,#6900);
#6900 = DEFINITIONAL_REPRESENTATION('',(#6901),#6905);
#6901 = LINE('',#6902,#6903);
#6902 = CARTESIAN_POINT('',(0.905,0.));
#6903 = VECTOR('',#6904,1.);
#6904 = DIRECTION('',(0.,1.));
#6905 = ( GEOMETRIC_REPRESENTATION_CONTEXT(2) 
PARAMETRIC_REPRESENTATION_CONTEXT() REPRESENTATION_CONTEXT('2D SPACE',''
  ) );
#6906 = PCURVE('',#6777,#6907);
#6907 = DEFINITIONAL_REPRESENTATION('',(#6908),#6912);
#6908 = LINE('',#6909,#6910);
#6909 = CARTESIAN_POINT('',(0.,11.36));
#6910 = VECTOR('',#6911,1.);
#6911 = DIRECTION('',(1.,0.));
#6912 = ( GEOMETRIC_REPRESENTATION_CONTEXT(2) 
PARAMETRIC_REPRESENTATION_CONTEXT() REPRESENTATION_CONTEXT('2D SPACE',''
  ) );
#6913 = ADVANCED_FACE('',(#6914),#1325,.T.);
#6914 = FACE_BOUND('',#6915,.T.);
#6915 = EDGE_LOOP('',(#6916,#6939,#6940,#6963));
#6916 = ORIENTED_EDGE('',*,*,#6917,.F.);
#6917 = EDGE_CURVE('',#1309,#6918,#6920,.T.);
#6918 = VERTEX_POINT('',#6919);
#6919 = CARTESIAN_POINT('',(-37.065,0.21,3.655));
#6920 = SURFACE_CURVE('',#6921,(#6925,#6932),.PCURVE_S1.);
#6921 = LINE('',#6922,#6923);
#6922 = CARTESIAN_POINT('',(-37.065,0.21,2.75));
#6923 = VECTOR('',#6924,1.);
#6924 = DIRECTION('',(0.,0.,1.));
#6925 = PCURVE('',#1325,#6926);
#6926 = DEFINITIONAL_REPRESENTATION('',(#6927),#6931);
#6927 = LINE('',#6928,#6929);
#6928 = CARTESIAN_POINT('',(0.,2.72));
#6929 = VECTOR('',#6930,1.);
#6930 = DIRECTION('',(1.,0.));
#6931 = ( GEOMETRIC_REPRESENTATION_CONTEXT(2) 
PARAMETRIC_REPRESENTATION_CONTEXT() REPRESENTATION_CONTEXT('2D SPACE',''
  ) );
#6932 = PCURVE('',#1401,#6933);
#6933 = DEFINITIONAL_REPRESENTATION('',(#6934),#6938);
#6934 = LINE('',#6935,#6936);
#6935 = CARTESIAN_POINT('',(0.,0.));
#6936 = VECTOR('',#6937,1.);
#6937 = DIRECTION('',(1.,0.));
#6938 = ( GEOMETRIC_REPRESENTATION_CONTEXT(2) 
PARAMETRIC_REPRESENTATION_CONTEXT() REPRESENTATION_CONTEXT('2D SPACE',''
  ) );
#6939 = ORIENTED_EDGE('',*,*,#1308,.T.);
#6940 = ORIENTED_EDGE('',*,*,#6941,.T.);
#6941 = EDGE_CURVE('',#1311,#6942,#6944,.T.);
#6942 = VERTEX_POINT('',#6943);
#6943 = CARTESIAN_POINT('',(-39.785,0.21,3.655));
#6944 = SURFACE_CURVE('',#6945,(#6949,#6956),.PCURVE_S1.);
#6945 = LINE('',#6946,#6947);
#6946 = CARTESIAN_POINT('',(-39.785,0.21,2.75));
#6947 = VECTOR('',#6948,1.);
#6948 = DIRECTION('',(0.,0.,1.));
#6949 = PCURVE('',#1325,#6950);
#6950 = DEFINITIONAL_REPRESENTATION('',(#6951),#6955);
#6951 = LINE('',#6952,#6953);
#6952 = CARTESIAN_POINT('',(0.,0.));
#6953 = VECTOR('',#6954,1.);
#6954 = DIRECTION('',(1.,0.));
#6955 = ( GEOMETRIC_REPRESENTATION_CONTEXT(2) 
PARAMETRIC_REPRESENTATION_CONTEXT() REPRESENTATION_CONTEXT('2D SPACE',''
  ) );
#6956 = PCURVE('',#1351,#6957);
#6957 = DEFINITIONAL_REPRESENTATION('',(#6958),#6962);
#6958 = LINE('',#6959,#6960);
#6959 = CARTESIAN_POINT('',(0.,0.));
#6960 = VECTOR('',#6961,1.);
#6961 = DIRECTION('',(1.,0.));
#6962 = ( GEOMETRIC_REPRESENTATION_CONTEXT(2) 
PARAMETRIC_REPRESENTATION_CONTEXT() REPRESENTATION_CONTEXT('2D SPACE',''
  ) );
#6963 = ORIENTED_EDGE('',*,*,#6964,.T.);
#6964 = EDGE_CURVE('',#6942,#6918,#6965,.T.);
#6965 = SURFACE_CURVE('',#6966,(#6970,#6977),.PCURVE_S1.);
#6966 = LINE('',#6967,#6968);
#6967 = CARTESIAN_POINT('',(-39.785,0.21,3.655));
#6968 = VECTOR('',#6969,1.);
#6969 = DIRECTION('',(1.,0.,0.));
#6970 = PCURVE('',#1325,#6971);
#6971 = DEFINITIONAL_REPRESENTATION('',(#6972),#6976);
#6972 = LINE('',#6973,#6974);
#6973 = CARTESIAN_POINT('',(0.905,0.));
#6974 = VECTOR('',#6975,1.);
#6975 = DIRECTION('',(0.,1.));
#6976 = ( GEOMETRIC_REPRESENTATION_CONTEXT(2) 
PARAMETRIC_REPRESENTATION_CONTEXT() REPRESENTATION_CONTEXT('2D SPACE',''
  ) );
#6977 = PCURVE('',#6978,#6983);
#6978 = PLANE('',#6979);
#6979 = AXIS2_PLACEMENT_3D('',#6980,#6981,#6982);
#6980 = CARTESIAN_POINT('',(-39.785,0.21,3.655));
#6981 = DIRECTION('',(0.,0.,1.));
#6982 = DIRECTION('',(1.,0.,0.));
#6983 = DEFINITIONAL_REPRESENTATION('',(#6984),#6988);
#6984 = LINE('',#6985,#6986);
#6985 = CARTESIAN_POINT('',(0.,0.));
#6986 = VECTOR('',#6987,1.);
#6987 = DIRECTION('',(1.,0.));
#6988 = ( GEOMETRIC_REPRESENTATION_CONTEXT(2) 
PARAMETRIC_REPRESENTATION_CONTEXT() REPRESENTATION_CONTEXT('2D SPACE',''
  ) );
#6989 = ADVANCED_FACE('',(#6990),#1401,.F.);
#6990 = FACE_BOUND('',#6991,.F.);
#6991 = EDGE_LOOP('',(#6992,#6993,#6994,#7017));
#6992 = ORIENTED_EDGE('',*,*,#6917,.F.);
#6993 = ORIENTED_EDGE('',*,*,#1388,.T.);
#6994 = ORIENTED_EDGE('',*,*,#6995,.T.);
#6995 = EDGE_CURVE('',#1363,#6996,#6998,.T.);
#6996 = VERTEX_POINT('',#6997);
#6997 = CARTESIAN_POINT('',(-37.065,11.57,3.655));
#6998 = SURFACE_CURVE('',#6999,(#7003,#7010),.PCURVE_S1.);
#6999 = LINE('',#7000,#7001);
#7000 = CARTESIAN_POINT('',(-37.065,11.57,2.75));
#7001 = VECTOR('',#7002,1.);
#7002 = DIRECTION('',(0.,0.,1.));
#7003 = PCURVE('',#1401,#7004);
#7004 = DEFINITIONAL_REPRESENTATION('',(#7005),#7009);
#7005 = LINE('',#7006,#7007);
#7006 = CARTESIAN_POINT('',(0.,-11.36));
#7007 = VECTOR('',#7008,1.);
#7008 = DIRECTION('',(1.,0.));
#7009 = ( GEOMETRIC_REPRESENTATION_CONTEXT(2) 
PARAMETRIC_REPRESENTATION_CONTEXT() REPRESENTATION_CONTEXT('2D SPACE',''
  ) );
#7010 = PCURVE('',#1377,#7011);
#7011 = DEFINITIONAL_REPRESENTATION('',(#7012),#7016);
#7012 = LINE('',#7013,#7014);
#7013 = CARTESIAN_POINT('',(0.,2.72));
#7014 = VECTOR('',#7015,1.);
#7015 = DIRECTION('',(1.,0.));
#7016 = ( GEOMETRIC_REPRESENTATION_CONTEXT(2) 
PARAMETRIC_REPRESENTATION_CONTEXT() REPRESENTATION_CONTEXT('2D SPACE',''
  ) );
#7017 = ORIENTED_EDGE('',*,*,#7018,.F.);
#7018 = EDGE_CURVE('',#6918,#6996,#7019,.T.);
#7019 = SURFACE_CURVE('',#7020,(#7024,#7031),.PCURVE_S1.);
#7020 = LINE('',#7021,#7022);
#7021 = CARTESIAN_POINT('',(-37.065,0.21,3.655));
#7022 = VECTOR('',#7023,1.);
#7023 = DIRECTION('',(0.,1.,0.));
#7024 = PCURVE('',#1401,#7025);
#7025 = DEFINITIONAL_REPRESENTATION('',(#7026),#7030);
#7026 = LINE('',#7027,#7028);
#7027 = CARTESIAN_POINT('',(0.905,0.));
#7028 = VECTOR('',#7029,1.);
#7029 = DIRECTION('',(0.,-1.));
#7030 = ( GEOMETRIC_REPRESENTATION_CONTEXT(2) 
PARAMETRIC_REPRESENTATION_CONTEXT() REPRESENTATION_CONTEXT('2D SPACE',''
  ) );
#7031 = PCURVE('',#6978,#7032);
#7032 = DEFINITIONAL_REPRESENTATION('',(#7033),#7037);
#7033 = LINE('',#7034,#7035);
#7034 = CARTESIAN_POINT('',(2.72,0.));
#7035 = VECTOR('',#7036,1.);
#7036 = DIRECTION('',(0.,1.));
#7037 = ( GEOMETRIC_REPRESENTATION_CONTEXT(2) 
PARAMETRIC_REPRESENTATION_CONTEXT() REPRESENTATION_CONTEXT('2D SPACE',''
  ) );
#7038 = ADVANCED_FACE('',(#7039),#1351,.T.);
#7039 = FACE_BOUND('',#7040,.T.);
#7040 = EDGE_LOOP('',(#7041,#7042,#7043,#7066));
#7041 = ORIENTED_EDGE('',*,*,#6941,.F.);
#7042 = ORIENTED_EDGE('',*,*,#1336,.T.);
#7043 = ORIENTED_EDGE('',*,*,#7044,.T.);
#7044 = EDGE_CURVE('',#1337,#7045,#7047,.T.);
#7045 = VERTEX_POINT('',#7046);
#7046 = CARTESIAN_POINT('',(-39.785,11.57,3.655));
#7047 = SURFACE_CURVE('',#7048,(#7052,#7059),.PCURVE_S1.);
#7048 = LINE('',#7049,#7050);
#7049 = CARTESIAN_POINT('',(-39.785,11.57,2.75));
#7050 = VECTOR('',#7051,1.);
#7051 = DIRECTION('',(0.,0.,1.));
#7052 = PCURVE('',#1351,#7053);
#7053 = DEFINITIONAL_REPRESENTATION('',(#7054),#7058);
#7054 = LINE('',#7055,#7056);
#7055 = CARTESIAN_POINT('',(0.,-11.36));
#7056 = VECTOR('',#7057,1.);
#7057 = DIRECTION('',(1.,0.));
#7058 = ( GEOMETRIC_REPRESENTATION_CONTEXT(2) 
PARAMETRIC_REPRESENTATION_CONTEXT() REPRESENTATION_CONTEXT('2D SPACE',''
  ) );
#7059 = PCURVE('',#1377,#7060);
#7060 = DEFINITIONAL_REPRESENTATION('',(#7061),#7065);
#7061 = LINE('',#7062,#7063);
#7062 = CARTESIAN_POINT('',(0.,0.));
#7063 = VECTOR('',#7064,1.);
#7064 = DIRECTION('',(1.,0.));
#7065 = ( GEOMETRIC_REPRESENTATION_CONTEXT(2) 
PARAMETRIC_REPRESENTATION_CONTEXT() REPRESENTATION_CONTEXT('2D SPACE',''
  ) );
#7066 = ORIENTED_EDGE('',*,*,#7067,.F.);
#7067 = EDGE_CURVE('',#6942,#7045,#7068,.T.);
#7068 = SURFACE_CURVE('',#7069,(#7073,#7080),.PCURVE_S1.);
#7069 = LINE('',#7070,#7071);
#7070 = CARTESIAN_POINT('',(-39.785,0.21,3.655));
#7071 = VECTOR('',#7072,1.);
#7072 = DIRECTION('',(0.,1.,0.));
#7073 = PCURVE('',#1351,#7074);
#7074 = DEFINITIONAL_REPRESENTATION('',(#7075),#7079);
#7075 = LINE('',#7076,#7077);
#7076 = CARTESIAN_POINT('',(0.905,0.));
#7077 = VECTOR('',#7078,1.);
#7078 = DIRECTION('',(0.,-1.));
#7079 = ( GEOMETRIC_REPRESENTATION_CONTEXT(2) 
PARAMETRIC_REPRESENTATION_CONTEXT() REPRESENTATION_CONTEXT('2D SPACE',''
  ) );
#7080 = PCURVE('',#6978,#7081);
#7081 = DEFINITIONAL_REPRESENTATION('',(#7082),#7086);
#7082 = LINE('',#7083,#7084);
#7083 = CARTESIAN_POINT('',(0.,0.));
#7084 = VECTOR('',#7085,1.);
#7085 = DIRECTION('',(0.,1.));
#7086 = ( GEOMETRIC_REPRESENTATION_CONTEXT(2) 
PARAMETRIC_REPRESENTATION_CONTEXT() REPRESENTATION_CONTEXT('2D SPACE',''
  ) );
#7087 = ADVANCED_FACE('',(#7088),#1377,.F.);
#7088 = FACE_BOUND('',#7089,.F.);
#7089 = EDGE_LOOP('',(#7090,#7091,#7092,#7093));
#7090 = ORIENTED_EDGE('',*,*,#6995,.F.);
#7091 = ORIENTED_EDGE('',*,*,#1362,.T.);
#7092 = ORIENTED_EDGE('',*,*,#7044,.T.);
#7093 = ORIENTED_EDGE('',*,*,#7094,.T.);
#7094 = EDGE_CURVE('',#7045,#6996,#7095,.T.);
#7095 = SURFACE_CURVE('',#7096,(#7100,#7107),.PCURVE_S1.);
#7096 = LINE('',#7097,#7098);
#7097 = CARTESIAN_POINT('',(-39.785,11.57,3.655));
#7098 = VECTOR('',#7099,1.);
#7099 = DIRECTION('',(1.,0.,0.));
#7100 = PCURVE('',#1377,#7101);
#7101 = DEFINITIONAL_REPRESENTATION('',(#7102),#7106);
#7102 = LINE('',#7103,#7104);
#7103 = CARTESIAN_POINT('',(0.905,0.));
#7104 = VECTOR('',#7105,1.);
#7105 = DIRECTION('',(0.,1.));
#7106 = ( GEOMETRIC_REPRESENTATION_CONTEXT(2) 
PARAMETRIC_REPRESENTATION_CONTEXT() REPRESENTATION_CONTEXT('2D SPACE',''
  ) );
#7107 = PCURVE('',#6978,#7108);
#7108 = DEFINITIONAL_REPRESENTATION('',(#7109),#7113);
#7109 = LINE('',#7110,#7111);
#7110 = CARTESIAN_POINT('',(0.,11.36));
#7111 = VECTOR('',#7112,1.);
#7112 = DIRECTION('',(1.,0.));
#7113 = ( GEOMETRIC_REPRESENTATION_CONTEXT(2) 
PARAMETRIC_REPRESENTATION_CONTEXT() REPRESENTATION_CONTEXT('2D SPACE',''
  ) );
#7114 = ADVANCED_FACE('',(#7115),#1431,.T.);
#7115 = FACE_BOUND('',#7116,.T.);
#7116 = EDGE_LOOP('',(#7117,#7140,#7141,#7164));
#7117 = ORIENTED_EDGE('',*,*,#7118,.F.);
#7118 = EDGE_CURVE('',#1415,#7119,#7121,.T.);
#7119 = VERTEX_POINT('',#7120);
#7120 = CARTESIAN_POINT('',(-37.065,19.26,3.655));
#7121 = SURFACE_CURVE('',#7122,(#7126,#7133),.PCURVE_S1.);
#7122 = LINE('',#7123,#7124);
#7123 = CARTESIAN_POINT('',(-37.065,19.26,2.75));
#7124 = VECTOR('',#7125,1.);
#7125 = DIRECTION('',(0.,0.,1.));
#7126 = PCURVE('',#1431,#7127);
#7127 = DEFINITIONAL_REPRESENTATION('',(#7128),#7132);
#7128 = LINE('',#7129,#7130);
#7129 = CARTESIAN_POINT('',(0.,2.72));
#7130 = VECTOR('',#7131,1.);
#7131 = DIRECTION('',(1.,0.));
#7132 = ( GEOMETRIC_REPRESENTATION_CONTEXT(2) 
PARAMETRIC_REPRESENTATION_CONTEXT() REPRESENTATION_CONTEXT('2D SPACE',''
  ) );
#7133 = PCURVE('',#1507,#7134);
#7134 = DEFINITIONAL_REPRESENTATION('',(#7135),#7139);
#7135 = LINE('',#7136,#7137);
#7136 = CARTESIAN_POINT('',(0.,0.));
#7137 = VECTOR('',#7138,1.);
#7138 = DIRECTION('',(1.,0.));
#7139 = ( GEOMETRIC_REPRESENTATION_CONTEXT(2) 
PARAMETRIC_REPRESENTATION_CONTEXT() REPRESENTATION_CONTEXT('2D SPACE',''
  ) );
#7140 = ORIENTED_EDGE('',*,*,#1414,.T.);
#7141 = ORIENTED_EDGE('',*,*,#7142,.T.);
#7142 = EDGE_CURVE('',#1417,#7143,#7145,.T.);
#7143 = VERTEX_POINT('',#7144);
#7144 = CARTESIAN_POINT('',(-39.785,19.26,3.655));
#7145 = SURFACE_CURVE('',#7146,(#7150,#7157),.PCURVE_S1.);
#7146 = LINE('',#7147,#7148);
#7147 = CARTESIAN_POINT('',(-39.785,19.26,2.75));
#7148 = VECTOR('',#7149,1.);
#7149 = DIRECTION('',(0.,0.,1.));
#7150 = PCURVE('',#1431,#7151);
#7151 = DEFINITIONAL_REPRESENTATION('',(#7152),#7156);
#7152 = LINE('',#7153,#7154);
#7153 = CARTESIAN_POINT('',(0.,0.));
#7154 = VECTOR('',#7155,1.);
#7155 = DIRECTION('',(1.,0.));
#7156 = ( GEOMETRIC_REPRESENTATION_CONTEXT(2) 
PARAMETRIC_REPRESENTATION_CONTEXT() REPRESENTATION_CONTEXT('2D SPACE',''
  ) );
#7157 = PCURVE('',#1457,#7158);
#7158 = DEFINITIONAL_REPRESENTATION('',(#7159),#7163);
#7159 = LINE('',#7160,#7161);
#7160 = CARTESIAN_POINT('',(0.,0.));
#7161 = VECTOR('',#7162,1.);
#7162 = DIRECTION('',(1.,0.));
#7163 = ( GEOMETRIC_REPRESENTATION_CONTEXT(2) 
PARAMETRIC_REPRESENTATION_CONTEXT() REPRESENTATION_CONTEXT('2D SPACE',''
  ) );
#7164 = ORIENTED_EDGE('',*,*,#7165,.T.);
#7165 = EDGE_CURVE('',#7143,#7119,#7166,.T.);
#7166 = SURFACE_CURVE('',#7167,(#7171,#7178),.PCURVE_S1.);
#7167 = LINE('',#7168,#7169);
#7168 = CARTESIAN_POINT('',(-39.785,19.26,3.655));
#7169 = VECTOR('',#7170,1.);
#7170 = DIRECTION('',(1.,0.,0.));
#7171 = PCURVE('',#1431,#7172);
#7172 = DEFINITIONAL_REPRESENTATION('',(#7173),#7177);
#7173 = LINE('',#7174,#7175);
#7174 = CARTESIAN_POINT('',(0.905,0.));
#7175 = VECTOR('',#7176,1.);
#7176 = DIRECTION('',(0.,1.));
#7177 = ( GEOMETRIC_REPRESENTATION_CONTEXT(2) 
PARAMETRIC_REPRESENTATION_CONTEXT() REPRESENTATION_CONTEXT('2D SPACE',''
  ) );
#7178 = PCURVE('',#7179,#7184);
#7179 = PLANE('',#7180);
#7180 = AXIS2_PLACEMENT_3D('',#7181,#7182,#7183);
#7181 = CARTESIAN_POINT('',(-39.785,19.26,3.655));
#7182 = DIRECTION('',(0.,0.,1.));
#7183 = DIRECTION('',(1.,0.,0.));
#7184 = DEFINITIONAL_REPRESENTATION('',(#7185),#7189);
#7185 = LINE('',#7186,#7187);
#7186 = CARTESIAN_POINT('',(0.,0.));
#7187 = VECTOR('',#7188,1.);
#7188 = DIRECTION('',(1.,0.));
#7189 = ( GEOMETRIC_REPRESENTATION_CONTEXT(2) 
PARAMETRIC_REPRESENTATION_CONTEXT() REPRESENTATION_CONTEXT('2D SPACE',''
  ) );
#7190 = ADVANCED_FACE('',(#7191),#1507,.F.);
#7191 = FACE_BOUND('',#7192,.F.);
#7192 = EDGE_LOOP('',(#7193,#7194,#7195,#7218));
#7193 = ORIENTED_EDGE('',*,*,#7118,.F.);
#7194 = ORIENTED_EDGE('',*,*,#1494,.T.);
#7195 = ORIENTED_EDGE('',*,*,#7196,.T.);
#7196 = EDGE_CURVE('',#1469,#7197,#7199,.T.);
#7197 = VERTEX_POINT('',#7198);
#7198 = CARTESIAN_POINT('',(-37.065,30.62,3.655));
#7199 = SURFACE_CURVE('',#7200,(#7204,#7211),.PCURVE_S1.);
#7200 = LINE('',#7201,#7202);
#7201 = CARTESIAN_POINT('',(-37.065,30.62,2.75));
#7202 = VECTOR('',#7203,1.);
#7203 = DIRECTION('',(0.,0.,1.));
#7204 = PCURVE('',#1507,#7205);
#7205 = DEFINITIONAL_REPRESENTATION('',(#7206),#7210);
#7206 = LINE('',#7207,#7208);
#7207 = CARTESIAN_POINT('',(0.,-11.36));
#7208 = VECTOR('',#7209,1.);
#7209 = DIRECTION('',(1.,0.));
#7210 = ( GEOMETRIC_REPRESENTATION_CONTEXT(2) 
PARAMETRIC_REPRESENTATION_CONTEXT() REPRESENTATION_CONTEXT('2D SPACE',''
  ) );
#7211 = PCURVE('',#1483,#7212);
#7212 = DEFINITIONAL_REPRESENTATION('',(#7213),#7217);
#7213 = LINE('',#7214,#7215);
#7214 = CARTESIAN_POINT('',(0.,2.72));
#7215 = VECTOR('',#7216,1.);
#7216 = DIRECTION('',(1.,0.));
#7217 = ( GEOMETRIC_REPRESENTATION_CONTEXT(2) 
PARAMETRIC_REPRESENTATION_CONTEXT() REPRESENTATION_CONTEXT('2D SPACE',''
  ) );
#7218 = ORIENTED_EDGE('',*,*,#7219,.F.);
#7219 = EDGE_CURVE('',#7119,#7197,#7220,.T.);
#7220 = SURFACE_CURVE('',#7221,(#7225,#7232),.PCURVE_S1.);
#7221 = LINE('',#7222,#7223);
#7222 = CARTESIAN_POINT('',(-37.065,19.26,3.655));
#7223 = VECTOR('',#7224,1.);
#7224 = DIRECTION('',(0.,1.,0.));
#7225 = PCURVE('',#1507,#7226);
#7226 = DEFINITIONAL_REPRESENTATION('',(#7227),#7231);
#7227 = LINE('',#7228,#7229);
#7228 = CARTESIAN_POINT('',(0.905,0.));
#7229 = VECTOR('',#7230,1.);
#7230 = DIRECTION('',(0.,-1.));
#7231 = ( GEOMETRIC_REPRESENTATION_CONTEXT(2) 
PARAMETRIC_REPRESENTATION_CONTEXT() REPRESENTATION_CONTEXT('2D SPACE',''
  ) );
#7232 = PCURVE('',#7179,#7233);
#7233 = DEFINITIONAL_REPRESENTATION('',(#7234),#7238);
#7234 = LINE('',#7235,#7236);
#7235 = CARTESIAN_POINT('',(2.72,0.));
#7236 = VECTOR('',#7237,1.);
#7237 = DIRECTION('',(0.,1.));
#7238 = ( GEOMETRIC_REPRESENTATION_CONTEXT(2) 
PARAMETRIC_REPRESENTATION_CONTEXT() REPRESENTATION_CONTEXT('2D SPACE',''
  ) );
#7239 = ADVANCED_FACE('',(#7240),#1457,.T.);
#7240 = FACE_BOUND('',#7241,.T.);
#7241 = EDGE_LOOP('',(#7242,#7243,#7244,#7267));
#7242 = ORIENTED_EDGE('',*,*,#7142,.F.);
#7243 = ORIENTED_EDGE('',*,*,#1442,.T.);
#7244 = ORIENTED_EDGE('',*,*,#7245,.T.);
#7245 = EDGE_CURVE('',#1443,#7246,#7248,.T.);
#7246 = VERTEX_POINT('',#7247);
#7247 = CARTESIAN_POINT('',(-39.785,30.62,3.655));
#7248 = SURFACE_CURVE('',#7249,(#7253,#7260),.PCURVE_S1.);
#7249 = LINE('',#7250,#7251);
#7250 = CARTESIAN_POINT('',(-39.785,30.62,2.75));
#7251 = VECTOR('',#7252,1.);
#7252 = DIRECTION('',(0.,0.,1.));
#7253 = PCURVE('',#1457,#7254);
#7254 = DEFINITIONAL_REPRESENTATION('',(#7255),#7259);
#7255 = LINE('',#7256,#7257);
#7256 = CARTESIAN_POINT('',(0.,-11.36));
#7257 = VECTOR('',#7258,1.);
#7258 = DIRECTION('',(1.,0.));
#7259 = ( GEOMETRIC_REPRESENTATION_CONTEXT(2) 
PARAMETRIC_REPRESENTATION_CONTEXT() REPRESENTATION_CONTEXT('2D SPACE',''
  ) );
#7260 = PCURVE('',#1483,#7261);
#7261 = DEFINITIONAL_REPRESENTATION('',(#7262),#7266);
#7262 = LINE('',#7263,#7264);
#7263 = CARTESIAN_POINT('',(0.,0.));
#7264 = VECTOR('',#7265,1.);
#7265 = DIRECTION('',(1.,0.));
#7266 = ( GEOMETRIC_REPRESENTATION_CONTEXT(2) 
PARAMETRIC_REPRESENTATION_CONTEXT() REPRESENTATION_CONTEXT('2D SPACE',''
  ) );
#7267 = ORIENTED_EDGE('',*,*,#7268,.F.);
#7268 = EDGE_CURVE('',#7143,#7246,#7269,.T.);
#7269 = SURFACE_CURVE('',#7270,(#7274,#7281),.PCURVE_S1.);
#7270 = LINE('',#7271,#7272);
#7271 = CARTESIAN_POINT('',(-39.785,19.26,3.655));
#7272 = VECTOR('',#7273,1.);
#7273 = DIRECTION('',(0.,1.,0.));
#7274 = PCURVE('',#1457,#7275);
#7275 = DEFINITIONAL_REPRESENTATION('',(#7276),#7280);
#7276 = LINE('',#7277,#7278);
#7277 = CARTESIAN_POINT('',(0.905,0.));
#7278 = VECTOR('',#7279,1.);
#7279 = DIRECTION('',(0.,-1.));
#7280 = ( GEOMETRIC_REPRESENTATION_CONTEXT(2) 
PARAMETRIC_REPRESENTATION_CONTEXT() REPRESENTATION_CONTEXT('2D SPACE',''
  ) );
#7281 = PCURVE('',#7179,#7282);
#7282 = DEFINITIONAL_REPRESENTATION('',(#7283),#7287);
#7283 = LINE('',#7284,#7285);
#7284 = CARTESIAN_POINT('',(0.,0.));
#7285 = VECTOR('',#7286,1.);
#7286 = DIRECTION('',(0.,1.));
#7287 = ( GEOMETRIC_REPRESENTATION_CONTEXT(2) 
PARAMETRIC_REPRESENTATION_CONTEXT() REPRESENTATION_CONTEXT('2D SPACE',''
  ) );
#7288 = ADVANCED_FACE('',(#7289),#1483,.F.);
#7289 = FACE_BOUND('',#7290,.F.);
#7290 = EDGE_LOOP('',(#7291,#7292,#7293,#7294));
#7291 = ORIENTED_EDGE('',*,*,#7196,.F.);
#7292 = ORIENTED_EDGE('',*,*,#1468,.T.);
#7293 = ORIENTED_EDGE('',*,*,#7245,.T.);
#7294 = ORIENTED_EDGE('',*,*,#7295,.T.);
#7295 = EDGE_CURVE('',#7246,#7197,#7296,.T.);
#7296 = SURFACE_CURVE('',#7297,(#7301,#7308),.PCURVE_S1.);
#7297 = LINE('',#7298,#7299);
#7298 = CARTESIAN_POINT('',(-39.785,30.62,3.655));
#7299 = VECTOR('',#7300,1.);
#7300 = DIRECTION('',(1.,0.,0.));
#7301 = PCURVE('',#1483,#7302);
#7302 = DEFINITIONAL_REPRESENTATION('',(#7303),#7307);
#7303 = LINE('',#7304,#7305);
#7304 = CARTESIAN_POINT('',(0.905,0.));
#7305 = VECTOR('',#7306,1.);
#7306 = DIRECTION('',(0.,1.));
#7307 = ( GEOMETRIC_REPRESENTATION_CONTEXT(2) 
PARAMETRIC_REPRESENTATION_CONTEXT() REPRESENTATION_CONTEXT('2D SPACE',''
  ) );
#7308 = PCURVE('',#7179,#7309);
#7309 = DEFINITIONAL_REPRESENTATION('',(#7310),#7314);
#7310 = LINE('',#7311,#7312);
#7311 = CARTESIAN_POINT('',(0.,11.36));
#7312 = VECTOR('',#7313,1.);
#7313 = DIRECTION('',(1.,0.));
#7314 = ( GEOMETRIC_REPRESENTATION_CONTEXT(2) 
PARAMETRIC_REPRESENTATION_CONTEXT() REPRESENTATION_CONTEXT('2D SPACE',''
  ) );
#7315 = ADVANCED_FACE('',(#7316),#1537,.T.);
#7316 = FACE_BOUND('',#7317,.T.);
#7317 = EDGE_LOOP('',(#7318,#7341,#7342,#7365));
#7318 = ORIENTED_EDGE('',*,*,#7319,.F.);
#7319 = EDGE_CURVE('',#1521,#7320,#7322,.T.);
#7320 = VERTEX_POINT('',#7321);
#7321 = CARTESIAN_POINT('',(-11.95,7.68,4.2));
#7322 = SURFACE_CURVE('',#7323,(#7327,#7334),.PCURVE_S1.);
#7323 = LINE('',#7324,#7325);
#7324 = CARTESIAN_POINT('',(-11.95,7.68,2.7));
#7325 = VECTOR('',#7326,1.);
#7326 = DIRECTION('',(0.,0.,1.));
#7327 = PCURVE('',#1537,#7328);
#7328 = DEFINITIONAL_REPRESENTATION('',(#7329),#7333);
#7329 = LINE('',#7330,#7331);
#7330 = CARTESIAN_POINT('',(0.,14.2));
#7331 = VECTOR('',#7332,1.);
#7332 = DIRECTION('',(1.,0.));
#7333 = ( GEOMETRIC_REPRESENTATION_CONTEXT(2) 
PARAMETRIC_REPRESENTATION_CONTEXT() REPRESENTATION_CONTEXT('2D SPACE',''
  ) );
#7334 = PCURVE('',#1613,#7335);
#7335 = DEFINITIONAL_REPRESENTATION('',(#7336),#7340);
#7336 = LINE('',#7337,#7338);
#7337 = CARTESIAN_POINT('',(0.,0.));
#7338 = VECTOR('',#7339,1.);
#7339 = DIRECTION('',(1.,0.));
#7340 = ( GEOMETRIC_REPRESENTATION_CONTEXT(2) 
PARAMETRIC_REPRESENTATION_CONTEXT() REPRESENTATION_CONTEXT('2D SPACE',''
  ) );
#7341 = ORIENTED_EDGE('',*,*,#1520,.T.);
#7342 = ORIENTED_EDGE('',*,*,#7343,.T.);
#7343 = EDGE_CURVE('',#1523,#7344,#7346,.T.);
#7344 = VERTEX_POINT('',#7345);
#7345 = CARTESIAN_POINT('',(-26.15,7.68,4.2));
#7346 = SURFACE_CURVE('',#7347,(#7351,#7358),.PCURVE_S1.);
#7347 = LINE('',#7348,#7349);
#7348 = CARTESIAN_POINT('',(-26.15,7.68,2.7));
#7349 = VECTOR('',#7350,1.);
#7350 = DIRECTION('',(0.,0.,1.));
#7351 = PCURVE('',#1537,#7352);
#7352 = DEFINITIONAL_REPRESENTATION('',(#7353),#7357);
#7353 = LINE('',#7354,#7355);
#7354 = CARTESIAN_POINT('',(0.,0.));
#7355 = VECTOR('',#7356,1.);
#7356 = DIRECTION('',(1.,0.));
#7357 = ( GEOMETRIC_REPRESENTATION_CONTEXT(2) 
PARAMETRIC_REPRESENTATION_CONTEXT() REPRESENTATION_CONTEXT('2D SPACE',''
  ) );
#7358 = PCURVE('',#1563,#7359);
#7359 = DEFINITIONAL_REPRESENTATION('',(#7360),#7364);
#7360 = LINE('',#7361,#7362);
#7361 = CARTESIAN_POINT('',(0.,0.));
#7362 = VECTOR('',#7363,1.);
#7363 = DIRECTION('',(1.,0.));
#7364 = ( GEOMETRIC_REPRESENTATION_CONTEXT(2) 
PARAMETRIC_REPRESENTATION_CONTEXT() REPRESENTATION_CONTEXT('2D SPACE',''
  ) );
#7365 = ORIENTED_EDGE('',*,*,#7366,.F.);
#7366 = EDGE_CURVE('',#7320,#7344,#7367,.T.);
#7367 = SURFACE_CURVE('',#7368,(#7372,#7378),.PCURVE_S1.);
#7368 = LINE('',#7369,#7370);
#7369 = CARTESIAN_POINT('',(-35.825,7.68,4.2));
#7370 = VECTOR('',#7371,1.);
#7371 = DIRECTION('',(-1.,0.,0.));
#7372 = PCURVE('',#1537,#7373);
#7373 = DEFINITIONAL_REPRESENTATION('',(#7374),#7377);
#7374 = B_SPLINE_CURVE_WITH_KNOTS('',1,(#7375,#7376),.UNSPECIFIED.,.F.,
  .F.,(2,2),(-23.875,-9.675),.PIECEWISE_BEZIER_KNOTS.);
#7375 = CARTESIAN_POINT('',(1.5,14.2));
#7376 = CARTESIAN_POINT('',(1.5,0.));
#7377 = ( GEOMETRIC_REPRESENTATION_CONTEXT(2) 
PARAMETRIC_REPRESENTATION_CONTEXT() REPRESENTATION_CONTEXT('2D SPACE',''
  ) );
#7378 = PCURVE('',#7379,#7384);
#7379 = PLANE('',#7380);
#7380 = AXIS2_PLACEMENT_3D('',#7381,#7382,#7383);
#7381 = CARTESIAN_POINT('',(-45.5,-51.25,4.2));
#7382 = DIRECTION('',(0.,0.,1.));
#7383 = DIRECTION('',(1.,0.,0.));
#7384 = DEFINITIONAL_REPRESENTATION('',(#7385),#7388);
#7385 = B_SPLINE_CURVE_WITH_KNOTS('',1,(#7386,#7387),.UNSPECIFIED.,.F.,
  .F.,(2,2),(-23.875,-9.675),.PIECEWISE_BEZIER_KNOTS.);
#7386 = CARTESIAN_POINT('',(33.55,58.93));
#7387 = CARTESIAN_POINT('',(19.35,58.93));
#7388 = ( GEOMETRIC_REPRESENTATION_CONTEXT(2) 
PARAMETRIC_REPRESENTATION_CONTEXT() REPRESENTATION_CONTEXT('2D SPACE',''
  ) );
#7389 = ADVANCED_FACE('',(#7390),#1613,.F.);
#7390 = FACE_BOUND('',#7391,.F.);
#7391 = EDGE_LOOP('',(#7392,#7393,#7394,#7417));
#7392 = ORIENTED_EDGE('',*,*,#7319,.F.);
#7393 = ORIENTED_EDGE('',*,*,#1600,.T.);
#7394 = ORIENTED_EDGE('',*,*,#7395,.T.);
#7395 = EDGE_CURVE('',#1575,#7396,#7398,.T.);
#7396 = VERTEX_POINT('',#7397);
#7397 = CARTESIAN_POINT('',(-11.95,21.88,4.2));
#7398 = SURFACE_CURVE('',#7399,(#7403,#7410),.PCURVE_S1.);
#7399 = LINE('',#7400,#7401);
#7400 = CARTESIAN_POINT('',(-11.95,21.88,2.7));
#7401 = VECTOR('',#7402,1.);
#7402 = DIRECTION('',(0.,0.,1.));
#7403 = PCURVE('',#1613,#7404);
#7404 = DEFINITIONAL_REPRESENTATION('',(#7405),#7409);
#7405 = LINE('',#7406,#7407);
#7406 = CARTESIAN_POINT('',(0.,-14.2));
#7407 = VECTOR('',#7408,1.);
#7408 = DIRECTION('',(1.,0.));
#7409 = ( GEOMETRIC_REPRESENTATION_CONTEXT(2) 
PARAMETRIC_REPRESENTATION_CONTEXT() REPRESENTATION_CONTEXT('2D SPACE',''
  ) );
#7410 = PCURVE('',#1589,#7411);
#7411 = DEFINITIONAL_REPRESENTATION('',(#7412),#7416);
#7412 = LINE('',#7413,#7414);
#7413 = CARTESIAN_POINT('',(0.,14.2));
#7414 = VECTOR('',#7415,1.);
#7415 = DIRECTION('',(1.,0.));
#7416 = ( GEOMETRIC_REPRESENTATION_CONTEXT(2) 
PARAMETRIC_REPRESENTATION_CONTEXT() REPRESENTATION_CONTEXT('2D SPACE',''
  ) );
#7417 = ORIENTED_EDGE('',*,*,#7418,.F.);
#7418 = EDGE_CURVE('',#7320,#7396,#7419,.T.);
#7419 = SURFACE_CURVE('',#7420,(#7424,#7430),.PCURVE_S1.);
#7420 = LINE('',#7421,#7422);
#7421 = CARTESIAN_POINT('',(-11.95,-21.785,4.2));
#7422 = VECTOR('',#7423,1.);
#7423 = DIRECTION('',(0.,1.,0.));
#7424 = PCURVE('',#1613,#7425);
#7425 = DEFINITIONAL_REPRESENTATION('',(#7426),#7429);
#7426 = B_SPLINE_CURVE_WITH_KNOTS('',1,(#7427,#7428),.UNSPECIFIED.,.F.,
  .F.,(2,2),(29.465,43.665),.PIECEWISE_BEZIER_KNOTS.);
#7427 = CARTESIAN_POINT('',(1.5,0.));
#7428 = CARTESIAN_POINT('',(1.5,-14.2));
#7429 = ( GEOMETRIC_REPRESENTATION_CONTEXT(2) 
PARAMETRIC_REPRESENTATION_CONTEXT() REPRESENTATION_CONTEXT('2D SPACE',''
  ) );
#7430 = PCURVE('',#7379,#7431);
#7431 = DEFINITIONAL_REPRESENTATION('',(#7432),#7435);
#7432 = B_SPLINE_CURVE_WITH_KNOTS('',1,(#7433,#7434),.UNSPECIFIED.,.F.,
  .F.,(2,2),(29.465,43.665),.PIECEWISE_BEZIER_KNOTS.);
#7433 = CARTESIAN_POINT('',(33.55,58.93));
#7434 = CARTESIAN_POINT('',(33.55,73.13));
#7435 = ( GEOMETRIC_REPRESENTATION_CONTEXT(2) 
PARAMETRIC_REPRESENTATION_CONTEXT() REPRESENTATION_CONTEXT('2D SPACE',''
  ) );
#7436 = ADVANCED_FACE('',(#7437),#1563,.T.);
#7437 = FACE_BOUND('',#7438,.T.);
#7438 = EDGE_LOOP('',(#7439,#7440,#7441,#7464));
#7439 = ORIENTED_EDGE('',*,*,#7343,.F.);
#7440 = ORIENTED_EDGE('',*,*,#1548,.T.);
#7441 = ORIENTED_EDGE('',*,*,#7442,.T.);
#7442 = EDGE_CURVE('',#1549,#7443,#7445,.T.);
#7443 = VERTEX_POINT('',#7444);
#7444 = CARTESIAN_POINT('',(-26.15,21.88,4.2));
#7445 = SURFACE_CURVE('',#7446,(#7450,#7457),.PCURVE_S1.);
#7446 = LINE('',#7447,#7448);
#7447 = CARTESIAN_POINT('',(-26.15,21.88,2.7));
#7448 = VECTOR('',#7449,1.);
#7449 = DIRECTION('',(0.,0.,1.));
#7450 = PCURVE('',#1563,#7451);
#7451 = DEFINITIONAL_REPRESENTATION('',(#7452),#7456);
#7452 = LINE('',#7453,#7454);
#7453 = CARTESIAN_POINT('',(0.,-14.2));
#7454 = VECTOR('',#7455,1.);
#7455 = DIRECTION('',(1.,0.));
#7456 = ( GEOMETRIC_REPRESENTATION_CONTEXT(2) 
PARAMETRIC_REPRESENTATION_CONTEXT() REPRESENTATION_CONTEXT('2D SPACE',''
  ) );
#7457 = PCURVE('',#1589,#7458);
#7458 = DEFINITIONAL_REPRESENTATION('',(#7459),#7463);
#7459 = LINE('',#7460,#7461);
#7460 = CARTESIAN_POINT('',(0.,0.));
#7461 = VECTOR('',#7462,1.);
#7462 = DIRECTION('',(1.,0.));
#7463 = ( GEOMETRIC_REPRESENTATION_CONTEXT(2) 
PARAMETRIC_REPRESENTATION_CONTEXT() REPRESENTATION_CONTEXT('2D SPACE',''
  ) );
#7464 = ORIENTED_EDGE('',*,*,#7465,.F.);
#7465 = EDGE_CURVE('',#7344,#7443,#7466,.T.);
#7466 = SURFACE_CURVE('',#7467,(#7471,#7477),.PCURVE_S1.);
#7467 = LINE('',#7468,#7469);
#7468 = CARTESIAN_POINT('',(-26.15,-21.785,4.2));
#7469 = VECTOR('',#7470,1.);
#7470 = DIRECTION('',(0.,1.,0.));
#7471 = PCURVE('',#1563,#7472);
#7472 = DEFINITIONAL_REPRESENTATION('',(#7473),#7476);
#7473 = B_SPLINE_CURVE_WITH_KNOTS('',1,(#7474,#7475),.UNSPECIFIED.,.F.,
  .F.,(2,2),(29.465,43.665),.PIECEWISE_BEZIER_KNOTS.);
#7474 = CARTESIAN_POINT('',(1.5,0.));
#7475 = CARTESIAN_POINT('',(1.5,-14.2));
#7476 = ( GEOMETRIC_REPRESENTATION_CONTEXT(2) 
PARAMETRIC_REPRESENTATION_CONTEXT() REPRESENTATION_CONTEXT('2D SPACE',''
  ) );
#7477 = PCURVE('',#7379,#7478);
#7478 = DEFINITIONAL_REPRESENTATION('',(#7479),#7482);
#7479 = B_SPLINE_CURVE_WITH_KNOTS('',1,(#7480,#7481),.UNSPECIFIED.,.F.,
  .F.,(2,2),(29.465,43.665),.PIECEWISE_BEZIER_KNOTS.);
#7480 = CARTESIAN_POINT('',(19.35,58.93));
#7481 = CARTESIAN_POINT('',(19.35,73.13));
#7482 = ( GEOMETRIC_REPRESENTATION_CONTEXT(2) 
PARAMETRIC_REPRESENTATION_CONTEXT() REPRESENTATION_CONTEXT('2D SPACE',''
  ) );
#7483 = ADVANCED_FACE('',(#7484),#1589,.F.);
#7484 = FACE_BOUND('',#7485,.F.);
#7485 = EDGE_LOOP('',(#7486,#7487,#7488,#7489));
#7486 = ORIENTED_EDGE('',*,*,#7395,.F.);
#7487 = ORIENTED_EDGE('',*,*,#1574,.T.);
#7488 = ORIENTED_EDGE('',*,*,#7442,.T.);
#7489 = ORIENTED_EDGE('',*,*,#7490,.F.);
#7490 = EDGE_CURVE('',#7396,#7443,#7491,.T.);
#7491 = SURFACE_CURVE('',#7492,(#7496,#7502),.PCURVE_S1.);
#7492 = LINE('',#7493,#7494);
#7493 = CARTESIAN_POINT('',(-35.825,21.88,4.2));
#7494 = VECTOR('',#7495,1.);
#7495 = DIRECTION('',(-1.,0.,0.));
#7496 = PCURVE('',#1589,#7497);
#7497 = DEFINITIONAL_REPRESENTATION('',(#7498),#7501);
#7498 = B_SPLINE_CURVE_WITH_KNOTS('',1,(#7499,#7500),.UNSPECIFIED.,.F.,
  .F.,(2,2),(-23.875,-9.675),.PIECEWISE_BEZIER_KNOTS.);
#7499 = CARTESIAN_POINT('',(1.5,14.2));
#7500 = CARTESIAN_POINT('',(1.5,0.));
#7501 = ( GEOMETRIC_REPRESENTATION_CONTEXT(2) 
PARAMETRIC_REPRESENTATION_CONTEXT() REPRESENTATION_CONTEXT('2D SPACE',''
  ) );
#7502 = PCURVE('',#7379,#7503);
#7503 = DEFINITIONAL_REPRESENTATION('',(#7504),#7507);
#7504 = B_SPLINE_CURVE_WITH_KNOTS('',1,(#7505,#7506),.UNSPECIFIED.,.F.,
  .F.,(2,2),(-23.875,-9.675),.PIECEWISE_BEZIER_KNOTS.);
#7505 = CARTESIAN_POINT('',(33.55,73.13));
#7506 = CARTESIAN_POINT('',(19.35,73.13));
#7507 = ( GEOMETRIC_REPRESENTATION_CONTEXT(2) 
PARAMETRIC_REPRESENTATION_CONTEXT() REPRESENTATION_CONTEXT('2D SPACE',''
  ) );
#7508 = ADVANCED_FACE('',(#7509),#1647,.F.);
#7509 = FACE_BOUND('',#7510,.T.);
#7510 = EDGE_LOOP('',(#7511,#7534,#7535,#7536));
#7511 = ORIENTED_EDGE('',*,*,#7512,.F.);
#7512 = EDGE_CURVE('',#1627,#7513,#7515,.T.);
#7513 = VERTEX_POINT('',#7514);
#7514 = CARTESIAN_POINT('',(-29.675,29.2,4.6));
#7515 = SEAM_CURVE('',#7516,(#7520,#7527),.PCURVE_S1.);
#7516 = LINE('',#7517,#7518);
#7517 = CARTESIAN_POINT('',(-29.675,29.2,2.4));
#7518 = VECTOR('',#7519,1.);
#7519 = DIRECTION('',(0.,0.,1.));
#7520 = PCURVE('',#1647,#7521);
#7521 = DEFINITIONAL_REPRESENTATION('',(#7522),#7526);
#7522 = LINE('',#7523,#7524);
#7523 = CARTESIAN_POINT('',(-6.28318530718,0.));
#7524 = VECTOR('',#7525,1.);
#7525 = DIRECTION('',(-0.,-1.));
#7526 = ( GEOMETRIC_REPRESENTATION_CONTEXT(2) 
PARAMETRIC_REPRESENTATION_CONTEXT() REPRESENTATION_CONTEXT('2D SPACE',''
  ) );
#7527 = PCURVE('',#1647,#7528);
#7528 = DEFINITIONAL_REPRESENTATION('',(#7529),#7533);
#7529 = LINE('',#7530,#7531);
#7530 = CARTESIAN_POINT('',(-0.,0.));
#7531 = VECTOR('',#7532,1.);
#7532 = DIRECTION('',(-0.,-1.));
#7533 = ( GEOMETRIC_REPRESENTATION_CONTEXT(2) 
PARAMETRIC_REPRESENTATION_CONTEXT() REPRESENTATION_CONTEXT('2D SPACE',''
  ) );
#7534 = ORIENTED_EDGE('',*,*,#1626,.T.);
#7535 = ORIENTED_EDGE('',*,*,#7512,.T.);
#7536 = ORIENTED_EDGE('',*,*,#7537,.F.);
#7537 = EDGE_CURVE('',#7513,#7513,#7538,.T.);
#7538 = SURFACE_CURVE('',#7539,(#7544,#7551),.PCURVE_S1.);
#7539 = CIRCLE('',#7540,1.7);
#7540 = AXIS2_PLACEMENT_3D('',#7541,#7542,#7543);
#7541 = CARTESIAN_POINT('',(-31.375,29.2,4.6));
#7542 = DIRECTION('',(0.,0.,-1.));
#7543 = DIRECTION('',(1.,0.,0.));
#7544 = PCURVE('',#1647,#7545);
#7545 = DEFINITIONAL_REPRESENTATION('',(#7546),#7550);
#7546 = LINE('',#7547,#7548);
#7547 = CARTESIAN_POINT('',(-6.28318530718,-2.2));
#7548 = VECTOR('',#7549,1.);
#7549 = DIRECTION('',(1.,-0.));
#7550 = ( GEOMETRIC_REPRESENTATION_CONTEXT(2) 
PARAMETRIC_REPRESENTATION_CONTEXT() REPRESENTATION_CONTEXT('2D SPACE',''
  ) );
#7551 = PCURVE('',#7552,#7557);
#7552 = PLANE('',#7553);
#7553 = AXIS2_PLACEMENT_3D('',#7554,#7555,#7556);
#7554 = CARTESIAN_POINT('',(-31.375,29.2,4.6));
#7555 = DIRECTION('',(0.,0.,1.));
#7556 = DIRECTION('',(1.,0.,-0.));
#7557 = DEFINITIONAL_REPRESENTATION('',(#7558),#7566);
#7558 = ( BOUNDED_CURVE() B_SPLINE_CURVE(2,(#7559,#7560,#7561,#7562,
#7563,#7564,#7565),.UNSPECIFIED.,.T.,.F.) B_SPLINE_CURVE_WITH_KNOTS((1,2
    ,2,2,2,1),(-2.094395102393,0.,2.094395102393,4.188790204786,
6.28318530718,8.377580409573),.UNSPECIFIED.) CURVE() 
GEOMETRIC_REPRESENTATION_ITEM() RATIONAL_B_SPLINE_CURVE((1.,0.5,1.,0.5,
1.,0.5,1.)) REPRESENTATION_ITEM('') );
#7559 = CARTESIAN_POINT('',(1.7,0.));
#7560 = CARTESIAN_POINT('',(1.7,-2.944486372867));
#7561 = CARTESIAN_POINT('',(-0.85,-1.472243186434));
#7562 = CARTESIAN_POINT('',(-3.4,-4.163799117101E-16));
#7563 = CARTESIAN_POINT('',(-0.85,1.472243186434));
#7564 = CARTESIAN_POINT('',(1.7,2.944486372867));
#7565 = CARTESIAN_POINT('',(1.7,0.));
#7566 = ( GEOMETRIC_REPRESENTATION_CONTEXT(2) 
PARAMETRIC_REPRESENTATION_CONTEXT() REPRESENTATION_CONTEXT('2D SPACE',''
  ) );
#7567 = ADVANCED_FACE('',(#7568),#1678,.T.);
#7568 = FACE_BOUND('',#7569,.T.);
#7569 = EDGE_LOOP('',(#7570,#7593,#7594,#7617));
#7570 = ORIENTED_EDGE('',*,*,#7571,.F.);
#7571 = EDGE_CURVE('',#1662,#7572,#7574,.T.);
#7572 = VERTEX_POINT('',#7573);
#7573 = CARTESIAN_POINT('',(-12.665,29.37,3.655));
#7574 = SURFACE_CURVE('',#7575,(#7579,#7586),.PCURVE_S1.);
#7575 = LINE('',#7576,#7577);
#7576 = CARTESIAN_POINT('',(-12.665,29.37,2.75));
#7577 = VECTOR('',#7578,1.);
#7578 = DIRECTION('',(0.,0.,1.));
#7579 = PCURVE('',#1678,#7580);
#7580 = DEFINITIONAL_REPRESENTATION('',(#7581),#7585);
#7581 = LINE('',#7582,#7583);
#7582 = CARTESIAN_POINT('',(0.,11.3600001));
#7583 = VECTOR('',#7584,1.);
#7584 = DIRECTION('',(1.,0.));
#7585 = ( GEOMETRIC_REPRESENTATION_CONTEXT(2) 
PARAMETRIC_REPRESENTATION_CONTEXT() REPRESENTATION_CONTEXT('2D SPACE',''
  ) );
#7586 = PCURVE('',#1754,#7587);
#7587 = DEFINITIONAL_REPRESENTATION('',(#7588),#7592);
#7588 = LINE('',#7589,#7590);
#7589 = CARTESIAN_POINT('',(0.,0.));
#7590 = VECTOR('',#7591,1.);
#7591 = DIRECTION('',(1.,0.));
#7592 = ( GEOMETRIC_REPRESENTATION_CONTEXT(2) 
PARAMETRIC_REPRESENTATION_CONTEXT() REPRESENTATION_CONTEXT('2D SPACE',''
  ) );
#7593 = ORIENTED_EDGE('',*,*,#1661,.T.);
#7594 = ORIENTED_EDGE('',*,*,#7595,.T.);
#7595 = EDGE_CURVE('',#1664,#7596,#7598,.T.);
#7596 = VERTEX_POINT('',#7597);
#7597 = CARTESIAN_POINT('',(-24.0250001,29.37,3.655));
#7598 = SURFACE_CURVE('',#7599,(#7603,#7610),.PCURVE_S1.);
#7599 = LINE('',#7600,#7601);
#7600 = CARTESIAN_POINT('',(-24.0250001,29.37,2.75));
#7601 = VECTOR('',#7602,1.);
#7602 = DIRECTION('',(0.,0.,1.));
#7603 = PCURVE('',#1678,#7604);
#7604 = DEFINITIONAL_REPRESENTATION('',(#7605),#7609);
#7605 = LINE('',#7606,#7607);
#7606 = CARTESIAN_POINT('',(0.,0.));
#7607 = VECTOR('',#7608,1.);
#7608 = DIRECTION('',(1.,0.));
#7609 = ( GEOMETRIC_REPRESENTATION_CONTEXT(2) 
PARAMETRIC_REPRESENTATION_CONTEXT() REPRESENTATION_CONTEXT('2D SPACE',''
  ) );
#7610 = PCURVE('',#1704,#7611);
#7611 = DEFINITIONAL_REPRESENTATION('',(#7612),#7616);
#7612 = LINE('',#7613,#7614);
#7613 = CARTESIAN_POINT('',(0.,0.));
#7614 = VECTOR('',#7615,1.);
#7615 = DIRECTION('',(1.,0.));
#7616 = ( GEOMETRIC_REPRESENTATION_CONTEXT(2) 
PARAMETRIC_REPRESENTATION_CONTEXT() REPRESENTATION_CONTEXT('2D SPACE',''
  ) );
#7617 = ORIENTED_EDGE('',*,*,#7618,.T.);
#7618 = EDGE_CURVE('',#7596,#7572,#7619,.T.);
#7619 = SURFACE_CURVE('',#7620,(#7624,#7631),.PCURVE_S1.);
#7620 = LINE('',#7621,#7622);
#7621 = CARTESIAN_POINT('',(-24.0250001,29.37,3.655));
#7622 = VECTOR('',#7623,1.);
#7623 = DIRECTION('',(1.,0.,0.));
#7624 = PCURVE('',#1678,#7625);
#7625 = DEFINITIONAL_REPRESENTATION('',(#7626),#7630);
#7626 = LINE('',#7627,#7628);
#7627 = CARTESIAN_POINT('',(0.905,0.));
#7628 = VECTOR('',#7629,1.);
#7629 = DIRECTION('',(0.,1.));
#7630 = ( GEOMETRIC_REPRESENTATION_CONTEXT(2) 
PARAMETRIC_REPRESENTATION_CONTEXT() REPRESENTATION_CONTEXT('2D SPACE',''
  ) );
#7631 = PCURVE('',#7632,#7637);
#7632 = PLANE('',#7633);
#7633 = AXIS2_PLACEMENT_3D('',#7634,#7635,#7636);
#7634 = CARTESIAN_POINT('',(-24.0250001,29.37,3.655));
#7635 = DIRECTION('',(0.,0.,1.));
#7636 = DIRECTION('',(1.,0.,0.));
#7637 = DEFINITIONAL_REPRESENTATION('',(#7638),#7642);
#7638 = LINE('',#7639,#7640);
#7639 = CARTESIAN_POINT('',(0.,0.));
#7640 = VECTOR('',#7641,1.);
#7641 = DIRECTION('',(1.,0.));
#7642 = ( GEOMETRIC_REPRESENTATION_CONTEXT(2) 
PARAMETRIC_REPRESENTATION_CONTEXT() REPRESENTATION_CONTEXT('2D SPACE',''
  ) );
#7643 = ADVANCED_FACE('',(#7644),#1754,.F.);
#7644 = FACE_BOUND('',#7645,.F.);
#7645 = EDGE_LOOP('',(#7646,#7647,#7648,#7671));
#7646 = ORIENTED_EDGE('',*,*,#7571,.F.);
#7647 = ORIENTED_EDGE('',*,*,#1741,.T.);
#7648 = ORIENTED_EDGE('',*,*,#7649,.T.);
#7649 = EDGE_CURVE('',#1716,#7650,#7652,.T.);
#7650 = VERTEX_POINT('',#7651);
#7651 = CARTESIAN_POINT('',(-12.665,32.09,3.655));
#7652 = SURFACE_CURVE('',#7653,(#7657,#7664),.PCURVE_S1.);
#7653 = LINE('',#7654,#7655);
#7654 = CARTESIAN_POINT('',(-12.665,32.09,2.75));
#7655 = VECTOR('',#7656,1.);
#7656 = DIRECTION('',(0.,0.,1.));
#7657 = PCURVE('',#1754,#7658);
#7658 = DEFINITIONAL_REPRESENTATION('',(#7659),#7663);
#7659 = LINE('',#7660,#7661);
#7660 = CARTESIAN_POINT('',(0.,-2.72));
#7661 = VECTOR('',#7662,1.);
#7662 = DIRECTION('',(1.,0.));
#7663 = ( GEOMETRIC_REPRESENTATION_CONTEXT(2) 
PARAMETRIC_REPRESENTATION_CONTEXT() REPRESENTATION_CONTEXT('2D SPACE',''
  ) );
#7664 = PCURVE('',#1730,#7665);
#7665 = DEFINITIONAL_REPRESENTATION('',(#7666),#7670);
#7666 = LINE('',#7667,#7668);
#7667 = CARTESIAN_POINT('',(0.,11.3600001));
#7668 = VECTOR('',#7669,1.);
#7669 = DIRECTION('',(1.,0.));
#7670 = ( GEOMETRIC_REPRESENTATION_CONTEXT(2) 
PARAMETRIC_REPRESENTATION_CONTEXT() REPRESENTATION_CONTEXT('2D SPACE',''
  ) );
#7671 = ORIENTED_EDGE('',*,*,#7672,.F.);
#7672 = EDGE_CURVE('',#7572,#7650,#7673,.T.);
#7673 = SURFACE_CURVE('',#7674,(#7678,#7685),.PCURVE_S1.);
#7674 = LINE('',#7675,#7676);
#7675 = CARTESIAN_POINT('',(-12.665,29.37,3.655));
#7676 = VECTOR('',#7677,1.);
#7677 = DIRECTION('',(0.,1.,0.));
#7678 = PCURVE('',#1754,#7679);
#7679 = DEFINITIONAL_REPRESENTATION('',(#7680),#7684);
#7680 = LINE('',#7681,#7682);
#7681 = CARTESIAN_POINT('',(0.905,0.));
#7682 = VECTOR('',#7683,1.);
#7683 = DIRECTION('',(0.,-1.));
#7684 = ( GEOMETRIC_REPRESENTATION_CONTEXT(2) 
PARAMETRIC_REPRESENTATION_CONTEXT() REPRESENTATION_CONTEXT('2D SPACE',''
  ) );
#7685 = PCURVE('',#7632,#7686);
#7686 = DEFINITIONAL_REPRESENTATION('',(#7687),#7691);
#7687 = LINE('',#7688,#7689);
#7688 = CARTESIAN_POINT('',(11.3600001,0.));
#7689 = VECTOR('',#7690,1.);
#7690 = DIRECTION('',(0.,1.));
#7691 = ( GEOMETRIC_REPRESENTATION_CONTEXT(2) 
PARAMETRIC_REPRESENTATION_CONTEXT() REPRESENTATION_CONTEXT('2D SPACE',''
  ) );
#7692 = ADVANCED_FACE('',(#7693),#1704,.T.);
#7693 = FACE_BOUND('',#7694,.T.);
#7694 = EDGE_LOOP('',(#7695,#7696,#7697,#7720));
#7695 = ORIENTED_EDGE('',*,*,#7595,.F.);
#7696 = ORIENTED_EDGE('',*,*,#1689,.T.);
#7697 = ORIENTED_EDGE('',*,*,#7698,.T.);
#7698 = EDGE_CURVE('',#1690,#7699,#7701,.T.);
#7699 = VERTEX_POINT('',#7700);
#7700 = CARTESIAN_POINT('',(-24.0250001,32.09,3.655));
#7701 = SURFACE_CURVE('',#7702,(#7706,#7713),.PCURVE_S1.);
#7702 = LINE('',#7703,#7704);
#7703 = CARTESIAN_POINT('',(-24.0250001,32.09,2.75));
#7704 = VECTOR('',#7705,1.);
#7705 = DIRECTION('',(0.,0.,1.));
#7706 = PCURVE('',#1704,#7707);
#7707 = DEFINITIONAL_REPRESENTATION('',(#7708),#7712);
#7708 = LINE('',#7709,#7710);
#7709 = CARTESIAN_POINT('',(0.,-2.72));
#7710 = VECTOR('',#7711,1.);
#7711 = DIRECTION('',(1.,0.));
#7712 = ( GEOMETRIC_REPRESENTATION_CONTEXT(2) 
PARAMETRIC_REPRESENTATION_CONTEXT() REPRESENTATION_CONTEXT('2D SPACE',''
  ) );
#7713 = PCURVE('',#1730,#7714);
#7714 = DEFINITIONAL_REPRESENTATION('',(#7715),#7719);
#7715 = LINE('',#7716,#7717);
#7716 = CARTESIAN_POINT('',(0.,0.));
#7717 = VECTOR('',#7718,1.);
#7718 = DIRECTION('',(1.,0.));
#7719 = ( GEOMETRIC_REPRESENTATION_CONTEXT(2) 
PARAMETRIC_REPRESENTATION_CONTEXT() REPRESENTATION_CONTEXT('2D SPACE',''
  ) );
#7720 = ORIENTED_EDGE('',*,*,#7721,.F.);
#7721 = EDGE_CURVE('',#7596,#7699,#7722,.T.);
#7722 = SURFACE_CURVE('',#7723,(#7727,#7734),.PCURVE_S1.);
#7723 = LINE('',#7724,#7725);
#7724 = CARTESIAN_POINT('',(-24.0250001,29.37,3.655));
#7725 = VECTOR('',#7726,1.);
#7726 = DIRECTION('',(0.,1.,0.));
#7727 = PCURVE('',#1704,#7728);
#7728 = DEFINITIONAL_REPRESENTATION('',(#7729),#7733);
#7729 = LINE('',#7730,#7731);
#7730 = CARTESIAN_POINT('',(0.905,0.));
#7731 = VECTOR('',#7732,1.);
#7732 = DIRECTION('',(0.,-1.));
#7733 = ( GEOMETRIC_REPRESENTATION_CONTEXT(2) 
PARAMETRIC_REPRESENTATION_CONTEXT() REPRESENTATION_CONTEXT('2D SPACE',''
  ) );
#7734 = PCURVE('',#7632,#7735);
#7735 = DEFINITIONAL_REPRESENTATION('',(#7736),#7740);
#7736 = LINE('',#7737,#7738);
#7737 = CARTESIAN_POINT('',(0.,0.));
#7738 = VECTOR('',#7739,1.);
#7739 = DIRECTION('',(0.,1.));
#7740 = ( GEOMETRIC_REPRESENTATION_CONTEXT(2) 
PARAMETRIC_REPRESENTATION_CONTEXT() REPRESENTATION_CONTEXT('2D SPACE',''
  ) );
#7741 = ADVANCED_FACE('',(#7742),#1730,.F.);
#7742 = FACE_BOUND('',#7743,.F.);
#7743 = EDGE_LOOP('',(#7744,#7745,#7746,#7747));
#7744 = ORIENTED_EDGE('',*,*,#7649,.F.);
#7745 = ORIENTED_EDGE('',*,*,#1715,.T.);
#7746 = ORIENTED_EDGE('',*,*,#7698,.T.);
#7747 = ORIENTED_EDGE('',*,*,#7748,.T.);
#7748 = EDGE_CURVE('',#7699,#7650,#7749,.T.);
#7749 = SURFACE_CURVE('',#7750,(#7754,#7761),.PCURVE_S1.);
#7750 = LINE('',#7751,#7752);
#7751 = CARTESIAN_POINT('',(-24.0250001,32.09,3.655));
#7752 = VECTOR('',#7753,1.);
#7753 = DIRECTION('',(1.,0.,0.));
#7754 = PCURVE('',#1730,#7755);
#7755 = DEFINITIONAL_REPRESENTATION('',(#7756),#7760);
#7756 = LINE('',#7757,#7758);
#7757 = CARTESIAN_POINT('',(0.905,0.));
#7758 = VECTOR('',#7759,1.);
#7759 = DIRECTION('',(0.,1.));
#7760 = ( GEOMETRIC_REPRESENTATION_CONTEXT(2) 
PARAMETRIC_REPRESENTATION_CONTEXT() REPRESENTATION_CONTEXT('2D SPACE',''
  ) );
#7761 = PCURVE('',#7632,#7762);
#7762 = DEFINITIONAL_REPRESENTATION('',(#7763),#7767);
#7763 = LINE('',#7764,#7765);
#7764 = CARTESIAN_POINT('',(0.,2.72));
#7765 = VECTOR('',#7766,1.);
#7766 = DIRECTION('',(1.,0.));
#7767 = ( GEOMETRIC_REPRESENTATION_CONTEXT(2) 
PARAMETRIC_REPRESENTATION_CONTEXT() REPRESENTATION_CONTEXT('2D SPACE',''
  ) );
#7768 = ADVANCED_FACE('',(#7769),#1784,.T.);
#7769 = FACE_BOUND('',#7770,.T.);
#7770 = EDGE_LOOP('',(#7771,#7794,#7795,#7818));
#7771 = ORIENTED_EDGE('',*,*,#7772,.F.);
#7772 = EDGE_CURVE('',#1768,#7773,#7775,.T.);
#7773 = VERTEX_POINT('',#7774);
#7774 = CARTESIAN_POINT('',(1.335,29.37,3.655));
#7775 = SURFACE_CURVE('',#7776,(#7780,#7787),.PCURVE_S1.);
#7776 = LINE('',#7777,#7778);
#7777 = CARTESIAN_POINT('',(1.335,29.37,2.75));
#7778 = VECTOR('',#7779,1.);
#7779 = DIRECTION('',(0.,0.,1.));
#7780 = PCURVE('',#1784,#7781);
#7781 = DEFINITIONAL_REPRESENTATION('',(#7782),#7786);
#7782 = LINE('',#7783,#7784);
#7783 = CARTESIAN_POINT('',(0.,11.36));
#7784 = VECTOR('',#7785,1.);
#7785 = DIRECTION('',(1.,0.));
#7786 = ( GEOMETRIC_REPRESENTATION_CONTEXT(2) 
PARAMETRIC_REPRESENTATION_CONTEXT() REPRESENTATION_CONTEXT('2D SPACE',''
  ) );
#7787 = PCURVE('',#1860,#7788);
#7788 = DEFINITIONAL_REPRESENTATION('',(#7789),#7793);
#7789 = LINE('',#7790,#7791);
#7790 = CARTESIAN_POINT('',(0.,0.));
#7791 = VECTOR('',#7792,1.);
#7792 = DIRECTION('',(1.,0.));
#7793 = ( GEOMETRIC_REPRESENTATION_CONTEXT(2) 
PARAMETRIC_REPRESENTATION_CONTEXT() REPRESENTATION_CONTEXT('2D SPACE',''
  ) );
#7794 = ORIENTED_EDGE('',*,*,#1767,.T.);
#7795 = ORIENTED_EDGE('',*,*,#7796,.T.);
#7796 = EDGE_CURVE('',#1770,#7797,#7799,.T.);
#7797 = VERTEX_POINT('',#7798);
#7798 = CARTESIAN_POINT('',(-10.025,29.37,3.655));
#7799 = SURFACE_CURVE('',#7800,(#7804,#7811),.PCURVE_S1.);
#7800 = LINE('',#7801,#7802);
#7801 = CARTESIAN_POINT('',(-10.025,29.37,2.75));
#7802 = VECTOR('',#7803,1.);
#7803 = DIRECTION('',(0.,0.,1.));
#7804 = PCURVE('',#1784,#7805);
#7805 = DEFINITIONAL_REPRESENTATION('',(#7806),#7810);
#7806 = LINE('',#7807,#7808);
#7807 = CARTESIAN_POINT('',(0.,0.));
#7808 = VECTOR('',#7809,1.);
#7809 = DIRECTION('',(1.,0.));
#7810 = ( GEOMETRIC_REPRESENTATION_CONTEXT(2) 
PARAMETRIC_REPRESENTATION_CONTEXT() REPRESENTATION_CONTEXT('2D SPACE',''
  ) );
#7811 = PCURVE('',#1810,#7812);
#7812 = DEFINITIONAL_REPRESENTATION('',(#7813),#7817);
#7813 = LINE('',#7814,#7815);
#7814 = CARTESIAN_POINT('',(0.,0.));
#7815 = VECTOR('',#7816,1.);
#7816 = DIRECTION('',(1.,0.));
#7817 = ( GEOMETRIC_REPRESENTATION_CONTEXT(2) 
PARAMETRIC_REPRESENTATION_CONTEXT() REPRESENTATION_CONTEXT('2D SPACE',''
  ) );
#7818 = ORIENTED_EDGE('',*,*,#7819,.T.);
#7819 = EDGE_CURVE('',#7797,#7773,#7820,.T.);
#7820 = SURFACE_CURVE('',#7821,(#7825,#7832),.PCURVE_S1.);
#7821 = LINE('',#7822,#7823);
#7822 = CARTESIAN_POINT('',(-10.025,29.37,3.655));
#7823 = VECTOR('',#7824,1.);
#7824 = DIRECTION('',(1.,0.,0.));
#7825 = PCURVE('',#1784,#7826);
#7826 = DEFINITIONAL_REPRESENTATION('',(#7827),#7831);
#7827 = LINE('',#7828,#7829);
#7828 = CARTESIAN_POINT('',(0.905,0.));
#7829 = VECTOR('',#7830,1.);
#7830 = DIRECTION('',(0.,1.));
#7831 = ( GEOMETRIC_REPRESENTATION_CONTEXT(2) 
PARAMETRIC_REPRESENTATION_CONTEXT() REPRESENTATION_CONTEXT('2D SPACE',''
  ) );
#7832 = PCURVE('',#7833,#7838);
#7833 = PLANE('',#7834);
#7834 = AXIS2_PLACEMENT_3D('',#7835,#7836,#7837);
#7835 = CARTESIAN_POINT('',(-10.025,29.37,3.655));
#7836 = DIRECTION('',(0.,0.,1.));
#7837 = DIRECTION('',(1.,0.,0.));
#7838 = DEFINITIONAL_REPRESENTATION('',(#7839),#7843);
#7839 = LINE('',#7840,#7841);
#7840 = CARTESIAN_POINT('',(0.,0.));
#7841 = VECTOR('',#7842,1.);
#7842 = DIRECTION('',(1.,0.));
#7843 = ( GEOMETRIC_REPRESENTATION_CONTEXT(2) 
PARAMETRIC_REPRESENTATION_CONTEXT() REPRESENTATION_CONTEXT('2D SPACE',''
  ) );
#7844 = ADVANCED_FACE('',(#7845),#1860,.F.);
#7845 = FACE_BOUND('',#7846,.F.);
#7846 = EDGE_LOOP('',(#7847,#7848,#7849,#7872));
#7847 = ORIENTED_EDGE('',*,*,#7772,.F.);
#7848 = ORIENTED_EDGE('',*,*,#1847,.T.);
#7849 = ORIENTED_EDGE('',*,*,#7850,.T.);
#7850 = EDGE_CURVE('',#1822,#7851,#7853,.T.);
#7851 = VERTEX_POINT('',#7852);
#7852 = CARTESIAN_POINT('',(1.335,32.09,3.655));
#7853 = SURFACE_CURVE('',#7854,(#7858,#7865),.PCURVE_S1.);
#7854 = LINE('',#7855,#7856);
#7855 = CARTESIAN_POINT('',(1.335,32.09,2.75));
#7856 = VECTOR('',#7857,1.);
#7857 = DIRECTION('',(0.,0.,1.));
#7858 = PCURVE('',#1860,#7859);
#7859 = DEFINITIONAL_REPRESENTATION('',(#7860),#7864);
#7860 = LINE('',#7861,#7862);
#7861 = CARTESIAN_POINT('',(0.,-2.72));
#7862 = VECTOR('',#7863,1.);
#7863 = DIRECTION('',(1.,0.));
#7864 = ( GEOMETRIC_REPRESENTATION_CONTEXT(2) 
PARAMETRIC_REPRESENTATION_CONTEXT() REPRESENTATION_CONTEXT('2D SPACE',''
  ) );
#7865 = PCURVE('',#1836,#7866);
#7866 = DEFINITIONAL_REPRESENTATION('',(#7867),#7871);
#7867 = LINE('',#7868,#7869);
#7868 = CARTESIAN_POINT('',(0.,11.36));
#7869 = VECTOR('',#7870,1.);
#7870 = DIRECTION('',(1.,0.));
#7871 = ( GEOMETRIC_REPRESENTATION_CONTEXT(2) 
PARAMETRIC_REPRESENTATION_CONTEXT() REPRESENTATION_CONTEXT('2D SPACE',''
  ) );
#7872 = ORIENTED_EDGE('',*,*,#7873,.F.);
#7873 = EDGE_CURVE('',#7773,#7851,#7874,.T.);
#7874 = SURFACE_CURVE('',#7875,(#7879,#7886),.PCURVE_S1.);
#7875 = LINE('',#7876,#7877);
#7876 = CARTESIAN_POINT('',(1.335,29.37,3.655));
#7877 = VECTOR('',#7878,1.);
#7878 = DIRECTION('',(0.,1.,0.));
#7879 = PCURVE('',#1860,#7880);
#7880 = DEFINITIONAL_REPRESENTATION('',(#7881),#7885);
#7881 = LINE('',#7882,#7883);
#7882 = CARTESIAN_POINT('',(0.905,0.));
#7883 = VECTOR('',#7884,1.);
#7884 = DIRECTION('',(0.,-1.));
#7885 = ( GEOMETRIC_REPRESENTATION_CONTEXT(2) 
PARAMETRIC_REPRESENTATION_CONTEXT() REPRESENTATION_CONTEXT('2D SPACE',''
  ) );
#7886 = PCURVE('',#7833,#7887);
#7887 = DEFINITIONAL_REPRESENTATION('',(#7888),#7892);
#7888 = LINE('',#7889,#7890);
#7889 = CARTESIAN_POINT('',(11.36,0.));
#7890 = VECTOR('',#7891,1.);
#7891 = DIRECTION('',(0.,1.));
#7892 = ( GEOMETRIC_REPRESENTATION_CONTEXT(2) 
PARAMETRIC_REPRESENTATION_CONTEXT() REPRESENTATION_CONTEXT('2D SPACE',''
  ) );
#7893 = ADVANCED_FACE('',(#7894),#1810,.T.);
#7894 = FACE_BOUND('',#7895,.T.);
#7895 = EDGE_LOOP('',(#7896,#7897,#7898,#7921));
#7896 = ORIENTED_EDGE('',*,*,#7796,.F.);
#7897 = ORIENTED_EDGE('',*,*,#1795,.T.);
#7898 = ORIENTED_EDGE('',*,*,#7899,.T.);
#7899 = EDGE_CURVE('',#1796,#7900,#7902,.T.);
#7900 = VERTEX_POINT('',#7901);
#7901 = CARTESIAN_POINT('',(-10.025,32.09,3.655));
#7902 = SURFACE_CURVE('',#7903,(#7907,#7914),.PCURVE_S1.);
#7903 = LINE('',#7904,#7905);
#7904 = CARTESIAN_POINT('',(-10.025,32.09,2.75));
#7905 = VECTOR('',#7906,1.);
#7906 = DIRECTION('',(0.,0.,1.));
#7907 = PCURVE('',#1810,#7908);
#7908 = DEFINITIONAL_REPRESENTATION('',(#7909),#7913);
#7909 = LINE('',#7910,#7911);
#7910 = CARTESIAN_POINT('',(0.,-2.72));
#7911 = VECTOR('',#7912,1.);
#7912 = DIRECTION('',(1.,0.));
#7913 = ( GEOMETRIC_REPRESENTATION_CONTEXT(2) 
PARAMETRIC_REPRESENTATION_CONTEXT() REPRESENTATION_CONTEXT('2D SPACE',''
  ) );
#7914 = PCURVE('',#1836,#7915);
#7915 = DEFINITIONAL_REPRESENTATION('',(#7916),#7920);
#7916 = LINE('',#7917,#7918);
#7917 = CARTESIAN_POINT('',(0.,0.));
#7918 = VECTOR('',#7919,1.);
#7919 = DIRECTION('',(1.,0.));
#7920 = ( GEOMETRIC_REPRESENTATION_CONTEXT(2) 
PARAMETRIC_REPRESENTATION_CONTEXT() REPRESENTATION_CONTEXT('2D SPACE',''
  ) );
#7921 = ORIENTED_EDGE('',*,*,#7922,.F.);
#7922 = EDGE_CURVE('',#7797,#7900,#7923,.T.);
#7923 = SURFACE_CURVE('',#7924,(#7928,#7935),.PCURVE_S1.);
#7924 = LINE('',#7925,#7926);
#7925 = CARTESIAN_POINT('',(-10.025,29.37,3.655));
#7926 = VECTOR('',#7927,1.);
#7927 = DIRECTION('',(0.,1.,0.));
#7928 = PCURVE('',#1810,#7929);
#7929 = DEFINITIONAL_REPRESENTATION('',(#7930),#7934);
#7930 = LINE('',#7931,#7932);
#7931 = CARTESIAN_POINT('',(0.905,0.));
#7932 = VECTOR('',#7933,1.);
#7933 = DIRECTION('',(0.,-1.));
#7934 = ( GEOMETRIC_REPRESENTATION_CONTEXT(2) 
PARAMETRIC_REPRESENTATION_CONTEXT() REPRESENTATION_CONTEXT('2D SPACE',''
  ) );
#7935 = PCURVE('',#7833,#7936);
#7936 = DEFINITIONAL_REPRESENTATION('',(#7937),#7941);
#7937 = LINE('',#7938,#7939);
#7938 = CARTESIAN_POINT('',(0.,0.));
#7939 = VECTOR('',#7940,1.);
#7940 = DIRECTION('',(0.,1.));
#7941 = ( GEOMETRIC_REPRESENTATION_CONTEXT(2) 
PARAMETRIC_REPRESENTATION_CONTEXT() REPRESENTATION_CONTEXT('2D SPACE',''
  ) );
#7942 = ADVANCED_FACE('',(#7943),#1836,.F.);
#7943 = FACE_BOUND('',#7944,.F.);
#7944 = EDGE_LOOP('',(#7945,#7946,#7947,#7948));
#7945 = ORIENTED_EDGE('',*,*,#7850,.F.);
#7946 = ORIENTED_EDGE('',*,*,#1821,.T.);
#7947 = ORIENTED_EDGE('',*,*,#7899,.T.);
#7948 = ORIENTED_EDGE('',*,*,#7949,.T.);
#7949 = EDGE_CURVE('',#7900,#7851,#7950,.T.);
#7950 = SURFACE_CURVE('',#7951,(#7955,#7962),.PCURVE_S1.);
#7951 = LINE('',#7952,#7953);
#7952 = CARTESIAN_POINT('',(-10.025,32.09,3.655));
#7953 = VECTOR('',#7954,1.);
#7954 = DIRECTION('',(1.,0.,0.));
#7955 = PCURVE('',#1836,#7956);
#7956 = DEFINITIONAL_REPRESENTATION('',(#7957),#7961);
#7957 = LINE('',#7958,#7959);
#7958 = CARTESIAN_POINT('',(0.905,0.));
#7959 = VECTOR('',#7960,1.);
#7960 = DIRECTION('',(0.,1.));
#7961 = ( GEOMETRIC_REPRESENTATION_CONTEXT(2) 
PARAMETRIC_REPRESENTATION_CONTEXT() REPRESENTATION_CONTEXT('2D SPACE',''
  ) );
#7962 = PCURVE('',#7833,#7963);
#7963 = DEFINITIONAL_REPRESENTATION('',(#7964),#7968);
#7964 = LINE('',#7965,#7966);
#7965 = CARTESIAN_POINT('',(0.,2.72));
#7966 = VECTOR('',#7967,1.);
#7967 = DIRECTION('',(1.,0.));
#7968 = ( GEOMETRIC_REPRESENTATION_CONTEXT(2) 
PARAMETRIC_REPRESENTATION_CONTEXT() REPRESENTATION_CONTEXT('2D SPACE',''
  ) );
#7969 = ADVANCED_FACE('',(#7970),#1890,.F.);
#7970 = FACE_BOUND('',#7971,.F.);
#7971 = EDGE_LOOP('',(#7972,#7995,#7996,#8017,#8043,#8062,#8063,#8086));
#7972 = ORIENTED_EDGE('',*,*,#7973,.F.);
#7973 = EDGE_CURVE('',#1874,#7974,#7976,.T.);
#7974 = VERTEX_POINT('',#7975);
#7975 = CARTESIAN_POINT('',(-2.6,34.715,5.35));
#7976 = SURFACE_CURVE('',#7977,(#7981,#7988),.PCURVE_S1.);
#7977 = LINE('',#7978,#7979);
#7978 = CARTESIAN_POINT('',(-2.6,34.715,2.4));
#7979 = VECTOR('',#7980,1.);
#7980 = DIRECTION('',(0.,0.,1.));
#7981 = PCURVE('',#1890,#7982);
#7982 = DEFINITIONAL_REPRESENTATION('',(#7983),#7987);
#7983 = LINE('',#7984,#7985);
#7984 = CARTESIAN_POINT('',(0.,0.));
#7985 = VECTOR('',#7986,1.);
#7986 = DIRECTION('',(1.,0.));
#7987 = ( GEOMETRIC_REPRESENTATION_CONTEXT(2) 
PARAMETRIC_REPRESENTATION_CONTEXT() REPRESENTATION_CONTEXT('2D SPACE',''
  ) );
#7988 = PCURVE('',#1916,#7989);
#7989 = DEFINITIONAL_REPRESENTATION('',(#7990),#7994);
#7990 = LINE('',#7991,#7992);
#7991 = CARTESIAN_POINT('',(0.,31.2));
#7992 = VECTOR('',#7993,1.);
#7993 = DIRECTION('',(1.,0.));
#7994 = ( GEOMETRIC_REPRESENTATION_CONTEXT(2) 
PARAMETRIC_REPRESENTATION_CONTEXT() REPRESENTATION_CONTEXT('2D SPACE',''
  ) );
#7995 = ORIENTED_EDGE('',*,*,#1873,.T.);
#7996 = ORIENTED_EDGE('',*,*,#7997,.T.);
#7997 = EDGE_CURVE('',#1876,#7998,#8000,.T.);
#7998 = VERTEX_POINT('',#7999);
#7999 = CARTESIAN_POINT('',(-2.6,38.625,3.265));
#8000 = SURFACE_CURVE('',#8001,(#8005,#8011),.PCURVE_S1.);
#8001 = LINE('',#8002,#8003);
#8002 = CARTESIAN_POINT('',(-2.6,38.625,2.575));
#8003 = VECTOR('',#8004,1.);
#8004 = DIRECTION('',(0.,0.,1.));
#8005 = PCURVE('',#1890,#8006);
#8006 = DEFINITIONAL_REPRESENTATION('',(#8007),#8010);
#8007 = B_SPLINE_CURVE_WITH_KNOTS('',1,(#8008,#8009),.UNSPECIFIED.,.F.,
  .F.,(2,2),(0.325,0.69),.PIECEWISE_BEZIER_KNOTS.);
#8008 = CARTESIAN_POINT('',(0.5,-3.91));
#8009 = CARTESIAN_POINT('',(0.865,-3.91));
#8010 = ( GEOMETRIC_REPRESENTATION_CONTEXT(2) 
PARAMETRIC_REPRESENTATION_CONTEXT() REPRESENTATION_CONTEXT('2D SPACE',''
  ) );
#8011 = PCURVE('',#2164,#8012);
#8012 = DEFINITIONAL_REPRESENTATION('',(#8013),#8016);
#8013 = B_SPLINE_CURVE_WITH_KNOTS('',1,(#8014,#8015),.UNSPECIFIED.,.F.,
  .F.,(2,2),(0.325,0.69),.PIECEWISE_BEZIER_KNOTS.);
#8014 = CARTESIAN_POINT('',(0.15,0.75));
#8015 = CARTESIAN_POINT('',(0.515,0.75));
#8016 = ( GEOMETRIC_REPRESENTATION_CONTEXT(2) 
PARAMETRIC_REPRESENTATION_CONTEXT() REPRESENTATION_CONTEXT('2D SPACE',''
  ) );
#8017 = ORIENTED_EDGE('',*,*,#8018,.F.);
#8018 = EDGE_CURVE('',#8019,#7998,#8021,.T.);
#8019 = VERTEX_POINT('',#8020);
#8020 = CARTESIAN_POINT('',(-2.6,42.725,3.265));
#8021 = SURFACE_CURVE('',#8022,(#8026,#8032),.PCURVE_S1.);
#8022 = LINE('',#8023,#8024);
#8023 = CARTESIAN_POINT('',(-2.6,36.67,3.265));
#8024 = VECTOR('',#8025,1.);
#8025 = DIRECTION('',(0.,-1.,0.));
#8026 = PCURVE('',#1890,#8027);
#8027 = DEFINITIONAL_REPRESENTATION('',(#8028),#8031);
#8028 = B_SPLINE_CURVE_WITH_KNOTS('',1,(#8029,#8030),.UNSPECIFIED.,.F.,
  .F.,(2,2),(-6.055,-1.955),.PIECEWISE_BEZIER_KNOTS.);
#8029 = CARTESIAN_POINT('',(0.865,-8.01));
#8030 = CARTESIAN_POINT('',(0.865,-3.91));
#8031 = ( GEOMETRIC_REPRESENTATION_CONTEXT(2) 
PARAMETRIC_REPRESENTATION_CONTEXT() REPRESENTATION_CONTEXT('2D SPACE',''
  ) );
#8032 = PCURVE('',#8033,#8038);
#8033 = PLANE('',#8034);
#8034 = AXIS2_PLACEMENT_3D('',#8035,#8036,#8037);
#8035 = CARTESIAN_POINT('',(-3.35,38.625,3.265));
#8036 = DIRECTION('',(0.,0.,1.));
#8037 = DIRECTION('',(1.,0.,0.));
#8038 = DEFINITIONAL_REPRESENTATION('',(#8039),#8042);
#8039 = B_SPLINE_CURVE_WITH_KNOTS('',1,(#8040,#8041),.UNSPECIFIED.,.F.,
  .F.,(2,2),(-6.055,-1.955),.PIECEWISE_BEZIER_KNOTS.);
#8040 = CARTESIAN_POINT('',(0.75,4.1));
#8041 = CARTESIAN_POINT('',(0.75,0.));
#8042 = ( GEOMETRIC_REPRESENTATION_CONTEXT(2) 
PARAMETRIC_REPRESENTATION_CONTEXT() REPRESENTATION_CONTEXT('2D SPACE',''
  ) );
#8043 = ORIENTED_EDGE('',*,*,#8044,.F.);
#8044 = EDGE_CURVE('',#1980,#8019,#8045,.T.);
#8045 = SURFACE_CURVE('',#8046,(#8050,#8056),.PCURVE_S1.);
#8046 = LINE('',#8047,#8048);
#8047 = CARTESIAN_POINT('',(-2.6,42.725,2.575));
#8048 = VECTOR('',#8049,1.);
#8049 = DIRECTION('',(0.,0.,1.));
#8050 = PCURVE('',#1890,#8051);
#8051 = DEFINITIONAL_REPRESENTATION('',(#8052),#8055);
#8052 = B_SPLINE_CURVE_WITH_KNOTS('',1,(#8053,#8054),.UNSPECIFIED.,.F.,
  .F.,(2,2),(0.325,0.69),.PIECEWISE_BEZIER_KNOTS.);
#8053 = CARTESIAN_POINT('',(0.5,-8.01));
#8054 = CARTESIAN_POINT('',(0.865,-8.01));
#8055 = ( GEOMETRIC_REPRESENTATION_CONTEXT(2) 
PARAMETRIC_REPRESENTATION_CONTEXT() REPRESENTATION_CONTEXT('2D SPACE',''
  ) );
#8056 = PCURVE('',#2015,#8057);
#8057 = DEFINITIONAL_REPRESENTATION('',(#8058),#8061);
#8058 = B_SPLINE_CURVE_WITH_KNOTS('',1,(#8059,#8060),.UNSPECIFIED.,.F.,
  .F.,(2,2),(0.325,0.69),.PIECEWISE_BEZIER_KNOTS.);
#8059 = CARTESIAN_POINT('',(0.15,0.75));
#8060 = CARTESIAN_POINT('',(0.515,0.75));
#8061 = ( GEOMETRIC_REPRESENTATION_CONTEXT(2) 
PARAMETRIC_REPRESENTATION_CONTEXT() REPRESENTATION_CONTEXT('2D SPACE',''
  ) );
#8062 = ORIENTED_EDGE('',*,*,#1979,.T.);
#8063 = ORIENTED_EDGE('',*,*,#8064,.T.);
#8064 = EDGE_CURVE('',#1954,#8065,#8067,.T.);
#8065 = VERTEX_POINT('',#8066);
#8066 = CARTESIAN_POINT('',(-2.6,46.915,5.35));
#8067 = SURFACE_CURVE('',#8068,(#8072,#8079),.PCURVE_S1.);
#8068 = LINE('',#8069,#8070);
#8069 = CARTESIAN_POINT('',(-2.6,46.915,2.4));
#8070 = VECTOR('',#8071,1.);
#8071 = DIRECTION('',(0.,0.,1.));
#8072 = PCURVE('',#1890,#8073);
#8073 = DEFINITIONAL_REPRESENTATION('',(#8074),#8078);
#8074 = LINE('',#8075,#8076);
#8075 = CARTESIAN_POINT('',(0.,-12.2));
#8076 = VECTOR('',#8077,1.);
#8077 = DIRECTION('',(1.,0.));
#8078 = ( GEOMETRIC_REPRESENTATION_CONTEXT(2) 
PARAMETRIC_REPRESENTATION_CONTEXT() REPRESENTATION_CONTEXT('2D SPACE',''
  ) );
#8079 = PCURVE('',#1968,#8080);
#8080 = DEFINITIONAL_REPRESENTATION('',(#8081),#8085);
#8081 = LINE('',#8082,#8083);
#8082 = CARTESIAN_POINT('',(0.,31.2));
#8083 = VECTOR('',#8084,1.);
#8084 = DIRECTION('',(1.,0.));
#8085 = ( GEOMETRIC_REPRESENTATION_CONTEXT(2) 
PARAMETRIC_REPRESENTATION_CONTEXT() REPRESENTATION_CONTEXT('2D SPACE',''
  ) );
#8086 = ORIENTED_EDGE('',*,*,#8087,.F.);
#8087 = EDGE_CURVE('',#7974,#8065,#8088,.T.);
#8088 = SURFACE_CURVE('',#8089,(#8093,#8100),.PCURVE_S1.);
#8089 = LINE('',#8090,#8091);
#8090 = CARTESIAN_POINT('',(-2.6,34.015,5.35));
#8091 = VECTOR('',#8092,1.);
#8092 = DIRECTION('',(0.,1.,0.));
#8093 = PCURVE('',#1890,#8094);
#8094 = DEFINITIONAL_REPRESENTATION('',(#8095),#8099);
#8095 = LINE('',#8096,#8097);
#8096 = CARTESIAN_POINT('',(2.95,0.7));
#8097 = VECTOR('',#8098,1.);
#8098 = DIRECTION('',(0.,-1.));
#8099 = ( GEOMETRIC_REPRESENTATION_CONTEXT(2) 
PARAMETRIC_REPRESENTATION_CONTEXT() REPRESENTATION_CONTEXT('2D SPACE',''
  ) );
#8100 = PCURVE('',#8101,#8106);
#8101 = PLANE('',#8102);
#8102 = AXIS2_PLACEMENT_3D('',#8103,#8104,#8105);
#8103 = CARTESIAN_POINT('',(-35.2,33.315,5.35));
#8104 = DIRECTION('',(0.,0.,1.));
#8105 = DIRECTION('',(1.,0.,0.));
#8106 = DEFINITIONAL_REPRESENTATION('',(#8107),#8110);
#8107 = B_SPLINE_CURVE_WITH_KNOTS('',1,(#8108,#8109),.UNSPECIFIED.,.F.,
  .F.,(2,2),(0.7,12.9),.PIECEWISE_BEZIER_KNOTS.);
#8108 = CARTESIAN_POINT('',(32.6,1.4));
#8109 = CARTESIAN_POINT('',(32.6,13.6));
#8110 = ( GEOMETRIC_REPRESENTATION_CONTEXT(2) 
PARAMETRIC_REPRESENTATION_CONTEXT() REPRESENTATION_CONTEXT('2D SPACE',''
  ) );
#8111 = ADVANCED_FACE('',(#8112),#1916,.T.);
#8112 = FACE_BOUND('',#8113,.T.);
#8113 = EDGE_LOOP('',(#8114,#8115,#8116,#8139));
#8114 = ORIENTED_EDGE('',*,*,#7973,.F.);
#8115 = ORIENTED_EDGE('',*,*,#1901,.T.);
#8116 = ORIENTED_EDGE('',*,*,#8117,.T.);
#8117 = EDGE_CURVE('',#1902,#8118,#8120,.T.);
#8118 = VERTEX_POINT('',#8119);
#8119 = CARTESIAN_POINT('',(-33.8,34.715,5.35));
#8120 = SURFACE_CURVE('',#8121,(#8125,#8132),.PCURVE_S1.);
#8121 = LINE('',#8122,#8123);
#8122 = CARTESIAN_POINT('',(-33.8,34.715,2.4));
#8123 = VECTOR('',#8124,1.);
#8124 = DIRECTION('',(0.,0.,1.));
#8125 = PCURVE('',#1916,#8126);
#8126 = DEFINITIONAL_REPRESENTATION('',(#8127),#8131);
#8127 = LINE('',#8128,#8129);
#8128 = CARTESIAN_POINT('',(0.,0.));
#8129 = VECTOR('',#8130,1.);
#8130 = DIRECTION('',(1.,0.));
#8131 = ( GEOMETRIC_REPRESENTATION_CONTEXT(2) 
PARAMETRIC_REPRESENTATION_CONTEXT() REPRESENTATION_CONTEXT('2D SPACE',''
  ) );
#8132 = PCURVE('',#1942,#8133);
#8133 = DEFINITIONAL_REPRESENTATION('',(#8134),#8138);
#8134 = LINE('',#8135,#8136);
#8135 = CARTESIAN_POINT('',(0.,0.));
#8136 = VECTOR('',#8137,1.);
#8137 = DIRECTION('',(1.,0.));
#8138 = ( GEOMETRIC_REPRESENTATION_CONTEXT(2) 
PARAMETRIC_REPRESENTATION_CONTEXT() REPRESENTATION_CONTEXT('2D SPACE',''
  ) );
#8139 = ORIENTED_EDGE('',*,*,#8140,.F.);
#8140 = EDGE_CURVE('',#7974,#8118,#8141,.T.);
#8141 = SURFACE_CURVE('',#8142,(#8146,#8153),.PCURVE_S1.);
#8142 = LINE('',#8143,#8144);
#8143 = CARTESIAN_POINT('',(-34.5,34.715,5.35));
#8144 = VECTOR('',#8145,1.);
#8145 = DIRECTION('',(-1.,0.,0.));
#8146 = PCURVE('',#1916,#8147);
#8147 = DEFINITIONAL_REPRESENTATION('',(#8148),#8152);
#8148 = LINE('',#8149,#8150);
#8149 = CARTESIAN_POINT('',(2.95,-0.7));
#8150 = VECTOR('',#8151,1.);
#8151 = DIRECTION('',(0.,-1.));
#8152 = ( GEOMETRIC_REPRESENTATION_CONTEXT(2) 
PARAMETRIC_REPRESENTATION_CONTEXT() REPRESENTATION_CONTEXT('2D SPACE',''
  ) );
#8153 = PCURVE('',#8101,#8154);
#8154 = DEFINITIONAL_REPRESENTATION('',(#8155),#8158);
#8155 = B_SPLINE_CURVE_WITH_KNOTS('',1,(#8156,#8157),.UNSPECIFIED.,.F.,
  .F.,(2,2),(-31.9,-0.7),.PIECEWISE_BEZIER_KNOTS.);
#8156 = CARTESIAN_POINT('',(32.6,1.4));
#8157 = CARTESIAN_POINT('',(1.4,1.4));
#8158 = ( GEOMETRIC_REPRESENTATION_CONTEXT(2) 
PARAMETRIC_REPRESENTATION_CONTEXT() REPRESENTATION_CONTEXT('2D SPACE',''
  ) );
#8159 = ADVANCED_FACE('',(#8160),#2164,.T.);
#8160 = FACE_BOUND('',#8161,.T.);
#8161 = EDGE_LOOP('',(#8162,#8185,#8204,#8205));
#8162 = ORIENTED_EDGE('',*,*,#8163,.T.);
#8163 = EDGE_CURVE('',#7998,#8164,#8166,.T.);
#8164 = VERTEX_POINT('',#8165);
#8165 = CARTESIAN_POINT('',(-1.3,38.625,3.265));
#8166 = SURFACE_CURVE('',#8167,(#8171,#8178),.PCURVE_S1.);
#8167 = LINE('',#8168,#8169);
#8168 = CARTESIAN_POINT('',(-3.35,38.625,3.265));
#8169 = VECTOR('',#8170,1.);
#8170 = DIRECTION('',(1.,0.,0.));
#8171 = PCURVE('',#2164,#8172);
#8172 = DEFINITIONAL_REPRESENTATION('',(#8173),#8177);
#8173 = LINE('',#8174,#8175);
#8174 = CARTESIAN_POINT('',(0.515,0.));
#8175 = VECTOR('',#8176,1.);
#8176 = DIRECTION('',(0.,1.));
#8177 = ( GEOMETRIC_REPRESENTATION_CONTEXT(2) 
PARAMETRIC_REPRESENTATION_CONTEXT() REPRESENTATION_CONTEXT('2D SPACE',''
  ) );
#8178 = PCURVE('',#8033,#8179);
#8179 = DEFINITIONAL_REPRESENTATION('',(#8180),#8184);
#8180 = LINE('',#8181,#8182);
#8181 = CARTESIAN_POINT('',(0.,0.));
#8182 = VECTOR('',#8183,1.);
#8183 = DIRECTION('',(1.,0.));
#8184 = ( GEOMETRIC_REPRESENTATION_CONTEXT(2) 
PARAMETRIC_REPRESENTATION_CONTEXT() REPRESENTATION_CONTEXT('2D SPACE',''
  ) );
#8185 = ORIENTED_EDGE('',*,*,#8186,.F.);
#8186 = EDGE_CURVE('',#2131,#8164,#8187,.T.);
#8187 = SURFACE_CURVE('',#8188,(#8192,#8198),.PCURVE_S1.);
#8188 = LINE('',#8189,#8190);
#8189 = CARTESIAN_POINT('',(-1.3,38.625,2.75));
#8190 = VECTOR('',#8191,1.);
#8191 = DIRECTION('',(0.,0.,1.));
#8192 = PCURVE('',#2164,#8193);
#8193 = DEFINITIONAL_REPRESENTATION('',(#8194),#8197);
#8194 = B_SPLINE_CURVE_WITH_KNOTS('',1,(#8195,#8196),.UNSPECIFIED.,.F.,
  .F.,(2,2),(0.15,0.515),.PIECEWISE_BEZIER_KNOTS.);
#8195 = CARTESIAN_POINT('',(0.15,2.05));
#8196 = CARTESIAN_POINT('',(0.515,2.05));
#8197 = ( GEOMETRIC_REPRESENTATION_CONTEXT(2) 
PARAMETRIC_REPRESENTATION_CONTEXT() REPRESENTATION_CONTEXT('2D SPACE',''
  ) );
#8198 = PCURVE('',#2041,#8199);
#8199 = DEFINITIONAL_REPRESENTATION('',(#8200),#8203);
#8200 = B_SPLINE_CURVE_WITH_KNOTS('',1,(#8201,#8202),.UNSPECIFIED.,.F.,
  .F.,(2,2),(0.15,0.515),.PIECEWISE_BEZIER_KNOTS.);
#8201 = CARTESIAN_POINT('',(0.15,-3.49));
#8202 = CARTESIAN_POINT('',(0.515,-3.49));
#8203 = ( GEOMETRIC_REPRESENTATION_CONTEXT(2) 
PARAMETRIC_REPRESENTATION_CONTEXT() REPRESENTATION_CONTEXT('2D SPACE',''
  ) );
#8204 = ORIENTED_EDGE('',*,*,#2151,.T.);
#8205 = ORIENTED_EDGE('',*,*,#7997,.T.);
#8206 = ADVANCED_FACE('',(#8207),#1942,.T.);
#8207 = FACE_BOUND('',#8208,.T.);
#8208 = EDGE_LOOP('',(#8209,#8210,#8211,#8234));
#8209 = ORIENTED_EDGE('',*,*,#8117,.F.);
#8210 = ORIENTED_EDGE('',*,*,#1927,.T.);
#8211 = ORIENTED_EDGE('',*,*,#8212,.T.);
#8212 = EDGE_CURVE('',#1928,#8213,#8215,.T.);
#8213 = VERTEX_POINT('',#8214);
#8214 = CARTESIAN_POINT('',(-33.8,46.915,5.35));
#8215 = SURFACE_CURVE('',#8216,(#8220,#8227),.PCURVE_S1.);
#8216 = LINE('',#8217,#8218);
#8217 = CARTESIAN_POINT('',(-33.8,46.915,2.4));
#8218 = VECTOR('',#8219,1.);
#8219 = DIRECTION('',(0.,0.,1.));
#8220 = PCURVE('',#1942,#8221);
#8221 = DEFINITIONAL_REPRESENTATION('',(#8222),#8226);
#8222 = LINE('',#8223,#8224);
#8223 = CARTESIAN_POINT('',(0.,-12.2));
#8224 = VECTOR('',#8225,1.);
#8225 = DIRECTION('',(1.,0.));
#8226 = ( GEOMETRIC_REPRESENTATION_CONTEXT(2) 
PARAMETRIC_REPRESENTATION_CONTEXT() REPRESENTATION_CONTEXT('2D SPACE',''
  ) );
#8227 = PCURVE('',#1968,#8228);
#8228 = DEFINITIONAL_REPRESENTATION('',(#8229),#8233);
#8229 = LINE('',#8230,#8231);
#8230 = CARTESIAN_POINT('',(0.,0.));
#8231 = VECTOR('',#8232,1.);
#8232 = DIRECTION('',(1.,0.));
#8233 = ( GEOMETRIC_REPRESENTATION_CONTEXT(2) 
PARAMETRIC_REPRESENTATION_CONTEXT() REPRESENTATION_CONTEXT('2D SPACE',''
  ) );
#8234 = ORIENTED_EDGE('',*,*,#8235,.F.);
#8235 = EDGE_CURVE('',#8118,#8213,#8236,.T.);
#8236 = SURFACE_CURVE('',#8237,(#8241,#8248),.PCURVE_S1.);
#8237 = LINE('',#8238,#8239);
#8238 = CARTESIAN_POINT('',(-33.8,34.015,5.35));
#8239 = VECTOR('',#8240,1.);
#8240 = DIRECTION('',(0.,1.,0.));
#8241 = PCURVE('',#1942,#8242);
#8242 = DEFINITIONAL_REPRESENTATION('',(#8243),#8247);
#8243 = LINE('',#8244,#8245);
#8244 = CARTESIAN_POINT('',(2.95,0.7));
#8245 = VECTOR('',#8246,1.);
#8246 = DIRECTION('',(0.,-1.));
#8247 = ( GEOMETRIC_REPRESENTATION_CONTEXT(2) 
PARAMETRIC_REPRESENTATION_CONTEXT() REPRESENTATION_CONTEXT('2D SPACE',''
  ) );
#8248 = PCURVE('',#8101,#8249);
#8249 = DEFINITIONAL_REPRESENTATION('',(#8250),#8253);
#8250 = B_SPLINE_CURVE_WITH_KNOTS('',1,(#8251,#8252),.UNSPECIFIED.,.F.,
  .F.,(2,2),(0.7,12.9),.PIECEWISE_BEZIER_KNOTS.);
#8251 = CARTESIAN_POINT('',(1.4,1.4));
#8252 = CARTESIAN_POINT('',(1.4,13.6));
#8253 = ( GEOMETRIC_REPRESENTATION_CONTEXT(2) 
PARAMETRIC_REPRESENTATION_CONTEXT() REPRESENTATION_CONTEXT('2D SPACE',''
  ) );
#8254 = ADVANCED_FACE('',(#8255),#2041,.T.);
#8255 = FACE_BOUND('',#8256,.T.);
#8256 = EDGE_LOOP('',(#8257,#8280,#8281,#8282,#8303,#8322,#8323,#8346));
#8257 = ORIENTED_EDGE('',*,*,#8258,.F.);
#8258 = EDGE_CURVE('',#2105,#8259,#8261,.T.);
#8259 = VERTEX_POINT('',#8260);
#8260 = CARTESIAN_POINT('',(-1.3,35.135,4.885));
#8261 = SURFACE_CURVE('',#8262,(#8266,#8273),.PCURVE_S1.);
#8262 = LINE('',#8263,#8264);
#8263 = CARTESIAN_POINT('',(-1.3,35.135,2.75));
#8264 = VECTOR('',#8265,1.);
#8265 = DIRECTION('',(0.,0.,1.));
#8266 = PCURVE('',#2041,#8267);
#8267 = DEFINITIONAL_REPRESENTATION('',(#8268),#8272);
#8268 = LINE('',#8269,#8270);
#8269 = CARTESIAN_POINT('',(0.,0.));
#8270 = VECTOR('',#8271,1.);
#8271 = DIRECTION('',(1.,0.));
#8272 = ( GEOMETRIC_REPRESENTATION_CONTEXT(2) 
PARAMETRIC_REPRESENTATION_CONTEXT() REPRESENTATION_CONTEXT('2D SPACE',''
  ) );
#8273 = PCURVE('',#2119,#8274);
#8274 = DEFINITIONAL_REPRESENTATION('',(#8275),#8279);
#8275 = LINE('',#8276,#8277);
#8276 = CARTESIAN_POINT('',(0.,0.));
#8277 = VECTOR('',#8278,1.);
#8278 = DIRECTION('',(1.,0.));
#8279 = ( GEOMETRIC_REPRESENTATION_CONTEXT(2) 
PARAMETRIC_REPRESENTATION_CONTEXT() REPRESENTATION_CONTEXT('2D SPACE',''
  ) );
#8280 = ORIENTED_EDGE('',*,*,#2130,.T.);
#8281 = ORIENTED_EDGE('',*,*,#8186,.T.);
#8282 = ORIENTED_EDGE('',*,*,#8283,.F.);
#8283 = EDGE_CURVE('',#8284,#8164,#8286,.T.);
#8284 = VERTEX_POINT('',#8285);
#8285 = CARTESIAN_POINT('',(-1.3,42.725,3.265));
#8286 = SURFACE_CURVE('',#8287,(#8291,#8297),.PCURVE_S1.);
#8287 = LINE('',#8288,#8289);
#8288 = CARTESIAN_POINT('',(-1.3,36.88,3.265));
#8289 = VECTOR('',#8290,1.);
#8290 = DIRECTION('',(0.,-1.,0.));
#8291 = PCURVE('',#2041,#8292);
#8292 = DEFINITIONAL_REPRESENTATION('',(#8293),#8296);
#8293 = B_SPLINE_CURVE_WITH_KNOTS('',1,(#8294,#8295),.UNSPECIFIED.,.F.,
  .F.,(2,2),(-5.845,-1.745),.PIECEWISE_BEZIER_KNOTS.);
#8294 = CARTESIAN_POINT('',(0.515,-7.59));
#8295 = CARTESIAN_POINT('',(0.515,-3.49));
#8296 = ( GEOMETRIC_REPRESENTATION_CONTEXT(2) 
PARAMETRIC_REPRESENTATION_CONTEXT() REPRESENTATION_CONTEXT('2D SPACE',''
  ) );
#8297 = PCURVE('',#8033,#8298);
#8298 = DEFINITIONAL_REPRESENTATION('',(#8299),#8302);
#8299 = B_SPLINE_CURVE_WITH_KNOTS('',1,(#8300,#8301),.UNSPECIFIED.,.F.,
  .F.,(2,2),(-5.845,-1.745),.PIECEWISE_BEZIER_KNOTS.);
#8300 = CARTESIAN_POINT('',(2.05,4.1));
#8301 = CARTESIAN_POINT('',(2.05,0.));
#8302 = ( GEOMETRIC_REPRESENTATION_CONTEXT(2) 
PARAMETRIC_REPRESENTATION_CONTEXT() REPRESENTATION_CONTEXT('2D SPACE',''
  ) );
#8303 = ORIENTED_EDGE('',*,*,#8304,.F.);
#8304 = EDGE_CURVE('',#2001,#8284,#8305,.T.);
#8305 = SURFACE_CURVE('',#8306,(#8310,#8316),.PCURVE_S1.);
#8306 = LINE('',#8307,#8308);
#8307 = CARTESIAN_POINT('',(-1.3,42.725,2.75));
#8308 = VECTOR('',#8309,1.);
#8309 = DIRECTION('',(0.,0.,1.));
#8310 = PCURVE('',#2041,#8311);
#8311 = DEFINITIONAL_REPRESENTATION('',(#8312),#8315);
#8312 = B_SPLINE_CURVE_WITH_KNOTS('',1,(#8313,#8314),.UNSPECIFIED.,.F.,
  .F.,(2,2),(0.15,0.515),.PIECEWISE_BEZIER_KNOTS.);
#8313 = CARTESIAN_POINT('',(0.15,-7.59));
#8314 = CARTESIAN_POINT('',(0.515,-7.59));
#8315 = ( GEOMETRIC_REPRESENTATION_CONTEXT(2) 
PARAMETRIC_REPRESENTATION_CONTEXT() REPRESENTATION_CONTEXT('2D SPACE',''
  ) );
#8316 = PCURVE('',#2015,#8317);
#8317 = DEFINITIONAL_REPRESENTATION('',(#8318),#8321);
#8318 = B_SPLINE_CURVE_WITH_KNOTS('',1,(#8319,#8320),.UNSPECIFIED.,.F.,
  .F.,(2,2),(0.15,0.515),.PIECEWISE_BEZIER_KNOTS.);
#8319 = CARTESIAN_POINT('',(0.15,2.05));
#8320 = CARTESIAN_POINT('',(0.515,2.05));
#8321 = ( GEOMETRIC_REPRESENTATION_CONTEXT(2) 
PARAMETRIC_REPRESENTATION_CONTEXT() REPRESENTATION_CONTEXT('2D SPACE',''
  ) );
#8322 = ORIENTED_EDGE('',*,*,#2026,.T.);
#8323 = ORIENTED_EDGE('',*,*,#8324,.T.);
#8324 = EDGE_CURVE('',#2027,#8325,#8327,.T.);
#8325 = VERTEX_POINT('',#8326);
#8326 = CARTESIAN_POINT('',(-1.3,45.995,4.885));
#8327 = SURFACE_CURVE('',#8328,(#8332,#8339),.PCURVE_S1.);
#8328 = LINE('',#8329,#8330);
#8329 = CARTESIAN_POINT('',(-1.3,45.995,2.75));
#8330 = VECTOR('',#8331,1.);
#8331 = DIRECTION('',(0.,0.,1.));
#8332 = PCURVE('',#2041,#8333);
#8333 = DEFINITIONAL_REPRESENTATION('',(#8334),#8338);
#8334 = LINE('',#8335,#8336);
#8335 = CARTESIAN_POINT('',(0.,-10.86));
#8336 = VECTOR('',#8337,1.);
#8337 = DIRECTION('',(1.,0.));
#8338 = ( GEOMETRIC_REPRESENTATION_CONTEXT(2) 
PARAMETRIC_REPRESENTATION_CONTEXT() REPRESENTATION_CONTEXT('2D SPACE',''
  ) );
#8339 = PCURVE('',#2067,#8340);
#8340 = DEFINITIONAL_REPRESENTATION('',(#8341),#8345);
#8341 = LINE('',#8342,#8343);
#8342 = CARTESIAN_POINT('',(0.,0.));
#8343 = VECTOR('',#8344,1.);
#8344 = DIRECTION('',(1.,0.));
#8345 = ( GEOMETRIC_REPRESENTATION_CONTEXT(2) 
PARAMETRIC_REPRESENTATION_CONTEXT() REPRESENTATION_CONTEXT('2D SPACE',''
  ) );
#8346 = ORIENTED_EDGE('',*,*,#8347,.F.);
#8347 = EDGE_CURVE('',#8259,#8325,#8348,.T.);
#8348 = SURFACE_CURVE('',#8349,(#8353,#8360),.PCURVE_S1.);
#8349 = LINE('',#8350,#8351);
#8350 = CARTESIAN_POINT('',(-1.3,35.135,4.885));
#8351 = VECTOR('',#8352,1.);
#8352 = DIRECTION('',(0.,1.,0.));
#8353 = PCURVE('',#2041,#8354);
#8354 = DEFINITIONAL_REPRESENTATION('',(#8355),#8359);
#8355 = LINE('',#8356,#8357);
#8356 = CARTESIAN_POINT('',(2.135,0.));
#8357 = VECTOR('',#8358,1.);
#8358 = DIRECTION('',(0.,-1.));
#8359 = ( GEOMETRIC_REPRESENTATION_CONTEXT(2) 
PARAMETRIC_REPRESENTATION_CONTEXT() REPRESENTATION_CONTEXT('2D SPACE',''
  ) );
#8360 = PCURVE('',#8361,#8366);
#8361 = PLANE('',#8362);
#8362 = AXIS2_PLACEMENT_3D('',#8363,#8364,#8365);
#8363 = CARTESIAN_POINT('',(-1.3,35.135,4.885));
#8364 = DIRECTION('',(0.,0.,1.));
#8365 = DIRECTION('',(1.,0.,0.));
#8366 = DEFINITIONAL_REPRESENTATION('',(#8367),#8371);
#8367 = LINE('',#8368,#8369);
#8368 = CARTESIAN_POINT('',(0.,0.));
#8369 = VECTOR('',#8370,1.);
#8370 = DIRECTION('',(0.,1.));
#8371 = ( GEOMETRIC_REPRESENTATION_CONTEXT(2) 
PARAMETRIC_REPRESENTATION_CONTEXT() REPRESENTATION_CONTEXT('2D SPACE',''
  ) );
#8372 = ADVANCED_FACE('',(#8373),#1968,.F.);
#8373 = FACE_BOUND('',#8374,.F.);
#8374 = EDGE_LOOP('',(#8375,#8376,#8377,#8378));
#8375 = ORIENTED_EDGE('',*,*,#8064,.F.);
#8376 = ORIENTED_EDGE('',*,*,#1953,.T.);
#8377 = ORIENTED_EDGE('',*,*,#8212,.T.);
#8378 = ORIENTED_EDGE('',*,*,#8379,.F.);
#8379 = EDGE_CURVE('',#8065,#8213,#8380,.T.);
#8380 = SURFACE_CURVE('',#8381,(#8385,#8392),.PCURVE_S1.);
#8381 = LINE('',#8382,#8383);
#8382 = CARTESIAN_POINT('',(-34.5,46.915,5.35));
#8383 = VECTOR('',#8384,1.);
#8384 = DIRECTION('',(-1.,0.,0.));
#8385 = PCURVE('',#1968,#8386);
#8386 = DEFINITIONAL_REPRESENTATION('',(#8387),#8391);
#8387 = LINE('',#8388,#8389);
#8388 = CARTESIAN_POINT('',(2.95,-0.7));
#8389 = VECTOR('',#8390,1.);
#8390 = DIRECTION('',(0.,-1.));
#8391 = ( GEOMETRIC_REPRESENTATION_CONTEXT(2) 
PARAMETRIC_REPRESENTATION_CONTEXT() REPRESENTATION_CONTEXT('2D SPACE',''
  ) );
#8392 = PCURVE('',#8101,#8393);
#8393 = DEFINITIONAL_REPRESENTATION('',(#8394),#8397);
#8394 = B_SPLINE_CURVE_WITH_KNOTS('',1,(#8395,#8396),.UNSPECIFIED.,.F.,
  .F.,(2,2),(-31.9,-0.7),.PIECEWISE_BEZIER_KNOTS.);
#8395 = CARTESIAN_POINT('',(32.6,13.6));
#8396 = CARTESIAN_POINT('',(1.4,13.6));
#8397 = ( GEOMETRIC_REPRESENTATION_CONTEXT(2) 
PARAMETRIC_REPRESENTATION_CONTEXT() REPRESENTATION_CONTEXT('2D SPACE',''
  ) );
#8398 = ADVANCED_FACE('',(#8399),#2119,.T.);
#8399 = FACE_BOUND('',#8400,.T.);
#8400 = EDGE_LOOP('',(#8401,#8424,#8425,#8426));
#8401 = ORIENTED_EDGE('',*,*,#8402,.F.);
#8402 = EDGE_CURVE('',#2079,#8403,#8405,.T.);
#8403 = VERTEX_POINT('',#8404);
#8404 = CARTESIAN_POINT('',(1.9,35.135,4.885));
#8405 = SURFACE_CURVE('',#8406,(#8410,#8417),.PCURVE_S1.);
#8406 = LINE('',#8407,#8408);
#8407 = CARTESIAN_POINT('',(1.9,35.135,2.75));
#8408 = VECTOR('',#8409,1.);
#8409 = DIRECTION('',(0.,0.,1.));
#8410 = PCURVE('',#2119,#8411);
#8411 = DEFINITIONAL_REPRESENTATION('',(#8412),#8416);
#8412 = LINE('',#8413,#8414);
#8413 = CARTESIAN_POINT('',(0.,3.2));
#8414 = VECTOR('',#8415,1.);
#8415 = DIRECTION('',(1.,0.));
#8416 = ( GEOMETRIC_REPRESENTATION_CONTEXT(2) 
PARAMETRIC_REPRESENTATION_CONTEXT() REPRESENTATION_CONTEXT('2D SPACE',''
  ) );
#8417 = PCURVE('',#2093,#8418);
#8418 = DEFINITIONAL_REPRESENTATION('',(#8419),#8423);
#8419 = LINE('',#8420,#8421);
#8420 = CARTESIAN_POINT('',(0.,0.));
#8421 = VECTOR('',#8422,1.);
#8422 = DIRECTION('',(1.,0.));
#8423 = ( GEOMETRIC_REPRESENTATION_CONTEXT(2) 
PARAMETRIC_REPRESENTATION_CONTEXT() REPRESENTATION_CONTEXT('2D SPACE',''
  ) );
#8424 = ORIENTED_EDGE('',*,*,#2104,.T.);
#8425 = ORIENTED_EDGE('',*,*,#8258,.T.);
#8426 = ORIENTED_EDGE('',*,*,#8427,.T.);
#8427 = EDGE_CURVE('',#8259,#8403,#8428,.T.);
#8428 = SURFACE_CURVE('',#8429,(#8433,#8440),.PCURVE_S1.);
#8429 = LINE('',#8430,#8431);
#8430 = CARTESIAN_POINT('',(-1.3,35.135,4.885));
#8431 = VECTOR('',#8432,1.);
#8432 = DIRECTION('',(1.,0.,0.));
#8433 = PCURVE('',#2119,#8434);
#8434 = DEFINITIONAL_REPRESENTATION('',(#8435),#8439);
#8435 = LINE('',#8436,#8437);
#8436 = CARTESIAN_POINT('',(2.135,0.));
#8437 = VECTOR('',#8438,1.);
#8438 = DIRECTION('',(0.,1.));
#8439 = ( GEOMETRIC_REPRESENTATION_CONTEXT(2) 
PARAMETRIC_REPRESENTATION_CONTEXT() REPRESENTATION_CONTEXT('2D SPACE',''
  ) );
#8440 = PCURVE('',#8361,#8441);
#8441 = DEFINITIONAL_REPRESENTATION('',(#8442),#8446);
#8442 = LINE('',#8443,#8444);
#8443 = CARTESIAN_POINT('',(0.,0.));
#8444 = VECTOR('',#8445,1.);
#8445 = DIRECTION('',(1.,0.));
#8446 = ( GEOMETRIC_REPRESENTATION_CONTEXT(2) 
PARAMETRIC_REPRESENTATION_CONTEXT() REPRESENTATION_CONTEXT('2D SPACE',''
  ) );
#8447 = ADVANCED_FACE('',(#8448),#2093,.F.);
#8448 = FACE_BOUND('',#8449,.F.);
#8449 = EDGE_LOOP('',(#8450,#8451,#8452,#8475));
#8450 = ORIENTED_EDGE('',*,*,#8402,.F.);
#8451 = ORIENTED_EDGE('',*,*,#2078,.T.);
#8452 = ORIENTED_EDGE('',*,*,#8453,.T.);
#8453 = EDGE_CURVE('',#2053,#8454,#8456,.T.);
#8454 = VERTEX_POINT('',#8455);
#8455 = CARTESIAN_POINT('',(1.9,45.995,4.885));
#8456 = SURFACE_CURVE('',#8457,(#8461,#8468),.PCURVE_S1.);
#8457 = LINE('',#8458,#8459);
#8458 = CARTESIAN_POINT('',(1.9,45.995,2.75));
#8459 = VECTOR('',#8460,1.);
#8460 = DIRECTION('',(0.,0.,1.));
#8461 = PCURVE('',#2093,#8462);
#8462 = DEFINITIONAL_REPRESENTATION('',(#8463),#8467);
#8463 = LINE('',#8464,#8465);
#8464 = CARTESIAN_POINT('',(0.,-10.86));
#8465 = VECTOR('',#8466,1.);
#8466 = DIRECTION('',(1.,0.));
#8467 = ( GEOMETRIC_REPRESENTATION_CONTEXT(2) 
PARAMETRIC_REPRESENTATION_CONTEXT() REPRESENTATION_CONTEXT('2D SPACE',''
  ) );
#8468 = PCURVE('',#2067,#8469);
#8469 = DEFINITIONAL_REPRESENTATION('',(#8470),#8474);
#8470 = LINE('',#8471,#8472);
#8471 = CARTESIAN_POINT('',(0.,3.2));
#8472 = VECTOR('',#8473,1.);
#8473 = DIRECTION('',(1.,0.));
#8474 = ( GEOMETRIC_REPRESENTATION_CONTEXT(2) 
PARAMETRIC_REPRESENTATION_CONTEXT() REPRESENTATION_CONTEXT('2D SPACE',''
  ) );
#8475 = ORIENTED_EDGE('',*,*,#8476,.F.);
#8476 = EDGE_CURVE('',#8403,#8454,#8477,.T.);
#8477 = SURFACE_CURVE('',#8478,(#8482,#8489),.PCURVE_S1.);
#8478 = LINE('',#8479,#8480);
#8479 = CARTESIAN_POINT('',(1.9,35.135,4.885));
#8480 = VECTOR('',#8481,1.);
#8481 = DIRECTION('',(0.,1.,0.));
#8482 = PCURVE('',#2093,#8483);
#8483 = DEFINITIONAL_REPRESENTATION('',(#8484),#8488);
#8484 = LINE('',#8485,#8486);
#8485 = CARTESIAN_POINT('',(2.135,0.));
#8486 = VECTOR('',#8487,1.);
#8487 = DIRECTION('',(0.,-1.));
#8488 = ( GEOMETRIC_REPRESENTATION_CONTEXT(2) 
PARAMETRIC_REPRESENTATION_CONTEXT() REPRESENTATION_CONTEXT('2D SPACE',''
  ) );
#8489 = PCURVE('',#8361,#8490);
#8490 = DEFINITIONAL_REPRESENTATION('',(#8491),#8495);
#8491 = LINE('',#8492,#8493);
#8492 = CARTESIAN_POINT('',(3.2,0.));
#8493 = VECTOR('',#8494,1.);
#8494 = DIRECTION('',(0.,1.));
#8495 = ( GEOMETRIC_REPRESENTATION_CONTEXT(2) 
PARAMETRIC_REPRESENTATION_CONTEXT() REPRESENTATION_CONTEXT('2D SPACE',''
  ) );
#8496 = ADVANCED_FACE('',(#8497),#2015,.F.);
#8497 = FACE_BOUND('',#8498,.F.);
#8498 = EDGE_LOOP('',(#8499,#8520,#8521,#8522));
#8499 = ORIENTED_EDGE('',*,*,#8500,.T.);
#8500 = EDGE_CURVE('',#8019,#8284,#8501,.T.);
#8501 = SURFACE_CURVE('',#8502,(#8506,#8513),.PCURVE_S1.);
#8502 = LINE('',#8503,#8504);
#8503 = CARTESIAN_POINT('',(-3.35,42.725,3.265));
#8504 = VECTOR('',#8505,1.);
#8505 = DIRECTION('',(1.,0.,0.));
#8506 = PCURVE('',#2015,#8507);
#8507 = DEFINITIONAL_REPRESENTATION('',(#8508),#8512);
#8508 = LINE('',#8509,#8510);
#8509 = CARTESIAN_POINT('',(0.515,0.));
#8510 = VECTOR('',#8511,1.);
#8511 = DIRECTION('',(0.,1.));
#8512 = ( GEOMETRIC_REPRESENTATION_CONTEXT(2) 
PARAMETRIC_REPRESENTATION_CONTEXT() REPRESENTATION_CONTEXT('2D SPACE',''
  ) );
#8513 = PCURVE('',#8033,#8514);
#8514 = DEFINITIONAL_REPRESENTATION('',(#8515),#8519);
#8515 = LINE('',#8516,#8517);
#8516 = CARTESIAN_POINT('',(0.,4.1));
#8517 = VECTOR('',#8518,1.);
#8518 = DIRECTION('',(1.,0.));
#8519 = ( GEOMETRIC_REPRESENTATION_CONTEXT(2) 
PARAMETRIC_REPRESENTATION_CONTEXT() REPRESENTATION_CONTEXT('2D SPACE',''
  ) );
#8520 = ORIENTED_EDGE('',*,*,#8304,.F.);
#8521 = ORIENTED_EDGE('',*,*,#2000,.T.);
#8522 = ORIENTED_EDGE('',*,*,#8044,.T.);
#8523 = ADVANCED_FACE('',(#8524),#2067,.F.);
#8524 = FACE_BOUND('',#8525,.F.);
#8525 = EDGE_LOOP('',(#8526,#8527,#8528,#8529));
#8526 = ORIENTED_EDGE('',*,*,#8453,.F.);
#8527 = ORIENTED_EDGE('',*,*,#2052,.T.);
#8528 = ORIENTED_EDGE('',*,*,#8324,.T.);
#8529 = ORIENTED_EDGE('',*,*,#8530,.T.);
#8530 = EDGE_CURVE('',#8325,#8454,#8531,.T.);
#8531 = SURFACE_CURVE('',#8532,(#8536,#8543),.PCURVE_S1.);
#8532 = LINE('',#8533,#8534);
#8533 = CARTESIAN_POINT('',(-1.3,45.995,4.885));
#8534 = VECTOR('',#8535,1.);
#8535 = DIRECTION('',(1.,0.,0.));
#8536 = PCURVE('',#2067,#8537);
#8537 = DEFINITIONAL_REPRESENTATION('',(#8538),#8542);
#8538 = LINE('',#8539,#8540);
#8539 = CARTESIAN_POINT('',(2.135,0.));
#8540 = VECTOR('',#8541,1.);
#8541 = DIRECTION('',(0.,1.));
#8542 = ( GEOMETRIC_REPRESENTATION_CONTEXT(2) 
PARAMETRIC_REPRESENTATION_CONTEXT() REPRESENTATION_CONTEXT('2D SPACE',''
  ) );
#8543 = PCURVE('',#8361,#8544);
#8544 = DEFINITIONAL_REPRESENTATION('',(#8545),#8549);
#8545 = LINE('',#8546,#8547);
#8546 = CARTESIAN_POINT('',(0.,10.86));
#8547 = VECTOR('',#8548,1.);
#8548 = DIRECTION('',(1.,0.));
#8549 = ( GEOMETRIC_REPRESENTATION_CONTEXT(2) 
PARAMETRIC_REPRESENTATION_CONTEXT() REPRESENTATION_CONTEXT('2D SPACE',''
  ) );
#8550 = ADVANCED_FACE('',(#8551),#2194,.T.);
#8551 = FACE_BOUND('',#8552,.T.);
#8552 = EDGE_LOOP('',(#8553,#8576,#8577,#8600));
#8553 = ORIENTED_EDGE('',*,*,#8554,.F.);
#8554 = EDGE_CURVE('',#2178,#8555,#8557,.T.);
#8555 = VERTEX_POINT('',#8556);
#8556 = CARTESIAN_POINT('',(7.1,7.68,4.2));
#8557 = SURFACE_CURVE('',#8558,(#8562,#8569),.PCURVE_S1.);
#8558 = LINE('',#8559,#8560);
#8559 = CARTESIAN_POINT('',(7.1,7.68,2.7));
#8560 = VECTOR('',#8561,1.);
#8561 = DIRECTION('',(0.,0.,1.));
#8562 = PCURVE('',#2194,#8563);
#8563 = DEFINITIONAL_REPRESENTATION('',(#8564),#8568);
#8564 = LINE('',#8565,#8566);
#8565 = CARTESIAN_POINT('',(0.,14.2));
#8566 = VECTOR('',#8567,1.);
#8567 = DIRECTION('',(1.,0.));
#8568 = ( GEOMETRIC_REPRESENTATION_CONTEXT(2) 
PARAMETRIC_REPRESENTATION_CONTEXT() REPRESENTATION_CONTEXT('2D SPACE',''
  ) );
#8569 = PCURVE('',#2270,#8570);
#8570 = DEFINITIONAL_REPRESENTATION('',(#8571),#8575);
#8571 = LINE('',#8572,#8573);
#8572 = CARTESIAN_POINT('',(0.,0.));
#8573 = VECTOR('',#8574,1.);
#8574 = DIRECTION('',(1.,0.));
#8575 = ( GEOMETRIC_REPRESENTATION_CONTEXT(2) 
PARAMETRIC_REPRESENTATION_CONTEXT() REPRESENTATION_CONTEXT('2D SPACE',''
  ) );
#8576 = ORIENTED_EDGE('',*,*,#2177,.T.);
#8577 = ORIENTED_EDGE('',*,*,#8578,.T.);
#8578 = EDGE_CURVE('',#2180,#8579,#8581,.T.);
#8579 = VERTEX_POINT('',#8580);
#8580 = CARTESIAN_POINT('',(-7.1,7.68,4.2));
#8581 = SURFACE_CURVE('',#8582,(#8586,#8593),.PCURVE_S1.);
#8582 = LINE('',#8583,#8584);
#8583 = CARTESIAN_POINT('',(-7.1,7.68,2.7));
#8584 = VECTOR('',#8585,1.);
#8585 = DIRECTION('',(0.,0.,1.));
#8586 = PCURVE('',#2194,#8587);
#8587 = DEFINITIONAL_REPRESENTATION('',(#8588),#8592);
#8588 = LINE('',#8589,#8590);
#8589 = CARTESIAN_POINT('',(0.,0.));
#8590 = VECTOR('',#8591,1.);
#8591 = DIRECTION('',(1.,0.));
#8592 = ( GEOMETRIC_REPRESENTATION_CONTEXT(2) 
PARAMETRIC_REPRESENTATION_CONTEXT() REPRESENTATION_CONTEXT('2D SPACE',''
  ) );
#8593 = PCURVE('',#2220,#8594);
#8594 = DEFINITIONAL_REPRESENTATION('',(#8595),#8599);
#8595 = LINE('',#8596,#8597);
#8596 = CARTESIAN_POINT('',(0.,0.));
#8597 = VECTOR('',#8598,1.);
#8598 = DIRECTION('',(1.,0.));
#8599 = ( GEOMETRIC_REPRESENTATION_CONTEXT(2) 
PARAMETRIC_REPRESENTATION_CONTEXT() REPRESENTATION_CONTEXT('2D SPACE',''
  ) );
#8600 = ORIENTED_EDGE('',*,*,#8601,.F.);
#8601 = EDGE_CURVE('',#8555,#8579,#8602,.T.);
#8602 = SURFACE_CURVE('',#8603,(#8607,#8613),.PCURVE_S1.);
#8603 = LINE('',#8604,#8605);
#8604 = CARTESIAN_POINT('',(-26.3,7.68,4.2));
#8605 = VECTOR('',#8606,1.);
#8606 = DIRECTION('',(-1.,0.,0.));
#8607 = PCURVE('',#2194,#8608);
#8608 = DEFINITIONAL_REPRESENTATION('',(#8609),#8612);
#8609 = B_SPLINE_CURVE_WITH_KNOTS('',1,(#8610,#8611),.UNSPECIFIED.,.F.,
  .F.,(2,2),(-33.4,-19.2),.PIECEWISE_BEZIER_KNOTS.);
#8610 = CARTESIAN_POINT('',(1.5,14.2));
#8611 = CARTESIAN_POINT('',(1.5,0.));
#8612 = ( GEOMETRIC_REPRESENTATION_CONTEXT(2) 
PARAMETRIC_REPRESENTATION_CONTEXT() REPRESENTATION_CONTEXT('2D SPACE',''
  ) );
#8613 = PCURVE('',#8614,#8619);
#8614 = PLANE('',#8615);
#8615 = AXIS2_PLACEMENT_3D('',#8616,#8617,#8618);
#8616 = CARTESIAN_POINT('',(-45.5,-51.25,4.2));
#8617 = DIRECTION('',(0.,0.,1.));
#8618 = DIRECTION('',(1.,0.,0.));
#8619 = DEFINITIONAL_REPRESENTATION('',(#8620),#8623);
#8620 = B_SPLINE_CURVE_WITH_KNOTS('',1,(#8621,#8622),.UNSPECIFIED.,.F.,
  .F.,(2,2),(-33.4,-19.2),.PIECEWISE_BEZIER_KNOTS.);
#8621 = CARTESIAN_POINT('',(52.6,58.93));
#8622 = CARTESIAN_POINT('',(38.4,58.93));
#8623 = ( GEOMETRIC_REPRESENTATION_CONTEXT(2) 
PARAMETRIC_REPRESENTATION_CONTEXT() REPRESENTATION_CONTEXT('2D SPACE',''
  ) );
#8624 = ADVANCED_FACE('',(#8625),#2270,.F.);
#8625 = FACE_BOUND('',#8626,.F.);
#8626 = EDGE_LOOP('',(#8627,#8628,#8629,#8652));
#8627 = ORIENTED_EDGE('',*,*,#8554,.F.);
#8628 = ORIENTED_EDGE('',*,*,#2257,.T.);
#8629 = ORIENTED_EDGE('',*,*,#8630,.T.);
#8630 = EDGE_CURVE('',#2232,#8631,#8633,.T.);
#8631 = VERTEX_POINT('',#8632);
#8632 = CARTESIAN_POINT('',(7.1,21.88,4.2));
#8633 = SURFACE_CURVE('',#8634,(#8638,#8645),.PCURVE_S1.);
#8634 = LINE('',#8635,#8636);
#8635 = CARTESIAN_POINT('',(7.1,21.88,2.7));
#8636 = VECTOR('',#8637,1.);
#8637 = DIRECTION('',(0.,0.,1.));
#8638 = PCURVE('',#2270,#8639);
#8639 = DEFINITIONAL_REPRESENTATION('',(#8640),#8644);
#8640 = LINE('',#8641,#8642);
#8641 = CARTESIAN_POINT('',(0.,-14.2));
#8642 = VECTOR('',#8643,1.);
#8643 = DIRECTION('',(1.,0.));
#8644 = ( GEOMETRIC_REPRESENTATION_CONTEXT(2) 
PARAMETRIC_REPRESENTATION_CONTEXT() REPRESENTATION_CONTEXT('2D SPACE',''
  ) );
#8645 = PCURVE('',#2246,#8646);
#8646 = DEFINITIONAL_REPRESENTATION('',(#8647),#8651);
#8647 = LINE('',#8648,#8649);
#8648 = CARTESIAN_POINT('',(0.,14.2));
#8649 = VECTOR('',#8650,1.);
#8650 = DIRECTION('',(1.,0.));
#8651 = ( GEOMETRIC_REPRESENTATION_CONTEXT(2) 
PARAMETRIC_REPRESENTATION_CONTEXT() REPRESENTATION_CONTEXT('2D SPACE',''
  ) );
#8652 = ORIENTED_EDGE('',*,*,#8653,.F.);
#8653 = EDGE_CURVE('',#8555,#8631,#8654,.T.);
#8654 = SURFACE_CURVE('',#8655,(#8659,#8665),.PCURVE_S1.);
#8655 = LINE('',#8656,#8657);
#8656 = CARTESIAN_POINT('',(7.1,-21.785,4.2));
#8657 = VECTOR('',#8658,1.);
#8658 = DIRECTION('',(0.,1.,0.));
#8659 = PCURVE('',#2270,#8660);
#8660 = DEFINITIONAL_REPRESENTATION('',(#8661),#8664);
#8661 = B_SPLINE_CURVE_WITH_KNOTS('',1,(#8662,#8663),.UNSPECIFIED.,.F.,
  .F.,(2,2),(29.465,43.665),.PIECEWISE_BEZIER_KNOTS.);
#8662 = CARTESIAN_POINT('',(1.5,0.));
#8663 = CARTESIAN_POINT('',(1.5,-14.2));
#8664 = ( GEOMETRIC_REPRESENTATION_CONTEXT(2) 
PARAMETRIC_REPRESENTATION_CONTEXT() REPRESENTATION_CONTEXT('2D SPACE',''
  ) );
#8665 = PCURVE('',#8614,#8666);
#8666 = DEFINITIONAL_REPRESENTATION('',(#8667),#8670);
#8667 = B_SPLINE_CURVE_WITH_KNOTS('',1,(#8668,#8669),.UNSPECIFIED.,.F.,
  .F.,(2,2),(29.465,43.665),.PIECEWISE_BEZIER_KNOTS.);
#8668 = CARTESIAN_POINT('',(52.6,58.93));
#8669 = CARTESIAN_POINT('',(52.6,73.13));
#8670 = ( GEOMETRIC_REPRESENTATION_CONTEXT(2) 
PARAMETRIC_REPRESENTATION_CONTEXT() REPRESENTATION_CONTEXT('2D SPACE',''
  ) );
#8671 = ADVANCED_FACE('',(#8672),#2220,.T.);
#8672 = FACE_BOUND('',#8673,.T.);
#8673 = EDGE_LOOP('',(#8674,#8675,#8676,#8699));
#8674 = ORIENTED_EDGE('',*,*,#8578,.F.);
#8675 = ORIENTED_EDGE('',*,*,#2205,.T.);
#8676 = ORIENTED_EDGE('',*,*,#8677,.T.);
#8677 = EDGE_CURVE('',#2206,#8678,#8680,.T.);
#8678 = VERTEX_POINT('',#8679);
#8679 = CARTESIAN_POINT('',(-7.1,21.88,4.2));
#8680 = SURFACE_CURVE('',#8681,(#8685,#8692),.PCURVE_S1.);
#8681 = LINE('',#8682,#8683);
#8682 = CARTESIAN_POINT('',(-7.1,21.88,2.7));
#8683 = VECTOR('',#8684,1.);
#8684 = DIRECTION('',(0.,0.,1.));
#8685 = PCURVE('',#2220,#8686);
#8686 = DEFINITIONAL_REPRESENTATION('',(#8687),#8691);
#8687 = LINE('',#8688,#8689);
#8688 = CARTESIAN_POINT('',(0.,-14.2));
#8689 = VECTOR('',#8690,1.);
#8690 = DIRECTION('',(1.,0.));
#8691 = ( GEOMETRIC_REPRESENTATION_CONTEXT(2) 
PARAMETRIC_REPRESENTATION_CONTEXT() REPRESENTATION_CONTEXT('2D SPACE',''
  ) );
#8692 = PCURVE('',#2246,#8693);
#8693 = DEFINITIONAL_REPRESENTATION('',(#8694),#8698);
#8694 = LINE('',#8695,#8696);
#8695 = CARTESIAN_POINT('',(0.,0.));
#8696 = VECTOR('',#8697,1.);
#8697 = DIRECTION('',(1.,0.));
#8698 = ( GEOMETRIC_REPRESENTATION_CONTEXT(2) 
PARAMETRIC_REPRESENTATION_CONTEXT() REPRESENTATION_CONTEXT('2D SPACE',''
  ) );
#8699 = ORIENTED_EDGE('',*,*,#8700,.F.);
#8700 = EDGE_CURVE('',#8579,#8678,#8701,.T.);
#8701 = SURFACE_CURVE('',#8702,(#8706,#8712),.PCURVE_S1.);
#8702 = LINE('',#8703,#8704);
#8703 = CARTESIAN_POINT('',(-7.1,-21.785,4.2));
#8704 = VECTOR('',#8705,1.);
#8705 = DIRECTION('',(0.,1.,0.));
#8706 = PCURVE('',#2220,#8707);
#8707 = DEFINITIONAL_REPRESENTATION('',(#8708),#8711);
#8708 = B_SPLINE_CURVE_WITH_KNOTS('',1,(#8709,#8710),.UNSPECIFIED.,.F.,
  .F.,(2,2),(29.465,43.665),.PIECEWISE_BEZIER_KNOTS.);
#8709 = CARTESIAN_POINT('',(1.5,0.));
#8710 = CARTESIAN_POINT('',(1.5,-14.2));
#8711 = ( GEOMETRIC_REPRESENTATION_CONTEXT(2) 
PARAMETRIC_REPRESENTATION_CONTEXT() REPRESENTATION_CONTEXT('2D SPACE',''
  ) );
#8712 = PCURVE('',#8614,#8713);
#8713 = DEFINITIONAL_REPRESENTATION('',(#8714),#8717);
#8714 = B_SPLINE_CURVE_WITH_KNOTS('',1,(#8715,#8716),.UNSPECIFIED.,.F.,
  .F.,(2,2),(29.465,43.665),.PIECEWISE_BEZIER_KNOTS.);
#8715 = CARTESIAN_POINT('',(38.4,58.93));
#8716 = CARTESIAN_POINT('',(38.4,73.13));
#8717 = ( GEOMETRIC_REPRESENTATION_CONTEXT(2) 
PARAMETRIC_REPRESENTATION_CONTEXT() REPRESENTATION_CONTEXT('2D SPACE',''
  ) );
#8718 = ADVANCED_FACE('',(#8719),#2246,.F.);
#8719 = FACE_BOUND('',#8720,.F.);
#8720 = EDGE_LOOP('',(#8721,#8722,#8723,#8724));
#8721 = ORIENTED_EDGE('',*,*,#8630,.F.);
#8722 = ORIENTED_EDGE('',*,*,#2231,.T.);
#8723 = ORIENTED_EDGE('',*,*,#8677,.T.);
#8724 = ORIENTED_EDGE('',*,*,#8725,.F.);
#8725 = EDGE_CURVE('',#8631,#8678,#8726,.T.);
#8726 = SURFACE_CURVE('',#8727,(#8731,#8737),.PCURVE_S1.);
#8727 = LINE('',#8728,#8729);
#8728 = CARTESIAN_POINT('',(-26.3,21.88,4.2));
#8729 = VECTOR('',#8730,1.);
#8730 = DIRECTION('',(-1.,0.,0.));
#8731 = PCURVE('',#2246,#8732);
#8732 = DEFINITIONAL_REPRESENTATION('',(#8733),#8736);
#8733 = B_SPLINE_CURVE_WITH_KNOTS('',1,(#8734,#8735),.UNSPECIFIED.,.F.,
  .F.,(2,2),(-33.4,-19.2),.PIECEWISE_BEZIER_KNOTS.);
#8734 = CARTESIAN_POINT('',(1.5,14.2));
#8735 = CARTESIAN_POINT('',(1.5,0.));
#8736 = ( GEOMETRIC_REPRESENTATION_CONTEXT(2) 
PARAMETRIC_REPRESENTATION_CONTEXT() REPRESENTATION_CONTEXT('2D SPACE',''
  ) );
#8737 = PCURVE('',#8614,#8738);
#8738 = DEFINITIONAL_REPRESENTATION('',(#8739),#8742);
#8739 = B_SPLINE_CURVE_WITH_KNOTS('',1,(#8740,#8741),.UNSPECIFIED.,.F.,
  .F.,(2,2),(-33.4,-19.2),.PIECEWISE_BEZIER_KNOTS.);
#8740 = CARTESIAN_POINT('',(52.6,73.13));
#8741 = CARTESIAN_POINT('',(38.4,73.13));
#8742 = ( GEOMETRIC_REPRESENTATION_CONTEXT(2) 
PARAMETRIC_REPRESENTATION_CONTEXT() REPRESENTATION_CONTEXT('2D SPACE',''
  ) );
#8743 = ADVANCED_FACE('',(#8744),#2300,.T.);
#8744 = FACE_BOUND('',#8745,.T.);
#8745 = EDGE_LOOP('',(#8746,#8769,#8770,#8793));
#8746 = ORIENTED_EDGE('',*,*,#8747,.F.);
#8747 = EDGE_CURVE('',#2284,#8748,#8750,.T.);
#8748 = VERTEX_POINT('',#8749);
#8749 = CARTESIAN_POINT('',(26.15,7.68,4.2));
#8750 = SURFACE_CURVE('',#8751,(#8755,#8762),.PCURVE_S1.);
#8751 = LINE('',#8752,#8753);
#8752 = CARTESIAN_POINT('',(26.15,7.68,2.7));
#8753 = VECTOR('',#8754,1.);
#8754 = DIRECTION('',(0.,0.,1.));
#8755 = PCURVE('',#2300,#8756);
#8756 = DEFINITIONAL_REPRESENTATION('',(#8757),#8761);
#8757 = LINE('',#8758,#8759);
#8758 = CARTESIAN_POINT('',(0.,14.2));
#8759 = VECTOR('',#8760,1.);
#8760 = DIRECTION('',(1.,0.));
#8761 = ( GEOMETRIC_REPRESENTATION_CONTEXT(2) 
PARAMETRIC_REPRESENTATION_CONTEXT() REPRESENTATION_CONTEXT('2D SPACE',''
  ) );
#8762 = PCURVE('',#2376,#8763);
#8763 = DEFINITIONAL_REPRESENTATION('',(#8764),#8768);
#8764 = LINE('',#8765,#8766);
#8765 = CARTESIAN_POINT('',(0.,0.));
#8766 = VECTOR('',#8767,1.);
#8767 = DIRECTION('',(1.,0.));
#8768 = ( GEOMETRIC_REPRESENTATION_CONTEXT(2) 
PARAMETRIC_REPRESENTATION_CONTEXT() REPRESENTATION_CONTEXT('2D SPACE',''
  ) );
#8769 = ORIENTED_EDGE('',*,*,#2283,.T.);
#8770 = ORIENTED_EDGE('',*,*,#8771,.T.);
#8771 = EDGE_CURVE('',#2286,#8772,#8774,.T.);
#8772 = VERTEX_POINT('',#8773);
#8773 = CARTESIAN_POINT('',(11.95,7.68,4.2));
#8774 = SURFACE_CURVE('',#8775,(#8779,#8786),.PCURVE_S1.);
#8775 = LINE('',#8776,#8777);
#8776 = CARTESIAN_POINT('',(11.95,7.68,2.7));
#8777 = VECTOR('',#8778,1.);
#8778 = DIRECTION('',(0.,0.,1.));
#8779 = PCURVE('',#2300,#8780);
#8780 = DEFINITIONAL_REPRESENTATION('',(#8781),#8785);
#8781 = LINE('',#8782,#8783);
#8782 = CARTESIAN_POINT('',(0.,0.));
#8783 = VECTOR('',#8784,1.);
#8784 = DIRECTION('',(1.,0.));
#8785 = ( GEOMETRIC_REPRESENTATION_CONTEXT(2) 
PARAMETRIC_REPRESENTATION_CONTEXT() REPRESENTATION_CONTEXT('2D SPACE',''
  ) );
#8786 = PCURVE('',#2326,#8787);
#8787 = DEFINITIONAL_REPRESENTATION('',(#8788),#8792);
#8788 = LINE('',#8789,#8790);
#8789 = CARTESIAN_POINT('',(0.,0.));
#8790 = VECTOR('',#8791,1.);
#8791 = DIRECTION('',(1.,0.));
#8792 = ( GEOMETRIC_REPRESENTATION_CONTEXT(2) 
PARAMETRIC_REPRESENTATION_CONTEXT() REPRESENTATION_CONTEXT('2D SPACE',''
  ) );
#8793 = ORIENTED_EDGE('',*,*,#8794,.F.);
#8794 = EDGE_CURVE('',#8748,#8772,#8795,.T.);
#8795 = SURFACE_CURVE('',#8796,(#8800,#8806),.PCURVE_S1.);
#8796 = LINE('',#8797,#8798);
#8797 = CARTESIAN_POINT('',(-16.775,7.68,4.2));
#8798 = VECTOR('',#8799,1.);
#8799 = DIRECTION('',(-1.,0.,0.));
#8800 = PCURVE('',#2300,#8801);
#8801 = DEFINITIONAL_REPRESENTATION('',(#8802),#8805);
#8802 = B_SPLINE_CURVE_WITH_KNOTS('',1,(#8803,#8804),.UNSPECIFIED.,.F.,
  .F.,(2,2),(-42.925,-28.725),.PIECEWISE_BEZIER_KNOTS.);
#8803 = CARTESIAN_POINT('',(1.5,14.2));
#8804 = CARTESIAN_POINT('',(1.5,0.));
#8805 = ( GEOMETRIC_REPRESENTATION_CONTEXT(2) 
PARAMETRIC_REPRESENTATION_CONTEXT() REPRESENTATION_CONTEXT('2D SPACE',''
  ) );
#8806 = PCURVE('',#8807,#8812);
#8807 = PLANE('',#8808);
#8808 = AXIS2_PLACEMENT_3D('',#8809,#8810,#8811);
#8809 = CARTESIAN_POINT('',(-45.5,-51.25,4.2));
#8810 = DIRECTION('',(0.,0.,1.));
#8811 = DIRECTION('',(1.,0.,0.));
#8812 = DEFINITIONAL_REPRESENTATION('',(#8813),#8816);
#8813 = B_SPLINE_CURVE_WITH_KNOTS('',1,(#8814,#8815),.UNSPECIFIED.,.F.,
  .F.,(2,2),(-42.925,-28.725),.PIECEWISE_BEZIER_KNOTS.);
#8814 = CARTESIAN_POINT('',(71.65,58.93));
#8815 = CARTESIAN_POINT('',(57.45,58.93));
#8816 = ( GEOMETRIC_REPRESENTATION_CONTEXT(2) 
PARAMETRIC_REPRESENTATION_CONTEXT() REPRESENTATION_CONTEXT('2D SPACE',''
  ) );
#8817 = ADVANCED_FACE('',(#8818),#2376,.F.);
#8818 = FACE_BOUND('',#8819,.F.);
#8819 = EDGE_LOOP('',(#8820,#8821,#8822,#8845));
#8820 = ORIENTED_EDGE('',*,*,#8747,.F.);
#8821 = ORIENTED_EDGE('',*,*,#2363,.T.);
#8822 = ORIENTED_EDGE('',*,*,#8823,.T.);
#8823 = EDGE_CURVE('',#2338,#8824,#8826,.T.);
#8824 = VERTEX_POINT('',#8825);
#8825 = CARTESIAN_POINT('',(26.15,21.88,4.2));
#8826 = SURFACE_CURVE('',#8827,(#8831,#8838),.PCURVE_S1.);
#8827 = LINE('',#8828,#8829);
#8828 = CARTESIAN_POINT('',(26.15,21.88,2.7));
#8829 = VECTOR('',#8830,1.);
#8830 = DIRECTION('',(0.,0.,1.));
#8831 = PCURVE('',#2376,#8832);
#8832 = DEFINITIONAL_REPRESENTATION('',(#8833),#8837);
#8833 = LINE('',#8834,#8835);
#8834 = CARTESIAN_POINT('',(0.,-14.2));
#8835 = VECTOR('',#8836,1.);
#8836 = DIRECTION('',(1.,0.));
#8837 = ( GEOMETRIC_REPRESENTATION_CONTEXT(2) 
PARAMETRIC_REPRESENTATION_CONTEXT() REPRESENTATION_CONTEXT('2D SPACE',''
  ) );
#8838 = PCURVE('',#2352,#8839);
#8839 = DEFINITIONAL_REPRESENTATION('',(#8840),#8844);
#8840 = LINE('',#8841,#8842);
#8841 = CARTESIAN_POINT('',(0.,14.2));
#8842 = VECTOR('',#8843,1.);
#8843 = DIRECTION('',(1.,0.));
#8844 = ( GEOMETRIC_REPRESENTATION_CONTEXT(2) 
PARAMETRIC_REPRESENTATION_CONTEXT() REPRESENTATION_CONTEXT('2D SPACE',''
  ) );
#8845 = ORIENTED_EDGE('',*,*,#8846,.F.);
#8846 = EDGE_CURVE('',#8748,#8824,#8847,.T.);
#8847 = SURFACE_CURVE('',#8848,(#8852,#8858),.PCURVE_S1.);
#8848 = LINE('',#8849,#8850);
#8849 = CARTESIAN_POINT('',(26.15,-21.785,4.2));
#8850 = VECTOR('',#8851,1.);
#8851 = DIRECTION('',(0.,1.,0.));
#8852 = PCURVE('',#2376,#8853);
#8853 = DEFINITIONAL_REPRESENTATION('',(#8854),#8857);
#8854 = B_SPLINE_CURVE_WITH_KNOTS('',1,(#8855,#8856),.UNSPECIFIED.,.F.,
  .F.,(2,2),(29.465,43.665),.PIECEWISE_BEZIER_KNOTS.);
#8855 = CARTESIAN_POINT('',(1.5,0.));
#8856 = CARTESIAN_POINT('',(1.5,-14.2));
#8857 = ( GEOMETRIC_REPRESENTATION_CONTEXT(2) 
PARAMETRIC_REPRESENTATION_CONTEXT() REPRESENTATION_CONTEXT('2D SPACE',''
  ) );
#8858 = PCURVE('',#8807,#8859);
#8859 = DEFINITIONAL_REPRESENTATION('',(#8860),#8863);
#8860 = B_SPLINE_CURVE_WITH_KNOTS('',1,(#8861,#8862),.UNSPECIFIED.,.F.,
  .F.,(2,2),(29.465,43.665),.PIECEWISE_BEZIER_KNOTS.);
#8861 = CARTESIAN_POINT('',(71.65,58.93));
#8862 = CARTESIAN_POINT('',(71.65,73.13));
#8863 = ( GEOMETRIC_REPRESENTATION_CONTEXT(2) 
PARAMETRIC_REPRESENTATION_CONTEXT() REPRESENTATION_CONTEXT('2D SPACE',''
  ) );
#8864 = ADVANCED_FACE('',(#8865),#2326,.T.);
#8865 = FACE_BOUND('',#8866,.T.);
#8866 = EDGE_LOOP('',(#8867,#8868,#8869,#8892));
#8867 = ORIENTED_EDGE('',*,*,#8771,.F.);
#8868 = ORIENTED_EDGE('',*,*,#2311,.T.);
#8869 = ORIENTED_EDGE('',*,*,#8870,.T.);
#8870 = EDGE_CURVE('',#2312,#8871,#8873,.T.);
#8871 = VERTEX_POINT('',#8872);
#8872 = CARTESIAN_POINT('',(11.95,21.88,4.2));
#8873 = SURFACE_CURVE('',#8874,(#8878,#8885),.PCURVE_S1.);
#8874 = LINE('',#8875,#8876);
#8875 = CARTESIAN_POINT('',(11.95,21.88,2.7));
#8876 = VECTOR('',#8877,1.);
#8877 = DIRECTION('',(0.,0.,1.));
#8878 = PCURVE('',#2326,#8879);
#8879 = DEFINITIONAL_REPRESENTATION('',(#8880),#8884);
#8880 = LINE('',#8881,#8882);
#8881 = CARTESIAN_POINT('',(0.,-14.2));
#8882 = VECTOR('',#8883,1.);
#8883 = DIRECTION('',(1.,0.));
#8884 = ( GEOMETRIC_REPRESENTATION_CONTEXT(2) 
PARAMETRIC_REPRESENTATION_CONTEXT() REPRESENTATION_CONTEXT('2D SPACE',''
  ) );
#8885 = PCURVE('',#2352,#8886);
#8886 = DEFINITIONAL_REPRESENTATION('',(#8887),#8891);
#8887 = LINE('',#8888,#8889);
#8888 = CARTESIAN_POINT('',(0.,0.));
#8889 = VECTOR('',#8890,1.);
#8890 = DIRECTION('',(1.,0.));
#8891 = ( GEOMETRIC_REPRESENTATION_CONTEXT(2) 
PARAMETRIC_REPRESENTATION_CONTEXT() REPRESENTATION_CONTEXT('2D SPACE',''
  ) );
#8892 = ORIENTED_EDGE('',*,*,#8893,.F.);
#8893 = EDGE_CURVE('',#8772,#8871,#8894,.T.);
#8894 = SURFACE_CURVE('',#8895,(#8899,#8905),.PCURVE_S1.);
#8895 = LINE('',#8896,#8897);
#8896 = CARTESIAN_POINT('',(11.95,-21.785,4.2));
#8897 = VECTOR('',#8898,1.);
#8898 = DIRECTION('',(0.,1.,0.));
#8899 = PCURVE('',#2326,#8900);
#8900 = DEFINITIONAL_REPRESENTATION('',(#8901),#8904);
#8901 = B_SPLINE_CURVE_WITH_KNOTS('',1,(#8902,#8903),.UNSPECIFIED.,.F.,
  .F.,(2,2),(29.465,43.665),.PIECEWISE_BEZIER_KNOTS.);
#8902 = CARTESIAN_POINT('',(1.5,0.));
#8903 = CARTESIAN_POINT('',(1.5,-14.2));
#8904 = ( GEOMETRIC_REPRESENTATION_CONTEXT(2) 
PARAMETRIC_REPRESENTATION_CONTEXT() REPRESENTATION_CONTEXT('2D SPACE',''
  ) );
#8905 = PCURVE('',#8807,#8906);
#8906 = DEFINITIONAL_REPRESENTATION('',(#8907),#8910);
#8907 = B_SPLINE_CURVE_WITH_KNOTS('',1,(#8908,#8909),.UNSPECIFIED.,.F.,
  .F.,(2,2),(29.465,43.665),.PIECEWISE_BEZIER_KNOTS.);
#8908 = CARTESIAN_POINT('',(57.45,58.93));
#8909 = CARTESIAN_POINT('',(57.45,73.13));
#8910 = ( GEOMETRIC_REPRESENTATION_CONTEXT(2) 
PARAMETRIC_REPRESENTATION_CONTEXT() REPRESENTATION_CONTEXT('2D SPACE',''
  ) );
#8911 = ADVANCED_FACE('',(#8912),#2352,.F.);
#8912 = FACE_BOUND('',#8913,.F.);
#8913 = EDGE_LOOP('',(#8914,#8915,#8916,#8917));
#8914 = ORIENTED_EDGE('',*,*,#8823,.F.);
#8915 = ORIENTED_EDGE('',*,*,#2337,.T.);
#8916 = ORIENTED_EDGE('',*,*,#8870,.T.);
#8917 = ORIENTED_EDGE('',*,*,#8918,.F.);
#8918 = EDGE_CURVE('',#8824,#8871,#8919,.T.);
#8919 = SURFACE_CURVE('',#8920,(#8924,#8930),.PCURVE_S1.);
#8920 = LINE('',#8921,#8922);
#8921 = CARTESIAN_POINT('',(-16.775,21.88,4.2));
#8922 = VECTOR('',#8923,1.);
#8923 = DIRECTION('',(-1.,0.,0.));
#8924 = PCURVE('',#2352,#8925);
#8925 = DEFINITIONAL_REPRESENTATION('',(#8926),#8929);
#8926 = B_SPLINE_CURVE_WITH_KNOTS('',1,(#8927,#8928),.UNSPECIFIED.,.F.,
  .F.,(2,2),(-42.925,-28.725),.PIECEWISE_BEZIER_KNOTS.);
#8927 = CARTESIAN_POINT('',(1.5,14.2));
#8928 = CARTESIAN_POINT('',(1.5,0.));
#8929 = ( GEOMETRIC_REPRESENTATION_CONTEXT(2) 
PARAMETRIC_REPRESENTATION_CONTEXT() REPRESENTATION_CONTEXT('2D SPACE',''
  ) );
#8930 = PCURVE('',#8807,#8931);
#8931 = DEFINITIONAL_REPRESENTATION('',(#8932),#8935);
#8932 = B_SPLINE_CURVE_WITH_KNOTS('',1,(#8933,#8934),.UNSPECIFIED.,.F.,
  .F.,(2,2),(-42.925,-28.725),.PIECEWISE_BEZIER_KNOTS.);
#8933 = CARTESIAN_POINT('',(71.65,73.13));
#8934 = CARTESIAN_POINT('',(57.45,73.13));
#8935 = ( GEOMETRIC_REPRESENTATION_CONTEXT(2) 
PARAMETRIC_REPRESENTATION_CONTEXT() REPRESENTATION_CONTEXT('2D SPACE',''
  ) );
#8936 = ADVANCED_FACE('',(#8937),#2406,.T.);
#8937 = FACE_BOUND('',#8938,.T.);
#8938 = EDGE_LOOP('',(#8939,#8962,#8963,#8986));
#8939 = ORIENTED_EDGE('',*,*,#8940,.F.);
#8940 = EDGE_CURVE('',#2390,#8941,#8943,.T.);
#8941 = VERTEX_POINT('',#8942);
#8942 = CARTESIAN_POINT('',(37.935,0.21,3.655));
#8943 = SURFACE_CURVE('',#8944,(#8948,#8955),.PCURVE_S1.);
#8944 = LINE('',#8945,#8946);
#8945 = CARTESIAN_POINT('',(37.935,0.21,2.75));
#8946 = VECTOR('',#8947,1.);
#8947 = DIRECTION('',(0.,0.,1.));
#8948 = PCURVE('',#2406,#8949);
#8949 = DEFINITIONAL_REPRESENTATION('',(#8950),#8954);
#8950 = LINE('',#8951,#8952);
#8951 = CARTESIAN_POINT('',(0.,2.72));
#8952 = VECTOR('',#8953,1.);
#8953 = DIRECTION('',(1.,0.));
#8954 = ( GEOMETRIC_REPRESENTATION_CONTEXT(2) 
PARAMETRIC_REPRESENTATION_CONTEXT() REPRESENTATION_CONTEXT('2D SPACE',''
  ) );
#8955 = PCURVE('',#2482,#8956);
#8956 = DEFINITIONAL_REPRESENTATION('',(#8957),#8961);
#8957 = LINE('',#8958,#8959);
#8958 = CARTESIAN_POINT('',(0.,0.));
#8959 = VECTOR('',#8960,1.);
#8960 = DIRECTION('',(1.,0.));
#8961 = ( GEOMETRIC_REPRESENTATION_CONTEXT(2) 
PARAMETRIC_REPRESENTATION_CONTEXT() REPRESENTATION_CONTEXT('2D SPACE',''
  ) );
#8962 = ORIENTED_EDGE('',*,*,#2389,.T.);
#8963 = ORIENTED_EDGE('',*,*,#8964,.T.);
#8964 = EDGE_CURVE('',#2392,#8965,#8967,.T.);
#8965 = VERTEX_POINT('',#8966);
#8966 = CARTESIAN_POINT('',(35.215,0.21,3.655));
#8967 = SURFACE_CURVE('',#8968,(#8972,#8979),.PCURVE_S1.);
#8968 = LINE('',#8969,#8970);
#8969 = CARTESIAN_POINT('',(35.215,0.21,2.75));
#8970 = VECTOR('',#8971,1.);
#8971 = DIRECTION('',(0.,0.,1.));
#8972 = PCURVE('',#2406,#8973);
#8973 = DEFINITIONAL_REPRESENTATION('',(#8974),#8978);
#8974 = LINE('',#8975,#8976);
#8975 = CARTESIAN_POINT('',(0.,0.));
#8976 = VECTOR('',#8977,1.);
#8977 = DIRECTION('',(1.,0.));
#8978 = ( GEOMETRIC_REPRESENTATION_CONTEXT(2) 
PARAMETRIC_REPRESENTATION_CONTEXT() REPRESENTATION_CONTEXT('2D SPACE',''
  ) );
#8979 = PCURVE('',#2432,#8980);
#8980 = DEFINITIONAL_REPRESENTATION('',(#8981),#8985);
#8981 = LINE('',#8982,#8983);
#8982 = CARTESIAN_POINT('',(0.,0.));
#8983 = VECTOR('',#8984,1.);
#8984 = DIRECTION('',(1.,0.));
#8985 = ( GEOMETRIC_REPRESENTATION_CONTEXT(2) 
PARAMETRIC_REPRESENTATION_CONTEXT() REPRESENTATION_CONTEXT('2D SPACE',''
  ) );
#8986 = ORIENTED_EDGE('',*,*,#8987,.T.);
#8987 = EDGE_CURVE('',#8965,#8941,#8988,.T.);
#8988 = SURFACE_CURVE('',#8989,(#8993,#9000),.PCURVE_S1.);
#8989 = LINE('',#8990,#8991);
#8990 = CARTESIAN_POINT('',(35.215,0.21,3.655));
#8991 = VECTOR('',#8992,1.);
#8992 = DIRECTION('',(1.,0.,0.));
#8993 = PCURVE('',#2406,#8994);
#8994 = DEFINITIONAL_REPRESENTATION('',(#8995),#8999);
#8995 = LINE('',#8996,#8997);
#8996 = CARTESIAN_POINT('',(0.905,0.));
#8997 = VECTOR('',#8998,1.);
#8998 = DIRECTION('',(0.,1.));
#8999 = ( GEOMETRIC_REPRESENTATION_CONTEXT(2) 
PARAMETRIC_REPRESENTATION_CONTEXT() REPRESENTATION_CONTEXT('2D SPACE',''
  ) );
#9000 = PCURVE('',#9001,#9006);
#9001 = PLANE('',#9002);
#9002 = AXIS2_PLACEMENT_3D('',#9003,#9004,#9005);
#9003 = CARTESIAN_POINT('',(35.215,0.21,3.655));
#9004 = DIRECTION('',(0.,0.,1.));
#9005 = DIRECTION('',(1.,0.,0.));
#9006 = DEFINITIONAL_REPRESENTATION('',(#9007),#9011);
#9007 = LINE('',#9008,#9009);
#9008 = CARTESIAN_POINT('',(0.,0.));
#9009 = VECTOR('',#9010,1.);
#9010 = DIRECTION('',(1.,0.));
#9011 = ( GEOMETRIC_REPRESENTATION_CONTEXT(2) 
PARAMETRIC_REPRESENTATION_CONTEXT() REPRESENTATION_CONTEXT('2D SPACE',''
  ) );
#9012 = ADVANCED_FACE('',(#9013),#2482,.F.);
#9013 = FACE_BOUND('',#9014,.F.);
#9014 = EDGE_LOOP('',(#9015,#9016,#9017,#9040));
#9015 = ORIENTED_EDGE('',*,*,#8940,.F.);
#9016 = ORIENTED_EDGE('',*,*,#2469,.T.);
#9017 = ORIENTED_EDGE('',*,*,#9018,.T.);
#9018 = EDGE_CURVE('',#2444,#9019,#9021,.T.);
#9019 = VERTEX_POINT('',#9020);
#9020 = CARTESIAN_POINT('',(37.935,11.57,3.655));
#9021 = SURFACE_CURVE('',#9022,(#9026,#9033),.PCURVE_S1.);
#9022 = LINE('',#9023,#9024);
#9023 = CARTESIAN_POINT('',(37.935,11.57,2.75));
#9024 = VECTOR('',#9025,1.);
#9025 = DIRECTION('',(0.,0.,1.));
#9026 = PCURVE('',#2482,#9027);
#9027 = DEFINITIONAL_REPRESENTATION('',(#9028),#9032);
#9028 = LINE('',#9029,#9030);
#9029 = CARTESIAN_POINT('',(0.,-11.36));
#9030 = VECTOR('',#9031,1.);
#9031 = DIRECTION('',(1.,0.));
#9032 = ( GEOMETRIC_REPRESENTATION_CONTEXT(2) 
PARAMETRIC_REPRESENTATION_CONTEXT() REPRESENTATION_CONTEXT('2D SPACE',''
  ) );
#9033 = PCURVE('',#2458,#9034);
#9034 = DEFINITIONAL_REPRESENTATION('',(#9035),#9039);
#9035 = LINE('',#9036,#9037);
#9036 = CARTESIAN_POINT('',(0.,2.72));
#9037 = VECTOR('',#9038,1.);
#9038 = DIRECTION('',(1.,0.));
#9039 = ( GEOMETRIC_REPRESENTATION_CONTEXT(2) 
PARAMETRIC_REPRESENTATION_CONTEXT() REPRESENTATION_CONTEXT('2D SPACE',''
  ) );
#9040 = ORIENTED_EDGE('',*,*,#9041,.F.);
#9041 = EDGE_CURVE('',#8941,#9019,#9042,.T.);
#9042 = SURFACE_CURVE('',#9043,(#9047,#9054),.PCURVE_S1.);
#9043 = LINE('',#9044,#9045);
#9044 = CARTESIAN_POINT('',(37.935,0.21,3.655));
#9045 = VECTOR('',#9046,1.);
#9046 = DIRECTION('',(0.,1.,0.));
#9047 = PCURVE('',#2482,#9048);
#9048 = DEFINITIONAL_REPRESENTATION('',(#9049),#9053);
#9049 = LINE('',#9050,#9051);
#9050 = CARTESIAN_POINT('',(0.905,0.));
#9051 = VECTOR('',#9052,1.);
#9052 = DIRECTION('',(0.,-1.));
#9053 = ( GEOMETRIC_REPRESENTATION_CONTEXT(2) 
PARAMETRIC_REPRESENTATION_CONTEXT() REPRESENTATION_CONTEXT('2D SPACE',''
  ) );
#9054 = PCURVE('',#9001,#9055);
#9055 = DEFINITIONAL_REPRESENTATION('',(#9056),#9060);
#9056 = LINE('',#9057,#9058);
#9057 = CARTESIAN_POINT('',(2.72,0.));
#9058 = VECTOR('',#9059,1.);
#9059 = DIRECTION('',(0.,1.));
#9060 = ( GEOMETRIC_REPRESENTATION_CONTEXT(2) 
PARAMETRIC_REPRESENTATION_CONTEXT() REPRESENTATION_CONTEXT('2D SPACE',''
  ) );
#9061 = ADVANCED_FACE('',(#9062),#2432,.T.);
#9062 = FACE_BOUND('',#9063,.T.);
#9063 = EDGE_LOOP('',(#9064,#9065,#9066,#9089));
#9064 = ORIENTED_EDGE('',*,*,#8964,.F.);
#9065 = ORIENTED_EDGE('',*,*,#2417,.T.);
#9066 = ORIENTED_EDGE('',*,*,#9067,.T.);
#9067 = EDGE_CURVE('',#2418,#9068,#9070,.T.);
#9068 = VERTEX_POINT('',#9069);
#9069 = CARTESIAN_POINT('',(35.215,11.57,3.655));
#9070 = SURFACE_CURVE('',#9071,(#9075,#9082),.PCURVE_S1.);
#9071 = LINE('',#9072,#9073);
#9072 = CARTESIAN_POINT('',(35.215,11.57,2.75));
#9073 = VECTOR('',#9074,1.);
#9074 = DIRECTION('',(0.,0.,1.));
#9075 = PCURVE('',#2432,#9076);
#9076 = DEFINITIONAL_REPRESENTATION('',(#9077),#9081);
#9077 = LINE('',#9078,#9079);
#9078 = CARTESIAN_POINT('',(0.,-11.36));
#9079 = VECTOR('',#9080,1.);
#9080 = DIRECTION('',(1.,0.));
#9081 = ( GEOMETRIC_REPRESENTATION_CONTEXT(2) 
PARAMETRIC_REPRESENTATION_CONTEXT() REPRESENTATION_CONTEXT('2D SPACE',''
  ) );
#9082 = PCURVE('',#2458,#9083);
#9083 = DEFINITIONAL_REPRESENTATION('',(#9084),#9088);
#9084 = LINE('',#9085,#9086);
#9085 = CARTESIAN_POINT('',(0.,0.));
#9086 = VECTOR('',#9087,1.);
#9087 = DIRECTION('',(1.,0.));
#9088 = ( GEOMETRIC_REPRESENTATION_CONTEXT(2) 
PARAMETRIC_REPRESENTATION_CONTEXT() REPRESENTATION_CONTEXT('2D SPACE',''
  ) );
#9089 = ORIENTED_EDGE('',*,*,#9090,.F.);
#9090 = EDGE_CURVE('',#8965,#9068,#9091,.T.);
#9091 = SURFACE_CURVE('',#9092,(#9096,#9103),.PCURVE_S1.);
#9092 = LINE('',#9093,#9094);
#9093 = CARTESIAN_POINT('',(35.215,0.21,3.655));
#9094 = VECTOR('',#9095,1.);
#9095 = DIRECTION('',(0.,1.,0.));
#9096 = PCURVE('',#2432,#9097);
#9097 = DEFINITIONAL_REPRESENTATION('',(#9098),#9102);
#9098 = LINE('',#9099,#9100);
#9099 = CARTESIAN_POINT('',(0.905,0.));
#9100 = VECTOR('',#9101,1.);
#9101 = DIRECTION('',(0.,-1.));
#9102 = ( GEOMETRIC_REPRESENTATION_CONTEXT(2) 
PARAMETRIC_REPRESENTATION_CONTEXT() REPRESENTATION_CONTEXT('2D SPACE',''
  ) );
#9103 = PCURVE('',#9001,#9104);
#9104 = DEFINITIONAL_REPRESENTATION('',(#9105),#9109);
#9105 = LINE('',#9106,#9107);
#9106 = CARTESIAN_POINT('',(0.,0.));
#9107 = VECTOR('',#9108,1.);
#9108 = DIRECTION('',(0.,1.));
#9109 = ( GEOMETRIC_REPRESENTATION_CONTEXT(2) 
PARAMETRIC_REPRESENTATION_CONTEXT() REPRESENTATION_CONTEXT('2D SPACE',''
  ) );
#9110 = ADVANCED_FACE('',(#9111),#2458,.F.);
#9111 = FACE_BOUND('',#9112,.F.);
#9112 = EDGE_LOOP('',(#9113,#9114,#9115,#9116));
#9113 = ORIENTED_EDGE('',*,*,#9018,.F.);
#9114 = ORIENTED_EDGE('',*,*,#2443,.T.);
#9115 = ORIENTED_EDGE('',*,*,#9067,.T.);
#9116 = ORIENTED_EDGE('',*,*,#9117,.T.);
#9117 = EDGE_CURVE('',#9068,#9019,#9118,.T.);
#9118 = SURFACE_CURVE('',#9119,(#9123,#9130),.PCURVE_S1.);
#9119 = LINE('',#9120,#9121);
#9120 = CARTESIAN_POINT('',(35.215,11.57,3.655));
#9121 = VECTOR('',#9122,1.);
#9122 = DIRECTION('',(1.,0.,0.));
#9123 = PCURVE('',#2458,#9124);
#9124 = DEFINITIONAL_REPRESENTATION('',(#9125),#9129);
#9125 = LINE('',#9126,#9127);
#9126 = CARTESIAN_POINT('',(0.905,0.));
#9127 = VECTOR('',#9128,1.);
#9128 = DIRECTION('',(0.,1.));
#9129 = ( GEOMETRIC_REPRESENTATION_CONTEXT(2) 
PARAMETRIC_REPRESENTATION_CONTEXT() REPRESENTATION_CONTEXT('2D SPACE',''
  ) );
#9130 = PCURVE('',#9001,#9131);
#9131 = DEFINITIONAL_REPRESENTATION('',(#9132),#9136);
#9132 = LINE('',#9133,#9134);
#9133 = CARTESIAN_POINT('',(0.,11.36));
#9134 = VECTOR('',#9135,1.);
#9135 = DIRECTION('',(1.,0.));
#9136 = ( GEOMETRIC_REPRESENTATION_CONTEXT(2) 
PARAMETRIC_REPRESENTATION_CONTEXT() REPRESENTATION_CONTEXT('2D SPACE',''
  ) );
#9137 = ADVANCED_FACE('',(#9138),#2512,.T.);
#9138 = FACE_BOUND('',#9139,.T.);
#9139 = EDGE_LOOP('',(#9140,#9163,#9164,#9187));
#9140 = ORIENTED_EDGE('',*,*,#9141,.F.);
#9141 = EDGE_CURVE('',#2496,#9142,#9144,.T.);
#9142 = VERTEX_POINT('',#9143);
#9143 = CARTESIAN_POINT('',(37.935,19.26,3.655));
#9144 = SURFACE_CURVE('',#9145,(#9149,#9156),.PCURVE_S1.);
#9145 = LINE('',#9146,#9147);
#9146 = CARTESIAN_POINT('',(37.935,19.26,2.75));
#9147 = VECTOR('',#9148,1.);
#9148 = DIRECTION('',(0.,0.,1.));
#9149 = PCURVE('',#2512,#9150);
#9150 = DEFINITIONAL_REPRESENTATION('',(#9151),#9155);
#9151 = LINE('',#9152,#9153);
#9152 = CARTESIAN_POINT('',(0.,2.72));
#9153 = VECTOR('',#9154,1.);
#9154 = DIRECTION('',(1.,0.));
#9155 = ( GEOMETRIC_REPRESENTATION_CONTEXT(2) 
PARAMETRIC_REPRESENTATION_CONTEXT() REPRESENTATION_CONTEXT('2D SPACE',''
  ) );
#9156 = PCURVE('',#2588,#9157);
#9157 = DEFINITIONAL_REPRESENTATION('',(#9158),#9162);
#9158 = LINE('',#9159,#9160);
#9159 = CARTESIAN_POINT('',(0.,0.));
#9160 = VECTOR('',#9161,1.);
#9161 = DIRECTION('',(1.,0.));
#9162 = ( GEOMETRIC_REPRESENTATION_CONTEXT(2) 
PARAMETRIC_REPRESENTATION_CONTEXT() REPRESENTATION_CONTEXT('2D SPACE',''
  ) );
#9163 = ORIENTED_EDGE('',*,*,#2495,.T.);
#9164 = ORIENTED_EDGE('',*,*,#9165,.T.);
#9165 = EDGE_CURVE('',#2498,#9166,#9168,.T.);
#9166 = VERTEX_POINT('',#9167);
#9167 = CARTESIAN_POINT('',(35.215,19.26,3.655));
#9168 = SURFACE_CURVE('',#9169,(#9173,#9180),.PCURVE_S1.);
#9169 = LINE('',#9170,#9171);
#9170 = CARTESIAN_POINT('',(35.215,19.26,2.75));
#9171 = VECTOR('',#9172,1.);
#9172 = DIRECTION('',(0.,0.,1.));
#9173 = PCURVE('',#2512,#9174);
#9174 = DEFINITIONAL_REPRESENTATION('',(#9175),#9179);
#9175 = LINE('',#9176,#9177);
#9176 = CARTESIAN_POINT('',(0.,0.));
#9177 = VECTOR('',#9178,1.);
#9178 = DIRECTION('',(1.,0.));
#9179 = ( GEOMETRIC_REPRESENTATION_CONTEXT(2) 
PARAMETRIC_REPRESENTATION_CONTEXT() REPRESENTATION_CONTEXT('2D SPACE',''
  ) );
#9180 = PCURVE('',#2538,#9181);
#9181 = DEFINITIONAL_REPRESENTATION('',(#9182),#9186);
#9182 = LINE('',#9183,#9184);
#9183 = CARTESIAN_POINT('',(0.,0.));
#9184 = VECTOR('',#9185,1.);
#9185 = DIRECTION('',(1.,0.));
#9186 = ( GEOMETRIC_REPRESENTATION_CONTEXT(2) 
PARAMETRIC_REPRESENTATION_CONTEXT() REPRESENTATION_CONTEXT('2D SPACE',''
  ) );
#9187 = ORIENTED_EDGE('',*,*,#9188,.T.);
#9188 = EDGE_CURVE('',#9166,#9142,#9189,.T.);
#9189 = SURFACE_CURVE('',#9190,(#9194,#9201),.PCURVE_S1.);
#9190 = LINE('',#9191,#9192);
#9191 = CARTESIAN_POINT('',(35.215,19.26,3.655));
#9192 = VECTOR('',#9193,1.);
#9193 = DIRECTION('',(1.,0.,0.));
#9194 = PCURVE('',#2512,#9195);
#9195 = DEFINITIONAL_REPRESENTATION('',(#9196),#9200);
#9196 = LINE('',#9197,#9198);
#9197 = CARTESIAN_POINT('',(0.905,0.));
#9198 = VECTOR('',#9199,1.);
#9199 = DIRECTION('',(0.,1.));
#9200 = ( GEOMETRIC_REPRESENTATION_CONTEXT(2) 
PARAMETRIC_REPRESENTATION_CONTEXT() REPRESENTATION_CONTEXT('2D SPACE',''
  ) );
#9201 = PCURVE('',#9202,#9207);
#9202 = PLANE('',#9203);
#9203 = AXIS2_PLACEMENT_3D('',#9204,#9205,#9206);
#9204 = CARTESIAN_POINT('',(35.215,19.26,3.655));
#9205 = DIRECTION('',(0.,0.,1.));
#9206 = DIRECTION('',(1.,0.,0.));
#9207 = DEFINITIONAL_REPRESENTATION('',(#9208),#9212);
#9208 = LINE('',#9209,#9210);
#9209 = CARTESIAN_POINT('',(0.,0.));
#9210 = VECTOR('',#9211,1.);
#9211 = DIRECTION('',(1.,0.));
#9212 = ( GEOMETRIC_REPRESENTATION_CONTEXT(2) 
PARAMETRIC_REPRESENTATION_CONTEXT() REPRESENTATION_CONTEXT('2D SPACE',''
  ) );
#9213 = ADVANCED_FACE('',(#9214),#2588,.F.);
#9214 = FACE_BOUND('',#9215,.F.);
#9215 = EDGE_LOOP('',(#9216,#9217,#9218,#9241));
#9216 = ORIENTED_EDGE('',*,*,#9141,.F.);
#9217 = ORIENTED_EDGE('',*,*,#2575,.T.);
#9218 = ORIENTED_EDGE('',*,*,#9219,.T.);
#9219 = EDGE_CURVE('',#2550,#9220,#9222,.T.);
#9220 = VERTEX_POINT('',#9221);
#9221 = CARTESIAN_POINT('',(37.935,30.62,3.655));
#9222 = SURFACE_CURVE('',#9223,(#9227,#9234),.PCURVE_S1.);
#9223 = LINE('',#9224,#9225);
#9224 = CARTESIAN_POINT('',(37.935,30.62,2.75));
#9225 = VECTOR('',#9226,1.);
#9226 = DIRECTION('',(0.,0.,1.));
#9227 = PCURVE('',#2588,#9228);
#9228 = DEFINITIONAL_REPRESENTATION('',(#9229),#9233);
#9229 = LINE('',#9230,#9231);
#9230 = CARTESIAN_POINT('',(0.,-11.36));
#9231 = VECTOR('',#9232,1.);
#9232 = DIRECTION('',(1.,0.));
#9233 = ( GEOMETRIC_REPRESENTATION_CONTEXT(2) 
PARAMETRIC_REPRESENTATION_CONTEXT() REPRESENTATION_CONTEXT('2D SPACE',''
  ) );
#9234 = PCURVE('',#2564,#9235);
#9235 = DEFINITIONAL_REPRESENTATION('',(#9236),#9240);
#9236 = LINE('',#9237,#9238);
#9237 = CARTESIAN_POINT('',(0.,2.72));
#9238 = VECTOR('',#9239,1.);
#9239 = DIRECTION('',(1.,0.));
#9240 = ( GEOMETRIC_REPRESENTATION_CONTEXT(2) 
PARAMETRIC_REPRESENTATION_CONTEXT() REPRESENTATION_CONTEXT('2D SPACE',''
  ) );
#9241 = ORIENTED_EDGE('',*,*,#9242,.F.);
#9242 = EDGE_CURVE('',#9142,#9220,#9243,.T.);
#9243 = SURFACE_CURVE('',#9244,(#9248,#9255),.PCURVE_S1.);
#9244 = LINE('',#9245,#9246);
#9245 = CARTESIAN_POINT('',(37.935,19.26,3.655));
#9246 = VECTOR('',#9247,1.);
#9247 = DIRECTION('',(0.,1.,0.));
#9248 = PCURVE('',#2588,#9249);
#9249 = DEFINITIONAL_REPRESENTATION('',(#9250),#9254);
#9250 = LINE('',#9251,#9252);
#9251 = CARTESIAN_POINT('',(0.905,0.));
#9252 = VECTOR('',#9253,1.);
#9253 = DIRECTION('',(0.,-1.));
#9254 = ( GEOMETRIC_REPRESENTATION_CONTEXT(2) 
PARAMETRIC_REPRESENTATION_CONTEXT() REPRESENTATION_CONTEXT('2D SPACE',''
  ) );
#9255 = PCURVE('',#9202,#9256);
#9256 = DEFINITIONAL_REPRESENTATION('',(#9257),#9261);
#9257 = LINE('',#9258,#9259);
#9258 = CARTESIAN_POINT('',(2.72,0.));
#9259 = VECTOR('',#9260,1.);
#9260 = DIRECTION('',(0.,1.));
#9261 = ( GEOMETRIC_REPRESENTATION_CONTEXT(2) 
PARAMETRIC_REPRESENTATION_CONTEXT() REPRESENTATION_CONTEXT('2D SPACE',''
  ) );
#9262 = ADVANCED_FACE('',(#9263),#2538,.T.);
#9263 = FACE_BOUND('',#9264,.T.);
#9264 = EDGE_LOOP('',(#9265,#9266,#9267,#9290));
#9265 = ORIENTED_EDGE('',*,*,#9165,.F.);
#9266 = ORIENTED_EDGE('',*,*,#2523,.T.);
#9267 = ORIENTED_EDGE('',*,*,#9268,.T.);
#9268 = EDGE_CURVE('',#2524,#9269,#9271,.T.);
#9269 = VERTEX_POINT('',#9270);
#9270 = CARTESIAN_POINT('',(35.215,30.62,3.655));
#9271 = SURFACE_CURVE('',#9272,(#9276,#9283),.PCURVE_S1.);
#9272 = LINE('',#9273,#9274);
#9273 = CARTESIAN_POINT('',(35.215,30.62,2.75));
#9274 = VECTOR('',#9275,1.);
#9275 = DIRECTION('',(0.,0.,1.));
#9276 = PCURVE('',#2538,#9277);
#9277 = DEFINITIONAL_REPRESENTATION('',(#9278),#9282);
#9278 = LINE('',#9279,#9280);
#9279 = CARTESIAN_POINT('',(0.,-11.36));
#9280 = VECTOR('',#9281,1.);
#9281 = DIRECTION('',(1.,0.));
#9282 = ( GEOMETRIC_REPRESENTATION_CONTEXT(2) 
PARAMETRIC_REPRESENTATION_CONTEXT() REPRESENTATION_CONTEXT('2D SPACE',''
  ) );
#9283 = PCURVE('',#2564,#9284);
#9284 = DEFINITIONAL_REPRESENTATION('',(#9285),#9289);
#9285 = LINE('',#9286,#9287);
#9286 = CARTESIAN_POINT('',(0.,0.));
#9287 = VECTOR('',#9288,1.);
#9288 = DIRECTION('',(1.,0.));
#9289 = ( GEOMETRIC_REPRESENTATION_CONTEXT(2) 
PARAMETRIC_REPRESENTATION_CONTEXT() REPRESENTATION_CONTEXT('2D SPACE',''
  ) );
#9290 = ORIENTED_EDGE('',*,*,#9291,.F.);
#9291 = EDGE_CURVE('',#9166,#9269,#9292,.T.);
#9292 = SURFACE_CURVE('',#9293,(#9297,#9304),.PCURVE_S1.);
#9293 = LINE('',#9294,#9295);
#9294 = CARTESIAN_POINT('',(35.215,19.26,3.655));
#9295 = VECTOR('',#9296,1.);
#9296 = DIRECTION('',(0.,1.,0.));
#9297 = PCURVE('',#2538,#9298);
#9298 = DEFINITIONAL_REPRESENTATION('',(#9299),#9303);
#9299 = LINE('',#9300,#9301);
#9300 = CARTESIAN_POINT('',(0.905,0.));
#9301 = VECTOR('',#9302,1.);
#9302 = DIRECTION('',(0.,-1.));
#9303 = ( GEOMETRIC_REPRESENTATION_CONTEXT(2) 
PARAMETRIC_REPRESENTATION_CONTEXT() REPRESENTATION_CONTEXT('2D SPACE',''
  ) );
#9304 = PCURVE('',#9202,#9305);
#9305 = DEFINITIONAL_REPRESENTATION('',(#9306),#9310);
#9306 = LINE('',#9307,#9308);
#9307 = CARTESIAN_POINT('',(0.,0.));
#9308 = VECTOR('',#9309,1.);
#9309 = DIRECTION('',(0.,1.));
#9310 = ( GEOMETRIC_REPRESENTATION_CONTEXT(2) 
PARAMETRIC_REPRESENTATION_CONTEXT() REPRESENTATION_CONTEXT('2D SPACE',''
  ) );
#9311 = ADVANCED_FACE('',(#9312),#2564,.F.);
#9312 = FACE_BOUND('',#9313,.F.);
#9313 = EDGE_LOOP('',(#9314,#9315,#9316,#9317));
#9314 = ORIENTED_EDGE('',*,*,#9219,.F.);
#9315 = ORIENTED_EDGE('',*,*,#2549,.T.);
#9316 = ORIENTED_EDGE('',*,*,#9268,.T.);
#9317 = ORIENTED_EDGE('',*,*,#9318,.T.);
#9318 = EDGE_CURVE('',#9269,#9220,#9319,.T.);
#9319 = SURFACE_CURVE('',#9320,(#9324,#9331),.PCURVE_S1.);
#9320 = LINE('',#9321,#9322);
#9321 = CARTESIAN_POINT('',(35.215,30.62,3.655));
#9322 = VECTOR('',#9323,1.);
#9323 = DIRECTION('',(1.,0.,0.));
#9324 = PCURVE('',#2564,#9325);
#9325 = DEFINITIONAL_REPRESENTATION('',(#9326),#9330);
#9326 = LINE('',#9327,#9328);
#9327 = CARTESIAN_POINT('',(0.905,0.));
#9328 = VECTOR('',#9329,1.);
#9329 = DIRECTION('',(0.,1.));
#9330 = ( GEOMETRIC_REPRESENTATION_CONTEXT(2) 
PARAMETRIC_REPRESENTATION_CONTEXT() REPRESENTATION_CONTEXT('2D SPACE',''
  ) );
#9331 = PCURVE('',#9202,#9332);
#9332 = DEFINITIONAL_REPRESENTATION('',(#9333),#9337);
#9333 = LINE('',#9334,#9335);
#9334 = CARTESIAN_POINT('',(0.,11.36));
#9335 = VECTOR('',#9336,1.);
#9336 = DIRECTION('',(1.,0.));
#9337 = ( GEOMETRIC_REPRESENTATION_CONTEXT(2) 
PARAMETRIC_REPRESENTATION_CONTEXT() REPRESENTATION_CONTEXT('2D SPACE',''
  ) );
#9338 = ADVANCED_FACE('',(#9339),#2618,.T.);
#9339 = FACE_BOUND('',#9340,.T.);
#9340 = EDGE_LOOP('',(#9341,#9364,#9365,#9388));
#9341 = ORIENTED_EDGE('',*,*,#9342,.F.);
#9342 = EDGE_CURVE('',#2602,#9343,#9345,.T.);
#9343 = VERTEX_POINT('',#9344);
#9344 = CARTESIAN_POINT('',(15.335,29.37,3.655));
#9345 = SURFACE_CURVE('',#9346,(#9350,#9357),.PCURVE_S1.);
#9346 = LINE('',#9347,#9348);
#9347 = CARTESIAN_POINT('',(15.335,29.37,2.75));
#9348 = VECTOR('',#9349,1.);
#9349 = DIRECTION('',(0.,0.,1.));
#9350 = PCURVE('',#2618,#9351);
#9351 = DEFINITIONAL_REPRESENTATION('',(#9352),#9356);
#9352 = LINE('',#9353,#9354);
#9353 = CARTESIAN_POINT('',(0.,11.36));
#9354 = VECTOR('',#9355,1.);
#9355 = DIRECTION('',(1.,0.));
#9356 = ( GEOMETRIC_REPRESENTATION_CONTEXT(2) 
PARAMETRIC_REPRESENTATION_CONTEXT() REPRESENTATION_CONTEXT('2D SPACE',''
  ) );
#9357 = PCURVE('',#2694,#9358);
#9358 = DEFINITIONAL_REPRESENTATION('',(#9359),#9363);
#9359 = LINE('',#9360,#9361);
#9360 = CARTESIAN_POINT('',(0.,0.));
#9361 = VECTOR('',#9362,1.);
#9362 = DIRECTION('',(1.,0.));
#9363 = ( GEOMETRIC_REPRESENTATION_CONTEXT(2) 
PARAMETRIC_REPRESENTATION_CONTEXT() REPRESENTATION_CONTEXT('2D SPACE',''
  ) );
#9364 = ORIENTED_EDGE('',*,*,#2601,.T.);
#9365 = ORIENTED_EDGE('',*,*,#9366,.T.);
#9366 = EDGE_CURVE('',#2604,#9367,#9369,.T.);
#9367 = VERTEX_POINT('',#9368);
#9368 = CARTESIAN_POINT('',(3.975,29.37,3.655));
#9369 = SURFACE_CURVE('',#9370,(#9374,#9381),.PCURVE_S1.);
#9370 = LINE('',#9371,#9372);
#9371 = CARTESIAN_POINT('',(3.975,29.37,2.75));
#9372 = VECTOR('',#9373,1.);
#9373 = DIRECTION('',(0.,0.,1.));
#9374 = PCURVE('',#2618,#9375);
#9375 = DEFINITIONAL_REPRESENTATION('',(#9376),#9380);
#9376 = LINE('',#9377,#9378);
#9377 = CARTESIAN_POINT('',(0.,0.));
#9378 = VECTOR('',#9379,1.);
#9379 = DIRECTION('',(1.,0.));
#9380 = ( GEOMETRIC_REPRESENTATION_CONTEXT(2) 
PARAMETRIC_REPRESENTATION_CONTEXT() REPRESENTATION_CONTEXT('2D SPACE',''
  ) );
#9381 = PCURVE('',#2644,#9382);
#9382 = DEFINITIONAL_REPRESENTATION('',(#9383),#9387);
#9383 = LINE('',#9384,#9385);
#9384 = CARTESIAN_POINT('',(0.,0.));
#9385 = VECTOR('',#9386,1.);
#9386 = DIRECTION('',(1.,0.));
#9387 = ( GEOMETRIC_REPRESENTATION_CONTEXT(2) 
PARAMETRIC_REPRESENTATION_CONTEXT() REPRESENTATION_CONTEXT('2D SPACE',''
  ) );
#9388 = ORIENTED_EDGE('',*,*,#9389,.T.);
#9389 = EDGE_CURVE('',#9367,#9343,#9390,.T.);
#9390 = SURFACE_CURVE('',#9391,(#9395,#9402),.PCURVE_S1.);
#9391 = LINE('',#9392,#9393);
#9392 = CARTESIAN_POINT('',(3.975,29.37,3.655));
#9393 = VECTOR('',#9394,1.);
#9394 = DIRECTION('',(1.,0.,0.));
#9395 = PCURVE('',#2618,#9396);
#9396 = DEFINITIONAL_REPRESENTATION('',(#9397),#9401);
#9397 = LINE('',#9398,#9399);
#9398 = CARTESIAN_POINT('',(0.905,0.));
#9399 = VECTOR('',#9400,1.);
#9400 = DIRECTION('',(0.,1.));
#9401 = ( GEOMETRIC_REPRESENTATION_CONTEXT(2) 
PARAMETRIC_REPRESENTATION_CONTEXT() REPRESENTATION_CONTEXT('2D SPACE',''
  ) );
#9402 = PCURVE('',#9403,#9408);
#9403 = PLANE('',#9404);
#9404 = AXIS2_PLACEMENT_3D('',#9405,#9406,#9407);
#9405 = CARTESIAN_POINT('',(3.975,29.37,3.655));
#9406 = DIRECTION('',(0.,0.,1.));
#9407 = DIRECTION('',(1.,0.,0.));
#9408 = DEFINITIONAL_REPRESENTATION('',(#9409),#9413);
#9409 = LINE('',#9410,#9411);
#9410 = CARTESIAN_POINT('',(0.,0.));
#9411 = VECTOR('',#9412,1.);
#9412 = DIRECTION('',(1.,0.));
#9413 = ( GEOMETRIC_REPRESENTATION_CONTEXT(2) 
PARAMETRIC_REPRESENTATION_CONTEXT() REPRESENTATION_CONTEXT('2D SPACE',''
  ) );
#9414 = ADVANCED_FACE('',(#9415),#2694,.F.);
#9415 = FACE_BOUND('',#9416,.F.);
#9416 = EDGE_LOOP('',(#9417,#9418,#9419,#9442));
#9417 = ORIENTED_EDGE('',*,*,#9342,.F.);
#9418 = ORIENTED_EDGE('',*,*,#2681,.T.);
#9419 = ORIENTED_EDGE('',*,*,#9420,.T.);
#9420 = EDGE_CURVE('',#2656,#9421,#9423,.T.);
#9421 = VERTEX_POINT('',#9422);
#9422 = CARTESIAN_POINT('',(15.335,32.09,3.655));
#9423 = SURFACE_CURVE('',#9424,(#9428,#9435),.PCURVE_S1.);
#9424 = LINE('',#9425,#9426);
#9425 = CARTESIAN_POINT('',(15.335,32.09,2.75));
#9426 = VECTOR('',#9427,1.);
#9427 = DIRECTION('',(0.,0.,1.));
#9428 = PCURVE('',#2694,#9429);
#9429 = DEFINITIONAL_REPRESENTATION('',(#9430),#9434);
#9430 = LINE('',#9431,#9432);
#9431 = CARTESIAN_POINT('',(0.,-2.72));
#9432 = VECTOR('',#9433,1.);
#9433 = DIRECTION('',(1.,0.));
#9434 = ( GEOMETRIC_REPRESENTATION_CONTEXT(2) 
PARAMETRIC_REPRESENTATION_CONTEXT() REPRESENTATION_CONTEXT('2D SPACE',''
  ) );
#9435 = PCURVE('',#2670,#9436);
#9436 = DEFINITIONAL_REPRESENTATION('',(#9437),#9441);
#9437 = LINE('',#9438,#9439);
#9438 = CARTESIAN_POINT('',(0.,11.36));
#9439 = VECTOR('',#9440,1.);
#9440 = DIRECTION('',(1.,0.));
#9441 = ( GEOMETRIC_REPRESENTATION_CONTEXT(2) 
PARAMETRIC_REPRESENTATION_CONTEXT() REPRESENTATION_CONTEXT('2D SPACE',''
  ) );
#9442 = ORIENTED_EDGE('',*,*,#9443,.F.);
#9443 = EDGE_CURVE('',#9343,#9421,#9444,.T.);
#9444 = SURFACE_CURVE('',#9445,(#9449,#9456),.PCURVE_S1.);
#9445 = LINE('',#9446,#9447);
#9446 = CARTESIAN_POINT('',(15.335,29.37,3.655));
#9447 = VECTOR('',#9448,1.);
#9448 = DIRECTION('',(0.,1.,0.));
#9449 = PCURVE('',#2694,#9450);
#9450 = DEFINITIONAL_REPRESENTATION('',(#9451),#9455);
#9451 = LINE('',#9452,#9453);
#9452 = CARTESIAN_POINT('',(0.905,0.));
#9453 = VECTOR('',#9454,1.);
#9454 = DIRECTION('',(0.,-1.));
#9455 = ( GEOMETRIC_REPRESENTATION_CONTEXT(2) 
PARAMETRIC_REPRESENTATION_CONTEXT() REPRESENTATION_CONTEXT('2D SPACE',''
  ) );
#9456 = PCURVE('',#9403,#9457);
#9457 = DEFINITIONAL_REPRESENTATION('',(#9458),#9462);
#9458 = LINE('',#9459,#9460);
#9459 = CARTESIAN_POINT('',(11.36,0.));
#9460 = VECTOR('',#9461,1.);
#9461 = DIRECTION('',(0.,1.));
#9462 = ( GEOMETRIC_REPRESENTATION_CONTEXT(2) 
PARAMETRIC_REPRESENTATION_CONTEXT() REPRESENTATION_CONTEXT('2D SPACE',''
  ) );
#9463 = ADVANCED_FACE('',(#9464),#2644,.T.);
#9464 = FACE_BOUND('',#9465,.T.);
#9465 = EDGE_LOOP('',(#9466,#9467,#9468,#9491));
#9466 = ORIENTED_EDGE('',*,*,#9366,.F.);
#9467 = ORIENTED_EDGE('',*,*,#2629,.T.);
#9468 = ORIENTED_EDGE('',*,*,#9469,.T.);
#9469 = EDGE_CURVE('',#2630,#9470,#9472,.T.);
#9470 = VERTEX_POINT('',#9471);
#9471 = CARTESIAN_POINT('',(3.975,32.09,3.655));
#9472 = SURFACE_CURVE('',#9473,(#9477,#9484),.PCURVE_S1.);
#9473 = LINE('',#9474,#9475);
#9474 = CARTESIAN_POINT('',(3.975,32.09,2.75));
#9475 = VECTOR('',#9476,1.);
#9476 = DIRECTION('',(0.,0.,1.));
#9477 = PCURVE('',#2644,#9478);
#9478 = DEFINITIONAL_REPRESENTATION('',(#9479),#9483);
#9479 = LINE('',#9480,#9481);
#9480 = CARTESIAN_POINT('',(0.,-2.72));
#9481 = VECTOR('',#9482,1.);
#9482 = DIRECTION('',(1.,0.));
#9483 = ( GEOMETRIC_REPRESENTATION_CONTEXT(2) 
PARAMETRIC_REPRESENTATION_CONTEXT() REPRESENTATION_CONTEXT('2D SPACE',''
  ) );
#9484 = PCURVE('',#2670,#9485);
#9485 = DEFINITIONAL_REPRESENTATION('',(#9486),#9490);
#9486 = LINE('',#9487,#9488);
#9487 = CARTESIAN_POINT('',(0.,0.));
#9488 = VECTOR('',#9489,1.);
#9489 = DIRECTION('',(1.,0.));
#9490 = ( GEOMETRIC_REPRESENTATION_CONTEXT(2) 
PARAMETRIC_REPRESENTATION_CONTEXT() REPRESENTATION_CONTEXT('2D SPACE',''
  ) );
#9491 = ORIENTED_EDGE('',*,*,#9492,.F.);
#9492 = EDGE_CURVE('',#9367,#9470,#9493,.T.);
#9493 = SURFACE_CURVE('',#9494,(#9498,#9505),.PCURVE_S1.);
#9494 = LINE('',#9495,#9496);
#9495 = CARTESIAN_POINT('',(3.975,29.37,3.655));
#9496 = VECTOR('',#9497,1.);
#9497 = DIRECTION('',(0.,1.,0.));
#9498 = PCURVE('',#2644,#9499);
#9499 = DEFINITIONAL_REPRESENTATION('',(#9500),#9504);
#9500 = LINE('',#9501,#9502);
#9501 = CARTESIAN_POINT('',(0.905,0.));
#9502 = VECTOR('',#9503,1.);
#9503 = DIRECTION('',(0.,-1.));
#9504 = ( GEOMETRIC_REPRESENTATION_CONTEXT(2) 
PARAMETRIC_REPRESENTATION_CONTEXT() REPRESENTATION_CONTEXT('2D SPACE',''
  ) );
#9505 = PCURVE('',#9403,#9506);
#9506 = DEFINITIONAL_REPRESENTATION('',(#9507),#9511);
#9507 = LINE('',#9508,#9509);
#9508 = CARTESIAN_POINT('',(0.,0.));
#9509 = VECTOR('',#9510,1.);
#9510 = DIRECTION('',(0.,1.));
#9511 = ( GEOMETRIC_REPRESENTATION_CONTEXT(2) 
PARAMETRIC_REPRESENTATION_CONTEXT() REPRESENTATION_CONTEXT('2D SPACE',''
  ) );
#9512 = ADVANCED_FACE('',(#9513),#2670,.F.);
#9513 = FACE_BOUND('',#9514,.F.);
#9514 = EDGE_LOOP('',(#9515,#9516,#9517,#9518));
#9515 = ORIENTED_EDGE('',*,*,#9420,.F.);
#9516 = ORIENTED_EDGE('',*,*,#2655,.T.);
#9517 = ORIENTED_EDGE('',*,*,#9469,.T.);
#9518 = ORIENTED_EDGE('',*,*,#9519,.T.);
#9519 = EDGE_CURVE('',#9470,#9421,#9520,.T.);
#9520 = SURFACE_CURVE('',#9521,(#9525,#9532),.PCURVE_S1.);
#9521 = LINE('',#9522,#9523);
#9522 = CARTESIAN_POINT('',(3.975,32.09,3.655));
#9523 = VECTOR('',#9524,1.);
#9524 = DIRECTION('',(1.,0.,0.));
#9525 = PCURVE('',#2670,#9526);
#9526 = DEFINITIONAL_REPRESENTATION('',(#9527),#9531);
#9527 = LINE('',#9528,#9529);
#9528 = CARTESIAN_POINT('',(0.905,0.));
#9529 = VECTOR('',#9530,1.);
#9530 = DIRECTION('',(0.,1.));
#9531 = ( GEOMETRIC_REPRESENTATION_CONTEXT(2) 
PARAMETRIC_REPRESENTATION_CONTEXT() REPRESENTATION_CONTEXT('2D SPACE',''
  ) );
#9532 = PCURVE('',#9403,#9533);
#9533 = DEFINITIONAL_REPRESENTATION('',(#9534),#9538);
#9534 = LINE('',#9535,#9536);
#9535 = CARTESIAN_POINT('',(0.,2.72));
#9536 = VECTOR('',#9537,1.);
#9537 = DIRECTION('',(1.,0.));
#9538 = ( GEOMETRIC_REPRESENTATION_CONTEXT(2) 
PARAMETRIC_REPRESENTATION_CONTEXT() REPRESENTATION_CONTEXT('2D SPACE',''
  ) );
#9539 = ADVANCED_FACE('',(#9540),#2728,.F.);
#9540 = FACE_BOUND('',#9541,.T.);
#9541 = EDGE_LOOP('',(#9542,#9565,#9566,#9567));
#9542 = ORIENTED_EDGE('',*,*,#9543,.F.);
#9543 = EDGE_CURVE('',#2708,#9544,#9546,.T.);
#9544 = VERTEX_POINT('',#9545);
#9545 = CARTESIAN_POINT('',(32.355,28.2,4.6));
#9546 = SEAM_CURVE('',#9547,(#9551,#9558),.PCURVE_S1.);
#9547 = LINE('',#9548,#9549);
#9548 = CARTESIAN_POINT('',(32.355,28.2,2.4));
#9549 = VECTOR('',#9550,1.);
#9550 = DIRECTION('',(0.,0.,1.));
#9551 = PCURVE('',#2728,#9552);
#9552 = DEFINITIONAL_REPRESENTATION('',(#9553),#9557);
#9553 = LINE('',#9554,#9555);
#9554 = CARTESIAN_POINT('',(-6.28318530718,0.));
#9555 = VECTOR('',#9556,1.);
#9556 = DIRECTION('',(-0.,-1.));
#9557 = ( GEOMETRIC_REPRESENTATION_CONTEXT(2) 
PARAMETRIC_REPRESENTATION_CONTEXT() REPRESENTATION_CONTEXT('2D SPACE',''
  ) );
#9558 = PCURVE('',#2728,#9559);
#9559 = DEFINITIONAL_REPRESENTATION('',(#9560),#9564);
#9560 = LINE('',#9561,#9562);
#9561 = CARTESIAN_POINT('',(-0.,0.));
#9562 = VECTOR('',#9563,1.);
#9563 = DIRECTION('',(-0.,-1.));
#9564 = ( GEOMETRIC_REPRESENTATION_CONTEXT(2) 
PARAMETRIC_REPRESENTATION_CONTEXT() REPRESENTATION_CONTEXT('2D SPACE',''
  ) );
#9565 = ORIENTED_EDGE('',*,*,#2707,.T.);
#9566 = ORIENTED_EDGE('',*,*,#9543,.T.);
#9567 = ORIENTED_EDGE('',*,*,#9568,.F.);
#9568 = EDGE_CURVE('',#9544,#9544,#9569,.T.);
#9569 = SURFACE_CURVE('',#9570,(#9575,#9582),.PCURVE_S1.);
#9570 = CIRCLE('',#9571,1.7);
#9571 = AXIS2_PLACEMENT_3D('',#9572,#9573,#9574);
#9572 = CARTESIAN_POINT('',(30.655,28.2,4.6));
#9573 = DIRECTION('',(0.,0.,-1.));
#9574 = DIRECTION('',(1.,0.,0.));
#9575 = PCURVE('',#2728,#9576);
#9576 = DEFINITIONAL_REPRESENTATION('',(#9577),#9581);
#9577 = LINE('',#9578,#9579);
#9578 = CARTESIAN_POINT('',(-6.28318530718,-2.2));
#9579 = VECTOR('',#9580,1.);
#9580 = DIRECTION('',(1.,-0.));
#9581 = ( GEOMETRIC_REPRESENTATION_CONTEXT(2) 
PARAMETRIC_REPRESENTATION_CONTEXT() REPRESENTATION_CONTEXT('2D SPACE',''
  ) );
#9582 = PCURVE('',#9583,#9588);
#9583 = PLANE('',#9584);
#9584 = AXIS2_PLACEMENT_3D('',#9585,#9586,#9587);
#9585 = CARTESIAN_POINT('',(30.655,28.2,4.6));
#9586 = DIRECTION('',(0.,0.,1.));
#9587 = DIRECTION('',(1.,0.,-0.));
#9588 = DEFINITIONAL_REPRESENTATION('',(#9589),#9597);
#9589 = ( BOUNDED_CURVE() B_SPLINE_CURVE(2,(#9590,#9591,#9592,#9593,
#9594,#9595,#9596),.UNSPECIFIED.,.T.,.F.) B_SPLINE_CURVE_WITH_KNOTS((1,2
    ,2,2,2,1),(-2.094395102393,0.,2.094395102393,4.188790204786,
6.28318530718,8.377580409573),.UNSPECIFIED.) CURVE() 
GEOMETRIC_REPRESENTATION_ITEM() RATIONAL_B_SPLINE_CURVE((1.,0.5,1.,0.5,
1.,0.5,1.)) REPRESENTATION_ITEM('') );
#9590 = CARTESIAN_POINT('',(1.7,0.));
#9591 = CARTESIAN_POINT('',(1.7,-2.944486372867));
#9592 = CARTESIAN_POINT('',(-0.85,-1.472243186434));
#9593 = CARTESIAN_POINT('',(-3.4,-4.163799117101E-16));
#9594 = CARTESIAN_POINT('',(-0.85,1.472243186434));
#9595 = CARTESIAN_POINT('',(1.7,2.944486372867));
#9596 = CARTESIAN_POINT('',(1.7,0.));
#9597 = ( GEOMETRIC_REPRESENTATION_CONTEXT(2) 
PARAMETRIC_REPRESENTATION_CONTEXT() REPRESENTATION_CONTEXT('2D SPACE',''
  ) );
#9598 = ADVANCED_FACE('',(#9599),#2763,.F.);
#9599 = FACE_BOUND('',#9600,.T.);
#9600 = EDGE_LOOP('',(#9601,#9624,#9625,#9626,#9655,#9681,#9709,#9730));
#9601 = ORIENTED_EDGE('',*,*,#9602,.F.);
#9602 = EDGE_CURVE('',#2743,#9603,#9605,.T.);
#9603 = VERTEX_POINT('',#9604);
#9604 = CARTESIAN_POINT('',(38.715,40.01,5.35));
#9605 = SEAM_CURVE('',#9606,(#9610,#9617),.PCURVE_S1.);
#9606 = LINE('',#9607,#9608);
#9607 = CARTESIAN_POINT('',(38.715,40.01,2.4));
#9608 = VECTOR('',#9609,1.);
#9609 = DIRECTION('',(0.,0.,1.));
#9610 = PCURVE('',#2763,#9611);
#9611 = DEFINITIONAL_REPRESENTATION('',(#9612),#9616);
#9612 = LINE('',#9613,#9614);
#9613 = CARTESIAN_POINT('',(-6.28318530718,0.));
#9614 = VECTOR('',#9615,1.);
#9615 = DIRECTION('',(-0.,-1.));
#9616 = ( GEOMETRIC_REPRESENTATION_CONTEXT(2) 
PARAMETRIC_REPRESENTATION_CONTEXT() REPRESENTATION_CONTEXT('2D SPACE',''
  ) );
#9617 = PCURVE('',#2763,#9618);
#9618 = DEFINITIONAL_REPRESENTATION('',(#9619),#9623);
#9619 = LINE('',#9620,#9621);
#9620 = CARTESIAN_POINT('',(-0.,0.));
#9621 = VECTOR('',#9622,1.);
#9622 = DIRECTION('',(-0.,-1.));
#9623 = ( GEOMETRIC_REPRESENTATION_CONTEXT(2) 
PARAMETRIC_REPRESENTATION_CONTEXT() REPRESENTATION_CONTEXT('2D SPACE',''
  ) );
#9624 = ORIENTED_EDGE('',*,*,#2742,.T.);
#9625 = ORIENTED_EDGE('',*,*,#9602,.T.);
#9626 = ORIENTED_EDGE('',*,*,#9627,.T.);
#9627 = EDGE_CURVE('',#9603,#9628,#9630,.T.);
#9628 = VERTEX_POINT('',#9629);
#9629 = CARTESIAN_POINT('',(29.156316688523,31.027357128468,5.35));
#9630 = SURFACE_CURVE('',#9631,(#9636,#9643),.PCURVE_S1.);
#9631 = CIRCLE('',#9632,9.);
#9632 = AXIS2_PLACEMENT_3D('',#9633,#9634,#9635);
#9633 = CARTESIAN_POINT('',(29.715,40.01,5.35));
#9634 = DIRECTION('',(0.,-0.,1.));
#9635 = DIRECTION('',(1.,0.,0.));
#9636 = PCURVE('',#2763,#9637);
#9637 = DEFINITIONAL_REPRESENTATION('',(#9638),#9642);
#9638 = LINE('',#9639,#9640);
#9639 = CARTESIAN_POINT('',(-0.,-2.95));
#9640 = VECTOR('',#9641,1.);
#9641 = DIRECTION('',(-1.,0.));
#9642 = ( GEOMETRIC_REPRESENTATION_CONTEXT(2) 
PARAMETRIC_REPRESENTATION_CONTEXT() REPRESENTATION_CONTEXT('2D SPACE',''
  ) );
#9643 = PCURVE('',#9644,#9649);
#9644 = PLANE('',#9645);
#9645 = AXIS2_PLACEMENT_3D('',#9646,#9647,#9648);
#9646 = CARTESIAN_POINT('',(29.715,40.01,5.35));
#9647 = DIRECTION('',(0.,0.,1.));
#9648 = DIRECTION('',(1.,0.,-0.));
#9649 = DEFINITIONAL_REPRESENTATION('',(#9650),#9654);
#9650 = CIRCLE('',#9651,9.);
#9651 = AXIS2_PLACEMENT_2D('',#9652,#9653);
#9652 = CARTESIAN_POINT('',(4.973799150321E-14,0.));
#9653 = DIRECTION('',(1.,0.));
#9654 = ( GEOMETRIC_REPRESENTATION_CONTEXT(2) 
PARAMETRIC_REPRESENTATION_CONTEXT() REPRESENTATION_CONTEXT('2D SPACE',''
  ) );
#9655 = ORIENTED_EDGE('',*,*,#9656,.T.);
#9656 = EDGE_CURVE('',#9628,#9657,#9659,.T.);
#9657 = VERTEX_POINT('',#9658);
#9658 = CARTESIAN_POINT('',(29.156316688523,31.027357128468,4.6));
#9659 = SURFACE_CURVE('',#9660,(#9664,#9670),.PCURVE_S1.);
#9660 = LINE('',#9661,#9662);
#9661 = CARTESIAN_POINT('',(29.156316688523,31.027357128468,2.4));
#9662 = VECTOR('',#9663,1.);
#9663 = DIRECTION('',(-0.,-0.,-1.));
#9664 = PCURVE('',#2763,#9665);
#9665 = DEFINITIONAL_REPRESENTATION('',(#9666),#9669);
#9666 = B_SPLINE_CURVE_WITH_KNOTS('',1,(#9667,#9668),.UNSPECIFIED.,.F.,
  .F.,(2,2),(-3.5000006,-2.1999994),.PIECEWISE_BEZIER_KNOTS.);
#9667 = CARTESIAN_POINT('',(-4.65027312016,-3.5000006));
#9668 = CARTESIAN_POINT('',(-4.65027312016,-2.1999994));
#9669 = ( GEOMETRIC_REPRESENTATION_CONTEXT(2) 
PARAMETRIC_REPRESENTATION_CONTEXT() REPRESENTATION_CONTEXT('2D SPACE',''
  ) );
#9670 = PCURVE('',#9671,#9676);
#9671 = CYLINDRICAL_SURFACE('',#9672,3.2);
#9672 = AXIS2_PLACEMENT_3D('',#9673,#9674,#9675);
#9673 = CARTESIAN_POINT('',(30.655,28.2,4.6));
#9674 = DIRECTION('',(-0.,-0.,-1.));
#9675 = DIRECTION('',(1.,0.,0.));
#9676 = DEFINITIONAL_REPRESENTATION('',(#9677),#9680);
#9677 = B_SPLINE_CURVE_WITH_KNOTS('',1,(#9678,#9679),.UNSPECIFIED.,.F.,
  .F.,(2,2),(-3.5,-2.2),.PIECEWISE_BEZIER_KNOTS.);
#9678 = CARTESIAN_POINT('',(-2.058205720961,-1.3));
#9679 = CARTESIAN_POINT('',(-2.058205720961,0.));
#9680 = ( GEOMETRIC_REPRESENTATION_CONTEXT(2) 
PARAMETRIC_REPRESENTATION_CONTEXT() REPRESENTATION_CONTEXT('2D SPACE',''
  ) );
#9681 = ORIENTED_EDGE('',*,*,#9682,.F.);
#9682 = EDGE_CURVE('',#9683,#9657,#9685,.T.);
#9683 = VERTEX_POINT('',#9684);
#9684 = CARTESIAN_POINT('',(31.687568621861,31.228828493188,4.6));
#9685 = SURFACE_CURVE('',#9686,(#9691,#9698),.PCURVE_S1.);
#9686 = CIRCLE('',#9687,9.);
#9687 = AXIS2_PLACEMENT_3D('',#9688,#9689,#9690);
#9688 = CARTESIAN_POINT('',(29.715,40.01,4.6));
#9689 = DIRECTION('',(0.,0.,-1.));
#9690 = DIRECTION('',(1.,0.,0.));
#9691 = PCURVE('',#2763,#9692);
#9692 = DEFINITIONAL_REPRESENTATION('',(#9693),#9697);
#9693 = LINE('',#9694,#9695);
#9694 = CARTESIAN_POINT('',(-6.28318530718,-2.2));
#9695 = VECTOR('',#9696,1.);
#9696 = DIRECTION('',(1.,-0.));
#9697 = ( GEOMETRIC_REPRESENTATION_CONTEXT(2) 
PARAMETRIC_REPRESENTATION_CONTEXT() REPRESENTATION_CONTEXT('2D SPACE',''
  ) );
#9698 = PCURVE('',#9583,#9699);
#9699 = DEFINITIONAL_REPRESENTATION('',(#9700),#9708);
#9700 = ( BOUNDED_CURVE() B_SPLINE_CURVE(2,(#9701,#9702,#9703,#9704,
#9705,#9706,#9707),.UNSPECIFIED.,.T.,.F.) B_SPLINE_CURVE_WITH_KNOTS((1,2
    ,2,2,2,1),(-2.094395102393,0.,2.094395102393,4.188790204786,
6.28318530718,8.377580409573),.UNSPECIFIED.) CURVE() 
GEOMETRIC_REPRESENTATION_ITEM() RATIONAL_B_SPLINE_CURVE((1.,0.5,1.,0.5,
1.,0.5,1.)) REPRESENTATION_ITEM('') );
#9701 = CARTESIAN_POINT('',(8.06,11.81));
#9702 = CARTESIAN_POINT('',(8.06,-3.77845726812));
#9703 = CARTESIAN_POINT('',(-5.44,4.01577136594));
#9704 = CARTESIAN_POINT('',(-18.94,11.81));
#9705 = CARTESIAN_POINT('',(-5.44,19.60422863406));
#9706 = CARTESIAN_POINT('',(8.06,27.39845726812));
#9707 = CARTESIAN_POINT('',(8.06,11.81));
#9708 = ( GEOMETRIC_REPRESENTATION_CONTEXT(2) 
PARAMETRIC_REPRESENTATION_CONTEXT() REPRESENTATION_CONTEXT('2D SPACE',''
  ) );
#9709 = ORIENTED_EDGE('',*,*,#9710,.F.);
#9710 = EDGE_CURVE('',#9711,#9683,#9713,.T.);
#9711 = VERTEX_POINT('',#9712);
#9712 = CARTESIAN_POINT('',(31.687568621862,31.228828493188,5.35));
#9713 = SURFACE_CURVE('',#9714,(#9718,#9724),.PCURVE_S1.);
#9714 = LINE('',#9715,#9716);
#9715 = CARTESIAN_POINT('',(31.687568621861,31.228828493188,2.4));
#9716 = VECTOR('',#9717,1.);
#9717 = DIRECTION('',(-0.,-0.,-1.));
#9718 = PCURVE('',#2763,#9719);
#9719 = DEFINITIONAL_REPRESENTATION('',(#9720),#9723);
#9720 = B_SPLINE_CURVE_WITH_KNOTS('',1,(#9721,#9722),.UNSPECIFIED.,.F.,
  .F.,(2,2),(-3.5000006,-2.1999994),.PIECEWISE_BEZIER_KNOTS.);
#9721 = CARTESIAN_POINT('',(-4.933357084821,-3.5000006));
#9722 = CARTESIAN_POINT('',(-4.933357084821,-2.1999994));
#9723 = ( GEOMETRIC_REPRESENTATION_CONTEXT(2) 
PARAMETRIC_REPRESENTATION_CONTEXT() REPRESENTATION_CONTEXT('2D SPACE',''
  ) );
#9724 = PCURVE('',#9671,#9725);
#9725 = DEFINITIONAL_REPRESENTATION('',(#9726),#9729);
#9726 = B_SPLINE_CURVE_WITH_KNOTS('',1,(#9727,#9728),.UNSPECIFIED.,.F.,
  .F.,(2,2),(-3.5,-2.2),.PIECEWISE_BEZIER_KNOTS.);
#9727 = CARTESIAN_POINT('',(-7.525424484019,-1.3));
#9728 = CARTESIAN_POINT('',(-7.525424484019,0.));
#9729 = ( GEOMETRIC_REPRESENTATION_CONTEXT(2) 
PARAMETRIC_REPRESENTATION_CONTEXT() REPRESENTATION_CONTEXT('2D SPACE',''
  ) );
#9730 = ORIENTED_EDGE('',*,*,#9731,.T.);
#9731 = EDGE_CURVE('',#9711,#9603,#9732,.T.);
#9732 = SURFACE_CURVE('',#9733,(#9738,#9745),.PCURVE_S1.);
#9733 = CIRCLE('',#9734,9.);
#9734 = AXIS2_PLACEMENT_3D('',#9735,#9736,#9737);
#9735 = CARTESIAN_POINT('',(29.715,40.01,5.35));
#9736 = DIRECTION('',(0.,0.,1.));
#9737 = DIRECTION('',(0.219174291318,-0.975685722979,0.));
#9738 = PCURVE('',#2763,#9739);
#9739 = DEFINITIONAL_REPRESENTATION('',(#9740),#9744);
#9740 = LINE('',#9741,#9742);
#9741 = CARTESIAN_POINT('',(-4.933357084821,-2.95));
#9742 = VECTOR('',#9743,1.);
#9743 = DIRECTION('',(-1.,0.));
#9744 = ( GEOMETRIC_REPRESENTATION_CONTEXT(2) 
PARAMETRIC_REPRESENTATION_CONTEXT() REPRESENTATION_CONTEXT('2D SPACE',''
  ) );
#9745 = PCURVE('',#9644,#9746);
#9746 = DEFINITIONAL_REPRESENTATION('',(#9747),#9751);
#9747 = CIRCLE('',#9748,9.);
#9748 = AXIS2_PLACEMENT_2D('',#9749,#9750);
#9749 = CARTESIAN_POINT('',(4.973799150321E-14,0.));
#9750 = DIRECTION('',(0.219174291318,-0.975685722979));
#9751 = ( GEOMETRIC_REPRESENTATION_CONTEXT(2) 
PARAMETRIC_REPRESENTATION_CONTEXT() REPRESENTATION_CONTEXT('2D SPACE',''
  ) );
#9752 = ADVANCED_FACE('',(#9753),#2977,.F.);
#9753 = FACE_BOUND('',#9754,.T.);
#9754 = EDGE_LOOP('',(#9755,#9784,#9805,#9806));
#9755 = ORIENTED_EDGE('',*,*,#9756,.F.);
#9756 = EDGE_CURVE('',#9757,#9757,#9759,.T.);
#9757 = VERTEX_POINT('',#9758);
#9758 = CARTESIAN_POINT('',(-34.205,-42.57,5.35));
#9759 = SURFACE_CURVE('',#9760,(#9765,#9772),.PCURVE_S1.);
#9760 = CIRCLE('',#9761,3.6);
#9761 = AXIS2_PLACEMENT_3D('',#9762,#9763,#9764);
#9762 = CARTESIAN_POINT('',(-37.805,-42.57,5.35));
#9763 = DIRECTION('',(0.,0.,1.));
#9764 = DIRECTION('',(1.,0.,0.));
#9765 = PCURVE('',#2977,#9766);
#9766 = DEFINITIONAL_REPRESENTATION('',(#9767),#9771);
#9767 = LINE('',#9768,#9769);
#9768 = CARTESIAN_POINT('',(-0.,0.));
#9769 = VECTOR('',#9770,1.);
#9770 = DIRECTION('',(-1.,0.));
#9771 = ( GEOMETRIC_REPRESENTATION_CONTEXT(2) 
PARAMETRIC_REPRESENTATION_CONTEXT() REPRESENTATION_CONTEXT('2D SPACE',''
  ) );
#9772 = PCURVE('',#9773,#9778);
#9773 = PLANE('',#9774);
#9774 = AXIS2_PLACEMENT_3D('',#9775,#9776,#9777);
#9775 = CARTESIAN_POINT('',(-37.805,-42.57,5.35));
#9776 = DIRECTION('',(0.,0.,1.));
#9777 = DIRECTION('',(1.,0.,-0.));
#9778 = DEFINITIONAL_REPRESENTATION('',(#9779),#9783);
#9779 = CIRCLE('',#9780,3.6);
#9780 = AXIS2_PLACEMENT_2D('',#9781,#9782);
#9781 = CARTESIAN_POINT('',(0.,0.));
#9782 = DIRECTION('',(1.,0.));
#9783 = ( GEOMETRIC_REPRESENTATION_CONTEXT(2) 
PARAMETRIC_REPRESENTATION_CONTEXT() REPRESENTATION_CONTEXT('2D SPACE',''
  ) );
#9784 = ORIENTED_EDGE('',*,*,#9785,.T.);
#9785 = EDGE_CURVE('',#9757,#2957,#9786,.T.);
#9786 = SEAM_CURVE('',#9787,(#9791,#9798),.PCURVE_S1.);
#9787 = LINE('',#9788,#9789);
#9788 = CARTESIAN_POINT('',(-34.205,-42.57,5.35));
#9789 = VECTOR('',#9790,1.);
#9790 = DIRECTION('',(0.,0.,1.));
#9791 = PCURVE('',#2977,#9792);
#9792 = DEFINITIONAL_REPRESENTATION('',(#9793),#9797);
#9793 = LINE('',#9794,#9795);
#9794 = CARTESIAN_POINT('',(-6.28318530718,0.));
#9795 = VECTOR('',#9796,1.);
#9796 = DIRECTION('',(-0.,-1.));
#9797 = ( GEOMETRIC_REPRESENTATION_CONTEXT(2) 
PARAMETRIC_REPRESENTATION_CONTEXT() REPRESENTATION_CONTEXT('2D SPACE',''
  ) );
#9798 = PCURVE('',#2977,#9799);
#9799 = DEFINITIONAL_REPRESENTATION('',(#9800),#9804);
#9800 = LINE('',#9801,#9802);
#9801 = CARTESIAN_POINT('',(-0.,0.));
#9802 = VECTOR('',#9803,1.);
#9803 = DIRECTION('',(-0.,-1.));
#9804 = ( GEOMETRIC_REPRESENTATION_CONTEXT(2) 
PARAMETRIC_REPRESENTATION_CONTEXT() REPRESENTATION_CONTEXT('2D SPACE',''
  ) );
#9805 = ORIENTED_EDGE('',*,*,#2956,.F.);
#9806 = ORIENTED_EDGE('',*,*,#9785,.F.);
#9807 = ADVANCED_FACE('',(#9808),#3008,.T.);
#9808 = FACE_BOUND('',#9809,.T.);
#9809 = EDGE_LOOP('',(#9810,#9833,#9861,#9882));
#9810 = ORIENTED_EDGE('',*,*,#9811,.F.);
#9811 = EDGE_CURVE('',#9812,#2992,#9814,.T.);
#9812 = VERTEX_POINT('',#9813);
#9813 = CARTESIAN_POINT('',(-10.15,-32.22,5.35));
#9814 = SURFACE_CURVE('',#9815,(#9819,#9826),.PCURVE_S1.);
#9815 = LINE('',#9816,#9817);
#9816 = CARTESIAN_POINT('',(-10.15,-32.22,5.35));
#9817 = VECTOR('',#9818,1.);
#9818 = DIRECTION('',(0.,0.,1.));
#9819 = PCURVE('',#3008,#9820);
#9820 = DEFINITIONAL_REPRESENTATION('',(#9821),#9825);
#9821 = LINE('',#9822,#9823);
#9822 = CARTESIAN_POINT('',(0.,17.8));
#9823 = VECTOR('',#9824,1.);
#9824 = DIRECTION('',(1.,0.));
#9825 = ( GEOMETRIC_REPRESENTATION_CONTEXT(2) 
PARAMETRIC_REPRESENTATION_CONTEXT() REPRESENTATION_CONTEXT('2D SPACE',''
  ) );
#9826 = PCURVE('',#3084,#9827);
#9827 = DEFINITIONAL_REPRESENTATION('',(#9828),#9832);
#9828 = LINE('',#9829,#9830);
#9829 = CARTESIAN_POINT('',(0.,0.));
#9830 = VECTOR('',#9831,1.);
#9831 = DIRECTION('',(1.,0.));
#9832 = ( GEOMETRIC_REPRESENTATION_CONTEXT(2) 
PARAMETRIC_REPRESENTATION_CONTEXT() REPRESENTATION_CONTEXT('2D SPACE',''
  ) );
#9833 = ORIENTED_EDGE('',*,*,#9834,.F.);
#9834 = EDGE_CURVE('',#9835,#9812,#9837,.T.);
#9835 = VERTEX_POINT('',#9836);
#9836 = CARTESIAN_POINT('',(-27.95,-32.22,5.35));
#9837 = SURFACE_CURVE('',#9838,(#9842,#9849),.PCURVE_S1.);
#9838 = LINE('',#9839,#9840);
#9839 = CARTESIAN_POINT('',(-27.95,-32.22,5.35));
#9840 = VECTOR('',#9841,1.);
#9841 = DIRECTION('',(1.,0.,0.));
#9842 = PCURVE('',#3008,#9843);
#9843 = DEFINITIONAL_REPRESENTATION('',(#9844),#9848);
#9844 = LINE('',#9845,#9846);
#9845 = CARTESIAN_POINT('',(0.,0.));
#9846 = VECTOR('',#9847,1.);
#9847 = DIRECTION('',(0.,1.));
#9848 = ( GEOMETRIC_REPRESENTATION_CONTEXT(2) 
PARAMETRIC_REPRESENTATION_CONTEXT() REPRESENTATION_CONTEXT('2D SPACE',''
  ) );
#9849 = PCURVE('',#9850,#9855);
#9850 = PLANE('',#9851);
#9851 = AXIS2_PLACEMENT_3D('',#9852,#9853,#9854);
#9852 = CARTESIAN_POINT('',(-27.95,-32.22,5.35));
#9853 = DIRECTION('',(0.,0.,1.));
#9854 = DIRECTION('',(1.,0.,0.));
#9855 = DEFINITIONAL_REPRESENTATION('',(#9856),#9860);
#9856 = LINE('',#9857,#9858);
#9857 = CARTESIAN_POINT('',(0.,0.));
#9858 = VECTOR('',#9859,1.);
#9859 = DIRECTION('',(1.,0.));
#9860 = ( GEOMETRIC_REPRESENTATION_CONTEXT(2) 
PARAMETRIC_REPRESENTATION_CONTEXT() REPRESENTATION_CONTEXT('2D SPACE',''
  ) );
#9861 = ORIENTED_EDGE('',*,*,#9862,.T.);
#9862 = EDGE_CURVE('',#9835,#2994,#9863,.T.);
#9863 = SURFACE_CURVE('',#9864,(#9868,#9875),.PCURVE_S1.);
#9864 = LINE('',#9865,#9866);
#9865 = CARTESIAN_POINT('',(-27.95,-32.22,5.35));
#9866 = VECTOR('',#9867,1.);
#9867 = DIRECTION('',(0.,0.,1.));
#9868 = PCURVE('',#3008,#9869);
#9869 = DEFINITIONAL_REPRESENTATION('',(#9870),#9874);
#9870 = LINE('',#9871,#9872);
#9871 = CARTESIAN_POINT('',(0.,0.));
#9872 = VECTOR('',#9873,1.);
#9873 = DIRECTION('',(1.,0.));
#9874 = ( GEOMETRIC_REPRESENTATION_CONTEXT(2) 
PARAMETRIC_REPRESENTATION_CONTEXT() REPRESENTATION_CONTEXT('2D SPACE',''
  ) );
#9875 = PCURVE('',#3034,#9876);
#9876 = DEFINITIONAL_REPRESENTATION('',(#9877),#9881);
#9877 = LINE('',#9878,#9879);
#9878 = CARTESIAN_POINT('',(0.,0.));
#9879 = VECTOR('',#9880,1.);
#9880 = DIRECTION('',(1.,0.));
#9881 = ( GEOMETRIC_REPRESENTATION_CONTEXT(2) 
PARAMETRIC_REPRESENTATION_CONTEXT() REPRESENTATION_CONTEXT('2D SPACE',''
  ) );
#9882 = ORIENTED_EDGE('',*,*,#2991,.F.);
#9883 = ADVANCED_FACE('',(#9884),#3084,.F.);
#9884 = FACE_BOUND('',#9885,.F.);
#9885 = EDGE_LOOP('',(#9886,#9887,#9910,#9931));
#9886 = ORIENTED_EDGE('',*,*,#9811,.F.);
#9887 = ORIENTED_EDGE('',*,*,#9888,.T.);
#9888 = EDGE_CURVE('',#9812,#9889,#9891,.T.);
#9889 = VERTEX_POINT('',#9890);
#9890 = CARTESIAN_POINT('',(-10.15,-14.42,5.35));
#9891 = SURFACE_CURVE('',#9892,(#9896,#9903),.PCURVE_S1.);
#9892 = LINE('',#9893,#9894);
#9893 = CARTESIAN_POINT('',(-10.15,-32.22,5.35));
#9894 = VECTOR('',#9895,1.);
#9895 = DIRECTION('',(0.,1.,0.));
#9896 = PCURVE('',#3084,#9897);
#9897 = DEFINITIONAL_REPRESENTATION('',(#9898),#9902);
#9898 = LINE('',#9899,#9900);
#9899 = CARTESIAN_POINT('',(0.,0.));
#9900 = VECTOR('',#9901,1.);
#9901 = DIRECTION('',(0.,-1.));
#9902 = ( GEOMETRIC_REPRESENTATION_CONTEXT(2) 
PARAMETRIC_REPRESENTATION_CONTEXT() REPRESENTATION_CONTEXT('2D SPACE',''
  ) );
#9903 = PCURVE('',#9850,#9904);
#9904 = DEFINITIONAL_REPRESENTATION('',(#9905),#9909);
#9905 = LINE('',#9906,#9907);
#9906 = CARTESIAN_POINT('',(17.8,0.));
#9907 = VECTOR('',#9908,1.);
#9908 = DIRECTION('',(0.,1.));
#9909 = ( GEOMETRIC_REPRESENTATION_CONTEXT(2) 
PARAMETRIC_REPRESENTATION_CONTEXT() REPRESENTATION_CONTEXT('2D SPACE',''
  ) );
#9910 = ORIENTED_EDGE('',*,*,#9911,.T.);
#9911 = EDGE_CURVE('',#9889,#3046,#9912,.T.);
#9912 = SURFACE_CURVE('',#9913,(#9917,#9924),.PCURVE_S1.);
#9913 = LINE('',#9914,#9915);
#9914 = CARTESIAN_POINT('',(-10.15,-14.42,5.35));
#9915 = VECTOR('',#9916,1.);
#9916 = DIRECTION('',(0.,0.,1.));
#9917 = PCURVE('',#3084,#9918);
#9918 = DEFINITIONAL_REPRESENTATION('',(#9919),#9923);
#9919 = LINE('',#9920,#9921);
#9920 = CARTESIAN_POINT('',(0.,-17.8));
#9921 = VECTOR('',#9922,1.);
#9922 = DIRECTION('',(1.,0.));
#9923 = ( GEOMETRIC_REPRESENTATION_CONTEXT(2) 
PARAMETRIC_REPRESENTATION_CONTEXT() REPRESENTATION_CONTEXT('2D SPACE',''
  ) );
#9924 = PCURVE('',#3060,#9925);
#9925 = DEFINITIONAL_REPRESENTATION('',(#9926),#9930);
#9926 = LINE('',#9927,#9928);
#9927 = CARTESIAN_POINT('',(0.,17.8));
#9928 = VECTOR('',#9929,1.);
#9929 = DIRECTION('',(1.,0.));
#9930 = ( GEOMETRIC_REPRESENTATION_CONTEXT(2) 
PARAMETRIC_REPRESENTATION_CONTEXT() REPRESENTATION_CONTEXT('2D SPACE',''
  ) );
#9931 = ORIENTED_EDGE('',*,*,#3071,.F.);
#9932 = ADVANCED_FACE('',(#9933),#3034,.T.);
#9933 = FACE_BOUND('',#9934,.T.);
#9934 = EDGE_LOOP('',(#9935,#9936,#9959,#9980));
#9935 = ORIENTED_EDGE('',*,*,#9862,.F.);
#9936 = ORIENTED_EDGE('',*,*,#9937,.T.);
#9937 = EDGE_CURVE('',#9835,#9938,#9940,.T.);
#9938 = VERTEX_POINT('',#9939);
#9939 = CARTESIAN_POINT('',(-27.95,-14.42,5.35));
#9940 = SURFACE_CURVE('',#9941,(#9945,#9952),.PCURVE_S1.);
#9941 = LINE('',#9942,#9943);
#9942 = CARTESIAN_POINT('',(-27.95,-32.22,5.35));
#9943 = VECTOR('',#9944,1.);
#9944 = DIRECTION('',(0.,1.,0.));
#9945 = PCURVE('',#3034,#9946);
#9946 = DEFINITIONAL_REPRESENTATION('',(#9947),#9951);
#9947 = LINE('',#9948,#9949);
#9948 = CARTESIAN_POINT('',(0.,0.));
#9949 = VECTOR('',#9950,1.);
#9950 = DIRECTION('',(0.,-1.));
#9951 = ( GEOMETRIC_REPRESENTATION_CONTEXT(2) 
PARAMETRIC_REPRESENTATION_CONTEXT() REPRESENTATION_CONTEXT('2D SPACE',''
  ) );
#9952 = PCURVE('',#9850,#9953);
#9953 = DEFINITIONAL_REPRESENTATION('',(#9954),#9958);
#9954 = LINE('',#9955,#9956);
#9955 = CARTESIAN_POINT('',(0.,0.));
#9956 = VECTOR('',#9957,1.);
#9957 = DIRECTION('',(0.,1.));
#9958 = ( GEOMETRIC_REPRESENTATION_CONTEXT(2) 
PARAMETRIC_REPRESENTATION_CONTEXT() REPRESENTATION_CONTEXT('2D SPACE',''
  ) );
#9959 = ORIENTED_EDGE('',*,*,#9960,.T.);
#9960 = EDGE_CURVE('',#9938,#3020,#9961,.T.);
#9961 = SURFACE_CURVE('',#9962,(#9966,#9973),.PCURVE_S1.);
#9962 = LINE('',#9963,#9964);
#9963 = CARTESIAN_POINT('',(-27.95,-14.42,5.35));
#9964 = VECTOR('',#9965,1.);
#9965 = DIRECTION('',(0.,0.,1.));
#9966 = PCURVE('',#3034,#9967);
#9967 = DEFINITIONAL_REPRESENTATION('',(#9968),#9972);
#9968 = LINE('',#9969,#9970);
#9969 = CARTESIAN_POINT('',(0.,-17.8));
#9970 = VECTOR('',#9971,1.);
#9971 = DIRECTION('',(1.,0.));
#9972 = ( GEOMETRIC_REPRESENTATION_CONTEXT(2) 
PARAMETRIC_REPRESENTATION_CONTEXT() REPRESENTATION_CONTEXT('2D SPACE',''
  ) );
#9973 = PCURVE('',#3060,#9974);
#9974 = DEFINITIONAL_REPRESENTATION('',(#9975),#9979);
#9975 = LINE('',#9976,#9977);
#9976 = CARTESIAN_POINT('',(0.,0.));
#9977 = VECTOR('',#9978,1.);
#9978 = DIRECTION('',(1.,0.));
#9979 = ( GEOMETRIC_REPRESENTATION_CONTEXT(2) 
PARAMETRIC_REPRESENTATION_CONTEXT() REPRESENTATION_CONTEXT('2D SPACE',''
  ) );
#9980 = ORIENTED_EDGE('',*,*,#3019,.F.);
#9981 = ADVANCED_FACE('',(#9982),#3060,.F.);
#9982 = FACE_BOUND('',#9983,.F.);
#9983 = EDGE_LOOP('',(#9984,#9985,#10006,#10007));
#9984 = ORIENTED_EDGE('',*,*,#9911,.F.);
#9985 = ORIENTED_EDGE('',*,*,#9986,.F.);
#9986 = EDGE_CURVE('',#9938,#9889,#9987,.T.);
#9987 = SURFACE_CURVE('',#9988,(#9992,#9999),.PCURVE_S1.);
#9988 = LINE('',#9989,#9990);
#9989 = CARTESIAN_POINT('',(-27.95,-14.42,5.35));
#9990 = VECTOR('',#9991,1.);
#9991 = DIRECTION('',(1.,0.,0.));
#9992 = PCURVE('',#3060,#9993);
#9993 = DEFINITIONAL_REPRESENTATION('',(#9994),#9998);
#9994 = LINE('',#9995,#9996);
#9995 = CARTESIAN_POINT('',(0.,0.));
#9996 = VECTOR('',#9997,1.);
#9997 = DIRECTION('',(0.,1.));
#9998 = ( GEOMETRIC_REPRESENTATION_CONTEXT(2) 
PARAMETRIC_REPRESENTATION_CONTEXT() REPRESENTATION_CONTEXT('2D SPACE',''
  ) );
#9999 = PCURVE('',#9850,#10000);
#10000 = DEFINITIONAL_REPRESENTATION('',(#10001),#10005);
#10001 = LINE('',#10002,#10003);
#10002 = CARTESIAN_POINT('',(0.,17.8));
#10003 = VECTOR('',#10004,1.);
#10004 = DIRECTION('',(1.,0.));
#10005 = ( GEOMETRIC_REPRESENTATION_CONTEXT(2) 
PARAMETRIC_REPRESENTATION_CONTEXT() REPRESENTATION_CONTEXT('2D SPACE',''
  ) );
#10006 = ORIENTED_EDGE('',*,*,#9960,.T.);
#10007 = ORIENTED_EDGE('',*,*,#3045,.F.);
#10008 = ADVANCED_FACE('',(#10009),#3114,.T.);
#10009 = FACE_BOUND('',#10010,.T.);
#10010 = EDGE_LOOP('',(#10011,#10034,#10062,#10083));
#10011 = ORIENTED_EDGE('',*,*,#10012,.F.);
#10012 = EDGE_CURVE('',#10013,#3098,#10015,.T.);
#10013 = VERTEX_POINT('',#10014);
#10014 = CARTESIAN_POINT('',(-10.15,-13.17,5.35));
#10015 = SURFACE_CURVE('',#10016,(#10020,#10027),.PCURVE_S1.);
#10016 = LINE('',#10017,#10018);
#10017 = CARTESIAN_POINT('',(-10.15,-13.17,5.35));
#10018 = VECTOR('',#10019,1.);
#10019 = DIRECTION('',(0.,0.,1.));
#10020 = PCURVE('',#3114,#10021);
#10021 = DEFINITIONAL_REPRESENTATION('',(#10022),#10026);
#10022 = LINE('',#10023,#10024);
#10023 = CARTESIAN_POINT('',(0.,17.8));
#10024 = VECTOR('',#10025,1.);
#10025 = DIRECTION('',(1.,0.));
#10026 = ( GEOMETRIC_REPRESENTATION_CONTEXT(2) 
PARAMETRIC_REPRESENTATION_CONTEXT() REPRESENTATION_CONTEXT('2D SPACE',''
  ) );
#10027 = PCURVE('',#3190,#10028);
#10028 = DEFINITIONAL_REPRESENTATION('',(#10029),#10033);
#10029 = LINE('',#10030,#10031);
#10030 = CARTESIAN_POINT('',(0.,0.));
#10031 = VECTOR('',#10032,1.);
#10032 = DIRECTION('',(1.,0.));
#10033 = ( GEOMETRIC_REPRESENTATION_CONTEXT(2) 
PARAMETRIC_REPRESENTATION_CONTEXT() REPRESENTATION_CONTEXT('2D SPACE',''
  ) );
#10034 = ORIENTED_EDGE('',*,*,#10035,.F.);
#10035 = EDGE_CURVE('',#10036,#10013,#10038,.T.);
#10036 = VERTEX_POINT('',#10037);
#10037 = CARTESIAN_POINT('',(-27.95,-13.17,5.35));
#10038 = SURFACE_CURVE('',#10039,(#10043,#10050),.PCURVE_S1.);
#10039 = LINE('',#10040,#10041);
#10040 = CARTESIAN_POINT('',(-27.95,-13.17,5.35));
#10041 = VECTOR('',#10042,1.);
#10042 = DIRECTION('',(1.,0.,0.));
#10043 = PCURVE('',#3114,#10044);
#10044 = DEFINITIONAL_REPRESENTATION('',(#10045),#10049);
#10045 = LINE('',#10046,#10047);
#10046 = CARTESIAN_POINT('',(0.,0.));
#10047 = VECTOR('',#10048,1.);
#10048 = DIRECTION('',(0.,1.));
#10049 = ( GEOMETRIC_REPRESENTATION_CONTEXT(2) 
PARAMETRIC_REPRESENTATION_CONTEXT() REPRESENTATION_CONTEXT('2D SPACE',''
  ) );
#10050 = PCURVE('',#10051,#10056);
#10051 = PLANE('',#10052);
#10052 = AXIS2_PLACEMENT_3D('',#10053,#10054,#10055);
#10053 = CARTESIAN_POINT('',(-27.95,-13.17,5.35));
#10054 = DIRECTION('',(0.,0.,1.));
#10055 = DIRECTION('',(1.,0.,0.));
#10056 = DEFINITIONAL_REPRESENTATION('',(#10057),#10061);
#10057 = LINE('',#10058,#10059);
#10058 = CARTESIAN_POINT('',(0.,0.));
#10059 = VECTOR('',#10060,1.);
#10060 = DIRECTION('',(1.,0.));
#10061 = ( GEOMETRIC_REPRESENTATION_CONTEXT(2) 
PARAMETRIC_REPRESENTATION_CONTEXT() REPRESENTATION_CONTEXT('2D SPACE',''
  ) );
#10062 = ORIENTED_EDGE('',*,*,#10063,.T.);
#10063 = EDGE_CURVE('',#10036,#3100,#10064,.T.);
#10064 = SURFACE_CURVE('',#10065,(#10069,#10076),.PCURVE_S1.);
#10065 = LINE('',#10066,#10067);
#10066 = CARTESIAN_POINT('',(-27.95,-13.17,5.35));
#10067 = VECTOR('',#10068,1.);
#10068 = DIRECTION('',(0.,0.,1.));
#10069 = PCURVE('',#3114,#10070);
#10070 = DEFINITIONAL_REPRESENTATION('',(#10071),#10075);
#10071 = LINE('',#10072,#10073);
#10072 = CARTESIAN_POINT('',(0.,0.));
#10073 = VECTOR('',#10074,1.);
#10074 = DIRECTION('',(1.,0.));
#10075 = ( GEOMETRIC_REPRESENTATION_CONTEXT(2) 
PARAMETRIC_REPRESENTATION_CONTEXT() REPRESENTATION_CONTEXT('2D SPACE',''
  ) );
#10076 = PCURVE('',#3140,#10077);
#10077 = DEFINITIONAL_REPRESENTATION('',(#10078),#10082);
#10078 = LINE('',#10079,#10080);
#10079 = CARTESIAN_POINT('',(0.,0.));
#10080 = VECTOR('',#10081,1.);
#10081 = DIRECTION('',(1.,0.));
#10082 = ( GEOMETRIC_REPRESENTATION_CONTEXT(2) 
PARAMETRIC_REPRESENTATION_CONTEXT() REPRESENTATION_CONTEXT('2D SPACE',''
  ) );
#10083 = ORIENTED_EDGE('',*,*,#3097,.F.);
#10084 = ADVANCED_FACE('',(#10085),#3190,.F.);
#10085 = FACE_BOUND('',#10086,.F.);
#10086 = EDGE_LOOP('',(#10087,#10088,#10111,#10132));
#10087 = ORIENTED_EDGE('',*,*,#10012,.F.);
#10088 = ORIENTED_EDGE('',*,*,#10089,.T.);
#10089 = EDGE_CURVE('',#10013,#10090,#10092,.T.);
#10090 = VERTEX_POINT('',#10091);
#10091 = CARTESIAN_POINT('',(-10.15,4.63,5.35));
#10092 = SURFACE_CURVE('',#10093,(#10097,#10104),.PCURVE_S1.);
#10093 = LINE('',#10094,#10095);
#10094 = CARTESIAN_POINT('',(-10.15,-13.17,5.35));
#10095 = VECTOR('',#10096,1.);
#10096 = DIRECTION('',(0.,1.,0.));
#10097 = PCURVE('',#3190,#10098);
#10098 = DEFINITIONAL_REPRESENTATION('',(#10099),#10103);
#10099 = LINE('',#10100,#10101);
#10100 = CARTESIAN_POINT('',(0.,0.));
#10101 = VECTOR('',#10102,1.);
#10102 = DIRECTION('',(0.,-1.));
#10103 = ( GEOMETRIC_REPRESENTATION_CONTEXT(2) 
PARAMETRIC_REPRESENTATION_CONTEXT() REPRESENTATION_CONTEXT('2D SPACE',''
  ) );
#10104 = PCURVE('',#10051,#10105);
#10105 = DEFINITIONAL_REPRESENTATION('',(#10106),#10110);
#10106 = LINE('',#10107,#10108);
#10107 = CARTESIAN_POINT('',(17.8,0.));
#10108 = VECTOR('',#10109,1.);
#10109 = DIRECTION('',(0.,1.));
#10110 = ( GEOMETRIC_REPRESENTATION_CONTEXT(2) 
PARAMETRIC_REPRESENTATION_CONTEXT() REPRESENTATION_CONTEXT('2D SPACE',''
  ) );
#10111 = ORIENTED_EDGE('',*,*,#10112,.T.);
#10112 = EDGE_CURVE('',#10090,#3152,#10113,.T.);
#10113 = SURFACE_CURVE('',#10114,(#10118,#10125),.PCURVE_S1.);
#10114 = LINE('',#10115,#10116);
#10115 = CARTESIAN_POINT('',(-10.15,4.63,5.35));
#10116 = VECTOR('',#10117,1.);
#10117 = DIRECTION('',(0.,0.,1.));
#10118 = PCURVE('',#3190,#10119);
#10119 = DEFINITIONAL_REPRESENTATION('',(#10120),#10124);
#10120 = LINE('',#10121,#10122);
#10121 = CARTESIAN_POINT('',(0.,-17.8));
#10122 = VECTOR('',#10123,1.);
#10123 = DIRECTION('',(1.,0.));
#10124 = ( GEOMETRIC_REPRESENTATION_CONTEXT(2) 
PARAMETRIC_REPRESENTATION_CONTEXT() REPRESENTATION_CONTEXT('2D SPACE',''
  ) );
#10125 = PCURVE('',#3166,#10126);
#10126 = DEFINITIONAL_REPRESENTATION('',(#10127),#10131);
#10127 = LINE('',#10128,#10129);
#10128 = CARTESIAN_POINT('',(0.,17.8));
#10129 = VECTOR('',#10130,1.);
#10130 = DIRECTION('',(1.,0.));
#10131 = ( GEOMETRIC_REPRESENTATION_CONTEXT(2) 
PARAMETRIC_REPRESENTATION_CONTEXT() REPRESENTATION_CONTEXT('2D SPACE',''
  ) );
#10132 = ORIENTED_EDGE('',*,*,#3177,.F.);
#10133 = ADVANCED_FACE('',(#10134),#3140,.T.);
#10134 = FACE_BOUND('',#10135,.T.);
#10135 = EDGE_LOOP('',(#10136,#10137,#10160,#10181));
#10136 = ORIENTED_EDGE('',*,*,#10063,.F.);
#10137 = ORIENTED_EDGE('',*,*,#10138,.T.);
#10138 = EDGE_CURVE('',#10036,#10139,#10141,.T.);
#10139 = VERTEX_POINT('',#10140);
#10140 = CARTESIAN_POINT('',(-27.95,4.63,5.35));
#10141 = SURFACE_CURVE('',#10142,(#10146,#10153),.PCURVE_S1.);
#10142 = LINE('',#10143,#10144);
#10143 = CARTESIAN_POINT('',(-27.95,-13.17,5.35));
#10144 = VECTOR('',#10145,1.);
#10145 = DIRECTION('',(0.,1.,0.));
#10146 = PCURVE('',#3140,#10147);
#10147 = DEFINITIONAL_REPRESENTATION('',(#10148),#10152);
#10148 = LINE('',#10149,#10150);
#10149 = CARTESIAN_POINT('',(0.,0.));
#10150 = VECTOR('',#10151,1.);
#10151 = DIRECTION('',(0.,-1.));
#10152 = ( GEOMETRIC_REPRESENTATION_CONTEXT(2) 
PARAMETRIC_REPRESENTATION_CONTEXT() REPRESENTATION_CONTEXT('2D SPACE',''
  ) );
#10153 = PCURVE('',#10051,#10154);
#10154 = DEFINITIONAL_REPRESENTATION('',(#10155),#10159);
#10155 = LINE('',#10156,#10157);
#10156 = CARTESIAN_POINT('',(0.,0.));
#10157 = VECTOR('',#10158,1.);
#10158 = DIRECTION('',(0.,1.));
#10159 = ( GEOMETRIC_REPRESENTATION_CONTEXT(2) 
PARAMETRIC_REPRESENTATION_CONTEXT() REPRESENTATION_CONTEXT('2D SPACE',''
  ) );
#10160 = ORIENTED_EDGE('',*,*,#10161,.T.);
#10161 = EDGE_CURVE('',#10139,#3126,#10162,.T.);
#10162 = SURFACE_CURVE('',#10163,(#10167,#10174),.PCURVE_S1.);
#10163 = LINE('',#10164,#10165);
#10164 = CARTESIAN_POINT('',(-27.95,4.63,5.35));
#10165 = VECTOR('',#10166,1.);
#10166 = DIRECTION('',(0.,0.,1.));
#10167 = PCURVE('',#3140,#10168);
#10168 = DEFINITIONAL_REPRESENTATION('',(#10169),#10173);
#10169 = LINE('',#10170,#10171);
#10170 = CARTESIAN_POINT('',(0.,-17.8));
#10171 = VECTOR('',#10172,1.);
#10172 = DIRECTION('',(1.,0.));
#10173 = ( GEOMETRIC_REPRESENTATION_CONTEXT(2) 
PARAMETRIC_REPRESENTATION_CONTEXT() REPRESENTATION_CONTEXT('2D SPACE',''
  ) );
#10174 = PCURVE('',#3166,#10175);
#10175 = DEFINITIONAL_REPRESENTATION('',(#10176),#10180);
#10176 = LINE('',#10177,#10178);
#10177 = CARTESIAN_POINT('',(0.,0.));
#10178 = VECTOR('',#10179,1.);
#10179 = DIRECTION('',(1.,0.));
#10180 = ( GEOMETRIC_REPRESENTATION_CONTEXT(2) 
PARAMETRIC_REPRESENTATION_CONTEXT() REPRESENTATION_CONTEXT('2D SPACE',''
  ) );
#10181 = ORIENTED_EDGE('',*,*,#3125,.F.);
#10182 = ADVANCED_FACE('',(#10183),#3166,.F.);
#10183 = FACE_BOUND('',#10184,.F.);
#10184 = EDGE_LOOP('',(#10185,#10186,#10207,#10208));
#10185 = ORIENTED_EDGE('',*,*,#10112,.F.);
#10186 = ORIENTED_EDGE('',*,*,#10187,.F.);
#10187 = EDGE_CURVE('',#10139,#10090,#10188,.T.);
#10188 = SURFACE_CURVE('',#10189,(#10193,#10200),.PCURVE_S1.);
#10189 = LINE('',#10190,#10191);
#10190 = CARTESIAN_POINT('',(-27.95,4.63,5.35));
#10191 = VECTOR('',#10192,1.);
#10192 = DIRECTION('',(1.,0.,0.));
#10193 = PCURVE('',#3166,#10194);
#10194 = DEFINITIONAL_REPRESENTATION('',(#10195),#10199);
#10195 = LINE('',#10196,#10197);
#10196 = CARTESIAN_POINT('',(0.,0.));
#10197 = VECTOR('',#10198,1.);
#10198 = DIRECTION('',(0.,1.));
#10199 = ( GEOMETRIC_REPRESENTATION_CONTEXT(2) 
PARAMETRIC_REPRESENTATION_CONTEXT() REPRESENTATION_CONTEXT('2D SPACE',''
  ) );
#10200 = PCURVE('',#10051,#10201);
#10201 = DEFINITIONAL_REPRESENTATION('',(#10202),#10206);
#10202 = LINE('',#10203,#10204);
#10203 = CARTESIAN_POINT('',(0.,17.8));
#10204 = VECTOR('',#10205,1.);
#10205 = DIRECTION('',(1.,0.));
#10206 = ( GEOMETRIC_REPRESENTATION_CONTEXT(2) 
PARAMETRIC_REPRESENTATION_CONTEXT() REPRESENTATION_CONTEXT('2D SPACE',''
  ) );
#10207 = ORIENTED_EDGE('',*,*,#10161,.T.);
#10208 = ORIENTED_EDGE('',*,*,#3151,.F.);
#10209 = ADVANCED_FACE('',(#10210),#3220,.T.);
#10210 = FACE_BOUND('',#10211,.T.);
#10211 = EDGE_LOOP('',(#10212,#10235,#10263,#10284));
#10212 = ORIENTED_EDGE('',*,*,#10213,.F.);
#10213 = EDGE_CURVE('',#10214,#3204,#10216,.T.);
#10214 = VERTEX_POINT('',#10215);
#10215 = CARTESIAN_POINT('',(8.9,-32.22,5.35));
#10216 = SURFACE_CURVE('',#10217,(#10221,#10228),.PCURVE_S1.);
#10217 = LINE('',#10218,#10219);
#10218 = CARTESIAN_POINT('',(8.9,-32.22,5.35));
#10219 = VECTOR('',#10220,1.);
#10220 = DIRECTION('',(0.,0.,1.));
#10221 = PCURVE('',#3220,#10222);
#10222 = DEFINITIONAL_REPRESENTATION('',(#10223),#10227);
#10223 = LINE('',#10224,#10225);
#10224 = CARTESIAN_POINT('',(0.,17.8));
#10225 = VECTOR('',#10226,1.);
#10226 = DIRECTION('',(1.,0.));
#10227 = ( GEOMETRIC_REPRESENTATION_CONTEXT(2) 
PARAMETRIC_REPRESENTATION_CONTEXT() REPRESENTATION_CONTEXT('2D SPACE',''
  ) );
#10228 = PCURVE('',#3296,#10229);
#10229 = DEFINITIONAL_REPRESENTATION('',(#10230),#10234);
#10230 = LINE('',#10231,#10232);
#10231 = CARTESIAN_POINT('',(0.,0.));
#10232 = VECTOR('',#10233,1.);
#10233 = DIRECTION('',(1.,0.));
#10234 = ( GEOMETRIC_REPRESENTATION_CONTEXT(2) 
PARAMETRIC_REPRESENTATION_CONTEXT() REPRESENTATION_CONTEXT('2D SPACE',''
  ) );
#10235 = ORIENTED_EDGE('',*,*,#10236,.F.);
#10236 = EDGE_CURVE('',#10237,#10214,#10239,.T.);
#10237 = VERTEX_POINT('',#10238);
#10238 = CARTESIAN_POINT('',(-8.9,-32.22,5.35));
#10239 = SURFACE_CURVE('',#10240,(#10244,#10251),.PCURVE_S1.);
#10240 = LINE('',#10241,#10242);
#10241 = CARTESIAN_POINT('',(-8.9,-32.22,5.35));
#10242 = VECTOR('',#10243,1.);
#10243 = DIRECTION('',(1.,0.,0.));
#10244 = PCURVE('',#3220,#10245);
#10245 = DEFINITIONAL_REPRESENTATION('',(#10246),#10250);
#10246 = LINE('',#10247,#10248);
#10247 = CARTESIAN_POINT('',(0.,0.));
#10248 = VECTOR('',#10249,1.);
#10249 = DIRECTION('',(0.,1.));
#10250 = ( GEOMETRIC_REPRESENTATION_CONTEXT(2) 
PARAMETRIC_REPRESENTATION_CONTEXT() REPRESENTATION_CONTEXT('2D SPACE',''
  ) );
#10251 = PCURVE('',#10252,#10257);
#10252 = PLANE('',#10253);
#10253 = AXIS2_PLACEMENT_3D('',#10254,#10255,#10256);
#10254 = CARTESIAN_POINT('',(-8.9,-32.22,5.35));
#10255 = DIRECTION('',(0.,0.,1.));
#10256 = DIRECTION('',(1.,0.,0.));
#10257 = DEFINITIONAL_REPRESENTATION('',(#10258),#10262);
#10258 = LINE('',#10259,#10260);
#10259 = CARTESIAN_POINT('',(0.,0.));
#10260 = VECTOR('',#10261,1.);
#10261 = DIRECTION('',(1.,0.));
#10262 = ( GEOMETRIC_REPRESENTATION_CONTEXT(2) 
PARAMETRIC_REPRESENTATION_CONTEXT() REPRESENTATION_CONTEXT('2D SPACE',''
  ) );
#10263 = ORIENTED_EDGE('',*,*,#10264,.T.);
#10264 = EDGE_CURVE('',#10237,#3206,#10265,.T.);
#10265 = SURFACE_CURVE('',#10266,(#10270,#10277),.PCURVE_S1.);
#10266 = LINE('',#10267,#10268);
#10267 = CARTESIAN_POINT('',(-8.9,-32.22,5.35));
#10268 = VECTOR('',#10269,1.);
#10269 = DIRECTION('',(0.,0.,1.));
#10270 = PCURVE('',#3220,#10271);
#10271 = DEFINITIONAL_REPRESENTATION('',(#10272),#10276);
#10272 = LINE('',#10273,#10274);
#10273 = CARTESIAN_POINT('',(0.,0.));
#10274 = VECTOR('',#10275,1.);
#10275 = DIRECTION('',(1.,0.));
#10276 = ( GEOMETRIC_REPRESENTATION_CONTEXT(2) 
PARAMETRIC_REPRESENTATION_CONTEXT() REPRESENTATION_CONTEXT('2D SPACE',''
  ) );
#10277 = PCURVE('',#3246,#10278);
#10278 = DEFINITIONAL_REPRESENTATION('',(#10279),#10283);
#10279 = LINE('',#10280,#10281);
#10280 = CARTESIAN_POINT('',(0.,0.));
#10281 = VECTOR('',#10282,1.);
#10282 = DIRECTION('',(1.,0.));
#10283 = ( GEOMETRIC_REPRESENTATION_CONTEXT(2) 
PARAMETRIC_REPRESENTATION_CONTEXT() REPRESENTATION_CONTEXT('2D SPACE',''
  ) );
#10284 = ORIENTED_EDGE('',*,*,#3203,.F.);
#10285 = ADVANCED_FACE('',(#10286),#3296,.F.);
#10286 = FACE_BOUND('',#10287,.F.);
#10287 = EDGE_LOOP('',(#10288,#10289,#10312,#10333));
#10288 = ORIENTED_EDGE('',*,*,#10213,.F.);
#10289 = ORIENTED_EDGE('',*,*,#10290,.T.);
#10290 = EDGE_CURVE('',#10214,#10291,#10293,.T.);
#10291 = VERTEX_POINT('',#10292);
#10292 = CARTESIAN_POINT('',(8.9,-14.42,5.35));
#10293 = SURFACE_CURVE('',#10294,(#10298,#10305),.PCURVE_S1.);
#10294 = LINE('',#10295,#10296);
#10295 = CARTESIAN_POINT('',(8.9,-32.22,5.35));
#10296 = VECTOR('',#10297,1.);
#10297 = DIRECTION('',(0.,1.,0.));
#10298 = PCURVE('',#3296,#10299);
#10299 = DEFINITIONAL_REPRESENTATION('',(#10300),#10304);
#10300 = LINE('',#10301,#10302);
#10301 = CARTESIAN_POINT('',(0.,0.));
#10302 = VECTOR('',#10303,1.);
#10303 = DIRECTION('',(0.,-1.));
#10304 = ( GEOMETRIC_REPRESENTATION_CONTEXT(2) 
PARAMETRIC_REPRESENTATION_CONTEXT() REPRESENTATION_CONTEXT('2D SPACE',''
  ) );
#10305 = PCURVE('',#10252,#10306);
#10306 = DEFINITIONAL_REPRESENTATION('',(#10307),#10311);
#10307 = LINE('',#10308,#10309);
#10308 = CARTESIAN_POINT('',(17.8,0.));
#10309 = VECTOR('',#10310,1.);
#10310 = DIRECTION('',(0.,1.));
#10311 = ( GEOMETRIC_REPRESENTATION_CONTEXT(2) 
PARAMETRIC_REPRESENTATION_CONTEXT() REPRESENTATION_CONTEXT('2D SPACE',''
  ) );
#10312 = ORIENTED_EDGE('',*,*,#10313,.T.);
#10313 = EDGE_CURVE('',#10291,#3258,#10314,.T.);
#10314 = SURFACE_CURVE('',#10315,(#10319,#10326),.PCURVE_S1.);
#10315 = LINE('',#10316,#10317);
#10316 = CARTESIAN_POINT('',(8.9,-14.42,5.35));
#10317 = VECTOR('',#10318,1.);
#10318 = DIRECTION('',(0.,0.,1.));
#10319 = PCURVE('',#3296,#10320);
#10320 = DEFINITIONAL_REPRESENTATION('',(#10321),#10325);
#10321 = LINE('',#10322,#10323);
#10322 = CARTESIAN_POINT('',(0.,-17.8));
#10323 = VECTOR('',#10324,1.);
#10324 = DIRECTION('',(1.,0.));
#10325 = ( GEOMETRIC_REPRESENTATION_CONTEXT(2) 
PARAMETRIC_REPRESENTATION_CONTEXT() REPRESENTATION_CONTEXT('2D SPACE',''
  ) );
#10326 = PCURVE('',#3272,#10327);
#10327 = DEFINITIONAL_REPRESENTATION('',(#10328),#10332);
#10328 = LINE('',#10329,#10330);
#10329 = CARTESIAN_POINT('',(0.,17.8));
#10330 = VECTOR('',#10331,1.);
#10331 = DIRECTION('',(1.,0.));
#10332 = ( GEOMETRIC_REPRESENTATION_CONTEXT(2) 
PARAMETRIC_REPRESENTATION_CONTEXT() REPRESENTATION_CONTEXT('2D SPACE',''
  ) );
#10333 = ORIENTED_EDGE('',*,*,#3283,.F.);
#10334 = ADVANCED_FACE('',(#10335),#3246,.T.);
#10335 = FACE_BOUND('',#10336,.T.);
#10336 = EDGE_LOOP('',(#10337,#10338,#10361,#10382));
#10337 = ORIENTED_EDGE('',*,*,#10264,.F.);
#10338 = ORIENTED_EDGE('',*,*,#10339,.T.);
#10339 = EDGE_CURVE('',#10237,#10340,#10342,.T.);
#10340 = VERTEX_POINT('',#10341);
#10341 = CARTESIAN_POINT('',(-8.9,-14.42,5.35));
#10342 = SURFACE_CURVE('',#10343,(#10347,#10354),.PCURVE_S1.);
#10343 = LINE('',#10344,#10345);
#10344 = CARTESIAN_POINT('',(-8.9,-32.22,5.35));
#10345 = VECTOR('',#10346,1.);
#10346 = DIRECTION('',(0.,1.,0.));
#10347 = PCURVE('',#3246,#10348);
#10348 = DEFINITIONAL_REPRESENTATION('',(#10349),#10353);
#10349 = LINE('',#10350,#10351);
#10350 = CARTESIAN_POINT('',(0.,0.));
#10351 = VECTOR('',#10352,1.);
#10352 = DIRECTION('',(0.,-1.));
#10353 = ( GEOMETRIC_REPRESENTATION_CONTEXT(2) 
PARAMETRIC_REPRESENTATION_CONTEXT() REPRESENTATION_CONTEXT('2D SPACE',''
  ) );
#10354 = PCURVE('',#10252,#10355);
#10355 = DEFINITIONAL_REPRESENTATION('',(#10356),#10360);
#10356 = LINE('',#10357,#10358);
#10357 = CARTESIAN_POINT('',(0.,0.));
#10358 = VECTOR('',#10359,1.);
#10359 = DIRECTION('',(0.,1.));
#10360 = ( GEOMETRIC_REPRESENTATION_CONTEXT(2) 
PARAMETRIC_REPRESENTATION_CONTEXT() REPRESENTATION_CONTEXT('2D SPACE',''
  ) );
#10361 = ORIENTED_EDGE('',*,*,#10362,.T.);
#10362 = EDGE_CURVE('',#10340,#3232,#10363,.T.);
#10363 = SURFACE_CURVE('',#10364,(#10368,#10375),.PCURVE_S1.);
#10364 = LINE('',#10365,#10366);
#10365 = CARTESIAN_POINT('',(-8.9,-14.42,5.35));
#10366 = VECTOR('',#10367,1.);
#10367 = DIRECTION('',(0.,0.,1.));
#10368 = PCURVE('',#3246,#10369);
#10369 = DEFINITIONAL_REPRESENTATION('',(#10370),#10374);
#10370 = LINE('',#10371,#10372);
#10371 = CARTESIAN_POINT('',(0.,-17.8));
#10372 = VECTOR('',#10373,1.);
#10373 = DIRECTION('',(1.,0.));
#10374 = ( GEOMETRIC_REPRESENTATION_CONTEXT(2) 
PARAMETRIC_REPRESENTATION_CONTEXT() REPRESENTATION_CONTEXT('2D SPACE',''
  ) );
#10375 = PCURVE('',#3272,#10376);
#10376 = DEFINITIONAL_REPRESENTATION('',(#10377),#10381);
#10377 = LINE('',#10378,#10379);
#10378 = CARTESIAN_POINT('',(0.,0.));
#10379 = VECTOR('',#10380,1.);
#10380 = DIRECTION('',(1.,0.));
#10381 = ( GEOMETRIC_REPRESENTATION_CONTEXT(2) 
PARAMETRIC_REPRESENTATION_CONTEXT() REPRESENTATION_CONTEXT('2D SPACE',''
  ) );
#10382 = ORIENTED_EDGE('',*,*,#3231,.F.);
#10383 = ADVANCED_FACE('',(#10384),#3272,.F.);
#10384 = FACE_BOUND('',#10385,.F.);
#10385 = EDGE_LOOP('',(#10386,#10387,#10408,#10409));
#10386 = ORIENTED_EDGE('',*,*,#10313,.F.);
#10387 = ORIENTED_EDGE('',*,*,#10388,.F.);
#10388 = EDGE_CURVE('',#10340,#10291,#10389,.T.);
#10389 = SURFACE_CURVE('',#10390,(#10394,#10401),.PCURVE_S1.);
#10390 = LINE('',#10391,#10392);
#10391 = CARTESIAN_POINT('',(-8.9,-14.42,5.35));
#10392 = VECTOR('',#10393,1.);
#10393 = DIRECTION('',(1.,0.,0.));
#10394 = PCURVE('',#3272,#10395);
#10395 = DEFINITIONAL_REPRESENTATION('',(#10396),#10400);
#10396 = LINE('',#10397,#10398);
#10397 = CARTESIAN_POINT('',(0.,0.));
#10398 = VECTOR('',#10399,1.);
#10399 = DIRECTION('',(0.,1.));
#10400 = ( GEOMETRIC_REPRESENTATION_CONTEXT(2) 
PARAMETRIC_REPRESENTATION_CONTEXT() REPRESENTATION_CONTEXT('2D SPACE',''
  ) );
#10401 = PCURVE('',#10252,#10402);
#10402 = DEFINITIONAL_REPRESENTATION('',(#10403),#10407);
#10403 = LINE('',#10404,#10405);
#10404 = CARTESIAN_POINT('',(0.,17.8));
#10405 = VECTOR('',#10406,1.);
#10406 = DIRECTION('',(1.,0.));
#10407 = ( GEOMETRIC_REPRESENTATION_CONTEXT(2) 
PARAMETRIC_REPRESENTATION_CONTEXT() REPRESENTATION_CONTEXT('2D SPACE',''
  ) );
#10408 = ORIENTED_EDGE('',*,*,#10362,.T.);
#10409 = ORIENTED_EDGE('',*,*,#3257,.F.);
#10410 = ADVANCED_FACE('',(#10411),#3326,.T.);
#10411 = FACE_BOUND('',#10412,.T.);
#10412 = EDGE_LOOP('',(#10413,#10436,#10464,#10485));
#10413 = ORIENTED_EDGE('',*,*,#10414,.F.);
#10414 = EDGE_CURVE('',#10415,#3310,#10417,.T.);
#10415 = VERTEX_POINT('',#10416);
#10416 = CARTESIAN_POINT('',(27.95,-32.22,5.35));
#10417 = SURFACE_CURVE('',#10418,(#10422,#10429),.PCURVE_S1.);
#10418 = LINE('',#10419,#10420);
#10419 = CARTESIAN_POINT('',(27.95,-32.22,5.35));
#10420 = VECTOR('',#10421,1.);
#10421 = DIRECTION('',(0.,0.,1.));
#10422 = PCURVE('',#3326,#10423);
#10423 = DEFINITIONAL_REPRESENTATION('',(#10424),#10428);
#10424 = LINE('',#10425,#10426);
#10425 = CARTESIAN_POINT('',(0.,17.8));
#10426 = VECTOR('',#10427,1.);
#10427 = DIRECTION('',(1.,0.));
#10428 = ( GEOMETRIC_REPRESENTATION_CONTEXT(2) 
PARAMETRIC_REPRESENTATION_CONTEXT() REPRESENTATION_CONTEXT('2D SPACE',''
  ) );
#10429 = PCURVE('',#3402,#10430);
#10430 = DEFINITIONAL_REPRESENTATION('',(#10431),#10435);
#10431 = LINE('',#10432,#10433);
#10432 = CARTESIAN_POINT('',(0.,0.));
#10433 = VECTOR('',#10434,1.);
#10434 = DIRECTION('',(1.,0.));
#10435 = ( GEOMETRIC_REPRESENTATION_CONTEXT(2) 
PARAMETRIC_REPRESENTATION_CONTEXT() REPRESENTATION_CONTEXT('2D SPACE',''
  ) );
#10436 = ORIENTED_EDGE('',*,*,#10437,.F.);
#10437 = EDGE_CURVE('',#10438,#10415,#10440,.T.);
#10438 = VERTEX_POINT('',#10439);
#10439 = CARTESIAN_POINT('',(10.15,-32.22,5.35));
#10440 = SURFACE_CURVE('',#10441,(#10445,#10452),.PCURVE_S1.);
#10441 = LINE('',#10442,#10443);
#10442 = CARTESIAN_POINT('',(10.15,-32.22,5.35));
#10443 = VECTOR('',#10444,1.);
#10444 = DIRECTION('',(1.,0.,0.));
#10445 = PCURVE('',#3326,#10446);
#10446 = DEFINITIONAL_REPRESENTATION('',(#10447),#10451);
#10447 = LINE('',#10448,#10449);
#10448 = CARTESIAN_POINT('',(0.,0.));
#10449 = VECTOR('',#10450,1.);
#10450 = DIRECTION('',(0.,1.));
#10451 = ( GEOMETRIC_REPRESENTATION_CONTEXT(2) 
PARAMETRIC_REPRESENTATION_CONTEXT() REPRESENTATION_CONTEXT('2D SPACE',''
  ) );
#10452 = PCURVE('',#10453,#10458);
#10453 = PLANE('',#10454);
#10454 = AXIS2_PLACEMENT_3D('',#10455,#10456,#10457);
#10455 = CARTESIAN_POINT('',(10.15,-32.22,5.35));
#10456 = DIRECTION('',(0.,0.,1.));
#10457 = DIRECTION('',(1.,0.,0.));
#10458 = DEFINITIONAL_REPRESENTATION('',(#10459),#10463);
#10459 = LINE('',#10460,#10461);
#10460 = CARTESIAN_POINT('',(0.,0.));
#10461 = VECTOR('',#10462,1.);
#10462 = DIRECTION('',(1.,0.));
#10463 = ( GEOMETRIC_REPRESENTATION_CONTEXT(2) 
PARAMETRIC_REPRESENTATION_CONTEXT() REPRESENTATION_CONTEXT('2D SPACE',''
  ) );
#10464 = ORIENTED_EDGE('',*,*,#10465,.T.);
#10465 = EDGE_CURVE('',#10438,#3312,#10466,.T.);
#10466 = SURFACE_CURVE('',#10467,(#10471,#10478),.PCURVE_S1.);
#10467 = LINE('',#10468,#10469);
#10468 = CARTESIAN_POINT('',(10.15,-32.22,5.35));
#10469 = VECTOR('',#10470,1.);
#10470 = DIRECTION('',(0.,0.,1.));
#10471 = PCURVE('',#3326,#10472);
#10472 = DEFINITIONAL_REPRESENTATION('',(#10473),#10477);
#10473 = LINE('',#10474,#10475);
#10474 = CARTESIAN_POINT('',(0.,0.));
#10475 = VECTOR('',#10476,1.);
#10476 = DIRECTION('',(1.,0.));
#10477 = ( GEOMETRIC_REPRESENTATION_CONTEXT(2) 
PARAMETRIC_REPRESENTATION_CONTEXT() REPRESENTATION_CONTEXT('2D SPACE',''
  ) );
#10478 = PCURVE('',#3352,#10479);
#10479 = DEFINITIONAL_REPRESENTATION('',(#10480),#10484);
#10480 = LINE('',#10481,#10482);
#10481 = CARTESIAN_POINT('',(0.,0.));
#10482 = VECTOR('',#10483,1.);
#10483 = DIRECTION('',(1.,0.));
#10484 = ( GEOMETRIC_REPRESENTATION_CONTEXT(2) 
PARAMETRIC_REPRESENTATION_CONTEXT() REPRESENTATION_CONTEXT('2D SPACE',''
  ) );
#10485 = ORIENTED_EDGE('',*,*,#3309,.F.);
#10486 = ADVANCED_FACE('',(#10487),#3402,.F.);
#10487 = FACE_BOUND('',#10488,.F.);
#10488 = EDGE_LOOP('',(#10489,#10490,#10513,#10534));
#10489 = ORIENTED_EDGE('',*,*,#10414,.F.);
#10490 = ORIENTED_EDGE('',*,*,#10491,.T.);
#10491 = EDGE_CURVE('',#10415,#10492,#10494,.T.);
#10492 = VERTEX_POINT('',#10493);
#10493 = CARTESIAN_POINT('',(27.95,-14.42,5.35));
#10494 = SURFACE_CURVE('',#10495,(#10499,#10506),.PCURVE_S1.);
#10495 = LINE('',#10496,#10497);
#10496 = CARTESIAN_POINT('',(27.95,-32.22,5.35));
#10497 = VECTOR('',#10498,1.);
#10498 = DIRECTION('',(0.,1.,0.));
#10499 = PCURVE('',#3402,#10500);
#10500 = DEFINITIONAL_REPRESENTATION('',(#10501),#10505);
#10501 = LINE('',#10502,#10503);
#10502 = CARTESIAN_POINT('',(0.,0.));
#10503 = VECTOR('',#10504,1.);
#10504 = DIRECTION('',(0.,-1.));
#10505 = ( GEOMETRIC_REPRESENTATION_CONTEXT(2) 
PARAMETRIC_REPRESENTATION_CONTEXT() REPRESENTATION_CONTEXT('2D SPACE',''
  ) );
#10506 = PCURVE('',#10453,#10507);
#10507 = DEFINITIONAL_REPRESENTATION('',(#10508),#10512);
#10508 = LINE('',#10509,#10510);
#10509 = CARTESIAN_POINT('',(17.8,0.));
#10510 = VECTOR('',#10511,1.);
#10511 = DIRECTION('',(0.,1.));
#10512 = ( GEOMETRIC_REPRESENTATION_CONTEXT(2) 
PARAMETRIC_REPRESENTATION_CONTEXT() REPRESENTATION_CONTEXT('2D SPACE',''
  ) );
#10513 = ORIENTED_EDGE('',*,*,#10514,.T.);
#10514 = EDGE_CURVE('',#10492,#3364,#10515,.T.);
#10515 = SURFACE_CURVE('',#10516,(#10520,#10527),.PCURVE_S1.);
#10516 = LINE('',#10517,#10518);
#10517 = CARTESIAN_POINT('',(27.95,-14.42,5.35));
#10518 = VECTOR('',#10519,1.);
#10519 = DIRECTION('',(0.,0.,1.));
#10520 = PCURVE('',#3402,#10521);
#10521 = DEFINITIONAL_REPRESENTATION('',(#10522),#10526);
#10522 = LINE('',#10523,#10524);
#10523 = CARTESIAN_POINT('',(0.,-17.8));
#10524 = VECTOR('',#10525,1.);
#10525 = DIRECTION('',(1.,0.));
#10526 = ( GEOMETRIC_REPRESENTATION_CONTEXT(2) 
PARAMETRIC_REPRESENTATION_CONTEXT() REPRESENTATION_CONTEXT('2D SPACE',''
  ) );
#10527 = PCURVE('',#3378,#10528);
#10528 = DEFINITIONAL_REPRESENTATION('',(#10529),#10533);
#10529 = LINE('',#10530,#10531);
#10530 = CARTESIAN_POINT('',(0.,17.8));
#10531 = VECTOR('',#10532,1.);
#10532 = DIRECTION('',(1.,0.));
#10533 = ( GEOMETRIC_REPRESENTATION_CONTEXT(2) 
PARAMETRIC_REPRESENTATION_CONTEXT() REPRESENTATION_CONTEXT('2D SPACE',''
  ) );
#10534 = ORIENTED_EDGE('',*,*,#3389,.F.);
#10535 = ADVANCED_FACE('',(#10536),#3352,.T.);
#10536 = FACE_BOUND('',#10537,.T.);
#10537 = EDGE_LOOP('',(#10538,#10539,#10562,#10583));
#10538 = ORIENTED_EDGE('',*,*,#10465,.F.);
#10539 = ORIENTED_EDGE('',*,*,#10540,.T.);
#10540 = EDGE_CURVE('',#10438,#10541,#10543,.T.);
#10541 = VERTEX_POINT('',#10542);
#10542 = CARTESIAN_POINT('',(10.15,-14.42,5.35));
#10543 = SURFACE_CURVE('',#10544,(#10548,#10555),.PCURVE_S1.);
#10544 = LINE('',#10545,#10546);
#10545 = CARTESIAN_POINT('',(10.15,-32.22,5.35));
#10546 = VECTOR('',#10547,1.);
#10547 = DIRECTION('',(0.,1.,0.));
#10548 = PCURVE('',#3352,#10549);
#10549 = DEFINITIONAL_REPRESENTATION('',(#10550),#10554);
#10550 = LINE('',#10551,#10552);
#10551 = CARTESIAN_POINT('',(0.,0.));
#10552 = VECTOR('',#10553,1.);
#10553 = DIRECTION('',(0.,-1.));
#10554 = ( GEOMETRIC_REPRESENTATION_CONTEXT(2) 
PARAMETRIC_REPRESENTATION_CONTEXT() REPRESENTATION_CONTEXT('2D SPACE',''
  ) );
#10555 = PCURVE('',#10453,#10556);
#10556 = DEFINITIONAL_REPRESENTATION('',(#10557),#10561);
#10557 = LINE('',#10558,#10559);
#10558 = CARTESIAN_POINT('',(0.,0.));
#10559 = VECTOR('',#10560,1.);
#10560 = DIRECTION('',(0.,1.));
#10561 = ( GEOMETRIC_REPRESENTATION_CONTEXT(2) 
PARAMETRIC_REPRESENTATION_CONTEXT() REPRESENTATION_CONTEXT('2D SPACE',''
  ) );
#10562 = ORIENTED_EDGE('',*,*,#10563,.T.);
#10563 = EDGE_CURVE('',#10541,#3338,#10564,.T.);
#10564 = SURFACE_CURVE('',#10565,(#10569,#10576),.PCURVE_S1.);
#10565 = LINE('',#10566,#10567);
#10566 = CARTESIAN_POINT('',(10.15,-14.42,5.35));
#10567 = VECTOR('',#10568,1.);
#10568 = DIRECTION('',(0.,0.,1.));
#10569 = PCURVE('',#3352,#10570);
#10570 = DEFINITIONAL_REPRESENTATION('',(#10571),#10575);
#10571 = LINE('',#10572,#10573);
#10572 = CARTESIAN_POINT('',(0.,-17.8));
#10573 = VECTOR('',#10574,1.);
#10574 = DIRECTION('',(1.,0.));
#10575 = ( GEOMETRIC_REPRESENTATION_CONTEXT(2) 
PARAMETRIC_REPRESENTATION_CONTEXT() REPRESENTATION_CONTEXT('2D SPACE',''
  ) );
#10576 = PCURVE('',#3378,#10577);
#10577 = DEFINITIONAL_REPRESENTATION('',(#10578),#10582);
#10578 = LINE('',#10579,#10580);
#10579 = CARTESIAN_POINT('',(0.,0.));
#10580 = VECTOR('',#10581,1.);
#10581 = DIRECTION('',(1.,0.));
#10582 = ( GEOMETRIC_REPRESENTATION_CONTEXT(2) 
PARAMETRIC_REPRESENTATION_CONTEXT() REPRESENTATION_CONTEXT('2D SPACE',''
  ) );
#10583 = ORIENTED_EDGE('',*,*,#3337,.F.);
#10584 = ADVANCED_FACE('',(#10585),#3378,.F.);
#10585 = FACE_BOUND('',#10586,.F.);
#10586 = EDGE_LOOP('',(#10587,#10588,#10609,#10610));
#10587 = ORIENTED_EDGE('',*,*,#10514,.F.);
#10588 = ORIENTED_EDGE('',*,*,#10589,.F.);
#10589 = EDGE_CURVE('',#10541,#10492,#10590,.T.);
#10590 = SURFACE_CURVE('',#10591,(#10595,#10602),.PCURVE_S1.);
#10591 = LINE('',#10592,#10593);
#10592 = CARTESIAN_POINT('',(10.15,-14.42,5.35));
#10593 = VECTOR('',#10594,1.);
#10594 = DIRECTION('',(1.,0.,0.));
#10595 = PCURVE('',#3378,#10596);
#10596 = DEFINITIONAL_REPRESENTATION('',(#10597),#10601);
#10597 = LINE('',#10598,#10599);
#10598 = CARTESIAN_POINT('',(0.,0.));
#10599 = VECTOR('',#10600,1.);
#10600 = DIRECTION('',(0.,1.));
#10601 = ( GEOMETRIC_REPRESENTATION_CONTEXT(2) 
PARAMETRIC_REPRESENTATION_CONTEXT() REPRESENTATION_CONTEXT('2D SPACE',''
  ) );
#10602 = PCURVE('',#10453,#10603);
#10603 = DEFINITIONAL_REPRESENTATION('',(#10604),#10608);
#10604 = LINE('',#10605,#10606);
#10605 = CARTESIAN_POINT('',(0.,17.8));
#10606 = VECTOR('',#10607,1.);
#10607 = DIRECTION('',(1.,0.));
#10608 = ( GEOMETRIC_REPRESENTATION_CONTEXT(2) 
PARAMETRIC_REPRESENTATION_CONTEXT() REPRESENTATION_CONTEXT('2D SPACE',''
  ) );
#10609 = ORIENTED_EDGE('',*,*,#10563,.T.);
#10610 = ORIENTED_EDGE('',*,*,#3363,.F.);
#10611 = ADVANCED_FACE('',(#10612),#3436,.F.);
#10612 = FACE_BOUND('',#10613,.T.);
#10613 = EDGE_LOOP('',(#10614,#10643,#10664,#10665));
#10614 = ORIENTED_EDGE('',*,*,#10615,.F.);
#10615 = EDGE_CURVE('',#10616,#10616,#10618,.T.);
#10616 = VERTEX_POINT('',#10617);
#10617 = CARTESIAN_POINT('',(39.575,-41.16,5.35));
#10618 = SURFACE_CURVE('',#10619,(#10624,#10631),.PCURVE_S1.);
#10619 = CIRCLE('',#10620,3.6);
#10620 = AXIS2_PLACEMENT_3D('',#10621,#10622,#10623);
#10621 = CARTESIAN_POINT('',(35.975,-41.16,5.35));
#10622 = DIRECTION('',(0.,0.,1.));
#10623 = DIRECTION('',(1.,0.,0.));
#10624 = PCURVE('',#3436,#10625);
#10625 = DEFINITIONAL_REPRESENTATION('',(#10626),#10630);
#10626 = LINE('',#10627,#10628);
#10627 = CARTESIAN_POINT('',(-0.,0.));
#10628 = VECTOR('',#10629,1.);
#10629 = DIRECTION('',(-1.,0.));
#10630 = ( GEOMETRIC_REPRESENTATION_CONTEXT(2) 
PARAMETRIC_REPRESENTATION_CONTEXT() REPRESENTATION_CONTEXT('2D SPACE',''
  ) );
#10631 = PCURVE('',#10632,#10637);
#10632 = PLANE('',#10633);
#10633 = AXIS2_PLACEMENT_3D('',#10634,#10635,#10636);
#10634 = CARTESIAN_POINT('',(35.975,-41.16,5.35));
#10635 = DIRECTION('',(0.,0.,1.));
#10636 = DIRECTION('',(1.,0.,-0.));
#10637 = DEFINITIONAL_REPRESENTATION('',(#10638),#10642);
#10638 = CIRCLE('',#10639,3.6);
#10639 = AXIS2_PLACEMENT_2D('',#10640,#10641);
#10640 = CARTESIAN_POINT('',(0.,0.));
#10641 = DIRECTION('',(1.,0.));
#10642 = ( GEOMETRIC_REPRESENTATION_CONTEXT(2) 
PARAMETRIC_REPRESENTATION_CONTEXT() REPRESENTATION_CONTEXT('2D SPACE',''
  ) );
#10643 = ORIENTED_EDGE('',*,*,#10644,.T.);
#10644 = EDGE_CURVE('',#10616,#3416,#10645,.T.);
#10645 = SEAM_CURVE('',#10646,(#10650,#10657),.PCURVE_S1.);
#10646 = LINE('',#10647,#10648);
#10647 = CARTESIAN_POINT('',(39.575,-41.16,5.35));
#10648 = VECTOR('',#10649,1.);
#10649 = DIRECTION('',(0.,0.,1.));
#10650 = PCURVE('',#3436,#10651);
#10651 = DEFINITIONAL_REPRESENTATION('',(#10652),#10656);
#10652 = LINE('',#10653,#10654);
#10653 = CARTESIAN_POINT('',(-6.28318530718,0.));
#10654 = VECTOR('',#10655,1.);
#10655 = DIRECTION('',(-0.,-1.));
#10656 = ( GEOMETRIC_REPRESENTATION_CONTEXT(2) 
PARAMETRIC_REPRESENTATION_CONTEXT() REPRESENTATION_CONTEXT('2D SPACE',''
  ) );
#10657 = PCURVE('',#3436,#10658);
#10658 = DEFINITIONAL_REPRESENTATION('',(#10659),#10663);
#10659 = LINE('',#10660,#10661);
#10660 = CARTESIAN_POINT('',(-0.,0.));
#10661 = VECTOR('',#10662,1.);
#10662 = DIRECTION('',(-0.,-1.));
#10663 = ( GEOMETRIC_REPRESENTATION_CONTEXT(2) 
PARAMETRIC_REPRESENTATION_CONTEXT() REPRESENTATION_CONTEXT('2D SPACE',''
  ) );
#10664 = ORIENTED_EDGE('',*,*,#3415,.F.);
#10665 = ORIENTED_EDGE('',*,*,#10644,.F.);
#10666 = ADVANCED_FACE('',(#10667),#3467,.T.);
#10667 = FACE_BOUND('',#10668,.T.);
#10668 = EDGE_LOOP('',(#10669,#10692,#10720,#10741));
#10669 = ORIENTED_EDGE('',*,*,#10670,.F.);
#10670 = EDGE_CURVE('',#10671,#3451,#10673,.T.);
#10671 = VERTEX_POINT('',#10672);
#10672 = CARTESIAN_POINT('',(8.9,-13.17,5.35));
#10673 = SURFACE_CURVE('',#10674,(#10678,#10685),.PCURVE_S1.);
#10674 = LINE('',#10675,#10676);
#10675 = CARTESIAN_POINT('',(8.9,-13.17,5.35));
#10676 = VECTOR('',#10677,1.);
#10677 = DIRECTION('',(0.,0.,1.));
#10678 = PCURVE('',#3467,#10679);
#10679 = DEFINITIONAL_REPRESENTATION('',(#10680),#10684);
#10680 = LINE('',#10681,#10682);
#10681 = CARTESIAN_POINT('',(0.,17.8));
#10682 = VECTOR('',#10683,1.);
#10683 = DIRECTION('',(1.,0.));
#10684 = ( GEOMETRIC_REPRESENTATION_CONTEXT(2) 
PARAMETRIC_REPRESENTATION_CONTEXT() REPRESENTATION_CONTEXT('2D SPACE',''
  ) );
#10685 = PCURVE('',#3543,#10686);
#10686 = DEFINITIONAL_REPRESENTATION('',(#10687),#10691);
#10687 = LINE('',#10688,#10689);
#10688 = CARTESIAN_POINT('',(0.,0.));
#10689 = VECTOR('',#10690,1.);
#10690 = DIRECTION('',(1.,0.));
#10691 = ( GEOMETRIC_REPRESENTATION_CONTEXT(2) 
PARAMETRIC_REPRESENTATION_CONTEXT() REPRESENTATION_CONTEXT('2D SPACE',''
  ) );
#10692 = ORIENTED_EDGE('',*,*,#10693,.F.);
#10693 = EDGE_CURVE('',#10694,#10671,#10696,.T.);
#10694 = VERTEX_POINT('',#10695);
#10695 = CARTESIAN_POINT('',(-8.9,-13.17,5.35));
#10696 = SURFACE_CURVE('',#10697,(#10701,#10708),.PCURVE_S1.);
#10697 = LINE('',#10698,#10699);
#10698 = CARTESIAN_POINT('',(-8.9,-13.17,5.35));
#10699 = VECTOR('',#10700,1.);
#10700 = DIRECTION('',(1.,0.,0.));
#10701 = PCURVE('',#3467,#10702);
#10702 = DEFINITIONAL_REPRESENTATION('',(#10703),#10707);
#10703 = LINE('',#10704,#10705);
#10704 = CARTESIAN_POINT('',(0.,0.));
#10705 = VECTOR('',#10706,1.);
#10706 = DIRECTION('',(0.,1.));
#10707 = ( GEOMETRIC_REPRESENTATION_CONTEXT(2) 
PARAMETRIC_REPRESENTATION_CONTEXT() REPRESENTATION_CONTEXT('2D SPACE',''
  ) );
#10708 = PCURVE('',#10709,#10714);
#10709 = PLANE('',#10710);
#10710 = AXIS2_PLACEMENT_3D('',#10711,#10712,#10713);
#10711 = CARTESIAN_POINT('',(-8.9,-13.17,5.35));
#10712 = DIRECTION('',(0.,0.,1.));
#10713 = DIRECTION('',(1.,0.,0.));
#10714 = DEFINITIONAL_REPRESENTATION('',(#10715),#10719);
#10715 = LINE('',#10716,#10717);
#10716 = CARTESIAN_POINT('',(0.,0.));
#10717 = VECTOR('',#10718,1.);
#10718 = DIRECTION('',(1.,0.));
#10719 = ( GEOMETRIC_REPRESENTATION_CONTEXT(2) 
PARAMETRIC_REPRESENTATION_CONTEXT() REPRESENTATION_CONTEXT('2D SPACE',''
  ) );
#10720 = ORIENTED_EDGE('',*,*,#10721,.T.);
#10721 = EDGE_CURVE('',#10694,#3453,#10722,.T.);
#10722 = SURFACE_CURVE('',#10723,(#10727,#10734),.PCURVE_S1.);
#10723 = LINE('',#10724,#10725);
#10724 = CARTESIAN_POINT('',(-8.9,-13.17,5.35));
#10725 = VECTOR('',#10726,1.);
#10726 = DIRECTION('',(0.,0.,1.));
#10727 = PCURVE('',#3467,#10728);
#10728 = DEFINITIONAL_REPRESENTATION('',(#10729),#10733);
#10729 = LINE('',#10730,#10731);
#10730 = CARTESIAN_POINT('',(0.,0.));
#10731 = VECTOR('',#10732,1.);
#10732 = DIRECTION('',(1.,0.));
#10733 = ( GEOMETRIC_REPRESENTATION_CONTEXT(2) 
PARAMETRIC_REPRESENTATION_CONTEXT() REPRESENTATION_CONTEXT('2D SPACE',''
  ) );
#10734 = PCURVE('',#3493,#10735);
#10735 = DEFINITIONAL_REPRESENTATION('',(#10736),#10740);
#10736 = LINE('',#10737,#10738);
#10737 = CARTESIAN_POINT('',(0.,0.));
#10738 = VECTOR('',#10739,1.);
#10739 = DIRECTION('',(1.,0.));
#10740 = ( GEOMETRIC_REPRESENTATION_CONTEXT(2) 
PARAMETRIC_REPRESENTATION_CONTEXT() REPRESENTATION_CONTEXT('2D SPACE',''
  ) );
#10741 = ORIENTED_EDGE('',*,*,#3450,.F.);
#10742 = ADVANCED_FACE('',(#10743),#3543,.F.);
#10743 = FACE_BOUND('',#10744,.F.);
#10744 = EDGE_LOOP('',(#10745,#10746,#10769,#10790));
#10745 = ORIENTED_EDGE('',*,*,#10670,.F.);
#10746 = ORIENTED_EDGE('',*,*,#10747,.T.);
#10747 = EDGE_CURVE('',#10671,#10748,#10750,.T.);
#10748 = VERTEX_POINT('',#10749);
#10749 = CARTESIAN_POINT('',(8.9,4.63,5.35));
#10750 = SURFACE_CURVE('',#10751,(#10755,#10762),.PCURVE_S1.);
#10751 = LINE('',#10752,#10753);
#10752 = CARTESIAN_POINT('',(8.9,-13.17,5.35));
#10753 = VECTOR('',#10754,1.);
#10754 = DIRECTION('',(0.,1.,0.));
#10755 = PCURVE('',#3543,#10756);
#10756 = DEFINITIONAL_REPRESENTATION('',(#10757),#10761);
#10757 = LINE('',#10758,#10759);
#10758 = CARTESIAN_POINT('',(0.,0.));
#10759 = VECTOR('',#10760,1.);
#10760 = DIRECTION('',(0.,-1.));
#10761 = ( GEOMETRIC_REPRESENTATION_CONTEXT(2) 
PARAMETRIC_REPRESENTATION_CONTEXT() REPRESENTATION_CONTEXT('2D SPACE',''
  ) );
#10762 = PCURVE('',#10709,#10763);
#10763 = DEFINITIONAL_REPRESENTATION('',(#10764),#10768);
#10764 = LINE('',#10765,#10766);
#10765 = CARTESIAN_POINT('',(17.8,0.));
#10766 = VECTOR('',#10767,1.);
#10767 = DIRECTION('',(0.,1.));
#10768 = ( GEOMETRIC_REPRESENTATION_CONTEXT(2) 
PARAMETRIC_REPRESENTATION_CONTEXT() REPRESENTATION_CONTEXT('2D SPACE',''
  ) );
#10769 = ORIENTED_EDGE('',*,*,#10770,.T.);
#10770 = EDGE_CURVE('',#10748,#3505,#10771,.T.);
#10771 = SURFACE_CURVE('',#10772,(#10776,#10783),.PCURVE_S1.);
#10772 = LINE('',#10773,#10774);
#10773 = CARTESIAN_POINT('',(8.9,4.63,5.35));
#10774 = VECTOR('',#10775,1.);
#10775 = DIRECTION('',(0.,0.,1.));
#10776 = PCURVE('',#3543,#10777);
#10777 = DEFINITIONAL_REPRESENTATION('',(#10778),#10782);
#10778 = LINE('',#10779,#10780);
#10779 = CARTESIAN_POINT('',(0.,-17.8));
#10780 = VECTOR('',#10781,1.);
#10781 = DIRECTION('',(1.,0.));
#10782 = ( GEOMETRIC_REPRESENTATION_CONTEXT(2) 
PARAMETRIC_REPRESENTATION_CONTEXT() REPRESENTATION_CONTEXT('2D SPACE',''
  ) );
#10783 = PCURVE('',#3519,#10784);
#10784 = DEFINITIONAL_REPRESENTATION('',(#10785),#10789);
#10785 = LINE('',#10786,#10787);
#10786 = CARTESIAN_POINT('',(0.,17.8));
#10787 = VECTOR('',#10788,1.);
#10788 = DIRECTION('',(1.,0.));
#10789 = ( GEOMETRIC_REPRESENTATION_CONTEXT(2) 
PARAMETRIC_REPRESENTATION_CONTEXT() REPRESENTATION_CONTEXT('2D SPACE',''
  ) );
#10790 = ORIENTED_EDGE('',*,*,#3530,.F.);
#10791 = ADVANCED_FACE('',(#10792),#3493,.T.);
#10792 = FACE_BOUND('',#10793,.T.);
#10793 = EDGE_LOOP('',(#10794,#10795,#10818,#10839));
#10794 = ORIENTED_EDGE('',*,*,#10721,.F.);
#10795 = ORIENTED_EDGE('',*,*,#10796,.T.);
#10796 = EDGE_CURVE('',#10694,#10797,#10799,.T.);
#10797 = VERTEX_POINT('',#10798);
#10798 = CARTESIAN_POINT('',(-8.9,4.63,5.35));
#10799 = SURFACE_CURVE('',#10800,(#10804,#10811),.PCURVE_S1.);
#10800 = LINE('',#10801,#10802);
#10801 = CARTESIAN_POINT('',(-8.9,-13.17,5.35));
#10802 = VECTOR('',#10803,1.);
#10803 = DIRECTION('',(0.,1.,0.));
#10804 = PCURVE('',#3493,#10805);
#10805 = DEFINITIONAL_REPRESENTATION('',(#10806),#10810);
#10806 = LINE('',#10807,#10808);
#10807 = CARTESIAN_POINT('',(0.,0.));
#10808 = VECTOR('',#10809,1.);
#10809 = DIRECTION('',(0.,-1.));
#10810 = ( GEOMETRIC_REPRESENTATION_CONTEXT(2) 
PARAMETRIC_REPRESENTATION_CONTEXT() REPRESENTATION_CONTEXT('2D SPACE',''
  ) );
#10811 = PCURVE('',#10709,#10812);
#10812 = DEFINITIONAL_REPRESENTATION('',(#10813),#10817);
#10813 = LINE('',#10814,#10815);
#10814 = CARTESIAN_POINT('',(0.,0.));
#10815 = VECTOR('',#10816,1.);
#10816 = DIRECTION('',(0.,1.));
#10817 = ( GEOMETRIC_REPRESENTATION_CONTEXT(2) 
PARAMETRIC_REPRESENTATION_CONTEXT() REPRESENTATION_CONTEXT('2D SPACE',''
  ) );
#10818 = ORIENTED_EDGE('',*,*,#10819,.T.);
#10819 = EDGE_CURVE('',#10797,#3479,#10820,.T.);
#10820 = SURFACE_CURVE('',#10821,(#10825,#10832),.PCURVE_S1.);
#10821 = LINE('',#10822,#10823);
#10822 = CARTESIAN_POINT('',(-8.9,4.63,5.35));
#10823 = VECTOR('',#10824,1.);
#10824 = DIRECTION('',(0.,0.,1.));
#10825 = PCURVE('',#3493,#10826);
#10826 = DEFINITIONAL_REPRESENTATION('',(#10827),#10831);
#10827 = LINE('',#10828,#10829);
#10828 = CARTESIAN_POINT('',(0.,-17.8));
#10829 = VECTOR('',#10830,1.);
#10830 = DIRECTION('',(1.,0.));
#10831 = ( GEOMETRIC_REPRESENTATION_CONTEXT(2) 
PARAMETRIC_REPRESENTATION_CONTEXT() REPRESENTATION_CONTEXT('2D SPACE',''
  ) );
#10832 = PCURVE('',#3519,#10833);
#10833 = DEFINITIONAL_REPRESENTATION('',(#10834),#10838);
#10834 = LINE('',#10835,#10836);
#10835 = CARTESIAN_POINT('',(0.,0.));
#10836 = VECTOR('',#10837,1.);
#10837 = DIRECTION('',(1.,0.));
#10838 = ( GEOMETRIC_REPRESENTATION_CONTEXT(2) 
PARAMETRIC_REPRESENTATION_CONTEXT() REPRESENTATION_CONTEXT('2D SPACE',''
  ) );
#10839 = ORIENTED_EDGE('',*,*,#3478,.F.);
#10840 = ADVANCED_FACE('',(#10841),#3519,.F.);
#10841 = FACE_BOUND('',#10842,.F.);
#10842 = EDGE_LOOP('',(#10843,#10844,#10865,#10866));
#10843 = ORIENTED_EDGE('',*,*,#10770,.F.);
#10844 = ORIENTED_EDGE('',*,*,#10845,.F.);
#10845 = EDGE_CURVE('',#10797,#10748,#10846,.T.);
#10846 = SURFACE_CURVE('',#10847,(#10851,#10858),.PCURVE_S1.);
#10847 = LINE('',#10848,#10849);
#10848 = CARTESIAN_POINT('',(-8.9,4.63,5.35));
#10849 = VECTOR('',#10850,1.);
#10850 = DIRECTION('',(1.,0.,0.));
#10851 = PCURVE('',#3519,#10852);
#10852 = DEFINITIONAL_REPRESENTATION('',(#10853),#10857);
#10853 = LINE('',#10854,#10855);
#10854 = CARTESIAN_POINT('',(0.,0.));
#10855 = VECTOR('',#10856,1.);
#10856 = DIRECTION('',(0.,1.));
#10857 = ( GEOMETRIC_REPRESENTATION_CONTEXT(2) 
PARAMETRIC_REPRESENTATION_CONTEXT() REPRESENTATION_CONTEXT('2D SPACE',''
  ) );
#10858 = PCURVE('',#10709,#10859);
#10859 = DEFINITIONAL_REPRESENTATION('',(#10860),#10864);
#10860 = LINE('',#10861,#10862);
#10861 = CARTESIAN_POINT('',(0.,17.8));
#10862 = VECTOR('',#10863,1.);
#10863 = DIRECTION('',(1.,0.));
#10864 = ( GEOMETRIC_REPRESENTATION_CONTEXT(2) 
PARAMETRIC_REPRESENTATION_CONTEXT() REPRESENTATION_CONTEXT('2D SPACE',''
  ) );
#10865 = ORIENTED_EDGE('',*,*,#10819,.T.);
#10866 = ORIENTED_EDGE('',*,*,#3504,.F.);
#10867 = ADVANCED_FACE('',(#10868),#3573,.T.);
#10868 = FACE_BOUND('',#10869,.T.);
#10869 = EDGE_LOOP('',(#10870,#10893,#10921,#10942));
#10870 = ORIENTED_EDGE('',*,*,#10871,.F.);
#10871 = EDGE_CURVE('',#10872,#3557,#10874,.T.);
#10872 = VERTEX_POINT('',#10873);
#10873 = CARTESIAN_POINT('',(27.95,-13.17,5.35));
#10874 = SURFACE_CURVE('',#10875,(#10879,#10886),.PCURVE_S1.);
#10875 = LINE('',#10876,#10877);
#10876 = CARTESIAN_POINT('',(27.95,-13.17,5.35));
#10877 = VECTOR('',#10878,1.);
#10878 = DIRECTION('',(0.,0.,1.));
#10879 = PCURVE('',#3573,#10880);
#10880 = DEFINITIONAL_REPRESENTATION('',(#10881),#10885);
#10881 = LINE('',#10882,#10883);
#10882 = CARTESIAN_POINT('',(0.,17.8));
#10883 = VECTOR('',#10884,1.);
#10884 = DIRECTION('',(1.,0.));
#10885 = ( GEOMETRIC_REPRESENTATION_CONTEXT(2) 
PARAMETRIC_REPRESENTATION_CONTEXT() REPRESENTATION_CONTEXT('2D SPACE',''
  ) );
#10886 = PCURVE('',#3649,#10887);
#10887 = DEFINITIONAL_REPRESENTATION('',(#10888),#10892);
#10888 = LINE('',#10889,#10890);
#10889 = CARTESIAN_POINT('',(0.,0.));
#10890 = VECTOR('',#10891,1.);
#10891 = DIRECTION('',(1.,0.));
#10892 = ( GEOMETRIC_REPRESENTATION_CONTEXT(2) 
PARAMETRIC_REPRESENTATION_CONTEXT() REPRESENTATION_CONTEXT('2D SPACE',''
  ) );
#10893 = ORIENTED_EDGE('',*,*,#10894,.F.);
#10894 = EDGE_CURVE('',#10895,#10872,#10897,.T.);
#10895 = VERTEX_POINT('',#10896);
#10896 = CARTESIAN_POINT('',(10.15,-13.17,5.35));
#10897 = SURFACE_CURVE('',#10898,(#10902,#10909),.PCURVE_S1.);
#10898 = LINE('',#10899,#10900);
#10899 = CARTESIAN_POINT('',(10.15,-13.17,5.35));
#10900 = VECTOR('',#10901,1.);
#10901 = DIRECTION('',(1.,0.,0.));
#10902 = PCURVE('',#3573,#10903);
#10903 = DEFINITIONAL_REPRESENTATION('',(#10904),#10908);
#10904 = LINE('',#10905,#10906);
#10905 = CARTESIAN_POINT('',(0.,0.));
#10906 = VECTOR('',#10907,1.);
#10907 = DIRECTION('',(0.,1.));
#10908 = ( GEOMETRIC_REPRESENTATION_CONTEXT(2) 
PARAMETRIC_REPRESENTATION_CONTEXT() REPRESENTATION_CONTEXT('2D SPACE',''
  ) );
#10909 = PCURVE('',#10910,#10915);
#10910 = PLANE('',#10911);
#10911 = AXIS2_PLACEMENT_3D('',#10912,#10913,#10914);
#10912 = CARTESIAN_POINT('',(10.15,-13.17,5.35));
#10913 = DIRECTION('',(0.,0.,1.));
#10914 = DIRECTION('',(1.,0.,0.));
#10915 = DEFINITIONAL_REPRESENTATION('',(#10916),#10920);
#10916 = LINE('',#10917,#10918);
#10917 = CARTESIAN_POINT('',(0.,0.));
#10918 = VECTOR('',#10919,1.);
#10919 = DIRECTION('',(1.,0.));
#10920 = ( GEOMETRIC_REPRESENTATION_CONTEXT(2) 
PARAMETRIC_REPRESENTATION_CONTEXT() REPRESENTATION_CONTEXT('2D SPACE',''
  ) );
#10921 = ORIENTED_EDGE('',*,*,#10922,.T.);
#10922 = EDGE_CURVE('',#10895,#3559,#10923,.T.);
#10923 = SURFACE_CURVE('',#10924,(#10928,#10935),.PCURVE_S1.);
#10924 = LINE('',#10925,#10926);
#10925 = CARTESIAN_POINT('',(10.15,-13.17,5.35));
#10926 = VECTOR('',#10927,1.);
#10927 = DIRECTION('',(0.,0.,1.));
#10928 = PCURVE('',#3573,#10929);
#10929 = DEFINITIONAL_REPRESENTATION('',(#10930),#10934);
#10930 = LINE('',#10931,#10932);
#10931 = CARTESIAN_POINT('',(0.,0.));
#10932 = VECTOR('',#10933,1.);
#10933 = DIRECTION('',(1.,0.));
#10934 = ( GEOMETRIC_REPRESENTATION_CONTEXT(2) 
PARAMETRIC_REPRESENTATION_CONTEXT() REPRESENTATION_CONTEXT('2D SPACE',''
  ) );
#10935 = PCURVE('',#3599,#10936);
#10936 = DEFINITIONAL_REPRESENTATION('',(#10937),#10941);
#10937 = LINE('',#10938,#10939);
#10938 = CARTESIAN_POINT('',(0.,0.));
#10939 = VECTOR('',#10940,1.);
#10940 = DIRECTION('',(1.,0.));
#10941 = ( GEOMETRIC_REPRESENTATION_CONTEXT(2) 
PARAMETRIC_REPRESENTATION_CONTEXT() REPRESENTATION_CONTEXT('2D SPACE',''
  ) );
#10942 = ORIENTED_EDGE('',*,*,#3556,.F.);
#10943 = ADVANCED_FACE('',(#10944),#3649,.F.);
#10944 = FACE_BOUND('',#10945,.F.);
#10945 = EDGE_LOOP('',(#10946,#10947,#10970,#10991));
#10946 = ORIENTED_EDGE('',*,*,#10871,.F.);
#10947 = ORIENTED_EDGE('',*,*,#10948,.T.);
#10948 = EDGE_CURVE('',#10872,#10949,#10951,.T.);
#10949 = VERTEX_POINT('',#10950);
#10950 = CARTESIAN_POINT('',(27.95,4.63,5.35));
#10951 = SURFACE_CURVE('',#10952,(#10956,#10963),.PCURVE_S1.);
#10952 = LINE('',#10953,#10954);
#10953 = CARTESIAN_POINT('',(27.95,-13.17,5.35));
#10954 = VECTOR('',#10955,1.);
#10955 = DIRECTION('',(0.,1.,0.));
#10956 = PCURVE('',#3649,#10957);
#10957 = DEFINITIONAL_REPRESENTATION('',(#10958),#10962);
#10958 = LINE('',#10959,#10960);
#10959 = CARTESIAN_POINT('',(0.,0.));
#10960 = VECTOR('',#10961,1.);
#10961 = DIRECTION('',(0.,-1.));
#10962 = ( GEOMETRIC_REPRESENTATION_CONTEXT(2) 
PARAMETRIC_REPRESENTATION_CONTEXT() REPRESENTATION_CONTEXT('2D SPACE',''
  ) );
#10963 = PCURVE('',#10910,#10964);
#10964 = DEFINITIONAL_REPRESENTATION('',(#10965),#10969);
#10965 = LINE('',#10966,#10967);
#10966 = CARTESIAN_POINT('',(17.8,0.));
#10967 = VECTOR('',#10968,1.);
#10968 = DIRECTION('',(0.,1.));
#10969 = ( GEOMETRIC_REPRESENTATION_CONTEXT(2) 
PARAMETRIC_REPRESENTATION_CONTEXT() REPRESENTATION_CONTEXT('2D SPACE',''
  ) );
#10970 = ORIENTED_EDGE('',*,*,#10971,.T.);
#10971 = EDGE_CURVE('',#10949,#3611,#10972,.T.);
#10972 = SURFACE_CURVE('',#10973,(#10977,#10984),.PCURVE_S1.);
#10973 = LINE('',#10974,#10975);
#10974 = CARTESIAN_POINT('',(27.95,4.63,5.35));
#10975 = VECTOR('',#10976,1.);
#10976 = DIRECTION('',(0.,0.,1.));
#10977 = PCURVE('',#3649,#10978);
#10978 = DEFINITIONAL_REPRESENTATION('',(#10979),#10983);
#10979 = LINE('',#10980,#10981);
#10980 = CARTESIAN_POINT('',(0.,-17.8));
#10981 = VECTOR('',#10982,1.);
#10982 = DIRECTION('',(1.,0.));
#10983 = ( GEOMETRIC_REPRESENTATION_CONTEXT(2) 
PARAMETRIC_REPRESENTATION_CONTEXT() REPRESENTATION_CONTEXT('2D SPACE',''
  ) );
#10984 = PCURVE('',#3625,#10985);
#10985 = DEFINITIONAL_REPRESENTATION('',(#10986),#10990);
#10986 = LINE('',#10987,#10988);
#10987 = CARTESIAN_POINT('',(0.,17.8));
#10988 = VECTOR('',#10989,1.);
#10989 = DIRECTION('',(1.,0.));
#10990 = ( GEOMETRIC_REPRESENTATION_CONTEXT(2) 
PARAMETRIC_REPRESENTATION_CONTEXT() REPRESENTATION_CONTEXT('2D SPACE',''
  ) );
#10991 = ORIENTED_EDGE('',*,*,#3636,.F.);
#10992 = ADVANCED_FACE('',(#10993),#3599,.T.);
#10993 = FACE_BOUND('',#10994,.T.);
#10994 = EDGE_LOOP('',(#10995,#10996,#11019,#11040));
#10995 = ORIENTED_EDGE('',*,*,#10922,.F.);
#10996 = ORIENTED_EDGE('',*,*,#10997,.T.);
#10997 = EDGE_CURVE('',#10895,#10998,#11000,.T.);
#10998 = VERTEX_POINT('',#10999);
#10999 = CARTESIAN_POINT('',(10.15,4.63,5.35));
#11000 = SURFACE_CURVE('',#11001,(#11005,#11012),.PCURVE_S1.);
#11001 = LINE('',#11002,#11003);
#11002 = CARTESIAN_POINT('',(10.15,-13.17,5.35));
#11003 = VECTOR('',#11004,1.);
#11004 = DIRECTION('',(0.,1.,0.));
#11005 = PCURVE('',#3599,#11006);
#11006 = DEFINITIONAL_REPRESENTATION('',(#11007),#11011);
#11007 = LINE('',#11008,#11009);
#11008 = CARTESIAN_POINT('',(0.,0.));
#11009 = VECTOR('',#11010,1.);
#11010 = DIRECTION('',(0.,-1.));
#11011 = ( GEOMETRIC_REPRESENTATION_CONTEXT(2) 
PARAMETRIC_REPRESENTATION_CONTEXT() REPRESENTATION_CONTEXT('2D SPACE',''
  ) );
#11012 = PCURVE('',#10910,#11013);
#11013 = DEFINITIONAL_REPRESENTATION('',(#11014),#11018);
#11014 = LINE('',#11015,#11016);
#11015 = CARTESIAN_POINT('',(0.,0.));
#11016 = VECTOR('',#11017,1.);
#11017 = DIRECTION('',(0.,1.));
#11018 = ( GEOMETRIC_REPRESENTATION_CONTEXT(2) 
PARAMETRIC_REPRESENTATION_CONTEXT() REPRESENTATION_CONTEXT('2D SPACE',''
  ) );
#11019 = ORIENTED_EDGE('',*,*,#11020,.T.);
#11020 = EDGE_CURVE('',#10998,#3585,#11021,.T.);
#11021 = SURFACE_CURVE('',#11022,(#11026,#11033),.PCURVE_S1.);
#11022 = LINE('',#11023,#11024);
#11023 = CARTESIAN_POINT('',(10.15,4.63,5.35));
#11024 = VECTOR('',#11025,1.);
#11025 = DIRECTION('',(0.,0.,1.));
#11026 = PCURVE('',#3599,#11027);
#11027 = DEFINITIONAL_REPRESENTATION('',(#11028),#11032);
#11028 = LINE('',#11029,#11030);
#11029 = CARTESIAN_POINT('',(0.,-17.8));
#11030 = VECTOR('',#11031,1.);
#11031 = DIRECTION('',(1.,0.));
#11032 = ( GEOMETRIC_REPRESENTATION_CONTEXT(2) 
PARAMETRIC_REPRESENTATION_CONTEXT() REPRESENTATION_CONTEXT('2D SPACE',''
  ) );
#11033 = PCURVE('',#3625,#11034);
#11034 = DEFINITIONAL_REPRESENTATION('',(#11035),#11039);
#11035 = LINE('',#11036,#11037);
#11036 = CARTESIAN_POINT('',(0.,0.));
#11037 = VECTOR('',#11038,1.);
#11038 = DIRECTION('',(1.,0.));
#11039 = ( GEOMETRIC_REPRESENTATION_CONTEXT(2) 
PARAMETRIC_REPRESENTATION_CONTEXT() REPRESENTATION_CONTEXT('2D SPACE',''
  ) );
#11040 = ORIENTED_EDGE('',*,*,#3584,.F.);
#11041 = ADVANCED_FACE('',(#11042),#3625,.F.);
#11042 = FACE_BOUND('',#11043,.F.);
#11043 = EDGE_LOOP('',(#11044,#11045,#11066,#11067));
#11044 = ORIENTED_EDGE('',*,*,#10971,.F.);
#11045 = ORIENTED_EDGE('',*,*,#11046,.F.);
#11046 = EDGE_CURVE('',#10998,#10949,#11047,.T.);
#11047 = SURFACE_CURVE('',#11048,(#11052,#11059),.PCURVE_S1.);
#11048 = LINE('',#11049,#11050);
#11049 = CARTESIAN_POINT('',(10.15,4.63,5.35));
#11050 = VECTOR('',#11051,1.);
#11051 = DIRECTION('',(1.,0.,0.));
#11052 = PCURVE('',#3625,#11053);
#11053 = DEFINITIONAL_REPRESENTATION('',(#11054),#11058);
#11054 = LINE('',#11055,#11056);
#11055 = CARTESIAN_POINT('',(0.,0.));
#11056 = VECTOR('',#11057,1.);
#11057 = DIRECTION('',(0.,1.));
#11058 = ( GEOMETRIC_REPRESENTATION_CONTEXT(2) 
PARAMETRIC_REPRESENTATION_CONTEXT() REPRESENTATION_CONTEXT('2D SPACE',''
  ) );
#11059 = PCURVE('',#10910,#11060);
#11060 = DEFINITIONAL_REPRESENTATION('',(#11061),#11065);
#11061 = LINE('',#11062,#11063);
#11062 = CARTESIAN_POINT('',(0.,17.8));
#11063 = VECTOR('',#11064,1.);
#11064 = DIRECTION('',(1.,0.));
#11065 = ( GEOMETRIC_REPRESENTATION_CONTEXT(2) 
PARAMETRIC_REPRESENTATION_CONTEXT() REPRESENTATION_CONTEXT('2D SPACE',''
  ) );
#11066 = ORIENTED_EDGE('',*,*,#11020,.T.);
#11067 = ORIENTED_EDGE('',*,*,#3610,.F.);
#11068 = ADVANCED_FACE('',(#11069),#3679,.T.);
#11069 = FACE_BOUND('',#11070,.T.);
#11070 = EDGE_LOOP('',(#11071,#11094,#11122,#11143));
#11071 = ORIENTED_EDGE('',*,*,#11072,.F.);
#11072 = EDGE_CURVE('',#11073,#3663,#11075,.T.);
#11073 = VERTEX_POINT('',#11074);
#11074 = CARTESIAN_POINT('',(-10.15,5.88,5.35));
#11075 = SURFACE_CURVE('',#11076,(#11080,#11087),.PCURVE_S1.);
#11076 = LINE('',#11077,#11078);
#11077 = CARTESIAN_POINT('',(-10.15,5.88,5.35));
#11078 = VECTOR('',#11079,1.);
#11079 = DIRECTION('',(0.,0.,1.));
#11080 = PCURVE('',#3679,#11081);
#11081 = DEFINITIONAL_REPRESENTATION('',(#11082),#11086);
#11082 = LINE('',#11083,#11084);
#11083 = CARTESIAN_POINT('',(0.,17.8));
#11084 = VECTOR('',#11085,1.);
#11085 = DIRECTION('',(1.,0.));
#11086 = ( GEOMETRIC_REPRESENTATION_CONTEXT(2) 
PARAMETRIC_REPRESENTATION_CONTEXT() REPRESENTATION_CONTEXT('2D SPACE',''
  ) );
#11087 = PCURVE('',#3755,#11088);
#11088 = DEFINITIONAL_REPRESENTATION('',(#11089),#11093);
#11089 = LINE('',#11090,#11091);
#11090 = CARTESIAN_POINT('',(0.,0.));
#11091 = VECTOR('',#11092,1.);
#11092 = DIRECTION('',(1.,0.));
#11093 = ( GEOMETRIC_REPRESENTATION_CONTEXT(2) 
PARAMETRIC_REPRESENTATION_CONTEXT() REPRESENTATION_CONTEXT('2D SPACE',''
  ) );
#11094 = ORIENTED_EDGE('',*,*,#11095,.F.);
#11095 = EDGE_CURVE('',#11096,#11073,#11098,.T.);
#11096 = VERTEX_POINT('',#11097);
#11097 = CARTESIAN_POINT('',(-27.95,5.88,5.35));
#11098 = SURFACE_CURVE('',#11099,(#11103,#11110),.PCURVE_S1.);
#11099 = LINE('',#11100,#11101);
#11100 = CARTESIAN_POINT('',(-27.95,5.88,5.35));
#11101 = VECTOR('',#11102,1.);
#11102 = DIRECTION('',(1.,0.,0.));
#11103 = PCURVE('',#3679,#11104);
#11104 = DEFINITIONAL_REPRESENTATION('',(#11105),#11109);
#11105 = LINE('',#11106,#11107);
#11106 = CARTESIAN_POINT('',(0.,0.));
#11107 = VECTOR('',#11108,1.);
#11108 = DIRECTION('',(0.,1.));
#11109 = ( GEOMETRIC_REPRESENTATION_CONTEXT(2) 
PARAMETRIC_REPRESENTATION_CONTEXT() REPRESENTATION_CONTEXT('2D SPACE',''
  ) );
#11110 = PCURVE('',#11111,#11116);
#11111 = PLANE('',#11112);
#11112 = AXIS2_PLACEMENT_3D('',#11113,#11114,#11115);
#11113 = CARTESIAN_POINT('',(-27.95,5.88,5.35));
#11114 = DIRECTION('',(0.,0.,1.));
#11115 = DIRECTION('',(1.,0.,0.));
#11116 = DEFINITIONAL_REPRESENTATION('',(#11117),#11121);
#11117 = LINE('',#11118,#11119);
#11118 = CARTESIAN_POINT('',(0.,0.));
#11119 = VECTOR('',#11120,1.);
#11120 = DIRECTION('',(1.,0.));
#11121 = ( GEOMETRIC_REPRESENTATION_CONTEXT(2) 
PARAMETRIC_REPRESENTATION_CONTEXT() REPRESENTATION_CONTEXT('2D SPACE',''
  ) );
#11122 = ORIENTED_EDGE('',*,*,#11123,.T.);
#11123 = EDGE_CURVE('',#11096,#3665,#11124,.T.);
#11124 = SURFACE_CURVE('',#11125,(#11129,#11136),.PCURVE_S1.);
#11125 = LINE('',#11126,#11127);
#11126 = CARTESIAN_POINT('',(-27.95,5.88,5.35));
#11127 = VECTOR('',#11128,1.);
#11128 = DIRECTION('',(0.,0.,1.));
#11129 = PCURVE('',#3679,#11130);
#11130 = DEFINITIONAL_REPRESENTATION('',(#11131),#11135);
#11131 = LINE('',#11132,#11133);
#11132 = CARTESIAN_POINT('',(0.,0.));
#11133 = VECTOR('',#11134,1.);
#11134 = DIRECTION('',(1.,0.));
#11135 = ( GEOMETRIC_REPRESENTATION_CONTEXT(2) 
PARAMETRIC_REPRESENTATION_CONTEXT() REPRESENTATION_CONTEXT('2D SPACE',''
  ) );
#11136 = PCURVE('',#3705,#11137);
#11137 = DEFINITIONAL_REPRESENTATION('',(#11138),#11142);
#11138 = LINE('',#11139,#11140);
#11139 = CARTESIAN_POINT('',(0.,0.));
#11140 = VECTOR('',#11141,1.);
#11141 = DIRECTION('',(1.,0.));
#11142 = ( GEOMETRIC_REPRESENTATION_CONTEXT(2) 
PARAMETRIC_REPRESENTATION_CONTEXT() REPRESENTATION_CONTEXT('2D SPACE',''
  ) );
#11143 = ORIENTED_EDGE('',*,*,#3662,.F.);
#11144 = ADVANCED_FACE('',(#11145),#3755,.F.);
#11145 = FACE_BOUND('',#11146,.F.);
#11146 = EDGE_LOOP('',(#11147,#11148,#11171,#11192));
#11147 = ORIENTED_EDGE('',*,*,#11072,.F.);
#11148 = ORIENTED_EDGE('',*,*,#11149,.T.);
#11149 = EDGE_CURVE('',#11073,#11150,#11152,.T.);
#11150 = VERTEX_POINT('',#11151);
#11151 = CARTESIAN_POINT('',(-10.15,23.68,5.35));
#11152 = SURFACE_CURVE('',#11153,(#11157,#11164),.PCURVE_S1.);
#11153 = LINE('',#11154,#11155);
#11154 = CARTESIAN_POINT('',(-10.15,5.88,5.35));
#11155 = VECTOR('',#11156,1.);
#11156 = DIRECTION('',(0.,1.,0.));
#11157 = PCURVE('',#3755,#11158);
#11158 = DEFINITIONAL_REPRESENTATION('',(#11159),#11163);
#11159 = LINE('',#11160,#11161);
#11160 = CARTESIAN_POINT('',(0.,0.));
#11161 = VECTOR('',#11162,1.);
#11162 = DIRECTION('',(0.,-1.));
#11163 = ( GEOMETRIC_REPRESENTATION_CONTEXT(2) 
PARAMETRIC_REPRESENTATION_CONTEXT() REPRESENTATION_CONTEXT('2D SPACE',''
  ) );
#11164 = PCURVE('',#11111,#11165);
#11165 = DEFINITIONAL_REPRESENTATION('',(#11166),#11170);
#11166 = LINE('',#11167,#11168);
#11167 = CARTESIAN_POINT('',(17.8,0.));
#11168 = VECTOR('',#11169,1.);
#11169 = DIRECTION('',(0.,1.));
#11170 = ( GEOMETRIC_REPRESENTATION_CONTEXT(2) 
PARAMETRIC_REPRESENTATION_CONTEXT() REPRESENTATION_CONTEXT('2D SPACE',''
  ) );
#11171 = ORIENTED_EDGE('',*,*,#11172,.T.);
#11172 = EDGE_CURVE('',#11150,#3717,#11173,.T.);
#11173 = SURFACE_CURVE('',#11174,(#11178,#11185),.PCURVE_S1.);
#11174 = LINE('',#11175,#11176);
#11175 = CARTESIAN_POINT('',(-10.15,23.68,5.35));
#11176 = VECTOR('',#11177,1.);
#11177 = DIRECTION('',(0.,0.,1.));
#11178 = PCURVE('',#3755,#11179);
#11179 = DEFINITIONAL_REPRESENTATION('',(#11180),#11184);
#11180 = LINE('',#11181,#11182);
#11181 = CARTESIAN_POINT('',(0.,-17.8));
#11182 = VECTOR('',#11183,1.);
#11183 = DIRECTION('',(1.,0.));
#11184 = ( GEOMETRIC_REPRESENTATION_CONTEXT(2) 
PARAMETRIC_REPRESENTATION_CONTEXT() REPRESENTATION_CONTEXT('2D SPACE',''
  ) );
#11185 = PCURVE('',#3731,#11186);
#11186 = DEFINITIONAL_REPRESENTATION('',(#11187),#11191);
#11187 = LINE('',#11188,#11189);
#11188 = CARTESIAN_POINT('',(0.,17.8));
#11189 = VECTOR('',#11190,1.);
#11190 = DIRECTION('',(1.,0.));
#11191 = ( GEOMETRIC_REPRESENTATION_CONTEXT(2) 
PARAMETRIC_REPRESENTATION_CONTEXT() REPRESENTATION_CONTEXT('2D SPACE',''
  ) );
#11192 = ORIENTED_EDGE('',*,*,#3742,.F.);
#11193 = ADVANCED_FACE('',(#11194),#3705,.T.);
#11194 = FACE_BOUND('',#11195,.T.);
#11195 = EDGE_LOOP('',(#11196,#11197,#11220,#11241));
#11196 = ORIENTED_EDGE('',*,*,#11123,.F.);
#11197 = ORIENTED_EDGE('',*,*,#11198,.T.);
#11198 = EDGE_CURVE('',#11096,#11199,#11201,.T.);
#11199 = VERTEX_POINT('',#11200);
#11200 = CARTESIAN_POINT('',(-27.95,23.68,5.35));
#11201 = SURFACE_CURVE('',#11202,(#11206,#11213),.PCURVE_S1.);
#11202 = LINE('',#11203,#11204);
#11203 = CARTESIAN_POINT('',(-27.95,5.88,5.35));
#11204 = VECTOR('',#11205,1.);
#11205 = DIRECTION('',(0.,1.,0.));
#11206 = PCURVE('',#3705,#11207);
#11207 = DEFINITIONAL_REPRESENTATION('',(#11208),#11212);
#11208 = LINE('',#11209,#11210);
#11209 = CARTESIAN_POINT('',(0.,0.));
#11210 = VECTOR('',#11211,1.);
#11211 = DIRECTION('',(0.,-1.));
#11212 = ( GEOMETRIC_REPRESENTATION_CONTEXT(2) 
PARAMETRIC_REPRESENTATION_CONTEXT() REPRESENTATION_CONTEXT('2D SPACE',''
  ) );
#11213 = PCURVE('',#11111,#11214);
#11214 = DEFINITIONAL_REPRESENTATION('',(#11215),#11219);
#11215 = LINE('',#11216,#11217);
#11216 = CARTESIAN_POINT('',(0.,0.));
#11217 = VECTOR('',#11218,1.);
#11218 = DIRECTION('',(0.,1.));
#11219 = ( GEOMETRIC_REPRESENTATION_CONTEXT(2) 
PARAMETRIC_REPRESENTATION_CONTEXT() REPRESENTATION_CONTEXT('2D SPACE',''
  ) );
#11220 = ORIENTED_EDGE('',*,*,#11221,.T.);
#11221 = EDGE_CURVE('',#11199,#3691,#11222,.T.);
#11222 = SURFACE_CURVE('',#11223,(#11227,#11234),.PCURVE_S1.);
#11223 = LINE('',#11224,#11225);
#11224 = CARTESIAN_POINT('',(-27.95,23.68,5.35));
#11225 = VECTOR('',#11226,1.);
#11226 = DIRECTION('',(0.,0.,1.));
#11227 = PCURVE('',#3705,#11228);
#11228 = DEFINITIONAL_REPRESENTATION('',(#11229),#11233);
#11229 = LINE('',#11230,#11231);
#11230 = CARTESIAN_POINT('',(0.,-17.8));
#11231 = VECTOR('',#11232,1.);
#11232 = DIRECTION('',(1.,0.));
#11233 = ( GEOMETRIC_REPRESENTATION_CONTEXT(2) 
PARAMETRIC_REPRESENTATION_CONTEXT() REPRESENTATION_CONTEXT('2D SPACE',''
  ) );
#11234 = PCURVE('',#3731,#11235);
#11235 = DEFINITIONAL_REPRESENTATION('',(#11236),#11240);
#11236 = LINE('',#11237,#11238);
#11237 = CARTESIAN_POINT('',(0.,0.));
#11238 = VECTOR('',#11239,1.);
#11239 = DIRECTION('',(1.,0.));
#11240 = ( GEOMETRIC_REPRESENTATION_CONTEXT(2) 
PARAMETRIC_REPRESENTATION_CONTEXT() REPRESENTATION_CONTEXT('2D SPACE',''
  ) );
#11241 = ORIENTED_EDGE('',*,*,#3690,.F.);
#11242 = ADVANCED_FACE('',(#11243),#3731,.F.);
#11243 = FACE_BOUND('',#11244,.F.);
#11244 = EDGE_LOOP('',(#11245,#11246,#11267,#11268));
#11245 = ORIENTED_EDGE('',*,*,#11172,.F.);
#11246 = ORIENTED_EDGE('',*,*,#11247,.F.);
#11247 = EDGE_CURVE('',#11199,#11150,#11248,.T.);
#11248 = SURFACE_CURVE('',#11249,(#11253,#11260),.PCURVE_S1.);
#11249 = LINE('',#11250,#11251);
#11250 = CARTESIAN_POINT('',(-27.95,23.68,5.35));
#11251 = VECTOR('',#11252,1.);
#11252 = DIRECTION('',(1.,0.,0.));
#11253 = PCURVE('',#3731,#11254);
#11254 = DEFINITIONAL_REPRESENTATION('',(#11255),#11259);
#11255 = LINE('',#11256,#11257);
#11256 = CARTESIAN_POINT('',(0.,0.));
#11257 = VECTOR('',#11258,1.);
#11258 = DIRECTION('',(0.,1.));
#11259 = ( GEOMETRIC_REPRESENTATION_CONTEXT(2) 
PARAMETRIC_REPRESENTATION_CONTEXT() REPRESENTATION_CONTEXT('2D SPACE',''
  ) );
#11260 = PCURVE('',#11111,#11261);
#11261 = DEFINITIONAL_REPRESENTATION('',(#11262),#11266);
#11262 = LINE('',#11263,#11264);
#11263 = CARTESIAN_POINT('',(0.,17.8));
#11264 = VECTOR('',#11265,1.);
#11265 = DIRECTION('',(1.,0.));
#11266 = ( GEOMETRIC_REPRESENTATION_CONTEXT(2) 
PARAMETRIC_REPRESENTATION_CONTEXT() REPRESENTATION_CONTEXT('2D SPACE',''
  ) );
#11267 = ORIENTED_EDGE('',*,*,#11221,.T.);
#11268 = ORIENTED_EDGE('',*,*,#3716,.F.);
#11269 = ADVANCED_FACE('',(#11270),#3789,.F.);
#11270 = FACE_BOUND('',#11271,.T.);
#11271 = EDGE_LOOP('',(#11272,#11301,#11322,#11323));
#11272 = ORIENTED_EDGE('',*,*,#11273,.F.);
#11273 = EDGE_CURVE('',#11274,#11274,#11276,.T.);
#11274 = VERTEX_POINT('',#11275);
#11275 = CARTESIAN_POINT('',(-27.775,29.2,5.35));
#11276 = SURFACE_CURVE('',#11277,(#11282,#11289),.PCURVE_S1.);
#11277 = CIRCLE('',#11278,3.6);
#11278 = AXIS2_PLACEMENT_3D('',#11279,#11280,#11281);
#11279 = CARTESIAN_POINT('',(-31.375,29.2,5.35));
#11280 = DIRECTION('',(0.,0.,1.));
#11281 = DIRECTION('',(1.,0.,0.));
#11282 = PCURVE('',#3789,#11283);
#11283 = DEFINITIONAL_REPRESENTATION('',(#11284),#11288);
#11284 = LINE('',#11285,#11286);
#11285 = CARTESIAN_POINT('',(-0.,0.));
#11286 = VECTOR('',#11287,1.);
#11287 = DIRECTION('',(-1.,0.));
#11288 = ( GEOMETRIC_REPRESENTATION_CONTEXT(2) 
PARAMETRIC_REPRESENTATION_CONTEXT() REPRESENTATION_CONTEXT('2D SPACE',''
  ) );
#11289 = PCURVE('',#11290,#11295);
#11290 = PLANE('',#11291);
#11291 = AXIS2_PLACEMENT_3D('',#11292,#11293,#11294);
#11292 = CARTESIAN_POINT('',(-31.375,29.2,5.35));
#11293 = DIRECTION('',(0.,0.,1.));
#11294 = DIRECTION('',(1.,0.,-0.));
#11295 = DEFINITIONAL_REPRESENTATION('',(#11296),#11300);
#11296 = CIRCLE('',#11297,3.6);
#11297 = AXIS2_PLACEMENT_2D('',#11298,#11299);
#11298 = CARTESIAN_POINT('',(0.,0.));
#11299 = DIRECTION('',(1.,0.));
#11300 = ( GEOMETRIC_REPRESENTATION_CONTEXT(2) 
PARAMETRIC_REPRESENTATION_CONTEXT() REPRESENTATION_CONTEXT('2D SPACE',''
  ) );
#11301 = ORIENTED_EDGE('',*,*,#11302,.T.);
#11302 = EDGE_CURVE('',#11274,#3769,#11303,.T.);
#11303 = SEAM_CURVE('',#11304,(#11308,#11315),.PCURVE_S1.);
#11304 = LINE('',#11305,#11306);
#11305 = CARTESIAN_POINT('',(-27.775,29.2,5.35));
#11306 = VECTOR('',#11307,1.);
#11307 = DIRECTION('',(0.,0.,1.));
#11308 = PCURVE('',#3789,#11309);
#11309 = DEFINITIONAL_REPRESENTATION('',(#11310),#11314);
#11310 = LINE('',#11311,#11312);
#11311 = CARTESIAN_POINT('',(-6.28318530718,0.));
#11312 = VECTOR('',#11313,1.);
#11313 = DIRECTION('',(-0.,-1.));
#11314 = ( GEOMETRIC_REPRESENTATION_CONTEXT(2) 
PARAMETRIC_REPRESENTATION_CONTEXT() REPRESENTATION_CONTEXT('2D SPACE',''
  ) );
#11315 = PCURVE('',#3789,#11316);
#11316 = DEFINITIONAL_REPRESENTATION('',(#11317),#11321);
#11317 = LINE('',#11318,#11319);
#11318 = CARTESIAN_POINT('',(-0.,0.));
#11319 = VECTOR('',#11320,1.);
#11320 = DIRECTION('',(-0.,-1.));
#11321 = ( GEOMETRIC_REPRESENTATION_CONTEXT(2) 
PARAMETRIC_REPRESENTATION_CONTEXT() REPRESENTATION_CONTEXT('2D SPACE',''
  ) );
#11322 = ORIENTED_EDGE('',*,*,#3768,.F.);
#11323 = ORIENTED_EDGE('',*,*,#11302,.F.);
#11324 = ADVANCED_FACE('',(#11325),#3820,.T.);
#11325 = FACE_BOUND('',#11326,.T.);
#11326 = EDGE_LOOP('',(#11327,#11350,#11373,#11394));
#11327 = ORIENTED_EDGE('',*,*,#11328,.F.);
#11328 = EDGE_CURVE('',#11329,#3804,#11331,.T.);
#11329 = VERTEX_POINT('',#11330);
#11330 = CARTESIAN_POINT('',(-1.2,33.315,5.35));
#11331 = SURFACE_CURVE('',#11332,(#11336,#11343),.PCURVE_S1.);
#11332 = LINE('',#11333,#11334);
#11333 = CARTESIAN_POINT('',(-1.2,33.315,5.35));
#11334 = VECTOR('',#11335,1.);
#11335 = DIRECTION('',(0.,0.,1.));
#11336 = PCURVE('',#3820,#11337);
#11337 = DEFINITIONAL_REPRESENTATION('',(#11338),#11342);
#11338 = LINE('',#11339,#11340);
#11339 = CARTESIAN_POINT('',(0.,34.));
#11340 = VECTOR('',#11341,1.);
#11341 = DIRECTION('',(1.,0.));
#11342 = ( GEOMETRIC_REPRESENTATION_CONTEXT(2) 
PARAMETRIC_REPRESENTATION_CONTEXT() REPRESENTATION_CONTEXT('2D SPACE',''
  ) );
#11343 = PCURVE('',#3896,#11344);
#11344 = DEFINITIONAL_REPRESENTATION('',(#11345),#11349);
#11345 = LINE('',#11346,#11347);
#11346 = CARTESIAN_POINT('',(0.,0.));
#11347 = VECTOR('',#11348,1.);
#11348 = DIRECTION('',(1.,0.));
#11349 = ( GEOMETRIC_REPRESENTATION_CONTEXT(2) 
PARAMETRIC_REPRESENTATION_CONTEXT() REPRESENTATION_CONTEXT('2D SPACE',''
  ) );
#11350 = ORIENTED_EDGE('',*,*,#11351,.F.);
#11351 = EDGE_CURVE('',#11352,#11329,#11354,.T.);
#11352 = VERTEX_POINT('',#11353);
#11353 = CARTESIAN_POINT('',(-35.2,33.315,5.35));
#11354 = SURFACE_CURVE('',#11355,(#11359,#11366),.PCURVE_S1.);
#11355 = LINE('',#11356,#11357);
#11356 = CARTESIAN_POINT('',(-35.2,33.315,5.35));
#11357 = VECTOR('',#11358,1.);
#11358 = DIRECTION('',(1.,0.,0.));
#11359 = PCURVE('',#3820,#11360);
#11360 = DEFINITIONAL_REPRESENTATION('',(#11361),#11365);
#11361 = LINE('',#11362,#11363);
#11362 = CARTESIAN_POINT('',(0.,0.));
#11363 = VECTOR('',#11364,1.);
#11364 = DIRECTION('',(0.,1.));
#11365 = ( GEOMETRIC_REPRESENTATION_CONTEXT(2) 
PARAMETRIC_REPRESENTATION_CONTEXT() REPRESENTATION_CONTEXT('2D SPACE',''
  ) );
#11366 = PCURVE('',#8101,#11367);
#11367 = DEFINITIONAL_REPRESENTATION('',(#11368),#11372);
#11368 = LINE('',#11369,#11370);
#11369 = CARTESIAN_POINT('',(0.,0.));
#11370 = VECTOR('',#11371,1.);
#11371 = DIRECTION('',(1.,0.));
#11372 = ( GEOMETRIC_REPRESENTATION_CONTEXT(2) 
PARAMETRIC_REPRESENTATION_CONTEXT() REPRESENTATION_CONTEXT('2D SPACE',''
  ) );
#11373 = ORIENTED_EDGE('',*,*,#11374,.T.);
#11374 = EDGE_CURVE('',#11352,#3806,#11375,.T.);
#11375 = SURFACE_CURVE('',#11376,(#11380,#11387),.PCURVE_S1.);
#11376 = LINE('',#11377,#11378);
#11377 = CARTESIAN_POINT('',(-35.2,33.315,5.35));
#11378 = VECTOR('',#11379,1.);
#11379 = DIRECTION('',(0.,0.,1.));
#11380 = PCURVE('',#3820,#11381);
#11381 = DEFINITIONAL_REPRESENTATION('',(#11382),#11386);
#11382 = LINE('',#11383,#11384);
#11383 = CARTESIAN_POINT('',(0.,0.));
#11384 = VECTOR('',#11385,1.);
#11385 = DIRECTION('',(1.,0.));
#11386 = ( GEOMETRIC_REPRESENTATION_CONTEXT(2) 
PARAMETRIC_REPRESENTATION_CONTEXT() REPRESENTATION_CONTEXT('2D SPACE',''
  ) );
#11387 = PCURVE('',#3846,#11388);
#11388 = DEFINITIONAL_REPRESENTATION('',(#11389),#11393);
#11389 = LINE('',#11390,#11391);
#11390 = CARTESIAN_POINT('',(0.,0.));
#11391 = VECTOR('',#11392,1.);
#11392 = DIRECTION('',(1.,0.));
#11393 = ( GEOMETRIC_REPRESENTATION_CONTEXT(2) 
PARAMETRIC_REPRESENTATION_CONTEXT() REPRESENTATION_CONTEXT('2D SPACE',''
  ) );
#11394 = ORIENTED_EDGE('',*,*,#3803,.F.);
#11395 = ADVANCED_FACE('',(#11396),#3896,.F.);
#11396 = FACE_BOUND('',#11397,.F.);
#11397 = EDGE_LOOP('',(#11398,#11399,#11422,#11443));
#11398 = ORIENTED_EDGE('',*,*,#11328,.F.);
#11399 = ORIENTED_EDGE('',*,*,#11400,.T.);
#11400 = EDGE_CURVE('',#11329,#11401,#11403,.T.);
#11401 = VERTEX_POINT('',#11402);
#11402 = CARTESIAN_POINT('',(-1.2,48.315,5.35));
#11403 = SURFACE_CURVE('',#11404,(#11408,#11415),.PCURVE_S1.);
#11404 = LINE('',#11405,#11406);
#11405 = CARTESIAN_POINT('',(-1.2,33.315,5.35));
#11406 = VECTOR('',#11407,1.);
#11407 = DIRECTION('',(0.,1.,0.));
#11408 = PCURVE('',#3896,#11409);
#11409 = DEFINITIONAL_REPRESENTATION('',(#11410),#11414);
#11410 = LINE('',#11411,#11412);
#11411 = CARTESIAN_POINT('',(0.,0.));
#11412 = VECTOR('',#11413,1.);
#11413 = DIRECTION('',(0.,-1.));
#11414 = ( GEOMETRIC_REPRESENTATION_CONTEXT(2) 
PARAMETRIC_REPRESENTATION_CONTEXT() REPRESENTATION_CONTEXT('2D SPACE',''
  ) );
#11415 = PCURVE('',#8101,#11416);
#11416 = DEFINITIONAL_REPRESENTATION('',(#11417),#11421);
#11417 = LINE('',#11418,#11419);
#11418 = CARTESIAN_POINT('',(34.,0.));
#11419 = VECTOR('',#11420,1.);
#11420 = DIRECTION('',(0.,1.));
#11421 = ( GEOMETRIC_REPRESENTATION_CONTEXT(2) 
PARAMETRIC_REPRESENTATION_CONTEXT() REPRESENTATION_CONTEXT('2D SPACE',''
  ) );
#11422 = ORIENTED_EDGE('',*,*,#11423,.T.);
#11423 = EDGE_CURVE('',#11401,#3858,#11424,.T.);
#11424 = SURFACE_CURVE('',#11425,(#11429,#11436),.PCURVE_S1.);
#11425 = LINE('',#11426,#11427);
#11426 = CARTESIAN_POINT('',(-1.2,48.315,5.35));
#11427 = VECTOR('',#11428,1.);
#11428 = DIRECTION('',(0.,0.,1.));
#11429 = PCURVE('',#3896,#11430);
#11430 = DEFINITIONAL_REPRESENTATION('',(#11431),#11435);
#11431 = LINE('',#11432,#11433);
#11432 = CARTESIAN_POINT('',(0.,-15.));
#11433 = VECTOR('',#11434,1.);
#11434 = DIRECTION('',(1.,0.));
#11435 = ( GEOMETRIC_REPRESENTATION_CONTEXT(2) 
PARAMETRIC_REPRESENTATION_CONTEXT() REPRESENTATION_CONTEXT('2D SPACE',''
  ) );
#11436 = PCURVE('',#3872,#11437);
#11437 = DEFINITIONAL_REPRESENTATION('',(#11438),#11442);
#11438 = LINE('',#11439,#11440);
#11439 = CARTESIAN_POINT('',(0.,34.));
#11440 = VECTOR('',#11441,1.);
#11441 = DIRECTION('',(1.,0.));
#11442 = ( GEOMETRIC_REPRESENTATION_CONTEXT(2) 
PARAMETRIC_REPRESENTATION_CONTEXT() REPRESENTATION_CONTEXT('2D SPACE',''
  ) );
#11443 = ORIENTED_EDGE('',*,*,#3883,.F.);
#11444 = ADVANCED_FACE('',(#11445),#3846,.T.);
#11445 = FACE_BOUND('',#11446,.T.);
#11446 = EDGE_LOOP('',(#11447,#11448,#11471,#11492));
#11447 = ORIENTED_EDGE('',*,*,#11374,.F.);
#11448 = ORIENTED_EDGE('',*,*,#11449,.T.);
#11449 = EDGE_CURVE('',#11352,#11450,#11452,.T.);
#11450 = VERTEX_POINT('',#11451);
#11451 = CARTESIAN_POINT('',(-35.2,48.315,5.35));
#11452 = SURFACE_CURVE('',#11453,(#11457,#11464),.PCURVE_S1.);
#11453 = LINE('',#11454,#11455);
#11454 = CARTESIAN_POINT('',(-35.2,33.315,5.35));
#11455 = VECTOR('',#11456,1.);
#11456 = DIRECTION('',(0.,1.,0.));
#11457 = PCURVE('',#3846,#11458);
#11458 = DEFINITIONAL_REPRESENTATION('',(#11459),#11463);
#11459 = LINE('',#11460,#11461);
#11460 = CARTESIAN_POINT('',(0.,0.));
#11461 = VECTOR('',#11462,1.);
#11462 = DIRECTION('',(0.,-1.));
#11463 = ( GEOMETRIC_REPRESENTATION_CONTEXT(2) 
PARAMETRIC_REPRESENTATION_CONTEXT() REPRESENTATION_CONTEXT('2D SPACE',''
  ) );
#11464 = PCURVE('',#8101,#11465);
#11465 = DEFINITIONAL_REPRESENTATION('',(#11466),#11470);
#11466 = LINE('',#11467,#11468);
#11467 = CARTESIAN_POINT('',(0.,0.));
#11468 = VECTOR('',#11469,1.);
#11469 = DIRECTION('',(0.,1.));
#11470 = ( GEOMETRIC_REPRESENTATION_CONTEXT(2) 
PARAMETRIC_REPRESENTATION_CONTEXT() REPRESENTATION_CONTEXT('2D SPACE',''
  ) );
#11471 = ORIENTED_EDGE('',*,*,#11472,.T.);
#11472 = EDGE_CURVE('',#11450,#3832,#11473,.T.);
#11473 = SURFACE_CURVE('',#11474,(#11478,#11485),.PCURVE_S1.);
#11474 = LINE('',#11475,#11476);
#11475 = CARTESIAN_POINT('',(-35.2,48.315,5.35));
#11476 = VECTOR('',#11477,1.);
#11477 = DIRECTION('',(0.,0.,1.));
#11478 = PCURVE('',#3846,#11479);
#11479 = DEFINITIONAL_REPRESENTATION('',(#11480),#11484);
#11480 = LINE('',#11481,#11482);
#11481 = CARTESIAN_POINT('',(0.,-15.));
#11482 = VECTOR('',#11483,1.);
#11483 = DIRECTION('',(1.,0.));
#11484 = ( GEOMETRIC_REPRESENTATION_CONTEXT(2) 
PARAMETRIC_REPRESENTATION_CONTEXT() REPRESENTATION_CONTEXT('2D SPACE',''
  ) );
#11485 = PCURVE('',#3872,#11486);
#11486 = DEFINITIONAL_REPRESENTATION('',(#11487),#11491);
#11487 = LINE('',#11488,#11489);
#11488 = CARTESIAN_POINT('',(0.,0.));
#11489 = VECTOR('',#11490,1.);
#11490 = DIRECTION('',(1.,0.));
#11491 = ( GEOMETRIC_REPRESENTATION_CONTEXT(2) 
PARAMETRIC_REPRESENTATION_CONTEXT() REPRESENTATION_CONTEXT('2D SPACE',''
  ) );
#11492 = ORIENTED_EDGE('',*,*,#3831,.F.);
#11493 = ADVANCED_FACE('',(#11494),#3872,.F.);
#11494 = FACE_BOUND('',#11495,.F.);
#11495 = EDGE_LOOP('',(#11496,#11497,#11518,#11519));
#11496 = ORIENTED_EDGE('',*,*,#11423,.F.);
#11497 = ORIENTED_EDGE('',*,*,#11498,.F.);
#11498 = EDGE_CURVE('',#11450,#11401,#11499,.T.);
#11499 = SURFACE_CURVE('',#11500,(#11504,#11511),.PCURVE_S1.);
#11500 = LINE('',#11501,#11502);
#11501 = CARTESIAN_POINT('',(-35.2,48.315,5.35));
#11502 = VECTOR('',#11503,1.);
#11503 = DIRECTION('',(1.,0.,0.));
#11504 = PCURVE('',#3872,#11505);
#11505 = DEFINITIONAL_REPRESENTATION('',(#11506),#11510);
#11506 = LINE('',#11507,#11508);
#11507 = CARTESIAN_POINT('',(0.,0.));
#11508 = VECTOR('',#11509,1.);
#11509 = DIRECTION('',(0.,1.));
#11510 = ( GEOMETRIC_REPRESENTATION_CONTEXT(2) 
PARAMETRIC_REPRESENTATION_CONTEXT() REPRESENTATION_CONTEXT('2D SPACE',''
  ) );
#11511 = PCURVE('',#8101,#11512);
#11512 = DEFINITIONAL_REPRESENTATION('',(#11513),#11517);
#11513 = LINE('',#11514,#11515);
#11514 = CARTESIAN_POINT('',(0.,15.));
#11515 = VECTOR('',#11516,1.);
#11516 = DIRECTION('',(1.,0.));
#11517 = ( GEOMETRIC_REPRESENTATION_CONTEXT(2) 
PARAMETRIC_REPRESENTATION_CONTEXT() REPRESENTATION_CONTEXT('2D SPACE',''
  ) );
#11518 = ORIENTED_EDGE('',*,*,#11472,.T.);
#11519 = ORIENTED_EDGE('',*,*,#3857,.F.);
#11520 = ADVANCED_FACE('',(#11521),#3926,.T.);
#11521 = FACE_BOUND('',#11522,.T.);
#11522 = EDGE_LOOP('',(#11523,#11546,#11574,#11595));
#11523 = ORIENTED_EDGE('',*,*,#11524,.F.);
#11524 = EDGE_CURVE('',#11525,#3910,#11527,.T.);
#11525 = VERTEX_POINT('',#11526);
#11526 = CARTESIAN_POINT('',(8.9,5.88,5.35));
#11527 = SURFACE_CURVE('',#11528,(#11532,#11539),.PCURVE_S1.);
#11528 = LINE('',#11529,#11530);
#11529 = CARTESIAN_POINT('',(8.9,5.88,5.35));
#11530 = VECTOR('',#11531,1.);
#11531 = DIRECTION('',(0.,0.,1.));
#11532 = PCURVE('',#3926,#11533);
#11533 = DEFINITIONAL_REPRESENTATION('',(#11534),#11538);
#11534 = LINE('',#11535,#11536);
#11535 = CARTESIAN_POINT('',(0.,17.8));
#11536 = VECTOR('',#11537,1.);
#11537 = DIRECTION('',(1.,0.));
#11538 = ( GEOMETRIC_REPRESENTATION_CONTEXT(2) 
PARAMETRIC_REPRESENTATION_CONTEXT() REPRESENTATION_CONTEXT('2D SPACE',''
  ) );
#11539 = PCURVE('',#4002,#11540);
#11540 = DEFINITIONAL_REPRESENTATION('',(#11541),#11545);
#11541 = LINE('',#11542,#11543);
#11542 = CARTESIAN_POINT('',(0.,0.));
#11543 = VECTOR('',#11544,1.);
#11544 = DIRECTION('',(1.,0.));
#11545 = ( GEOMETRIC_REPRESENTATION_CONTEXT(2) 
PARAMETRIC_REPRESENTATION_CONTEXT() REPRESENTATION_CONTEXT('2D SPACE',''
  ) );
#11546 = ORIENTED_EDGE('',*,*,#11547,.F.);
#11547 = EDGE_CURVE('',#11548,#11525,#11550,.T.);
#11548 = VERTEX_POINT('',#11549);
#11549 = CARTESIAN_POINT('',(-8.9,5.88,5.35));
#11550 = SURFACE_CURVE('',#11551,(#11555,#11562),.PCURVE_S1.);
#11551 = LINE('',#11552,#11553);
#11552 = CARTESIAN_POINT('',(-8.9,5.88,5.35));
#11553 = VECTOR('',#11554,1.);
#11554 = DIRECTION('',(1.,0.,0.));
#11555 = PCURVE('',#3926,#11556);
#11556 = DEFINITIONAL_REPRESENTATION('',(#11557),#11561);
#11557 = LINE('',#11558,#11559);
#11558 = CARTESIAN_POINT('',(0.,0.));
#11559 = VECTOR('',#11560,1.);
#11560 = DIRECTION('',(0.,1.));
#11561 = ( GEOMETRIC_REPRESENTATION_CONTEXT(2) 
PARAMETRIC_REPRESENTATION_CONTEXT() REPRESENTATION_CONTEXT('2D SPACE',''
  ) );
#11562 = PCURVE('',#11563,#11568);
#11563 = PLANE('',#11564);
#11564 = AXIS2_PLACEMENT_3D('',#11565,#11566,#11567);
#11565 = CARTESIAN_POINT('',(-8.9,5.88,5.35));
#11566 = DIRECTION('',(0.,0.,1.));
#11567 = DIRECTION('',(1.,0.,0.));
#11568 = DEFINITIONAL_REPRESENTATION('',(#11569),#11573);
#11569 = LINE('',#11570,#11571);
#11570 = CARTESIAN_POINT('',(0.,0.));
#11571 = VECTOR('',#11572,1.);
#11572 = DIRECTION('',(1.,0.));
#11573 = ( GEOMETRIC_REPRESENTATION_CONTEXT(2) 
PARAMETRIC_REPRESENTATION_CONTEXT() REPRESENTATION_CONTEXT('2D SPACE',''
  ) );
#11574 = ORIENTED_EDGE('',*,*,#11575,.T.);
#11575 = EDGE_CURVE('',#11548,#3912,#11576,.T.);
#11576 = SURFACE_CURVE('',#11577,(#11581,#11588),.PCURVE_S1.);
#11577 = LINE('',#11578,#11579);
#11578 = CARTESIAN_POINT('',(-8.9,5.88,5.35));
#11579 = VECTOR('',#11580,1.);
#11580 = DIRECTION('',(0.,0.,1.));
#11581 = PCURVE('',#3926,#11582);
#11582 = DEFINITIONAL_REPRESENTATION('',(#11583),#11587);
#11583 = LINE('',#11584,#11585);
#11584 = CARTESIAN_POINT('',(0.,0.));
#11585 = VECTOR('',#11586,1.);
#11586 = DIRECTION('',(1.,0.));
#11587 = ( GEOMETRIC_REPRESENTATION_CONTEXT(2) 
PARAMETRIC_REPRESENTATION_CONTEXT() REPRESENTATION_CONTEXT('2D SPACE',''
  ) );
#11588 = PCURVE('',#3952,#11589);
#11589 = DEFINITIONAL_REPRESENTATION('',(#11590),#11594);
#11590 = LINE('',#11591,#11592);
#11591 = CARTESIAN_POINT('',(0.,0.));
#11592 = VECTOR('',#11593,1.);
#11593 = DIRECTION('',(1.,0.));
#11594 = ( GEOMETRIC_REPRESENTATION_CONTEXT(2) 
PARAMETRIC_REPRESENTATION_CONTEXT() REPRESENTATION_CONTEXT('2D SPACE',''
  ) );
#11595 = ORIENTED_EDGE('',*,*,#3909,.F.);
#11596 = ADVANCED_FACE('',(#11597),#4002,.F.);
#11597 = FACE_BOUND('',#11598,.F.);
#11598 = EDGE_LOOP('',(#11599,#11600,#11623,#11644));
#11599 = ORIENTED_EDGE('',*,*,#11524,.F.);
#11600 = ORIENTED_EDGE('',*,*,#11601,.T.);
#11601 = EDGE_CURVE('',#11525,#11602,#11604,.T.);
#11602 = VERTEX_POINT('',#11603);
#11603 = CARTESIAN_POINT('',(8.9,23.68,5.35));
#11604 = SURFACE_CURVE('',#11605,(#11609,#11616),.PCURVE_S1.);
#11605 = LINE('',#11606,#11607);
#11606 = CARTESIAN_POINT('',(8.9,5.88,5.35));
#11607 = VECTOR('',#11608,1.);
#11608 = DIRECTION('',(0.,1.,0.));
#11609 = PCURVE('',#4002,#11610);
#11610 = DEFINITIONAL_REPRESENTATION('',(#11611),#11615);
#11611 = LINE('',#11612,#11613);
#11612 = CARTESIAN_POINT('',(0.,0.));
#11613 = VECTOR('',#11614,1.);
#11614 = DIRECTION('',(0.,-1.));
#11615 = ( GEOMETRIC_REPRESENTATION_CONTEXT(2) 
PARAMETRIC_REPRESENTATION_CONTEXT() REPRESENTATION_CONTEXT('2D SPACE',''
  ) );
#11616 = PCURVE('',#11563,#11617);
#11617 = DEFINITIONAL_REPRESENTATION('',(#11618),#11622);
#11618 = LINE('',#11619,#11620);
#11619 = CARTESIAN_POINT('',(17.8,0.));
#11620 = VECTOR('',#11621,1.);
#11621 = DIRECTION('',(0.,1.));
#11622 = ( GEOMETRIC_REPRESENTATION_CONTEXT(2) 
PARAMETRIC_REPRESENTATION_CONTEXT() REPRESENTATION_CONTEXT('2D SPACE',''
  ) );
#11623 = ORIENTED_EDGE('',*,*,#11624,.T.);
#11624 = EDGE_CURVE('',#11602,#3964,#11625,.T.);
#11625 = SURFACE_CURVE('',#11626,(#11630,#11637),.PCURVE_S1.);
#11626 = LINE('',#11627,#11628);
#11627 = CARTESIAN_POINT('',(8.9,23.68,5.35));
#11628 = VECTOR('',#11629,1.);
#11629 = DIRECTION('',(0.,0.,1.));
#11630 = PCURVE('',#4002,#11631);
#11631 = DEFINITIONAL_REPRESENTATION('',(#11632),#11636);
#11632 = LINE('',#11633,#11634);
#11633 = CARTESIAN_POINT('',(0.,-17.8));
#11634 = VECTOR('',#11635,1.);
#11635 = DIRECTION('',(1.,0.));
#11636 = ( GEOMETRIC_REPRESENTATION_CONTEXT(2) 
PARAMETRIC_REPRESENTATION_CONTEXT() REPRESENTATION_CONTEXT('2D SPACE',''
  ) );
#11637 = PCURVE('',#3978,#11638);
#11638 = DEFINITIONAL_REPRESENTATION('',(#11639),#11643);
#11639 = LINE('',#11640,#11641);
#11640 = CARTESIAN_POINT('',(0.,17.8));
#11641 = VECTOR('',#11642,1.);
#11642 = DIRECTION('',(1.,0.));
#11643 = ( GEOMETRIC_REPRESENTATION_CONTEXT(2) 
PARAMETRIC_REPRESENTATION_CONTEXT() REPRESENTATION_CONTEXT('2D SPACE',''
  ) );
#11644 = ORIENTED_EDGE('',*,*,#3989,.F.);
#11645 = ADVANCED_FACE('',(#11646),#3952,.T.);
#11646 = FACE_BOUND('',#11647,.T.);
#11647 = EDGE_LOOP('',(#11648,#11649,#11672,#11693));
#11648 = ORIENTED_EDGE('',*,*,#11575,.F.);
#11649 = ORIENTED_EDGE('',*,*,#11650,.T.);
#11650 = EDGE_CURVE('',#11548,#11651,#11653,.T.);
#11651 = VERTEX_POINT('',#11652);
#11652 = CARTESIAN_POINT('',(-8.9,23.68,5.35));
#11653 = SURFACE_CURVE('',#11654,(#11658,#11665),.PCURVE_S1.);
#11654 = LINE('',#11655,#11656);
#11655 = CARTESIAN_POINT('',(-8.9,5.88,5.35));
#11656 = VECTOR('',#11657,1.);
#11657 = DIRECTION('',(0.,1.,0.));
#11658 = PCURVE('',#3952,#11659);
#11659 = DEFINITIONAL_REPRESENTATION('',(#11660),#11664);
#11660 = LINE('',#11661,#11662);
#11661 = CARTESIAN_POINT('',(0.,0.));
#11662 = VECTOR('',#11663,1.);
#11663 = DIRECTION('',(0.,-1.));
#11664 = ( GEOMETRIC_REPRESENTATION_CONTEXT(2) 
PARAMETRIC_REPRESENTATION_CONTEXT() REPRESENTATION_CONTEXT('2D SPACE',''
  ) );
#11665 = PCURVE('',#11563,#11666);
#11666 = DEFINITIONAL_REPRESENTATION('',(#11667),#11671);
#11667 = LINE('',#11668,#11669);
#11668 = CARTESIAN_POINT('',(0.,0.));
#11669 = VECTOR('',#11670,1.);
#11670 = DIRECTION('',(0.,1.));
#11671 = ( GEOMETRIC_REPRESENTATION_CONTEXT(2) 
PARAMETRIC_REPRESENTATION_CONTEXT() REPRESENTATION_CONTEXT('2D SPACE',''
  ) );
#11672 = ORIENTED_EDGE('',*,*,#11673,.T.);
#11673 = EDGE_CURVE('',#11651,#3938,#11674,.T.);
#11674 = SURFACE_CURVE('',#11675,(#11679,#11686),.PCURVE_S1.);
#11675 = LINE('',#11676,#11677);
#11676 = CARTESIAN_POINT('',(-8.9,23.68,5.35));
#11677 = VECTOR('',#11678,1.);
#11678 = DIRECTION('',(0.,0.,1.));
#11679 = PCURVE('',#3952,#11680);
#11680 = DEFINITIONAL_REPRESENTATION('',(#11681),#11685);
#11681 = LINE('',#11682,#11683);
#11682 = CARTESIAN_POINT('',(0.,-17.8));
#11683 = VECTOR('',#11684,1.);
#11684 = DIRECTION('',(1.,0.));
#11685 = ( GEOMETRIC_REPRESENTATION_CONTEXT(2) 
PARAMETRIC_REPRESENTATION_CONTEXT() REPRESENTATION_CONTEXT('2D SPACE',''
  ) );
#11686 = PCURVE('',#3978,#11687);
#11687 = DEFINITIONAL_REPRESENTATION('',(#11688),#11692);
#11688 = LINE('',#11689,#11690);
#11689 = CARTESIAN_POINT('',(0.,0.));
#11690 = VECTOR('',#11691,1.);
#11691 = DIRECTION('',(1.,0.));
#11692 = ( GEOMETRIC_REPRESENTATION_CONTEXT(2) 
PARAMETRIC_REPRESENTATION_CONTEXT() REPRESENTATION_CONTEXT('2D SPACE',''
  ) );
#11693 = ORIENTED_EDGE('',*,*,#3937,.F.);
#11694 = ADVANCED_FACE('',(#11695),#3978,.F.);
#11695 = FACE_BOUND('',#11696,.F.);
#11696 = EDGE_LOOP('',(#11697,#11698,#11719,#11720));
#11697 = ORIENTED_EDGE('',*,*,#11624,.F.);
#11698 = ORIENTED_EDGE('',*,*,#11699,.F.);
#11699 = EDGE_CURVE('',#11651,#11602,#11700,.T.);
#11700 = SURFACE_CURVE('',#11701,(#11705,#11712),.PCURVE_S1.);
#11701 = LINE('',#11702,#11703);
#11702 = CARTESIAN_POINT('',(-8.9,23.68,5.35));
#11703 = VECTOR('',#11704,1.);
#11704 = DIRECTION('',(1.,0.,0.));
#11705 = PCURVE('',#3978,#11706);
#11706 = DEFINITIONAL_REPRESENTATION('',(#11707),#11711);
#11707 = LINE('',#11708,#11709);
#11708 = CARTESIAN_POINT('',(0.,0.));
#11709 = VECTOR('',#11710,1.);
#11710 = DIRECTION('',(0.,1.));
#11711 = ( GEOMETRIC_REPRESENTATION_CONTEXT(2) 
PARAMETRIC_REPRESENTATION_CONTEXT() REPRESENTATION_CONTEXT('2D SPACE',''
  ) );
#11712 = PCURVE('',#11563,#11713);
#11713 = DEFINITIONAL_REPRESENTATION('',(#11714),#11718);
#11714 = LINE('',#11715,#11716);
#11715 = CARTESIAN_POINT('',(0.,17.8));
#11716 = VECTOR('',#11717,1.);
#11717 = DIRECTION('',(1.,0.));
#11718 = ( GEOMETRIC_REPRESENTATION_CONTEXT(2) 
PARAMETRIC_REPRESENTATION_CONTEXT() REPRESENTATION_CONTEXT('2D SPACE',''
  ) );
#11719 = ORIENTED_EDGE('',*,*,#11673,.T.);
#11720 = ORIENTED_EDGE('',*,*,#3963,.F.);
#11721 = ADVANCED_FACE('',(#11722),#4032,.T.);
#11722 = FACE_BOUND('',#11723,.T.);
#11723 = EDGE_LOOP('',(#11724,#11747,#11775,#11796));
#11724 = ORIENTED_EDGE('',*,*,#11725,.F.);
#11725 = EDGE_CURVE('',#11726,#4016,#11728,.T.);
#11726 = VERTEX_POINT('',#11727);
#11727 = CARTESIAN_POINT('',(27.95,5.88,5.35));
#11728 = SURFACE_CURVE('',#11729,(#11733,#11740),.PCURVE_S1.);
#11729 = LINE('',#11730,#11731);
#11730 = CARTESIAN_POINT('',(27.95,5.88,5.35));
#11731 = VECTOR('',#11732,1.);
#11732 = DIRECTION('',(0.,0.,1.));
#11733 = PCURVE('',#4032,#11734);
#11734 = DEFINITIONAL_REPRESENTATION('',(#11735),#11739);
#11735 = LINE('',#11736,#11737);
#11736 = CARTESIAN_POINT('',(0.,17.8));
#11737 = VECTOR('',#11738,1.);
#11738 = DIRECTION('',(1.,0.));
#11739 = ( GEOMETRIC_REPRESENTATION_CONTEXT(2) 
PARAMETRIC_REPRESENTATION_CONTEXT() REPRESENTATION_CONTEXT('2D SPACE',''
  ) );
#11740 = PCURVE('',#4108,#11741);
#11741 = DEFINITIONAL_REPRESENTATION('',(#11742),#11746);
#11742 = LINE('',#11743,#11744);
#11743 = CARTESIAN_POINT('',(0.,0.));
#11744 = VECTOR('',#11745,1.);
#11745 = DIRECTION('',(1.,0.));
#11746 = ( GEOMETRIC_REPRESENTATION_CONTEXT(2) 
PARAMETRIC_REPRESENTATION_CONTEXT() REPRESENTATION_CONTEXT('2D SPACE',''
  ) );
#11747 = ORIENTED_EDGE('',*,*,#11748,.F.);
#11748 = EDGE_CURVE('',#11749,#11726,#11751,.T.);
#11749 = VERTEX_POINT('',#11750);
#11750 = CARTESIAN_POINT('',(10.15,5.88,5.35));
#11751 = SURFACE_CURVE('',#11752,(#11756,#11763),.PCURVE_S1.);
#11752 = LINE('',#11753,#11754);
#11753 = CARTESIAN_POINT('',(10.15,5.88,5.35));
#11754 = VECTOR('',#11755,1.);
#11755 = DIRECTION('',(1.,0.,0.));
#11756 = PCURVE('',#4032,#11757);
#11757 = DEFINITIONAL_REPRESENTATION('',(#11758),#11762);
#11758 = LINE('',#11759,#11760);
#11759 = CARTESIAN_POINT('',(0.,0.));
#11760 = VECTOR('',#11761,1.);
#11761 = DIRECTION('',(0.,1.));
#11762 = ( GEOMETRIC_REPRESENTATION_CONTEXT(2) 
PARAMETRIC_REPRESENTATION_CONTEXT() REPRESENTATION_CONTEXT('2D SPACE',''
  ) );
#11763 = PCURVE('',#11764,#11769);
#11764 = PLANE('',#11765);
#11765 = AXIS2_PLACEMENT_3D('',#11766,#11767,#11768);
#11766 = CARTESIAN_POINT('',(10.15,5.88,5.35));
#11767 = DIRECTION('',(0.,0.,1.));
#11768 = DIRECTION('',(1.,0.,0.));
#11769 = DEFINITIONAL_REPRESENTATION('',(#11770),#11774);
#11770 = LINE('',#11771,#11772);
#11771 = CARTESIAN_POINT('',(0.,0.));
#11772 = VECTOR('',#11773,1.);
#11773 = DIRECTION('',(1.,0.));
#11774 = ( GEOMETRIC_REPRESENTATION_CONTEXT(2) 
PARAMETRIC_REPRESENTATION_CONTEXT() REPRESENTATION_CONTEXT('2D SPACE',''
  ) );
#11775 = ORIENTED_EDGE('',*,*,#11776,.T.);
#11776 = EDGE_CURVE('',#11749,#4018,#11777,.T.);
#11777 = SURFACE_CURVE('',#11778,(#11782,#11789),.PCURVE_S1.);
#11778 = LINE('',#11779,#11780);
#11779 = CARTESIAN_POINT('',(10.15,5.88,5.35));
#11780 = VECTOR('',#11781,1.);
#11781 = DIRECTION('',(0.,0.,1.));
#11782 = PCURVE('',#4032,#11783);
#11783 = DEFINITIONAL_REPRESENTATION('',(#11784),#11788);
#11784 = LINE('',#11785,#11786);
#11785 = CARTESIAN_POINT('',(0.,0.));
#11786 = VECTOR('',#11787,1.);
#11787 = DIRECTION('',(1.,0.));
#11788 = ( GEOMETRIC_REPRESENTATION_CONTEXT(2) 
PARAMETRIC_REPRESENTATION_CONTEXT() REPRESENTATION_CONTEXT('2D SPACE',''
  ) );
#11789 = PCURVE('',#4058,#11790);
#11790 = DEFINITIONAL_REPRESENTATION('',(#11791),#11795);
#11791 = LINE('',#11792,#11793);
#11792 = CARTESIAN_POINT('',(0.,0.));
#11793 = VECTOR('',#11794,1.);
#11794 = DIRECTION('',(1.,0.));
#11795 = ( GEOMETRIC_REPRESENTATION_CONTEXT(2) 
PARAMETRIC_REPRESENTATION_CONTEXT() REPRESENTATION_CONTEXT('2D SPACE',''
  ) );
#11796 = ORIENTED_EDGE('',*,*,#4015,.F.);
#11797 = ADVANCED_FACE('',(#11798),#4108,.F.);
#11798 = FACE_BOUND('',#11799,.F.);
#11799 = EDGE_LOOP('',(#11800,#11801,#11824,#11845));
#11800 = ORIENTED_EDGE('',*,*,#11725,.F.);
#11801 = ORIENTED_EDGE('',*,*,#11802,.T.);
#11802 = EDGE_CURVE('',#11726,#11803,#11805,.T.);
#11803 = VERTEX_POINT('',#11804);
#11804 = CARTESIAN_POINT('',(27.95,23.68,5.35));
#11805 = SURFACE_CURVE('',#11806,(#11810,#11817),.PCURVE_S1.);
#11806 = LINE('',#11807,#11808);
#11807 = CARTESIAN_POINT('',(27.95,5.88,5.35));
#11808 = VECTOR('',#11809,1.);
#11809 = DIRECTION('',(0.,1.,0.));
#11810 = PCURVE('',#4108,#11811);
#11811 = DEFINITIONAL_REPRESENTATION('',(#11812),#11816);
#11812 = LINE('',#11813,#11814);
#11813 = CARTESIAN_POINT('',(0.,0.));
#11814 = VECTOR('',#11815,1.);
#11815 = DIRECTION('',(0.,-1.));
#11816 = ( GEOMETRIC_REPRESENTATION_CONTEXT(2) 
PARAMETRIC_REPRESENTATION_CONTEXT() REPRESENTATION_CONTEXT('2D SPACE',''
  ) );
#11817 = PCURVE('',#11764,#11818);
#11818 = DEFINITIONAL_REPRESENTATION('',(#11819),#11823);
#11819 = LINE('',#11820,#11821);
#11820 = CARTESIAN_POINT('',(17.8,0.));
#11821 = VECTOR('',#11822,1.);
#11822 = DIRECTION('',(0.,1.));
#11823 = ( GEOMETRIC_REPRESENTATION_CONTEXT(2) 
PARAMETRIC_REPRESENTATION_CONTEXT() REPRESENTATION_CONTEXT('2D SPACE',''
  ) );
#11824 = ORIENTED_EDGE('',*,*,#11825,.T.);
#11825 = EDGE_CURVE('',#11803,#4070,#11826,.T.);
#11826 = SURFACE_CURVE('',#11827,(#11831,#11838),.PCURVE_S1.);
#11827 = LINE('',#11828,#11829);
#11828 = CARTESIAN_POINT('',(27.95,23.68,5.35));
#11829 = VECTOR('',#11830,1.);
#11830 = DIRECTION('',(0.,0.,1.));
#11831 = PCURVE('',#4108,#11832);
#11832 = DEFINITIONAL_REPRESENTATION('',(#11833),#11837);
#11833 = LINE('',#11834,#11835);
#11834 = CARTESIAN_POINT('',(0.,-17.8));
#11835 = VECTOR('',#11836,1.);
#11836 = DIRECTION('',(1.,0.));
#11837 = ( GEOMETRIC_REPRESENTATION_CONTEXT(2) 
PARAMETRIC_REPRESENTATION_CONTEXT() REPRESENTATION_CONTEXT('2D SPACE',''
  ) );
#11838 = PCURVE('',#4084,#11839);
#11839 = DEFINITIONAL_REPRESENTATION('',(#11840),#11844);
#11840 = LINE('',#11841,#11842);
#11841 = CARTESIAN_POINT('',(0.,17.8));
#11842 = VECTOR('',#11843,1.);
#11843 = DIRECTION('',(1.,0.));
#11844 = ( GEOMETRIC_REPRESENTATION_CONTEXT(2) 
PARAMETRIC_REPRESENTATION_CONTEXT() REPRESENTATION_CONTEXT('2D SPACE',''
  ) );
#11845 = ORIENTED_EDGE('',*,*,#4095,.F.);
#11846 = ADVANCED_FACE('',(#11847),#4058,.T.);
#11847 = FACE_BOUND('',#11848,.T.);
#11848 = EDGE_LOOP('',(#11849,#11850,#11873,#11894));
#11849 = ORIENTED_EDGE('',*,*,#11776,.F.);
#11850 = ORIENTED_EDGE('',*,*,#11851,.T.);
#11851 = EDGE_CURVE('',#11749,#11852,#11854,.T.);
#11852 = VERTEX_POINT('',#11853);
#11853 = CARTESIAN_POINT('',(10.15,23.68,5.35));
#11854 = SURFACE_CURVE('',#11855,(#11859,#11866),.PCURVE_S1.);
#11855 = LINE('',#11856,#11857);
#11856 = CARTESIAN_POINT('',(10.15,5.88,5.35));
#11857 = VECTOR('',#11858,1.);
#11858 = DIRECTION('',(0.,1.,0.));
#11859 = PCURVE('',#4058,#11860);
#11860 = DEFINITIONAL_REPRESENTATION('',(#11861),#11865);
#11861 = LINE('',#11862,#11863);
#11862 = CARTESIAN_POINT('',(0.,0.));
#11863 = VECTOR('',#11864,1.);
#11864 = DIRECTION('',(0.,-1.));
#11865 = ( GEOMETRIC_REPRESENTATION_CONTEXT(2) 
PARAMETRIC_REPRESENTATION_CONTEXT() REPRESENTATION_CONTEXT('2D SPACE',''
  ) );
#11866 = PCURVE('',#11764,#11867);
#11867 = DEFINITIONAL_REPRESENTATION('',(#11868),#11872);
#11868 = LINE('',#11869,#11870);
#11869 = CARTESIAN_POINT('',(0.,0.));
#11870 = VECTOR('',#11871,1.);
#11871 = DIRECTION('',(0.,1.));
#11872 = ( GEOMETRIC_REPRESENTATION_CONTEXT(2) 
PARAMETRIC_REPRESENTATION_CONTEXT() REPRESENTATION_CONTEXT('2D SPACE',''
  ) );
#11873 = ORIENTED_EDGE('',*,*,#11874,.T.);
#11874 = EDGE_CURVE('',#11852,#4044,#11875,.T.);
#11875 = SURFACE_CURVE('',#11876,(#11880,#11887),.PCURVE_S1.);
#11876 = LINE('',#11877,#11878);
#11877 = CARTESIAN_POINT('',(10.15,23.68,5.35));
#11878 = VECTOR('',#11879,1.);
#11879 = DIRECTION('',(0.,0.,1.));
#11880 = PCURVE('',#4058,#11881);
#11881 = DEFINITIONAL_REPRESENTATION('',(#11882),#11886);
#11882 = LINE('',#11883,#11884);
#11883 = CARTESIAN_POINT('',(0.,-17.8));
#11884 = VECTOR('',#11885,1.);
#11885 = DIRECTION('',(1.,0.));
#11886 = ( GEOMETRIC_REPRESENTATION_CONTEXT(2) 
PARAMETRIC_REPRESENTATION_CONTEXT() REPRESENTATION_CONTEXT('2D SPACE',''
  ) );
#11887 = PCURVE('',#4084,#11888);
#11888 = DEFINITIONAL_REPRESENTATION('',(#11889),#11893);
#11889 = LINE('',#11890,#11891);
#11890 = CARTESIAN_POINT('',(0.,0.));
#11891 = VECTOR('',#11892,1.);
#11892 = DIRECTION('',(1.,0.));
#11893 = ( GEOMETRIC_REPRESENTATION_CONTEXT(2) 
PARAMETRIC_REPRESENTATION_CONTEXT() REPRESENTATION_CONTEXT('2D SPACE',''
  ) );
#11894 = ORIENTED_EDGE('',*,*,#4043,.F.);
#11895 = ADVANCED_FACE('',(#11896),#4084,.F.);
#11896 = FACE_BOUND('',#11897,.F.);
#11897 = EDGE_LOOP('',(#11898,#11899,#11920,#11921));
#11898 = ORIENTED_EDGE('',*,*,#11825,.F.);
#11899 = ORIENTED_EDGE('',*,*,#11900,.F.);
#11900 = EDGE_CURVE('',#11852,#11803,#11901,.T.);
#11901 = SURFACE_CURVE('',#11902,(#11906,#11913),.PCURVE_S1.);
#11902 = LINE('',#11903,#11904);
#11903 = CARTESIAN_POINT('',(10.15,23.68,5.35));
#11904 = VECTOR('',#11905,1.);
#11905 = DIRECTION('',(1.,0.,0.));
#11906 = PCURVE('',#4084,#11907);
#11907 = DEFINITIONAL_REPRESENTATION('',(#11908),#11912);
#11908 = LINE('',#11909,#11910);
#11909 = CARTESIAN_POINT('',(0.,0.));
#11910 = VECTOR('',#11911,1.);
#11911 = DIRECTION('',(0.,1.));
#11912 = ( GEOMETRIC_REPRESENTATION_CONTEXT(2) 
PARAMETRIC_REPRESENTATION_CONTEXT() REPRESENTATION_CONTEXT('2D SPACE',''
  ) );
#11913 = PCURVE('',#11764,#11914);
#11914 = DEFINITIONAL_REPRESENTATION('',(#11915),#11919);
#11915 = LINE('',#11916,#11917);
#11916 = CARTESIAN_POINT('',(0.,17.8));
#11917 = VECTOR('',#11918,1.);
#11918 = DIRECTION('',(1.,0.));
#11919 = ( GEOMETRIC_REPRESENTATION_CONTEXT(2) 
PARAMETRIC_REPRESENTATION_CONTEXT() REPRESENTATION_CONTEXT('2D SPACE',''
  ) );
#11920 = ORIENTED_EDGE('',*,*,#11874,.T.);
#11921 = ORIENTED_EDGE('',*,*,#4069,.F.);
#11922 = ADVANCED_FACE('',(#11923),#4139,.F.);
#11923 = FACE_BOUND('',#11924,.F.);
#11924 = EDGE_LOOP('',(#11925,#11948,#11949,#11972));
#11925 = ORIENTED_EDGE('',*,*,#11926,.T.);
#11926 = EDGE_CURVE('',#11927,#4122,#11929,.T.);
#11927 = VERTEX_POINT('',#11928);
#11928 = CARTESIAN_POINT('',(6.234375,37.23046875,5.35));
#11929 = SURFACE_CURVE('',#11930,(#11934,#11941),.PCURVE_S1.);
#11930 = LINE('',#11931,#11932);
#11931 = CARTESIAN_POINT('',(6.234375,37.23046875,5.35));
#11932 = VECTOR('',#11933,1.);
#11933 = DIRECTION('',(0.,0.,1.));
#11934 = PCURVE('',#4139,#11935);
#11935 = DEFINITIONAL_REPRESENTATION('',(#11936),#11940);
#11936 = LINE('',#11937,#11938);
#11937 = CARTESIAN_POINT('',(0.,-0.));
#11938 = VECTOR('',#11939,1.);
#11939 = DIRECTION('',(0.,-1.));
#11940 = ( GEOMETRIC_REPRESENTATION_CONTEXT(2) 
PARAMETRIC_REPRESENTATION_CONTEXT() REPRESENTATION_CONTEXT('2D SPACE',''
  ) );
#11941 = PCURVE('',#4277,#11942);
#11942 = DEFINITIONAL_REPRESENTATION('',(#11943),#11947);
#11943 = LINE('',#11944,#11945);
#11944 = CARTESIAN_POINT('',(0.6640625,0.));
#11945 = VECTOR('',#11946,1.);
#11946 = DIRECTION('',(0.,-1.));
#11947 = ( GEOMETRIC_REPRESENTATION_CONTEXT(2) 
PARAMETRIC_REPRESENTATION_CONTEXT() REPRESENTATION_CONTEXT('2D SPACE',''
  ) );
#11948 = ORIENTED_EDGE('',*,*,#4121,.T.);
#11949 = ORIENTED_EDGE('',*,*,#11950,.F.);
#11950 = EDGE_CURVE('',#11951,#4124,#11953,.T.);
#11951 = VERTEX_POINT('',#11952);
#11952 = CARTESIAN_POINT('',(2.60546875,37.23046875,5.35));
#11953 = SURFACE_CURVE('',#11954,(#11958,#11965),.PCURVE_S1.);
#11954 = LINE('',#11955,#11956);
#11955 = CARTESIAN_POINT('',(2.60546875,37.23046875,5.35));
#11956 = VECTOR('',#11957,1.);
#11957 = DIRECTION('',(0.,0.,1.));
#11958 = PCURVE('',#4139,#11959);
#11959 = DEFINITIONAL_REPRESENTATION('',(#11960),#11964);
#11960 = LINE('',#11961,#11962);
#11961 = CARTESIAN_POINT('',(3.62890625,0.));
#11962 = VECTOR('',#11963,1.);
#11963 = DIRECTION('',(0.,-1.));
#11964 = ( GEOMETRIC_REPRESENTATION_CONTEXT(2) 
PARAMETRIC_REPRESENTATION_CONTEXT() REPRESENTATION_CONTEXT('2D SPACE',''
  ) );
#11965 = PCURVE('',#4167,#11966);
#11966 = DEFINITIONAL_REPRESENTATION('',(#11967),#11971);
#11967 = LINE('',#11968,#11969);
#11968 = CARTESIAN_POINT('',(0.,0.));
#11969 = VECTOR('',#11970,1.);
#11970 = DIRECTION('',(0.,-1.));
#11971 = ( GEOMETRIC_REPRESENTATION_CONTEXT(2) 
PARAMETRIC_REPRESENTATION_CONTEXT() REPRESENTATION_CONTEXT('2D SPACE',''
  ) );
#11972 = ORIENTED_EDGE('',*,*,#11973,.F.);
#11973 = EDGE_CURVE('',#11927,#11951,#11974,.T.);
#11974 = SURFACE_CURVE('',#11975,(#11979,#11986),.PCURVE_S1.);
#11975 = LINE('',#11976,#11977);
#11976 = CARTESIAN_POINT('',(6.234375,37.23046875,5.35));
#11977 = VECTOR('',#11978,1.);
#11978 = DIRECTION('',(-1.,0.,0.));
#11979 = PCURVE('',#4139,#11980);
#11980 = DEFINITIONAL_REPRESENTATION('',(#11981),#11985);
#11981 = LINE('',#11982,#11983);
#11982 = CARTESIAN_POINT('',(0.,-0.));
#11983 = VECTOR('',#11984,1.);
#11984 = DIRECTION('',(1.,0.));
#11985 = ( GEOMETRIC_REPRESENTATION_CONTEXT(2) 
PARAMETRIC_REPRESENTATION_CONTEXT() REPRESENTATION_CONTEXT('2D SPACE',''
  ) );
#11986 = PCURVE('',#11987,#11992);
#11987 = PLANE('',#11988);
#11988 = AXIS2_PLACEMENT_3D('',#11989,#11990,#11991);
#11989 = CARTESIAN_POINT('',(1.8203125,37.23046875,5.35));
#11990 = DIRECTION('',(0.,0.,1.));
#11991 = DIRECTION('',(1.,0.,0.));
#11992 = DEFINITIONAL_REPRESENTATION('',(#11993),#11997);
#11993 = LINE('',#11994,#11995);
#11994 = CARTESIAN_POINT('',(4.4140625,0.));
#11995 = VECTOR('',#11996,1.);
#11996 = DIRECTION('',(-1.,0.));
#11997 = ( GEOMETRIC_REPRESENTATION_CONTEXT(2) 
PARAMETRIC_REPRESENTATION_CONTEXT() REPRESENTATION_CONTEXT('2D SPACE',''
  ) );
#11998 = ADVANCED_FACE('',(#11999),#4277,.F.);
#11999 = FACE_BOUND('',#12000,.F.);
#12000 = EDGE_LOOP('',(#12001,#12024,#12025,#12026));
#12001 = ORIENTED_EDGE('',*,*,#12002,.T.);
#12002 = EDGE_CURVE('',#12003,#4236,#12005,.T.);
#12003 = VERTEX_POINT('',#12004);
#12004 = CARTESIAN_POINT('',(6.234375,37.89453125,5.35));
#12005 = SURFACE_CURVE('',#12006,(#12010,#12017),.PCURVE_S1.);
#12006 = LINE('',#12007,#12008);
#12007 = CARTESIAN_POINT('',(6.234375,37.89453125,5.35));
#12008 = VECTOR('',#12009,1.);
#12009 = DIRECTION('',(0.,0.,1.));
#12010 = PCURVE('',#4277,#12011);
#12011 = DEFINITIONAL_REPRESENTATION('',(#12012),#12016);
#12012 = LINE('',#12013,#12014);
#12013 = CARTESIAN_POINT('',(0.,0.));
#12014 = VECTOR('',#12015,1.);
#12015 = DIRECTION('',(0.,-1.));
#12016 = ( GEOMETRIC_REPRESENTATION_CONTEXT(2) 
PARAMETRIC_REPRESENTATION_CONTEXT() REPRESENTATION_CONTEXT('2D SPACE',''
  ) );
#12017 = PCURVE('',#4251,#12018);
#12018 = DEFINITIONAL_REPRESENTATION('',(#12019),#12023);
#12019 = LINE('',#12020,#12021);
#12020 = CARTESIAN_POINT('',(2.83984375,0.));
#12021 = VECTOR('',#12022,1.);
#12022 = DIRECTION('',(0.,-1.));
#12023 = ( GEOMETRIC_REPRESENTATION_CONTEXT(2) 
PARAMETRIC_REPRESENTATION_CONTEXT() REPRESENTATION_CONTEXT('2D SPACE',''
  ) );
#12024 = ORIENTED_EDGE('',*,*,#4263,.T.);
#12025 = ORIENTED_EDGE('',*,*,#11926,.F.);
#12026 = ORIENTED_EDGE('',*,*,#12027,.F.);
#12027 = EDGE_CURVE('',#12003,#11927,#12028,.T.);
#12028 = SURFACE_CURVE('',#12029,(#12033,#12040),.PCURVE_S1.);
#12029 = LINE('',#12030,#12031);
#12030 = CARTESIAN_POINT('',(6.234375,37.89453125,5.35));
#12031 = VECTOR('',#12032,1.);
#12032 = DIRECTION('',(0.,-1.,0.));
#12033 = PCURVE('',#4277,#12034);
#12034 = DEFINITIONAL_REPRESENTATION('',(#12035),#12039);
#12035 = LINE('',#12036,#12037);
#12036 = CARTESIAN_POINT('',(0.,0.));
#12037 = VECTOR('',#12038,1.);
#12038 = DIRECTION('',(1.,0.));
#12039 = ( GEOMETRIC_REPRESENTATION_CONTEXT(2) 
PARAMETRIC_REPRESENTATION_CONTEXT() REPRESENTATION_CONTEXT('2D SPACE',''
  ) );
#12040 = PCURVE('',#11987,#12041);
#12041 = DEFINITIONAL_REPRESENTATION('',(#12042),#12046);
#12042 = LINE('',#12043,#12044);
#12043 = CARTESIAN_POINT('',(4.4140625,0.6640625));
#12044 = VECTOR('',#12045,1.);
#12045 = DIRECTION('',(0.,-1.));
#12046 = ( GEOMETRIC_REPRESENTATION_CONTEXT(2) 
PARAMETRIC_REPRESENTATION_CONTEXT() REPRESENTATION_CONTEXT('2D SPACE',''
  ) );
#12047 = ADVANCED_FACE('',(#12048),#4251,.F.);
#12048 = FACE_BOUND('',#12049,.F.);
#12049 = EDGE_LOOP('',(#12050,#12073,#12074,#12075));
#12050 = ORIENTED_EDGE('',*,*,#12051,.T.);
#12051 = EDGE_CURVE('',#12052,#4208,#12054,.T.);
#12052 = VERTEX_POINT('',#12053);
#12053 = CARTESIAN_POINT('',(3.39453125,37.89453125,5.35));
#12054 = SURFACE_CURVE('',#12055,(#12059,#12066),.PCURVE_S1.);
#12055 = LINE('',#12056,#12057);
#12056 = CARTESIAN_POINT('',(3.39453125,37.89453125,5.35));
#12057 = VECTOR('',#12058,1.);
#12058 = DIRECTION('',(0.,0.,1.));
#12059 = PCURVE('',#4251,#12060);
#12060 = DEFINITIONAL_REPRESENTATION('',(#12061),#12065);
#12061 = LINE('',#12062,#12063);
#12062 = CARTESIAN_POINT('',(0.,0.));
#12063 = VECTOR('',#12064,1.);
#12064 = DIRECTION('',(0.,-1.));
#12065 = ( GEOMETRIC_REPRESENTATION_CONTEXT(2) 
PARAMETRIC_REPRESENTATION_CONTEXT() REPRESENTATION_CONTEXT('2D SPACE',''
  ) );
#12066 = PCURVE('',#4223,#12067);
#12067 = DEFINITIONAL_REPRESENTATION('',(#12068),#12072);
#12068 = LINE('',#12069,#12070);
#12069 = CARTESIAN_POINT('',(5.16796875,0.));
#12070 = VECTOR('',#12071,1.);
#12071 = DIRECTION('',(0.,-1.));
#12072 = ( GEOMETRIC_REPRESENTATION_CONTEXT(2) 
PARAMETRIC_REPRESENTATION_CONTEXT() REPRESENTATION_CONTEXT('2D SPACE',''
  ) );
#12073 = ORIENTED_EDGE('',*,*,#4235,.T.);
#12074 = ORIENTED_EDGE('',*,*,#12002,.F.);
#12075 = ORIENTED_EDGE('',*,*,#12076,.F.);
#12076 = EDGE_CURVE('',#12052,#12003,#12077,.T.);
#12077 = SURFACE_CURVE('',#12078,(#12082,#12089),.PCURVE_S1.);
#12078 = LINE('',#12079,#12080);
#12079 = CARTESIAN_POINT('',(3.39453125,37.89453125,5.35));
#12080 = VECTOR('',#12081,1.);
#12081 = DIRECTION('',(1.,0.,0.));
#12082 = PCURVE('',#4251,#12083);
#12083 = DEFINITIONAL_REPRESENTATION('',(#12084),#12088);
#12084 = LINE('',#12085,#12086);
#12085 = CARTESIAN_POINT('',(0.,0.));
#12086 = VECTOR('',#12087,1.);
#12087 = DIRECTION('',(1.,0.));
#12088 = ( GEOMETRIC_REPRESENTATION_CONTEXT(2) 
PARAMETRIC_REPRESENTATION_CONTEXT() REPRESENTATION_CONTEXT('2D SPACE',''
  ) );
#12089 = PCURVE('',#11987,#12090);
#12090 = DEFINITIONAL_REPRESENTATION('',(#12091),#12095);
#12091 = LINE('',#12092,#12093);
#12092 = CARTESIAN_POINT('',(1.57421875,0.6640625));
#12093 = VECTOR('',#12094,1.);
#12094 = DIRECTION('',(1.,0.));
#12095 = ( GEOMETRIC_REPRESENTATION_CONTEXT(2) 
PARAMETRIC_REPRESENTATION_CONTEXT() REPRESENTATION_CONTEXT('2D SPACE',''
  ) );
#12096 = ADVANCED_FACE('',(#12097),#4223,.F.);
#12097 = FACE_BOUND('',#12098,.F.);
#12098 = EDGE_LOOP('',(#12099,#12122,#12123,#12124));
#12099 = ORIENTED_EDGE('',*,*,#12100,.T.);
#12100 = EDGE_CURVE('',#12101,#4180,#12103,.T.);
#12101 = VERTEX_POINT('',#12102);
#12102 = CARTESIAN_POINT('',(3.39453125,43.0625,5.35));
#12103 = SURFACE_CURVE('',#12104,(#12108,#12115),.PCURVE_S1.);
#12104 = LINE('',#12105,#12106);
#12105 = CARTESIAN_POINT('',(3.39453125,43.0625,5.35));
#12106 = VECTOR('',#12107,1.);
#12107 = DIRECTION('',(0.,0.,1.));
#12108 = PCURVE('',#4223,#12109);
#12109 = DEFINITIONAL_REPRESENTATION('',(#12110),#12114);
#12110 = LINE('',#12111,#12112);
#12111 = CARTESIAN_POINT('',(0.,0.));
#12112 = VECTOR('',#12113,1.);
#12113 = DIRECTION('',(0.,-1.));
#12114 = ( GEOMETRIC_REPRESENTATION_CONTEXT(2) 
PARAMETRIC_REPRESENTATION_CONTEXT() REPRESENTATION_CONTEXT('2D SPACE',''
  ) );
#12115 = PCURVE('',#4195,#12116);
#12116 = DEFINITIONAL_REPRESENTATION('',(#12117),#12121);
#12117 = LINE('',#12118,#12119);
#12118 = CARTESIAN_POINT('',(0.7890625,0.));
#12119 = VECTOR('',#12120,1.);
#12120 = DIRECTION('',(0.,-1.));
#12121 = ( GEOMETRIC_REPRESENTATION_CONTEXT(2) 
PARAMETRIC_REPRESENTATION_CONTEXT() REPRESENTATION_CONTEXT('2D SPACE',''
  ) );
#12122 = ORIENTED_EDGE('',*,*,#4207,.T.);
#12123 = ORIENTED_EDGE('',*,*,#12051,.F.);
#12124 = ORIENTED_EDGE('',*,*,#12125,.F.);
#12125 = EDGE_CURVE('',#12101,#12052,#12126,.T.);
#12126 = SURFACE_CURVE('',#12127,(#12131,#12138),.PCURVE_S1.);
#12127 = LINE('',#12128,#12129);
#12128 = CARTESIAN_POINT('',(3.39453125,43.0625,5.35));
#12129 = VECTOR('',#12130,1.);
#12130 = DIRECTION('',(0.,-1.,0.));
#12131 = PCURVE('',#4223,#12132);
#12132 = DEFINITIONAL_REPRESENTATION('',(#12133),#12137);
#12133 = LINE('',#12134,#12135);
#12134 = CARTESIAN_POINT('',(0.,0.));
#12135 = VECTOR('',#12136,1.);
#12136 = DIRECTION('',(1.,0.));
#12137 = ( GEOMETRIC_REPRESENTATION_CONTEXT(2) 
PARAMETRIC_REPRESENTATION_CONTEXT() REPRESENTATION_CONTEXT('2D SPACE',''
  ) );
#12138 = PCURVE('',#11987,#12139);
#12139 = DEFINITIONAL_REPRESENTATION('',(#12140),#12144);
#12140 = LINE('',#12141,#12142);
#12141 = CARTESIAN_POINT('',(1.57421875,5.83203125));
#12142 = VECTOR('',#12143,1.);
#12143 = DIRECTION('',(0.,-1.));
#12144 = ( GEOMETRIC_REPRESENTATION_CONTEXT(2) 
PARAMETRIC_REPRESENTATION_CONTEXT() REPRESENTATION_CONTEXT('2D SPACE',''
  ) );
#12145 = ADVANCED_FACE('',(#12146),#4195,.F.);
#12146 = FACE_BOUND('',#12147,.F.);
#12147 = EDGE_LOOP('',(#12148,#12171,#12172,#12173));
#12148 = ORIENTED_EDGE('',*,*,#12149,.T.);
#12149 = EDGE_CURVE('',#12150,#4152,#12152,.T.);
#12150 = VERTEX_POINT('',#12151);
#12151 = CARTESIAN_POINT('',(2.60546875,43.0625,5.35));
#12152 = SURFACE_CURVE('',#12153,(#12157,#12164),.PCURVE_S1.);
#12153 = LINE('',#12154,#12155);
#12154 = CARTESIAN_POINT('',(2.60546875,43.0625,5.35));
#12155 = VECTOR('',#12156,1.);
#12156 = DIRECTION('',(0.,0.,1.));
#12157 = PCURVE('',#4195,#12158);
#12158 = DEFINITIONAL_REPRESENTATION('',(#12159),#12163);
#12159 = LINE('',#12160,#12161);
#12160 = CARTESIAN_POINT('',(0.,0.));
#12161 = VECTOR('',#12162,1.);
#12162 = DIRECTION('',(0.,-1.));
#12163 = ( GEOMETRIC_REPRESENTATION_CONTEXT(2) 
PARAMETRIC_REPRESENTATION_CONTEXT() REPRESENTATION_CONTEXT('2D SPACE',''
  ) );
#12164 = PCURVE('',#4167,#12165);
#12165 = DEFINITIONAL_REPRESENTATION('',(#12166),#12170);
#12166 = LINE('',#12167,#12168);
#12167 = CARTESIAN_POINT('',(5.83203125,0.));
#12168 = VECTOR('',#12169,1.);
#12169 = DIRECTION('',(0.,-1.));
#12170 = ( GEOMETRIC_REPRESENTATION_CONTEXT(2) 
PARAMETRIC_REPRESENTATION_CONTEXT() REPRESENTATION_CONTEXT('2D SPACE',''
  ) );
#12171 = ORIENTED_EDGE('',*,*,#4179,.T.);
#12172 = ORIENTED_EDGE('',*,*,#12100,.F.);
#12173 = ORIENTED_EDGE('',*,*,#12174,.F.);
#12174 = EDGE_CURVE('',#12150,#12101,#12175,.T.);
#12175 = SURFACE_CURVE('',#12176,(#12180,#12187),.PCURVE_S1.);
#12176 = LINE('',#12177,#12178);
#12177 = CARTESIAN_POINT('',(2.60546875,43.0625,5.35));
#12178 = VECTOR('',#12179,1.);
#12179 = DIRECTION('',(1.,0.,0.));
#12180 = PCURVE('',#4195,#12181);
#12181 = DEFINITIONAL_REPRESENTATION('',(#12182),#12186);
#12182 = LINE('',#12183,#12184);
#12183 = CARTESIAN_POINT('',(0.,0.));
#12184 = VECTOR('',#12185,1.);
#12185 = DIRECTION('',(1.,0.));
#12186 = ( GEOMETRIC_REPRESENTATION_CONTEXT(2) 
PARAMETRIC_REPRESENTATION_CONTEXT() REPRESENTATION_CONTEXT('2D SPACE',''
  ) );
#12187 = PCURVE('',#11987,#12188);
#12188 = DEFINITIONAL_REPRESENTATION('',(#12189),#12193);
#12189 = LINE('',#12190,#12191);
#12190 = CARTESIAN_POINT('',(0.78515625,5.83203125));
#12191 = VECTOR('',#12192,1.);
#12192 = DIRECTION('',(1.,0.));
#12193 = ( GEOMETRIC_REPRESENTATION_CONTEXT(2) 
PARAMETRIC_REPRESENTATION_CONTEXT() REPRESENTATION_CONTEXT('2D SPACE',''
  ) );
#12194 = ADVANCED_FACE('',(#12195),#4167,.F.);
#12195 = FACE_BOUND('',#12196,.F.);
#12196 = EDGE_LOOP('',(#12197,#12198,#12199,#12200));
#12197 = ORIENTED_EDGE('',*,*,#11950,.T.);
#12198 = ORIENTED_EDGE('',*,*,#4151,.T.);
#12199 = ORIENTED_EDGE('',*,*,#12149,.F.);
#12200 = ORIENTED_EDGE('',*,*,#12201,.F.);
#12201 = EDGE_CURVE('',#11951,#12150,#12202,.T.);
#12202 = SURFACE_CURVE('',#12203,(#12207,#12214),.PCURVE_S1.);
#12203 = LINE('',#12204,#12205);
#12204 = CARTESIAN_POINT('',(2.60546875,37.23046875,5.35));
#12205 = VECTOR('',#12206,1.);
#12206 = DIRECTION('',(0.,1.,0.));
#12207 = PCURVE('',#4167,#12208);
#12208 = DEFINITIONAL_REPRESENTATION('',(#12209),#12213);
#12209 = LINE('',#12210,#12211);
#12210 = CARTESIAN_POINT('',(0.,0.));
#12211 = VECTOR('',#12212,1.);
#12212 = DIRECTION('',(1.,0.));
#12213 = ( GEOMETRIC_REPRESENTATION_CONTEXT(2) 
PARAMETRIC_REPRESENTATION_CONTEXT() REPRESENTATION_CONTEXT('2D SPACE',''
  ) );
#12214 = PCURVE('',#11987,#12215);
#12215 = DEFINITIONAL_REPRESENTATION('',(#12216),#12220);
#12216 = LINE('',#12217,#12218);
#12217 = CARTESIAN_POINT('',(0.78515625,0.));
#12218 = VECTOR('',#12219,1.);
#12219 = DIRECTION('',(0.,1.));
#12220 = ( GEOMETRIC_REPRESENTATION_CONTEXT(2) 
PARAMETRIC_REPRESENTATION_CONTEXT() REPRESENTATION_CONTEXT('2D SPACE',''
  ) );
#12221 = ADVANCED_FACE('',(#12222),#4309,.F.);
#12222 = FACE_BOUND('',#12223,.F.);
#12223 = EDGE_LOOP('',(#12224,#12247,#12248,#12271));
#12224 = ORIENTED_EDGE('',*,*,#12225,.T.);
#12225 = EDGE_CURVE('',#12226,#4292,#12228,.T.);
#12226 = VERTEX_POINT('',#12227);
#12227 = CARTESIAN_POINT('',(7.22265625,42.3984375,5.35));
#12228 = SURFACE_CURVE('',#12229,(#12233,#12240),.PCURVE_S1.);
#12229 = LINE('',#12230,#12231);
#12230 = CARTESIAN_POINT('',(7.22265625,42.3984375,5.35));
#12231 = VECTOR('',#12232,1.);
#12232 = DIRECTION('',(0.,0.,1.));
#12233 = PCURVE('',#4309,#12234);
#12234 = DEFINITIONAL_REPRESENTATION('',(#12235),#12239);
#12235 = LINE('',#12236,#12237);
#12236 = CARTESIAN_POINT('',(0.,-0.));
#12237 = VECTOR('',#12238,1.);
#12238 = DIRECTION('',(0.,-1.));
#12239 = ( GEOMETRIC_REPRESENTATION_CONTEXT(2) 
PARAMETRIC_REPRESENTATION_CONTEXT() REPRESENTATION_CONTEXT('2D SPACE',''
  ) );
#12240 = PCURVE('',#4503,#12241);
#12241 = DEFINITIONAL_REPRESENTATION('',(#12242),#12246);
#12242 = LINE('',#12243,#12244);
#12243 = CARTESIAN_POINT('',(5.16796875,0.));
#12244 = VECTOR('',#12245,1.);
#12245 = DIRECTION('',(0.,-1.));
#12246 = ( GEOMETRIC_REPRESENTATION_CONTEXT(2) 
PARAMETRIC_REPRESENTATION_CONTEXT() REPRESENTATION_CONTEXT('2D SPACE',''
  ) );
#12247 = ORIENTED_EDGE('',*,*,#4291,.T.);
#12248 = ORIENTED_EDGE('',*,*,#12249,.F.);
#12249 = EDGE_CURVE('',#12250,#4294,#12252,.T.);
#12250 = VERTEX_POINT('',#12251);
#12251 = CARTESIAN_POINT('',(5.15234375,42.3984375,5.35));
#12252 = SURFACE_CURVE('',#12253,(#12257,#12264),.PCURVE_S1.);
#12253 = LINE('',#12254,#12255);
#12254 = CARTESIAN_POINT('',(5.15234375,42.3984375,5.35));
#12255 = VECTOR('',#12256,1.);
#12256 = DIRECTION('',(0.,0.,1.));
#12257 = PCURVE('',#4309,#12258);
#12258 = DEFINITIONAL_REPRESENTATION('',(#12259),#12263);
#12259 = LINE('',#12260,#12261);
#12260 = CARTESIAN_POINT('',(2.0703125,0.));
#12261 = VECTOR('',#12262,1.);
#12262 = DIRECTION('',(0.,-1.));
#12263 = ( GEOMETRIC_REPRESENTATION_CONTEXT(2) 
PARAMETRIC_REPRESENTATION_CONTEXT() REPRESENTATION_CONTEXT('2D SPACE',''
  ) );
#12264 = PCURVE('',#4337,#12265);
#12265 = DEFINITIONAL_REPRESENTATION('',(#12266),#12270);
#12266 = LINE('',#12267,#12268);
#12267 = CARTESIAN_POINT('',(0.,0.));
#12268 = VECTOR('',#12269,1.);
#12269 = DIRECTION('',(0.,-1.));
#12270 = ( GEOMETRIC_REPRESENTATION_CONTEXT(2) 
PARAMETRIC_REPRESENTATION_CONTEXT() REPRESENTATION_CONTEXT('2D SPACE',''
  ) );
#12271 = ORIENTED_EDGE('',*,*,#12272,.F.);
#12272 = EDGE_CURVE('',#12226,#12250,#12273,.T.);
#12273 = SURFACE_CURVE('',#12274,(#12278,#12285),.PCURVE_S1.);
#12274 = LINE('',#12275,#12276);
#12275 = CARTESIAN_POINT('',(7.22265625,42.3984375,5.35));
#12276 = VECTOR('',#12277,1.);
#12277 = DIRECTION('',(-1.,0.,0.));
#12278 = PCURVE('',#4309,#12279);
#12279 = DEFINITIONAL_REPRESENTATION('',(#12280),#12284);
#12280 = LINE('',#12281,#12282);
#12281 = CARTESIAN_POINT('',(0.,-0.));
#12282 = VECTOR('',#12283,1.);
#12283 = DIRECTION('',(1.,0.));
#12284 = ( GEOMETRIC_REPRESENTATION_CONTEXT(2) 
PARAMETRIC_REPRESENTATION_CONTEXT() REPRESENTATION_CONTEXT('2D SPACE',''
  ) );
#12285 = PCURVE('',#12286,#12291);
#12286 = PLANE('',#12287);
#12287 = AXIS2_PLACEMENT_3D('',#12288,#12289,#12290);
#12288 = CARTESIAN_POINT('',(5.17578125,37.23046875,5.35));
#12289 = DIRECTION('',(0.,0.,1.));
#12290 = DIRECTION('',(1.,0.,0.));
#12291 = DEFINITIONAL_REPRESENTATION('',(#12292),#12296);
#12292 = LINE('',#12293,#12294);
#12293 = CARTESIAN_POINT('',(2.046875,5.16796875));
#12294 = VECTOR('',#12295,1.);
#12295 = DIRECTION('',(-1.,0.));
#12296 = ( GEOMETRIC_REPRESENTATION_CONTEXT(2) 
PARAMETRIC_REPRESENTATION_CONTEXT() REPRESENTATION_CONTEXT('2D SPACE',''
  ) );
#12297 = ADVANCED_FACE('',(#12298),#4503,.F.);
#12298 = FACE_BOUND('',#12299,.F.);
#12299 = EDGE_LOOP('',(#12300,#12323,#12324,#12325));
#12300 = ORIENTED_EDGE('',*,*,#12301,.T.);
#12301 = EDGE_CURVE('',#12302,#4462,#12304,.T.);
#12302 = VERTEX_POINT('',#12303);
#12303 = CARTESIAN_POINT('',(7.22265625,37.23046875,5.35));
#12304 = SURFACE_CURVE('',#12305,(#12309,#12316),.PCURVE_S1.);
#12305 = LINE('',#12306,#12307);
#12306 = CARTESIAN_POINT('',(7.22265625,37.23046875,5.35));
#12307 = VECTOR('',#12308,1.);
#12308 = DIRECTION('',(0.,0.,1.));
#12309 = PCURVE('',#4503,#12310);
#12310 = DEFINITIONAL_REPRESENTATION('',(#12311),#12315);
#12311 = LINE('',#12312,#12313);
#12312 = CARTESIAN_POINT('',(0.,0.));
#12313 = VECTOR('',#12314,1.);
#12314 = DIRECTION('',(0.,-1.));
#12315 = ( GEOMETRIC_REPRESENTATION_CONTEXT(2) 
PARAMETRIC_REPRESENTATION_CONTEXT() REPRESENTATION_CONTEXT('2D SPACE',''
  ) );
#12316 = PCURVE('',#4477,#12317);
#12317 = DEFINITIONAL_REPRESENTATION('',(#12318),#12322);
#12318 = LINE('',#12319,#12320);
#12319 = CARTESIAN_POINT('',(0.79296875,0.));
#12320 = VECTOR('',#12321,1.);
#12321 = DIRECTION('',(0.,-1.));
#12322 = ( GEOMETRIC_REPRESENTATION_CONTEXT(2) 
PARAMETRIC_REPRESENTATION_CONTEXT() REPRESENTATION_CONTEXT('2D SPACE',''
  ) );
#12323 = ORIENTED_EDGE('',*,*,#4489,.T.);
#12324 = ORIENTED_EDGE('',*,*,#12225,.F.);
#12325 = ORIENTED_EDGE('',*,*,#12326,.F.);
#12326 = EDGE_CURVE('',#12302,#12226,#12327,.T.);
#12327 = SURFACE_CURVE('',#12328,(#12332,#12339),.PCURVE_S1.);
#12328 = LINE('',#12329,#12330);
#12329 = CARTESIAN_POINT('',(7.22265625,37.23046875,5.35));
#12330 = VECTOR('',#12331,1.);
#12331 = DIRECTION('',(0.,1.,0.));
#12332 = PCURVE('',#4503,#12333);
#12333 = DEFINITIONAL_REPRESENTATION('',(#12334),#12338);
#12334 = LINE('',#12335,#12336);
#12335 = CARTESIAN_POINT('',(0.,0.));
#12336 = VECTOR('',#12337,1.);
#12337 = DIRECTION('',(1.,0.));
#12338 = ( GEOMETRIC_REPRESENTATION_CONTEXT(2) 
PARAMETRIC_REPRESENTATION_CONTEXT() REPRESENTATION_CONTEXT('2D SPACE',''
  ) );
#12339 = PCURVE('',#12286,#12340);
#12340 = DEFINITIONAL_REPRESENTATION('',(#12341),#12345);
#12341 = LINE('',#12342,#12343);
#12342 = CARTESIAN_POINT('',(2.046875,0.));
#12343 = VECTOR('',#12344,1.);
#12344 = DIRECTION('',(0.,1.));
#12345 = ( GEOMETRIC_REPRESENTATION_CONTEXT(2) 
PARAMETRIC_REPRESENTATION_CONTEXT() REPRESENTATION_CONTEXT('2D SPACE',''
  ) );
#12346 = ADVANCED_FACE('',(#12347),#4477,.F.);
#12347 = FACE_BOUND('',#12348,.F.);
#12348 = EDGE_LOOP('',(#12349,#12372,#12373,#12374));
#12349 = ORIENTED_EDGE('',*,*,#12350,.T.);
#12350 = EDGE_CURVE('',#12351,#4434,#12353,.T.);
#12351 = VERTEX_POINT('',#12352);
#12352 = CARTESIAN_POINT('',(8.015625,37.23046875,5.35));
#12353 = SURFACE_CURVE('',#12354,(#12358,#12365),.PCURVE_S1.);
#12354 = LINE('',#12355,#12356);
#12355 = CARTESIAN_POINT('',(8.015625,37.23046875,5.35));
#12356 = VECTOR('',#12357,1.);
#12357 = DIRECTION('',(0.,0.,1.));
#12358 = PCURVE('',#4477,#12359);
#12359 = DEFINITIONAL_REPRESENTATION('',(#12360),#12364);
#12360 = LINE('',#12361,#12362);
#12361 = CARTESIAN_POINT('',(0.,-0.));
#12362 = VECTOR('',#12363,1.);
#12363 = DIRECTION('',(0.,-1.));
#12364 = ( GEOMETRIC_REPRESENTATION_CONTEXT(2) 
PARAMETRIC_REPRESENTATION_CONTEXT() REPRESENTATION_CONTEXT('2D SPACE',''
  ) );
#12365 = PCURVE('',#4449,#12366);
#12366 = DEFINITIONAL_REPRESENTATION('',(#12367),#12371);
#12367 = LINE('',#12368,#12369);
#12368 = CARTESIAN_POINT('',(5.16796875,0.));
#12369 = VECTOR('',#12370,1.);
#12370 = DIRECTION('',(0.,-1.));
#12371 = ( GEOMETRIC_REPRESENTATION_CONTEXT(2) 
PARAMETRIC_REPRESENTATION_CONTEXT() REPRESENTATION_CONTEXT('2D SPACE',''
  ) );
#12372 = ORIENTED_EDGE('',*,*,#4461,.T.);
#12373 = ORIENTED_EDGE('',*,*,#12301,.F.);
#12374 = ORIENTED_EDGE('',*,*,#12375,.F.);
#12375 = EDGE_CURVE('',#12351,#12302,#12376,.T.);
#12376 = SURFACE_CURVE('',#12377,(#12381,#12388),.PCURVE_S1.);
#12377 = LINE('',#12378,#12379);
#12378 = CARTESIAN_POINT('',(8.015625,37.23046875,5.35));
#12379 = VECTOR('',#12380,1.);
#12380 = DIRECTION('',(-1.,0.,0.));
#12381 = PCURVE('',#4477,#12382);
#12382 = DEFINITIONAL_REPRESENTATION('',(#12383),#12387);
#12383 = LINE('',#12384,#12385);
#12384 = CARTESIAN_POINT('',(0.,-0.));
#12385 = VECTOR('',#12386,1.);
#12386 = DIRECTION('',(1.,0.));
#12387 = ( GEOMETRIC_REPRESENTATION_CONTEXT(2) 
PARAMETRIC_REPRESENTATION_CONTEXT() REPRESENTATION_CONTEXT('2D SPACE',''
  ) );
#12388 = PCURVE('',#12286,#12389);
#12389 = DEFINITIONAL_REPRESENTATION('',(#12390),#12394);
#12390 = LINE('',#12391,#12392);
#12391 = CARTESIAN_POINT('',(2.83984375,0.));
#12392 = VECTOR('',#12393,1.);
#12393 = DIRECTION('',(-1.,0.));
#12394 = ( GEOMETRIC_REPRESENTATION_CONTEXT(2) 
PARAMETRIC_REPRESENTATION_CONTEXT() REPRESENTATION_CONTEXT('2D SPACE',''
  ) );
#12395 = ADVANCED_FACE('',(#12396),#4449,.F.);
#12396 = FACE_BOUND('',#12397,.F.);
#12397 = EDGE_LOOP('',(#12398,#12421,#12422,#12423));
#12398 = ORIENTED_EDGE('',*,*,#12399,.T.);
#12399 = EDGE_CURVE('',#12400,#4406,#12402,.T.);
#12400 = VERTEX_POINT('',#12401);
#12401 = CARTESIAN_POINT('',(8.015625,42.3984375,5.35));
#12402 = SURFACE_CURVE('',#12403,(#12407,#12414),.PCURVE_S1.);
#12403 = LINE('',#12404,#12405);
#12404 = CARTESIAN_POINT('',(8.015625,42.3984375,5.35));
#12405 = VECTOR('',#12406,1.);
#12406 = DIRECTION('',(0.,0.,1.));
#12407 = PCURVE('',#4449,#12408);
#12408 = DEFINITIONAL_REPRESENTATION('',(#12409),#12413);
#12409 = LINE('',#12410,#12411);
#12410 = CARTESIAN_POINT('',(0.,0.));
#12411 = VECTOR('',#12412,1.);
#12412 = DIRECTION('',(0.,-1.));
#12413 = ( GEOMETRIC_REPRESENTATION_CONTEXT(2) 
PARAMETRIC_REPRESENTATION_CONTEXT() REPRESENTATION_CONTEXT('2D SPACE',''
  ) );
#12414 = PCURVE('',#4421,#12415);
#12415 = DEFINITIONAL_REPRESENTATION('',(#12416),#12420);
#12416 = LINE('',#12417,#12418);
#12417 = CARTESIAN_POINT('',(2.0703125,0.));
#12418 = VECTOR('',#12419,1.);
#12419 = DIRECTION('',(0.,-1.));
#12420 = ( GEOMETRIC_REPRESENTATION_CONTEXT(2) 
PARAMETRIC_REPRESENTATION_CONTEXT() REPRESENTATION_CONTEXT('2D SPACE',''
  ) );
#12421 = ORIENTED_EDGE('',*,*,#4433,.T.);
#12422 = ORIENTED_EDGE('',*,*,#12350,.F.);
#12423 = ORIENTED_EDGE('',*,*,#12424,.F.);
#12424 = EDGE_CURVE('',#12400,#12351,#12425,.T.);
#12425 = SURFACE_CURVE('',#12426,(#12430,#12437),.PCURVE_S1.);
#12426 = LINE('',#12427,#12428);
#12427 = CARTESIAN_POINT('',(8.015625,42.3984375,5.35));
#12428 = VECTOR('',#12429,1.);
#12429 = DIRECTION('',(0.,-1.,0.));
#12430 = PCURVE('',#4449,#12431);
#12431 = DEFINITIONAL_REPRESENTATION('',(#12432),#12436);
#12432 = LINE('',#12433,#12434);
#12433 = CARTESIAN_POINT('',(0.,0.));
#12434 = VECTOR('',#12435,1.);
#12435 = DIRECTION('',(1.,0.));
#12436 = ( GEOMETRIC_REPRESENTATION_CONTEXT(2) 
PARAMETRIC_REPRESENTATION_CONTEXT() REPRESENTATION_CONTEXT('2D SPACE',''
  ) );
#12437 = PCURVE('',#12286,#12438);
#12438 = DEFINITIONAL_REPRESENTATION('',(#12439),#12443);
#12439 = LINE('',#12440,#12441);
#12440 = CARTESIAN_POINT('',(2.83984375,5.16796875));
#12441 = VECTOR('',#12442,1.);
#12442 = DIRECTION('',(0.,-1.));
#12443 = ( GEOMETRIC_REPRESENTATION_CONTEXT(2) 
PARAMETRIC_REPRESENTATION_CONTEXT() REPRESENTATION_CONTEXT('2D SPACE',''
  ) );
#12444 = ADVANCED_FACE('',(#12445),#4421,.F.);
#12445 = FACE_BOUND('',#12446,.F.);
#12446 = EDGE_LOOP('',(#12447,#12470,#12471,#12472));
#12447 = ORIENTED_EDGE('',*,*,#12448,.T.);
#12448 = EDGE_CURVE('',#12449,#4378,#12451,.T.);
#12449 = VERTEX_POINT('',#12450);
#12450 = CARTESIAN_POINT('',(10.0859375,42.3984375,5.35));
#12451 = SURFACE_CURVE('',#12452,(#12456,#12463),.PCURVE_S1.);
#12452 = LINE('',#12453,#12454);
#12453 = CARTESIAN_POINT('',(10.0859375,42.3984375,5.35));
#12454 = VECTOR('',#12455,1.);
#12455 = DIRECTION('',(0.,0.,1.));
#12456 = PCURVE('',#4421,#12457);
#12457 = DEFINITIONAL_REPRESENTATION('',(#12458),#12462);
#12458 = LINE('',#12459,#12460);
#12459 = CARTESIAN_POINT('',(0.,-0.));
#12460 = VECTOR('',#12461,1.);
#12461 = DIRECTION('',(0.,-1.));
#12462 = ( GEOMETRIC_REPRESENTATION_CONTEXT(2) 
PARAMETRIC_REPRESENTATION_CONTEXT() REPRESENTATION_CONTEXT('2D SPACE',''
  ) );
#12463 = PCURVE('',#4393,#12464);
#12464 = DEFINITIONAL_REPRESENTATION('',(#12465),#12469);
#12465 = LINE('',#12466,#12467);
#12466 = CARTESIAN_POINT('',(0.6640625,0.));
#12467 = VECTOR('',#12468,1.);
#12468 = DIRECTION('',(0.,-1.));
#12469 = ( GEOMETRIC_REPRESENTATION_CONTEXT(2) 
PARAMETRIC_REPRESENTATION_CONTEXT() REPRESENTATION_CONTEXT('2D SPACE',''
  ) );
#12470 = ORIENTED_EDGE('',*,*,#4405,.T.);
#12471 = ORIENTED_EDGE('',*,*,#12399,.F.);
#12472 = ORIENTED_EDGE('',*,*,#12473,.F.);
#12473 = EDGE_CURVE('',#12449,#12400,#12474,.T.);
#12474 = SURFACE_CURVE('',#12475,(#12479,#12486),.PCURVE_S1.);
#12475 = LINE('',#12476,#12477);
#12476 = CARTESIAN_POINT('',(10.0859375,42.3984375,5.35));
#12477 = VECTOR('',#12478,1.);
#12478 = DIRECTION('',(-1.,0.,0.));
#12479 = PCURVE('',#4421,#12480);
#12480 = DEFINITIONAL_REPRESENTATION('',(#12481),#12485);
#12481 = LINE('',#12482,#12483);
#12482 = CARTESIAN_POINT('',(0.,-0.));
#12483 = VECTOR('',#12484,1.);
#12484 = DIRECTION('',(1.,0.));
#12485 = ( GEOMETRIC_REPRESENTATION_CONTEXT(2) 
PARAMETRIC_REPRESENTATION_CONTEXT() REPRESENTATION_CONTEXT('2D SPACE',''
  ) );
#12486 = PCURVE('',#12286,#12487);
#12487 = DEFINITIONAL_REPRESENTATION('',(#12488),#12492);
#12488 = LINE('',#12489,#12490);
#12489 = CARTESIAN_POINT('',(4.91015625,5.16796875));
#12490 = VECTOR('',#12491,1.);
#12491 = DIRECTION('',(-1.,0.));
#12492 = ( GEOMETRIC_REPRESENTATION_CONTEXT(2) 
PARAMETRIC_REPRESENTATION_CONTEXT() REPRESENTATION_CONTEXT('2D SPACE',''
  ) );
#12493 = ADVANCED_FACE('',(#12494),#4393,.F.);
#12494 = FACE_BOUND('',#12495,.F.);
#12495 = EDGE_LOOP('',(#12496,#12519,#12520,#12521));
#12496 = ORIENTED_EDGE('',*,*,#12497,.T.);
#12497 = EDGE_CURVE('',#12498,#4350,#12500,.T.);
#12498 = VERTEX_POINT('',#12499);
#12499 = CARTESIAN_POINT('',(10.0859375,43.0625,5.35));
#12500 = SURFACE_CURVE('',#12501,(#12505,#12512),.PCURVE_S1.);
#12501 = LINE('',#12502,#12503);
#12502 = CARTESIAN_POINT('',(10.0859375,43.0625,5.35));
#12503 = VECTOR('',#12504,1.);
#12504 = DIRECTION('',(0.,0.,1.));
#12505 = PCURVE('',#4393,#12506);
#12506 = DEFINITIONAL_REPRESENTATION('',(#12507),#12511);
#12507 = LINE('',#12508,#12509);
#12508 = CARTESIAN_POINT('',(0.,0.));
#12509 = VECTOR('',#12510,1.);
#12510 = DIRECTION('',(0.,-1.));
#12511 = ( GEOMETRIC_REPRESENTATION_CONTEXT(2) 
PARAMETRIC_REPRESENTATION_CONTEXT() REPRESENTATION_CONTEXT('2D SPACE',''
  ) );
#12512 = PCURVE('',#4365,#12513);
#12513 = DEFINITIONAL_REPRESENTATION('',(#12514),#12518);
#12514 = LINE('',#12515,#12516);
#12515 = CARTESIAN_POINT('',(4.93359375,0.));
#12516 = VECTOR('',#12517,1.);
#12517 = DIRECTION('',(0.,-1.));
#12518 = ( GEOMETRIC_REPRESENTATION_CONTEXT(2) 
PARAMETRIC_REPRESENTATION_CONTEXT() REPRESENTATION_CONTEXT('2D SPACE',''
  ) );
#12519 = ORIENTED_EDGE('',*,*,#4377,.T.);
#12520 = ORIENTED_EDGE('',*,*,#12448,.F.);
#12521 = ORIENTED_EDGE('',*,*,#12522,.F.);
#12522 = EDGE_CURVE('',#12498,#12449,#12523,.T.);
#12523 = SURFACE_CURVE('',#12524,(#12528,#12535),.PCURVE_S1.);
#12524 = LINE('',#12525,#12526);
#12525 = CARTESIAN_POINT('',(10.0859375,43.0625,5.35));
#12526 = VECTOR('',#12527,1.);
#12527 = DIRECTION('',(0.,-1.,0.));
#12528 = PCURVE('',#4393,#12529);
#12529 = DEFINITIONAL_REPRESENTATION('',(#12530),#12534);
#12530 = LINE('',#12531,#12532);
#12531 = CARTESIAN_POINT('',(0.,0.));
#12532 = VECTOR('',#12533,1.);
#12533 = DIRECTION('',(1.,0.));
#12534 = ( GEOMETRIC_REPRESENTATION_CONTEXT(2) 
PARAMETRIC_REPRESENTATION_CONTEXT() REPRESENTATION_CONTEXT('2D SPACE',''
  ) );
#12535 = PCURVE('',#12286,#12536);
#12536 = DEFINITIONAL_REPRESENTATION('',(#12537),#12541);
#12537 = LINE('',#12538,#12539);
#12538 = CARTESIAN_POINT('',(4.91015625,5.83203125));
#12539 = VECTOR('',#12540,1.);
#12540 = DIRECTION('',(0.,-1.));
#12541 = ( GEOMETRIC_REPRESENTATION_CONTEXT(2) 
PARAMETRIC_REPRESENTATION_CONTEXT() REPRESENTATION_CONTEXT('2D SPACE',''
  ) );
#12542 = ADVANCED_FACE('',(#12543),#4365,.F.);
#12543 = FACE_BOUND('',#12544,.F.);
#12544 = EDGE_LOOP('',(#12545,#12568,#12569,#12570));
#12545 = ORIENTED_EDGE('',*,*,#12546,.T.);
#12546 = EDGE_CURVE('',#12547,#4322,#12549,.T.);
#12547 = VERTEX_POINT('',#12548);
#12548 = CARTESIAN_POINT('',(5.15234375,43.0625,5.35));
#12549 = SURFACE_CURVE('',#12550,(#12554,#12561),.PCURVE_S1.);
#12550 = LINE('',#12551,#12552);
#12551 = CARTESIAN_POINT('',(5.15234375,43.0625,5.35));
#12552 = VECTOR('',#12553,1.);
#12553 = DIRECTION('',(0.,0.,1.));
#12554 = PCURVE('',#4365,#12555);
#12555 = DEFINITIONAL_REPRESENTATION('',(#12556),#12560);
#12556 = LINE('',#12557,#12558);
#12557 = CARTESIAN_POINT('',(0.,0.));
#12558 = VECTOR('',#12559,1.);
#12559 = DIRECTION('',(0.,-1.));
#12560 = ( GEOMETRIC_REPRESENTATION_CONTEXT(2) 
PARAMETRIC_REPRESENTATION_CONTEXT() REPRESENTATION_CONTEXT('2D SPACE',''
  ) );
#12561 = PCURVE('',#4337,#12562);
#12562 = DEFINITIONAL_REPRESENTATION('',(#12563),#12567);
#12563 = LINE('',#12564,#12565);
#12564 = CARTESIAN_POINT('',(0.6640625,0.));
#12565 = VECTOR('',#12566,1.);
#12566 = DIRECTION('',(0.,-1.));
#12567 = ( GEOMETRIC_REPRESENTATION_CONTEXT(2) 
PARAMETRIC_REPRESENTATION_CONTEXT() REPRESENTATION_CONTEXT('2D SPACE',''
  ) );
#12568 = ORIENTED_EDGE('',*,*,#4349,.T.);
#12569 = ORIENTED_EDGE('',*,*,#12497,.F.);
#12570 = ORIENTED_EDGE('',*,*,#12571,.F.);
#12571 = EDGE_CURVE('',#12547,#12498,#12572,.T.);
#12572 = SURFACE_CURVE('',#12573,(#12577,#12584),.PCURVE_S1.);
#12573 = LINE('',#12574,#12575);
#12574 = CARTESIAN_POINT('',(5.15234375,43.0625,5.35));
#12575 = VECTOR('',#12576,1.);
#12576 = DIRECTION('',(1.,0.,0.));
#12577 = PCURVE('',#4365,#12578);
#12578 = DEFINITIONAL_REPRESENTATION('',(#12579),#12583);
#12579 = LINE('',#12580,#12581);
#12580 = CARTESIAN_POINT('',(0.,0.));
#12581 = VECTOR('',#12582,1.);
#12582 = DIRECTION('',(1.,0.));
#12583 = ( GEOMETRIC_REPRESENTATION_CONTEXT(2) 
PARAMETRIC_REPRESENTATION_CONTEXT() REPRESENTATION_CONTEXT('2D SPACE',''
  ) );
#12584 = PCURVE('',#12286,#12585);
#12585 = DEFINITIONAL_REPRESENTATION('',(#12586),#12590);
#12586 = LINE('',#12587,#12588);
#12587 = CARTESIAN_POINT('',(-2.34375E-02,5.83203125));
#12588 = VECTOR('',#12589,1.);
#12589 = DIRECTION('',(1.,0.));
#12590 = ( GEOMETRIC_REPRESENTATION_CONTEXT(2) 
PARAMETRIC_REPRESENTATION_CONTEXT() REPRESENTATION_CONTEXT('2D SPACE',''
  ) );
#12591 = ADVANCED_FACE('',(#12592),#4337,.F.);
#12592 = FACE_BOUND('',#12593,.F.);
#12593 = EDGE_LOOP('',(#12594,#12595,#12596,#12597));
#12594 = ORIENTED_EDGE('',*,*,#12249,.T.);
#12595 = ORIENTED_EDGE('',*,*,#4321,.T.);
#12596 = ORIENTED_EDGE('',*,*,#12546,.F.);
#12597 = ORIENTED_EDGE('',*,*,#12598,.F.);
#12598 = EDGE_CURVE('',#12250,#12547,#12599,.T.);
#12599 = SURFACE_CURVE('',#12600,(#12604,#12611),.PCURVE_S1.);
#12600 = LINE('',#12601,#12602);
#12601 = CARTESIAN_POINT('',(5.15234375,42.3984375,5.35));
#12602 = VECTOR('',#12603,1.);
#12603 = DIRECTION('',(0.,1.,0.));
#12604 = PCURVE('',#4337,#12605);
#12605 = DEFINITIONAL_REPRESENTATION('',(#12606),#12610);
#12606 = LINE('',#12607,#12608);
#12607 = CARTESIAN_POINT('',(0.,0.));
#12608 = VECTOR('',#12609,1.);
#12609 = DIRECTION('',(1.,0.));
#12610 = ( GEOMETRIC_REPRESENTATION_CONTEXT(2) 
PARAMETRIC_REPRESENTATION_CONTEXT() REPRESENTATION_CONTEXT('2D SPACE',''
  ) );
#12611 = PCURVE('',#12286,#12612);
#12612 = DEFINITIONAL_REPRESENTATION('',(#12613),#12617);
#12613 = LINE('',#12614,#12615);
#12614 = CARTESIAN_POINT('',(-2.34375E-02,5.16796875));
#12615 = VECTOR('',#12616,1.);
#12616 = DIRECTION('',(0.,1.));
#12617 = ( GEOMETRIC_REPRESENTATION_CONTEXT(2) 
PARAMETRIC_REPRESENTATION_CONTEXT() REPRESENTATION_CONTEXT('2D SPACE',''
  ) );
#12618 = ADVANCED_FACE('',(#12619),#4535,.F.);
#12619 = FACE_BOUND('',#12620,.F.);
#12620 = EDGE_LOOP('',(#12621,#12644,#12645,#12668));
#12621 = ORIENTED_EDGE('',*,*,#12622,.T.);
#12622 = EDGE_CURVE('',#12623,#4518,#12625,.T.);
#12623 = VERTEX_POINT('',#12624);
#12624 = CARTESIAN_POINT('',(13.876953125,43.029296875,5.35));
#12625 = SURFACE_CURVE('',#12626,(#12630,#12637),.PCURVE_S1.);
#12626 = LINE('',#12627,#12628);
#12627 = CARTESIAN_POINT('',(13.876953125,43.029296875,5.35));
#12628 = VECTOR('',#12629,1.);
#12629 = DIRECTION('',(0.,0.,1.));
#12630 = PCURVE('',#4535,#12631);
#12631 = DEFINITIONAL_REPRESENTATION('',(#12632),#12636);
#12632 = LINE('',#12633,#12634);
#12633 = CARTESIAN_POINT('',(0.,0.));
#12634 = VECTOR('',#12635,1.);
#12635 = DIRECTION('',(0.,-1.));
#12636 = ( GEOMETRIC_REPRESENTATION_CONTEXT(2) 
PARAMETRIC_REPRESENTATION_CONTEXT() REPRESENTATION_CONTEXT('2D SPACE',''
  ) );
#12637 = PCURVE('',#5039,#12638);
#12638 = DEFINITIONAL_REPRESENTATION('',(#12639),#12643);
#12639 = LINE('',#12640,#12641);
#12640 = CARTESIAN_POINT('',(1.,0.));
#12641 = VECTOR('',#12642,1.);
#12642 = DIRECTION('',(0.,-1.));
#12643 = ( GEOMETRIC_REPRESENTATION_CONTEXT(2) 
PARAMETRIC_REPRESENTATION_CONTEXT() REPRESENTATION_CONTEXT('2D SPACE',''
  ) );
#12644 = ORIENTED_EDGE('',*,*,#4517,.T.);
#12645 = ORIENTED_EDGE('',*,*,#12646,.F.);
#12646 = EDGE_CURVE('',#12647,#4520,#12649,.T.);
#12647 = VERTEX_POINT('',#12648);
#12648 = CARTESIAN_POINT('',(14.74609375,42.61328125,5.35));
#12649 = SURFACE_CURVE('',#12650,(#12654,#12661),.PCURVE_S1.);
#12650 = LINE('',#12651,#12652);
#12651 = CARTESIAN_POINT('',(14.74609375,42.61328125,5.35));
#12652 = VECTOR('',#12653,1.);
#12653 = DIRECTION('',(0.,0.,1.));
#12654 = PCURVE('',#4535,#12655);
#12655 = DEFINITIONAL_REPRESENTATION('',(#12656),#12660);
#12656 = LINE('',#12657,#12658);
#12657 = CARTESIAN_POINT('',(1.,0.));
#12658 = VECTOR('',#12659,1.);
#12659 = DIRECTION('',(0.,-1.));
#12660 = ( GEOMETRIC_REPRESENTATION_CONTEXT(2) 
PARAMETRIC_REPRESENTATION_CONTEXT() REPRESENTATION_CONTEXT('2D SPACE',''
  ) );
#12661 = PCURVE('',#4565,#12662);
#12662 = DEFINITIONAL_REPRESENTATION('',(#12663),#12667);
#12663 = LINE('',#12664,#12665);
#12664 = CARTESIAN_POINT('',(0.,0.));
#12665 = VECTOR('',#12666,1.);
#12666 = DIRECTION('',(0.,-1.));
#12667 = ( GEOMETRIC_REPRESENTATION_CONTEXT(2) 
PARAMETRIC_REPRESENTATION_CONTEXT() REPRESENTATION_CONTEXT('2D SPACE',''
  ) );
#12668 = ORIENTED_EDGE('',*,*,#12669,.F.);
#12669 = EDGE_CURVE('',#12623,#12647,#12670,.T.);
#12670 = SURFACE_CURVE('',#12671,(#12675,#12682),.PCURVE_S1.);
#12671 = B_SPLINE_CURVE_WITH_KNOTS('',2,(#12672,#12673,#12674),
  .UNSPECIFIED.,.F.,.F.,(3,3),(0.,1.),.PIECEWISE_BEZIER_KNOTS.);
#12672 = CARTESIAN_POINT('',(13.876953125,43.029296875,5.35));
#12673 = CARTESIAN_POINT('',(14.33984375,42.890625,5.35));
#12674 = CARTESIAN_POINT('',(14.74609375,42.61328125,5.35));
#12675 = PCURVE('',#4535,#12676);
#12676 = DEFINITIONAL_REPRESENTATION('',(#12677),#12681);
#12677 = LINE('',#12678,#12679);
#12678 = CARTESIAN_POINT('',(0.,0.));
#12679 = VECTOR('',#12680,1.);
#12680 = DIRECTION('',(1.,0.));
#12681 = ( GEOMETRIC_REPRESENTATION_CONTEXT(2) 
PARAMETRIC_REPRESENTATION_CONTEXT() REPRESENTATION_CONTEXT('2D SPACE',''
  ) );
#12682 = PCURVE('',#12683,#12688);
#12683 = PLANE('',#12684);
#12684 = AXIS2_PLACEMENT_3D('',#12685,#12686,#12687);
#12685 = CARTESIAN_POINT('',(9.59375,37.23046875,5.35));
#12686 = DIRECTION('',(0.,0.,1.));
#12687 = DIRECTION('',(1.,0.,0.));
#12688 = DEFINITIONAL_REPRESENTATION('',(#12689),#12693);
#12689 = B_SPLINE_CURVE_WITH_KNOTS('',2,(#12690,#12691,#12692),
  .UNSPECIFIED.,.F.,.F.,(3,3),(0.,1.),.PIECEWISE_BEZIER_KNOTS.);
#12690 = CARTESIAN_POINT('',(4.283203125,5.798828125));
#12691 = CARTESIAN_POINT('',(4.74609375,5.66015625));
#12692 = CARTESIAN_POINT('',(5.15234375,5.3828125));
#12693 = ( GEOMETRIC_REPRESENTATION_CONTEXT(2) 
PARAMETRIC_REPRESENTATION_CONTEXT() REPRESENTATION_CONTEXT('2D SPACE',''
  ) );
#12694 = ADVANCED_FACE('',(#12695),#5039,.F.);
#12695 = FACE_BOUND('',#12696,.F.);
#12696 = EDGE_LOOP('',(#12697,#12720,#12721,#12722));
#12697 = ORIENTED_EDGE('',*,*,#12698,.T.);
#12698 = EDGE_CURVE('',#12699,#4996,#12701,.T.);
#12699 = VERTEX_POINT('',#12700);
#12700 = CARTESIAN_POINT('',(12.890625,43.16796875,5.35));
#12701 = SURFACE_CURVE('',#12702,(#12706,#12713),.PCURVE_S1.);
#12702 = LINE('',#12703,#12704);
#12703 = CARTESIAN_POINT('',(12.890625,43.16796875,5.35));
#12704 = VECTOR('',#12705,1.);
#12705 = DIRECTION('',(0.,0.,1.));
#12706 = PCURVE('',#5039,#12707);
#12707 = DEFINITIONAL_REPRESENTATION('',(#12708),#12712);
#12708 = LINE('',#12709,#12710);
#12709 = CARTESIAN_POINT('',(0.,0.));
#12710 = VECTOR('',#12711,1.);
#12711 = DIRECTION('',(0.,-1.));
#12712 = ( GEOMETRIC_REPRESENTATION_CONTEXT(2) 
PARAMETRIC_REPRESENTATION_CONTEXT() REPRESENTATION_CONTEXT('2D SPACE',''
  ) );
#12713 = PCURVE('',#5011,#12714);
#12714 = DEFINITIONAL_REPRESENTATION('',(#12715),#12719);
#12715 = LINE('',#12716,#12717);
#12716 = CARTESIAN_POINT('',(1.,0.));
#12717 = VECTOR('',#12718,1.);
#12718 = DIRECTION('',(0.,-1.));
#12719 = ( GEOMETRIC_REPRESENTATION_CONTEXT(2) 
PARAMETRIC_REPRESENTATION_CONTEXT() REPRESENTATION_CONTEXT('2D SPACE',''
  ) );
#12720 = ORIENTED_EDGE('',*,*,#5025,.T.);
#12721 = ORIENTED_EDGE('',*,*,#12622,.F.);
#12722 = ORIENTED_EDGE('',*,*,#12723,.F.);
#12723 = EDGE_CURVE('',#12699,#12623,#12724,.T.);
#12724 = SURFACE_CURVE('',#12725,(#12729,#12736),.PCURVE_S1.);
#12725 = B_SPLINE_CURVE_WITH_KNOTS('',2,(#12726,#12727,#12728),
  .UNSPECIFIED.,.F.,.F.,(3,3),(0.,1.),.PIECEWISE_BEZIER_KNOTS.);
#12726 = CARTESIAN_POINT('',(12.890625,43.16796875,5.35));
#12727 = CARTESIAN_POINT('',(13.4140625,43.16796875,5.35));
#12728 = CARTESIAN_POINT('',(13.876953125,43.029296875,5.35));
#12729 = PCURVE('',#5039,#12730);
#12730 = DEFINITIONAL_REPRESENTATION('',(#12731),#12735);
#12731 = LINE('',#12732,#12733);
#12732 = CARTESIAN_POINT('',(0.,0.));
#12733 = VECTOR('',#12734,1.);
#12734 = DIRECTION('',(1.,0.));
#12735 = ( GEOMETRIC_REPRESENTATION_CONTEXT(2) 
PARAMETRIC_REPRESENTATION_CONTEXT() REPRESENTATION_CONTEXT('2D SPACE',''
  ) );
#12736 = PCURVE('',#12683,#12737);
#12737 = DEFINITIONAL_REPRESENTATION('',(#12738),#12742);
#12738 = B_SPLINE_CURVE_WITH_KNOTS('',2,(#12739,#12740,#12741),
  .UNSPECIFIED.,.F.,.F.,(3,3),(0.,1.),.PIECEWISE_BEZIER_KNOTS.);
#12739 = CARTESIAN_POINT('',(3.296875,5.9375));
#12740 = CARTESIAN_POINT('',(3.8203125,5.9375));
#12741 = CARTESIAN_POINT('',(4.283203125,5.798828125));
#12742 = ( GEOMETRIC_REPRESENTATION_CONTEXT(2) 
PARAMETRIC_REPRESENTATION_CONTEXT() REPRESENTATION_CONTEXT('2D SPACE',''
  ) );
#12743 = ADVANCED_FACE('',(#12744),#5011,.F.);
#12744 = FACE_BOUND('',#12745,.F.);
#12745 = EDGE_LOOP('',(#12746,#12769,#12770,#12771));
#12746 = ORIENTED_EDGE('',*,*,#12747,.T.);
#12747 = EDGE_CURVE('',#12748,#4966,#12750,.T.);
#12748 = VERTEX_POINT('',#12749);
#12749 = CARTESIAN_POINT('',(10.8046875,42.357421875,5.35));
#12750 = SURFACE_CURVE('',#12751,(#12755,#12762),.PCURVE_S1.);
#12751 = LINE('',#12752,#12753);
#12752 = CARTESIAN_POINT('',(10.8046875,42.357421875,5.35));
#12753 = VECTOR('',#12754,1.);
#12754 = DIRECTION('',(0.,0.,1.));
#12755 = PCURVE('',#5011,#12756);
#12756 = DEFINITIONAL_REPRESENTATION('',(#12757),#12761);
#12757 = LINE('',#12758,#12759);
#12758 = CARTESIAN_POINT('',(0.,0.));
#12759 = VECTOR('',#12760,1.);
#12760 = DIRECTION('',(0.,-1.));
#12761 = ( GEOMETRIC_REPRESENTATION_CONTEXT(2) 
PARAMETRIC_REPRESENTATION_CONTEXT() REPRESENTATION_CONTEXT('2D SPACE',''
  ) );
#12762 = PCURVE('',#4981,#12763);
#12763 = DEFINITIONAL_REPRESENTATION('',(#12764),#12768);
#12764 = LINE('',#12765,#12766);
#12765 = CARTESIAN_POINT('',(1.,0.));
#12766 = VECTOR('',#12767,1.);
#12767 = DIRECTION('',(0.,-1.));
#12768 = ( GEOMETRIC_REPRESENTATION_CONTEXT(2) 
PARAMETRIC_REPRESENTATION_CONTEXT() REPRESENTATION_CONTEXT('2D SPACE',''
  ) );
#12769 = ORIENTED_EDGE('',*,*,#4995,.T.);
#12770 = ORIENTED_EDGE('',*,*,#12698,.F.);
#12771 = ORIENTED_EDGE('',*,*,#12772,.F.);
#12772 = EDGE_CURVE('',#12748,#12699,#12773,.T.);
#12773 = SURFACE_CURVE('',#12774,(#12778,#12785),.PCURVE_S1.);
#12774 = B_SPLINE_CURVE_WITH_KNOTS('',2,(#12775,#12776,#12777),
  .UNSPECIFIED.,.F.,.F.,(3,3),(0.,1.),.PIECEWISE_BEZIER_KNOTS.);
#12775 = CARTESIAN_POINT('',(10.8046875,42.357421875,5.35));
#12776 = CARTESIAN_POINT('',(11.56640625,43.16796875,5.35));
#12777 = CARTESIAN_POINT('',(12.890625,43.16796875,5.35));
#12778 = PCURVE('',#5011,#12779);
#12779 = DEFINITIONAL_REPRESENTATION('',(#12780),#12784);
#12780 = LINE('',#12781,#12782);
#12781 = CARTESIAN_POINT('',(0.,0.));
#12782 = VECTOR('',#12783,1.);
#12783 = DIRECTION('',(1.,0.));
#12784 = ( GEOMETRIC_REPRESENTATION_CONTEXT(2) 
PARAMETRIC_REPRESENTATION_CONTEXT() REPRESENTATION_CONTEXT('2D SPACE',''
  ) );
#12785 = PCURVE('',#12683,#12786);
#12786 = DEFINITIONAL_REPRESENTATION('',(#12787),#12791);
#12787 = B_SPLINE_CURVE_WITH_KNOTS('',2,(#12788,#12789,#12790),
  .UNSPECIFIED.,.F.,.F.,(3,3),(0.,1.),.PIECEWISE_BEZIER_KNOTS.);
#12788 = CARTESIAN_POINT('',(1.2109375,5.126953125));
#12789 = CARTESIAN_POINT('',(1.97265625,5.9375));
#12790 = CARTESIAN_POINT('',(3.296875,5.9375));
#12791 = ( GEOMETRIC_REPRESENTATION_CONTEXT(2) 
PARAMETRIC_REPRESENTATION_CONTEXT() REPRESENTATION_CONTEXT('2D SPACE',''
  ) );
#12792 = ADVANCED_FACE('',(#12793),#4981,.F.);
#12793 = FACE_BOUND('',#12794,.F.);
#12794 = EDGE_LOOP('',(#12795,#12818,#12819,#12820));
#12795 = ORIENTED_EDGE('',*,*,#12796,.T.);
#12796 = EDGE_CURVE('',#12797,#4936,#12799,.T.);
#12797 = VERTEX_POINT('',#12798);
#12798 = CARTESIAN_POINT('',(10.04296875,40.140625,5.35));
#12799 = SURFACE_CURVE('',#12800,(#12804,#12811),.PCURVE_S1.);
#12800 = LINE('',#12801,#12802);
#12801 = CARTESIAN_POINT('',(10.04296875,40.140625,5.35));
#12802 = VECTOR('',#12803,1.);
#12803 = DIRECTION('',(0.,0.,1.));
#12804 = PCURVE('',#4981,#12805);
#12805 = DEFINITIONAL_REPRESENTATION('',(#12806),#12810);
#12806 = LINE('',#12807,#12808);
#12807 = CARTESIAN_POINT('',(0.,0.));
#12808 = VECTOR('',#12809,1.);
#12809 = DIRECTION('',(0.,-1.));
#12810 = ( GEOMETRIC_REPRESENTATION_CONTEXT(2) 
PARAMETRIC_REPRESENTATION_CONTEXT() REPRESENTATION_CONTEXT('2D SPACE',''
  ) );
#12811 = PCURVE('',#4951,#12812);
#12812 = DEFINITIONAL_REPRESENTATION('',(#12813),#12817);
#12813 = LINE('',#12814,#12815);
#12814 = CARTESIAN_POINT('',(1.,0.));
#12815 = VECTOR('',#12816,1.);
#12816 = DIRECTION('',(0.,-1.));
#12817 = ( GEOMETRIC_REPRESENTATION_CONTEXT(2) 
PARAMETRIC_REPRESENTATION_CONTEXT() REPRESENTATION_CONTEXT('2D SPACE',''
  ) );
#12818 = ORIENTED_EDGE('',*,*,#4965,.T.);
#12819 = ORIENTED_EDGE('',*,*,#12747,.F.);
#12820 = ORIENTED_EDGE('',*,*,#12821,.F.);
#12821 = EDGE_CURVE('',#12797,#12748,#12822,.T.);
#12822 = SURFACE_CURVE('',#12823,(#12827,#12834),.PCURVE_S1.);
#12823 = B_SPLINE_CURVE_WITH_KNOTS('',2,(#12824,#12825,#12826),
  .UNSPECIFIED.,.F.,.F.,(3,3),(0.,1.),.PIECEWISE_BEZIER_KNOTS.);
#12824 = CARTESIAN_POINT('',(10.04296875,40.140625,5.35));
#12825 = CARTESIAN_POINT('',(10.04296875,41.546875,5.35));
#12826 = CARTESIAN_POINT('',(10.8046875,42.357421875,5.35));
#12827 = PCURVE('',#4981,#12828);
#12828 = DEFINITIONAL_REPRESENTATION('',(#12829),#12833);
#12829 = LINE('',#12830,#12831);
#12830 = CARTESIAN_POINT('',(0.,0.));
#12831 = VECTOR('',#12832,1.);
#12832 = DIRECTION('',(1.,0.));
#12833 = ( GEOMETRIC_REPRESENTATION_CONTEXT(2) 
PARAMETRIC_REPRESENTATION_CONTEXT() REPRESENTATION_CONTEXT('2D SPACE',''
  ) );
#12834 = PCURVE('',#12683,#12835);
#12835 = DEFINITIONAL_REPRESENTATION('',(#12836),#12840);
#12836 = B_SPLINE_CURVE_WITH_KNOTS('',2,(#12837,#12838,#12839),
  .UNSPECIFIED.,.F.,.F.,(3,3),(0.,1.),.PIECEWISE_BEZIER_KNOTS.);
#12837 = CARTESIAN_POINT('',(0.44921875,2.91015625));
#12838 = CARTESIAN_POINT('',(0.44921875,4.31640625));
#12839 = CARTESIAN_POINT('',(1.2109375,5.126953125));
#12840 = ( GEOMETRIC_REPRESENTATION_CONTEXT(2) 
PARAMETRIC_REPRESENTATION_CONTEXT() REPRESENTATION_CONTEXT('2D SPACE',''
  ) );
#12841 = ADVANCED_FACE('',(#12842),#4951,.F.);
#12842 = FACE_BOUND('',#12843,.F.);
#12843 = EDGE_LOOP('',(#12844,#12867,#12868,#12869));
#12844 = ORIENTED_EDGE('',*,*,#12845,.T.);
#12845 = EDGE_CURVE('',#12846,#4906,#12848,.T.);
#12846 = VERTEX_POINT('',#12847);
#12847 = CARTESIAN_POINT('',(10.8046875,37.927734375,5.35));
#12848 = SURFACE_CURVE('',#12849,(#12853,#12860),.PCURVE_S1.);
#12849 = LINE('',#12850,#12851);
#12850 = CARTESIAN_POINT('',(10.8046875,37.927734375,5.35));
#12851 = VECTOR('',#12852,1.);
#12852 = DIRECTION('',(0.,0.,1.));
#12853 = PCURVE('',#4951,#12854);
#12854 = DEFINITIONAL_REPRESENTATION('',(#12855),#12859);
#12855 = LINE('',#12856,#12857);
#12856 = CARTESIAN_POINT('',(0.,0.));
#12857 = VECTOR('',#12858,1.);
#12858 = DIRECTION('',(0.,-1.));
#12859 = ( GEOMETRIC_REPRESENTATION_CONTEXT(2) 
PARAMETRIC_REPRESENTATION_CONTEXT() REPRESENTATION_CONTEXT('2D SPACE',''
  ) );
#12860 = PCURVE('',#4921,#12861);
#12861 = DEFINITIONAL_REPRESENTATION('',(#12862),#12866);
#12862 = LINE('',#12863,#12864);
#12863 = CARTESIAN_POINT('',(1.,0.));
#12864 = VECTOR('',#12865,1.);
#12865 = DIRECTION('',(0.,-1.));
#12866 = ( GEOMETRIC_REPRESENTATION_CONTEXT(2) 
PARAMETRIC_REPRESENTATION_CONTEXT() REPRESENTATION_CONTEXT('2D SPACE',''
  ) );
#12867 = ORIENTED_EDGE('',*,*,#4935,.T.);
#12868 = ORIENTED_EDGE('',*,*,#12796,.F.);
#12869 = ORIENTED_EDGE('',*,*,#12870,.F.);
#12870 = EDGE_CURVE('',#12846,#12797,#12871,.T.);
#12871 = SURFACE_CURVE('',#12872,(#12876,#12883),.PCURVE_S1.);
#12872 = B_SPLINE_CURVE_WITH_KNOTS('',2,(#12873,#12874,#12875),
  .UNSPECIFIED.,.F.,.F.,(3,3),(0.,1.),.PIECEWISE_BEZIER_KNOTS.);
#12873 = CARTESIAN_POINT('',(10.8046875,37.927734375,5.35));
#12874 = CARTESIAN_POINT('',(10.04296875,38.73828125,5.35));
#12875 = CARTESIAN_POINT('',(10.04296875,40.140625,5.35));
#12876 = PCURVE('',#4951,#12877);
#12877 = DEFINITIONAL_REPRESENTATION('',(#12878),#12882);
#12878 = LINE('',#12879,#12880);
#12879 = CARTESIAN_POINT('',(0.,0.));
#12880 = VECTOR('',#12881,1.);
#12881 = DIRECTION('',(1.,0.));
#12882 = ( GEOMETRIC_REPRESENTATION_CONTEXT(2) 
PARAMETRIC_REPRESENTATION_CONTEXT() REPRESENTATION_CONTEXT('2D SPACE',''
  ) );
#12883 = PCURVE('',#12683,#12884);
#12884 = DEFINITIONAL_REPRESENTATION('',(#12885),#12889);
#12885 = B_SPLINE_CURVE_WITH_KNOTS('',2,(#12886,#12887,#12888),
  .UNSPECIFIED.,.F.,.F.,(3,3),(0.,1.),.PIECEWISE_BEZIER_KNOTS.);
#12886 = CARTESIAN_POINT('',(1.2109375,0.697265625));
#12887 = CARTESIAN_POINT('',(0.44921875,1.5078125));
#12888 = CARTESIAN_POINT('',(0.44921875,2.91015625));
#12889 = ( GEOMETRIC_REPRESENTATION_CONTEXT(2) 
PARAMETRIC_REPRESENTATION_CONTEXT() REPRESENTATION_CONTEXT('2D SPACE',''
  ) );
#12890 = ADVANCED_FACE('',(#12891),#4921,.F.);
#12891 = FACE_BOUND('',#12892,.F.);
#12892 = EDGE_LOOP('',(#12893,#12916,#12917,#12918));
#12893 = ORIENTED_EDGE('',*,*,#12894,.T.);
#12894 = EDGE_CURVE('',#12895,#4876,#12897,.T.);
#12895 = VERTEX_POINT('',#12896);
#12896 = CARTESIAN_POINT('',(12.890625,37.1171875,5.35));
#12897 = SURFACE_CURVE('',#12898,(#12902,#12909),.PCURVE_S1.);
#12898 = LINE('',#12899,#12900);
#12899 = CARTESIAN_POINT('',(12.890625,37.1171875,5.35));
#12900 = VECTOR('',#12901,1.);
#12901 = DIRECTION('',(0.,0.,1.));
#12902 = PCURVE('',#4921,#12903);
#12903 = DEFINITIONAL_REPRESENTATION('',(#12904),#12908);
#12904 = LINE('',#12905,#12906);
#12905 = CARTESIAN_POINT('',(0.,0.));
#12906 = VECTOR('',#12907,1.);
#12907 = DIRECTION('',(0.,-1.));
#12908 = ( GEOMETRIC_REPRESENTATION_CONTEXT(2) 
PARAMETRIC_REPRESENTATION_CONTEXT() REPRESENTATION_CONTEXT('2D SPACE',''
  ) );
#12909 = PCURVE('',#4891,#12910);
#12910 = DEFINITIONAL_REPRESENTATION('',(#12911),#12915);
#12911 = LINE('',#12912,#12913);
#12912 = CARTESIAN_POINT('',(1.,0.));
#12913 = VECTOR('',#12914,1.);
#12914 = DIRECTION('',(0.,-1.));
#12915 = ( GEOMETRIC_REPRESENTATION_CONTEXT(2) 
PARAMETRIC_REPRESENTATION_CONTEXT() REPRESENTATION_CONTEXT('2D SPACE',''
  ) );
#12916 = ORIENTED_EDGE('',*,*,#4905,.T.);
#12917 = ORIENTED_EDGE('',*,*,#12845,.F.);
#12918 = ORIENTED_EDGE('',*,*,#12919,.F.);
#12919 = EDGE_CURVE('',#12895,#12846,#12920,.T.);
#12920 = SURFACE_CURVE('',#12921,(#12925,#12932),.PCURVE_S1.);
#12921 = B_SPLINE_CURVE_WITH_KNOTS('',2,(#12922,#12923,#12924),
  .UNSPECIFIED.,.F.,.F.,(3,3),(0.,1.),.PIECEWISE_BEZIER_KNOTS.);
#12922 = CARTESIAN_POINT('',(12.890625,37.1171875,5.35));
#12923 = CARTESIAN_POINT('',(11.56640625,37.1171875,5.35));
#12924 = CARTESIAN_POINT('',(10.8046875,37.927734375,5.35));
#12925 = PCURVE('',#4921,#12926);
#12926 = DEFINITIONAL_REPRESENTATION('',(#12927),#12931);
#12927 = LINE('',#12928,#12929);
#12928 = CARTESIAN_POINT('',(0.,0.));
#12929 = VECTOR('',#12930,1.);
#12930 = DIRECTION('',(1.,0.));
#12931 = ( GEOMETRIC_REPRESENTATION_CONTEXT(2) 
PARAMETRIC_REPRESENTATION_CONTEXT() REPRESENTATION_CONTEXT('2D SPACE',''
  ) );
#12932 = PCURVE('',#12683,#12933);
#12933 = DEFINITIONAL_REPRESENTATION('',(#12934),#12938);
#12934 = B_SPLINE_CURVE_WITH_KNOTS('',2,(#12935,#12936,#12937),
  .UNSPECIFIED.,.F.,.F.,(3,3),(0.,1.),.PIECEWISE_BEZIER_KNOTS.);
#12935 = CARTESIAN_POINT('',(3.296875,-0.11328125));
#12936 = CARTESIAN_POINT('',(1.97265625,-0.11328125));
#12937 = CARTESIAN_POINT('',(1.2109375,0.697265625));
#12938 = ( GEOMETRIC_REPRESENTATION_CONTEXT(2) 
PARAMETRIC_REPRESENTATION_CONTEXT() REPRESENTATION_CONTEXT('2D SPACE',''
  ) );
#12939 = ADVANCED_FACE('',(#12940),#4891,.F.);
#12940 = FACE_BOUND('',#12941,.F.);
#12941 = EDGE_LOOP('',(#12942,#12965,#12966,#12967));
#12942 = ORIENTED_EDGE('',*,*,#12943,.T.);
#12943 = EDGE_CURVE('',#12944,#4846,#12946,.T.);
#12944 = VERTEX_POINT('',#12945);
#12945 = CARTESIAN_POINT('',(13.869140625,37.2578125,5.35));
#12946 = SURFACE_CURVE('',#12947,(#12951,#12958),.PCURVE_S1.);
#12947 = LINE('',#12948,#12949);
#12948 = CARTESIAN_POINT('',(13.869140625,37.2578125,5.35));
#12949 = VECTOR('',#12950,1.);
#12950 = DIRECTION('',(0.,0.,1.));
#12951 = PCURVE('',#4891,#12952);
#12952 = DEFINITIONAL_REPRESENTATION('',(#12953),#12957);
#12953 = LINE('',#12954,#12955);
#12954 = CARTESIAN_POINT('',(0.,0.));
#12955 = VECTOR('',#12956,1.);
#12956 = DIRECTION('',(0.,-1.));
#12957 = ( GEOMETRIC_REPRESENTATION_CONTEXT(2) 
PARAMETRIC_REPRESENTATION_CONTEXT() REPRESENTATION_CONTEXT('2D SPACE',''
  ) );
#12958 = PCURVE('',#4861,#12959);
#12959 = DEFINITIONAL_REPRESENTATION('',(#12960),#12964);
#12960 = LINE('',#12961,#12962);
#12961 = CARTESIAN_POINT('',(1.,0.));
#12962 = VECTOR('',#12963,1.);
#12963 = DIRECTION('',(0.,-1.));
#12964 = ( GEOMETRIC_REPRESENTATION_CONTEXT(2) 
PARAMETRIC_REPRESENTATION_CONTEXT() REPRESENTATION_CONTEXT('2D SPACE',''
  ) );
#12965 = ORIENTED_EDGE('',*,*,#4875,.T.);
#12966 = ORIENTED_EDGE('',*,*,#12894,.F.);
#12967 = ORIENTED_EDGE('',*,*,#12968,.F.);
#12968 = EDGE_CURVE('',#12944,#12895,#12969,.T.);
#12969 = SURFACE_CURVE('',#12970,(#12974,#12981),.PCURVE_S1.);
#12970 = B_SPLINE_CURVE_WITH_KNOTS('',2,(#12971,#12972,#12973),
  .UNSPECIFIED.,.F.,.F.,(3,3),(0.,1.),.PIECEWISE_BEZIER_KNOTS.);
#12971 = CARTESIAN_POINT('',(13.869140625,37.2578125,5.35));
#12972 = CARTESIAN_POINT('',(13.40625,37.1171875,5.35));
#12973 = CARTESIAN_POINT('',(12.890625,37.1171875,5.35));
#12974 = PCURVE('',#4891,#12975);
#12975 = DEFINITIONAL_REPRESENTATION('',(#12976),#12980);
#12976 = LINE('',#12977,#12978);
#12977 = CARTESIAN_POINT('',(0.,0.));
#12978 = VECTOR('',#12979,1.);
#12979 = DIRECTION('',(1.,0.));
#12980 = ( GEOMETRIC_REPRESENTATION_CONTEXT(2) 
PARAMETRIC_REPRESENTATION_CONTEXT() REPRESENTATION_CONTEXT('2D SPACE',''
  ) );
#12981 = PCURVE('',#12683,#12982);
#12982 = DEFINITIONAL_REPRESENTATION('',(#12983),#12987);
#12983 = B_SPLINE_CURVE_WITH_KNOTS('',2,(#12984,#12985,#12986),
  .UNSPECIFIED.,.F.,.F.,(3,3),(0.,1.),.PIECEWISE_BEZIER_KNOTS.);
#12984 = CARTESIAN_POINT('',(4.275390625,2.734375E-02));
#12985 = CARTESIAN_POINT('',(3.8125,-0.11328125));
#12986 = CARTESIAN_POINT('',(3.296875,-0.11328125));
#12987 = ( GEOMETRIC_REPRESENTATION_CONTEXT(2) 
PARAMETRIC_REPRESENTATION_CONTEXT() REPRESENTATION_CONTEXT('2D SPACE',''
  ) );
#12988 = ADVANCED_FACE('',(#12989),#4861,.F.);
#12989 = FACE_BOUND('',#12990,.F.);
#12990 = EDGE_LOOP('',(#12991,#13014,#13015,#13016));
#12991 = ORIENTED_EDGE('',*,*,#12992,.T.);
#12992 = EDGE_CURVE('',#12993,#4818,#12995,.T.);
#12993 = VERTEX_POINT('',#12994);
#12994 = CARTESIAN_POINT('',(14.74609375,37.6796875,5.35));
#12995 = SURFACE_CURVE('',#12996,(#13000,#13007),.PCURVE_S1.);
#12996 = LINE('',#12997,#12998);
#12997 = CARTESIAN_POINT('',(14.74609375,37.6796875,5.35));
#12998 = VECTOR('',#12999,1.);
#12999 = DIRECTION('',(0.,0.,1.));
#13000 = PCURVE('',#4861,#13001);
#13001 = DEFINITIONAL_REPRESENTATION('',(#13002),#13006);
#13002 = LINE('',#13003,#13004);
#13003 = CARTESIAN_POINT('',(0.,0.));
#13004 = VECTOR('',#13005,1.);
#13005 = DIRECTION('',(0.,-1.));
#13006 = ( GEOMETRIC_REPRESENTATION_CONTEXT(2) 
PARAMETRIC_REPRESENTATION_CONTEXT() REPRESENTATION_CONTEXT('2D SPACE',''
  ) );
#13007 = PCURVE('',#4833,#13008);
#13008 = DEFINITIONAL_REPRESENTATION('',(#13009),#13013);
#13009 = LINE('',#13010,#13011);
#13010 = CARTESIAN_POINT('',(0.82421875,0.));
#13011 = VECTOR('',#13012,1.);
#13012 = DIRECTION('',(0.,-1.));
#13013 = ( GEOMETRIC_REPRESENTATION_CONTEXT(2) 
PARAMETRIC_REPRESENTATION_CONTEXT() REPRESENTATION_CONTEXT('2D SPACE',''
  ) );
#13014 = ORIENTED_EDGE('',*,*,#4845,.T.);
#13015 = ORIENTED_EDGE('',*,*,#12943,.F.);
#13016 = ORIENTED_EDGE('',*,*,#13017,.F.);
#13017 = EDGE_CURVE('',#12993,#12944,#13018,.T.);
#13018 = SURFACE_CURVE('',#13019,(#13023,#13030),.PCURVE_S1.);
#13019 = B_SPLINE_CURVE_WITH_KNOTS('',2,(#13020,#13021,#13022),
  .UNSPECIFIED.,.F.,.F.,(3,3),(0.,1.),.PIECEWISE_BEZIER_KNOTS.);
#13020 = CARTESIAN_POINT('',(14.74609375,37.6796875,5.35));
#13021 = CARTESIAN_POINT('',(14.33203125,37.3984375,5.35));
#13022 = CARTESIAN_POINT('',(13.869140625,37.2578125,5.35));
#13023 = PCURVE('',#4861,#13024);
#13024 = DEFINITIONAL_REPRESENTATION('',(#13025),#13029);
#13025 = LINE('',#13026,#13027);
#13026 = CARTESIAN_POINT('',(0.,0.));
#13027 = VECTOR('',#13028,1.);
#13028 = DIRECTION('',(1.,0.));
#13029 = ( GEOMETRIC_REPRESENTATION_CONTEXT(2) 
PARAMETRIC_REPRESENTATION_CONTEXT() REPRESENTATION_CONTEXT('2D SPACE',''
  ) );
#13030 = PCURVE('',#12683,#13031);
#13031 = DEFINITIONAL_REPRESENTATION('',(#13032),#13036);
#13032 = B_SPLINE_CURVE_WITH_KNOTS('',2,(#13033,#13034,#13035),
  .UNSPECIFIED.,.F.,.F.,(3,3),(0.,1.),.PIECEWISE_BEZIER_KNOTS.);
#13033 = CARTESIAN_POINT('',(5.15234375,0.44921875));
#13034 = CARTESIAN_POINT('',(4.73828125,0.16796875));
#13035 = CARTESIAN_POINT('',(4.275390625,2.734375E-02));
#13036 = ( GEOMETRIC_REPRESENTATION_CONTEXT(2) 
PARAMETRIC_REPRESENTATION_CONTEXT() REPRESENTATION_CONTEXT('2D SPACE',''
  ) );
#13037 = ADVANCED_FACE('',(#13038),#4833,.F.);
#13038 = FACE_BOUND('',#13039,.F.);
#13039 = EDGE_LOOP('',(#13040,#13063,#13064,#13065));
#13040 = ORIENTED_EDGE('',*,*,#13041,.T.);
#13041 = EDGE_CURVE('',#13042,#4788,#13044,.T.);
#13042 = VERTEX_POINT('',#13043);
#13043 = CARTESIAN_POINT('',(14.74609375,38.50390625,5.35));
#13044 = SURFACE_CURVE('',#13045,(#13049,#13056),.PCURVE_S1.);
#13045 = LINE('',#13046,#13047);
#13046 = CARTESIAN_POINT('',(14.74609375,38.50390625,5.35));
#13047 = VECTOR('',#13048,1.);
#13048 = DIRECTION('',(0.,0.,1.));
#13049 = PCURVE('',#4833,#13050);
#13050 = DEFINITIONAL_REPRESENTATION('',(#13051),#13055);
#13051 = LINE('',#13052,#13053);
#13052 = CARTESIAN_POINT('',(0.,0.));
#13053 = VECTOR('',#13054,1.);
#13054 = DIRECTION('',(0.,-1.));
#13055 = ( GEOMETRIC_REPRESENTATION_CONTEXT(2) 
PARAMETRIC_REPRESENTATION_CONTEXT() REPRESENTATION_CONTEXT('2D SPACE',''
  ) );
#13056 = PCURVE('',#4803,#13057);
#13057 = DEFINITIONAL_REPRESENTATION('',(#13058),#13062);
#13058 = LINE('',#13059,#13060);
#13059 = CARTESIAN_POINT('',(1.,0.));
#13060 = VECTOR('',#13061,1.);
#13061 = DIRECTION('',(0.,-1.));
#13062 = ( GEOMETRIC_REPRESENTATION_CONTEXT(2) 
PARAMETRIC_REPRESENTATION_CONTEXT() REPRESENTATION_CONTEXT('2D SPACE',''
  ) );
#13063 = ORIENTED_EDGE('',*,*,#4817,.T.);
#13064 = ORIENTED_EDGE('',*,*,#12992,.F.);
#13065 = ORIENTED_EDGE('',*,*,#13066,.F.);
#13066 = EDGE_CURVE('',#13042,#12993,#13067,.T.);
#13067 = SURFACE_CURVE('',#13068,(#13072,#13079),.PCURVE_S1.);
#13068 = LINE('',#13069,#13070);
#13069 = CARTESIAN_POINT('',(14.74609375,38.50390625,5.35));
#13070 = VECTOR('',#13071,1.);
#13071 = DIRECTION('',(0.,-1.,0.));
#13072 = PCURVE('',#4833,#13073);
#13073 = DEFINITIONAL_REPRESENTATION('',(#13074),#13078);
#13074 = LINE('',#13075,#13076);
#13075 = CARTESIAN_POINT('',(0.,0.));
#13076 = VECTOR('',#13077,1.);
#13077 = DIRECTION('',(1.,0.));
#13078 = ( GEOMETRIC_REPRESENTATION_CONTEXT(2) 
PARAMETRIC_REPRESENTATION_CONTEXT() REPRESENTATION_CONTEXT('2D SPACE',''
  ) );
#13079 = PCURVE('',#12683,#13080);
#13080 = DEFINITIONAL_REPRESENTATION('',(#13081),#13085);
#13081 = LINE('',#13082,#13083);
#13082 = CARTESIAN_POINT('',(5.15234375,1.2734375));
#13083 = VECTOR('',#13084,1.);
#13084 = DIRECTION('',(0.,-1.));
#13085 = ( GEOMETRIC_REPRESENTATION_CONTEXT(2) 
PARAMETRIC_REPRESENTATION_CONTEXT() REPRESENTATION_CONTEXT('2D SPACE',''
  ) );
#13086 = ADVANCED_FACE('',(#13087),#4803,.F.);
#13087 = FACE_BOUND('',#13088,.F.);
#13088 = EDGE_LOOP('',(#13089,#13112,#13113,#13114));
#13089 = ORIENTED_EDGE('',*,*,#13090,.T.);
#13090 = EDGE_CURVE('',#13091,#4758,#13093,.T.);
#13091 = VERTEX_POINT('',#13092);
#13092 = CARTESIAN_POINT('',(13.896484375,37.94921875,5.35));
#13093 = SURFACE_CURVE('',#13094,(#13098,#13105),.PCURVE_S1.);
#13094 = LINE('',#13095,#13096);
#13095 = CARTESIAN_POINT('',(13.896484375,37.94921875,5.35));
#13096 = VECTOR('',#13097,1.);
#13097 = DIRECTION('',(0.,0.,1.));
#13098 = PCURVE('',#4803,#13099);
#13099 = DEFINITIONAL_REPRESENTATION('',(#13100),#13104);
#13100 = LINE('',#13101,#13102);
#13101 = CARTESIAN_POINT('',(0.,0.));
#13102 = VECTOR('',#13103,1.);
#13103 = DIRECTION('',(0.,-1.));
#13104 = ( GEOMETRIC_REPRESENTATION_CONTEXT(2) 
PARAMETRIC_REPRESENTATION_CONTEXT() REPRESENTATION_CONTEXT('2D SPACE',''
  ) );
#13105 = PCURVE('',#4773,#13106);
#13106 = DEFINITIONAL_REPRESENTATION('',(#13107),#13111);
#13107 = LINE('',#13108,#13109);
#13108 = CARTESIAN_POINT('',(1.,0.));
#13109 = VECTOR('',#13110,1.);
#13110 = DIRECTION('',(0.,-1.));
#13111 = ( GEOMETRIC_REPRESENTATION_CONTEXT(2) 
PARAMETRIC_REPRESENTATION_CONTEXT() REPRESENTATION_CONTEXT('2D SPACE',''
  ) );
#13112 = ORIENTED_EDGE('',*,*,#4787,.T.);
#13113 = ORIENTED_EDGE('',*,*,#13041,.F.);
#13114 = ORIENTED_EDGE('',*,*,#13115,.F.);
#13115 = EDGE_CURVE('',#13091,#13042,#13116,.T.);
#13116 = SURFACE_CURVE('',#13117,(#13121,#13128),.PCURVE_S1.);
#13117 = B_SPLINE_CURVE_WITH_KNOTS('',2,(#13118,#13119,#13120),
  .UNSPECIFIED.,.F.,.F.,(3,3),(0.,1.),.PIECEWISE_BEZIER_KNOTS.);
#13118 = CARTESIAN_POINT('',(13.896484375,37.94921875,5.35));
#13119 = CARTESIAN_POINT('',(14.34765625,38.1328125,5.35));
#13120 = CARTESIAN_POINT('',(14.74609375,38.50390625,5.35));
#13121 = PCURVE('',#4803,#13122);
#13122 = DEFINITIONAL_REPRESENTATION('',(#13123),#13127);
#13123 = LINE('',#13124,#13125);
#13124 = CARTESIAN_POINT('',(0.,0.));
#13125 = VECTOR('',#13126,1.);
#13126 = DIRECTION('',(1.,0.));
#13127 = ( GEOMETRIC_REPRESENTATION_CONTEXT(2) 
PARAMETRIC_REPRESENTATION_CONTEXT() REPRESENTATION_CONTEXT('2D SPACE',''
  ) );
#13128 = PCURVE('',#12683,#13129);
#13129 = DEFINITIONAL_REPRESENTATION('',(#13130),#13134);
#13130 = B_SPLINE_CURVE_WITH_KNOTS('',2,(#13131,#13132,#13133),
  .UNSPECIFIED.,.F.,.F.,(3,3),(0.,1.),.PIECEWISE_BEZIER_KNOTS.);
#13131 = CARTESIAN_POINT('',(4.302734375,0.71875));
#13132 = CARTESIAN_POINT('',(4.75390625,0.90234375));
#13133 = CARTESIAN_POINT('',(5.15234375,1.2734375));
#13134 = ( GEOMETRIC_REPRESENTATION_CONTEXT(2) 
PARAMETRIC_REPRESENTATION_CONTEXT() REPRESENTATION_CONTEXT('2D SPACE',''
  ) );
#13135 = ADVANCED_FACE('',(#13136),#4773,.F.);
#13136 = FACE_BOUND('',#13137,.F.);
#13137 = EDGE_LOOP('',(#13138,#13161,#13162,#13163));
#13138 = ORIENTED_EDGE('',*,*,#13139,.T.);
#13139 = EDGE_CURVE('',#13140,#4728,#13142,.T.);
#13140 = VERTEX_POINT('',#13141);
#13141 = CARTESIAN_POINT('',(12.9375,37.765625,5.35));
#13142 = SURFACE_CURVE('',#13143,(#13147,#13154),.PCURVE_S1.);
#13143 = LINE('',#13144,#13145);
#13144 = CARTESIAN_POINT('',(12.9375,37.765625,5.35));
#13145 = VECTOR('',#13146,1.);
#13146 = DIRECTION('',(0.,0.,1.));
#13147 = PCURVE('',#4773,#13148);
#13148 = DEFINITIONAL_REPRESENTATION('',(#13149),#13153);
#13149 = LINE('',#13150,#13151);
#13150 = CARTESIAN_POINT('',(0.,0.));
#13151 = VECTOR('',#13152,1.);
#13152 = DIRECTION('',(0.,-1.));
#13153 = ( GEOMETRIC_REPRESENTATION_CONTEXT(2) 
PARAMETRIC_REPRESENTATION_CONTEXT() REPRESENTATION_CONTEXT('2D SPACE',''
  ) );
#13154 = PCURVE('',#4743,#13155);
#13155 = DEFINITIONAL_REPRESENTATION('',(#13156),#13160);
#13156 = LINE('',#13157,#13158);
#13157 = CARTESIAN_POINT('',(1.,0.));
#13158 = VECTOR('',#13159,1.);
#13159 = DIRECTION('',(0.,-1.));
#13160 = ( GEOMETRIC_REPRESENTATION_CONTEXT(2) 
PARAMETRIC_REPRESENTATION_CONTEXT() REPRESENTATION_CONTEXT('2D SPACE',''
  ) );
#13161 = ORIENTED_EDGE('',*,*,#4757,.T.);
#13162 = ORIENTED_EDGE('',*,*,#13090,.F.);
#13163 = ORIENTED_EDGE('',*,*,#13164,.F.);
#13164 = EDGE_CURVE('',#13140,#13091,#13165,.T.);
#13165 = SURFACE_CURVE('',#13166,(#13170,#13177),.PCURVE_S1.);
#13166 = B_SPLINE_CURVE_WITH_KNOTS('',2,(#13167,#13168,#13169),
  .UNSPECIFIED.,.F.,.F.,(3,3),(0.,1.),.PIECEWISE_BEZIER_KNOTS.);
#13167 = CARTESIAN_POINT('',(12.9375,37.765625,5.35));
#13168 = CARTESIAN_POINT('',(13.4453125,37.765625,5.35));
#13169 = CARTESIAN_POINT('',(13.896484375,37.94921875,5.35));
#13170 = PCURVE('',#4773,#13171);
#13171 = DEFINITIONAL_REPRESENTATION('',(#13172),#13176);
#13172 = LINE('',#13173,#13174);
#13173 = CARTESIAN_POINT('',(0.,0.));
#13174 = VECTOR('',#13175,1.);
#13175 = DIRECTION('',(1.,0.));
#13176 = ( GEOMETRIC_REPRESENTATION_CONTEXT(2) 
PARAMETRIC_REPRESENTATION_CONTEXT() REPRESENTATION_CONTEXT('2D SPACE',''
  ) );
#13177 = PCURVE('',#12683,#13178);
#13178 = DEFINITIONAL_REPRESENTATION('',(#13179),#13183);
#13179 = B_SPLINE_CURVE_WITH_KNOTS('',2,(#13180,#13181,#13182),
  .UNSPECIFIED.,.F.,.F.,(3,3),(0.,1.),.PIECEWISE_BEZIER_KNOTS.);
#13180 = CARTESIAN_POINT('',(3.34375,0.53515625));
#13181 = CARTESIAN_POINT('',(3.8515625,0.53515625));
#13182 = CARTESIAN_POINT('',(4.302734375,0.71875));
#13183 = ( GEOMETRIC_REPRESENTATION_CONTEXT(2) 
PARAMETRIC_REPRESENTATION_CONTEXT() REPRESENTATION_CONTEXT('2D SPACE',''
  ) );
#13184 = ADVANCED_FACE('',(#13185),#4743,.F.);
#13185 = FACE_BOUND('',#13186,.F.);
#13186 = EDGE_LOOP('',(#13187,#13210,#13211,#13212));
#13187 = ORIENTED_EDGE('',*,*,#13188,.T.);
#13188 = EDGE_CURVE('',#13189,#4698,#13191,.T.);
#13189 = VERTEX_POINT('',#13190);
#13190 = CARTESIAN_POINT('',(11.40625,38.376953125,5.35));
#13191 = SURFACE_CURVE('',#13192,(#13196,#13203),.PCURVE_S1.);
#13192 = LINE('',#13193,#13194);
#13193 = CARTESIAN_POINT('',(11.40625,38.376953125,5.35));
#13194 = VECTOR('',#13195,1.);
#13195 = DIRECTION('',(0.,0.,1.));
#13196 = PCURVE('',#4743,#13197);
#13197 = DEFINITIONAL_REPRESENTATION('',(#13198),#13202);
#13198 = LINE('',#13199,#13200);
#13199 = CARTESIAN_POINT('',(0.,0.));
#13200 = VECTOR('',#13201,1.);
#13201 = DIRECTION('',(0.,-1.));
#13202 = ( GEOMETRIC_REPRESENTATION_CONTEXT(2) 
PARAMETRIC_REPRESENTATION_CONTEXT() REPRESENTATION_CONTEXT('2D SPACE',''
  ) );
#13203 = PCURVE('',#4713,#13204);
#13204 = DEFINITIONAL_REPRESENTATION('',(#13205),#13209);
#13205 = LINE('',#13206,#13207);
#13206 = CARTESIAN_POINT('',(1.,0.));
#13207 = VECTOR('',#13208,1.);
#13208 = DIRECTION('',(0.,-1.));
#13209 = ( GEOMETRIC_REPRESENTATION_CONTEXT(2) 
PARAMETRIC_REPRESENTATION_CONTEXT() REPRESENTATION_CONTEXT('2D SPACE',''
  ) );
#13210 = ORIENTED_EDGE('',*,*,#4727,.T.);
#13211 = ORIENTED_EDGE('',*,*,#13139,.F.);
#13212 = ORIENTED_EDGE('',*,*,#13213,.F.);
#13213 = EDGE_CURVE('',#13189,#13140,#13214,.T.);
#13214 = SURFACE_CURVE('',#13215,(#13219,#13226),.PCURVE_S1.);
#13215 = B_SPLINE_CURVE_WITH_KNOTS('',2,(#13216,#13217,#13218),
  .UNSPECIFIED.,.F.,.F.,(3,3),(0.,1.),.PIECEWISE_BEZIER_KNOTS.);
#13216 = CARTESIAN_POINT('',(11.40625,38.376953125,5.35));
#13217 = CARTESIAN_POINT('',(11.9375,37.765625,5.35));
#13218 = CARTESIAN_POINT('',(12.9375,37.765625,5.35));
#13219 = PCURVE('',#4743,#13220);
#13220 = DEFINITIONAL_REPRESENTATION('',(#13221),#13225);
#13221 = LINE('',#13222,#13223);
#13222 = CARTESIAN_POINT('',(0.,0.));
#13223 = VECTOR('',#13224,1.);
#13224 = DIRECTION('',(1.,0.));
#13225 = ( GEOMETRIC_REPRESENTATION_CONTEXT(2) 
PARAMETRIC_REPRESENTATION_CONTEXT() REPRESENTATION_CONTEXT('2D SPACE',''
  ) );
#13226 = PCURVE('',#12683,#13227);
#13227 = DEFINITIONAL_REPRESENTATION('',(#13228),#13232);
#13228 = B_SPLINE_CURVE_WITH_KNOTS('',2,(#13229,#13230,#13231),
  .UNSPECIFIED.,.F.,.F.,(3,3),(0.,1.),.PIECEWISE_BEZIER_KNOTS.);
#13229 = CARTESIAN_POINT('',(1.8125,1.146484375));
#13230 = CARTESIAN_POINT('',(2.34375,0.53515625));
#13231 = CARTESIAN_POINT('',(3.34375,0.53515625));
#13232 = ( GEOMETRIC_REPRESENTATION_CONTEXT(2) 
PARAMETRIC_REPRESENTATION_CONTEXT() REPRESENTATION_CONTEXT('2D SPACE',''
  ) );
#13233 = ADVANCED_FACE('',(#13234),#4713,.F.);
#13234 = FACE_BOUND('',#13235,.F.);
#13235 = EDGE_LOOP('',(#13236,#13259,#13260,#13261));
#13236 = ORIENTED_EDGE('',*,*,#13237,.T.);
#13237 = EDGE_CURVE('',#13238,#4668,#13240,.T.);
#13238 = VERTEX_POINT('',#13239);
#13239 = CARTESIAN_POINT('',(10.875,40.140625,5.35));
#13240 = SURFACE_CURVE('',#13241,(#13245,#13252),.PCURVE_S1.);
#13241 = LINE('',#13242,#13243);
#13242 = CARTESIAN_POINT('',(10.875,40.140625,5.35));
#13243 = VECTOR('',#13244,1.);
#13244 = DIRECTION('',(0.,0.,1.));
#13245 = PCURVE('',#4713,#13246);
#13246 = DEFINITIONAL_REPRESENTATION('',(#13247),#13251);
#13247 = LINE('',#13248,#13249);
#13248 = CARTESIAN_POINT('',(0.,0.));
#13249 = VECTOR('',#13250,1.);
#13250 = DIRECTION('',(0.,-1.));
#13251 = ( GEOMETRIC_REPRESENTATION_CONTEXT(2) 
PARAMETRIC_REPRESENTATION_CONTEXT() REPRESENTATION_CONTEXT('2D SPACE',''
  ) );
#13252 = PCURVE('',#4683,#13253);
#13253 = DEFINITIONAL_REPRESENTATION('',(#13254),#13258);
#13254 = LINE('',#13255,#13256);
#13255 = CARTESIAN_POINT('',(1.,0.));
#13256 = VECTOR('',#13257,1.);
#13257 = DIRECTION('',(0.,-1.));
#13258 = ( GEOMETRIC_REPRESENTATION_CONTEXT(2) 
PARAMETRIC_REPRESENTATION_CONTEXT() REPRESENTATION_CONTEXT('2D SPACE',''
  ) );
#13259 = ORIENTED_EDGE('',*,*,#4697,.T.);
#13260 = ORIENTED_EDGE('',*,*,#13188,.F.);
#13261 = ORIENTED_EDGE('',*,*,#13262,.F.);
#13262 = EDGE_CURVE('',#13238,#13189,#13263,.T.);
#13263 = SURFACE_CURVE('',#13264,(#13268,#13275),.PCURVE_S1.);
#13264 = B_SPLINE_CURVE_WITH_KNOTS('',2,(#13265,#13266,#13267),
  .UNSPECIFIED.,.F.,.F.,(3,3),(0.,1.),.PIECEWISE_BEZIER_KNOTS.);
#13265 = CARTESIAN_POINT('',(10.875,40.140625,5.35));
#13266 = CARTESIAN_POINT('',(10.875,38.98828125,5.35));
#13267 = CARTESIAN_POINT('',(11.40625,38.376953125,5.35));
#13268 = PCURVE('',#4713,#13269);
#13269 = DEFINITIONAL_REPRESENTATION('',(#13270),#13274);
#13270 = LINE('',#13271,#13272);
#13271 = CARTESIAN_POINT('',(0.,0.));
#13272 = VECTOR('',#13273,1.);
#13273 = DIRECTION('',(1.,0.));
#13274 = ( GEOMETRIC_REPRESENTATION_CONTEXT(2) 
PARAMETRIC_REPRESENTATION_CONTEXT() REPRESENTATION_CONTEXT('2D SPACE',''
  ) );
#13275 = PCURVE('',#12683,#13276);
#13276 = DEFINITIONAL_REPRESENTATION('',(#13277),#13281);
#13277 = B_SPLINE_CURVE_WITH_KNOTS('',2,(#13278,#13279,#13280),
  .UNSPECIFIED.,.F.,.F.,(3,3),(0.,1.),.PIECEWISE_BEZIER_KNOTS.);
#13278 = CARTESIAN_POINT('',(1.28125,2.91015625));
#13279 = CARTESIAN_POINT('',(1.28125,1.7578125));
#13280 = CARTESIAN_POINT('',(1.8125,1.146484375));
#13281 = ( GEOMETRIC_REPRESENTATION_CONTEXT(2) 
PARAMETRIC_REPRESENTATION_CONTEXT() REPRESENTATION_CONTEXT('2D SPACE',''
  ) );
#13282 = ADVANCED_FACE('',(#13283),#4683,.F.);
#13283 = FACE_BOUND('',#13284,.F.);
#13284 = EDGE_LOOP('',(#13285,#13308,#13309,#13310));
#13285 = ORIENTED_EDGE('',*,*,#13286,.T.);
#13286 = EDGE_CURVE('',#13287,#4638,#13289,.T.);
#13287 = VERTEX_POINT('',#13288);
#13288 = CARTESIAN_POINT('',(11.40625,41.908203125,5.35));
#13289 = SURFACE_CURVE('',#13290,(#13294,#13301),.PCURVE_S1.);
#13290 = LINE('',#13291,#13292);
#13291 = CARTESIAN_POINT('',(11.40625,41.908203125,5.35));
#13292 = VECTOR('',#13293,1.);
#13293 = DIRECTION('',(0.,0.,1.));
#13294 = PCURVE('',#4683,#13295);
#13295 = DEFINITIONAL_REPRESENTATION('',(#13296),#13300);
#13296 = LINE('',#13297,#13298);
#13297 = CARTESIAN_POINT('',(0.,0.));
#13298 = VECTOR('',#13299,1.);
#13299 = DIRECTION('',(0.,-1.));
#13300 = ( GEOMETRIC_REPRESENTATION_CONTEXT(2) 
PARAMETRIC_REPRESENTATION_CONTEXT() REPRESENTATION_CONTEXT('2D SPACE',''
  ) );
#13301 = PCURVE('',#4653,#13302);
#13302 = DEFINITIONAL_REPRESENTATION('',(#13303),#13307);
#13303 = LINE('',#13304,#13305);
#13304 = CARTESIAN_POINT('',(1.,0.));
#13305 = VECTOR('',#13306,1.);
#13306 = DIRECTION('',(0.,-1.));
#13307 = ( GEOMETRIC_REPRESENTATION_CONTEXT(2) 
PARAMETRIC_REPRESENTATION_CONTEXT() REPRESENTATION_CONTEXT('2D SPACE',''
  ) );
#13308 = ORIENTED_EDGE('',*,*,#4667,.T.);
#13309 = ORIENTED_EDGE('',*,*,#13237,.F.);
#13310 = ORIENTED_EDGE('',*,*,#13311,.F.);
#13311 = EDGE_CURVE('',#13287,#13238,#13312,.T.);
#13312 = SURFACE_CURVE('',#13313,(#13317,#13324),.PCURVE_S1.);
#13313 = B_SPLINE_CURVE_WITH_KNOTS('',2,(#13314,#13315,#13316),
  .UNSPECIFIED.,.F.,.F.,(3,3),(0.,1.),.PIECEWISE_BEZIER_KNOTS.);
#13314 = CARTESIAN_POINT('',(11.40625,41.908203125,5.35));
#13315 = CARTESIAN_POINT('',(10.875,41.296875,5.35));
#13316 = CARTESIAN_POINT('',(10.875,40.140625,5.35));
#13317 = PCURVE('',#4683,#13318);
#13318 = DEFINITIONAL_REPRESENTATION('',(#13319),#13323);
#13319 = LINE('',#13320,#13321);
#13320 = CARTESIAN_POINT('',(0.,0.));
#13321 = VECTOR('',#13322,1.);
#13322 = DIRECTION('',(1.,0.));
#13323 = ( GEOMETRIC_REPRESENTATION_CONTEXT(2) 
PARAMETRIC_REPRESENTATION_CONTEXT() REPRESENTATION_CONTEXT('2D SPACE',''
  ) );
#13324 = PCURVE('',#12683,#13325);
#13325 = DEFINITIONAL_REPRESENTATION('',(#13326),#13330);
#13326 = B_SPLINE_CURVE_WITH_KNOTS('',2,(#13327,#13328,#13329),
  .UNSPECIFIED.,.F.,.F.,(3,3),(0.,1.),.PIECEWISE_BEZIER_KNOTS.);
#13327 = CARTESIAN_POINT('',(1.8125,4.677734375));
#13328 = CARTESIAN_POINT('',(1.28125,4.06640625));
#13329 = CARTESIAN_POINT('',(1.28125,2.91015625));
#13330 = ( GEOMETRIC_REPRESENTATION_CONTEXT(2) 
PARAMETRIC_REPRESENTATION_CONTEXT() REPRESENTATION_CONTEXT('2D SPACE',''
  ) );
#13331 = ADVANCED_FACE('',(#13332),#4653,.F.);
#13332 = FACE_BOUND('',#13333,.F.);
#13333 = EDGE_LOOP('',(#13334,#13357,#13358,#13359));
#13334 = ORIENTED_EDGE('',*,*,#13335,.T.);
#13335 = EDGE_CURVE('',#13336,#4608,#13338,.T.);
#13336 = VERTEX_POINT('',#13337);
#13337 = CARTESIAN_POINT('',(12.9375,42.51953125,5.35));
#13338 = SURFACE_CURVE('',#13339,(#13343,#13350),.PCURVE_S1.);
#13339 = LINE('',#13340,#13341);
#13340 = CARTESIAN_POINT('',(12.9375,42.51953125,5.35));
#13341 = VECTOR('',#13342,1.);
#13342 = DIRECTION('',(0.,0.,1.));
#13343 = PCURVE('',#4653,#13344);
#13344 = DEFINITIONAL_REPRESENTATION('',(#13345),#13349);
#13345 = LINE('',#13346,#13347);
#13346 = CARTESIAN_POINT('',(0.,0.));
#13347 = VECTOR('',#13348,1.);
#13348 = DIRECTION('',(0.,-1.));
#13349 = ( GEOMETRIC_REPRESENTATION_CONTEXT(2) 
PARAMETRIC_REPRESENTATION_CONTEXT() REPRESENTATION_CONTEXT('2D SPACE',''
  ) );
#13350 = PCURVE('',#4623,#13351);
#13351 = DEFINITIONAL_REPRESENTATION('',(#13352),#13356);
#13352 = LINE('',#13353,#13354);
#13353 = CARTESIAN_POINT('',(1.,0.));
#13354 = VECTOR('',#13355,1.);
#13355 = DIRECTION('',(0.,-1.));
#13356 = ( GEOMETRIC_REPRESENTATION_CONTEXT(2) 
PARAMETRIC_REPRESENTATION_CONTEXT() REPRESENTATION_CONTEXT('2D SPACE',''
  ) );
#13357 = ORIENTED_EDGE('',*,*,#4637,.T.);
#13358 = ORIENTED_EDGE('',*,*,#13286,.F.);
#13359 = ORIENTED_EDGE('',*,*,#13360,.F.);
#13360 = EDGE_CURVE('',#13336,#13287,#13361,.T.);
#13361 = SURFACE_CURVE('',#13362,(#13366,#13373),.PCURVE_S1.);
#13362 = B_SPLINE_CURVE_WITH_KNOTS('',2,(#13363,#13364,#13365),
  .UNSPECIFIED.,.F.,.F.,(3,3),(0.,1.),.PIECEWISE_BEZIER_KNOTS.);
#13363 = CARTESIAN_POINT('',(12.9375,42.51953125,5.35));
#13364 = CARTESIAN_POINT('',(11.9375,42.51953125,5.35));
#13365 = CARTESIAN_POINT('',(11.40625,41.908203125,5.35));
#13366 = PCURVE('',#4653,#13367);
#13367 = DEFINITIONAL_REPRESENTATION('',(#13368),#13372);
#13368 = LINE('',#13369,#13370);
#13369 = CARTESIAN_POINT('',(0.,0.));
#13370 = VECTOR('',#13371,1.);
#13371 = DIRECTION('',(1.,0.));
#13372 = ( GEOMETRIC_REPRESENTATION_CONTEXT(2) 
PARAMETRIC_REPRESENTATION_CONTEXT() REPRESENTATION_CONTEXT('2D SPACE',''
  ) );
#13373 = PCURVE('',#12683,#13374);
#13374 = DEFINITIONAL_REPRESENTATION('',(#13375),#13379);
#13375 = B_SPLINE_CURVE_WITH_KNOTS('',2,(#13376,#13377,#13378),
  .UNSPECIFIED.,.F.,.F.,(3,3),(0.,1.),.PIECEWISE_BEZIER_KNOTS.);
#13376 = CARTESIAN_POINT('',(3.34375,5.2890625));
#13377 = CARTESIAN_POINT('',(2.34375,5.2890625));
#13378 = CARTESIAN_POINT('',(1.8125,4.677734375));
#13379 = ( GEOMETRIC_REPRESENTATION_CONTEXT(2) 
PARAMETRIC_REPRESENTATION_CONTEXT() REPRESENTATION_CONTEXT('2D SPACE',''
  ) );
#13380 = ADVANCED_FACE('',(#13381),#4623,.F.);
#13381 = FACE_BOUND('',#13382,.F.);
#13382 = EDGE_LOOP('',(#13383,#13406,#13407,#13408));
#13383 = ORIENTED_EDGE('',*,*,#13384,.T.);
#13384 = EDGE_CURVE('',#13385,#4578,#13387,.T.);
#13385 = VERTEX_POINT('',#13386);
#13386 = CARTESIAN_POINT('',(13.896484375,42.3359375,5.35));
#13387 = SURFACE_CURVE('',#13388,(#13392,#13399),.PCURVE_S1.);
#13388 = LINE('',#13389,#13390);
#13389 = CARTESIAN_POINT('',(13.896484375,42.3359375,5.35));
#13390 = VECTOR('',#13391,1.);
#13391 = DIRECTION('',(0.,0.,1.));
#13392 = PCURVE('',#4623,#13393);
#13393 = DEFINITIONAL_REPRESENTATION('',(#13394),#13398);
#13394 = LINE('',#13395,#13396);
#13395 = CARTESIAN_POINT('',(0.,0.));
#13396 = VECTOR('',#13397,1.);
#13397 = DIRECTION('',(0.,-1.));
#13398 = ( GEOMETRIC_REPRESENTATION_CONTEXT(2) 
PARAMETRIC_REPRESENTATION_CONTEXT() REPRESENTATION_CONTEXT('2D SPACE',''
  ) );
#13399 = PCURVE('',#4593,#13400);
#13400 = DEFINITIONAL_REPRESENTATION('',(#13401),#13405);
#13401 = LINE('',#13402,#13403);
#13402 = CARTESIAN_POINT('',(1.,0.));
#13403 = VECTOR('',#13404,1.);
#13404 = DIRECTION('',(0.,-1.));
#13405 = ( GEOMETRIC_REPRESENTATION_CONTEXT(2) 
PARAMETRIC_REPRESENTATION_CONTEXT() REPRESENTATION_CONTEXT('2D SPACE',''
  ) );
#13406 = ORIENTED_EDGE('',*,*,#4607,.T.);
#13407 = ORIENTED_EDGE('',*,*,#13335,.F.);
#13408 = ORIENTED_EDGE('',*,*,#13409,.F.);
#13409 = EDGE_CURVE('',#13385,#13336,#13410,.T.);
#13410 = SURFACE_CURVE('',#13411,(#13415,#13422),.PCURVE_S1.);
#13411 = B_SPLINE_CURVE_WITH_KNOTS('',2,(#13412,#13413,#13414),
  .UNSPECIFIED.,.F.,.F.,(3,3),(0.,1.),.PIECEWISE_BEZIER_KNOTS.);
#13412 = CARTESIAN_POINT('',(13.896484375,42.3359375,5.35));
#13413 = CARTESIAN_POINT('',(13.4453125,42.51953125,5.35));
#13414 = CARTESIAN_POINT('',(12.9375,42.51953125,5.35));
#13415 = PCURVE('',#4623,#13416);
#13416 = DEFINITIONAL_REPRESENTATION('',(#13417),#13421);
#13417 = LINE('',#13418,#13419);
#13418 = CARTESIAN_POINT('',(0.,0.));
#13419 = VECTOR('',#13420,1.);
#13420 = DIRECTION('',(1.,0.));
#13421 = ( GEOMETRIC_REPRESENTATION_CONTEXT(2) 
PARAMETRIC_REPRESENTATION_CONTEXT() REPRESENTATION_CONTEXT('2D SPACE',''
  ) );
#13422 = PCURVE('',#12683,#13423);
#13423 = DEFINITIONAL_REPRESENTATION('',(#13424),#13428);
#13424 = B_SPLINE_CURVE_WITH_KNOTS('',2,(#13425,#13426,#13427),
  .UNSPECIFIED.,.F.,.F.,(3,3),(0.,1.),.PIECEWISE_BEZIER_KNOTS.);
#13425 = CARTESIAN_POINT('',(4.302734375,5.10546875));
#13426 = CARTESIAN_POINT('',(3.8515625,5.2890625));
#13427 = CARTESIAN_POINT('',(3.34375,5.2890625));
#13428 = ( GEOMETRIC_REPRESENTATION_CONTEXT(2) 
PARAMETRIC_REPRESENTATION_CONTEXT() REPRESENTATION_CONTEXT('2D SPACE',''
  ) );
#13429 = ADVANCED_FACE('',(#13430),#4593,.F.);
#13430 = FACE_BOUND('',#13431,.F.);
#13431 = EDGE_LOOP('',(#13432,#13455,#13456,#13457));
#13432 = ORIENTED_EDGE('',*,*,#13433,.T.);
#13433 = EDGE_CURVE('',#13434,#4550,#13436,.T.);
#13434 = VERTEX_POINT('',#13435);
#13435 = CARTESIAN_POINT('',(14.74609375,41.78125,5.35));
#13436 = SURFACE_CURVE('',#13437,(#13441,#13448),.PCURVE_S1.);
#13437 = LINE('',#13438,#13439);
#13438 = CARTESIAN_POINT('',(14.74609375,41.78125,5.35));
#13439 = VECTOR('',#13440,1.);
#13440 = DIRECTION('',(0.,0.,1.));
#13441 = PCURVE('',#4593,#13442);
#13442 = DEFINITIONAL_REPRESENTATION('',(#13443),#13447);
#13443 = LINE('',#13444,#13445);
#13444 = CARTESIAN_POINT('',(0.,0.));
#13445 = VECTOR('',#13446,1.);
#13446 = DIRECTION('',(0.,-1.));
#13447 = ( GEOMETRIC_REPRESENTATION_CONTEXT(2) 
PARAMETRIC_REPRESENTATION_CONTEXT() REPRESENTATION_CONTEXT('2D SPACE',''
  ) );
#13448 = PCURVE('',#4565,#13449);
#13449 = DEFINITIONAL_REPRESENTATION('',(#13450),#13454);
#13450 = LINE('',#13451,#13452);
#13451 = CARTESIAN_POINT('',(0.83203125,0.));
#13452 = VECTOR('',#13453,1.);
#13453 = DIRECTION('',(0.,-1.));
#13454 = ( GEOMETRIC_REPRESENTATION_CONTEXT(2) 
PARAMETRIC_REPRESENTATION_CONTEXT() REPRESENTATION_CONTEXT('2D SPACE',''
  ) );
#13455 = ORIENTED_EDGE('',*,*,#4577,.T.);
#13456 = ORIENTED_EDGE('',*,*,#13384,.F.);
#13457 = ORIENTED_EDGE('',*,*,#13458,.F.);
#13458 = EDGE_CURVE('',#13434,#13385,#13459,.T.);
#13459 = SURFACE_CURVE('',#13460,(#13464,#13471),.PCURVE_S1.);
#13460 = B_SPLINE_CURVE_WITH_KNOTS('',2,(#13461,#13462,#13463),
  .UNSPECIFIED.,.F.,.F.,(3,3),(0.,1.),.PIECEWISE_BEZIER_KNOTS.);
#13461 = CARTESIAN_POINT('',(14.74609375,41.78125,5.35));
#13462 = CARTESIAN_POINT('',(14.34765625,42.15234375,5.35));
#13463 = CARTESIAN_POINT('',(13.896484375,42.3359375,5.35));
#13464 = PCURVE('',#4593,#13465);
#13465 = DEFINITIONAL_REPRESENTATION('',(#13466),#13470);
#13466 = LINE('',#13467,#13468);
#13467 = CARTESIAN_POINT('',(0.,0.));
#13468 = VECTOR('',#13469,1.);
#13469 = DIRECTION('',(1.,0.));
#13470 = ( GEOMETRIC_REPRESENTATION_CONTEXT(2) 
PARAMETRIC_REPRESENTATION_CONTEXT() REPRESENTATION_CONTEXT('2D SPACE',''
  ) );
#13471 = PCURVE('',#12683,#13472);
#13472 = DEFINITIONAL_REPRESENTATION('',(#13473),#13477);
#13473 = B_SPLINE_CURVE_WITH_KNOTS('',2,(#13474,#13475,#13476),
  .UNSPECIFIED.,.F.,.F.,(3,3),(0.,1.),.PIECEWISE_BEZIER_KNOTS.);
#13474 = CARTESIAN_POINT('',(5.15234375,4.55078125));
#13475 = CARTESIAN_POINT('',(4.75390625,4.921875));
#13476 = CARTESIAN_POINT('',(4.302734375,5.10546875));
#13477 = ( GEOMETRIC_REPRESENTATION_CONTEXT(2) 
PARAMETRIC_REPRESENTATION_CONTEXT() REPRESENTATION_CONTEXT('2D SPACE',''
  ) );
#13478 = ADVANCED_FACE('',(#13479),#4565,.F.);
#13479 = FACE_BOUND('',#13480,.F.);
#13480 = EDGE_LOOP('',(#13481,#13482,#13483,#13484));
#13481 = ORIENTED_EDGE('',*,*,#12646,.T.);
#13482 = ORIENTED_EDGE('',*,*,#4549,.T.);
#13483 = ORIENTED_EDGE('',*,*,#13433,.F.);
#13484 = ORIENTED_EDGE('',*,*,#13485,.F.);
#13485 = EDGE_CURVE('',#12647,#13434,#13486,.T.);
#13486 = SURFACE_CURVE('',#13487,(#13491,#13498),.PCURVE_S1.);
#13487 = LINE('',#13488,#13489);
#13488 = CARTESIAN_POINT('',(14.74609375,42.61328125,5.35));
#13489 = VECTOR('',#13490,1.);
#13490 = DIRECTION('',(0.,-1.,0.));
#13491 = PCURVE('',#4565,#13492);
#13492 = DEFINITIONAL_REPRESENTATION('',(#13493),#13497);
#13493 = LINE('',#13494,#13495);
#13494 = CARTESIAN_POINT('',(0.,0.));
#13495 = VECTOR('',#13496,1.);
#13496 = DIRECTION('',(1.,0.));
#13497 = ( GEOMETRIC_REPRESENTATION_CONTEXT(2) 
PARAMETRIC_REPRESENTATION_CONTEXT() REPRESENTATION_CONTEXT('2D SPACE',''
  ) );
#13498 = PCURVE('',#12683,#13499);
#13499 = DEFINITIONAL_REPRESENTATION('',(#13500),#13504);
#13500 = LINE('',#13501,#13502);
#13501 = CARTESIAN_POINT('',(5.15234375,5.3828125));
#13502 = VECTOR('',#13503,1.);
#13503 = DIRECTION('',(0.,-1.));
#13504 = ( GEOMETRIC_REPRESENTATION_CONTEXT(2) 
PARAMETRIC_REPRESENTATION_CONTEXT() REPRESENTATION_CONTEXT('2D SPACE',''
  ) );
#13505 = ADVANCED_FACE('',(#13506),#5078,.F.);
#13506 = FACE_BOUND('',#13507,.T.);
#13507 = EDGE_LOOP('',(#13508,#13509,#13530,#13558));
#13508 = ORIENTED_EDGE('',*,*,#5055,.F.);
#13509 = ORIENTED_EDGE('',*,*,#13510,.T.);
#13510 = EDGE_CURVE('',#5056,#13511,#13513,.T.);
#13511 = VERTEX_POINT('',#13512);
#13512 = CARTESIAN_POINT('',(27.413166825912,29.765412939573,5.35));
#13513 = SURFACE_CURVE('',#13514,(#13518,#13524),.PCURVE_S1.);
#13514 = LINE('',#13515,#13516);
#13515 = CARTESIAN_POINT('',(27.413166825912,29.765412939573,5.35));
#13516 = VECTOR('',#13517,1.);
#13517 = DIRECTION('',(-0.,-0.,-1.));
#13518 = PCURVE('',#5078,#13519);
#13519 = DEFINITIONAL_REPRESENTATION('',(#13520),#13523);
#13520 = B_SPLINE_CURVE_WITH_KNOTS('',1,(#13521,#13522),.UNSPECIFIED.,
  .F.,.F.,(2,2),(-0.5500006,5.999999999062E-07),
  .PIECEWISE_BEZIER_KNOTS.);
#13521 = CARTESIAN_POINT('',(-10.77455707305,-0.5500006));
#13522 = CARTESIAN_POINT('',(-10.77455707305,5.999999999062E-07));
#13523 = ( GEOMETRIC_REPRESENTATION_CONTEXT(2) 
PARAMETRIC_REPRESENTATION_CONTEXT() REPRESENTATION_CONTEXT('2D SPACE',''
  ) );
#13524 = PCURVE('',#5109,#13525);
#13525 = DEFINITIONAL_REPRESENTATION('',(#13526),#13529);
#13526 = B_SPLINE_CURVE_WITH_KNOTS('',1,(#13527,#13528),.UNSPECIFIED.,
  .F.,.F.,(2,2),(-0.55,0.),.PIECEWISE_BEZIER_KNOTS.);
#13527 = CARTESIAN_POINT('',(-2.691735473769,-0.55));
#13528 = CARTESIAN_POINT('',(-2.691735473769,0.));
#13529 = ( GEOMETRIC_REPRESENTATION_CONTEXT(2) 
PARAMETRIC_REPRESENTATION_CONTEXT() REPRESENTATION_CONTEXT('2D SPACE',''
  ) );
#13530 = ORIENTED_EDGE('',*,*,#13531,.T.);
#13531 = EDGE_CURVE('',#13511,#13532,#13534,.T.);
#13532 = VERTEX_POINT('',#13533);
#13533 = CARTESIAN_POINT('',(33.608391990472,30.258512995008,5.35));
#13534 = SURFACE_CURVE('',#13535,(#13540,#13547),.PCURVE_S1.);
#13535 = CIRCLE('',#13536,10.5);
#13536 = AXIS2_PLACEMENT_3D('',#13537,#13538,#13539);
#13537 = CARTESIAN_POINT('',(29.715,40.01,5.35));
#13538 = DIRECTION('',(-0.,0.,-1.));
#13539 = DIRECTION('',(-0.180556111723,-0.983564685478,0.));
#13540 = PCURVE('',#5078,#13541);
#13541 = DEFINITIONAL_REPRESENTATION('',(#13542),#13546);
#13542 = LINE('',#13543,#13544);
#13543 = CARTESIAN_POINT('',(-10.8140224613,0.));
#13544 = VECTOR('',#13545,1.);
#13545 = DIRECTION('',(1.,-0.));
#13546 = ( GEOMETRIC_REPRESENTATION_CONTEXT(2) 
PARAMETRIC_REPRESENTATION_CONTEXT() REPRESENTATION_CONTEXT('2D SPACE',''
  ) );
#13547 = PCURVE('',#9644,#13548);
#13548 = DEFINITIONAL_REPRESENTATION('',(#13549),#13557);
#13549 = ( BOUNDED_CURVE() B_SPLINE_CURVE(2,(#13550,#13551,#13552,#13553
    ,#13554,#13555,#13556),.UNSPECIFIED.,.T.,.F.) 
B_SPLINE_CURVE_WITH_KNOTS((1,2,2,2,2,1),(-2.094395102393,0.,
    2.094395102393,4.188790204786,6.28318530718,8.377580409573),
.UNSPECIFIED.) CURVE() GEOMETRIC_REPRESENTATION_ITEM() 
RATIONAL_B_SPLINE_CURVE((1.,0.5,1.,0.5,1.,0.5,1.)) REPRESENTATION_ITEM(
  '') );
#13550 = CARTESIAN_POINT('',(-1.89583917309,-10.32742919751));
#13551 = CARTESIAN_POINT('',(-19.78347125476,-7.043739426748));
#13552 = CARTESIAN_POINT('',(-7.995896454292,6.805559484145));
#13553 = CARTESIAN_POINT('',(3.79167834618,20.654858395039));
#13554 = CARTESIAN_POINT('',(9.891735627382,3.521869713374));
#13555 = CARTESIAN_POINT('',(15.991792908584,-13.61111896829));
#13556 = CARTESIAN_POINT('',(-1.89583917309,-10.32742919751));
#13557 = ( GEOMETRIC_REPRESENTATION_CONTEXT(2) 
PARAMETRIC_REPRESENTATION_CONTEXT() REPRESENTATION_CONTEXT('2D SPACE',''
  ) );
#13558 = ORIENTED_EDGE('',*,*,#13559,.F.);
#13559 = EDGE_CURVE('',#5058,#13532,#13560,.T.);
#13560 = SURFACE_CURVE('',#13561,(#13565,#13571),.PCURVE_S1.);
#13561 = LINE('',#13562,#13563);
#13562 = CARTESIAN_POINT('',(33.608391990472,30.258512995008,5.35));
#13563 = VECTOR('',#13564,1.);
#13564 = DIRECTION('',(-0.,-0.,-1.));
#13565 = PCURVE('',#5078,#13566);
#13566 = DEFINITIONAL_REPRESENTATION('',(#13567),#13570);
#13567 = B_SPLINE_CURVE_WITH_KNOTS('',1,(#13568,#13569),.UNSPECIFIED.,
  .F.,.F.,(2,2),(-0.5500006,5.999999999062E-07),
  .PIECEWISE_BEZIER_KNOTS.);
#13568 = CARTESIAN_POINT('',(-5.09225843911,-0.5500006));
#13569 = CARTESIAN_POINT('',(-5.09225843911,5.999999999062E-07));
#13570 = ( GEOMETRIC_REPRESENTATION_CONTEXT(2) 
PARAMETRIC_REPRESENTATION_CONTEXT() REPRESENTATION_CONTEXT('2D SPACE',''
  ) );
#13571 = PCURVE('',#5109,#13572);
#13572 = DEFINITIONAL_REPRESENTATION('',(#13573),#13576);
#13573 = B_SPLINE_CURVE_WITH_KNOTS('',1,(#13574,#13575),.UNSPECIFIED.,
  .F.,.F.,(2,2),(-0.55,0.),.PIECEWISE_BEZIER_KNOTS.);
#13574 = CARTESIAN_POINT('',(-6.891894731212,-0.55));
#13575 = CARTESIAN_POINT('',(-6.891894731212,0.));
#13576 = ( GEOMETRIC_REPRESENTATION_CONTEXT(2) 
PARAMETRIC_REPRESENTATION_CONTEXT() REPRESENTATION_CONTEXT('2D SPACE',''
  ) );
#13577 = ADVANCED_FACE('',(#13578),#5109,.F.);
#13578 = FACE_BOUND('',#13579,.T.);
#13579 = EDGE_LOOP('',(#13580,#13581,#13582,#13608));
#13580 = ORIENTED_EDGE('',*,*,#5090,.F.);
#13581 = ORIENTED_EDGE('',*,*,#13559,.T.);
#13582 = ORIENTED_EDGE('',*,*,#13583,.T.);
#13583 = EDGE_CURVE('',#13532,#13511,#13584,.T.);
#13584 = SURFACE_CURVE('',#13585,(#13590,#13597),.PCURVE_S1.);
#13585 = CIRCLE('',#13586,3.6);
#13586 = AXIS2_PLACEMENT_3D('',#13587,#13588,#13589);
#13587 = CARTESIAN_POINT('',(30.655,28.2,5.35));
#13588 = DIRECTION('',(0.,0.,-1.));
#13589 = DIRECTION('',(0.82038666402,0.57180916528,0.));
#13590 = PCURVE('',#5109,#13591);
#13591 = DEFINITIONAL_REPRESENTATION('',(#13592),#13596);
#13592 = LINE('',#13593,#13594);
#13593 = CARTESIAN_POINT('',(-6.891894731212,0.));
#13594 = VECTOR('',#13595,1.);
#13595 = DIRECTION('',(1.,-0.));
#13596 = ( GEOMETRIC_REPRESENTATION_CONTEXT(2) 
PARAMETRIC_REPRESENTATION_CONTEXT() REPRESENTATION_CONTEXT('2D SPACE',''
  ) );
#13597 = PCURVE('',#9644,#13598);
#13598 = DEFINITIONAL_REPRESENTATION('',(#13599),#13607);
#13599 = ( BOUNDED_CURVE() B_SPLINE_CURVE(2,(#13600,#13601,#13602,#13603
    ,#13604,#13605,#13606),.UNSPECIFIED.,.T.,.F.) 
B_SPLINE_CURVE_WITH_KNOTS((1,2,2,2,2,1),(-2.094395102393,0.,
    2.094395102393,4.188790204786,6.28318530718,8.377580409573),
.UNSPECIFIED.) CURVE() GEOMETRIC_REPRESENTATION_ITEM() 
RATIONAL_B_SPLINE_CURVE((1.,0.5,1.,0.5,1.,0.5,1.)) REPRESENTATION_ITEM(
  '') );
#13600 = CARTESIAN_POINT('',(3.893391990472,-9.751487004992));
#13601 = CARTESIAN_POINT('',(7.458841085866,-14.86691198715));
#13602 = CARTESIAN_POINT('',(1.246028552461,-15.39696898858));
#13603 = CARTESIAN_POINT('',(-4.966783980944,-15.92702599001));
#13604 = CARTESIAN_POINT('',(-2.319420542933,-10.28154400642));
#13605 = CARTESIAN_POINT('',(0.327942895077,-4.636062022828));
#13606 = CARTESIAN_POINT('',(3.893391990472,-9.751487004992));
#13607 = ( GEOMETRIC_REPRESENTATION_CONTEXT(2) 
PARAMETRIC_REPRESENTATION_CONTEXT() REPRESENTATION_CONTEXT('2D SPACE',''
  ) );
#13608 = ORIENTED_EDGE('',*,*,#13510,.F.);
#13609 = ADVANCED_FACE('',(#13610,#13641),#5279,.T.);
#13610 = FACE_BOUND('',#13611,.T.);
#13611 = EDGE_LOOP('',(#13612));
#13612 = ORIENTED_EDGE('',*,*,#13613,.T.);
#13613 = EDGE_CURVE('',#13614,#13614,#13616,.T.);
#13614 = VERTEX_POINT('',#13615);
#13615 = CARTESIAN_POINT('',(-34.605,-42.57,4.6));
#13616 = SURFACE_CURVE('',#13617,(#13622,#13629),.PCURVE_S1.);
#13617 = CIRCLE('',#13618,3.2);
#13618 = AXIS2_PLACEMENT_3D('',#13619,#13620,#13621);
#13619 = CARTESIAN_POINT('',(-37.805,-42.57,4.6));
#13620 = DIRECTION('',(0.,0.,1.));
#13621 = DIRECTION('',(1.,0.,0.));
#13622 = PCURVE('',#5279,#13623);
#13623 = DEFINITIONAL_REPRESENTATION('',(#13624),#13628);
#13624 = CIRCLE('',#13625,3.2);
#13625 = AXIS2_PLACEMENT_2D('',#13626,#13627);
#13626 = CARTESIAN_POINT('',(0.,0.));
#13627 = DIRECTION('',(1.,0.));
#13628 = ( GEOMETRIC_REPRESENTATION_CONTEXT(2) 
PARAMETRIC_REPRESENTATION_CONTEXT() REPRESENTATION_CONTEXT('2D SPACE',''
  ) );
#13629 = PCURVE('',#13630,#13635);
#13630 = CYLINDRICAL_SURFACE('',#13631,3.2);
#13631 = AXIS2_PLACEMENT_3D('',#13632,#13633,#13634);
#13632 = CARTESIAN_POINT('',(-37.805,-42.57,4.6));
#13633 = DIRECTION('',(-0.,-0.,-1.));
#13634 = DIRECTION('',(1.,0.,0.));
#13635 = DEFINITIONAL_REPRESENTATION('',(#13636),#13640);
#13636 = LINE('',#13637,#13638);
#13637 = CARTESIAN_POINT('',(-0.,0.));
#13638 = VECTOR('',#13639,1.);
#13639 = DIRECTION('',(-1.,0.));
#13640 = ( GEOMETRIC_REPRESENTATION_CONTEXT(2) 
PARAMETRIC_REPRESENTATION_CONTEXT() REPRESENTATION_CONTEXT('2D SPACE',''
  ) );
#13641 = FACE_BOUND('',#13642,.T.);
#13642 = EDGE_LOOP('',(#13643));
#13643 = ORIENTED_EDGE('',*,*,#5264,.T.);
#13644 = ADVANCED_FACE('',(#13645,#13755),#5358,.T.);
#13645 = FACE_BOUND('',#13646,.T.);
#13646 = EDGE_LOOP('',(#13647,#13676,#13703,#13730));
#13647 = ORIENTED_EDGE('',*,*,#13648,.F.);
#13648 = EDGE_CURVE('',#13649,#13651,#13653,.T.);
#13649 = VERTEX_POINT('',#13650);
#13650 = CARTESIAN_POINT('',(-10.85,-31.52,4.2));
#13651 = VERTEX_POINT('',#13652);
#13652 = CARTESIAN_POINT('',(-27.25,-31.52,4.2));
#13653 = SURFACE_CURVE('',#13654,(#13658,#13665),.PCURVE_S1.);
#13654 = LINE('',#13655,#13656);
#13655 = CARTESIAN_POINT('',(-36.375,-31.52,4.2));
#13656 = VECTOR('',#13657,1.);
#13657 = DIRECTION('',(-1.,0.,0.));
#13658 = PCURVE('',#5358,#13659);
#13659 = DEFINITIONAL_REPRESENTATION('',(#13660),#13664);
#13660 = LINE('',#13661,#13662);
#13661 = CARTESIAN_POINT('',(9.125,19.73));
#13662 = VECTOR('',#13663,1.);
#13663 = DIRECTION('',(-1.,0.));
#13664 = ( GEOMETRIC_REPRESENTATION_CONTEXT(2) 
PARAMETRIC_REPRESENTATION_CONTEXT() REPRESENTATION_CONTEXT('2D SPACE',''
  ) );
#13665 = PCURVE('',#13666,#13671);
#13666 = PLANE('',#13667);
#13667 = AXIS2_PLACEMENT_3D('',#13668,#13669,#13670);
#13668 = CARTESIAN_POINT('',(-27.25,-31.52,4.));
#13669 = DIRECTION('',(0.,1.,0.));
#13670 = DIRECTION('',(0.,0.,1.));
#13671 = DEFINITIONAL_REPRESENTATION('',(#13672),#13675);
#13672 = B_SPLINE_CURVE_WITH_KNOTS('',1,(#13673,#13674),.UNSPECIFIED.,
  .F.,.F.,(2,2),(-25.525,-9.125),.PIECEWISE_BEZIER_KNOTS.);
#13673 = CARTESIAN_POINT('',(0.2,16.4));
#13674 = CARTESIAN_POINT('',(0.2,0.));
#13675 = ( GEOMETRIC_REPRESENTATION_CONTEXT(2) 
PARAMETRIC_REPRESENTATION_CONTEXT() REPRESENTATION_CONTEXT('2D SPACE',''
  ) );
#13676 = ORIENTED_EDGE('',*,*,#13677,.T.);
#13677 = EDGE_CURVE('',#13649,#13678,#13680,.T.);
#13678 = VERTEX_POINT('',#13679);
#13679 = CARTESIAN_POINT('',(-10.85,-15.12,4.2));
#13680 = SURFACE_CURVE('',#13681,(#13685,#13692),.PCURVE_S1.);
#13681 = LINE('',#13682,#13683);
#13682 = CARTESIAN_POINT('',(-10.85,-41.385,4.2));
#13683 = VECTOR('',#13684,1.);
#13684 = DIRECTION('',(0.,1.,0.));
#13685 = PCURVE('',#5358,#13686);
#13686 = DEFINITIONAL_REPRESENTATION('',(#13687),#13691);
#13687 = LINE('',#13688,#13689);
#13688 = CARTESIAN_POINT('',(34.65,9.865));
#13689 = VECTOR('',#13690,1.);
#13690 = DIRECTION('',(0.,1.));
#13691 = ( GEOMETRIC_REPRESENTATION_CONTEXT(2) 
PARAMETRIC_REPRESENTATION_CONTEXT() REPRESENTATION_CONTEXT('2D SPACE',''
  ) );
#13692 = PCURVE('',#13693,#13698);
#13693 = PLANE('',#13694);
#13694 = AXIS2_PLACEMENT_3D('',#13695,#13696,#13697);
#13695 = CARTESIAN_POINT('',(-10.85,-31.52,4.));
#13696 = DIRECTION('',(1.,0.,0.));
#13697 = DIRECTION('',(0.,0.,1.));
#13698 = DEFINITIONAL_REPRESENTATION('',(#13699),#13702);
#13699 = B_SPLINE_CURVE_WITH_KNOTS('',1,(#13700,#13701),.UNSPECIFIED.,
  .F.,.F.,(2,2),(9.865,26.265),.PIECEWISE_BEZIER_KNOTS.);
#13700 = CARTESIAN_POINT('',(0.2,0.));
#13701 = CARTESIAN_POINT('',(0.2,-16.4));
#13702 = ( GEOMETRIC_REPRESENTATION_CONTEXT(2) 
PARAMETRIC_REPRESENTATION_CONTEXT() REPRESENTATION_CONTEXT('2D SPACE',''
  ) );
#13703 = ORIENTED_EDGE('',*,*,#13704,.T.);
#13704 = EDGE_CURVE('',#13678,#13705,#13707,.T.);
#13705 = VERTEX_POINT('',#13706);
#13706 = CARTESIAN_POINT('',(-27.25,-15.12,4.2));
#13707 = SURFACE_CURVE('',#13708,(#13712,#13719),.PCURVE_S1.);
#13708 = LINE('',#13709,#13710);
#13709 = CARTESIAN_POINT('',(-36.375,-15.12,4.2));
#13710 = VECTOR('',#13711,1.);
#13711 = DIRECTION('',(-1.,0.,0.));
#13712 = PCURVE('',#5358,#13713);
#13713 = DEFINITIONAL_REPRESENTATION('',(#13714),#13718);
#13714 = LINE('',#13715,#13716);
#13715 = CARTESIAN_POINT('',(9.125,36.13));
#13716 = VECTOR('',#13717,1.);
#13717 = DIRECTION('',(-1.,0.));
#13718 = ( GEOMETRIC_REPRESENTATION_CONTEXT(2) 
PARAMETRIC_REPRESENTATION_CONTEXT() REPRESENTATION_CONTEXT('2D SPACE',''
  ) );
#13719 = PCURVE('',#13720,#13725);
#13720 = PLANE('',#13721);
#13721 = AXIS2_PLACEMENT_3D('',#13722,#13723,#13724);
#13722 = CARTESIAN_POINT('',(-27.25,-15.12,4.));
#13723 = DIRECTION('',(0.,1.,0.));
#13724 = DIRECTION('',(0.,0.,1.));
#13725 = DEFINITIONAL_REPRESENTATION('',(#13726),#13729);
#13726 = B_SPLINE_CURVE_WITH_KNOTS('',1,(#13727,#13728),.UNSPECIFIED.,
  .F.,.F.,(2,2),(-25.525,-9.125),.PIECEWISE_BEZIER_KNOTS.);
#13727 = CARTESIAN_POINT('',(0.2,16.4));
#13728 = CARTESIAN_POINT('',(0.2,0.));
#13729 = ( GEOMETRIC_REPRESENTATION_CONTEXT(2) 
PARAMETRIC_REPRESENTATION_CONTEXT() REPRESENTATION_CONTEXT('2D SPACE',''
  ) );
#13730 = ORIENTED_EDGE('',*,*,#13731,.F.);
#13731 = EDGE_CURVE('',#13651,#13705,#13732,.T.);
#13732 = SURFACE_CURVE('',#13733,(#13737,#13744),.PCURVE_S1.);
#13733 = LINE('',#13734,#13735);
#13734 = CARTESIAN_POINT('',(-27.25,-41.385,4.2));
#13735 = VECTOR('',#13736,1.);
#13736 = DIRECTION('',(0.,1.,0.));
#13737 = PCURVE('',#5358,#13738);
#13738 = DEFINITIONAL_REPRESENTATION('',(#13739),#13743);
#13739 = LINE('',#13740,#13741);
#13740 = CARTESIAN_POINT('',(18.25,9.865));
#13741 = VECTOR('',#13742,1.);
#13742 = DIRECTION('',(0.,1.));
#13743 = ( GEOMETRIC_REPRESENTATION_CONTEXT(2) 
PARAMETRIC_REPRESENTATION_CONTEXT() REPRESENTATION_CONTEXT('2D SPACE',''
  ) );
#13744 = PCURVE('',#13745,#13750);
#13745 = PLANE('',#13746);
#13746 = AXIS2_PLACEMENT_3D('',#13747,#13748,#13749);
#13747 = CARTESIAN_POINT('',(-27.25,-31.52,4.));
#13748 = DIRECTION('',(1.,0.,0.));
#13749 = DIRECTION('',(0.,0.,1.));
#13750 = DEFINITIONAL_REPRESENTATION('',(#13751),#13754);
#13751 = B_SPLINE_CURVE_WITH_KNOTS('',1,(#13752,#13753),.UNSPECIFIED.,
  .F.,.F.,(2,2),(9.865,26.265),.PIECEWISE_BEZIER_KNOTS.);
#13752 = CARTESIAN_POINT('',(0.2,0.));
#13753 = CARTESIAN_POINT('',(0.2,-16.4));
#13754 = ( GEOMETRIC_REPRESENTATION_CONTEXT(2) 
PARAMETRIC_REPRESENTATION_CONTEXT() REPRESENTATION_CONTEXT('2D SPACE',''
  ) );
#13755 = FACE_BOUND('',#13756,.T.);
#13756 = EDGE_LOOP('',(#13757,#13758,#13759,#13760));
#13757 = ORIENTED_EDGE('',*,*,#5345,.T.);
#13758 = ORIENTED_EDGE('',*,*,#5444,.T.);
#13759 = ORIENTED_EDGE('',*,*,#5469,.F.);
#13760 = ORIENTED_EDGE('',*,*,#5397,.F.);
#13761 = ADVANCED_FACE('',(#13762),#5552,.F.);
#13762 = FACE_BOUND('',#13763,.F.);
#13763 = EDGE_LOOP('',(#13764,#13765,#13766,#13767));
#13764 = ORIENTED_EDGE('',*,*,#5641,.F.);
#13765 = ORIENTED_EDGE('',*,*,#5538,.T.);
#13766 = ORIENTED_EDGE('',*,*,#5592,.T.);
#13767 = ORIENTED_EDGE('',*,*,#5668,.F.);
#13768 = ADVANCED_FACE('',(#13769,#13879),#5752,.T.);
#13769 = FACE_BOUND('',#13770,.T.);
#13770 = EDGE_LOOP('',(#13771,#13800,#13827,#13854));
#13771 = ORIENTED_EDGE('',*,*,#13772,.F.);
#13772 = EDGE_CURVE('',#13773,#13775,#13777,.T.);
#13773 = VERTEX_POINT('',#13774);
#13774 = CARTESIAN_POINT('',(-10.85,-12.47,4.2));
#13775 = VERTEX_POINT('',#13776);
#13776 = CARTESIAN_POINT('',(-27.25,-12.47,4.2));
#13777 = SURFACE_CURVE('',#13778,(#13782,#13789),.PCURVE_S1.);
#13778 = LINE('',#13779,#13780);
#13779 = CARTESIAN_POINT('',(-36.375,-12.47,4.2));
#13780 = VECTOR('',#13781,1.);
#13781 = DIRECTION('',(-1.,0.,0.));
#13782 = PCURVE('',#5752,#13783);
#13783 = DEFINITIONAL_REPRESENTATION('',(#13784),#13788);
#13784 = LINE('',#13785,#13786);
#13785 = CARTESIAN_POINT('',(9.125,38.78));
#13786 = VECTOR('',#13787,1.);
#13787 = DIRECTION('',(-1.,0.));
#13788 = ( GEOMETRIC_REPRESENTATION_CONTEXT(2) 
PARAMETRIC_REPRESENTATION_CONTEXT() REPRESENTATION_CONTEXT('2D SPACE',''
  ) );
#13789 = PCURVE('',#13790,#13795);
#13790 = PLANE('',#13791);
#13791 = AXIS2_PLACEMENT_3D('',#13792,#13793,#13794);
#13792 = CARTESIAN_POINT('',(-27.25,-12.47,4.));
#13793 = DIRECTION('',(0.,1.,0.));
#13794 = DIRECTION('',(0.,0.,1.));
#13795 = DEFINITIONAL_REPRESENTATION('',(#13796),#13799);
#13796 = B_SPLINE_CURVE_WITH_KNOTS('',1,(#13797,#13798),.UNSPECIFIED.,
  .F.,.F.,(2,2),(-25.525,-9.125),.PIECEWISE_BEZIER_KNOTS.);
#13797 = CARTESIAN_POINT('',(0.2,16.4));
#13798 = CARTESIAN_POINT('',(0.2,0.));
#13799 = ( GEOMETRIC_REPRESENTATION_CONTEXT(2) 
PARAMETRIC_REPRESENTATION_CONTEXT() REPRESENTATION_CONTEXT('2D SPACE',''
  ) );
#13800 = ORIENTED_EDGE('',*,*,#13801,.T.);
#13801 = EDGE_CURVE('',#13773,#13802,#13804,.T.);
#13802 = VERTEX_POINT('',#13803);
#13803 = CARTESIAN_POINT('',(-10.85,3.93,4.2));
#13804 = SURFACE_CURVE('',#13805,(#13809,#13816),.PCURVE_S1.);
#13805 = LINE('',#13806,#13807);
#13806 = CARTESIAN_POINT('',(-10.85,-31.86,4.2));
#13807 = VECTOR('',#13808,1.);
#13808 = DIRECTION('',(0.,1.,0.));
#13809 = PCURVE('',#5752,#13810);
#13810 = DEFINITIONAL_REPRESENTATION('',(#13811),#13815);
#13811 = LINE('',#13812,#13813);
#13812 = CARTESIAN_POINT('',(34.65,19.39));
#13813 = VECTOR('',#13814,1.);
#13814 = DIRECTION('',(0.,1.));
#13815 = ( GEOMETRIC_REPRESENTATION_CONTEXT(2) 
PARAMETRIC_REPRESENTATION_CONTEXT() REPRESENTATION_CONTEXT('2D SPACE',''
  ) );
#13816 = PCURVE('',#13817,#13822);
#13817 = PLANE('',#13818);
#13818 = AXIS2_PLACEMENT_3D('',#13819,#13820,#13821);
#13819 = CARTESIAN_POINT('',(-10.85,-12.47,4.));
#13820 = DIRECTION('',(1.,0.,0.));
#13821 = DIRECTION('',(0.,0.,1.));
#13822 = DEFINITIONAL_REPRESENTATION('',(#13823),#13826);
#13823 = B_SPLINE_CURVE_WITH_KNOTS('',1,(#13824,#13825),.UNSPECIFIED.,
  .F.,.F.,(2,2),(19.39,35.79),.PIECEWISE_BEZIER_KNOTS.);
#13824 = CARTESIAN_POINT('',(0.2,0.));
#13825 = CARTESIAN_POINT('',(0.2,-16.4));
#13826 = ( GEOMETRIC_REPRESENTATION_CONTEXT(2) 
PARAMETRIC_REPRESENTATION_CONTEXT() REPRESENTATION_CONTEXT('2D SPACE',''
  ) );
#13827 = ORIENTED_EDGE('',*,*,#13828,.T.);
#13828 = EDGE_CURVE('',#13802,#13829,#13831,.T.);
#13829 = VERTEX_POINT('',#13830);
#13830 = CARTESIAN_POINT('',(-27.25,3.93,4.2));
#13831 = SURFACE_CURVE('',#13832,(#13836,#13843),.PCURVE_S1.);
#13832 = LINE('',#13833,#13834);
#13833 = CARTESIAN_POINT('',(-36.375,3.93,4.2));
#13834 = VECTOR('',#13835,1.);
#13835 = DIRECTION('',(-1.,0.,0.));
#13836 = PCURVE('',#5752,#13837);
#13837 = DEFINITIONAL_REPRESENTATION('',(#13838),#13842);
#13838 = LINE('',#13839,#13840);
#13839 = CARTESIAN_POINT('',(9.125,55.18));
#13840 = VECTOR('',#13841,1.);
#13841 = DIRECTION('',(-1.,0.));
#13842 = ( GEOMETRIC_REPRESENTATION_CONTEXT(2) 
PARAMETRIC_REPRESENTATION_CONTEXT() REPRESENTATION_CONTEXT('2D SPACE',''
  ) );
#13843 = PCURVE('',#13844,#13849);
#13844 = PLANE('',#13845);
#13845 = AXIS2_PLACEMENT_3D('',#13846,#13847,#13848);
#13846 = CARTESIAN_POINT('',(-27.25,3.93,4.));
#13847 = DIRECTION('',(0.,1.,0.));
#13848 = DIRECTION('',(0.,0.,1.));
#13849 = DEFINITIONAL_REPRESENTATION('',(#13850),#13853);
#13850 = B_SPLINE_CURVE_WITH_KNOTS('',1,(#13851,#13852),.UNSPECIFIED.,
  .F.,.F.,(2,2),(-25.525,-9.125),.PIECEWISE_BEZIER_KNOTS.);
#13851 = CARTESIAN_POINT('',(0.2,16.4));
#13852 = CARTESIAN_POINT('',(0.2,0.));
#13853 = ( GEOMETRIC_REPRESENTATION_CONTEXT(2) 
PARAMETRIC_REPRESENTATION_CONTEXT() REPRESENTATION_CONTEXT('2D SPACE',''
  ) );
#13854 = ORIENTED_EDGE('',*,*,#13855,.F.);
#13855 = EDGE_CURVE('',#13775,#13829,#13856,.T.);
#13856 = SURFACE_CURVE('',#13857,(#13861,#13868),.PCURVE_S1.);
#13857 = LINE('',#13858,#13859);
#13858 = CARTESIAN_POINT('',(-27.25,-31.86,4.2));
#13859 = VECTOR('',#13860,1.);
#13860 = DIRECTION('',(0.,1.,0.));
#13861 = PCURVE('',#5752,#13862);
#13862 = DEFINITIONAL_REPRESENTATION('',(#13863),#13867);
#13863 = LINE('',#13864,#13865);
#13864 = CARTESIAN_POINT('',(18.25,19.39));
#13865 = VECTOR('',#13866,1.);
#13866 = DIRECTION('',(0.,1.));
#13867 = ( GEOMETRIC_REPRESENTATION_CONTEXT(2) 
PARAMETRIC_REPRESENTATION_CONTEXT() REPRESENTATION_CONTEXT('2D SPACE',''
  ) );
#13868 = PCURVE('',#13869,#13874);
#13869 = PLANE('',#13870);
#13870 = AXIS2_PLACEMENT_3D('',#13871,#13872,#13873);
#13871 = CARTESIAN_POINT('',(-27.25,-12.47,4.));
#13872 = DIRECTION('',(1.,0.,0.));
#13873 = DIRECTION('',(0.,0.,1.));
#13874 = DEFINITIONAL_REPRESENTATION('',(#13875),#13878);
#13875 = B_SPLINE_CURVE_WITH_KNOTS('',1,(#13876,#13877),.UNSPECIFIED.,
  .F.,.F.,(2,2),(19.39,35.79),.PIECEWISE_BEZIER_KNOTS.);
#13876 = CARTESIAN_POINT('',(0.2,0.));
#13877 = CARTESIAN_POINT('',(0.2,-16.4));
#13878 = ( GEOMETRIC_REPRESENTATION_CONTEXT(2) 
PARAMETRIC_REPRESENTATION_CONTEXT() REPRESENTATION_CONTEXT('2D SPACE',''
  ) );
#13879 = FACE_BOUND('',#13880,.T.);
#13880 = EDGE_LOOP('',(#13881,#13882,#13883,#13884));
#13881 = ORIENTED_EDGE('',*,*,#5739,.T.);
#13882 = ORIENTED_EDGE('',*,*,#5838,.T.);
#13883 = ORIENTED_EDGE('',*,*,#5863,.F.);
#13884 = ORIENTED_EDGE('',*,*,#5791,.F.);
#13885 = ADVANCED_FACE('',(#13886,#13996),#5945,.T.);
#13886 = FACE_BOUND('',#13887,.T.);
#13887 = EDGE_LOOP('',(#13888,#13917,#13944,#13971));
#13888 = ORIENTED_EDGE('',*,*,#13889,.F.);
#13889 = EDGE_CURVE('',#13890,#13892,#13894,.T.);
#13890 = VERTEX_POINT('',#13891);
#13891 = CARTESIAN_POINT('',(8.2,-31.52,4.2));
#13892 = VERTEX_POINT('',#13893);
#13893 = CARTESIAN_POINT('',(-8.2,-31.52,4.2));
#13894 = SURFACE_CURVE('',#13895,(#13899,#13906),.PCURVE_S1.);
#13895 = LINE('',#13896,#13897);
#13896 = CARTESIAN_POINT('',(-26.85,-31.52,4.2));
#13897 = VECTOR('',#13898,1.);
#13898 = DIRECTION('',(-1.,0.,0.));
#13899 = PCURVE('',#5945,#13900);
#13900 = DEFINITIONAL_REPRESENTATION('',(#13901),#13905);
#13901 = LINE('',#13902,#13903);
#13902 = CARTESIAN_POINT('',(18.65,19.73));
#13903 = VECTOR('',#13904,1.);
#13904 = DIRECTION('',(-1.,0.));
#13905 = ( GEOMETRIC_REPRESENTATION_CONTEXT(2) 
PARAMETRIC_REPRESENTATION_CONTEXT() REPRESENTATION_CONTEXT('2D SPACE',''
  ) );
#13906 = PCURVE('',#13907,#13912);
#13907 = PLANE('',#13908);
#13908 = AXIS2_PLACEMENT_3D('',#13909,#13910,#13911);
#13909 = CARTESIAN_POINT('',(-8.2,-31.52,4.));
#13910 = DIRECTION('',(0.,1.,0.));
#13911 = DIRECTION('',(0.,0.,1.));
#13912 = DEFINITIONAL_REPRESENTATION('',(#13913),#13916);
#13913 = B_SPLINE_CURVE_WITH_KNOTS('',1,(#13914,#13915),.UNSPECIFIED.,
  .F.,.F.,(2,2),(-35.05,-18.65),.PIECEWISE_BEZIER_KNOTS.);
#13914 = CARTESIAN_POINT('',(0.2,16.4));
#13915 = CARTESIAN_POINT('',(0.2,0.));
#13916 = ( GEOMETRIC_REPRESENTATION_CONTEXT(2) 
PARAMETRIC_REPRESENTATION_CONTEXT() REPRESENTATION_CONTEXT('2D SPACE',''
  ) );
#13917 = ORIENTED_EDGE('',*,*,#13918,.T.);
#13918 = EDGE_CURVE('',#13890,#13919,#13921,.T.);
#13919 = VERTEX_POINT('',#13920);
#13920 = CARTESIAN_POINT('',(8.2,-15.12,4.2));
#13921 = SURFACE_CURVE('',#13922,(#13926,#13933),.PCURVE_S1.);
#13922 = LINE('',#13923,#13924);
#13923 = CARTESIAN_POINT('',(8.2,-41.385,4.2));
#13924 = VECTOR('',#13925,1.);
#13925 = DIRECTION('',(0.,1.,0.));
#13926 = PCURVE('',#5945,#13927);
#13927 = DEFINITIONAL_REPRESENTATION('',(#13928),#13932);
#13928 = LINE('',#13929,#13930);
#13929 = CARTESIAN_POINT('',(53.7,9.865));
#13930 = VECTOR('',#13931,1.);
#13931 = DIRECTION('',(0.,1.));
#13932 = ( GEOMETRIC_REPRESENTATION_CONTEXT(2) 
PARAMETRIC_REPRESENTATION_CONTEXT() REPRESENTATION_CONTEXT('2D SPACE',''
  ) );
#13933 = PCURVE('',#13934,#13939);
#13934 = PLANE('',#13935);
#13935 = AXIS2_PLACEMENT_3D('',#13936,#13937,#13938);
#13936 = CARTESIAN_POINT('',(8.2,-31.52,4.));
#13937 = DIRECTION('',(1.,0.,0.));
#13938 = DIRECTION('',(0.,0.,1.));
#13939 = DEFINITIONAL_REPRESENTATION('',(#13940),#13943);
#13940 = B_SPLINE_CURVE_WITH_KNOTS('',1,(#13941,#13942),.UNSPECIFIED.,
  .F.,.F.,(2,2),(9.865,26.265),.PIECEWISE_BEZIER_KNOTS.);
#13941 = CARTESIAN_POINT('',(0.2,0.));
#13942 = CARTESIAN_POINT('',(0.2,-16.4));
#13943 = ( GEOMETRIC_REPRESENTATION_CONTEXT(2) 
PARAMETRIC_REPRESENTATION_CONTEXT() REPRESENTATION_CONTEXT('2D SPACE',''
  ) );
#13944 = ORIENTED_EDGE('',*,*,#13945,.T.);
#13945 = EDGE_CURVE('',#13919,#13946,#13948,.T.);
#13946 = VERTEX_POINT('',#13947);
#13947 = CARTESIAN_POINT('',(-8.2,-15.12,4.2));
#13948 = SURFACE_CURVE('',#13949,(#13953,#13960),.PCURVE_S1.);
#13949 = LINE('',#13950,#13951);
#13950 = CARTESIAN_POINT('',(-26.85,-15.12,4.2));
#13951 = VECTOR('',#13952,1.);
#13952 = DIRECTION('',(-1.,0.,0.));
#13953 = PCURVE('',#5945,#13954);
#13954 = DEFINITIONAL_REPRESENTATION('',(#13955),#13959);
#13955 = LINE('',#13956,#13957);
#13956 = CARTESIAN_POINT('',(18.65,36.13));
#13957 = VECTOR('',#13958,1.);
#13958 = DIRECTION('',(-1.,0.));
#13959 = ( GEOMETRIC_REPRESENTATION_CONTEXT(2) 
PARAMETRIC_REPRESENTATION_CONTEXT() REPRESENTATION_CONTEXT('2D SPACE',''
  ) );
#13960 = PCURVE('',#13961,#13966);
#13961 = PLANE('',#13962);
#13962 = AXIS2_PLACEMENT_3D('',#13963,#13964,#13965);
#13963 = CARTESIAN_POINT('',(-8.2,-15.12,4.));
#13964 = DIRECTION('',(0.,1.,0.));
#13965 = DIRECTION('',(0.,0.,1.));
#13966 = DEFINITIONAL_REPRESENTATION('',(#13967),#13970);
#13967 = B_SPLINE_CURVE_WITH_KNOTS('',1,(#13968,#13969),.UNSPECIFIED.,
  .F.,.F.,(2,2),(-35.05,-18.65),.PIECEWISE_BEZIER_KNOTS.);
#13968 = CARTESIAN_POINT('',(0.2,16.4));
#13969 = CARTESIAN_POINT('',(0.2,0.));
#13970 = ( GEOMETRIC_REPRESENTATION_CONTEXT(2) 
PARAMETRIC_REPRESENTATION_CONTEXT() REPRESENTATION_CONTEXT('2D SPACE',''
  ) );
#13971 = ORIENTED_EDGE('',*,*,#13972,.F.);
#13972 = EDGE_CURVE('',#13892,#13946,#13973,.T.);
#13973 = SURFACE_CURVE('',#13974,(#13978,#13985),.PCURVE_S1.);
#13974 = LINE('',#13975,#13976);
#13975 = CARTESIAN_POINT('',(-8.2,-41.385,4.2));
#13976 = VECTOR('',#13977,1.);
#13977 = DIRECTION('',(0.,1.,0.));
#13978 = PCURVE('',#5945,#13979);
#13979 = DEFINITIONAL_REPRESENTATION('',(#13980),#13984);
#13980 = LINE('',#13981,#13982);
#13981 = CARTESIAN_POINT('',(37.3,9.865));
#13982 = VECTOR('',#13983,1.);
#13983 = DIRECTION('',(0.,1.));
#13984 = ( GEOMETRIC_REPRESENTATION_CONTEXT(2) 
PARAMETRIC_REPRESENTATION_CONTEXT() REPRESENTATION_CONTEXT('2D SPACE',''
  ) );
#13985 = PCURVE('',#13986,#13991);
#13986 = PLANE('',#13987);
#13987 = AXIS2_PLACEMENT_3D('',#13988,#13989,#13990);
#13988 = CARTESIAN_POINT('',(-8.2,-31.52,4.));
#13989 = DIRECTION('',(1.,0.,0.));
#13990 = DIRECTION('',(0.,0.,1.));
#13991 = DEFINITIONAL_REPRESENTATION('',(#13992),#13995);
#13992 = B_SPLINE_CURVE_WITH_KNOTS('',1,(#13993,#13994),.UNSPECIFIED.,
  .F.,.F.,(2,2),(9.865,26.265),.PIECEWISE_BEZIER_KNOTS.);
#13993 = CARTESIAN_POINT('',(0.2,0.));
#13994 = CARTESIAN_POINT('',(0.2,-16.4));
#13995 = ( GEOMETRIC_REPRESENTATION_CONTEXT(2) 
PARAMETRIC_REPRESENTATION_CONTEXT() REPRESENTATION_CONTEXT('2D SPACE',''
  ) );
#13996 = FACE_BOUND('',#13997,.T.);
#13997 = EDGE_LOOP('',(#13998,#13999,#14000,#14001));
#13998 = ORIENTED_EDGE('',*,*,#5932,.T.);
#13999 = ORIENTED_EDGE('',*,*,#6031,.T.);
#14000 = ORIENTED_EDGE('',*,*,#6056,.F.);
#14001 = ORIENTED_EDGE('',*,*,#5984,.F.);
#14002 = ADVANCED_FACE('',(#14003,#14113),#6138,.T.);
#14003 = FACE_BOUND('',#14004,.T.);
#14004 = EDGE_LOOP('',(#14005,#14034,#14061,#14088));
#14005 = ORIENTED_EDGE('',*,*,#14006,.F.);
#14006 = EDGE_CURVE('',#14007,#14009,#14011,.T.);
#14007 = VERTEX_POINT('',#14008);
#14008 = CARTESIAN_POINT('',(27.25,-31.52,4.2));
#14009 = VERTEX_POINT('',#14010);
#14010 = CARTESIAN_POINT('',(10.85,-31.52,4.2));
#14011 = SURFACE_CURVE('',#14012,(#14016,#14023),.PCURVE_S1.);
#14012 = LINE('',#14013,#14014);
#14013 = CARTESIAN_POINT('',(-17.325,-31.52,4.2));
#14014 = VECTOR('',#14015,1.);
#14015 = DIRECTION('',(-1.,0.,0.));
#14016 = PCURVE('',#6138,#14017);
#14017 = DEFINITIONAL_REPRESENTATION('',(#14018),#14022);
#14018 = LINE('',#14019,#14020);
#14019 = CARTESIAN_POINT('',(28.175,19.73));
#14020 = VECTOR('',#14021,1.);
#14021 = DIRECTION('',(-1.,0.));
#14022 = ( GEOMETRIC_REPRESENTATION_CONTEXT(2) 
PARAMETRIC_REPRESENTATION_CONTEXT() REPRESENTATION_CONTEXT('2D SPACE',''
  ) );
#14023 = PCURVE('',#14024,#14029);
#14024 = PLANE('',#14025);
#14025 = AXIS2_PLACEMENT_3D('',#14026,#14027,#14028);
#14026 = CARTESIAN_POINT('',(10.85,-31.52,4.));
#14027 = DIRECTION('',(0.,1.,0.));
#14028 = DIRECTION('',(0.,0.,1.));
#14029 = DEFINITIONAL_REPRESENTATION('',(#14030),#14033);
#14030 = B_SPLINE_CURVE_WITH_KNOTS('',1,(#14031,#14032),.UNSPECIFIED.,
  .F.,.F.,(2,2),(-44.575,-28.175),.PIECEWISE_BEZIER_KNOTS.);
#14031 = CARTESIAN_POINT('',(0.2,16.4));
#14032 = CARTESIAN_POINT('',(0.2,0.));
#14033 = ( GEOMETRIC_REPRESENTATION_CONTEXT(2) 
PARAMETRIC_REPRESENTATION_CONTEXT() REPRESENTATION_CONTEXT('2D SPACE',''
  ) );
#14034 = ORIENTED_EDGE('',*,*,#14035,.T.);
#14035 = EDGE_CURVE('',#14007,#14036,#14038,.T.);
#14036 = VERTEX_POINT('',#14037);
#14037 = CARTESIAN_POINT('',(27.25,-15.12,4.2));
#14038 = SURFACE_CURVE('',#14039,(#14043,#14050),.PCURVE_S1.);
#14039 = LINE('',#14040,#14041);
#14040 = CARTESIAN_POINT('',(27.25,-41.385,4.2));
#14041 = VECTOR('',#14042,1.);
#14042 = DIRECTION('',(0.,1.,0.));
#14043 = PCURVE('',#6138,#14044);
#14044 = DEFINITIONAL_REPRESENTATION('',(#14045),#14049);
#14045 = LINE('',#14046,#14047);
#14046 = CARTESIAN_POINT('',(72.75,9.865));
#14047 = VECTOR('',#14048,1.);
#14048 = DIRECTION('',(0.,1.));
#14049 = ( GEOMETRIC_REPRESENTATION_CONTEXT(2) 
PARAMETRIC_REPRESENTATION_CONTEXT() REPRESENTATION_CONTEXT('2D SPACE',''
  ) );
#14050 = PCURVE('',#14051,#14056);
#14051 = PLANE('',#14052);
#14052 = AXIS2_PLACEMENT_3D('',#14053,#14054,#14055);
#14053 = CARTESIAN_POINT('',(27.25,-31.52,4.));
#14054 = DIRECTION('',(1.,0.,0.));
#14055 = DIRECTION('',(0.,0.,1.));
#14056 = DEFINITIONAL_REPRESENTATION('',(#14057),#14060);
#14057 = B_SPLINE_CURVE_WITH_KNOTS('',1,(#14058,#14059),.UNSPECIFIED.,
  .F.,.F.,(2,2),(9.865,26.265),.PIECEWISE_BEZIER_KNOTS.);
#14058 = CARTESIAN_POINT('',(0.2,0.));
#14059 = CARTESIAN_POINT('',(0.2,-16.4));
#14060 = ( GEOMETRIC_REPRESENTATION_CONTEXT(2) 
PARAMETRIC_REPRESENTATION_CONTEXT() REPRESENTATION_CONTEXT('2D SPACE',''
  ) );
#14061 = ORIENTED_EDGE('',*,*,#14062,.T.);
#14062 = EDGE_CURVE('',#14036,#14063,#14065,.T.);
#14063 = VERTEX_POINT('',#14064);
#14064 = CARTESIAN_POINT('',(10.85,-15.12,4.2));
#14065 = SURFACE_CURVE('',#14066,(#14070,#14077),.PCURVE_S1.);
#14066 = LINE('',#14067,#14068);
#14067 = CARTESIAN_POINT('',(-17.325,-15.12,4.2));
#14068 = VECTOR('',#14069,1.);
#14069 = DIRECTION('',(-1.,0.,0.));
#14070 = PCURVE('',#6138,#14071);
#14071 = DEFINITIONAL_REPRESENTATION('',(#14072),#14076);
#14072 = LINE('',#14073,#14074);
#14073 = CARTESIAN_POINT('',(28.175,36.13));
#14074 = VECTOR('',#14075,1.);
#14075 = DIRECTION('',(-1.,0.));
#14076 = ( GEOMETRIC_REPRESENTATION_CONTEXT(2) 
PARAMETRIC_REPRESENTATION_CONTEXT() REPRESENTATION_CONTEXT('2D SPACE',''
  ) );
#14077 = PCURVE('',#14078,#14083);
#14078 = PLANE('',#14079);
#14079 = AXIS2_PLACEMENT_3D('',#14080,#14081,#14082);
#14080 = CARTESIAN_POINT('',(10.85,-15.12,4.));
#14081 = DIRECTION('',(0.,1.,0.));
#14082 = DIRECTION('',(0.,0.,1.));
#14083 = DEFINITIONAL_REPRESENTATION('',(#14084),#14087);
#14084 = B_SPLINE_CURVE_WITH_KNOTS('',1,(#14085,#14086),.UNSPECIFIED.,
  .F.,.F.,(2,2),(-44.575,-28.175),.PIECEWISE_BEZIER_KNOTS.);
#14085 = CARTESIAN_POINT('',(0.2,16.4));
#14086 = CARTESIAN_POINT('',(0.2,0.));
#14087 = ( GEOMETRIC_REPRESENTATION_CONTEXT(2) 
PARAMETRIC_REPRESENTATION_CONTEXT() REPRESENTATION_CONTEXT('2D SPACE',''
  ) );
#14088 = ORIENTED_EDGE('',*,*,#14089,.F.);
#14089 = EDGE_CURVE('',#14009,#14063,#14090,.T.);
#14090 = SURFACE_CURVE('',#14091,(#14095,#14102),.PCURVE_S1.);
#14091 = LINE('',#14092,#14093);
#14092 = CARTESIAN_POINT('',(10.85,-41.385,4.2));
#14093 = VECTOR('',#14094,1.);
#14094 = DIRECTION('',(0.,1.,0.));
#14095 = PCURVE('',#6138,#14096);
#14096 = DEFINITIONAL_REPRESENTATION('',(#14097),#14101);
#14097 = LINE('',#14098,#14099);
#14098 = CARTESIAN_POINT('',(56.35,9.865));
#14099 = VECTOR('',#14100,1.);
#14100 = DIRECTION('',(0.,1.));
#14101 = ( GEOMETRIC_REPRESENTATION_CONTEXT(2) 
PARAMETRIC_REPRESENTATION_CONTEXT() REPRESENTATION_CONTEXT('2D SPACE',''
  ) );
#14102 = PCURVE('',#14103,#14108);
#14103 = PLANE('',#14104);
#14104 = AXIS2_PLACEMENT_3D('',#14105,#14106,#14107);
#14105 = CARTESIAN_POINT('',(10.85,-31.52,4.));
#14106 = DIRECTION('',(1.,0.,0.));
#14107 = DIRECTION('',(0.,0.,1.));
#14108 = DEFINITIONAL_REPRESENTATION('',(#14109),#14112);
#14109 = B_SPLINE_CURVE_WITH_KNOTS('',1,(#14110,#14111),.UNSPECIFIED.,
  .F.,.F.,(2,2),(9.865,26.265),.PIECEWISE_BEZIER_KNOTS.);
#14110 = CARTESIAN_POINT('',(0.2,0.));
#14111 = CARTESIAN_POINT('',(0.2,-16.4));
#14112 = ( GEOMETRIC_REPRESENTATION_CONTEXT(2) 
PARAMETRIC_REPRESENTATION_CONTEXT() REPRESENTATION_CONTEXT('2D SPACE',''
  ) );
#14113 = FACE_BOUND('',#14114,.T.);
#14114 = EDGE_LOOP('',(#14115,#14116,#14117,#14118));
#14115 = ORIENTED_EDGE('',*,*,#6125,.T.);
#14116 = ORIENTED_EDGE('',*,*,#6224,.T.);
#14117 = ORIENTED_EDGE('',*,*,#6249,.F.);
#14118 = ORIENTED_EDGE('',*,*,#6177,.F.);
#14119 = ADVANCED_FACE('',(#14120,#14151),#6311,.T.);
#14120 = FACE_BOUND('',#14121,.T.);
#14121 = EDGE_LOOP('',(#14122));
#14122 = ORIENTED_EDGE('',*,*,#14123,.T.);
#14123 = EDGE_CURVE('',#14124,#14124,#14126,.T.);
#14124 = VERTEX_POINT('',#14125);
#14125 = CARTESIAN_POINT('',(39.175,-41.16,4.6));
#14126 = SURFACE_CURVE('',#14127,(#14132,#14139),.PCURVE_S1.);
#14127 = CIRCLE('',#14128,3.2);
#14128 = AXIS2_PLACEMENT_3D('',#14129,#14130,#14131);
#14129 = CARTESIAN_POINT('',(35.975,-41.16,4.6));
#14130 = DIRECTION('',(0.,0.,1.));
#14131 = DIRECTION('',(1.,0.,0.));
#14132 = PCURVE('',#6311,#14133);
#14133 = DEFINITIONAL_REPRESENTATION('',(#14134),#14138);
#14134 = CIRCLE('',#14135,3.2);
#14135 = AXIS2_PLACEMENT_2D('',#14136,#14137);
#14136 = CARTESIAN_POINT('',(0.,0.));
#14137 = DIRECTION('',(1.,0.));
#14138 = ( GEOMETRIC_REPRESENTATION_CONTEXT(2) 
PARAMETRIC_REPRESENTATION_CONTEXT() REPRESENTATION_CONTEXT('2D SPACE',''
  ) );
#14139 = PCURVE('',#14140,#14145);
#14140 = CYLINDRICAL_SURFACE('',#14141,3.2);
#14141 = AXIS2_PLACEMENT_3D('',#14142,#14143,#14144);
#14142 = CARTESIAN_POINT('',(35.975,-41.16,4.6));
#14143 = DIRECTION('',(-0.,-0.,-1.));
#14144 = DIRECTION('',(1.,0.,0.));
#14145 = DEFINITIONAL_REPRESENTATION('',(#14146),#14150);
#14146 = LINE('',#14147,#14148);
#14147 = CARTESIAN_POINT('',(-0.,0.));
#14148 = VECTOR('',#14149,1.);
#14149 = DIRECTION('',(-1.,0.));
#14150 = ( GEOMETRIC_REPRESENTATION_CONTEXT(2) 
PARAMETRIC_REPRESENTATION_CONTEXT() REPRESENTATION_CONTEXT('2D SPACE',''
  ) );
#14151 = FACE_BOUND('',#14152,.T.);
#14152 = EDGE_LOOP('',(#14153));
#14153 = ORIENTED_EDGE('',*,*,#6296,.T.);
#14154 = ADVANCED_FACE('',(#14155,#14265),#6390,.T.);
#14155 = FACE_BOUND('',#14156,.T.);
#14156 = EDGE_LOOP('',(#14157,#14186,#14213,#14240));
#14157 = ORIENTED_EDGE('',*,*,#14158,.F.);
#14158 = EDGE_CURVE('',#14159,#14161,#14163,.T.);
#14159 = VERTEX_POINT('',#14160);
#14160 = CARTESIAN_POINT('',(8.2,-12.47,4.2));
#14161 = VERTEX_POINT('',#14162);
#14162 = CARTESIAN_POINT('',(-8.2,-12.47,4.2));
#14163 = SURFACE_CURVE('',#14164,(#14168,#14175),.PCURVE_S1.);
#14164 = LINE('',#14165,#14166);
#14165 = CARTESIAN_POINT('',(-26.85,-12.47,4.2));
#14166 = VECTOR('',#14167,1.);
#14167 = DIRECTION('',(-1.,0.,0.));
#14168 = PCURVE('',#6390,#14169);
#14169 = DEFINITIONAL_REPRESENTATION('',(#14170),#14174);
#14170 = LINE('',#14171,#14172);
#14171 = CARTESIAN_POINT('',(18.65,38.78));
#14172 = VECTOR('',#14173,1.);
#14173 = DIRECTION('',(-1.,0.));
#14174 = ( GEOMETRIC_REPRESENTATION_CONTEXT(2) 
PARAMETRIC_REPRESENTATION_CONTEXT() REPRESENTATION_CONTEXT('2D SPACE',''
  ) );
#14175 = PCURVE('',#14176,#14181);
#14176 = PLANE('',#14177);
#14177 = AXIS2_PLACEMENT_3D('',#14178,#14179,#14180);
#14178 = CARTESIAN_POINT('',(-8.2,-12.47,4.));
#14179 = DIRECTION('',(0.,1.,0.));
#14180 = DIRECTION('',(0.,0.,1.));
#14181 = DEFINITIONAL_REPRESENTATION('',(#14182),#14185);
#14182 = B_SPLINE_CURVE_WITH_KNOTS('',1,(#14183,#14184),.UNSPECIFIED.,
  .F.,.F.,(2,2),(-35.05,-18.65),.PIECEWISE_BEZIER_KNOTS.);
#14183 = CARTESIAN_POINT('',(0.2,16.4));
#14184 = CARTESIAN_POINT('',(0.2,0.));
#14185 = ( GEOMETRIC_REPRESENTATION_CONTEXT(2) 
PARAMETRIC_REPRESENTATION_CONTEXT() REPRESENTATION_CONTEXT('2D SPACE',''
  ) );
#14186 = ORIENTED_EDGE('',*,*,#14187,.T.);
#14187 = EDGE_CURVE('',#14159,#14188,#14190,.T.);
#14188 = VERTEX_POINT('',#14189);
#14189 = CARTESIAN_POINT('',(8.2,3.93,4.2));
#14190 = SURFACE_CURVE('',#14191,(#14195,#14202),.PCURVE_S1.);
#14191 = LINE('',#14192,#14193);
#14192 = CARTESIAN_POINT('',(8.2,-31.86,4.2));
#14193 = VECTOR('',#14194,1.);
#14194 = DIRECTION('',(0.,1.,0.));
#14195 = PCURVE('',#6390,#14196);
#14196 = DEFINITIONAL_REPRESENTATION('',(#14197),#14201);
#14197 = LINE('',#14198,#14199);
#14198 = CARTESIAN_POINT('',(53.7,19.39));
#14199 = VECTOR('',#14200,1.);
#14200 = DIRECTION('',(0.,1.));
#14201 = ( GEOMETRIC_REPRESENTATION_CONTEXT(2) 
PARAMETRIC_REPRESENTATION_CONTEXT() REPRESENTATION_CONTEXT('2D SPACE',''
  ) );
#14202 = PCURVE('',#14203,#14208);
#14203 = PLANE('',#14204);
#14204 = AXIS2_PLACEMENT_3D('',#14205,#14206,#14207);
#14205 = CARTESIAN_POINT('',(8.2,-12.47,4.));
#14206 = DIRECTION('',(1.,0.,0.));
#14207 = DIRECTION('',(0.,0.,1.));
#14208 = DEFINITIONAL_REPRESENTATION('',(#14209),#14212);
#14209 = B_SPLINE_CURVE_WITH_KNOTS('',1,(#14210,#14211),.UNSPECIFIED.,
  .F.,.F.,(2,2),(19.39,35.79),.PIECEWISE_BEZIER_KNOTS.);
#14210 = CARTESIAN_POINT('',(0.2,0.));
#14211 = CARTESIAN_POINT('',(0.2,-16.4));
#14212 = ( GEOMETRIC_REPRESENTATION_CONTEXT(2) 
PARAMETRIC_REPRESENTATION_CONTEXT() REPRESENTATION_CONTEXT('2D SPACE',''
  ) );
#14213 = ORIENTED_EDGE('',*,*,#14214,.T.);
#14214 = EDGE_CURVE('',#14188,#14215,#14217,.T.);
#14215 = VERTEX_POINT('',#14216);
#14216 = CARTESIAN_POINT('',(-8.2,3.93,4.2));
#14217 = SURFACE_CURVE('',#14218,(#14222,#14229),.PCURVE_S1.);
#14218 = LINE('',#14219,#14220);
#14219 = CARTESIAN_POINT('',(-26.85,3.93,4.2));
#14220 = VECTOR('',#14221,1.);
#14221 = DIRECTION('',(-1.,0.,0.));
#14222 = PCURVE('',#6390,#14223);
#14223 = DEFINITIONAL_REPRESENTATION('',(#14224),#14228);
#14224 = LINE('',#14225,#14226);
#14225 = CARTESIAN_POINT('',(18.65,55.18));
#14226 = VECTOR('',#14227,1.);
#14227 = DIRECTION('',(-1.,0.));
#14228 = ( GEOMETRIC_REPRESENTATION_CONTEXT(2) 
PARAMETRIC_REPRESENTATION_CONTEXT() REPRESENTATION_CONTEXT('2D SPACE',''
  ) );
#14229 = PCURVE('',#14230,#14235);
#14230 = PLANE('',#14231);
#14231 = AXIS2_PLACEMENT_3D('',#14232,#14233,#14234);
#14232 = CARTESIAN_POINT('',(-8.2,3.93,4.));
#14233 = DIRECTION('',(0.,1.,0.));
#14234 = DIRECTION('',(0.,0.,1.));
#14235 = DEFINITIONAL_REPRESENTATION('',(#14236),#14239);
#14236 = B_SPLINE_CURVE_WITH_KNOTS('',1,(#14237,#14238),.UNSPECIFIED.,
  .F.,.F.,(2,2),(-35.05,-18.65),.PIECEWISE_BEZIER_KNOTS.);
#14237 = CARTESIAN_POINT('',(0.2,16.4));
#14238 = CARTESIAN_POINT('',(0.2,0.));
#14239 = ( GEOMETRIC_REPRESENTATION_CONTEXT(2) 
PARAMETRIC_REPRESENTATION_CONTEXT() REPRESENTATION_CONTEXT('2D SPACE',''
  ) );
#14240 = ORIENTED_EDGE('',*,*,#14241,.F.);
#14241 = EDGE_CURVE('',#14161,#14215,#14242,.T.);
#14242 = SURFACE_CURVE('',#14243,(#14247,#14254),.PCURVE_S1.);
#14243 = LINE('',#14244,#14245);
#14244 = CARTESIAN_POINT('',(-8.2,-31.86,4.2));
#14245 = VECTOR('',#14246,1.);
#14246 = DIRECTION('',(0.,1.,0.));
#14247 = PCURVE('',#6390,#14248);
#14248 = DEFINITIONAL_REPRESENTATION('',(#14249),#14253);
#14249 = LINE('',#14250,#14251);
#14250 = CARTESIAN_POINT('',(37.3,19.39));
#14251 = VECTOR('',#14252,1.);
#14252 = DIRECTION('',(0.,1.));
#14253 = ( GEOMETRIC_REPRESENTATION_CONTEXT(2) 
PARAMETRIC_REPRESENTATION_CONTEXT() REPRESENTATION_CONTEXT('2D SPACE',''
  ) );
#14254 = PCURVE('',#14255,#14260);
#14255 = PLANE('',#14256);
#14256 = AXIS2_PLACEMENT_3D('',#14257,#14258,#14259);
#14257 = CARTESIAN_POINT('',(-8.2,-12.47,4.));
#14258 = DIRECTION('',(1.,0.,0.));
#14259 = DIRECTION('',(0.,0.,1.));
#14260 = DEFINITIONAL_REPRESENTATION('',(#14261),#14264);
#14261 = B_SPLINE_CURVE_WITH_KNOTS('',1,(#14262,#14263),.UNSPECIFIED.,
  .F.,.F.,(2,2),(19.39,35.79),.PIECEWISE_BEZIER_KNOTS.);
#14262 = CARTESIAN_POINT('',(0.2,0.));
#14263 = CARTESIAN_POINT('',(0.2,-16.4));
#14264 = ( GEOMETRIC_REPRESENTATION_CONTEXT(2) 
PARAMETRIC_REPRESENTATION_CONTEXT() REPRESENTATION_CONTEXT('2D SPACE',''
  ) );
#14265 = FACE_BOUND('',#14266,.T.);
#14266 = EDGE_LOOP('',(#14267,#14268,#14269,#14270));
#14267 = ORIENTED_EDGE('',*,*,#6377,.T.);
#14268 = ORIENTED_EDGE('',*,*,#6476,.T.);
#14269 = ORIENTED_EDGE('',*,*,#6501,.F.);
#14270 = ORIENTED_EDGE('',*,*,#6429,.F.);
#14271 = ADVANCED_FACE('',(#14272,#14382),#6583,.T.);
#14272 = FACE_BOUND('',#14273,.T.);
#14273 = EDGE_LOOP('',(#14274,#14303,#14330,#14357));
#14274 = ORIENTED_EDGE('',*,*,#14275,.F.);
#14275 = EDGE_CURVE('',#14276,#14278,#14280,.T.);
#14276 = VERTEX_POINT('',#14277);
#14277 = CARTESIAN_POINT('',(27.25,-12.47,4.2));
#14278 = VERTEX_POINT('',#14279);
#14279 = CARTESIAN_POINT('',(10.85,-12.47,4.2));
#14280 = SURFACE_CURVE('',#14281,(#14285,#14292),.PCURVE_S1.);
#14281 = LINE('',#14282,#14283);
#14282 = CARTESIAN_POINT('',(-17.325,-12.47,4.2));
#14283 = VECTOR('',#14284,1.);
#14284 = DIRECTION('',(-1.,0.,0.));
#14285 = PCURVE('',#6583,#14286);
#14286 = DEFINITIONAL_REPRESENTATION('',(#14287),#14291);
#14287 = LINE('',#14288,#14289);
#14288 = CARTESIAN_POINT('',(28.175,38.78));
#14289 = VECTOR('',#14290,1.);
#14290 = DIRECTION('',(-1.,0.));
#14291 = ( GEOMETRIC_REPRESENTATION_CONTEXT(2) 
PARAMETRIC_REPRESENTATION_CONTEXT() REPRESENTATION_CONTEXT('2D SPACE',''
  ) );
#14292 = PCURVE('',#14293,#14298);
#14293 = PLANE('',#14294);
#14294 = AXIS2_PLACEMENT_3D('',#14295,#14296,#14297);
#14295 = CARTESIAN_POINT('',(10.85,-12.47,4.));
#14296 = DIRECTION('',(0.,1.,0.));
#14297 = DIRECTION('',(0.,0.,1.));
#14298 = DEFINITIONAL_REPRESENTATION('',(#14299),#14302);
#14299 = B_SPLINE_CURVE_WITH_KNOTS('',1,(#14300,#14301),.UNSPECIFIED.,
  .F.,.F.,(2,2),(-44.575,-28.175),.PIECEWISE_BEZIER_KNOTS.);
#14300 = CARTESIAN_POINT('',(0.2,16.4));
#14301 = CARTESIAN_POINT('',(0.2,0.));
#14302 = ( GEOMETRIC_REPRESENTATION_CONTEXT(2) 
PARAMETRIC_REPRESENTATION_CONTEXT() REPRESENTATION_CONTEXT('2D SPACE',''
  ) );
#14303 = ORIENTED_EDGE('',*,*,#14304,.T.);
#14304 = EDGE_CURVE('',#14276,#14305,#14307,.T.);
#14305 = VERTEX_POINT('',#14306);
#14306 = CARTESIAN_POINT('',(27.25,3.93,4.2));
#14307 = SURFACE_CURVE('',#14308,(#14312,#14319),.PCURVE_S1.);
#14308 = LINE('',#14309,#14310);
#14309 = CARTESIAN_POINT('',(27.25,-31.86,4.2));
#14310 = VECTOR('',#14311,1.);
#14311 = DIRECTION('',(0.,1.,0.));
#14312 = PCURVE('',#6583,#14313);
#14313 = DEFINITIONAL_REPRESENTATION('',(#14314),#14318);
#14314 = LINE('',#14315,#14316);
#14315 = CARTESIAN_POINT('',(72.75,19.39));
#14316 = VECTOR('',#14317,1.);
#14317 = DIRECTION('',(0.,1.));
#14318 = ( GEOMETRIC_REPRESENTATION_CONTEXT(2) 
PARAMETRIC_REPRESENTATION_CONTEXT() REPRESENTATION_CONTEXT('2D SPACE',''
  ) );
#14319 = PCURVE('',#14320,#14325);
#14320 = PLANE('',#14321);
#14321 = AXIS2_PLACEMENT_3D('',#14322,#14323,#14324);
#14322 = CARTESIAN_POINT('',(27.25,-12.47,4.));
#14323 = DIRECTION('',(1.,0.,0.));
#14324 = DIRECTION('',(0.,0.,1.));
#14325 = DEFINITIONAL_REPRESENTATION('',(#14326),#14329);
#14326 = B_SPLINE_CURVE_WITH_KNOTS('',1,(#14327,#14328),.UNSPECIFIED.,
  .F.,.F.,(2,2),(19.39,35.79),.PIECEWISE_BEZIER_KNOTS.);
#14327 = CARTESIAN_POINT('',(0.2,0.));
#14328 = CARTESIAN_POINT('',(0.2,-16.4));
#14329 = ( GEOMETRIC_REPRESENTATION_CONTEXT(2) 
PARAMETRIC_REPRESENTATION_CONTEXT() REPRESENTATION_CONTEXT('2D SPACE',''
  ) );
#14330 = ORIENTED_EDGE('',*,*,#14331,.T.);
#14331 = EDGE_CURVE('',#14305,#14332,#14334,.T.);
#14332 = VERTEX_POINT('',#14333);
#14333 = CARTESIAN_POINT('',(10.85,3.93,4.2));
#14334 = SURFACE_CURVE('',#14335,(#14339,#14346),.PCURVE_S1.);
#14335 = LINE('',#14336,#14337);
#14336 = CARTESIAN_POINT('',(-17.325,3.93,4.2));
#14337 = VECTOR('',#14338,1.);
#14338 = DIRECTION('',(-1.,0.,0.));
#14339 = PCURVE('',#6583,#14340);
#14340 = DEFINITIONAL_REPRESENTATION('',(#14341),#14345);
#14341 = LINE('',#14342,#14343);
#14342 = CARTESIAN_POINT('',(28.175,55.18));
#14343 = VECTOR('',#14344,1.);
#14344 = DIRECTION('',(-1.,0.));
#14345 = ( GEOMETRIC_REPRESENTATION_CONTEXT(2) 
PARAMETRIC_REPRESENTATION_CONTEXT() REPRESENTATION_CONTEXT('2D SPACE',''
  ) );
#14346 = PCURVE('',#14347,#14352);
#14347 = PLANE('',#14348);
#14348 = AXIS2_PLACEMENT_3D('',#14349,#14350,#14351);
#14349 = CARTESIAN_POINT('',(10.85,3.93,4.));
#14350 = DIRECTION('',(0.,1.,0.));
#14351 = DIRECTION('',(0.,0.,1.));
#14352 = DEFINITIONAL_REPRESENTATION('',(#14353),#14356);
#14353 = B_SPLINE_CURVE_WITH_KNOTS('',1,(#14354,#14355),.UNSPECIFIED.,
  .F.,.F.,(2,2),(-44.575,-28.175),.PIECEWISE_BEZIER_KNOTS.);
#14354 = CARTESIAN_POINT('',(0.2,16.4));
#14355 = CARTESIAN_POINT('',(0.2,0.));
#14356 = ( GEOMETRIC_REPRESENTATION_CONTEXT(2) 
PARAMETRIC_REPRESENTATION_CONTEXT() REPRESENTATION_CONTEXT('2D SPACE',''
  ) );
#14357 = ORIENTED_EDGE('',*,*,#14358,.F.);
#14358 = EDGE_CURVE('',#14278,#14332,#14359,.T.);
#14359 = SURFACE_CURVE('',#14360,(#14364,#14371),.PCURVE_S1.);
#14360 = LINE('',#14361,#14362);
#14361 = CARTESIAN_POINT('',(10.85,-31.86,4.2));
#14362 = VECTOR('',#14363,1.);
#14363 = DIRECTION('',(0.,1.,0.));
#14364 = PCURVE('',#6583,#14365);
#14365 = DEFINITIONAL_REPRESENTATION('',(#14366),#14370);
#14366 = LINE('',#14367,#14368);
#14367 = CARTESIAN_POINT('',(56.35,19.39));
#14368 = VECTOR('',#14369,1.);
#14369 = DIRECTION('',(0.,1.));
#14370 = ( GEOMETRIC_REPRESENTATION_CONTEXT(2) 
PARAMETRIC_REPRESENTATION_CONTEXT() REPRESENTATION_CONTEXT('2D SPACE',''
  ) );
#14371 = PCURVE('',#14372,#14377);
#14372 = PLANE('',#14373);
#14373 = AXIS2_PLACEMENT_3D('',#14374,#14375,#14376);
#14374 = CARTESIAN_POINT('',(10.85,-12.47,4.));
#14375 = DIRECTION('',(1.,0.,0.));
#14376 = DIRECTION('',(0.,0.,1.));
#14377 = DEFINITIONAL_REPRESENTATION('',(#14378),#14381);
#14378 = B_SPLINE_CURVE_WITH_KNOTS('',1,(#14379,#14380),.UNSPECIFIED.,
  .F.,.F.,(2,2),(19.39,35.79),.PIECEWISE_BEZIER_KNOTS.);
#14379 = CARTESIAN_POINT('',(0.2,0.));
#14380 = CARTESIAN_POINT('',(0.2,-16.4));
#14381 = ( GEOMETRIC_REPRESENTATION_CONTEXT(2) 
PARAMETRIC_REPRESENTATION_CONTEXT() REPRESENTATION_CONTEXT('2D SPACE',''
  ) );
#14382 = FACE_BOUND('',#14383,.T.);
#14383 = EDGE_LOOP('',(#14384,#14385,#14386,#14387));
#14384 = ORIENTED_EDGE('',*,*,#6570,.T.);
#14385 = ORIENTED_EDGE('',*,*,#6669,.T.);
#14386 = ORIENTED_EDGE('',*,*,#6694,.F.);
#14387 = ORIENTED_EDGE('',*,*,#6622,.F.);
#14388 = ADVANCED_FACE('',(#14389),#6777,.F.);
#14389 = FACE_BOUND('',#14390,.F.);
#14390 = EDGE_LOOP('',(#14391,#14392,#14393,#14394));
#14391 = ORIENTED_EDGE('',*,*,#6866,.F.);
#14392 = ORIENTED_EDGE('',*,*,#6763,.T.);
#14393 = ORIENTED_EDGE('',*,*,#6817,.T.);
#14394 = ORIENTED_EDGE('',*,*,#6893,.F.);
#14395 = ADVANCED_FACE('',(#14396),#6978,.F.);
#14396 = FACE_BOUND('',#14397,.F.);
#14397 = EDGE_LOOP('',(#14398,#14399,#14400,#14401));
#14398 = ORIENTED_EDGE('',*,*,#7067,.F.);
#14399 = ORIENTED_EDGE('',*,*,#6964,.T.);
#14400 = ORIENTED_EDGE('',*,*,#7018,.T.);
#14401 = ORIENTED_EDGE('',*,*,#7094,.F.);
#14402 = ADVANCED_FACE('',(#14403),#7179,.F.);
#14403 = FACE_BOUND('',#14404,.F.);
#14404 = EDGE_LOOP('',(#14405,#14406,#14407,#14408));
#14405 = ORIENTED_EDGE('',*,*,#7268,.F.);
#14406 = ORIENTED_EDGE('',*,*,#7165,.T.);
#14407 = ORIENTED_EDGE('',*,*,#7219,.T.);
#14408 = ORIENTED_EDGE('',*,*,#7295,.F.);
#14409 = ADVANCED_FACE('',(#14410,#14520),#7379,.T.);
#14410 = FACE_BOUND('',#14411,.T.);
#14411 = EDGE_LOOP('',(#14412,#14441,#14468,#14495));
#14412 = ORIENTED_EDGE('',*,*,#14413,.F.);
#14413 = EDGE_CURVE('',#14414,#14416,#14418,.T.);
#14414 = VERTEX_POINT('',#14415);
#14415 = CARTESIAN_POINT('',(-10.85,6.58,4.2));
#14416 = VERTEX_POINT('',#14417);
#14417 = CARTESIAN_POINT('',(-27.25,6.58,4.2));
#14418 = SURFACE_CURVE('',#14419,(#14423,#14430),.PCURVE_S1.);
#14419 = LINE('',#14420,#14421);
#14420 = CARTESIAN_POINT('',(-36.375,6.58,4.2));
#14421 = VECTOR('',#14422,1.);
#14422 = DIRECTION('',(-1.,0.,0.));
#14423 = PCURVE('',#7379,#14424);
#14424 = DEFINITIONAL_REPRESENTATION('',(#14425),#14429);
#14425 = LINE('',#14426,#14427);
#14426 = CARTESIAN_POINT('',(9.125,57.83));
#14427 = VECTOR('',#14428,1.);
#14428 = DIRECTION('',(-1.,0.));
#14429 = ( GEOMETRIC_REPRESENTATION_CONTEXT(2) 
PARAMETRIC_REPRESENTATION_CONTEXT() REPRESENTATION_CONTEXT('2D SPACE',''
  ) );
#14430 = PCURVE('',#14431,#14436);
#14431 = PLANE('',#14432);
#14432 = AXIS2_PLACEMENT_3D('',#14433,#14434,#14435);
#14433 = CARTESIAN_POINT('',(-27.25,6.58,4.));
#14434 = DIRECTION('',(0.,1.,0.));
#14435 = DIRECTION('',(0.,0.,1.));
#14436 = DEFINITIONAL_REPRESENTATION('',(#14437),#14440);
#14437 = B_SPLINE_CURVE_WITH_KNOTS('',1,(#14438,#14439),.UNSPECIFIED.,
  .F.,.F.,(2,2),(-25.525,-9.125),.PIECEWISE_BEZIER_KNOTS.);
#14438 = CARTESIAN_POINT('',(0.2,16.4));
#14439 = CARTESIAN_POINT('',(0.2,0.));
#14440 = ( GEOMETRIC_REPRESENTATION_CONTEXT(2) 
PARAMETRIC_REPRESENTATION_CONTEXT() REPRESENTATION_CONTEXT('2D SPACE',''
  ) );
#14441 = ORIENTED_EDGE('',*,*,#14442,.T.);
#14442 = EDGE_CURVE('',#14414,#14443,#14445,.T.);
#14443 = VERTEX_POINT('',#14444);
#14444 = CARTESIAN_POINT('',(-10.85,22.98,4.2));
#14445 = SURFACE_CURVE('',#14446,(#14450,#14457),.PCURVE_S1.);
#14446 = LINE('',#14447,#14448);
#14447 = CARTESIAN_POINT('',(-10.85,-22.335,4.2));
#14448 = VECTOR('',#14449,1.);
#14449 = DIRECTION('',(0.,1.,0.));
#14450 = PCURVE('',#7379,#14451);
#14451 = DEFINITIONAL_REPRESENTATION('',(#14452),#14456);
#14452 = LINE('',#14453,#14454);
#14453 = CARTESIAN_POINT('',(34.65,28.915));
#14454 = VECTOR('',#14455,1.);
#14455 = DIRECTION('',(0.,1.));
#14456 = ( GEOMETRIC_REPRESENTATION_CONTEXT(2) 
PARAMETRIC_REPRESENTATION_CONTEXT() REPRESENTATION_CONTEXT('2D SPACE',''
  ) );
#14457 = PCURVE('',#14458,#14463);
#14458 = PLANE('',#14459);
#14459 = AXIS2_PLACEMENT_3D('',#14460,#14461,#14462);
#14460 = CARTESIAN_POINT('',(-10.85,6.58,4.));
#14461 = DIRECTION('',(1.,0.,0.));
#14462 = DIRECTION('',(0.,0.,1.));
#14463 = DEFINITIONAL_REPRESENTATION('',(#14464),#14467);
#14464 = B_SPLINE_CURVE_WITH_KNOTS('',1,(#14465,#14466),.UNSPECIFIED.,
  .F.,.F.,(2,2),(28.915,45.315),.PIECEWISE_BEZIER_KNOTS.);
#14465 = CARTESIAN_POINT('',(0.2,0.));
#14466 = CARTESIAN_POINT('',(0.2,-16.4));
#14467 = ( GEOMETRIC_REPRESENTATION_CONTEXT(2) 
PARAMETRIC_REPRESENTATION_CONTEXT() REPRESENTATION_CONTEXT('2D SPACE',''
  ) );
#14468 = ORIENTED_EDGE('',*,*,#14469,.T.);
#14469 = EDGE_CURVE('',#14443,#14470,#14472,.T.);
#14470 = VERTEX_POINT('',#14471);
#14471 = CARTESIAN_POINT('',(-27.25,22.98,4.2));
#14472 = SURFACE_CURVE('',#14473,(#14477,#14484),.PCURVE_S1.);
#14473 = LINE('',#14474,#14475);
#14474 = CARTESIAN_POINT('',(-36.375,22.98,4.2));
#14475 = VECTOR('',#14476,1.);
#14476 = DIRECTION('',(-1.,0.,0.));
#14477 = PCURVE('',#7379,#14478);
#14478 = DEFINITIONAL_REPRESENTATION('',(#14479),#14483);
#14479 = LINE('',#14480,#14481);
#14480 = CARTESIAN_POINT('',(9.125,74.23));
#14481 = VECTOR('',#14482,1.);
#14482 = DIRECTION('',(-1.,0.));
#14483 = ( GEOMETRIC_REPRESENTATION_CONTEXT(2) 
PARAMETRIC_REPRESENTATION_CONTEXT() REPRESENTATION_CONTEXT('2D SPACE',''
  ) );
#14484 = PCURVE('',#14485,#14490);
#14485 = PLANE('',#14486);
#14486 = AXIS2_PLACEMENT_3D('',#14487,#14488,#14489);
#14487 = CARTESIAN_POINT('',(-27.25,22.98,4.));
#14488 = DIRECTION('',(0.,1.,0.));
#14489 = DIRECTION('',(0.,0.,1.));
#14490 = DEFINITIONAL_REPRESENTATION('',(#14491),#14494);
#14491 = B_SPLINE_CURVE_WITH_KNOTS('',1,(#14492,#14493),.UNSPECIFIED.,
  .F.,.F.,(2,2),(-25.525,-9.125),.PIECEWISE_BEZIER_KNOTS.);
#14492 = CARTESIAN_POINT('',(0.2,16.4));
#14493 = CARTESIAN_POINT('',(0.2,0.));
#14494 = ( GEOMETRIC_REPRESENTATION_CONTEXT(2) 
PARAMETRIC_REPRESENTATION_CONTEXT() REPRESENTATION_CONTEXT('2D SPACE',''
  ) );
#14495 = ORIENTED_EDGE('',*,*,#14496,.F.);
#14496 = EDGE_CURVE('',#14416,#14470,#14497,.T.);
#14497 = SURFACE_CURVE('',#14498,(#14502,#14509),.PCURVE_S1.);
#14498 = LINE('',#14499,#14500);
#14499 = CARTESIAN_POINT('',(-27.25,-22.335,4.2));
#14500 = VECTOR('',#14501,1.);
#14501 = DIRECTION('',(0.,1.,0.));
#14502 = PCURVE('',#7379,#14503);
#14503 = DEFINITIONAL_REPRESENTATION('',(#14504),#14508);
#14504 = LINE('',#14505,#14506);
#14505 = CARTESIAN_POINT('',(18.25,28.915));
#14506 = VECTOR('',#14507,1.);
#14507 = DIRECTION('',(0.,1.));
#14508 = ( GEOMETRIC_REPRESENTATION_CONTEXT(2) 
PARAMETRIC_REPRESENTATION_CONTEXT() REPRESENTATION_CONTEXT('2D SPACE',''
  ) );
#14509 = PCURVE('',#14510,#14515);
#14510 = PLANE('',#14511);
#14511 = AXIS2_PLACEMENT_3D('',#14512,#14513,#14514);
#14512 = CARTESIAN_POINT('',(-27.25,6.58,4.));
#14513 = DIRECTION('',(1.,0.,0.));
#14514 = DIRECTION('',(0.,0.,1.));
#14515 = DEFINITIONAL_REPRESENTATION('',(#14516),#14519);
#14516 = B_SPLINE_CURVE_WITH_KNOTS('',1,(#14517,#14518),.UNSPECIFIED.,
  .F.,.F.,(2,2),(28.915,45.315),.PIECEWISE_BEZIER_KNOTS.);
#14517 = CARTESIAN_POINT('',(0.2,0.));
#14518 = CARTESIAN_POINT('',(0.2,-16.4));
#14519 = ( GEOMETRIC_REPRESENTATION_CONTEXT(2) 
PARAMETRIC_REPRESENTATION_CONTEXT() REPRESENTATION_CONTEXT('2D SPACE',''
  ) );
#14520 = FACE_BOUND('',#14521,.T.);
#14521 = EDGE_LOOP('',(#14522,#14523,#14524,#14525));
#14522 = ORIENTED_EDGE('',*,*,#7366,.T.);
#14523 = ORIENTED_EDGE('',*,*,#7465,.T.);
#14524 = ORIENTED_EDGE('',*,*,#7490,.F.);
#14525 = ORIENTED_EDGE('',*,*,#7418,.F.);
#14526 = ADVANCED_FACE('',(#14527,#14558),#7552,.T.);
#14527 = FACE_BOUND('',#14528,.T.);
#14528 = EDGE_LOOP('',(#14529));
#14529 = ORIENTED_EDGE('',*,*,#14530,.T.);
#14530 = EDGE_CURVE('',#14531,#14531,#14533,.T.);
#14531 = VERTEX_POINT('',#14532);
#14532 = CARTESIAN_POINT('',(-28.175,29.2,4.6));
#14533 = SURFACE_CURVE('',#14534,(#14539,#14546),.PCURVE_S1.);
#14534 = CIRCLE('',#14535,3.2);
#14535 = AXIS2_PLACEMENT_3D('',#14536,#14537,#14538);
#14536 = CARTESIAN_POINT('',(-31.375,29.2,4.6));
#14537 = DIRECTION('',(0.,0.,1.));
#14538 = DIRECTION('',(1.,0.,0.));
#14539 = PCURVE('',#7552,#14540);
#14540 = DEFINITIONAL_REPRESENTATION('',(#14541),#14545);
#14541 = CIRCLE('',#14542,3.2);
#14542 = AXIS2_PLACEMENT_2D('',#14543,#14544);
#14543 = CARTESIAN_POINT('',(0.,0.));
#14544 = DIRECTION('',(1.,0.));
#14545 = ( GEOMETRIC_REPRESENTATION_CONTEXT(2) 
PARAMETRIC_REPRESENTATION_CONTEXT() REPRESENTATION_CONTEXT('2D SPACE',''
  ) );
#14546 = PCURVE('',#14547,#14552);
#14547 = CYLINDRICAL_SURFACE('',#14548,3.2);
#14548 = AXIS2_PLACEMENT_3D('',#14549,#14550,#14551);
#14549 = CARTESIAN_POINT('',(-31.375,29.2,4.6));
#14550 = DIRECTION('',(-0.,-0.,-1.));
#14551 = DIRECTION('',(1.,0.,0.));
#14552 = DEFINITIONAL_REPRESENTATION('',(#14553),#14557);
#14553 = LINE('',#14554,#14555);
#14554 = CARTESIAN_POINT('',(-0.,0.));
#14555 = VECTOR('',#14556,1.);
#14556 = DIRECTION('',(-1.,0.));
#14557 = ( GEOMETRIC_REPRESENTATION_CONTEXT(2) 
PARAMETRIC_REPRESENTATION_CONTEXT() REPRESENTATION_CONTEXT('2D SPACE',''
  ) );
#14558 = FACE_BOUND('',#14559,.T.);
#14559 = EDGE_LOOP('',(#14560));
#14560 = ORIENTED_EDGE('',*,*,#7537,.T.);
#14561 = ADVANCED_FACE('',(#14562),#7632,.F.);
#14562 = FACE_BOUND('',#14563,.F.);
#14563 = EDGE_LOOP('',(#14564,#14565,#14566,#14567));
#14564 = ORIENTED_EDGE('',*,*,#7721,.F.);
#14565 = ORIENTED_EDGE('',*,*,#7618,.T.);
#14566 = ORIENTED_EDGE('',*,*,#7672,.T.);
#14567 = ORIENTED_EDGE('',*,*,#7748,.F.);
#14568 = ADVANCED_FACE('',(#14569),#7833,.F.);
#14569 = FACE_BOUND('',#14570,.F.);
#14570 = EDGE_LOOP('',(#14571,#14572,#14573,#14574));
#14571 = ORIENTED_EDGE('',*,*,#7922,.F.);
#14572 = ORIENTED_EDGE('',*,*,#7819,.T.);
#14573 = ORIENTED_EDGE('',*,*,#7873,.T.);
#14574 = ORIENTED_EDGE('',*,*,#7949,.F.);
#14575 = ADVANCED_FACE('',(#14576,#14582),#8101,.T.);
#14576 = FACE_BOUND('',#14577,.T.);
#14577 = EDGE_LOOP('',(#14578,#14579,#14580,#14581));
#14578 = ORIENTED_EDGE('',*,*,#11449,.F.);
#14579 = ORIENTED_EDGE('',*,*,#11351,.T.);
#14580 = ORIENTED_EDGE('',*,*,#11400,.T.);
#14581 = ORIENTED_EDGE('',*,*,#11498,.F.);
#14582 = FACE_BOUND('',#14583,.T.);
#14583 = EDGE_LOOP('',(#14584,#14585,#14586,#14587));
#14584 = ORIENTED_EDGE('',*,*,#8140,.T.);
#14585 = ORIENTED_EDGE('',*,*,#8235,.T.);
#14586 = ORIENTED_EDGE('',*,*,#8379,.F.);
#14587 = ORIENTED_EDGE('',*,*,#8087,.F.);
#14588 = ADVANCED_FACE('',(#14589),#8033,.F.);
#14589 = FACE_BOUND('',#14590,.F.);
#14590 = EDGE_LOOP('',(#14591,#14592,#14593,#14594));
#14591 = ORIENTED_EDGE('',*,*,#8500,.F.);
#14592 = ORIENTED_EDGE('',*,*,#8018,.T.);
#14593 = ORIENTED_EDGE('',*,*,#8163,.T.);
#14594 = ORIENTED_EDGE('',*,*,#8283,.F.);
#14595 = ADVANCED_FACE('',(#14596),#8361,.F.);
#14596 = FACE_BOUND('',#14597,.F.);
#14597 = EDGE_LOOP('',(#14598,#14599,#14600,#14601));
#14598 = ORIENTED_EDGE('',*,*,#8347,.F.);
#14599 = ORIENTED_EDGE('',*,*,#8427,.T.);
#14600 = ORIENTED_EDGE('',*,*,#8476,.T.);
#14601 = ORIENTED_EDGE('',*,*,#8530,.F.);
#14602 = ADVANCED_FACE('',(#14603,#14713),#8614,.T.);
#14603 = FACE_BOUND('',#14604,.T.);
#14604 = EDGE_LOOP('',(#14605,#14634,#14661,#14688));
#14605 = ORIENTED_EDGE('',*,*,#14606,.F.);
#14606 = EDGE_CURVE('',#14607,#14609,#14611,.T.);
#14607 = VERTEX_POINT('',#14608);
#14608 = CARTESIAN_POINT('',(8.2,6.58,4.2));
#14609 = VERTEX_POINT('',#14610);
#14610 = CARTESIAN_POINT('',(-8.2,6.58,4.2));
#14611 = SURFACE_CURVE('',#14612,(#14616,#14623),.PCURVE_S1.);
#14612 = LINE('',#14613,#14614);
#14613 = CARTESIAN_POINT('',(-26.85,6.58,4.2));
#14614 = VECTOR('',#14615,1.);
#14615 = DIRECTION('',(-1.,0.,0.));
#14616 = PCURVE('',#8614,#14617);
#14617 = DEFINITIONAL_REPRESENTATION('',(#14618),#14622);
#14618 = LINE('',#14619,#14620);
#14619 = CARTESIAN_POINT('',(18.65,57.83));
#14620 = VECTOR('',#14621,1.);
#14621 = DIRECTION('',(-1.,0.));
#14622 = ( GEOMETRIC_REPRESENTATION_CONTEXT(2) 
PARAMETRIC_REPRESENTATION_CONTEXT() REPRESENTATION_CONTEXT('2D SPACE',''
  ) );
#14623 = PCURVE('',#14624,#14629);
#14624 = PLANE('',#14625);
#14625 = AXIS2_PLACEMENT_3D('',#14626,#14627,#14628);
#14626 = CARTESIAN_POINT('',(-8.2,6.58,4.));
#14627 = DIRECTION('',(0.,1.,0.));
#14628 = DIRECTION('',(0.,0.,1.));
#14629 = DEFINITIONAL_REPRESENTATION('',(#14630),#14633);
#14630 = B_SPLINE_CURVE_WITH_KNOTS('',1,(#14631,#14632),.UNSPECIFIED.,
  .F.,.F.,(2,2),(-35.05,-18.65),.PIECEWISE_BEZIER_KNOTS.);
#14631 = CARTESIAN_POINT('',(0.2,16.4));
#14632 = CARTESIAN_POINT('',(0.2,0.));
#14633 = ( GEOMETRIC_REPRESENTATION_CONTEXT(2) 
PARAMETRIC_REPRESENTATION_CONTEXT() REPRESENTATION_CONTEXT('2D SPACE',''
  ) );
#14634 = ORIENTED_EDGE('',*,*,#14635,.T.);
#14635 = EDGE_CURVE('',#14607,#14636,#14638,.T.);
#14636 = VERTEX_POINT('',#14637);
#14637 = CARTESIAN_POINT('',(8.2,22.98,4.2));
#14638 = SURFACE_CURVE('',#14639,(#14643,#14650),.PCURVE_S1.);
#14639 = LINE('',#14640,#14641);
#14640 = CARTESIAN_POINT('',(8.2,-22.335,4.2));
#14641 = VECTOR('',#14642,1.);
#14642 = DIRECTION('',(0.,1.,0.));
#14643 = PCURVE('',#8614,#14644);
#14644 = DEFINITIONAL_REPRESENTATION('',(#14645),#14649);
#14645 = LINE('',#14646,#14647);
#14646 = CARTESIAN_POINT('',(53.7,28.915));
#14647 = VECTOR('',#14648,1.);
#14648 = DIRECTION('',(0.,1.));
#14649 = ( GEOMETRIC_REPRESENTATION_CONTEXT(2) 
PARAMETRIC_REPRESENTATION_CONTEXT() REPRESENTATION_CONTEXT('2D SPACE',''
  ) );
#14650 = PCURVE('',#14651,#14656);
#14651 = PLANE('',#14652);
#14652 = AXIS2_PLACEMENT_3D('',#14653,#14654,#14655);
#14653 = CARTESIAN_POINT('',(8.2,6.58,4.));
#14654 = DIRECTION('',(1.,0.,0.));
#14655 = DIRECTION('',(0.,0.,1.));
#14656 = DEFINITIONAL_REPRESENTATION('',(#14657),#14660);
#14657 = B_SPLINE_CURVE_WITH_KNOTS('',1,(#14658,#14659),.UNSPECIFIED.,
  .F.,.F.,(2,2),(28.915,45.315),.PIECEWISE_BEZIER_KNOTS.);
#14658 = CARTESIAN_POINT('',(0.2,0.));
#14659 = CARTESIAN_POINT('',(0.2,-16.4));
#14660 = ( GEOMETRIC_REPRESENTATION_CONTEXT(2) 
PARAMETRIC_REPRESENTATION_CONTEXT() REPRESENTATION_CONTEXT('2D SPACE',''
  ) );
#14661 = ORIENTED_EDGE('',*,*,#14662,.T.);
#14662 = EDGE_CURVE('',#14636,#14663,#14665,.T.);
#14663 = VERTEX_POINT('',#14664);
#14664 = CARTESIAN_POINT('',(-8.2,22.98,4.2));
#14665 = SURFACE_CURVE('',#14666,(#14670,#14677),.PCURVE_S1.);
#14666 = LINE('',#14667,#14668);
#14667 = CARTESIAN_POINT('',(-26.85,22.98,4.2));
#14668 = VECTOR('',#14669,1.);
#14669 = DIRECTION('',(-1.,0.,0.));
#14670 = PCURVE('',#8614,#14671);
#14671 = DEFINITIONAL_REPRESENTATION('',(#14672),#14676);
#14672 = LINE('',#14673,#14674);
#14673 = CARTESIAN_POINT('',(18.65,74.23));
#14674 = VECTOR('',#14675,1.);
#14675 = DIRECTION('',(-1.,0.));
#14676 = ( GEOMETRIC_REPRESENTATION_CONTEXT(2) 
PARAMETRIC_REPRESENTATION_CONTEXT() REPRESENTATION_CONTEXT('2D SPACE',''
  ) );
#14677 = PCURVE('',#14678,#14683);
#14678 = PLANE('',#14679);
#14679 = AXIS2_PLACEMENT_3D('',#14680,#14681,#14682);
#14680 = CARTESIAN_POINT('',(-8.2,22.98,4.));
#14681 = DIRECTION('',(0.,1.,0.));
#14682 = DIRECTION('',(0.,0.,1.));
#14683 = DEFINITIONAL_REPRESENTATION('',(#14684),#14687);
#14684 = B_SPLINE_CURVE_WITH_KNOTS('',1,(#14685,#14686),.UNSPECIFIED.,
  .F.,.F.,(2,2),(-35.05,-18.65),.PIECEWISE_BEZIER_KNOTS.);
#14685 = CARTESIAN_POINT('',(0.2,16.4));
#14686 = CARTESIAN_POINT('',(0.2,0.));
#14687 = ( GEOMETRIC_REPRESENTATION_CONTEXT(2) 
PARAMETRIC_REPRESENTATION_CONTEXT() REPRESENTATION_CONTEXT('2D SPACE',''
  ) );
#14688 = ORIENTED_EDGE('',*,*,#14689,.F.);
#14689 = EDGE_CURVE('',#14609,#14663,#14690,.T.);
#14690 = SURFACE_CURVE('',#14691,(#14695,#14702),.PCURVE_S1.);
#14691 = LINE('',#14692,#14693);
#14692 = CARTESIAN_POINT('',(-8.2,-22.335,4.2));
#14693 = VECTOR('',#14694,1.);
#14694 = DIRECTION('',(0.,1.,0.));
#14695 = PCURVE('',#8614,#14696);
#14696 = DEFINITIONAL_REPRESENTATION('',(#14697),#14701);
#14697 = LINE('',#14698,#14699);
#14698 = CARTESIAN_POINT('',(37.3,28.915));
#14699 = VECTOR('',#14700,1.);
#14700 = DIRECTION('',(0.,1.));
#14701 = ( GEOMETRIC_REPRESENTATION_CONTEXT(2) 
PARAMETRIC_REPRESENTATION_CONTEXT() REPRESENTATION_CONTEXT('2D SPACE',''
  ) );
#14702 = PCURVE('',#14703,#14708);
#14703 = PLANE('',#14704);
#14704 = AXIS2_PLACEMENT_3D('',#14705,#14706,#14707);
#14705 = CARTESIAN_POINT('',(-8.2,6.58,4.));
#14706 = DIRECTION('',(1.,0.,0.));
#14707 = DIRECTION('',(0.,0.,1.));
#14708 = DEFINITIONAL_REPRESENTATION('',(#14709),#14712);
#14709 = B_SPLINE_CURVE_WITH_KNOTS('',1,(#14710,#14711),.UNSPECIFIED.,
  .F.,.F.,(2,2),(28.915,45.315),.PIECEWISE_BEZIER_KNOTS.);
#14710 = CARTESIAN_POINT('',(0.2,0.));
#14711 = CARTESIAN_POINT('',(0.2,-16.4));
#14712 = ( GEOMETRIC_REPRESENTATION_CONTEXT(2) 
PARAMETRIC_REPRESENTATION_CONTEXT() REPRESENTATION_CONTEXT('2D SPACE',''
  ) );
#14713 = FACE_BOUND('',#14714,.T.);
#14714 = EDGE_LOOP('',(#14715,#14716,#14717,#14718));
#14715 = ORIENTED_EDGE('',*,*,#8601,.T.);
#14716 = ORIENTED_EDGE('',*,*,#8700,.T.);
#14717 = ORIENTED_EDGE('',*,*,#8725,.F.);
#14718 = ORIENTED_EDGE('',*,*,#8653,.F.);
#14719 = ADVANCED_FACE('',(#14720,#14830),#8807,.T.);
#14720 = FACE_BOUND('',#14721,.T.);
#14721 = EDGE_LOOP('',(#14722,#14751,#14778,#14805));
#14722 = ORIENTED_EDGE('',*,*,#14723,.F.);
#14723 = EDGE_CURVE('',#14724,#14726,#14728,.T.);
#14724 = VERTEX_POINT('',#14725);
#14725 = CARTESIAN_POINT('',(27.25,6.58,4.2));
#14726 = VERTEX_POINT('',#14727);
#14727 = CARTESIAN_POINT('',(10.85,6.58,4.2));
#14728 = SURFACE_CURVE('',#14729,(#14733,#14740),.PCURVE_S1.);
#14729 = LINE('',#14730,#14731);
#14730 = CARTESIAN_POINT('',(-17.325,6.58,4.2));
#14731 = VECTOR('',#14732,1.);
#14732 = DIRECTION('',(-1.,0.,0.));
#14733 = PCURVE('',#8807,#14734);
#14734 = DEFINITIONAL_REPRESENTATION('',(#14735),#14739);
#14735 = LINE('',#14736,#14737);
#14736 = CARTESIAN_POINT('',(28.175,57.83));
#14737 = VECTOR('',#14738,1.);
#14738 = DIRECTION('',(-1.,0.));
#14739 = ( GEOMETRIC_REPRESENTATION_CONTEXT(2) 
PARAMETRIC_REPRESENTATION_CONTEXT() REPRESENTATION_CONTEXT('2D SPACE',''
  ) );
#14740 = PCURVE('',#14741,#14746);
#14741 = PLANE('',#14742);
#14742 = AXIS2_PLACEMENT_3D('',#14743,#14744,#14745);
#14743 = CARTESIAN_POINT('',(10.85,6.58,4.));
#14744 = DIRECTION('',(0.,1.,0.));
#14745 = DIRECTION('',(0.,0.,1.));
#14746 = DEFINITIONAL_REPRESENTATION('',(#14747),#14750);
#14747 = B_SPLINE_CURVE_WITH_KNOTS('',1,(#14748,#14749),.UNSPECIFIED.,
  .F.,.F.,(2,2),(-44.575,-28.175),.PIECEWISE_BEZIER_KNOTS.);
#14748 = CARTESIAN_POINT('',(0.2,16.4));
#14749 = CARTESIAN_POINT('',(0.2,0.));
#14750 = ( GEOMETRIC_REPRESENTATION_CONTEXT(2) 
PARAMETRIC_REPRESENTATION_CONTEXT() REPRESENTATION_CONTEXT('2D SPACE',''
  ) );
#14751 = ORIENTED_EDGE('',*,*,#14752,.T.);
#14752 = EDGE_CURVE('',#14724,#14753,#14755,.T.);
#14753 = VERTEX_POINT('',#14754);
#14754 = CARTESIAN_POINT('',(27.25,22.98,4.2));
#14755 = SURFACE_CURVE('',#14756,(#14760,#14767),.PCURVE_S1.);
#14756 = LINE('',#14757,#14758);
#14757 = CARTESIAN_POINT('',(27.25,-22.335,4.2));
#14758 = VECTOR('',#14759,1.);
#14759 = DIRECTION('',(0.,1.,0.));
#14760 = PCURVE('',#8807,#14761);
#14761 = DEFINITIONAL_REPRESENTATION('',(#14762),#14766);
#14762 = LINE('',#14763,#14764);
#14763 = CARTESIAN_POINT('',(72.75,28.915));
#14764 = VECTOR('',#14765,1.);
#14765 = DIRECTION('',(0.,1.));
#14766 = ( GEOMETRIC_REPRESENTATION_CONTEXT(2) 
PARAMETRIC_REPRESENTATION_CONTEXT() REPRESENTATION_CONTEXT('2D SPACE',''
  ) );
#14767 = PCURVE('',#14768,#14773);
#14768 = PLANE('',#14769);
#14769 = AXIS2_PLACEMENT_3D('',#14770,#14771,#14772);
#14770 = CARTESIAN_POINT('',(27.25,6.58,4.));
#14771 = DIRECTION('',(1.,0.,0.));
#14772 = DIRECTION('',(0.,0.,1.));
#14773 = DEFINITIONAL_REPRESENTATION('',(#14774),#14777);
#14774 = B_SPLINE_CURVE_WITH_KNOTS('',1,(#14775,#14776),.UNSPECIFIED.,
  .F.,.F.,(2,2),(28.915,45.315),.PIECEWISE_BEZIER_KNOTS.);
#14775 = CARTESIAN_POINT('',(0.2,0.));
#14776 = CARTESIAN_POINT('',(0.2,-16.4));
#14777 = ( GEOMETRIC_REPRESENTATION_CONTEXT(2) 
PARAMETRIC_REPRESENTATION_CONTEXT() REPRESENTATION_CONTEXT('2D SPACE',''
  ) );
#14778 = ORIENTED_EDGE('',*,*,#14779,.T.);
#14779 = EDGE_CURVE('',#14753,#14780,#14782,.T.);
#14780 = VERTEX_POINT('',#14781);
#14781 = CARTESIAN_POINT('',(10.85,22.98,4.2));
#14782 = SURFACE_CURVE('',#14783,(#14787,#14794),.PCURVE_S1.);
#14783 = LINE('',#14784,#14785);
#14784 = CARTESIAN_POINT('',(-17.325,22.98,4.2));
#14785 = VECTOR('',#14786,1.);
#14786 = DIRECTION('',(-1.,0.,0.));
#14787 = PCURVE('',#8807,#14788);
#14788 = DEFINITIONAL_REPRESENTATION('',(#14789),#14793);
#14789 = LINE('',#14790,#14791);
#14790 = CARTESIAN_POINT('',(28.175,74.23));
#14791 = VECTOR('',#14792,1.);
#14792 = DIRECTION('',(-1.,0.));
#14793 = ( GEOMETRIC_REPRESENTATION_CONTEXT(2) 
PARAMETRIC_REPRESENTATION_CONTEXT() REPRESENTATION_CONTEXT('2D SPACE',''
  ) );
#14794 = PCURVE('',#14795,#14800);
#14795 = PLANE('',#14796);
#14796 = AXIS2_PLACEMENT_3D('',#14797,#14798,#14799);
#14797 = CARTESIAN_POINT('',(10.85,22.98,4.));
#14798 = DIRECTION('',(0.,1.,0.));
#14799 = DIRECTION('',(0.,0.,1.));
#14800 = DEFINITIONAL_REPRESENTATION('',(#14801),#14804);
#14801 = B_SPLINE_CURVE_WITH_KNOTS('',1,(#14802,#14803),.UNSPECIFIED.,
  .F.,.F.,(2,2),(-44.575,-28.175),.PIECEWISE_BEZIER_KNOTS.);
#14802 = CARTESIAN_POINT('',(0.2,16.4));
#14803 = CARTESIAN_POINT('',(0.2,0.));
#14804 = ( GEOMETRIC_REPRESENTATION_CONTEXT(2) 
PARAMETRIC_REPRESENTATION_CONTEXT() REPRESENTATION_CONTEXT('2D SPACE',''
  ) );
#14805 = ORIENTED_EDGE('',*,*,#14806,.F.);
#14806 = EDGE_CURVE('',#14726,#14780,#14807,.T.);
#14807 = SURFACE_CURVE('',#14808,(#14812,#14819),.PCURVE_S1.);
#14808 = LINE('',#14809,#14810);
#14809 = CARTESIAN_POINT('',(10.85,-22.335,4.2));
#14810 = VECTOR('',#14811,1.);
#14811 = DIRECTION('',(0.,1.,0.));
#14812 = PCURVE('',#8807,#14813);
#14813 = DEFINITIONAL_REPRESENTATION('',(#14814),#14818);
#14814 = LINE('',#14815,#14816);
#14815 = CARTESIAN_POINT('',(56.35,28.915));
#14816 = VECTOR('',#14817,1.);
#14817 = DIRECTION('',(0.,1.));
#14818 = ( GEOMETRIC_REPRESENTATION_CONTEXT(2) 
PARAMETRIC_REPRESENTATION_CONTEXT() REPRESENTATION_CONTEXT('2D SPACE',''
  ) );
#14819 = PCURVE('',#14820,#14825);
#14820 = PLANE('',#14821);
#14821 = AXIS2_PLACEMENT_3D('',#14822,#14823,#14824);
#14822 = CARTESIAN_POINT('',(10.85,6.58,4.));
#14823 = DIRECTION('',(1.,0.,0.));
#14824 = DIRECTION('',(0.,0.,1.));
#14825 = DEFINITIONAL_REPRESENTATION('',(#14826),#14829);
#14826 = B_SPLINE_CURVE_WITH_KNOTS('',1,(#14827,#14828),.UNSPECIFIED.,
  .F.,.F.,(2,2),(28.915,45.315),.PIECEWISE_BEZIER_KNOTS.);
#14827 = CARTESIAN_POINT('',(0.2,0.));
#14828 = CARTESIAN_POINT('',(0.2,-16.4));
#14829 = ( GEOMETRIC_REPRESENTATION_CONTEXT(2) 
PARAMETRIC_REPRESENTATION_CONTEXT() REPRESENTATION_CONTEXT('2D SPACE',''
  ) );
#14830 = FACE_BOUND('',#14831,.T.);
#14831 = EDGE_LOOP('',(#14832,#14833,#14834,#14835));
#14832 = ORIENTED_EDGE('',*,*,#8794,.T.);
#14833 = ORIENTED_EDGE('',*,*,#8893,.T.);
#14834 = ORIENTED_EDGE('',*,*,#8918,.F.);
#14835 = ORIENTED_EDGE('',*,*,#8846,.F.);
#14836 = ADVANCED_FACE('',(#14837),#9001,.F.);
#14837 = FACE_BOUND('',#14838,.F.);
#14838 = EDGE_LOOP('',(#14839,#14840,#14841,#14842));
#14839 = ORIENTED_EDGE('',*,*,#9090,.F.);
#14840 = ORIENTED_EDGE('',*,*,#8987,.T.);
#14841 = ORIENTED_EDGE('',*,*,#9041,.T.);
#14842 = ORIENTED_EDGE('',*,*,#9117,.F.);
#14843 = ADVANCED_FACE('',(#14844),#9202,.F.);
#14844 = FACE_BOUND('',#14845,.F.);
#14845 = EDGE_LOOP('',(#14846,#14847,#14848,#14849));
#14846 = ORIENTED_EDGE('',*,*,#9291,.F.);
#14847 = ORIENTED_EDGE('',*,*,#9188,.T.);
#14848 = ORIENTED_EDGE('',*,*,#9242,.T.);
#14849 = ORIENTED_EDGE('',*,*,#9318,.F.);
#14850 = ADVANCED_FACE('',(#14851),#9403,.F.);
#14851 = FACE_BOUND('',#14852,.F.);
#14852 = EDGE_LOOP('',(#14853,#14854,#14855,#14856));
#14853 = ORIENTED_EDGE('',*,*,#9492,.F.);
#14854 = ORIENTED_EDGE('',*,*,#9389,.T.);
#14855 = ORIENTED_EDGE('',*,*,#9443,.T.);
#14856 = ORIENTED_EDGE('',*,*,#9519,.F.);
#14857 = ADVANCED_FACE('',(#14858,#14887),#9583,.T.);
#14858 = FACE_BOUND('',#14859,.T.);
#14859 = EDGE_LOOP('',(#14860,#14861));
#14860 = ORIENTED_EDGE('',*,*,#9682,.T.);
#14861 = ORIENTED_EDGE('',*,*,#14862,.F.);
#14862 = EDGE_CURVE('',#9683,#9657,#14863,.T.);
#14863 = SURFACE_CURVE('',#14864,(#14869,#14880),.PCURVE_S1.);
#14864 = CIRCLE('',#14865,3.2);
#14865 = AXIS2_PLACEMENT_3D('',#14866,#14867,#14868);
#14866 = CARTESIAN_POINT('',(30.655,28.2,4.6));
#14867 = DIRECTION('',(0.,0.,-1.));
#14868 = DIRECTION('',(0.322677694332,0.946508904121,0.));
#14869 = PCURVE('',#9583,#14870);
#14870 = DEFINITIONAL_REPRESENTATION('',(#14871),#14879);
#14871 = ( BOUNDED_CURVE() B_SPLINE_CURVE(2,(#14872,#14873,#14874,#14875
    ,#14876,#14877,#14878),.UNSPECIFIED.,.T.,.F.) 
B_SPLINE_CURVE_WITH_KNOTS((1,2,2,2,2,1),(-2.094395102393,0.,
    2.094395102393,4.188790204786,6.28318530718,8.377580409573),
.UNSPECIFIED.) CURVE() GEOMETRIC_REPRESENTATION_ITEM() 
RATIONAL_B_SPLINE_CURVE((1.,0.5,1.,0.5,1.,0.5,1.)) REPRESENTATION_ITEM(
  '') );
#14872 = CARTESIAN_POINT('',(1.032568621861,3.028828493188));
#14873 = CARTESIAN_POINT('',(6.278653459475,1.240367177823));
#14874 = CARTESIAN_POINT('',(2.106758107876,-2.408644904277));
#14875 = CARTESIAN_POINT('',(-2.065137243723,-6.057656986376));
#14876 = CARTESIAN_POINT('',(-3.139326729738,-0.620183588911));
#14877 = CARTESIAN_POINT('',(-4.213516215752,4.817289808553));
#14878 = CARTESIAN_POINT('',(1.032568621861,3.028828493188));
#14879 = ( GEOMETRIC_REPRESENTATION_CONTEXT(2) 
PARAMETRIC_REPRESENTATION_CONTEXT() REPRESENTATION_CONTEXT('2D SPACE',''
  ) );
#14880 = PCURVE('',#9671,#14881);
#14881 = DEFINITIONAL_REPRESENTATION('',(#14882),#14886);
#14882 = LINE('',#14883,#14884);
#14883 = CARTESIAN_POINT('',(-7.525424484019,0.));
#14884 = VECTOR('',#14885,1.);
#14885 = DIRECTION('',(1.,-0.));
#14886 = ( GEOMETRIC_REPRESENTATION_CONTEXT(2) 
PARAMETRIC_REPRESENTATION_CONTEXT() REPRESENTATION_CONTEXT('2D SPACE',''
  ) );
#14887 = FACE_BOUND('',#14888,.T.);
#14888 = EDGE_LOOP('',(#14889));
#14889 = ORIENTED_EDGE('',*,*,#9568,.T.);
#14890 = ADVANCED_FACE('',(#14891,#14921),#9644,.T.);
#14891 = FACE_BOUND('',#14892,.T.);
#14892 = EDGE_LOOP('',(#14893,#14894,#14920));
#14893 = ORIENTED_EDGE('',*,*,#9731,.F.);
#14894 = ORIENTED_EDGE('',*,*,#14895,.T.);
#14895 = EDGE_CURVE('',#9711,#9628,#14896,.T.);
#14896 = SURFACE_CURVE('',#14897,(#14902,#14913),.PCURVE_S1.);
#14897 = CIRCLE('',#14898,3.2);
#14898 = AXIS2_PLACEMENT_3D('',#14899,#14900,#14901);
#14899 = CARTESIAN_POINT('',(30.655,28.2,5.35));
#14900 = DIRECTION('',(0.,0.,-1.));
#14901 = DIRECTION('',(0.322677694332,0.946508904121,0.));
#14902 = PCURVE('',#9644,#14903);
#14903 = DEFINITIONAL_REPRESENTATION('',(#14904),#14912);
#14904 = ( BOUNDED_CURVE() B_SPLINE_CURVE(2,(#14905,#14906,#14907,#14908
    ,#14909,#14910,#14911),.UNSPECIFIED.,.T.,.F.) 
B_SPLINE_CURVE_WITH_KNOTS((1,2,2,2,2,1),(-2.094395102393,0.,
    2.094395102393,4.188790204786,6.28318530718,8.377580409573),
.UNSPECIFIED.) CURVE() GEOMETRIC_REPRESENTATION_ITEM() 
RATIONAL_B_SPLINE_CURVE((1.,0.5,1.,0.5,1.,0.5,1.)) REPRESENTATION_ITEM(
  '') );
#14905 = CARTESIAN_POINT('',(1.972568621862,-8.781171506812));
#14906 = CARTESIAN_POINT('',(7.218653459475,-10.56963282217));
#14907 = CARTESIAN_POINT('',(3.046758107876,-14.21864490427));
#14908 = CARTESIAN_POINT('',(-1.125137243723,-17.86765698637));
#14909 = CARTESIAN_POINT('',(-2.199326729738,-12.43018358891));
#14910 = CARTESIAN_POINT('',(-3.273516215752,-6.992710191446));
#14911 = CARTESIAN_POINT('',(1.972568621862,-8.781171506812));
#14912 = ( GEOMETRIC_REPRESENTATION_CONTEXT(2) 
PARAMETRIC_REPRESENTATION_CONTEXT() REPRESENTATION_CONTEXT('2D SPACE',''
  ) );
#14913 = PCURVE('',#9671,#14914);
#14914 = DEFINITIONAL_REPRESENTATION('',(#14915),#14919);
#14915 = LINE('',#14916,#14917);
#14916 = CARTESIAN_POINT('',(-7.525424484019,-0.75));
#14917 = VECTOR('',#14918,1.);
#14918 = DIRECTION('',(1.,-0.));
#14919 = ( GEOMETRIC_REPRESENTATION_CONTEXT(2) 
PARAMETRIC_REPRESENTATION_CONTEXT() REPRESENTATION_CONTEXT('2D SPACE',''
  ) );
#14920 = ORIENTED_EDGE('',*,*,#9627,.F.);
#14921 = FACE_BOUND('',#14922,.T.);
#14922 = EDGE_LOOP('',(#14923,#14924));
#14923 = ORIENTED_EDGE('',*,*,#13531,.F.);
#14924 = ORIENTED_EDGE('',*,*,#13583,.F.);
#14925 = ADVANCED_FACE('',(#14926),#9671,.F.);
#14926 = FACE_BOUND('',#14927,.T.);
#14927 = EDGE_LOOP('',(#14928,#14929,#14930,#14931));
#14928 = ORIENTED_EDGE('',*,*,#9656,.F.);
#14929 = ORIENTED_EDGE('',*,*,#14895,.F.);
#14930 = ORIENTED_EDGE('',*,*,#9710,.T.);
#14931 = ORIENTED_EDGE('',*,*,#14862,.T.);
#14932 = ADVANCED_FACE('',(#14933,#14936),#9773,.T.);
#14933 = FACE_BOUND('',#14934,.T.);
#14934 = EDGE_LOOP('',(#14935));
#14935 = ORIENTED_EDGE('',*,*,#9756,.T.);
#14936 = FACE_BOUND('',#14937,.T.);
#14937 = EDGE_LOOP('',(#14938));
#14938 = ORIENTED_EDGE('',*,*,#14939,.T.);
#14939 = EDGE_CURVE('',#14940,#14940,#14942,.T.);
#14940 = VERTEX_POINT('',#14941);
#14941 = CARTESIAN_POINT('',(-34.605,-42.57,5.35));
#14942 = SURFACE_CURVE('',#14943,(#14948,#14959),.PCURVE_S1.);
#14943 = CIRCLE('',#14944,3.2);
#14944 = AXIS2_PLACEMENT_3D('',#14945,#14946,#14947);
#14945 = CARTESIAN_POINT('',(-37.805,-42.57,5.35));
#14946 = DIRECTION('',(0.,0.,-1.));
#14947 = DIRECTION('',(1.,0.,0.));
#14948 = PCURVE('',#9773,#14949);
#14949 = DEFINITIONAL_REPRESENTATION('',(#14950),#14958);
#14950 = ( BOUNDED_CURVE() B_SPLINE_CURVE(2,(#14951,#14952,#14953,#14954
    ,#14955,#14956,#14957),.UNSPECIFIED.,.T.,.F.) 
B_SPLINE_CURVE_WITH_KNOTS((1,2,2,2,2,1),(-2.094395102393,0.,
    2.094395102393,4.188790204786,6.28318530718,8.377580409573),
.UNSPECIFIED.) CURVE() GEOMETRIC_REPRESENTATION_ITEM() 
RATIONAL_B_SPLINE_CURVE((1.,0.5,1.,0.5,1.,0.5,1.)) REPRESENTATION_ITEM(
  '') );
#14951 = CARTESIAN_POINT('',(3.2,0.));
#14952 = CARTESIAN_POINT('',(3.2,-5.54256258422));
#14953 = CARTESIAN_POINT('',(-1.6,-2.77128129211));
#14954 = CARTESIAN_POINT('',(-6.4,-7.837739514543E-16));
#14955 = CARTESIAN_POINT('',(-1.6,2.77128129211));
#14956 = CARTESIAN_POINT('',(3.2,5.54256258422));
#14957 = CARTESIAN_POINT('',(3.2,0.));
#14958 = ( GEOMETRIC_REPRESENTATION_CONTEXT(2) 
PARAMETRIC_REPRESENTATION_CONTEXT() REPRESENTATION_CONTEXT('2D SPACE',''
  ) );
#14959 = PCURVE('',#13630,#14960);
#14960 = DEFINITIONAL_REPRESENTATION('',(#14961),#14965);
#14961 = LINE('',#14962,#14963);
#14962 = CARTESIAN_POINT('',(-6.28318530718,-0.75));
#14963 = VECTOR('',#14964,1.);
#14964 = DIRECTION('',(1.,-0.));
#14965 = ( GEOMETRIC_REPRESENTATION_CONTEXT(2) 
PARAMETRIC_REPRESENTATION_CONTEXT() REPRESENTATION_CONTEXT('2D SPACE',''
  ) );
#14966 = ADVANCED_FACE('',(#14967,#14973),#9850,.T.);
#14967 = FACE_BOUND('',#14968,.T.);
#14968 = EDGE_LOOP('',(#14969,#14970,#14971,#14972));
#14969 = ORIENTED_EDGE('',*,*,#9937,.F.);
#14970 = ORIENTED_EDGE('',*,*,#9834,.T.);
#14971 = ORIENTED_EDGE('',*,*,#9888,.T.);
#14972 = ORIENTED_EDGE('',*,*,#9986,.F.);
#14973 = FACE_BOUND('',#14974,.T.);
#14974 = EDGE_LOOP('',(#14975,#14999,#15021,#15043));
#14975 = ORIENTED_EDGE('',*,*,#14976,.T.);
#14976 = EDGE_CURVE('',#14977,#14979,#14981,.T.);
#14977 = VERTEX_POINT('',#14978);
#14978 = CARTESIAN_POINT('',(-10.85,-31.52,5.35));
#14979 = VERTEX_POINT('',#14980);
#14980 = CARTESIAN_POINT('',(-27.25,-31.52,5.35));
#14981 = SURFACE_CURVE('',#14982,(#14986,#14992),.PCURVE_S1.);
#14982 = LINE('',#14983,#14984);
#14983 = CARTESIAN_POINT('',(-27.6,-31.52,5.35));
#14984 = VECTOR('',#14985,1.);
#14985 = DIRECTION('',(-1.,0.,0.));
#14986 = PCURVE('',#9850,#14987);
#14987 = DEFINITIONAL_REPRESENTATION('',(#14988),#14991);
#14988 = B_SPLINE_CURVE_WITH_KNOTS('',1,(#14989,#14990),.UNSPECIFIED.,
  .F.,.F.,(2,2),(-16.75,-0.35),.PIECEWISE_BEZIER_KNOTS.);
#14989 = CARTESIAN_POINT('',(17.1,0.7));
#14990 = CARTESIAN_POINT('',(0.7,0.7));
#14991 = ( GEOMETRIC_REPRESENTATION_CONTEXT(2) 
PARAMETRIC_REPRESENTATION_CONTEXT() REPRESENTATION_CONTEXT('2D SPACE',''
  ) );
#14992 = PCURVE('',#13666,#14993);
#14993 = DEFINITIONAL_REPRESENTATION('',(#14994),#14998);
#14994 = LINE('',#14995,#14996);
#14995 = CARTESIAN_POINT('',(1.35,-0.35));
#14996 = VECTOR('',#14997,1.);
#14997 = DIRECTION('',(0.,-1.));
#14998 = ( GEOMETRIC_REPRESENTATION_CONTEXT(2) 
PARAMETRIC_REPRESENTATION_CONTEXT() REPRESENTATION_CONTEXT('2D SPACE',''
  ) );
#14999 = ORIENTED_EDGE('',*,*,#15000,.T.);
#15000 = EDGE_CURVE('',#14979,#15001,#15003,.T.);
#15001 = VERTEX_POINT('',#15002);
#15002 = CARTESIAN_POINT('',(-27.25,-15.12,5.35));
#15003 = SURFACE_CURVE('',#15004,(#15008,#15014),.PCURVE_S1.);
#15004 = LINE('',#15005,#15006);
#15005 = CARTESIAN_POINT('',(-27.25,-31.87,5.35));
#15006 = VECTOR('',#15007,1.);
#15007 = DIRECTION('',(0.,1.,0.));
#15008 = PCURVE('',#9850,#15009);
#15009 = DEFINITIONAL_REPRESENTATION('',(#15010),#15013);
#15010 = B_SPLINE_CURVE_WITH_KNOTS('',1,(#15011,#15012),.UNSPECIFIED.,
  .F.,.F.,(2,2),(0.35,16.75),.PIECEWISE_BEZIER_KNOTS.);
#15011 = CARTESIAN_POINT('',(0.7,0.7));
#15012 = CARTESIAN_POINT('',(0.7,17.1));
#15013 = ( GEOMETRIC_REPRESENTATION_CONTEXT(2) 
PARAMETRIC_REPRESENTATION_CONTEXT() REPRESENTATION_CONTEXT('2D SPACE',''
  ) );
#15014 = PCURVE('',#13745,#15015);
#15015 = DEFINITIONAL_REPRESENTATION('',(#15016),#15020);
#15016 = LINE('',#15017,#15018);
#15017 = CARTESIAN_POINT('',(1.35,0.35));
#15018 = VECTOR('',#15019,1.);
#15019 = DIRECTION('',(0.,-1.));
#15020 = ( GEOMETRIC_REPRESENTATION_CONTEXT(2) 
PARAMETRIC_REPRESENTATION_CONTEXT() REPRESENTATION_CONTEXT('2D SPACE',''
  ) );
#15021 = ORIENTED_EDGE('',*,*,#15022,.F.);
#15022 = EDGE_CURVE('',#15023,#15001,#15025,.T.);
#15023 = VERTEX_POINT('',#15024);
#15024 = CARTESIAN_POINT('',(-10.85,-15.12,5.35));
#15025 = SURFACE_CURVE('',#15026,(#15030,#15036),.PCURVE_S1.);
#15026 = LINE('',#15027,#15028);
#15027 = CARTESIAN_POINT('',(-27.6,-15.12,5.35));
#15028 = VECTOR('',#15029,1.);
#15029 = DIRECTION('',(-1.,0.,0.));
#15030 = PCURVE('',#9850,#15031);
#15031 = DEFINITIONAL_REPRESENTATION('',(#15032),#15035);
#15032 = B_SPLINE_CURVE_WITH_KNOTS('',1,(#15033,#15034),.UNSPECIFIED.,
  .F.,.F.,(2,2),(-16.75,-0.35),.PIECEWISE_BEZIER_KNOTS.);
#15033 = CARTESIAN_POINT('',(17.1,17.1));
#15034 = CARTESIAN_POINT('',(0.7,17.1));
#15035 = ( GEOMETRIC_REPRESENTATION_CONTEXT(2) 
PARAMETRIC_REPRESENTATION_CONTEXT() REPRESENTATION_CONTEXT('2D SPACE',''
  ) );
#15036 = PCURVE('',#13720,#15037);
#15037 = DEFINITIONAL_REPRESENTATION('',(#15038),#15042);
#15038 = LINE('',#15039,#15040);
#15039 = CARTESIAN_POINT('',(1.35,-0.35));
#15040 = VECTOR('',#15041,1.);
#15041 = DIRECTION('',(0.,-1.));
#15042 = ( GEOMETRIC_REPRESENTATION_CONTEXT(2) 
PARAMETRIC_REPRESENTATION_CONTEXT() REPRESENTATION_CONTEXT('2D SPACE',''
  ) );
#15043 = ORIENTED_EDGE('',*,*,#15044,.F.);
#15044 = EDGE_CURVE('',#14977,#15023,#15045,.T.);
#15045 = SURFACE_CURVE('',#15046,(#15050,#15056),.PCURVE_S1.);
#15046 = LINE('',#15047,#15048);
#15047 = CARTESIAN_POINT('',(-10.85,-31.87,5.35));
#15048 = VECTOR('',#15049,1.);
#15049 = DIRECTION('',(0.,1.,0.));
#15050 = PCURVE('',#9850,#15051);
#15051 = DEFINITIONAL_REPRESENTATION('',(#15052),#15055);
#15052 = B_SPLINE_CURVE_WITH_KNOTS('',1,(#15053,#15054),.UNSPECIFIED.,
  .F.,.F.,(2,2),(0.35,16.75),.PIECEWISE_BEZIER_KNOTS.);
#15053 = CARTESIAN_POINT('',(17.1,0.7));
#15054 = CARTESIAN_POINT('',(17.1,17.1));
#15055 = ( GEOMETRIC_REPRESENTATION_CONTEXT(2) 
PARAMETRIC_REPRESENTATION_CONTEXT() REPRESENTATION_CONTEXT('2D SPACE',''
  ) );
#15056 = PCURVE('',#13693,#15057);
#15057 = DEFINITIONAL_REPRESENTATION('',(#15058),#15062);
#15058 = LINE('',#15059,#15060);
#15059 = CARTESIAN_POINT('',(1.35,0.35));
#15060 = VECTOR('',#15061,1.);
#15061 = DIRECTION('',(0.,-1.));
#15062 = ( GEOMETRIC_REPRESENTATION_CONTEXT(2) 
PARAMETRIC_REPRESENTATION_CONTEXT() REPRESENTATION_CONTEXT('2D SPACE',''
  ) );
#15063 = ADVANCED_FACE('',(#15064,#15070),#10051,.T.);
#15064 = FACE_BOUND('',#15065,.T.);
#15065 = EDGE_LOOP('',(#15066,#15067,#15068,#15069));
#15066 = ORIENTED_EDGE('',*,*,#10138,.F.);
#15067 = ORIENTED_EDGE('',*,*,#10035,.T.);
#15068 = ORIENTED_EDGE('',*,*,#10089,.T.);
#15069 = ORIENTED_EDGE('',*,*,#10187,.F.);
#15070 = FACE_BOUND('',#15071,.T.);
#15071 = EDGE_LOOP('',(#15072,#15096,#15118,#15140));
#15072 = ORIENTED_EDGE('',*,*,#15073,.T.);
#15073 = EDGE_CURVE('',#15074,#15076,#15078,.T.);
#15074 = VERTEX_POINT('',#15075);
#15075 = CARTESIAN_POINT('',(-10.85,-12.47,5.35));
#15076 = VERTEX_POINT('',#15077);
#15077 = CARTESIAN_POINT('',(-27.25,-12.47,5.35));
#15078 = SURFACE_CURVE('',#15079,(#15083,#15089),.PCURVE_S1.);
#15079 = LINE('',#15080,#15081);
#15080 = CARTESIAN_POINT('',(-27.6,-12.47,5.35));
#15081 = VECTOR('',#15082,1.);
#15082 = DIRECTION('',(-1.,0.,0.));
#15083 = PCURVE('',#10051,#15084);
#15084 = DEFINITIONAL_REPRESENTATION('',(#15085),#15088);
#15085 = B_SPLINE_CURVE_WITH_KNOTS('',1,(#15086,#15087),.UNSPECIFIED.,
  .F.,.F.,(2,2),(-16.75,-0.35),.PIECEWISE_BEZIER_KNOTS.);
#15086 = CARTESIAN_POINT('',(17.1,0.7));
#15087 = CARTESIAN_POINT('',(0.7,0.7));
#15088 = ( GEOMETRIC_REPRESENTATION_CONTEXT(2) 
PARAMETRIC_REPRESENTATION_CONTEXT() REPRESENTATION_CONTEXT('2D SPACE',''
  ) );
#15089 = PCURVE('',#13790,#15090);
#15090 = DEFINITIONAL_REPRESENTATION('',(#15091),#15095);
#15091 = LINE('',#15092,#15093);
#15092 = CARTESIAN_POINT('',(1.35,-0.35));
#15093 = VECTOR('',#15094,1.);
#15094 = DIRECTION('',(0.,-1.));
#15095 = ( GEOMETRIC_REPRESENTATION_CONTEXT(2) 
PARAMETRIC_REPRESENTATION_CONTEXT() REPRESENTATION_CONTEXT('2D SPACE',''
  ) );
#15096 = ORIENTED_EDGE('',*,*,#15097,.T.);
#15097 = EDGE_CURVE('',#15076,#15098,#15100,.T.);
#15098 = VERTEX_POINT('',#15099);
#15099 = CARTESIAN_POINT('',(-27.25,3.93,5.35));
#15100 = SURFACE_CURVE('',#15101,(#15105,#15111),.PCURVE_S1.);
#15101 = LINE('',#15102,#15103);
#15102 = CARTESIAN_POINT('',(-27.25,-12.82,5.35));
#15103 = VECTOR('',#15104,1.);
#15104 = DIRECTION('',(0.,1.,0.));
#15105 = PCURVE('',#10051,#15106);
#15106 = DEFINITIONAL_REPRESENTATION('',(#15107),#15110);
#15107 = B_SPLINE_CURVE_WITH_KNOTS('',1,(#15108,#15109),.UNSPECIFIED.,
  .F.,.F.,(2,2),(0.35,16.75),.PIECEWISE_BEZIER_KNOTS.);
#15108 = CARTESIAN_POINT('',(0.7,0.7));
#15109 = CARTESIAN_POINT('',(0.7,17.1));
#15110 = ( GEOMETRIC_REPRESENTATION_CONTEXT(2) 
PARAMETRIC_REPRESENTATION_CONTEXT() REPRESENTATION_CONTEXT('2D SPACE',''
  ) );
#15111 = PCURVE('',#13869,#15112);
#15112 = DEFINITIONAL_REPRESENTATION('',(#15113),#15117);
#15113 = LINE('',#15114,#15115);
#15114 = CARTESIAN_POINT('',(1.35,0.35));
#15115 = VECTOR('',#15116,1.);
#15116 = DIRECTION('',(0.,-1.));
#15117 = ( GEOMETRIC_REPRESENTATION_CONTEXT(2) 
PARAMETRIC_REPRESENTATION_CONTEXT() REPRESENTATION_CONTEXT('2D SPACE',''
  ) );
#15118 = ORIENTED_EDGE('',*,*,#15119,.F.);
#15119 = EDGE_CURVE('',#15120,#15098,#15122,.T.);
#15120 = VERTEX_POINT('',#15121);
#15121 = CARTESIAN_POINT('',(-10.85,3.93,5.35));
#15122 = SURFACE_CURVE('',#15123,(#15127,#15133),.PCURVE_S1.);
#15123 = LINE('',#15124,#15125);
#15124 = CARTESIAN_POINT('',(-27.6,3.93,5.35));
#15125 = VECTOR('',#15126,1.);
#15126 = DIRECTION('',(-1.,0.,0.));
#15127 = PCURVE('',#10051,#15128);
#15128 = DEFINITIONAL_REPRESENTATION('',(#15129),#15132);
#15129 = B_SPLINE_CURVE_WITH_KNOTS('',1,(#15130,#15131),.UNSPECIFIED.,
  .F.,.F.,(2,2),(-16.75,-0.35),.PIECEWISE_BEZIER_KNOTS.);
#15130 = CARTESIAN_POINT('',(17.1,17.1));
#15131 = CARTESIAN_POINT('',(0.7,17.1));
#15132 = ( GEOMETRIC_REPRESENTATION_CONTEXT(2) 
PARAMETRIC_REPRESENTATION_CONTEXT() REPRESENTATION_CONTEXT('2D SPACE',''
  ) );
#15133 = PCURVE('',#13844,#15134);
#15134 = DEFINITIONAL_REPRESENTATION('',(#15135),#15139);
#15135 = LINE('',#15136,#15137);
#15136 = CARTESIAN_POINT('',(1.35,-0.35));
#15137 = VECTOR('',#15138,1.);
#15138 = DIRECTION('',(0.,-1.));
#15139 = ( GEOMETRIC_REPRESENTATION_CONTEXT(2) 
PARAMETRIC_REPRESENTATION_CONTEXT() REPRESENTATION_CONTEXT('2D SPACE',''
  ) );
#15140 = ORIENTED_EDGE('',*,*,#15141,.F.);
#15141 = EDGE_CURVE('',#15074,#15120,#15142,.T.);
#15142 = SURFACE_CURVE('',#15143,(#15147,#15153),.PCURVE_S1.);
#15143 = LINE('',#15144,#15145);
#15144 = CARTESIAN_POINT('',(-10.85,-12.82,5.35));
#15145 = VECTOR('',#15146,1.);
#15146 = DIRECTION('',(0.,1.,0.));
#15147 = PCURVE('',#10051,#15148);
#15148 = DEFINITIONAL_REPRESENTATION('',(#15149),#15152);
#15149 = B_SPLINE_CURVE_WITH_KNOTS('',1,(#15150,#15151),.UNSPECIFIED.,
  .F.,.F.,(2,2),(0.35,16.75),.PIECEWISE_BEZIER_KNOTS.);
#15150 = CARTESIAN_POINT('',(17.1,0.7));
#15151 = CARTESIAN_POINT('',(17.1,17.1));
#15152 = ( GEOMETRIC_REPRESENTATION_CONTEXT(2) 
PARAMETRIC_REPRESENTATION_CONTEXT() REPRESENTATION_CONTEXT('2D SPACE',''
  ) );
#15153 = PCURVE('',#13817,#15154);
#15154 = DEFINITIONAL_REPRESENTATION('',(#15155),#15159);
#15155 = LINE('',#15156,#15157);
#15156 = CARTESIAN_POINT('',(1.35,0.35));
#15157 = VECTOR('',#15158,1.);
#15158 = DIRECTION('',(0.,-1.));
#15159 = ( GEOMETRIC_REPRESENTATION_CONTEXT(2) 
PARAMETRIC_REPRESENTATION_CONTEXT() REPRESENTATION_CONTEXT('2D SPACE',''
  ) );
#15160 = ADVANCED_FACE('',(#15161,#15167),#10252,.T.);
#15161 = FACE_BOUND('',#15162,.T.);
#15162 = EDGE_LOOP('',(#15163,#15164,#15165,#15166));
#15163 = ORIENTED_EDGE('',*,*,#10339,.F.);
#15164 = ORIENTED_EDGE('',*,*,#10236,.T.);
#15165 = ORIENTED_EDGE('',*,*,#10290,.T.);
#15166 = ORIENTED_EDGE('',*,*,#10388,.F.);
#15167 = FACE_BOUND('',#15168,.T.);
#15168 = EDGE_LOOP('',(#15169,#15193,#15215,#15237));
#15169 = ORIENTED_EDGE('',*,*,#15170,.T.);
#15170 = EDGE_CURVE('',#15171,#15173,#15175,.T.);
#15171 = VERTEX_POINT('',#15172);
#15172 = CARTESIAN_POINT('',(8.2,-31.52,5.35));
#15173 = VERTEX_POINT('',#15174);
#15174 = CARTESIAN_POINT('',(-8.2,-31.52,5.35));
#15175 = SURFACE_CURVE('',#15176,(#15180,#15186),.PCURVE_S1.);
#15176 = LINE('',#15177,#15178);
#15177 = CARTESIAN_POINT('',(-8.55,-31.52,5.35));
#15178 = VECTOR('',#15179,1.);
#15179 = DIRECTION('',(-1.,0.,0.));
#15180 = PCURVE('',#10252,#15181);
#15181 = DEFINITIONAL_REPRESENTATION('',(#15182),#15185);
#15182 = B_SPLINE_CURVE_WITH_KNOTS('',1,(#15183,#15184),.UNSPECIFIED.,
  .F.,.F.,(2,2),(-16.75,-0.35),.PIECEWISE_BEZIER_KNOTS.);
#15183 = CARTESIAN_POINT('',(17.1,0.7));
#15184 = CARTESIAN_POINT('',(0.7,0.7));
#15185 = ( GEOMETRIC_REPRESENTATION_CONTEXT(2) 
PARAMETRIC_REPRESENTATION_CONTEXT() REPRESENTATION_CONTEXT('2D SPACE',''
  ) );
#15186 = PCURVE('',#13907,#15187);
#15187 = DEFINITIONAL_REPRESENTATION('',(#15188),#15192);
#15188 = LINE('',#15189,#15190);
#15189 = CARTESIAN_POINT('',(1.35,-0.35));
#15190 = VECTOR('',#15191,1.);
#15191 = DIRECTION('',(0.,-1.));
#15192 = ( GEOMETRIC_REPRESENTATION_CONTEXT(2) 
PARAMETRIC_REPRESENTATION_CONTEXT() REPRESENTATION_CONTEXT('2D SPACE',''
  ) );
#15193 = ORIENTED_EDGE('',*,*,#15194,.T.);
#15194 = EDGE_CURVE('',#15173,#15195,#15197,.T.);
#15195 = VERTEX_POINT('',#15196);
#15196 = CARTESIAN_POINT('',(-8.2,-15.12,5.35));
#15197 = SURFACE_CURVE('',#15198,(#15202,#15208),.PCURVE_S1.);
#15198 = LINE('',#15199,#15200);
#15199 = CARTESIAN_POINT('',(-8.2,-31.87,5.35));
#15200 = VECTOR('',#15201,1.);
#15201 = DIRECTION('',(0.,1.,0.));
#15202 = PCURVE('',#10252,#15203);
#15203 = DEFINITIONAL_REPRESENTATION('',(#15204),#15207);
#15204 = B_SPLINE_CURVE_WITH_KNOTS('',1,(#15205,#15206),.UNSPECIFIED.,
  .F.,.F.,(2,2),(0.35,16.75),.PIECEWISE_BEZIER_KNOTS.);
#15205 = CARTESIAN_POINT('',(0.7,0.7));
#15206 = CARTESIAN_POINT('',(0.7,17.1));
#15207 = ( GEOMETRIC_REPRESENTATION_CONTEXT(2) 
PARAMETRIC_REPRESENTATION_CONTEXT() REPRESENTATION_CONTEXT('2D SPACE',''
  ) );
#15208 = PCURVE('',#13986,#15209);
#15209 = DEFINITIONAL_REPRESENTATION('',(#15210),#15214);
#15210 = LINE('',#15211,#15212);
#15211 = CARTESIAN_POINT('',(1.35,0.35));
#15212 = VECTOR('',#15213,1.);
#15213 = DIRECTION('',(0.,-1.));
#15214 = ( GEOMETRIC_REPRESENTATION_CONTEXT(2) 
PARAMETRIC_REPRESENTATION_CONTEXT() REPRESENTATION_CONTEXT('2D SPACE',''
  ) );
#15215 = ORIENTED_EDGE('',*,*,#15216,.F.);
#15216 = EDGE_CURVE('',#15217,#15195,#15219,.T.);
#15217 = VERTEX_POINT('',#15218);
#15218 = CARTESIAN_POINT('',(8.2,-15.12,5.35));
#15219 = SURFACE_CURVE('',#15220,(#15224,#15230),.PCURVE_S1.);
#15220 = LINE('',#15221,#15222);
#15221 = CARTESIAN_POINT('',(-8.55,-15.12,5.35));
#15222 = VECTOR('',#15223,1.);
#15223 = DIRECTION('',(-1.,0.,0.));
#15224 = PCURVE('',#10252,#15225);
#15225 = DEFINITIONAL_REPRESENTATION('',(#15226),#15229);
#15226 = B_SPLINE_CURVE_WITH_KNOTS('',1,(#15227,#15228),.UNSPECIFIED.,
  .F.,.F.,(2,2),(-16.75,-0.35),.PIECEWISE_BEZIER_KNOTS.);
#15227 = CARTESIAN_POINT('',(17.1,17.1));
#15228 = CARTESIAN_POINT('',(0.7,17.1));
#15229 = ( GEOMETRIC_REPRESENTATION_CONTEXT(2) 
PARAMETRIC_REPRESENTATION_CONTEXT() REPRESENTATION_CONTEXT('2D SPACE',''
  ) );
#15230 = PCURVE('',#13961,#15231);
#15231 = DEFINITIONAL_REPRESENTATION('',(#15232),#15236);
#15232 = LINE('',#15233,#15234);
#15233 = CARTESIAN_POINT('',(1.35,-0.35));
#15234 = VECTOR('',#15235,1.);
#15235 = DIRECTION('',(0.,-1.));
#15236 = ( GEOMETRIC_REPRESENTATION_CONTEXT(2) 
PARAMETRIC_REPRESENTATION_CONTEXT() REPRESENTATION_CONTEXT('2D SPACE',''
  ) );
#15237 = ORIENTED_EDGE('',*,*,#15238,.F.);
#15238 = EDGE_CURVE('',#15171,#15217,#15239,.T.);
#15239 = SURFACE_CURVE('',#15240,(#15244,#15250),.PCURVE_S1.);
#15240 = LINE('',#15241,#15242);
#15241 = CARTESIAN_POINT('',(8.2,-31.87,5.35));
#15242 = VECTOR('',#15243,1.);
#15243 = DIRECTION('',(0.,1.,0.));
#15244 = PCURVE('',#10252,#15245);
#15245 = DEFINITIONAL_REPRESENTATION('',(#15246),#15249);
#15246 = B_SPLINE_CURVE_WITH_KNOTS('',1,(#15247,#15248),.UNSPECIFIED.,
  .F.,.F.,(2,2),(0.35,16.75),.PIECEWISE_BEZIER_KNOTS.);
#15247 = CARTESIAN_POINT('',(17.1,0.7));
#15248 = CARTESIAN_POINT('',(17.1,17.1));
#15249 = ( GEOMETRIC_REPRESENTATION_CONTEXT(2) 
PARAMETRIC_REPRESENTATION_CONTEXT() REPRESENTATION_CONTEXT('2D SPACE',''
  ) );
#15250 = PCURVE('',#13934,#15251);
#15251 = DEFINITIONAL_REPRESENTATION('',(#15252),#15256);
#15252 = LINE('',#15253,#15254);
#15253 = CARTESIAN_POINT('',(1.35,0.35));
#15254 = VECTOR('',#15255,1.);
#15255 = DIRECTION('',(0.,-1.));
#15256 = ( GEOMETRIC_REPRESENTATION_CONTEXT(2) 
PARAMETRIC_REPRESENTATION_CONTEXT() REPRESENTATION_CONTEXT('2D SPACE',''
  ) );
#15257 = ADVANCED_FACE('',(#15258,#15264),#10453,.T.);
#15258 = FACE_BOUND('',#15259,.T.);
#15259 = EDGE_LOOP('',(#15260,#15261,#15262,#15263));
#15260 = ORIENTED_EDGE('',*,*,#10540,.F.);
#15261 = ORIENTED_EDGE('',*,*,#10437,.T.);
#15262 = ORIENTED_EDGE('',*,*,#10491,.T.);
#15263 = ORIENTED_EDGE('',*,*,#10589,.F.);
#15264 = FACE_BOUND('',#15265,.T.);
#15265 = EDGE_LOOP('',(#15266,#15290,#15312,#15334));
#15266 = ORIENTED_EDGE('',*,*,#15267,.T.);
#15267 = EDGE_CURVE('',#15268,#15270,#15272,.T.);
#15268 = VERTEX_POINT('',#15269);
#15269 = CARTESIAN_POINT('',(27.25,-31.52,5.35));
#15270 = VERTEX_POINT('',#15271);
#15271 = CARTESIAN_POINT('',(10.85,-31.52,5.35));
#15272 = SURFACE_CURVE('',#15273,(#15277,#15283),.PCURVE_S1.);
#15273 = LINE('',#15274,#15275);
#15274 = CARTESIAN_POINT('',(10.5,-31.52,5.35));
#15275 = VECTOR('',#15276,1.);
#15276 = DIRECTION('',(-1.,0.,0.));
#15277 = PCURVE('',#10453,#15278);
#15278 = DEFINITIONAL_REPRESENTATION('',(#15279),#15282);
#15279 = B_SPLINE_CURVE_WITH_KNOTS('',1,(#15280,#15281),.UNSPECIFIED.,
  .F.,.F.,(2,2),(-16.75,-0.35),.PIECEWISE_BEZIER_KNOTS.);
#15280 = CARTESIAN_POINT('',(17.1,0.7));
#15281 = CARTESIAN_POINT('',(0.7,0.7));
#15282 = ( GEOMETRIC_REPRESENTATION_CONTEXT(2) 
PARAMETRIC_REPRESENTATION_CONTEXT() REPRESENTATION_CONTEXT('2D SPACE',''
  ) );
#15283 = PCURVE('',#14024,#15284);
#15284 = DEFINITIONAL_REPRESENTATION('',(#15285),#15289);
#15285 = LINE('',#15286,#15287);
#15286 = CARTESIAN_POINT('',(1.35,-0.35));
#15287 = VECTOR('',#15288,1.);
#15288 = DIRECTION('',(0.,-1.));
#15289 = ( GEOMETRIC_REPRESENTATION_CONTEXT(2) 
PARAMETRIC_REPRESENTATION_CONTEXT() REPRESENTATION_CONTEXT('2D SPACE',''
  ) );
#15290 = ORIENTED_EDGE('',*,*,#15291,.T.);
#15291 = EDGE_CURVE('',#15270,#15292,#15294,.T.);
#15292 = VERTEX_POINT('',#15293);
#15293 = CARTESIAN_POINT('',(10.85,-15.12,5.35));
#15294 = SURFACE_CURVE('',#15295,(#15299,#15305),.PCURVE_S1.);
#15295 = LINE('',#15296,#15297);
#15296 = CARTESIAN_POINT('',(10.85,-31.87,5.35));
#15297 = VECTOR('',#15298,1.);
#15298 = DIRECTION('',(0.,1.,0.));
#15299 = PCURVE('',#10453,#15300);
#15300 = DEFINITIONAL_REPRESENTATION('',(#15301),#15304);
#15301 = B_SPLINE_CURVE_WITH_KNOTS('',1,(#15302,#15303),.UNSPECIFIED.,
  .F.,.F.,(2,2),(0.35,16.75),.PIECEWISE_BEZIER_KNOTS.);
#15302 = CARTESIAN_POINT('',(0.7,0.7));
#15303 = CARTESIAN_POINT('',(0.7,17.1));
#15304 = ( GEOMETRIC_REPRESENTATION_CONTEXT(2) 
PARAMETRIC_REPRESENTATION_CONTEXT() REPRESENTATION_CONTEXT('2D SPACE',''
  ) );
#15305 = PCURVE('',#14103,#15306);
#15306 = DEFINITIONAL_REPRESENTATION('',(#15307),#15311);
#15307 = LINE('',#15308,#15309);
#15308 = CARTESIAN_POINT('',(1.35,0.35));
#15309 = VECTOR('',#15310,1.);
#15310 = DIRECTION('',(0.,-1.));
#15311 = ( GEOMETRIC_REPRESENTATION_CONTEXT(2) 
PARAMETRIC_REPRESENTATION_CONTEXT() REPRESENTATION_CONTEXT('2D SPACE',''
  ) );
#15312 = ORIENTED_EDGE('',*,*,#15313,.F.);
#15313 = EDGE_CURVE('',#15314,#15292,#15316,.T.);
#15314 = VERTEX_POINT('',#15315);
#15315 = CARTESIAN_POINT('',(27.25,-15.12,5.35));
#15316 = SURFACE_CURVE('',#15317,(#15321,#15327),.PCURVE_S1.);
#15317 = LINE('',#15318,#15319);
#15318 = CARTESIAN_POINT('',(10.5,-15.12,5.35));
#15319 = VECTOR('',#15320,1.);
#15320 = DIRECTION('',(-1.,0.,0.));
#15321 = PCURVE('',#10453,#15322);
#15322 = DEFINITIONAL_REPRESENTATION('',(#15323),#15326);
#15323 = B_SPLINE_CURVE_WITH_KNOTS('',1,(#15324,#15325),.UNSPECIFIED.,
  .F.,.F.,(2,2),(-16.75,-0.35),.PIECEWISE_BEZIER_KNOTS.);
#15324 = CARTESIAN_POINT('',(17.1,17.1));
#15325 = CARTESIAN_POINT('',(0.7,17.1));
#15326 = ( GEOMETRIC_REPRESENTATION_CONTEXT(2) 
PARAMETRIC_REPRESENTATION_CONTEXT() REPRESENTATION_CONTEXT('2D SPACE',''
  ) );
#15327 = PCURVE('',#14078,#15328);
#15328 = DEFINITIONAL_REPRESENTATION('',(#15329),#15333);
#15329 = LINE('',#15330,#15331);
#15330 = CARTESIAN_POINT('',(1.35,-0.35));
#15331 = VECTOR('',#15332,1.);
#15332 = DIRECTION('',(0.,-1.));
#15333 = ( GEOMETRIC_REPRESENTATION_CONTEXT(2) 
PARAMETRIC_REPRESENTATION_CONTEXT() REPRESENTATION_CONTEXT('2D SPACE',''
  ) );
#15334 = ORIENTED_EDGE('',*,*,#15335,.F.);
#15335 = EDGE_CURVE('',#15268,#15314,#15336,.T.);
#15336 = SURFACE_CURVE('',#15337,(#15341,#15347),.PCURVE_S1.);
#15337 = LINE('',#15338,#15339);
#15338 = CARTESIAN_POINT('',(27.25,-31.87,5.35));
#15339 = VECTOR('',#15340,1.);
#15340 = DIRECTION('',(0.,1.,0.));
#15341 = PCURVE('',#10453,#15342);
#15342 = DEFINITIONAL_REPRESENTATION('',(#15343),#15346);
#15343 = B_SPLINE_CURVE_WITH_KNOTS('',1,(#15344,#15345),.UNSPECIFIED.,
  .F.,.F.,(2,2),(0.35,16.75),.PIECEWISE_BEZIER_KNOTS.);
#15344 = CARTESIAN_POINT('',(17.1,0.7));
#15345 = CARTESIAN_POINT('',(17.1,17.1));
#15346 = ( GEOMETRIC_REPRESENTATION_CONTEXT(2) 
PARAMETRIC_REPRESENTATION_CONTEXT() REPRESENTATION_CONTEXT('2D SPACE',''
  ) );
#15347 = PCURVE('',#14051,#15348);
#15348 = DEFINITIONAL_REPRESENTATION('',(#15349),#15353);
#15349 = LINE('',#15350,#15351);
#15350 = CARTESIAN_POINT('',(1.35,0.35));
#15351 = VECTOR('',#15352,1.);
#15352 = DIRECTION('',(0.,-1.));
#15353 = ( GEOMETRIC_REPRESENTATION_CONTEXT(2) 
PARAMETRIC_REPRESENTATION_CONTEXT() REPRESENTATION_CONTEXT('2D SPACE',''
  ) );
#15354 = ADVANCED_FACE('',(#15355,#15358),#10632,.T.);
#15355 = FACE_BOUND('',#15356,.T.);
#15356 = EDGE_LOOP('',(#15357));
#15357 = ORIENTED_EDGE('',*,*,#10615,.T.);
#15358 = FACE_BOUND('',#15359,.T.);
#15359 = EDGE_LOOP('',(#15360));
#15360 = ORIENTED_EDGE('',*,*,#15361,.T.);
#15361 = EDGE_CURVE('',#15362,#15362,#15364,.T.);
#15362 = VERTEX_POINT('',#15363);
#15363 = CARTESIAN_POINT('',(39.175,-41.16,5.35));
#15364 = SURFACE_CURVE('',#15365,(#15370,#15381),.PCURVE_S1.);
#15365 = CIRCLE('',#15366,3.2);
#15366 = AXIS2_PLACEMENT_3D('',#15367,#15368,#15369);
#15367 = CARTESIAN_POINT('',(35.975,-41.16,5.35));
#15368 = DIRECTION('',(0.,0.,-1.));
#15369 = DIRECTION('',(1.,0.,0.));
#15370 = PCURVE('',#10632,#15371);
#15371 = DEFINITIONAL_REPRESENTATION('',(#15372),#15380);
#15372 = ( BOUNDED_CURVE() B_SPLINE_CURVE(2,(#15373,#15374,#15375,#15376
    ,#15377,#15378,#15379),.UNSPECIFIED.,.T.,.F.) 
B_SPLINE_CURVE_WITH_KNOTS((1,2,2,2,2,1),(-2.094395102393,0.,
    2.094395102393,4.188790204786,6.28318530718,8.377580409573),
.UNSPECIFIED.) CURVE() GEOMETRIC_REPRESENTATION_ITEM() 
RATIONAL_B_SPLINE_CURVE((1.,0.5,1.,0.5,1.,0.5,1.)) REPRESENTATION_ITEM(
  '') );
#15373 = CARTESIAN_POINT('',(3.2,0.));
#15374 = CARTESIAN_POINT('',(3.2,-5.54256258422));
#15375 = CARTESIAN_POINT('',(-1.6,-2.77128129211));
#15376 = CARTESIAN_POINT('',(-6.4,-7.837739514543E-16));
#15377 = CARTESIAN_POINT('',(-1.6,2.77128129211));
#15378 = CARTESIAN_POINT('',(3.2,5.54256258422));
#15379 = CARTESIAN_POINT('',(3.2,0.));
#15380 = ( GEOMETRIC_REPRESENTATION_CONTEXT(2) 
PARAMETRIC_REPRESENTATION_CONTEXT() REPRESENTATION_CONTEXT('2D SPACE',''
  ) );
#15381 = PCURVE('',#14140,#15382);
#15382 = DEFINITIONAL_REPRESENTATION('',(#15383),#15387);
#15383 = LINE('',#15384,#15385);
#15384 = CARTESIAN_POINT('',(-6.28318530718,-0.75));
#15385 = VECTOR('',#15386,1.);
#15386 = DIRECTION('',(1.,-0.));
#15387 = ( GEOMETRIC_REPRESENTATION_CONTEXT(2) 
PARAMETRIC_REPRESENTATION_CONTEXT() REPRESENTATION_CONTEXT('2D SPACE',''
  ) );
#15388 = ADVANCED_FACE('',(#15389,#15395),#10709,.T.);
#15389 = FACE_BOUND('',#15390,.T.);
#15390 = EDGE_LOOP('',(#15391,#15392,#15393,#15394));
#15391 = ORIENTED_EDGE('',*,*,#10796,.F.);
#15392 = ORIENTED_EDGE('',*,*,#10693,.T.);
#15393 = ORIENTED_EDGE('',*,*,#10747,.T.);
#15394 = ORIENTED_EDGE('',*,*,#10845,.F.);
#15395 = FACE_BOUND('',#15396,.T.);
#15396 = EDGE_LOOP('',(#15397,#15421,#15443,#15465));
#15397 = ORIENTED_EDGE('',*,*,#15398,.T.);
#15398 = EDGE_CURVE('',#15399,#15401,#15403,.T.);
#15399 = VERTEX_POINT('',#15400);
#15400 = CARTESIAN_POINT('',(8.2,-12.47,5.35));
#15401 = VERTEX_POINT('',#15402);
#15402 = CARTESIAN_POINT('',(-8.2,-12.47,5.35));
#15403 = SURFACE_CURVE('',#15404,(#15408,#15414),.PCURVE_S1.);
#15404 = LINE('',#15405,#15406);
#15405 = CARTESIAN_POINT('',(-8.55,-12.47,5.35));
#15406 = VECTOR('',#15407,1.);
#15407 = DIRECTION('',(-1.,0.,0.));
#15408 = PCURVE('',#10709,#15409);
#15409 = DEFINITIONAL_REPRESENTATION('',(#15410),#15413);
#15410 = B_SPLINE_CURVE_WITH_KNOTS('',1,(#15411,#15412),.UNSPECIFIED.,
  .F.,.F.,(2,2),(-16.75,-0.35),.PIECEWISE_BEZIER_KNOTS.);
#15411 = CARTESIAN_POINT('',(17.1,0.7));
#15412 = CARTESIAN_POINT('',(0.7,0.7));
#15413 = ( GEOMETRIC_REPRESENTATION_CONTEXT(2) 
PARAMETRIC_REPRESENTATION_CONTEXT() REPRESENTATION_CONTEXT('2D SPACE',''
  ) );
#15414 = PCURVE('',#14176,#15415);
#15415 = DEFINITIONAL_REPRESENTATION('',(#15416),#15420);
#15416 = LINE('',#15417,#15418);
#15417 = CARTESIAN_POINT('',(1.35,-0.35));
#15418 = VECTOR('',#15419,1.);
#15419 = DIRECTION('',(0.,-1.));
#15420 = ( GEOMETRIC_REPRESENTATION_CONTEXT(2) 
PARAMETRIC_REPRESENTATION_CONTEXT() REPRESENTATION_CONTEXT('2D SPACE',''
  ) );
#15421 = ORIENTED_EDGE('',*,*,#15422,.T.);
#15422 = EDGE_CURVE('',#15401,#15423,#15425,.T.);
#15423 = VERTEX_POINT('',#15424);
#15424 = CARTESIAN_POINT('',(-8.2,3.93,5.35));
#15425 = SURFACE_CURVE('',#15426,(#15430,#15436),.PCURVE_S1.);
#15426 = LINE('',#15427,#15428);
#15427 = CARTESIAN_POINT('',(-8.2,-12.82,5.35));
#15428 = VECTOR('',#15429,1.);
#15429 = DIRECTION('',(0.,1.,0.));
#15430 = PCURVE('',#10709,#15431);
#15431 = DEFINITIONAL_REPRESENTATION('',(#15432),#15435);
#15432 = B_SPLINE_CURVE_WITH_KNOTS('',1,(#15433,#15434),.UNSPECIFIED.,
  .F.,.F.,(2,2),(0.35,16.75),.PIECEWISE_BEZIER_KNOTS.);
#15433 = CARTESIAN_POINT('',(0.7,0.7));
#15434 = CARTESIAN_POINT('',(0.7,17.1));
#15435 = ( GEOMETRIC_REPRESENTATION_CONTEXT(2) 
PARAMETRIC_REPRESENTATION_CONTEXT() REPRESENTATION_CONTEXT('2D SPACE',''
  ) );
#15436 = PCURVE('',#14255,#15437);
#15437 = DEFINITIONAL_REPRESENTATION('',(#15438),#15442);
#15438 = LINE('',#15439,#15440);
#15439 = CARTESIAN_POINT('',(1.35,0.35));
#15440 = VECTOR('',#15441,1.);
#15441 = DIRECTION('',(0.,-1.));
#15442 = ( GEOMETRIC_REPRESENTATION_CONTEXT(2) 
PARAMETRIC_REPRESENTATION_CONTEXT() REPRESENTATION_CONTEXT('2D SPACE',''
  ) );
#15443 = ORIENTED_EDGE('',*,*,#15444,.F.);
#15444 = EDGE_CURVE('',#15445,#15423,#15447,.T.);
#15445 = VERTEX_POINT('',#15446);
#15446 = CARTESIAN_POINT('',(8.2,3.93,5.35));
#15447 = SURFACE_CURVE('',#15448,(#15452,#15458),.PCURVE_S1.);
#15448 = LINE('',#15449,#15450);
#15449 = CARTESIAN_POINT('',(-8.55,3.93,5.35));
#15450 = VECTOR('',#15451,1.);
#15451 = DIRECTION('',(-1.,0.,0.));
#15452 = PCURVE('',#10709,#15453);
#15453 = DEFINITIONAL_REPRESENTATION('',(#15454),#15457);
#15454 = B_SPLINE_CURVE_WITH_KNOTS('',1,(#15455,#15456),.UNSPECIFIED.,
  .F.,.F.,(2,2),(-16.75,-0.35),.PIECEWISE_BEZIER_KNOTS.);
#15455 = CARTESIAN_POINT('',(17.1,17.1));
#15456 = CARTESIAN_POINT('',(0.7,17.1));
#15457 = ( GEOMETRIC_REPRESENTATION_CONTEXT(2) 
PARAMETRIC_REPRESENTATION_CONTEXT() REPRESENTATION_CONTEXT('2D SPACE',''
  ) );
#15458 = PCURVE('',#14230,#15459);
#15459 = DEFINITIONAL_REPRESENTATION('',(#15460),#15464);
#15460 = LINE('',#15461,#15462);
#15461 = CARTESIAN_POINT('',(1.35,-0.35));
#15462 = VECTOR('',#15463,1.);
#15463 = DIRECTION('',(0.,-1.));
#15464 = ( GEOMETRIC_REPRESENTATION_CONTEXT(2) 
PARAMETRIC_REPRESENTATION_CONTEXT() REPRESENTATION_CONTEXT('2D SPACE',''
  ) );
#15465 = ORIENTED_EDGE('',*,*,#15466,.F.);
#15466 = EDGE_CURVE('',#15399,#15445,#15467,.T.);
#15467 = SURFACE_CURVE('',#15468,(#15472,#15478),.PCURVE_S1.);
#15468 = LINE('',#15469,#15470);
#15469 = CARTESIAN_POINT('',(8.2,-12.82,5.35));
#15470 = VECTOR('',#15471,1.);
#15471 = DIRECTION('',(0.,1.,0.));
#15472 = PCURVE('',#10709,#15473);
#15473 = DEFINITIONAL_REPRESENTATION('',(#15474),#15477);
#15474 = B_SPLINE_CURVE_WITH_KNOTS('',1,(#15475,#15476),.UNSPECIFIED.,
  .F.,.F.,(2,2),(0.35,16.75),.PIECEWISE_BEZIER_KNOTS.);
#15475 = CARTESIAN_POINT('',(17.1,0.7));
#15476 = CARTESIAN_POINT('',(17.1,17.1));
#15477 = ( GEOMETRIC_REPRESENTATION_CONTEXT(2) 
PARAMETRIC_REPRESENTATION_CONTEXT() REPRESENTATION_CONTEXT('2D SPACE',''
  ) );
#15478 = PCURVE('',#14203,#15479);
#15479 = DEFINITIONAL_REPRESENTATION('',(#15480),#15484);
#15480 = LINE('',#15481,#15482);
#15481 = CARTESIAN_POINT('',(1.35,0.35));
#15482 = VECTOR('',#15483,1.);
#15483 = DIRECTION('',(0.,-1.));
#15484 = ( GEOMETRIC_REPRESENTATION_CONTEXT(2) 
PARAMETRIC_REPRESENTATION_CONTEXT() REPRESENTATION_CONTEXT('2D SPACE',''
  ) );
#15485 = ADVANCED_FACE('',(#15486,#15492),#10910,.T.);
#15486 = FACE_BOUND('',#15487,.T.);
#15487 = EDGE_LOOP('',(#15488,#15489,#15490,#15491));
#15488 = ORIENTED_EDGE('',*,*,#10997,.F.);
#15489 = ORIENTED_EDGE('',*,*,#10894,.T.);
#15490 = ORIENTED_EDGE('',*,*,#10948,.T.);
#15491 = ORIENTED_EDGE('',*,*,#11046,.F.);
#15492 = FACE_BOUND('',#15493,.T.);
#15493 = EDGE_LOOP('',(#15494,#15518,#15540,#15562));
#15494 = ORIENTED_EDGE('',*,*,#15495,.T.);
#15495 = EDGE_CURVE('',#15496,#15498,#15500,.T.);
#15496 = VERTEX_POINT('',#15497);
#15497 = CARTESIAN_POINT('',(27.25,-12.47,5.35));
#15498 = VERTEX_POINT('',#15499);
#15499 = CARTESIAN_POINT('',(10.85,-12.47,5.35));
#15500 = SURFACE_CURVE('',#15501,(#15505,#15511),.PCURVE_S1.);
#15501 = LINE('',#15502,#15503);
#15502 = CARTESIAN_POINT('',(10.5,-12.47,5.35));
#15503 = VECTOR('',#15504,1.);
#15504 = DIRECTION('',(-1.,0.,0.));
#15505 = PCURVE('',#10910,#15506);
#15506 = DEFINITIONAL_REPRESENTATION('',(#15507),#15510);
#15507 = B_SPLINE_CURVE_WITH_KNOTS('',1,(#15508,#15509),.UNSPECIFIED.,
  .F.,.F.,(2,2),(-16.75,-0.35),.PIECEWISE_BEZIER_KNOTS.);
#15508 = CARTESIAN_POINT('',(17.1,0.7));
#15509 = CARTESIAN_POINT('',(0.7,0.7));
#15510 = ( GEOMETRIC_REPRESENTATION_CONTEXT(2) 
PARAMETRIC_REPRESENTATION_CONTEXT() REPRESENTATION_CONTEXT('2D SPACE',''
  ) );
#15511 = PCURVE('',#14293,#15512);
#15512 = DEFINITIONAL_REPRESENTATION('',(#15513),#15517);
#15513 = LINE('',#15514,#15515);
#15514 = CARTESIAN_POINT('',(1.35,-0.35));
#15515 = VECTOR('',#15516,1.);
#15516 = DIRECTION('',(0.,-1.));
#15517 = ( GEOMETRIC_REPRESENTATION_CONTEXT(2) 
PARAMETRIC_REPRESENTATION_CONTEXT() REPRESENTATION_CONTEXT('2D SPACE',''
  ) );
#15518 = ORIENTED_EDGE('',*,*,#15519,.T.);
#15519 = EDGE_CURVE('',#15498,#15520,#15522,.T.);
#15520 = VERTEX_POINT('',#15521);
#15521 = CARTESIAN_POINT('',(10.85,3.93,5.35));
#15522 = SURFACE_CURVE('',#15523,(#15527,#15533),.PCURVE_S1.);
#15523 = LINE('',#15524,#15525);
#15524 = CARTESIAN_POINT('',(10.85,-12.82,5.35));
#15525 = VECTOR('',#15526,1.);
#15526 = DIRECTION('',(0.,1.,0.));
#15527 = PCURVE('',#10910,#15528);
#15528 = DEFINITIONAL_REPRESENTATION('',(#15529),#15532);
#15529 = B_SPLINE_CURVE_WITH_KNOTS('',1,(#15530,#15531),.UNSPECIFIED.,
  .F.,.F.,(2,2),(0.35,16.75),.PIECEWISE_BEZIER_KNOTS.);
#15530 = CARTESIAN_POINT('',(0.7,0.7));
#15531 = CARTESIAN_POINT('',(0.7,17.1));
#15532 = ( GEOMETRIC_REPRESENTATION_CONTEXT(2) 
PARAMETRIC_REPRESENTATION_CONTEXT() REPRESENTATION_CONTEXT('2D SPACE',''
  ) );
#15533 = PCURVE('',#14372,#15534);
#15534 = DEFINITIONAL_REPRESENTATION('',(#15535),#15539);
#15535 = LINE('',#15536,#15537);
#15536 = CARTESIAN_POINT('',(1.35,0.35));
#15537 = VECTOR('',#15538,1.);
#15538 = DIRECTION('',(0.,-1.));
#15539 = ( GEOMETRIC_REPRESENTATION_CONTEXT(2) 
PARAMETRIC_REPRESENTATION_CONTEXT() REPRESENTATION_CONTEXT('2D SPACE',''
  ) );
#15540 = ORIENTED_EDGE('',*,*,#15541,.F.);
#15541 = EDGE_CURVE('',#15542,#15520,#15544,.T.);
#15542 = VERTEX_POINT('',#15543);
#15543 = CARTESIAN_POINT('',(27.25,3.93,5.35));
#15544 = SURFACE_CURVE('',#15545,(#15549,#15555),.PCURVE_S1.);
#15545 = LINE('',#15546,#15547);
#15546 = CARTESIAN_POINT('',(10.5,3.93,5.35));
#15547 = VECTOR('',#15548,1.);
#15548 = DIRECTION('',(-1.,0.,0.));
#15549 = PCURVE('',#10910,#15550);
#15550 = DEFINITIONAL_REPRESENTATION('',(#15551),#15554);
#15551 = B_SPLINE_CURVE_WITH_KNOTS('',1,(#15552,#15553),.UNSPECIFIED.,
  .F.,.F.,(2,2),(-16.75,-0.35),.PIECEWISE_BEZIER_KNOTS.);
#15552 = CARTESIAN_POINT('',(17.1,17.1));
#15553 = CARTESIAN_POINT('',(0.7,17.1));
#15554 = ( GEOMETRIC_REPRESENTATION_CONTEXT(2) 
PARAMETRIC_REPRESENTATION_CONTEXT() REPRESENTATION_CONTEXT('2D SPACE',''
  ) );
#15555 = PCURVE('',#14347,#15556);
#15556 = DEFINITIONAL_REPRESENTATION('',(#15557),#15561);
#15557 = LINE('',#15558,#15559);
#15558 = CARTESIAN_POINT('',(1.35,-0.35));
#15559 = VECTOR('',#15560,1.);
#15560 = DIRECTION('',(0.,-1.));
#15561 = ( GEOMETRIC_REPRESENTATION_CONTEXT(2) 
PARAMETRIC_REPRESENTATION_CONTEXT() REPRESENTATION_CONTEXT('2D SPACE',''
  ) );
#15562 = ORIENTED_EDGE('',*,*,#15563,.F.);
#15563 = EDGE_CURVE('',#15496,#15542,#15564,.T.);
#15564 = SURFACE_CURVE('',#15565,(#15569,#15575),.PCURVE_S1.);
#15565 = LINE('',#15566,#15567);
#15566 = CARTESIAN_POINT('',(27.25,-12.82,5.35));
#15567 = VECTOR('',#15568,1.);
#15568 = DIRECTION('',(0.,1.,0.));
#15569 = PCURVE('',#10910,#15570);
#15570 = DEFINITIONAL_REPRESENTATION('',(#15571),#15574);
#15571 = B_SPLINE_CURVE_WITH_KNOTS('',1,(#15572,#15573),.UNSPECIFIED.,
  .F.,.F.,(2,2),(0.35,16.75),.PIECEWISE_BEZIER_KNOTS.);
#15572 = CARTESIAN_POINT('',(17.1,0.7));
#15573 = CARTESIAN_POINT('',(17.1,17.1));
#15574 = ( GEOMETRIC_REPRESENTATION_CONTEXT(2) 
PARAMETRIC_REPRESENTATION_CONTEXT() REPRESENTATION_CONTEXT('2D SPACE',''
  ) );
#15575 = PCURVE('',#14320,#15576);
#15576 = DEFINITIONAL_REPRESENTATION('',(#15577),#15581);
#15577 = LINE('',#15578,#15579);
#15578 = CARTESIAN_POINT('',(1.35,0.35));
#15579 = VECTOR('',#15580,1.);
#15580 = DIRECTION('',(0.,-1.));
#15581 = ( GEOMETRIC_REPRESENTATION_CONTEXT(2) 
PARAMETRIC_REPRESENTATION_CONTEXT() REPRESENTATION_CONTEXT('2D SPACE',''
  ) );
#15582 = ADVANCED_FACE('',(#15583,#15589),#11111,.T.);
#15583 = FACE_BOUND('',#15584,.T.);
#15584 = EDGE_LOOP('',(#15585,#15586,#15587,#15588));
#15585 = ORIENTED_EDGE('',*,*,#11198,.F.);
#15586 = ORIENTED_EDGE('',*,*,#11095,.T.);
#15587 = ORIENTED_EDGE('',*,*,#11149,.T.);
#15588 = ORIENTED_EDGE('',*,*,#11247,.F.);
#15589 = FACE_BOUND('',#15590,.T.);
#15590 = EDGE_LOOP('',(#15591,#15615,#15637,#15659));
#15591 = ORIENTED_EDGE('',*,*,#15592,.T.);
#15592 = EDGE_CURVE('',#15593,#15595,#15597,.T.);
#15593 = VERTEX_POINT('',#15594);
#15594 = CARTESIAN_POINT('',(-10.85,6.58,5.35));
#15595 = VERTEX_POINT('',#15596);
#15596 = CARTESIAN_POINT('',(-27.25,6.58,5.35));
#15597 = SURFACE_CURVE('',#15598,(#15602,#15608),.PCURVE_S1.);
#15598 = LINE('',#15599,#15600);
#15599 = CARTESIAN_POINT('',(-27.6,6.58,5.35));
#15600 = VECTOR('',#15601,1.);
#15601 = DIRECTION('',(-1.,0.,0.));
#15602 = PCURVE('',#11111,#15603);
#15603 = DEFINITIONAL_REPRESENTATION('',(#15604),#15607);
#15604 = B_SPLINE_CURVE_WITH_KNOTS('',1,(#15605,#15606),.UNSPECIFIED.,
  .F.,.F.,(2,2),(-16.75,-0.35),.PIECEWISE_BEZIER_KNOTS.);
#15605 = CARTESIAN_POINT('',(17.1,0.7));
#15606 = CARTESIAN_POINT('',(0.7,0.7));
#15607 = ( GEOMETRIC_REPRESENTATION_CONTEXT(2) 
PARAMETRIC_REPRESENTATION_CONTEXT() REPRESENTATION_CONTEXT('2D SPACE',''
  ) );
#15608 = PCURVE('',#14431,#15609);
#15609 = DEFINITIONAL_REPRESENTATION('',(#15610),#15614);
#15610 = LINE('',#15611,#15612);
#15611 = CARTESIAN_POINT('',(1.35,-0.35));
#15612 = VECTOR('',#15613,1.);
#15613 = DIRECTION('',(0.,-1.));
#15614 = ( GEOMETRIC_REPRESENTATION_CONTEXT(2) 
PARAMETRIC_REPRESENTATION_CONTEXT() REPRESENTATION_CONTEXT('2D SPACE',''
  ) );
#15615 = ORIENTED_EDGE('',*,*,#15616,.T.);
#15616 = EDGE_CURVE('',#15595,#15617,#15619,.T.);
#15617 = VERTEX_POINT('',#15618);
#15618 = CARTESIAN_POINT('',(-27.25,22.98,5.35));
#15619 = SURFACE_CURVE('',#15620,(#15624,#15630),.PCURVE_S1.);
#15620 = LINE('',#15621,#15622);
#15621 = CARTESIAN_POINT('',(-27.25,6.23,5.35));
#15622 = VECTOR('',#15623,1.);
#15623 = DIRECTION('',(0.,1.,0.));
#15624 = PCURVE('',#11111,#15625);
#15625 = DEFINITIONAL_REPRESENTATION('',(#15626),#15629);
#15626 = B_SPLINE_CURVE_WITH_KNOTS('',1,(#15627,#15628),.UNSPECIFIED.,
  .F.,.F.,(2,2),(0.35,16.75),.PIECEWISE_BEZIER_KNOTS.);
#15627 = CARTESIAN_POINT('',(0.7,0.7));
#15628 = CARTESIAN_POINT('',(0.7,17.1));
#15629 = ( GEOMETRIC_REPRESENTATION_CONTEXT(2) 
PARAMETRIC_REPRESENTATION_CONTEXT() REPRESENTATION_CONTEXT('2D SPACE',''
  ) );
#15630 = PCURVE('',#14510,#15631);
#15631 = DEFINITIONAL_REPRESENTATION('',(#15632),#15636);
#15632 = LINE('',#15633,#15634);
#15633 = CARTESIAN_POINT('',(1.35,0.35));
#15634 = VECTOR('',#15635,1.);
#15635 = DIRECTION('',(0.,-1.));
#15636 = ( GEOMETRIC_REPRESENTATION_CONTEXT(2) 
PARAMETRIC_REPRESENTATION_CONTEXT() REPRESENTATION_CONTEXT('2D SPACE',''
  ) );
#15637 = ORIENTED_EDGE('',*,*,#15638,.F.);
#15638 = EDGE_CURVE('',#15639,#15617,#15641,.T.);
#15639 = VERTEX_POINT('',#15640);
#15640 = CARTESIAN_POINT('',(-10.85,22.98,5.35));
#15641 = SURFACE_CURVE('',#15642,(#15646,#15652),.PCURVE_S1.);
#15642 = LINE('',#15643,#15644);
#15643 = CARTESIAN_POINT('',(-27.6,22.98,5.35));
#15644 = VECTOR('',#15645,1.);
#15645 = DIRECTION('',(-1.,0.,0.));
#15646 = PCURVE('',#11111,#15647);
#15647 = DEFINITIONAL_REPRESENTATION('',(#15648),#15651);
#15648 = B_SPLINE_CURVE_WITH_KNOTS('',1,(#15649,#15650),.UNSPECIFIED.,
  .F.,.F.,(2,2),(-16.75,-0.35),.PIECEWISE_BEZIER_KNOTS.);
#15649 = CARTESIAN_POINT('',(17.1,17.1));
#15650 = CARTESIAN_POINT('',(0.7,17.1));
#15651 = ( GEOMETRIC_REPRESENTATION_CONTEXT(2) 
PARAMETRIC_REPRESENTATION_CONTEXT() REPRESENTATION_CONTEXT('2D SPACE',''
  ) );
#15652 = PCURVE('',#14485,#15653);
#15653 = DEFINITIONAL_REPRESENTATION('',(#15654),#15658);
#15654 = LINE('',#15655,#15656);
#15655 = CARTESIAN_POINT('',(1.35,-0.35));
#15656 = VECTOR('',#15657,1.);
#15657 = DIRECTION('',(0.,-1.));
#15658 = ( GEOMETRIC_REPRESENTATION_CONTEXT(2) 
PARAMETRIC_REPRESENTATION_CONTEXT() REPRESENTATION_CONTEXT('2D SPACE',''
  ) );
#15659 = ORIENTED_EDGE('',*,*,#15660,.F.);
#15660 = EDGE_CURVE('',#15593,#15639,#15661,.T.);
#15661 = SURFACE_CURVE('',#15662,(#15666,#15672),.PCURVE_S1.);
#15662 = LINE('',#15663,#15664);
#15663 = CARTESIAN_POINT('',(-10.85,6.23,5.35));
#15664 = VECTOR('',#15665,1.);
#15665 = DIRECTION('',(0.,1.,0.));
#15666 = PCURVE('',#11111,#15667);
#15667 = DEFINITIONAL_REPRESENTATION('',(#15668),#15671);
#15668 = B_SPLINE_CURVE_WITH_KNOTS('',1,(#15669,#15670),.UNSPECIFIED.,
  .F.,.F.,(2,2),(0.35,16.75),.PIECEWISE_BEZIER_KNOTS.);
#15669 = CARTESIAN_POINT('',(17.1,0.7));
#15670 = CARTESIAN_POINT('',(17.1,17.1));
#15671 = ( GEOMETRIC_REPRESENTATION_CONTEXT(2) 
PARAMETRIC_REPRESENTATION_CONTEXT() REPRESENTATION_CONTEXT('2D SPACE',''
  ) );
#15672 = PCURVE('',#14458,#15673);
#15673 = DEFINITIONAL_REPRESENTATION('',(#15674),#15678);
#15674 = LINE('',#15675,#15676);
#15675 = CARTESIAN_POINT('',(1.35,0.35));
#15676 = VECTOR('',#15677,1.);
#15677 = DIRECTION('',(0.,-1.));
#15678 = ( GEOMETRIC_REPRESENTATION_CONTEXT(2) 
PARAMETRIC_REPRESENTATION_CONTEXT() REPRESENTATION_CONTEXT('2D SPACE',''
  ) );
#15679 = ADVANCED_FACE('',(#15680,#15683),#11290,.T.);
#15680 = FACE_BOUND('',#15681,.T.);
#15681 = EDGE_LOOP('',(#15682));
#15682 = ORIENTED_EDGE('',*,*,#11273,.T.);
#15683 = FACE_BOUND('',#15684,.T.);
#15684 = EDGE_LOOP('',(#15685));
#15685 = ORIENTED_EDGE('',*,*,#15686,.T.);
#15686 = EDGE_CURVE('',#15687,#15687,#15689,.T.);
#15687 = VERTEX_POINT('',#15688);
#15688 = CARTESIAN_POINT('',(-28.175,29.2,5.35));
#15689 = SURFACE_CURVE('',#15690,(#15695,#15706),.PCURVE_S1.);
#15690 = CIRCLE('',#15691,3.2);
#15691 = AXIS2_PLACEMENT_3D('',#15692,#15693,#15694);
#15692 = CARTESIAN_POINT('',(-31.375,29.2,5.35));
#15693 = DIRECTION('',(0.,0.,-1.));
#15694 = DIRECTION('',(1.,0.,0.));
#15695 = PCURVE('',#11290,#15696);
#15696 = DEFINITIONAL_REPRESENTATION('',(#15697),#15705);
#15697 = ( BOUNDED_CURVE() B_SPLINE_CURVE(2,(#15698,#15699,#15700,#15701
    ,#15702,#15703,#15704),.UNSPECIFIED.,.T.,.F.) 
B_SPLINE_CURVE_WITH_KNOTS((1,2,2,2,2,1),(-2.094395102393,0.,
    2.094395102393,4.188790204786,6.28318530718,8.377580409573),
.UNSPECIFIED.) CURVE() GEOMETRIC_REPRESENTATION_ITEM() 
RATIONAL_B_SPLINE_CURVE((1.,0.5,1.,0.5,1.,0.5,1.)) REPRESENTATION_ITEM(
  '') );
#15698 = CARTESIAN_POINT('',(3.2,0.));
#15699 = CARTESIAN_POINT('',(3.2,-5.54256258422));
#15700 = CARTESIAN_POINT('',(-1.6,-2.77128129211));
#15701 = CARTESIAN_POINT('',(-6.4,-7.837739514543E-16));
#15702 = CARTESIAN_POINT('',(-1.6,2.77128129211));
#15703 = CARTESIAN_POINT('',(3.2,5.54256258422));
#15704 = CARTESIAN_POINT('',(3.2,0.));
#15705 = ( GEOMETRIC_REPRESENTATION_CONTEXT(2) 
PARAMETRIC_REPRESENTATION_CONTEXT() REPRESENTATION_CONTEXT('2D SPACE',''
  ) );
#15706 = PCURVE('',#14547,#15707);
#15707 = DEFINITIONAL_REPRESENTATION('',(#15708),#15712);
#15708 = LINE('',#15709,#15710);
#15709 = CARTESIAN_POINT('',(-6.28318530718,-0.75));
#15710 = VECTOR('',#15711,1.);
#15711 = DIRECTION('',(1.,-0.));
#15712 = ( GEOMETRIC_REPRESENTATION_CONTEXT(2) 
PARAMETRIC_REPRESENTATION_CONTEXT() REPRESENTATION_CONTEXT('2D SPACE',''
  ) );
#15713 = ADVANCED_FACE('',(#15714,#15720),#11563,.T.);
#15714 = FACE_BOUND('',#15715,.T.);
#15715 = EDGE_LOOP('',(#15716,#15717,#15718,#15719));
#15716 = ORIENTED_EDGE('',*,*,#11650,.F.);
#15717 = ORIENTED_EDGE('',*,*,#11547,.T.);
#15718 = ORIENTED_EDGE('',*,*,#11601,.T.);
#15719 = ORIENTED_EDGE('',*,*,#11699,.F.);
#15720 = FACE_BOUND('',#15721,.T.);
#15721 = EDGE_LOOP('',(#15722,#15746,#15768,#15790));
#15722 = ORIENTED_EDGE('',*,*,#15723,.T.);
#15723 = EDGE_CURVE('',#15724,#15726,#15728,.T.);
#15724 = VERTEX_POINT('',#15725);
#15725 = CARTESIAN_POINT('',(8.2,6.58,5.35));
#15726 = VERTEX_POINT('',#15727);
#15727 = CARTESIAN_POINT('',(-8.2,6.58,5.35));
#15728 = SURFACE_CURVE('',#15729,(#15733,#15739),.PCURVE_S1.);
#15729 = LINE('',#15730,#15731);
#15730 = CARTESIAN_POINT('',(-8.55,6.58,5.35));
#15731 = VECTOR('',#15732,1.);
#15732 = DIRECTION('',(-1.,0.,0.));
#15733 = PCURVE('',#11563,#15734);
#15734 = DEFINITIONAL_REPRESENTATION('',(#15735),#15738);
#15735 = B_SPLINE_CURVE_WITH_KNOTS('',1,(#15736,#15737),.UNSPECIFIED.,
  .F.,.F.,(2,2),(-16.75,-0.35),.PIECEWISE_BEZIER_KNOTS.);
#15736 = CARTESIAN_POINT('',(17.1,0.7));
#15737 = CARTESIAN_POINT('',(0.7,0.7));
#15738 = ( GEOMETRIC_REPRESENTATION_CONTEXT(2) 
PARAMETRIC_REPRESENTATION_CONTEXT() REPRESENTATION_CONTEXT('2D SPACE',''
  ) );
#15739 = PCURVE('',#14624,#15740);
#15740 = DEFINITIONAL_REPRESENTATION('',(#15741),#15745);
#15741 = LINE('',#15742,#15743);
#15742 = CARTESIAN_POINT('',(1.35,-0.35));
#15743 = VECTOR('',#15744,1.);
#15744 = DIRECTION('',(0.,-1.));
#15745 = ( GEOMETRIC_REPRESENTATION_CONTEXT(2) 
PARAMETRIC_REPRESENTATION_CONTEXT() REPRESENTATION_CONTEXT('2D SPACE',''
  ) );
#15746 = ORIENTED_EDGE('',*,*,#15747,.T.);
#15747 = EDGE_CURVE('',#15726,#15748,#15750,.T.);
#15748 = VERTEX_POINT('',#15749);
#15749 = CARTESIAN_POINT('',(-8.2,22.98,5.35));
#15750 = SURFACE_CURVE('',#15751,(#15755,#15761),.PCURVE_S1.);
#15751 = LINE('',#15752,#15753);
#15752 = CARTESIAN_POINT('',(-8.2,6.23,5.35));
#15753 = VECTOR('',#15754,1.);
#15754 = DIRECTION('',(0.,1.,0.));
#15755 = PCURVE('',#11563,#15756);
#15756 = DEFINITIONAL_REPRESENTATION('',(#15757),#15760);
#15757 = B_SPLINE_CURVE_WITH_KNOTS('',1,(#15758,#15759),.UNSPECIFIED.,
  .F.,.F.,(2,2),(0.35,16.75),.PIECEWISE_BEZIER_KNOTS.);
#15758 = CARTESIAN_POINT('',(0.7,0.7));
#15759 = CARTESIAN_POINT('',(0.7,17.1));
#15760 = ( GEOMETRIC_REPRESENTATION_CONTEXT(2) 
PARAMETRIC_REPRESENTATION_CONTEXT() REPRESENTATION_CONTEXT('2D SPACE',''
  ) );
#15761 = PCURVE('',#14703,#15762);
#15762 = DEFINITIONAL_REPRESENTATION('',(#15763),#15767);
#15763 = LINE('',#15764,#15765);
#15764 = CARTESIAN_POINT('',(1.35,0.35));
#15765 = VECTOR('',#15766,1.);
#15766 = DIRECTION('',(0.,-1.));
#15767 = ( GEOMETRIC_REPRESENTATION_CONTEXT(2) 
PARAMETRIC_REPRESENTATION_CONTEXT() REPRESENTATION_CONTEXT('2D SPACE',''
  ) );
#15768 = ORIENTED_EDGE('',*,*,#15769,.F.);
#15769 = EDGE_CURVE('',#15770,#15748,#15772,.T.);
#15770 = VERTEX_POINT('',#15771);
#15771 = CARTESIAN_POINT('',(8.2,22.98,5.35));
#15772 = SURFACE_CURVE('',#15773,(#15777,#15783),.PCURVE_S1.);
#15773 = LINE('',#15774,#15775);
#15774 = CARTESIAN_POINT('',(-8.55,22.98,5.35));
#15775 = VECTOR('',#15776,1.);
#15776 = DIRECTION('',(-1.,0.,0.));
#15777 = PCURVE('',#11563,#15778);
#15778 = DEFINITIONAL_REPRESENTATION('',(#15779),#15782);
#15779 = B_SPLINE_CURVE_WITH_KNOTS('',1,(#15780,#15781),.UNSPECIFIED.,
  .F.,.F.,(2,2),(-16.75,-0.35),.PIECEWISE_BEZIER_KNOTS.);
#15780 = CARTESIAN_POINT('',(17.1,17.1));
#15781 = CARTESIAN_POINT('',(0.7,17.1));
#15782 = ( GEOMETRIC_REPRESENTATION_CONTEXT(2) 
PARAMETRIC_REPRESENTATION_CONTEXT() REPRESENTATION_CONTEXT('2D SPACE',''
  ) );
#15783 = PCURVE('',#14678,#15784);
#15784 = DEFINITIONAL_REPRESENTATION('',(#15785),#15789);
#15785 = LINE('',#15786,#15787);
#15786 = CARTESIAN_POINT('',(1.35,-0.35));
#15787 = VECTOR('',#15788,1.);
#15788 = DIRECTION('',(0.,-1.));
#15789 = ( GEOMETRIC_REPRESENTATION_CONTEXT(2) 
PARAMETRIC_REPRESENTATION_CONTEXT() REPRESENTATION_CONTEXT('2D SPACE',''
  ) );
#15790 = ORIENTED_EDGE('',*,*,#15791,.F.);
#15791 = EDGE_CURVE('',#15724,#15770,#15792,.T.);
#15792 = SURFACE_CURVE('',#15793,(#15797,#15803),.PCURVE_S1.);
#15793 = LINE('',#15794,#15795);
#15794 = CARTESIAN_POINT('',(8.2,6.23,5.35));
#15795 = VECTOR('',#15796,1.);
#15796 = DIRECTION('',(0.,1.,0.));
#15797 = PCURVE('',#11563,#15798);
#15798 = DEFINITIONAL_REPRESENTATION('',(#15799),#15802);
#15799 = B_SPLINE_CURVE_WITH_KNOTS('',1,(#15800,#15801),.UNSPECIFIED.,
  .F.,.F.,(2,2),(0.35,16.75),.PIECEWISE_BEZIER_KNOTS.);
#15800 = CARTESIAN_POINT('',(17.1,0.7));
#15801 = CARTESIAN_POINT('',(17.1,17.1));
#15802 = ( GEOMETRIC_REPRESENTATION_CONTEXT(2) 
PARAMETRIC_REPRESENTATION_CONTEXT() REPRESENTATION_CONTEXT('2D SPACE',''
  ) );
#15803 = PCURVE('',#14651,#15804);
#15804 = DEFINITIONAL_REPRESENTATION('',(#15805),#15809);
#15805 = LINE('',#15806,#15807);
#15806 = CARTESIAN_POINT('',(1.35,0.35));
#15807 = VECTOR('',#15808,1.);
#15808 = DIRECTION('',(0.,-1.));
#15809 = ( GEOMETRIC_REPRESENTATION_CONTEXT(2) 
PARAMETRIC_REPRESENTATION_CONTEXT() REPRESENTATION_CONTEXT('2D SPACE',''
  ) );
#15810 = ADVANCED_FACE('',(#15811,#15817),#11764,.T.);
#15811 = FACE_BOUND('',#15812,.T.);
#15812 = EDGE_LOOP('',(#15813,#15814,#15815,#15816));
#15813 = ORIENTED_EDGE('',*,*,#11851,.F.);
#15814 = ORIENTED_EDGE('',*,*,#11748,.T.);
#15815 = ORIENTED_EDGE('',*,*,#11802,.T.);
#15816 = ORIENTED_EDGE('',*,*,#11900,.F.);
#15817 = FACE_BOUND('',#15818,.T.);
#15818 = EDGE_LOOP('',(#15819,#15843,#15865,#15887));
#15819 = ORIENTED_EDGE('',*,*,#15820,.T.);
#15820 = EDGE_CURVE('',#15821,#15823,#15825,.T.);
#15821 = VERTEX_POINT('',#15822);
#15822 = CARTESIAN_POINT('',(27.25,6.58,5.35));
#15823 = VERTEX_POINT('',#15824);
#15824 = CARTESIAN_POINT('',(10.85,6.58,5.35));
#15825 = SURFACE_CURVE('',#15826,(#15830,#15836),.PCURVE_S1.);
#15826 = LINE('',#15827,#15828);
#15827 = CARTESIAN_POINT('',(10.5,6.58,5.35));
#15828 = VECTOR('',#15829,1.);
#15829 = DIRECTION('',(-1.,0.,0.));
#15830 = PCURVE('',#11764,#15831);
#15831 = DEFINITIONAL_REPRESENTATION('',(#15832),#15835);
#15832 = B_SPLINE_CURVE_WITH_KNOTS('',1,(#15833,#15834),.UNSPECIFIED.,
  .F.,.F.,(2,2),(-16.75,-0.35),.PIECEWISE_BEZIER_KNOTS.);
#15833 = CARTESIAN_POINT('',(17.1,0.7));
#15834 = CARTESIAN_POINT('',(0.7,0.7));
#15835 = ( GEOMETRIC_REPRESENTATION_CONTEXT(2) 
PARAMETRIC_REPRESENTATION_CONTEXT() REPRESENTATION_CONTEXT('2D SPACE',''
  ) );
#15836 = PCURVE('',#14741,#15837);
#15837 = DEFINITIONAL_REPRESENTATION('',(#15838),#15842);
#15838 = LINE('',#15839,#15840);
#15839 = CARTESIAN_POINT('',(1.35,-0.35));
#15840 = VECTOR('',#15841,1.);
#15841 = DIRECTION('',(0.,-1.));
#15842 = ( GEOMETRIC_REPRESENTATION_CONTEXT(2) 
PARAMETRIC_REPRESENTATION_CONTEXT() REPRESENTATION_CONTEXT('2D SPACE',''
  ) );
#15843 = ORIENTED_EDGE('',*,*,#15844,.T.);
#15844 = EDGE_CURVE('',#15823,#15845,#15847,.T.);
#15845 = VERTEX_POINT('',#15846);
#15846 = CARTESIAN_POINT('',(10.85,22.98,5.35));
#15847 = SURFACE_CURVE('',#15848,(#15852,#15858),.PCURVE_S1.);
#15848 = LINE('',#15849,#15850);
#15849 = CARTESIAN_POINT('',(10.85,6.23,5.35));
#15850 = VECTOR('',#15851,1.);
#15851 = DIRECTION('',(0.,1.,0.));
#15852 = PCURVE('',#11764,#15853);
#15853 = DEFINITIONAL_REPRESENTATION('',(#15854),#15857);
#15854 = B_SPLINE_CURVE_WITH_KNOTS('',1,(#15855,#15856),.UNSPECIFIED.,
  .F.,.F.,(2,2),(0.35,16.75),.PIECEWISE_BEZIER_KNOTS.);
#15855 = CARTESIAN_POINT('',(0.7,0.7));
#15856 = CARTESIAN_POINT('',(0.7,17.1));
#15857 = ( GEOMETRIC_REPRESENTATION_CONTEXT(2) 
PARAMETRIC_REPRESENTATION_CONTEXT() REPRESENTATION_CONTEXT('2D SPACE',''
  ) );
#15858 = PCURVE('',#14820,#15859);
#15859 = DEFINITIONAL_REPRESENTATION('',(#15860),#15864);
#15860 = LINE('',#15861,#15862);
#15861 = CARTESIAN_POINT('',(1.35,0.35));
#15862 = VECTOR('',#15863,1.);
#15863 = DIRECTION('',(0.,-1.));
#15864 = ( GEOMETRIC_REPRESENTATION_CONTEXT(2) 
PARAMETRIC_REPRESENTATION_CONTEXT() REPRESENTATION_CONTEXT('2D SPACE',''
  ) );
#15865 = ORIENTED_EDGE('',*,*,#15866,.F.);
#15866 = EDGE_CURVE('',#15867,#15845,#15869,.T.);
#15867 = VERTEX_POINT('',#15868);
#15868 = CARTESIAN_POINT('',(27.25,22.98,5.35));
#15869 = SURFACE_CURVE('',#15870,(#15874,#15880),.PCURVE_S1.);
#15870 = LINE('',#15871,#15872);
#15871 = CARTESIAN_POINT('',(10.5,22.98,5.35));
#15872 = VECTOR('',#15873,1.);
#15873 = DIRECTION('',(-1.,0.,0.));
#15874 = PCURVE('',#11764,#15875);
#15875 = DEFINITIONAL_REPRESENTATION('',(#15876),#15879);
#15876 = B_SPLINE_CURVE_WITH_KNOTS('',1,(#15877,#15878),.UNSPECIFIED.,
  .F.,.F.,(2,2),(-16.75,-0.35),.PIECEWISE_BEZIER_KNOTS.);
#15877 = CARTESIAN_POINT('',(17.1,17.1));
#15878 = CARTESIAN_POINT('',(0.7,17.1));
#15879 = ( GEOMETRIC_REPRESENTATION_CONTEXT(2) 
PARAMETRIC_REPRESENTATION_CONTEXT() REPRESENTATION_CONTEXT('2D SPACE',''
  ) );
#15880 = PCURVE('',#14795,#15881);
#15881 = DEFINITIONAL_REPRESENTATION('',(#15882),#15886);
#15882 = LINE('',#15883,#15884);
#15883 = CARTESIAN_POINT('',(1.35,-0.35));
#15884 = VECTOR('',#15885,1.);
#15885 = DIRECTION('',(0.,-1.));
#15886 = ( GEOMETRIC_REPRESENTATION_CONTEXT(2) 
PARAMETRIC_REPRESENTATION_CONTEXT() REPRESENTATION_CONTEXT('2D SPACE',''
  ) );
#15887 = ORIENTED_EDGE('',*,*,#15888,.F.);
#15888 = EDGE_CURVE('',#15821,#15867,#15889,.T.);
#15889 = SURFACE_CURVE('',#15890,(#15894,#15900),.PCURVE_S1.);
#15890 = LINE('',#15891,#15892);
#15891 = CARTESIAN_POINT('',(27.25,6.23,5.35));
#15892 = VECTOR('',#15893,1.);
#15893 = DIRECTION('',(0.,1.,0.));
#15894 = PCURVE('',#11764,#15895);
#15895 = DEFINITIONAL_REPRESENTATION('',(#15896),#15899);
#15896 = B_SPLINE_CURVE_WITH_KNOTS('',1,(#15897,#15898),.UNSPECIFIED.,
  .F.,.F.,(2,2),(0.35,16.75),.PIECEWISE_BEZIER_KNOTS.);
#15897 = CARTESIAN_POINT('',(17.1,0.7));
#15898 = CARTESIAN_POINT('',(17.1,17.1));
#15899 = ( GEOMETRIC_REPRESENTATION_CONTEXT(2) 
PARAMETRIC_REPRESENTATION_CONTEXT() REPRESENTATION_CONTEXT('2D SPACE',''
  ) );
#15900 = PCURVE('',#14768,#15901);
#15901 = DEFINITIONAL_REPRESENTATION('',(#15902),#15906);
#15902 = LINE('',#15903,#15904);
#15903 = CARTESIAN_POINT('',(1.35,0.35));
#15904 = VECTOR('',#15905,1.);
#15905 = DIRECTION('',(0.,-1.));
#15906 = ( GEOMETRIC_REPRESENTATION_CONTEXT(2) 
PARAMETRIC_REPRESENTATION_CONTEXT() REPRESENTATION_CONTEXT('2D SPACE',''
  ) );
#15907 = ADVANCED_FACE('',(#15908),#11987,.T.);
#15908 = FACE_BOUND('',#15909,.F.);
#15909 = EDGE_LOOP('',(#15910,#15911,#15912,#15913,#15914,#15915));
#15910 = ORIENTED_EDGE('',*,*,#12201,.T.);
#15911 = ORIENTED_EDGE('',*,*,#12174,.T.);
#15912 = ORIENTED_EDGE('',*,*,#12125,.T.);
#15913 = ORIENTED_EDGE('',*,*,#12076,.T.);
#15914 = ORIENTED_EDGE('',*,*,#12027,.T.);
#15915 = ORIENTED_EDGE('',*,*,#11973,.T.);
#15916 = ADVANCED_FACE('',(#15917),#12286,.T.);
#15917 = FACE_BOUND('',#15918,.F.);
#15918 = EDGE_LOOP('',(#15919,#15920,#15921,#15922,#15923,#15924,#15925,
    #15926));
#15919 = ORIENTED_EDGE('',*,*,#12598,.T.);
#15920 = ORIENTED_EDGE('',*,*,#12571,.T.);
#15921 = ORIENTED_EDGE('',*,*,#12522,.T.);
#15922 = ORIENTED_EDGE('',*,*,#12473,.T.);
#15923 = ORIENTED_EDGE('',*,*,#12424,.T.);
#15924 = ORIENTED_EDGE('',*,*,#12375,.T.);
#15925 = ORIENTED_EDGE('',*,*,#12326,.T.);
#15926 = ORIENTED_EDGE('',*,*,#12272,.T.);
#15927 = ADVANCED_FACE('',(#15928),#12683,.T.);
#15928 = FACE_BOUND('',#15929,.F.);
#15929 = EDGE_LOOP('',(#15930,#15931,#15932,#15933,#15934,#15935,#15936,
    #15937,#15938,#15939,#15940,#15941,#15942,#15943,#15944,#15945,
    #15946,#15947));
#15930 = ORIENTED_EDGE('',*,*,#13485,.T.);
#15931 = ORIENTED_EDGE('',*,*,#13458,.T.);
#15932 = ORIENTED_EDGE('',*,*,#13409,.T.);
#15933 = ORIENTED_EDGE('',*,*,#13360,.T.);
#15934 = ORIENTED_EDGE('',*,*,#13311,.T.);
#15935 = ORIENTED_EDGE('',*,*,#13262,.T.);
#15936 = ORIENTED_EDGE('',*,*,#13213,.T.);
#15937 = ORIENTED_EDGE('',*,*,#13164,.T.);
#15938 = ORIENTED_EDGE('',*,*,#13115,.T.);
#15939 = ORIENTED_EDGE('',*,*,#13066,.T.);
#15940 = ORIENTED_EDGE('',*,*,#13017,.T.);
#15941 = ORIENTED_EDGE('',*,*,#12968,.T.);
#15942 = ORIENTED_EDGE('',*,*,#12919,.T.);
#15943 = ORIENTED_EDGE('',*,*,#12870,.T.);
#15944 = ORIENTED_EDGE('',*,*,#12821,.T.);
#15945 = ORIENTED_EDGE('',*,*,#12772,.T.);
#15946 = ORIENTED_EDGE('',*,*,#12723,.T.);
#15947 = ORIENTED_EDGE('',*,*,#12669,.T.);
#15948 = ADVANCED_FACE('',(#15949),#13630,.F.);
#15949 = FACE_BOUND('',#15950,.T.);
#15950 = EDGE_LOOP('',(#15951,#15972,#15973,#15974));
#15951 = ORIENTED_EDGE('',*,*,#15952,.F.);
#15952 = EDGE_CURVE('',#13614,#14940,#15953,.T.);
#15953 = SEAM_CURVE('',#15954,(#15958,#15965),.PCURVE_S1.);
#15954 = LINE('',#15955,#15956);
#15955 = CARTESIAN_POINT('',(-34.605,-42.57,4.6));
#15956 = VECTOR('',#15957,1.);
#15957 = DIRECTION('',(0.,0.,1.));
#15958 = PCURVE('',#13630,#15959);
#15959 = DEFINITIONAL_REPRESENTATION('',(#15960),#15964);
#15960 = LINE('',#15961,#15962);
#15961 = CARTESIAN_POINT('',(-6.28318530718,0.));
#15962 = VECTOR('',#15963,1.);
#15963 = DIRECTION('',(-0.,-1.));
#15964 = ( GEOMETRIC_REPRESENTATION_CONTEXT(2) 
PARAMETRIC_REPRESENTATION_CONTEXT() REPRESENTATION_CONTEXT('2D SPACE',''
  ) );
#15965 = PCURVE('',#13630,#15966);
#15966 = DEFINITIONAL_REPRESENTATION('',(#15967),#15971);
#15967 = LINE('',#15968,#15969);
#15968 = CARTESIAN_POINT('',(-0.,0.));
#15969 = VECTOR('',#15970,1.);
#15970 = DIRECTION('',(-0.,-1.));
#15971 = ( GEOMETRIC_REPRESENTATION_CONTEXT(2) 
PARAMETRIC_REPRESENTATION_CONTEXT() REPRESENTATION_CONTEXT('2D SPACE',''
  ) );
#15972 = ORIENTED_EDGE('',*,*,#13613,.F.);
#15973 = ORIENTED_EDGE('',*,*,#15952,.T.);
#15974 = ORIENTED_EDGE('',*,*,#14939,.F.);
#15975 = ADVANCED_FACE('',(#15976),#13666,.T.);
#15976 = FACE_BOUND('',#15977,.T.);
#15977 = EDGE_LOOP('',(#15978,#15999,#16000,#16021));
#15978 = ORIENTED_EDGE('',*,*,#15979,.F.);
#15979 = EDGE_CURVE('',#13649,#14977,#15980,.T.);
#15980 = SURFACE_CURVE('',#15981,(#15985,#15992),.PCURVE_S1.);
#15981 = LINE('',#15982,#15983);
#15982 = CARTESIAN_POINT('',(-10.85,-31.52,4.));
#15983 = VECTOR('',#15984,1.);
#15984 = DIRECTION('',(0.,0.,1.));
#15985 = PCURVE('',#13666,#15986);
#15986 = DEFINITIONAL_REPRESENTATION('',(#15987),#15991);
#15987 = LINE('',#15988,#15989);
#15988 = CARTESIAN_POINT('',(0.,16.4));
#15989 = VECTOR('',#15990,1.);
#15990 = DIRECTION('',(1.,0.));
#15991 = ( GEOMETRIC_REPRESENTATION_CONTEXT(2) 
PARAMETRIC_REPRESENTATION_CONTEXT() REPRESENTATION_CONTEXT('2D SPACE',''
  ) );
#15992 = PCURVE('',#13693,#15993);
#15993 = DEFINITIONAL_REPRESENTATION('',(#15994),#15998);
#15994 = LINE('',#15995,#15996);
#15995 = CARTESIAN_POINT('',(0.,0.));
#15996 = VECTOR('',#15997,1.);
#15997 = DIRECTION('',(1.,0.));
#15998 = ( GEOMETRIC_REPRESENTATION_CONTEXT(2) 
PARAMETRIC_REPRESENTATION_CONTEXT() REPRESENTATION_CONTEXT('2D SPACE',''
  ) );
#15999 = ORIENTED_EDGE('',*,*,#13648,.T.);
#16000 = ORIENTED_EDGE('',*,*,#16001,.T.);
#16001 = EDGE_CURVE('',#13651,#14979,#16002,.T.);
#16002 = SURFACE_CURVE('',#16003,(#16007,#16014),.PCURVE_S1.);
#16003 = LINE('',#16004,#16005);
#16004 = CARTESIAN_POINT('',(-27.25,-31.52,4.));
#16005 = VECTOR('',#16006,1.);
#16006 = DIRECTION('',(0.,0.,1.));
#16007 = PCURVE('',#13666,#16008);
#16008 = DEFINITIONAL_REPRESENTATION('',(#16009),#16013);
#16009 = LINE('',#16010,#16011);
#16010 = CARTESIAN_POINT('',(0.,0.));
#16011 = VECTOR('',#16012,1.);
#16012 = DIRECTION('',(1.,0.));
#16013 = ( GEOMETRIC_REPRESENTATION_CONTEXT(2) 
PARAMETRIC_REPRESENTATION_CONTEXT() REPRESENTATION_CONTEXT('2D SPACE',''
  ) );
#16014 = PCURVE('',#13745,#16015);
#16015 = DEFINITIONAL_REPRESENTATION('',(#16016),#16020);
#16016 = LINE('',#16017,#16018);
#16017 = CARTESIAN_POINT('',(0.,0.));
#16018 = VECTOR('',#16019,1.);
#16019 = DIRECTION('',(1.,0.));
#16020 = ( GEOMETRIC_REPRESENTATION_CONTEXT(2) 
PARAMETRIC_REPRESENTATION_CONTEXT() REPRESENTATION_CONTEXT('2D SPACE',''
  ) );
#16021 = ORIENTED_EDGE('',*,*,#14976,.F.);
#16022 = ADVANCED_FACE('',(#16023),#13745,.T.);
#16023 = FACE_BOUND('',#16024,.T.);
#16024 = EDGE_LOOP('',(#16025,#16026,#16027,#16048));
#16025 = ORIENTED_EDGE('',*,*,#16001,.F.);
#16026 = ORIENTED_EDGE('',*,*,#13731,.T.);
#16027 = ORIENTED_EDGE('',*,*,#16028,.T.);
#16028 = EDGE_CURVE('',#13705,#15001,#16029,.T.);
#16029 = SURFACE_CURVE('',#16030,(#16034,#16041),.PCURVE_S1.);
#16030 = LINE('',#16031,#16032);
#16031 = CARTESIAN_POINT('',(-27.25,-15.12,4.));
#16032 = VECTOR('',#16033,1.);
#16033 = DIRECTION('',(0.,0.,1.));
#16034 = PCURVE('',#13745,#16035);
#16035 = DEFINITIONAL_REPRESENTATION('',(#16036),#16040);
#16036 = LINE('',#16037,#16038);
#16037 = CARTESIAN_POINT('',(0.,-16.4));
#16038 = VECTOR('',#16039,1.);
#16039 = DIRECTION('',(1.,0.));
#16040 = ( GEOMETRIC_REPRESENTATION_CONTEXT(2) 
PARAMETRIC_REPRESENTATION_CONTEXT() REPRESENTATION_CONTEXT('2D SPACE',''
  ) );
#16041 = PCURVE('',#13720,#16042);
#16042 = DEFINITIONAL_REPRESENTATION('',(#16043),#16047);
#16043 = LINE('',#16044,#16045);
#16044 = CARTESIAN_POINT('',(0.,0.));
#16045 = VECTOR('',#16046,1.);
#16046 = DIRECTION('',(1.,0.));
#16047 = ( GEOMETRIC_REPRESENTATION_CONTEXT(2) 
PARAMETRIC_REPRESENTATION_CONTEXT() REPRESENTATION_CONTEXT('2D SPACE',''
  ) );
#16048 = ORIENTED_EDGE('',*,*,#15000,.F.);
#16049 = ADVANCED_FACE('',(#16050),#13720,.F.);
#16050 = FACE_BOUND('',#16051,.F.);
#16051 = EDGE_LOOP('',(#16052,#16073,#16074,#16075));
#16052 = ORIENTED_EDGE('',*,*,#16053,.F.);
#16053 = EDGE_CURVE('',#13678,#15023,#16054,.T.);
#16054 = SURFACE_CURVE('',#16055,(#16059,#16066),.PCURVE_S1.);
#16055 = LINE('',#16056,#16057);
#16056 = CARTESIAN_POINT('',(-10.85,-15.12,4.));
#16057 = VECTOR('',#16058,1.);
#16058 = DIRECTION('',(0.,0.,1.));
#16059 = PCURVE('',#13720,#16060);
#16060 = DEFINITIONAL_REPRESENTATION('',(#16061),#16065);
#16061 = LINE('',#16062,#16063);
#16062 = CARTESIAN_POINT('',(0.,16.4));
#16063 = VECTOR('',#16064,1.);
#16064 = DIRECTION('',(1.,0.));
#16065 = ( GEOMETRIC_REPRESENTATION_CONTEXT(2) 
PARAMETRIC_REPRESENTATION_CONTEXT() REPRESENTATION_CONTEXT('2D SPACE',''
  ) );
#16066 = PCURVE('',#13693,#16067);
#16067 = DEFINITIONAL_REPRESENTATION('',(#16068),#16072);
#16068 = LINE('',#16069,#16070);
#16069 = CARTESIAN_POINT('',(0.,-16.4));
#16070 = VECTOR('',#16071,1.);
#16071 = DIRECTION('',(1.,0.));
#16072 = ( GEOMETRIC_REPRESENTATION_CONTEXT(2) 
PARAMETRIC_REPRESENTATION_CONTEXT() REPRESENTATION_CONTEXT('2D SPACE',''
  ) );
#16073 = ORIENTED_EDGE('',*,*,#13704,.T.);
#16074 = ORIENTED_EDGE('',*,*,#16028,.T.);
#16075 = ORIENTED_EDGE('',*,*,#15022,.F.);
#16076 = ADVANCED_FACE('',(#16077),#13693,.F.);
#16077 = FACE_BOUND('',#16078,.F.);
#16078 = EDGE_LOOP('',(#16079,#16080,#16081,#16082));
#16079 = ORIENTED_EDGE('',*,*,#15979,.F.);
#16080 = ORIENTED_EDGE('',*,*,#13677,.T.);
#16081 = ORIENTED_EDGE('',*,*,#16053,.T.);
#16082 = ORIENTED_EDGE('',*,*,#15044,.F.);
#16083 = ADVANCED_FACE('',(#16084),#13790,.T.);
#16084 = FACE_BOUND('',#16085,.T.);
#16085 = EDGE_LOOP('',(#16086,#16107,#16108,#16129));
#16086 = ORIENTED_EDGE('',*,*,#16087,.F.);
#16087 = EDGE_CURVE('',#13773,#15074,#16088,.T.);
#16088 = SURFACE_CURVE('',#16089,(#16093,#16100),.PCURVE_S1.);
#16089 = LINE('',#16090,#16091);
#16090 = CARTESIAN_POINT('',(-10.85,-12.47,4.));
#16091 = VECTOR('',#16092,1.);
#16092 = DIRECTION('',(0.,0.,1.));
#16093 = PCURVE('',#13790,#16094);
#16094 = DEFINITIONAL_REPRESENTATION('',(#16095),#16099);
#16095 = LINE('',#16096,#16097);
#16096 = CARTESIAN_POINT('',(0.,16.4));
#16097 = VECTOR('',#16098,1.);
#16098 = DIRECTION('',(1.,0.));
#16099 = ( GEOMETRIC_REPRESENTATION_CONTEXT(2) 
PARAMETRIC_REPRESENTATION_CONTEXT() REPRESENTATION_CONTEXT('2D SPACE',''
  ) );
#16100 = PCURVE('',#13817,#16101);
#16101 = DEFINITIONAL_REPRESENTATION('',(#16102),#16106);
#16102 = LINE('',#16103,#16104);
#16103 = CARTESIAN_POINT('',(0.,0.));
#16104 = VECTOR('',#16105,1.);
#16105 = DIRECTION('',(1.,0.));
#16106 = ( GEOMETRIC_REPRESENTATION_CONTEXT(2) 
PARAMETRIC_REPRESENTATION_CONTEXT() REPRESENTATION_CONTEXT('2D SPACE',''
  ) );
#16107 = ORIENTED_EDGE('',*,*,#13772,.T.);
#16108 = ORIENTED_EDGE('',*,*,#16109,.T.);
#16109 = EDGE_CURVE('',#13775,#15076,#16110,.T.);
#16110 = SURFACE_CURVE('',#16111,(#16115,#16122),.PCURVE_S1.);
#16111 = LINE('',#16112,#16113);
#16112 = CARTESIAN_POINT('',(-27.25,-12.47,4.));
#16113 = VECTOR('',#16114,1.);
#16114 = DIRECTION('',(0.,0.,1.));
#16115 = PCURVE('',#13790,#16116);
#16116 = DEFINITIONAL_REPRESENTATION('',(#16117),#16121);
#16117 = LINE('',#16118,#16119);
#16118 = CARTESIAN_POINT('',(0.,0.));
#16119 = VECTOR('',#16120,1.);
#16120 = DIRECTION('',(1.,0.));
#16121 = ( GEOMETRIC_REPRESENTATION_CONTEXT(2) 
PARAMETRIC_REPRESENTATION_CONTEXT() REPRESENTATION_CONTEXT('2D SPACE',''
  ) );
#16122 = PCURVE('',#13869,#16123);
#16123 = DEFINITIONAL_REPRESENTATION('',(#16124),#16128);
#16124 = LINE('',#16125,#16126);
#16125 = CARTESIAN_POINT('',(0.,0.));
#16126 = VECTOR('',#16127,1.);
#16127 = DIRECTION('',(1.,0.));
#16128 = ( GEOMETRIC_REPRESENTATION_CONTEXT(2) 
PARAMETRIC_REPRESENTATION_CONTEXT() REPRESENTATION_CONTEXT('2D SPACE',''
  ) );
#16129 = ORIENTED_EDGE('',*,*,#15073,.F.);
#16130 = ADVANCED_FACE('',(#16131),#13869,.T.);
#16131 = FACE_BOUND('',#16132,.T.);
#16132 = EDGE_LOOP('',(#16133,#16134,#16135,#16156));
#16133 = ORIENTED_EDGE('',*,*,#16109,.F.);
#16134 = ORIENTED_EDGE('',*,*,#13855,.T.);
#16135 = ORIENTED_EDGE('',*,*,#16136,.T.);
#16136 = EDGE_CURVE('',#13829,#15098,#16137,.T.);
#16137 = SURFACE_CURVE('',#16138,(#16142,#16149),.PCURVE_S1.);
#16138 = LINE('',#16139,#16140);
#16139 = CARTESIAN_POINT('',(-27.25,3.93,4.));
#16140 = VECTOR('',#16141,1.);
#16141 = DIRECTION('',(0.,0.,1.));
#16142 = PCURVE('',#13869,#16143);
#16143 = DEFINITIONAL_REPRESENTATION('',(#16144),#16148);
#16144 = LINE('',#16145,#16146);
#16145 = CARTESIAN_POINT('',(0.,-16.4));
#16146 = VECTOR('',#16147,1.);
#16147 = DIRECTION('',(1.,0.));
#16148 = ( GEOMETRIC_REPRESENTATION_CONTEXT(2) 
PARAMETRIC_REPRESENTATION_CONTEXT() REPRESENTATION_CONTEXT('2D SPACE',''
  ) );
#16149 = PCURVE('',#13844,#16150);
#16150 = DEFINITIONAL_REPRESENTATION('',(#16151),#16155);
#16151 = LINE('',#16152,#16153);
#16152 = CARTESIAN_POINT('',(0.,0.));
#16153 = VECTOR('',#16154,1.);
#16154 = DIRECTION('',(1.,0.));
#16155 = ( GEOMETRIC_REPRESENTATION_CONTEXT(2) 
PARAMETRIC_REPRESENTATION_CONTEXT() REPRESENTATION_CONTEXT('2D SPACE',''
  ) );
#16156 = ORIENTED_EDGE('',*,*,#15097,.F.);
#16157 = ADVANCED_FACE('',(#16158),#13844,.F.);
#16158 = FACE_BOUND('',#16159,.F.);
#16159 = EDGE_LOOP('',(#16160,#16181,#16182,#16183));
#16160 = ORIENTED_EDGE('',*,*,#16161,.F.);
#16161 = EDGE_CURVE('',#13802,#15120,#16162,.T.);
#16162 = SURFACE_CURVE('',#16163,(#16167,#16174),.PCURVE_S1.);
#16163 = LINE('',#16164,#16165);
#16164 = CARTESIAN_POINT('',(-10.85,3.93,4.));
#16165 = VECTOR('',#16166,1.);
#16166 = DIRECTION('',(0.,0.,1.));
#16167 = PCURVE('',#13844,#16168);
#16168 = DEFINITIONAL_REPRESENTATION('',(#16169),#16173);
#16169 = LINE('',#16170,#16171);
#16170 = CARTESIAN_POINT('',(0.,16.4));
#16171 = VECTOR('',#16172,1.);
#16172 = DIRECTION('',(1.,0.));
#16173 = ( GEOMETRIC_REPRESENTATION_CONTEXT(2) 
PARAMETRIC_REPRESENTATION_CONTEXT() REPRESENTATION_CONTEXT('2D SPACE',''
  ) );
#16174 = PCURVE('',#13817,#16175);
#16175 = DEFINITIONAL_REPRESENTATION('',(#16176),#16180);
#16176 = LINE('',#16177,#16178);
#16177 = CARTESIAN_POINT('',(0.,-16.4));
#16178 = VECTOR('',#16179,1.);
#16179 = DIRECTION('',(1.,0.));
#16180 = ( GEOMETRIC_REPRESENTATION_CONTEXT(2) 
PARAMETRIC_REPRESENTATION_CONTEXT() REPRESENTATION_CONTEXT('2D SPACE',''
  ) );
#16181 = ORIENTED_EDGE('',*,*,#13828,.T.);
#16182 = ORIENTED_EDGE('',*,*,#16136,.T.);
#16183 = ORIENTED_EDGE('',*,*,#15119,.F.);
#16184 = ADVANCED_FACE('',(#16185),#13817,.F.);
#16185 = FACE_BOUND('',#16186,.F.);
#16186 = EDGE_LOOP('',(#16187,#16188,#16189,#16190));
#16187 = ORIENTED_EDGE('',*,*,#16087,.F.);
#16188 = ORIENTED_EDGE('',*,*,#13801,.T.);
#16189 = ORIENTED_EDGE('',*,*,#16161,.T.);
#16190 = ORIENTED_EDGE('',*,*,#15141,.F.);
#16191 = ADVANCED_FACE('',(#16192),#13907,.T.);
#16192 = FACE_BOUND('',#16193,.T.);
#16193 = EDGE_LOOP('',(#16194,#16215,#16216,#16237));
#16194 = ORIENTED_EDGE('',*,*,#16195,.F.);
#16195 = EDGE_CURVE('',#13890,#15171,#16196,.T.);
#16196 = SURFACE_CURVE('',#16197,(#16201,#16208),.PCURVE_S1.);
#16197 = LINE('',#16198,#16199);
#16198 = CARTESIAN_POINT('',(8.2,-31.52,4.));
#16199 = VECTOR('',#16200,1.);
#16200 = DIRECTION('',(0.,0.,1.));
#16201 = PCURVE('',#13907,#16202);
#16202 = DEFINITIONAL_REPRESENTATION('',(#16203),#16207);
#16203 = LINE('',#16204,#16205);
#16204 = CARTESIAN_POINT('',(0.,16.4));
#16205 = VECTOR('',#16206,1.);
#16206 = DIRECTION('',(1.,0.));
#16207 = ( GEOMETRIC_REPRESENTATION_CONTEXT(2) 
PARAMETRIC_REPRESENTATION_CONTEXT() REPRESENTATION_CONTEXT('2D SPACE',''
  ) );
#16208 = PCURVE('',#13934,#16209);
#16209 = DEFINITIONAL_REPRESENTATION('',(#16210),#16214);
#16210 = LINE('',#16211,#16212);
#16211 = CARTESIAN_POINT('',(0.,0.));
#16212 = VECTOR('',#16213,1.);
#16213 = DIRECTION('',(1.,0.));
#16214 = ( GEOMETRIC_REPRESENTATION_CONTEXT(2) 
PARAMETRIC_REPRESENTATION_CONTEXT() REPRESENTATION_CONTEXT('2D SPACE',''
  ) );
#16215 = ORIENTED_EDGE('',*,*,#13889,.T.);
#16216 = ORIENTED_EDGE('',*,*,#16217,.T.);
#16217 = EDGE_CURVE('',#13892,#15173,#16218,.T.);
#16218 = SURFACE_CURVE('',#16219,(#16223,#16230),.PCURVE_S1.);
#16219 = LINE('',#16220,#16221);
#16220 = CARTESIAN_POINT('',(-8.2,-31.52,4.));
#16221 = VECTOR('',#16222,1.);
#16222 = DIRECTION('',(0.,0.,1.));
#16223 = PCURVE('',#13907,#16224);
#16224 = DEFINITIONAL_REPRESENTATION('',(#16225),#16229);
#16225 = LINE('',#16226,#16227);
#16226 = CARTESIAN_POINT('',(0.,0.));
#16227 = VECTOR('',#16228,1.);
#16228 = DIRECTION('',(1.,0.));
#16229 = ( GEOMETRIC_REPRESENTATION_CONTEXT(2) 
PARAMETRIC_REPRESENTATION_CONTEXT() REPRESENTATION_CONTEXT('2D SPACE',''
  ) );
#16230 = PCURVE('',#13986,#16231);
#16231 = DEFINITIONAL_REPRESENTATION('',(#16232),#16236);
#16232 = LINE('',#16233,#16234);
#16233 = CARTESIAN_POINT('',(0.,0.));
#16234 = VECTOR('',#16235,1.);
#16235 = DIRECTION('',(1.,0.));
#16236 = ( GEOMETRIC_REPRESENTATION_CONTEXT(2) 
PARAMETRIC_REPRESENTATION_CONTEXT() REPRESENTATION_CONTEXT('2D SPACE',''
  ) );
#16237 = ORIENTED_EDGE('',*,*,#15170,.F.);
#16238 = ADVANCED_FACE('',(#16239),#13986,.T.);
#16239 = FACE_BOUND('',#16240,.T.);
#16240 = EDGE_LOOP('',(#16241,#16242,#16243,#16264));
#16241 = ORIENTED_EDGE('',*,*,#16217,.F.);
#16242 = ORIENTED_EDGE('',*,*,#13972,.T.);
#16243 = ORIENTED_EDGE('',*,*,#16244,.T.);
#16244 = EDGE_CURVE('',#13946,#15195,#16245,.T.);
#16245 = SURFACE_CURVE('',#16246,(#16250,#16257),.PCURVE_S1.);
#16246 = LINE('',#16247,#16248);
#16247 = CARTESIAN_POINT('',(-8.2,-15.12,4.));
#16248 = VECTOR('',#16249,1.);
#16249 = DIRECTION('',(0.,0.,1.));
#16250 = PCURVE('',#13986,#16251);
#16251 = DEFINITIONAL_REPRESENTATION('',(#16252),#16256);
#16252 = LINE('',#16253,#16254);
#16253 = CARTESIAN_POINT('',(0.,-16.4));
#16254 = VECTOR('',#16255,1.);
#16255 = DIRECTION('',(1.,0.));
#16256 = ( GEOMETRIC_REPRESENTATION_CONTEXT(2) 
PARAMETRIC_REPRESENTATION_CONTEXT() REPRESENTATION_CONTEXT('2D SPACE',''
  ) );
#16257 = PCURVE('',#13961,#16258);
#16258 = DEFINITIONAL_REPRESENTATION('',(#16259),#16263);
#16259 = LINE('',#16260,#16261);
#16260 = CARTESIAN_POINT('',(0.,0.));
#16261 = VECTOR('',#16262,1.);
#16262 = DIRECTION('',(1.,0.));
#16263 = ( GEOMETRIC_REPRESENTATION_CONTEXT(2) 
PARAMETRIC_REPRESENTATION_CONTEXT() REPRESENTATION_CONTEXT('2D SPACE',''
  ) );
#16264 = ORIENTED_EDGE('',*,*,#15194,.F.);
#16265 = ADVANCED_FACE('',(#16266),#13961,.F.);
#16266 = FACE_BOUND('',#16267,.F.);
#16267 = EDGE_LOOP('',(#16268,#16289,#16290,#16291));
#16268 = ORIENTED_EDGE('',*,*,#16269,.F.);
#16269 = EDGE_CURVE('',#13919,#15217,#16270,.T.);
#16270 = SURFACE_CURVE('',#16271,(#16275,#16282),.PCURVE_S1.);
#16271 = LINE('',#16272,#16273);
#16272 = CARTESIAN_POINT('',(8.2,-15.12,4.));
#16273 = VECTOR('',#16274,1.);
#16274 = DIRECTION('',(0.,0.,1.));
#16275 = PCURVE('',#13961,#16276);
#16276 = DEFINITIONAL_REPRESENTATION('',(#16277),#16281);
#16277 = LINE('',#16278,#16279);
#16278 = CARTESIAN_POINT('',(0.,16.4));
#16279 = VECTOR('',#16280,1.);
#16280 = DIRECTION('',(1.,0.));
#16281 = ( GEOMETRIC_REPRESENTATION_CONTEXT(2) 
PARAMETRIC_REPRESENTATION_CONTEXT() REPRESENTATION_CONTEXT('2D SPACE',''
  ) );
#16282 = PCURVE('',#13934,#16283);
#16283 = DEFINITIONAL_REPRESENTATION('',(#16284),#16288);
#16284 = LINE('',#16285,#16286);
#16285 = CARTESIAN_POINT('',(0.,-16.4));
#16286 = VECTOR('',#16287,1.);
#16287 = DIRECTION('',(1.,0.));
#16288 = ( GEOMETRIC_REPRESENTATION_CONTEXT(2) 
PARAMETRIC_REPRESENTATION_CONTEXT() REPRESENTATION_CONTEXT('2D SPACE',''
  ) );
#16289 = ORIENTED_EDGE('',*,*,#13945,.T.);
#16290 = ORIENTED_EDGE('',*,*,#16244,.T.);
#16291 = ORIENTED_EDGE('',*,*,#15216,.F.);
#16292 = ADVANCED_FACE('',(#16293),#13934,.F.);
#16293 = FACE_BOUND('',#16294,.F.);
#16294 = EDGE_LOOP('',(#16295,#16296,#16297,#16298));
#16295 = ORIENTED_EDGE('',*,*,#16195,.F.);
#16296 = ORIENTED_EDGE('',*,*,#13918,.T.);
#16297 = ORIENTED_EDGE('',*,*,#16269,.T.);
#16298 = ORIENTED_EDGE('',*,*,#15238,.F.);
#16299 = ADVANCED_FACE('',(#16300),#14024,.T.);
#16300 = FACE_BOUND('',#16301,.T.);
#16301 = EDGE_LOOP('',(#16302,#16323,#16324,#16345));
#16302 = ORIENTED_EDGE('',*,*,#16303,.F.);
#16303 = EDGE_CURVE('',#14007,#15268,#16304,.T.);
#16304 = SURFACE_CURVE('',#16305,(#16309,#16316),.PCURVE_S1.);
#16305 = LINE('',#16306,#16307);
#16306 = CARTESIAN_POINT('',(27.25,-31.52,4.));
#16307 = VECTOR('',#16308,1.);
#16308 = DIRECTION('',(0.,0.,1.));
#16309 = PCURVE('',#14024,#16310);
#16310 = DEFINITIONAL_REPRESENTATION('',(#16311),#16315);
#16311 = LINE('',#16312,#16313);
#16312 = CARTESIAN_POINT('',(0.,16.4));
#16313 = VECTOR('',#16314,1.);
#16314 = DIRECTION('',(1.,0.));
#16315 = ( GEOMETRIC_REPRESENTATION_CONTEXT(2) 
PARAMETRIC_REPRESENTATION_CONTEXT() REPRESENTATION_CONTEXT('2D SPACE',''
  ) );
#16316 = PCURVE('',#14051,#16317);
#16317 = DEFINITIONAL_REPRESENTATION('',(#16318),#16322);
#16318 = LINE('',#16319,#16320);
#16319 = CARTESIAN_POINT('',(0.,0.));
#16320 = VECTOR('',#16321,1.);
#16321 = DIRECTION('',(1.,0.));
#16322 = ( GEOMETRIC_REPRESENTATION_CONTEXT(2) 
PARAMETRIC_REPRESENTATION_CONTEXT() REPRESENTATION_CONTEXT('2D SPACE',''
  ) );
#16323 = ORIENTED_EDGE('',*,*,#14006,.T.);
#16324 = ORIENTED_EDGE('',*,*,#16325,.T.);
#16325 = EDGE_CURVE('',#14009,#15270,#16326,.T.);
#16326 = SURFACE_CURVE('',#16327,(#16331,#16338),.PCURVE_S1.);
#16327 = LINE('',#16328,#16329);
#16328 = CARTESIAN_POINT('',(10.85,-31.52,4.));
#16329 = VECTOR('',#16330,1.);
#16330 = DIRECTION('',(0.,0.,1.));
#16331 = PCURVE('',#14024,#16332);
#16332 = DEFINITIONAL_REPRESENTATION('',(#16333),#16337);
#16333 = LINE('',#16334,#16335);
#16334 = CARTESIAN_POINT('',(0.,0.));
#16335 = VECTOR('',#16336,1.);
#16336 = DIRECTION('',(1.,0.));
#16337 = ( GEOMETRIC_REPRESENTATION_CONTEXT(2) 
PARAMETRIC_REPRESENTATION_CONTEXT() REPRESENTATION_CONTEXT('2D SPACE',''
  ) );
#16338 = PCURVE('',#14103,#16339);
#16339 = DEFINITIONAL_REPRESENTATION('',(#16340),#16344);
#16340 = LINE('',#16341,#16342);
#16341 = CARTESIAN_POINT('',(0.,0.));
#16342 = VECTOR('',#16343,1.);
#16343 = DIRECTION('',(1.,0.));
#16344 = ( GEOMETRIC_REPRESENTATION_CONTEXT(2) 
PARAMETRIC_REPRESENTATION_CONTEXT() REPRESENTATION_CONTEXT('2D SPACE',''
  ) );
#16345 = ORIENTED_EDGE('',*,*,#15267,.F.);
#16346 = ADVANCED_FACE('',(#16347),#14103,.T.);
#16347 = FACE_BOUND('',#16348,.T.);
#16348 = EDGE_LOOP('',(#16349,#16350,#16351,#16372));
#16349 = ORIENTED_EDGE('',*,*,#16325,.F.);
#16350 = ORIENTED_EDGE('',*,*,#14089,.T.);
#16351 = ORIENTED_EDGE('',*,*,#16352,.T.);
#16352 = EDGE_CURVE('',#14063,#15292,#16353,.T.);
#16353 = SURFACE_CURVE('',#16354,(#16358,#16365),.PCURVE_S1.);
#16354 = LINE('',#16355,#16356);
#16355 = CARTESIAN_POINT('',(10.85,-15.12,4.));
#16356 = VECTOR('',#16357,1.);
#16357 = DIRECTION('',(0.,0.,1.));
#16358 = PCURVE('',#14103,#16359);
#16359 = DEFINITIONAL_REPRESENTATION('',(#16360),#16364);
#16360 = LINE('',#16361,#16362);
#16361 = CARTESIAN_POINT('',(0.,-16.4));
#16362 = VECTOR('',#16363,1.);
#16363 = DIRECTION('',(1.,0.));
#16364 = ( GEOMETRIC_REPRESENTATION_CONTEXT(2) 
PARAMETRIC_REPRESENTATION_CONTEXT() REPRESENTATION_CONTEXT('2D SPACE',''
  ) );
#16365 = PCURVE('',#14078,#16366);
#16366 = DEFINITIONAL_REPRESENTATION('',(#16367),#16371);
#16367 = LINE('',#16368,#16369);
#16368 = CARTESIAN_POINT('',(0.,0.));
#16369 = VECTOR('',#16370,1.);
#16370 = DIRECTION('',(1.,0.));
#16371 = ( GEOMETRIC_REPRESENTATION_CONTEXT(2) 
PARAMETRIC_REPRESENTATION_CONTEXT() REPRESENTATION_CONTEXT('2D SPACE',''
  ) );
#16372 = ORIENTED_EDGE('',*,*,#15291,.F.);
#16373 = ADVANCED_FACE('',(#16374),#14078,.F.);
#16374 = FACE_BOUND('',#16375,.F.);
#16375 = EDGE_LOOP('',(#16376,#16397,#16398,#16399));
#16376 = ORIENTED_EDGE('',*,*,#16377,.F.);
#16377 = EDGE_CURVE('',#14036,#15314,#16378,.T.);
#16378 = SURFACE_CURVE('',#16379,(#16383,#16390),.PCURVE_S1.);
#16379 = LINE('',#16380,#16381);
#16380 = CARTESIAN_POINT('',(27.25,-15.12,4.));
#16381 = VECTOR('',#16382,1.);
#16382 = DIRECTION('',(0.,0.,1.));
#16383 = PCURVE('',#14078,#16384);
#16384 = DEFINITIONAL_REPRESENTATION('',(#16385),#16389);
#16385 = LINE('',#16386,#16387);
#16386 = CARTESIAN_POINT('',(0.,16.4));
#16387 = VECTOR('',#16388,1.);
#16388 = DIRECTION('',(1.,0.));
#16389 = ( GEOMETRIC_REPRESENTATION_CONTEXT(2) 
PARAMETRIC_REPRESENTATION_CONTEXT() REPRESENTATION_CONTEXT('2D SPACE',''
  ) );
#16390 = PCURVE('',#14051,#16391);
#16391 = DEFINITIONAL_REPRESENTATION('',(#16392),#16396);
#16392 = LINE('',#16393,#16394);
#16393 = CARTESIAN_POINT('',(0.,-16.4));
#16394 = VECTOR('',#16395,1.);
#16395 = DIRECTION('',(1.,0.));
#16396 = ( GEOMETRIC_REPRESENTATION_CONTEXT(2) 
PARAMETRIC_REPRESENTATION_CONTEXT() REPRESENTATION_CONTEXT('2D SPACE',''
  ) );
#16397 = ORIENTED_EDGE('',*,*,#14062,.T.);
#16398 = ORIENTED_EDGE('',*,*,#16352,.T.);
#16399 = ORIENTED_EDGE('',*,*,#15313,.F.);
#16400 = ADVANCED_FACE('',(#16401),#14051,.F.);
#16401 = FACE_BOUND('',#16402,.F.);
#16402 = EDGE_LOOP('',(#16403,#16404,#16405,#16406));
#16403 = ORIENTED_EDGE('',*,*,#16303,.F.);
#16404 = ORIENTED_EDGE('',*,*,#14035,.T.);
#16405 = ORIENTED_EDGE('',*,*,#16377,.T.);
#16406 = ORIENTED_EDGE('',*,*,#15335,.F.);
#16407 = ADVANCED_FACE('',(#16408),#14140,.F.);
#16408 = FACE_BOUND('',#16409,.T.);
#16409 = EDGE_LOOP('',(#16410,#16431,#16432,#16433));
#16410 = ORIENTED_EDGE('',*,*,#16411,.F.);
#16411 = EDGE_CURVE('',#14124,#15362,#16412,.T.);
#16412 = SEAM_CURVE('',#16413,(#16417,#16424),.PCURVE_S1.);
#16413 = LINE('',#16414,#16415);
#16414 = CARTESIAN_POINT('',(39.175,-41.16,4.6));
#16415 = VECTOR('',#16416,1.);
#16416 = DIRECTION('',(0.,0.,1.));
#16417 = PCURVE('',#14140,#16418);
#16418 = DEFINITIONAL_REPRESENTATION('',(#16419),#16423);
#16419 = LINE('',#16420,#16421);
#16420 = CARTESIAN_POINT('',(-6.28318530718,0.));
#16421 = VECTOR('',#16422,1.);
#16422 = DIRECTION('',(-0.,-1.));
#16423 = ( GEOMETRIC_REPRESENTATION_CONTEXT(2) 
PARAMETRIC_REPRESENTATION_CONTEXT() REPRESENTATION_CONTEXT('2D SPACE',''
  ) );
#16424 = PCURVE('',#14140,#16425);
#16425 = DEFINITIONAL_REPRESENTATION('',(#16426),#16430);
#16426 = LINE('',#16427,#16428);
#16427 = CARTESIAN_POINT('',(-0.,0.));
#16428 = VECTOR('',#16429,1.);
#16429 = DIRECTION('',(-0.,-1.));
#16430 = ( GEOMETRIC_REPRESENTATION_CONTEXT(2) 
PARAMETRIC_REPRESENTATION_CONTEXT() REPRESENTATION_CONTEXT('2D SPACE',''
  ) );
#16431 = ORIENTED_EDGE('',*,*,#14123,.F.);
#16432 = ORIENTED_EDGE('',*,*,#16411,.T.);
#16433 = ORIENTED_EDGE('',*,*,#15361,.F.);
#16434 = ADVANCED_FACE('',(#16435),#14176,.T.);
#16435 = FACE_BOUND('',#16436,.T.);
#16436 = EDGE_LOOP('',(#16437,#16458,#16459,#16480));
#16437 = ORIENTED_EDGE('',*,*,#16438,.F.);
#16438 = EDGE_CURVE('',#14159,#15399,#16439,.T.);
#16439 = SURFACE_CURVE('',#16440,(#16444,#16451),.PCURVE_S1.);
#16440 = LINE('',#16441,#16442);
#16441 = CARTESIAN_POINT('',(8.2,-12.47,4.));
#16442 = VECTOR('',#16443,1.);
#16443 = DIRECTION('',(0.,0.,1.));
#16444 = PCURVE('',#14176,#16445);
#16445 = DEFINITIONAL_REPRESENTATION('',(#16446),#16450);
#16446 = LINE('',#16447,#16448);
#16447 = CARTESIAN_POINT('',(0.,16.4));
#16448 = VECTOR('',#16449,1.);
#16449 = DIRECTION('',(1.,0.));
#16450 = ( GEOMETRIC_REPRESENTATION_CONTEXT(2) 
PARAMETRIC_REPRESENTATION_CONTEXT() REPRESENTATION_CONTEXT('2D SPACE',''
  ) );
#16451 = PCURVE('',#14203,#16452);
#16452 = DEFINITIONAL_REPRESENTATION('',(#16453),#16457);
#16453 = LINE('',#16454,#16455);
#16454 = CARTESIAN_POINT('',(0.,0.));
#16455 = VECTOR('',#16456,1.);
#16456 = DIRECTION('',(1.,0.));
#16457 = ( GEOMETRIC_REPRESENTATION_CONTEXT(2) 
PARAMETRIC_REPRESENTATION_CONTEXT() REPRESENTATION_CONTEXT('2D SPACE',''
  ) );
#16458 = ORIENTED_EDGE('',*,*,#14158,.T.);
#16459 = ORIENTED_EDGE('',*,*,#16460,.T.);
#16460 = EDGE_CURVE('',#14161,#15401,#16461,.T.);
#16461 = SURFACE_CURVE('',#16462,(#16466,#16473),.PCURVE_S1.);
#16462 = LINE('',#16463,#16464);
#16463 = CARTESIAN_POINT('',(-8.2,-12.47,4.));
#16464 = VECTOR('',#16465,1.);
#16465 = DIRECTION('',(0.,0.,1.));
#16466 = PCURVE('',#14176,#16467);
#16467 = DEFINITIONAL_REPRESENTATION('',(#16468),#16472);
#16468 = LINE('',#16469,#16470);
#16469 = CARTESIAN_POINT('',(0.,0.));
#16470 = VECTOR('',#16471,1.);
#16471 = DIRECTION('',(1.,0.));
#16472 = ( GEOMETRIC_REPRESENTATION_CONTEXT(2) 
PARAMETRIC_REPRESENTATION_CONTEXT() REPRESENTATION_CONTEXT('2D SPACE',''
  ) );
#16473 = PCURVE('',#14255,#16474);
#16474 = DEFINITIONAL_REPRESENTATION('',(#16475),#16479);
#16475 = LINE('',#16476,#16477);
#16476 = CARTESIAN_POINT('',(0.,0.));
#16477 = VECTOR('',#16478,1.);
#16478 = DIRECTION('',(1.,0.));
#16479 = ( GEOMETRIC_REPRESENTATION_CONTEXT(2) 
PARAMETRIC_REPRESENTATION_CONTEXT() REPRESENTATION_CONTEXT('2D SPACE',''
  ) );
#16480 = ORIENTED_EDGE('',*,*,#15398,.F.);
#16481 = ADVANCED_FACE('',(#16482),#14255,.T.);
#16482 = FACE_BOUND('',#16483,.T.);
#16483 = EDGE_LOOP('',(#16484,#16485,#16486,#16507));
#16484 = ORIENTED_EDGE('',*,*,#16460,.F.);
#16485 = ORIENTED_EDGE('',*,*,#14241,.T.);
#16486 = ORIENTED_EDGE('',*,*,#16487,.T.);
#16487 = EDGE_CURVE('',#14215,#15423,#16488,.T.);
#16488 = SURFACE_CURVE('',#16489,(#16493,#16500),.PCURVE_S1.);
#16489 = LINE('',#16490,#16491);
#16490 = CARTESIAN_POINT('',(-8.2,3.93,4.));
#16491 = VECTOR('',#16492,1.);
#16492 = DIRECTION('',(0.,0.,1.));
#16493 = PCURVE('',#14255,#16494);
#16494 = DEFINITIONAL_REPRESENTATION('',(#16495),#16499);
#16495 = LINE('',#16496,#16497);
#16496 = CARTESIAN_POINT('',(0.,-16.4));
#16497 = VECTOR('',#16498,1.);
#16498 = DIRECTION('',(1.,0.));
#16499 = ( GEOMETRIC_REPRESENTATION_CONTEXT(2) 
PARAMETRIC_REPRESENTATION_CONTEXT() REPRESENTATION_CONTEXT('2D SPACE',''
  ) );
#16500 = PCURVE('',#14230,#16501);
#16501 = DEFINITIONAL_REPRESENTATION('',(#16502),#16506);
#16502 = LINE('',#16503,#16504);
#16503 = CARTESIAN_POINT('',(0.,0.));
#16504 = VECTOR('',#16505,1.);
#16505 = DIRECTION('',(1.,0.));
#16506 = ( GEOMETRIC_REPRESENTATION_CONTEXT(2) 
PARAMETRIC_REPRESENTATION_CONTEXT() REPRESENTATION_CONTEXT('2D SPACE',''
  ) );
#16507 = ORIENTED_EDGE('',*,*,#15422,.F.);
#16508 = ADVANCED_FACE('',(#16509),#14230,.F.);
#16509 = FACE_BOUND('',#16510,.F.);
#16510 = EDGE_LOOP('',(#16511,#16532,#16533,#16534));
#16511 = ORIENTED_EDGE('',*,*,#16512,.F.);
#16512 = EDGE_CURVE('',#14188,#15445,#16513,.T.);
#16513 = SURFACE_CURVE('',#16514,(#16518,#16525),.PCURVE_S1.);
#16514 = LINE('',#16515,#16516);
#16515 = CARTESIAN_POINT('',(8.2,3.93,4.));
#16516 = VECTOR('',#16517,1.);
#16517 = DIRECTION('',(0.,0.,1.));
#16518 = PCURVE('',#14230,#16519);
#16519 = DEFINITIONAL_REPRESENTATION('',(#16520),#16524);
#16520 = LINE('',#16521,#16522);
#16521 = CARTESIAN_POINT('',(0.,16.4));
#16522 = VECTOR('',#16523,1.);
#16523 = DIRECTION('',(1.,0.));
#16524 = ( GEOMETRIC_REPRESENTATION_CONTEXT(2) 
PARAMETRIC_REPRESENTATION_CONTEXT() REPRESENTATION_CONTEXT('2D SPACE',''
  ) );
#16525 = PCURVE('',#14203,#16526);
#16526 = DEFINITIONAL_REPRESENTATION('',(#16527),#16531);
#16527 = LINE('',#16528,#16529);
#16528 = CARTESIAN_POINT('',(0.,-16.4));
#16529 = VECTOR('',#16530,1.);
#16530 = DIRECTION('',(1.,0.));
#16531 = ( GEOMETRIC_REPRESENTATION_CONTEXT(2) 
PARAMETRIC_REPRESENTATION_CONTEXT() REPRESENTATION_CONTEXT('2D SPACE',''
  ) );
#16532 = ORIENTED_EDGE('',*,*,#14214,.T.);
#16533 = ORIENTED_EDGE('',*,*,#16487,.T.);
#16534 = ORIENTED_EDGE('',*,*,#15444,.F.);
#16535 = ADVANCED_FACE('',(#16536),#14203,.F.);
#16536 = FACE_BOUND('',#16537,.F.);
#16537 = EDGE_LOOP('',(#16538,#16539,#16540,#16541));
#16538 = ORIENTED_EDGE('',*,*,#16438,.F.);
#16539 = ORIENTED_EDGE('',*,*,#14187,.T.);
#16540 = ORIENTED_EDGE('',*,*,#16512,.T.);
#16541 = ORIENTED_EDGE('',*,*,#15466,.F.);
#16542 = ADVANCED_FACE('',(#16543),#14293,.T.);
#16543 = FACE_BOUND('',#16544,.T.);
#16544 = EDGE_LOOP('',(#16545,#16566,#16567,#16588));
#16545 = ORIENTED_EDGE('',*,*,#16546,.F.);
#16546 = EDGE_CURVE('',#14276,#15496,#16547,.T.);
#16547 = SURFACE_CURVE('',#16548,(#16552,#16559),.PCURVE_S1.);
#16548 = LINE('',#16549,#16550);
#16549 = CARTESIAN_POINT('',(27.25,-12.47,4.));
#16550 = VECTOR('',#16551,1.);
#16551 = DIRECTION('',(0.,0.,1.));
#16552 = PCURVE('',#14293,#16553);
#16553 = DEFINITIONAL_REPRESENTATION('',(#16554),#16558);
#16554 = LINE('',#16555,#16556);
#16555 = CARTESIAN_POINT('',(0.,16.4));
#16556 = VECTOR('',#16557,1.);
#16557 = DIRECTION('',(1.,0.));
#16558 = ( GEOMETRIC_REPRESENTATION_CONTEXT(2) 
PARAMETRIC_REPRESENTATION_CONTEXT() REPRESENTATION_CONTEXT('2D SPACE',''
  ) );
#16559 = PCURVE('',#14320,#16560);
#16560 = DEFINITIONAL_REPRESENTATION('',(#16561),#16565);
#16561 = LINE('',#16562,#16563);
#16562 = CARTESIAN_POINT('',(0.,0.));
#16563 = VECTOR('',#16564,1.);
#16564 = DIRECTION('',(1.,0.));
#16565 = ( GEOMETRIC_REPRESENTATION_CONTEXT(2) 
PARAMETRIC_REPRESENTATION_CONTEXT() REPRESENTATION_CONTEXT('2D SPACE',''
  ) );
#16566 = ORIENTED_EDGE('',*,*,#14275,.T.);
#16567 = ORIENTED_EDGE('',*,*,#16568,.T.);
#16568 = EDGE_CURVE('',#14278,#15498,#16569,.T.);
#16569 = SURFACE_CURVE('',#16570,(#16574,#16581),.PCURVE_S1.);
#16570 = LINE('',#16571,#16572);
#16571 = CARTESIAN_POINT('',(10.85,-12.47,4.));
#16572 = VECTOR('',#16573,1.);
#16573 = DIRECTION('',(0.,0.,1.));
#16574 = PCURVE('',#14293,#16575);
#16575 = DEFINITIONAL_REPRESENTATION('',(#16576),#16580);
#16576 = LINE('',#16577,#16578);
#16577 = CARTESIAN_POINT('',(0.,0.));
#16578 = VECTOR('',#16579,1.);
#16579 = DIRECTION('',(1.,0.));
#16580 = ( GEOMETRIC_REPRESENTATION_CONTEXT(2) 
PARAMETRIC_REPRESENTATION_CONTEXT() REPRESENTATION_CONTEXT('2D SPACE',''
  ) );
#16581 = PCURVE('',#14372,#16582);
#16582 = DEFINITIONAL_REPRESENTATION('',(#16583),#16587);
#16583 = LINE('',#16584,#16585);
#16584 = CARTESIAN_POINT('',(0.,0.));
#16585 = VECTOR('',#16586,1.);
#16586 = DIRECTION('',(1.,0.));
#16587 = ( GEOMETRIC_REPRESENTATION_CONTEXT(2) 
PARAMETRIC_REPRESENTATION_CONTEXT() REPRESENTATION_CONTEXT('2D SPACE',''
  ) );
#16588 = ORIENTED_EDGE('',*,*,#15495,.F.);
#16589 = ADVANCED_FACE('',(#16590),#14372,.T.);
#16590 = FACE_BOUND('',#16591,.T.);
#16591 = EDGE_LOOP('',(#16592,#16593,#16594,#16615));
#16592 = ORIENTED_EDGE('',*,*,#16568,.F.);
#16593 = ORIENTED_EDGE('',*,*,#14358,.T.);
#16594 = ORIENTED_EDGE('',*,*,#16595,.T.);
#16595 = EDGE_CURVE('',#14332,#15520,#16596,.T.);
#16596 = SURFACE_CURVE('',#16597,(#16601,#16608),.PCURVE_S1.);
#16597 = LINE('',#16598,#16599);
#16598 = CARTESIAN_POINT('',(10.85,3.93,4.));
#16599 = VECTOR('',#16600,1.);
#16600 = DIRECTION('',(0.,0.,1.));
#16601 = PCURVE('',#14372,#16602);
#16602 = DEFINITIONAL_REPRESENTATION('',(#16603),#16607);
#16603 = LINE('',#16604,#16605);
#16604 = CARTESIAN_POINT('',(0.,-16.4));
#16605 = VECTOR('',#16606,1.);
#16606 = DIRECTION('',(1.,0.));
#16607 = ( GEOMETRIC_REPRESENTATION_CONTEXT(2) 
PARAMETRIC_REPRESENTATION_CONTEXT() REPRESENTATION_CONTEXT('2D SPACE',''
  ) );
#16608 = PCURVE('',#14347,#16609);
#16609 = DEFINITIONAL_REPRESENTATION('',(#16610),#16614);
#16610 = LINE('',#16611,#16612);
#16611 = CARTESIAN_POINT('',(0.,0.));
#16612 = VECTOR('',#16613,1.);
#16613 = DIRECTION('',(1.,0.));
#16614 = ( GEOMETRIC_REPRESENTATION_CONTEXT(2) 
PARAMETRIC_REPRESENTATION_CONTEXT() REPRESENTATION_CONTEXT('2D SPACE',''
  ) );
#16615 = ORIENTED_EDGE('',*,*,#15519,.F.);
#16616 = ADVANCED_FACE('',(#16617),#14347,.F.);
#16617 = FACE_BOUND('',#16618,.F.);
#16618 = EDGE_LOOP('',(#16619,#16640,#16641,#16642));
#16619 = ORIENTED_EDGE('',*,*,#16620,.F.);
#16620 = EDGE_CURVE('',#14305,#15542,#16621,.T.);
#16621 = SURFACE_CURVE('',#16622,(#16626,#16633),.PCURVE_S1.);
#16622 = LINE('',#16623,#16624);
#16623 = CARTESIAN_POINT('',(27.25,3.93,4.));
#16624 = VECTOR('',#16625,1.);
#16625 = DIRECTION('',(0.,0.,1.));
#16626 = PCURVE('',#14347,#16627);
#16627 = DEFINITIONAL_REPRESENTATION('',(#16628),#16632);
#16628 = LINE('',#16629,#16630);
#16629 = CARTESIAN_POINT('',(0.,16.4));
#16630 = VECTOR('',#16631,1.);
#16631 = DIRECTION('',(1.,0.));
#16632 = ( GEOMETRIC_REPRESENTATION_CONTEXT(2) 
PARAMETRIC_REPRESENTATION_CONTEXT() REPRESENTATION_CONTEXT('2D SPACE',''
  ) );
#16633 = PCURVE('',#14320,#16634);
#16634 = DEFINITIONAL_REPRESENTATION('',(#16635),#16639);
#16635 = LINE('',#16636,#16637);
#16636 = CARTESIAN_POINT('',(0.,-16.4));
#16637 = VECTOR('',#16638,1.);
#16638 = DIRECTION('',(1.,0.));
#16639 = ( GEOMETRIC_REPRESENTATION_CONTEXT(2) 
PARAMETRIC_REPRESENTATION_CONTEXT() REPRESENTATION_CONTEXT('2D SPACE',''
  ) );
#16640 = ORIENTED_EDGE('',*,*,#14331,.T.);
#16641 = ORIENTED_EDGE('',*,*,#16595,.T.);
#16642 = ORIENTED_EDGE('',*,*,#15541,.F.);
#16643 = ADVANCED_FACE('',(#16644),#14320,.F.);
#16644 = FACE_BOUND('',#16645,.F.);
#16645 = EDGE_LOOP('',(#16646,#16647,#16648,#16649));
#16646 = ORIENTED_EDGE('',*,*,#16546,.F.);
#16647 = ORIENTED_EDGE('',*,*,#14304,.T.);
#16648 = ORIENTED_EDGE('',*,*,#16620,.T.);
#16649 = ORIENTED_EDGE('',*,*,#15563,.F.);
#16650 = ADVANCED_FACE('',(#16651),#14431,.T.);
#16651 = FACE_BOUND('',#16652,.T.);
#16652 = EDGE_LOOP('',(#16653,#16674,#16675,#16696));
#16653 = ORIENTED_EDGE('',*,*,#16654,.F.);
#16654 = EDGE_CURVE('',#14414,#15593,#16655,.T.);
#16655 = SURFACE_CURVE('',#16656,(#16660,#16667),.PCURVE_S1.);
#16656 = LINE('',#16657,#16658);
#16657 = CARTESIAN_POINT('',(-10.85,6.58,4.));
#16658 = VECTOR('',#16659,1.);
#16659 = DIRECTION('',(0.,0.,1.));
#16660 = PCURVE('',#14431,#16661);
#16661 = DEFINITIONAL_REPRESENTATION('',(#16662),#16666);
#16662 = LINE('',#16663,#16664);
#16663 = CARTESIAN_POINT('',(0.,16.4));
#16664 = VECTOR('',#16665,1.);
#16665 = DIRECTION('',(1.,0.));
#16666 = ( GEOMETRIC_REPRESENTATION_CONTEXT(2) 
PARAMETRIC_REPRESENTATION_CONTEXT() REPRESENTATION_CONTEXT('2D SPACE',''
  ) );
#16667 = PCURVE('',#14458,#16668);
#16668 = DEFINITIONAL_REPRESENTATION('',(#16669),#16673);
#16669 = LINE('',#16670,#16671);
#16670 = CARTESIAN_POINT('',(0.,0.));
#16671 = VECTOR('',#16672,1.);
#16672 = DIRECTION('',(1.,0.));
#16673 = ( GEOMETRIC_REPRESENTATION_CONTEXT(2) 
PARAMETRIC_REPRESENTATION_CONTEXT() REPRESENTATION_CONTEXT('2D SPACE',''
  ) );
#16674 = ORIENTED_EDGE('',*,*,#14413,.T.);
#16675 = ORIENTED_EDGE('',*,*,#16676,.T.);
#16676 = EDGE_CURVE('',#14416,#15595,#16677,.T.);
#16677 = SURFACE_CURVE('',#16678,(#16682,#16689),.PCURVE_S1.);
#16678 = LINE('',#16679,#16680);
#16679 = CARTESIAN_POINT('',(-27.25,6.58,4.));
#16680 = VECTOR('',#16681,1.);
#16681 = DIRECTION('',(0.,0.,1.));
#16682 = PCURVE('',#14431,#16683);
#16683 = DEFINITIONAL_REPRESENTATION('',(#16684),#16688);
#16684 = LINE('',#16685,#16686);
#16685 = CARTESIAN_POINT('',(0.,0.));
#16686 = VECTOR('',#16687,1.);
#16687 = DIRECTION('',(1.,0.));
#16688 = ( GEOMETRIC_REPRESENTATION_CONTEXT(2) 
PARAMETRIC_REPRESENTATION_CONTEXT() REPRESENTATION_CONTEXT('2D SPACE',''
  ) );
#16689 = PCURVE('',#14510,#16690);
#16690 = DEFINITIONAL_REPRESENTATION('',(#16691),#16695);
#16691 = LINE('',#16692,#16693);
#16692 = CARTESIAN_POINT('',(0.,0.));
#16693 = VECTOR('',#16694,1.);
#16694 = DIRECTION('',(1.,0.));
#16695 = ( GEOMETRIC_REPRESENTATION_CONTEXT(2) 
PARAMETRIC_REPRESENTATION_CONTEXT() REPRESENTATION_CONTEXT('2D SPACE',''
  ) );
#16696 = ORIENTED_EDGE('',*,*,#15592,.F.);
#16697 = ADVANCED_FACE('',(#16698),#14510,.T.);
#16698 = FACE_BOUND('',#16699,.T.);
#16699 = EDGE_LOOP('',(#16700,#16701,#16702,#16723));
#16700 = ORIENTED_EDGE('',*,*,#16676,.F.);
#16701 = ORIENTED_EDGE('',*,*,#14496,.T.);
#16702 = ORIENTED_EDGE('',*,*,#16703,.T.);
#16703 = EDGE_CURVE('',#14470,#15617,#16704,.T.);
#16704 = SURFACE_CURVE('',#16705,(#16709,#16716),.PCURVE_S1.);
#16705 = LINE('',#16706,#16707);
#16706 = CARTESIAN_POINT('',(-27.25,22.98,4.));
#16707 = VECTOR('',#16708,1.);
#16708 = DIRECTION('',(0.,0.,1.));
#16709 = PCURVE('',#14510,#16710);
#16710 = DEFINITIONAL_REPRESENTATION('',(#16711),#16715);
#16711 = LINE('',#16712,#16713);
#16712 = CARTESIAN_POINT('',(0.,-16.4));
#16713 = VECTOR('',#16714,1.);
#16714 = DIRECTION('',(1.,0.));
#16715 = ( GEOMETRIC_REPRESENTATION_CONTEXT(2) 
PARAMETRIC_REPRESENTATION_CONTEXT() REPRESENTATION_CONTEXT('2D SPACE',''
  ) );
#16716 = PCURVE('',#14485,#16717);
#16717 = DEFINITIONAL_REPRESENTATION('',(#16718),#16722);
#16718 = LINE('',#16719,#16720);
#16719 = CARTESIAN_POINT('',(0.,0.));
#16720 = VECTOR('',#16721,1.);
#16721 = DIRECTION('',(1.,0.));
#16722 = ( GEOMETRIC_REPRESENTATION_CONTEXT(2) 
PARAMETRIC_REPRESENTATION_CONTEXT() REPRESENTATION_CONTEXT('2D SPACE',''
  ) );
#16723 = ORIENTED_EDGE('',*,*,#15616,.F.);
#16724 = ADVANCED_FACE('',(#16725),#14485,.F.);
#16725 = FACE_BOUND('',#16726,.F.);
#16726 = EDGE_LOOP('',(#16727,#16748,#16749,#16750));
#16727 = ORIENTED_EDGE('',*,*,#16728,.F.);
#16728 = EDGE_CURVE('',#14443,#15639,#16729,.T.);
#16729 = SURFACE_CURVE('',#16730,(#16734,#16741),.PCURVE_S1.);
#16730 = LINE('',#16731,#16732);
#16731 = CARTESIAN_POINT('',(-10.85,22.98,4.));
#16732 = VECTOR('',#16733,1.);
#16733 = DIRECTION('',(0.,0.,1.));
#16734 = PCURVE('',#14485,#16735);
#16735 = DEFINITIONAL_REPRESENTATION('',(#16736),#16740);
#16736 = LINE('',#16737,#16738);
#16737 = CARTESIAN_POINT('',(0.,16.4));
#16738 = VECTOR('',#16739,1.);
#16739 = DIRECTION('',(1.,0.));
#16740 = ( GEOMETRIC_REPRESENTATION_CONTEXT(2) 
PARAMETRIC_REPRESENTATION_CONTEXT() REPRESENTATION_CONTEXT('2D SPACE',''
  ) );
#16741 = PCURVE('',#14458,#16742);
#16742 = DEFINITIONAL_REPRESENTATION('',(#16743),#16747);
#16743 = LINE('',#16744,#16745);
#16744 = CARTESIAN_POINT('',(0.,-16.4));
#16745 = VECTOR('',#16746,1.);
#16746 = DIRECTION('',(1.,0.));
#16747 = ( GEOMETRIC_REPRESENTATION_CONTEXT(2) 
PARAMETRIC_REPRESENTATION_CONTEXT() REPRESENTATION_CONTEXT('2D SPACE',''
  ) );
#16748 = ORIENTED_EDGE('',*,*,#14469,.T.);
#16749 = ORIENTED_EDGE('',*,*,#16703,.T.);
#16750 = ORIENTED_EDGE('',*,*,#15638,.F.);
#16751 = ADVANCED_FACE('',(#16752),#14458,.F.);
#16752 = FACE_BOUND('',#16753,.F.);
#16753 = EDGE_LOOP('',(#16754,#16755,#16756,#16757));
#16754 = ORIENTED_EDGE('',*,*,#16654,.F.);
#16755 = ORIENTED_EDGE('',*,*,#14442,.T.);
#16756 = ORIENTED_EDGE('',*,*,#16728,.T.);
#16757 = ORIENTED_EDGE('',*,*,#15660,.F.);
#16758 = ADVANCED_FACE('',(#16759),#14547,.F.);
#16759 = FACE_BOUND('',#16760,.T.);
#16760 = EDGE_LOOP('',(#16761,#16782,#16783,#16784));
#16761 = ORIENTED_EDGE('',*,*,#16762,.F.);
#16762 = EDGE_CURVE('',#14531,#15687,#16763,.T.);
#16763 = SEAM_CURVE('',#16764,(#16768,#16775),.PCURVE_S1.);
#16764 = LINE('',#16765,#16766);
#16765 = CARTESIAN_POINT('',(-28.175,29.2,4.6));
#16766 = VECTOR('',#16767,1.);
#16767 = DIRECTION('',(0.,0.,1.));
#16768 = PCURVE('',#14547,#16769);
#16769 = DEFINITIONAL_REPRESENTATION('',(#16770),#16774);
#16770 = LINE('',#16771,#16772);
#16771 = CARTESIAN_POINT('',(-6.28318530718,0.));
#16772 = VECTOR('',#16773,1.);
#16773 = DIRECTION('',(-0.,-1.));
#16774 = ( GEOMETRIC_REPRESENTATION_CONTEXT(2) 
PARAMETRIC_REPRESENTATION_CONTEXT() REPRESENTATION_CONTEXT('2D SPACE',''
  ) );
#16775 = PCURVE('',#14547,#16776);
#16776 = DEFINITIONAL_REPRESENTATION('',(#16777),#16781);
#16777 = LINE('',#16778,#16779);
#16778 = CARTESIAN_POINT('',(-0.,0.));
#16779 = VECTOR('',#16780,1.);
#16780 = DIRECTION('',(-0.,-1.));
#16781 = ( GEOMETRIC_REPRESENTATION_CONTEXT(2) 
PARAMETRIC_REPRESENTATION_CONTEXT() REPRESENTATION_CONTEXT('2D SPACE',''
  ) );
#16782 = ORIENTED_EDGE('',*,*,#14530,.F.);
#16783 = ORIENTED_EDGE('',*,*,#16762,.T.);
#16784 = ORIENTED_EDGE('',*,*,#15686,.F.);
#16785 = ADVANCED_FACE('',(#16786),#14624,.T.);
#16786 = FACE_BOUND('',#16787,.T.);
#16787 = EDGE_LOOP('',(#16788,#16809,#16810,#16831));
#16788 = ORIENTED_EDGE('',*,*,#16789,.F.);
#16789 = EDGE_CURVE('',#14607,#15724,#16790,.T.);
#16790 = SURFACE_CURVE('',#16791,(#16795,#16802),.PCURVE_S1.);
#16791 = LINE('',#16792,#16793);
#16792 = CARTESIAN_POINT('',(8.2,6.58,4.));
#16793 = VECTOR('',#16794,1.);
#16794 = DIRECTION('',(0.,0.,1.));
#16795 = PCURVE('',#14624,#16796);
#16796 = DEFINITIONAL_REPRESENTATION('',(#16797),#16801);
#16797 = LINE('',#16798,#16799);
#16798 = CARTESIAN_POINT('',(0.,16.4));
#16799 = VECTOR('',#16800,1.);
#16800 = DIRECTION('',(1.,0.));
#16801 = ( GEOMETRIC_REPRESENTATION_CONTEXT(2) 
PARAMETRIC_REPRESENTATION_CONTEXT() REPRESENTATION_CONTEXT('2D SPACE',''
  ) );
#16802 = PCURVE('',#14651,#16803);
#16803 = DEFINITIONAL_REPRESENTATION('',(#16804),#16808);
#16804 = LINE('',#16805,#16806);
#16805 = CARTESIAN_POINT('',(0.,0.));
#16806 = VECTOR('',#16807,1.);
#16807 = DIRECTION('',(1.,0.));
#16808 = ( GEOMETRIC_REPRESENTATION_CONTEXT(2) 
PARAMETRIC_REPRESENTATION_CONTEXT() REPRESENTATION_CONTEXT('2D SPACE',''
  ) );
#16809 = ORIENTED_EDGE('',*,*,#14606,.T.);
#16810 = ORIENTED_EDGE('',*,*,#16811,.T.);
#16811 = EDGE_CURVE('',#14609,#15726,#16812,.T.);
#16812 = SURFACE_CURVE('',#16813,(#16817,#16824),.PCURVE_S1.);
#16813 = LINE('',#16814,#16815);
#16814 = CARTESIAN_POINT('',(-8.2,6.58,4.));
#16815 = VECTOR('',#16816,1.);
#16816 = DIRECTION('',(0.,0.,1.));
#16817 = PCURVE('',#14624,#16818);
#16818 = DEFINITIONAL_REPRESENTATION('',(#16819),#16823);
#16819 = LINE('',#16820,#16821);
#16820 = CARTESIAN_POINT('',(0.,0.));
#16821 = VECTOR('',#16822,1.);
#16822 = DIRECTION('',(1.,0.));
#16823 = ( GEOMETRIC_REPRESENTATION_CONTEXT(2) 
PARAMETRIC_REPRESENTATION_CONTEXT() REPRESENTATION_CONTEXT('2D SPACE',''
  ) );
#16824 = PCURVE('',#14703,#16825);
#16825 = DEFINITIONAL_REPRESENTATION('',(#16826),#16830);
#16826 = LINE('',#16827,#16828);
#16827 = CARTESIAN_POINT('',(0.,0.));
#16828 = VECTOR('',#16829,1.);
#16829 = DIRECTION('',(1.,0.));
#16830 = ( GEOMETRIC_REPRESENTATION_CONTEXT(2) 
PARAMETRIC_REPRESENTATION_CONTEXT() REPRESENTATION_CONTEXT('2D SPACE',''
  ) );
#16831 = ORIENTED_EDGE('',*,*,#15723,.F.);
#16832 = ADVANCED_FACE('',(#16833),#14703,.T.);
#16833 = FACE_BOUND('',#16834,.T.);
#16834 = EDGE_LOOP('',(#16835,#16836,#16837,#16858));
#16835 = ORIENTED_EDGE('',*,*,#16811,.F.);
#16836 = ORIENTED_EDGE('',*,*,#14689,.T.);
#16837 = ORIENTED_EDGE('',*,*,#16838,.T.);
#16838 = EDGE_CURVE('',#14663,#15748,#16839,.T.);
#16839 = SURFACE_CURVE('',#16840,(#16844,#16851),.PCURVE_S1.);
#16840 = LINE('',#16841,#16842);
#16841 = CARTESIAN_POINT('',(-8.2,22.98,4.));
#16842 = VECTOR('',#16843,1.);
#16843 = DIRECTION('',(0.,0.,1.));
#16844 = PCURVE('',#14703,#16845);
#16845 = DEFINITIONAL_REPRESENTATION('',(#16846),#16850);
#16846 = LINE('',#16847,#16848);
#16847 = CARTESIAN_POINT('',(0.,-16.4));
#16848 = VECTOR('',#16849,1.);
#16849 = DIRECTION('',(1.,0.));
#16850 = ( GEOMETRIC_REPRESENTATION_CONTEXT(2) 
PARAMETRIC_REPRESENTATION_CONTEXT() REPRESENTATION_CONTEXT('2D SPACE',''
  ) );
#16851 = PCURVE('',#14678,#16852);
#16852 = DEFINITIONAL_REPRESENTATION('',(#16853),#16857);
#16853 = LINE('',#16854,#16855);
#16854 = CARTESIAN_POINT('',(0.,0.));
#16855 = VECTOR('',#16856,1.);
#16856 = DIRECTION('',(1.,0.));
#16857 = ( GEOMETRIC_REPRESENTATION_CONTEXT(2) 
PARAMETRIC_REPRESENTATION_CONTEXT() REPRESENTATION_CONTEXT('2D SPACE',''
  ) );
#16858 = ORIENTED_EDGE('',*,*,#15747,.F.);
#16859 = ADVANCED_FACE('',(#16860),#14678,.F.);
#16860 = FACE_BOUND('',#16861,.F.);
#16861 = EDGE_LOOP('',(#16862,#16883,#16884,#16885));
#16862 = ORIENTED_EDGE('',*,*,#16863,.F.);
#16863 = EDGE_CURVE('',#14636,#15770,#16864,.T.);
#16864 = SURFACE_CURVE('',#16865,(#16869,#16876),.PCURVE_S1.);
#16865 = LINE('',#16866,#16867);
#16866 = CARTESIAN_POINT('',(8.2,22.98,4.));
#16867 = VECTOR('',#16868,1.);
#16868 = DIRECTION('',(0.,0.,1.));
#16869 = PCURVE('',#14678,#16870);
#16870 = DEFINITIONAL_REPRESENTATION('',(#16871),#16875);
#16871 = LINE('',#16872,#16873);
#16872 = CARTESIAN_POINT('',(0.,16.4));
#16873 = VECTOR('',#16874,1.);
#16874 = DIRECTION('',(1.,0.));
#16875 = ( GEOMETRIC_REPRESENTATION_CONTEXT(2) 
PARAMETRIC_REPRESENTATION_CONTEXT() REPRESENTATION_CONTEXT('2D SPACE',''
  ) );
#16876 = PCURVE('',#14651,#16877);
#16877 = DEFINITIONAL_REPRESENTATION('',(#16878),#16882);
#16878 = LINE('',#16879,#16880);
#16879 = CARTESIAN_POINT('',(0.,-16.4));
#16880 = VECTOR('',#16881,1.);
#16881 = DIRECTION('',(1.,0.));
#16882 = ( GEOMETRIC_REPRESENTATION_CONTEXT(2) 
PARAMETRIC_REPRESENTATION_CONTEXT() REPRESENTATION_CONTEXT('2D SPACE',''
  ) );
#16883 = ORIENTED_EDGE('',*,*,#14662,.T.);
#16884 = ORIENTED_EDGE('',*,*,#16838,.T.);
#16885 = ORIENTED_EDGE('',*,*,#15769,.F.);
#16886 = ADVANCED_FACE('',(#16887),#14651,.F.);
#16887 = FACE_BOUND('',#16888,.F.);
#16888 = EDGE_LOOP('',(#16889,#16890,#16891,#16892));
#16889 = ORIENTED_EDGE('',*,*,#16789,.F.);
#16890 = ORIENTED_EDGE('',*,*,#14635,.T.);
#16891 = ORIENTED_EDGE('',*,*,#16863,.T.);
#16892 = ORIENTED_EDGE('',*,*,#15791,.F.);
#16893 = ADVANCED_FACE('',(#16894),#14741,.T.);
#16894 = FACE_BOUND('',#16895,.T.);
#16895 = EDGE_LOOP('',(#16896,#16917,#16918,#16939));
#16896 = ORIENTED_EDGE('',*,*,#16897,.F.);
#16897 = EDGE_CURVE('',#14724,#15821,#16898,.T.);
#16898 = SURFACE_CURVE('',#16899,(#16903,#16910),.PCURVE_S1.);
#16899 = LINE('',#16900,#16901);
#16900 = CARTESIAN_POINT('',(27.25,6.58,4.));
#16901 = VECTOR('',#16902,1.);
#16902 = DIRECTION('',(0.,0.,1.));
#16903 = PCURVE('',#14741,#16904);
#16904 = DEFINITIONAL_REPRESENTATION('',(#16905),#16909);
#16905 = LINE('',#16906,#16907);
#16906 = CARTESIAN_POINT('',(0.,16.4));
#16907 = VECTOR('',#16908,1.);
#16908 = DIRECTION('',(1.,0.));
#16909 = ( GEOMETRIC_REPRESENTATION_CONTEXT(2) 
PARAMETRIC_REPRESENTATION_CONTEXT() REPRESENTATION_CONTEXT('2D SPACE',''
  ) );
#16910 = PCURVE('',#14768,#16911);
#16911 = DEFINITIONAL_REPRESENTATION('',(#16912),#16916);
#16912 = LINE('',#16913,#16914);
#16913 = CARTESIAN_POINT('',(0.,0.));
#16914 = VECTOR('',#16915,1.);
#16915 = DIRECTION('',(1.,0.));
#16916 = ( GEOMETRIC_REPRESENTATION_CONTEXT(2) 
PARAMETRIC_REPRESENTATION_CONTEXT() REPRESENTATION_CONTEXT('2D SPACE',''
  ) );
#16917 = ORIENTED_EDGE('',*,*,#14723,.T.);
#16918 = ORIENTED_EDGE('',*,*,#16919,.T.);
#16919 = EDGE_CURVE('',#14726,#15823,#16920,.T.);
#16920 = SURFACE_CURVE('',#16921,(#16925,#16932),.PCURVE_S1.);
#16921 = LINE('',#16922,#16923);
#16922 = CARTESIAN_POINT('',(10.85,6.58,4.));
#16923 = VECTOR('',#16924,1.);
#16924 = DIRECTION('',(0.,0.,1.));
#16925 = PCURVE('',#14741,#16926);
#16926 = DEFINITIONAL_REPRESENTATION('',(#16927),#16931);
#16927 = LINE('',#16928,#16929);
#16928 = CARTESIAN_POINT('',(0.,0.));
#16929 = VECTOR('',#16930,1.);
#16930 = DIRECTION('',(1.,0.));
#16931 = ( GEOMETRIC_REPRESENTATION_CONTEXT(2) 
PARAMETRIC_REPRESENTATION_CONTEXT() REPRESENTATION_CONTEXT('2D SPACE',''
  ) );
#16932 = PCURVE('',#14820,#16933);
#16933 = DEFINITIONAL_REPRESENTATION('',(#16934),#16938);
#16934 = LINE('',#16935,#16936);
#16935 = CARTESIAN_POINT('',(0.,0.));
#16936 = VECTOR('',#16937,1.);
#16937 = DIRECTION('',(1.,0.));
#16938 = ( GEOMETRIC_REPRESENTATION_CONTEXT(2) 
PARAMETRIC_REPRESENTATION_CONTEXT() REPRESENTATION_CONTEXT('2D SPACE',''
  ) );
#16939 = ORIENTED_EDGE('',*,*,#15820,.F.);
#16940 = ADVANCED_FACE('',(#16941),#14820,.T.);
#16941 = FACE_BOUND('',#16942,.T.);
#16942 = EDGE_LOOP('',(#16943,#16944,#16945,#16966));
#16943 = ORIENTED_EDGE('',*,*,#16919,.F.);
#16944 = ORIENTED_EDGE('',*,*,#14806,.T.);
#16945 = ORIENTED_EDGE('',*,*,#16946,.T.);
#16946 = EDGE_CURVE('',#14780,#15845,#16947,.T.);
#16947 = SURFACE_CURVE('',#16948,(#16952,#16959),.PCURVE_S1.);
#16948 = LINE('',#16949,#16950);
#16949 = CARTESIAN_POINT('',(10.85,22.98,4.));
#16950 = VECTOR('',#16951,1.);
#16951 = DIRECTION('',(0.,0.,1.));
#16952 = PCURVE('',#14820,#16953);
#16953 = DEFINITIONAL_REPRESENTATION('',(#16954),#16958);
#16954 = LINE('',#16955,#16956);
#16955 = CARTESIAN_POINT('',(0.,-16.4));
#16956 = VECTOR('',#16957,1.);
#16957 = DIRECTION('',(1.,0.));
#16958 = ( GEOMETRIC_REPRESENTATION_CONTEXT(2) 
PARAMETRIC_REPRESENTATION_CONTEXT() REPRESENTATION_CONTEXT('2D SPACE',''
  ) );
#16959 = PCURVE('',#14795,#16960);
#16960 = DEFINITIONAL_REPRESENTATION('',(#16961),#16965);
#16961 = LINE('',#16962,#16963);
#16962 = CARTESIAN_POINT('',(0.,0.));
#16963 = VECTOR('',#16964,1.);
#16964 = DIRECTION('',(1.,0.));
#16965 = ( GEOMETRIC_REPRESENTATION_CONTEXT(2) 
PARAMETRIC_REPRESENTATION_CONTEXT() REPRESENTATION_CONTEXT('2D SPACE',''
  ) );
#16966 = ORIENTED_EDGE('',*,*,#15844,.F.);
#16967 = ADVANCED_FACE('',(#16968),#14795,.F.);
#16968 = FACE_BOUND('',#16969,.F.);
#16969 = EDGE_LOOP('',(#16970,#16991,#16992,#16993));
#16970 = ORIENTED_EDGE('',*,*,#16971,.F.);
#16971 = EDGE_CURVE('',#14753,#15867,#16972,.T.);
#16972 = SURFACE_CURVE('',#16973,(#16977,#16984),.PCURVE_S1.);
#16973 = LINE('',#16974,#16975);
#16974 = CARTESIAN_POINT('',(27.25,22.98,4.));
#16975 = VECTOR('',#16976,1.);
#16976 = DIRECTION('',(0.,0.,1.));
#16977 = PCURVE('',#14795,#16978);
#16978 = DEFINITIONAL_REPRESENTATION('',(#16979),#16983);
#16979 = LINE('',#16980,#16981);
#16980 = CARTESIAN_POINT('',(0.,16.4));
#16981 = VECTOR('',#16982,1.);
#16982 = DIRECTION('',(1.,0.));
#16983 = ( GEOMETRIC_REPRESENTATION_CONTEXT(2) 
PARAMETRIC_REPRESENTATION_CONTEXT() REPRESENTATION_CONTEXT('2D SPACE',''
  ) );
#16984 = PCURVE('',#14768,#16985);
#16985 = DEFINITIONAL_REPRESENTATION('',(#16986),#16990);
#16986 = LINE('',#16987,#16988);
#16987 = CARTESIAN_POINT('',(0.,-16.4));
#16988 = VECTOR('',#16989,1.);
#16989 = DIRECTION('',(1.,0.));
#16990 = ( GEOMETRIC_REPRESENTATION_CONTEXT(2) 
PARAMETRIC_REPRESENTATION_CONTEXT() REPRESENTATION_CONTEXT('2D SPACE',''
  ) );
#16991 = ORIENTED_EDGE('',*,*,#14779,.T.);
#16992 = ORIENTED_EDGE('',*,*,#16946,.T.);
#16993 = ORIENTED_EDGE('',*,*,#15866,.F.);
#16994 = ADVANCED_FACE('',(#16995),#14768,.F.);
#16995 = FACE_BOUND('',#16996,.F.);
#16996 = EDGE_LOOP('',(#16997,#16998,#16999,#17000));
#16997 = ORIENTED_EDGE('',*,*,#16897,.F.);
#16998 = ORIENTED_EDGE('',*,*,#14752,.T.);
#16999 = ORIENTED_EDGE('',*,*,#16971,.T.);
#17000 = ORIENTED_EDGE('',*,*,#15888,.F.);
#17001 = ( GEOMETRIC_REPRESENTATION_CONTEXT(3) 
GLOBAL_UNCERTAINTY_ASSIGNED_CONTEXT((#17005)) 
GLOBAL_UNIT_ASSIGNED_CONTEXT((#17002,#17003,#17004)) 
REPRESENTATION_CONTEXT('Context #1',
  '3D Context with UNIT and UNCERTAINTY') );
#17002 = ( LENGTH_UNIT() NAMED_UNIT(*) SI_UNIT(.MILLI.,.METRE.) );
#17003 = ( NAMED_UNIT(*) PLANE_ANGLE_UNIT() SI_UNIT($,.RADIAN.) );
#17004 = ( NAMED_UNIT(*) SI_UNIT($,.STERADIAN.) SOLID_ANGLE_UNIT() );
#17005 = UNCERTAINTY_MEASURE_WITH_UNIT(LENGTH_MEASURE(1.E-07),#17002,
  'distance_accuracy_value','confusion accuracy');
#17006 = PRODUCT_RELATED_PRODUCT_CATEGORY('part',$,(#7));
ENDSEC;
END-ISO-10303-21;
